{"meta": {"number_of_robots": 720, "description": {"parameters": {"seed": 8228, "shape": [50, 50], "obstacles": {"n": 10, "mean": 10, "std": 5.0}, "clusters": {"n": 5, "mean": 20, "std": 10.0, "relative_radius": 2, "increase_factor": 1.3, "start_dist": {"generator_name": "Image", "shape": [50, 50], "min": 8.0, "max": 159.0, "mean": 75.6376, "std": 32.595040516004886, "dtype": "uint64", "parameters": {"image": "algae.png", "transformer": {"name": "ColorChannelSelector", "channel": "s", "inverted": false}}}, "target_dist": {"generator_name": "Image", "shape": [50, 50], "min": 96.0, "max": 247.0, "mean": 179.3624, "std": 32.595040516004886, "dtype": "uint64", "parameters": {"image": "algae.png", "transformer": {"name": "ColorChannelSelector", "channel": "s", "inverted": true}}}}, "density": 0.4, "start_dist": {"generator_name": "Image", "shape": [50, 50], "min": 8.0, "max": 159.0, "mean": 75.6376, "std": 32.595040516004886, "dtype": "uint64", "parameters": {"image": "algae.png", "transformer": {"name": "ColorChannelSelector", "channel": "s", "inverted": false}}}, "target_dist": {"generator_name": "Image", "shape": [50, 50], "min": 96.0, "max": 247.0, "mean": 179.3624, "std": 32.595040516004886, "dtype": "uint64", "parameters": {"image": "algae.png", "transformer": {"name": "ColorChannelSelector", "channel": "s", "inverted": true}}}}, "stats": {"date": "2020-11-17", "free_area": 1800.0, "number_of_clustered_robots": 118, "number_of_robots": 720}}}, "name": "algae_00002_50x50_40_720", "obstacles": [[1, 12], [1, 13], [1, 14], [1, 15], [1, 16], [1, 17], [1, 18], [1, 19], [1, 20], [1, 21], [1, 22], [2, 7], [2, 8], [2, 9], [2, 10], [2, 11], [2, 22], [3, 7], [3, 22], [4, 7], [4, 22], [5, 7], [5, 21], [6, 7], [6, 21], [7, 7], [7, 21], [8, 7], [8, 21], [9, 7], [9, 21], [10, 7], [10, 21], [11, 7], [11, 8], [11, 11], [11, 12], [11, 13], [11, 22], [11, 23], [12, 9], [12, 10], [12, 14], [12, 23], [13, 9], [13, 10], [13, 14], [13, 23], [14, 9], [14, 10], [14, 14], [14, 23], [15, 9], [15, 10], [15, 14], [15, 23], [16, 9], [16, 10], [16, 14], [16, 23], [17, 9], [17, 10], [17, 14], [17, 23], [18, 9], [18, 10], [18, 14], [18, 23], [19, 9], [19, 10], [19, 14], [19, 23], [20, 9], [20, 10], [20, 14], [20, 23], [21, 9], [21, 10], [21, 14], [21, 23], [21, 33], [21, 34], [21, 35], [21, 36], [21, 37], [21, 38], [21, 39], [21, 40], [21, 41], [21, 42], [21, 43], [22, 9], [22, 10], [22, 14], [22, 15], [22, 16], [22, 22], [22, 23], [22, 33], [22, 43], [23, 9], [23, 10], [23, 17], [23, 21], [23, 33], [23, 43], [24, 17], [24, 21], [24, 33], [24, 43], [25, 17], [25, 21], [25, 33], [25, 43], [26, 17], [26, 21], [26, 26], [26, 27], [26, 28], [26, 29], [26, 30], [26, 31], [26, 32], [26, 43], [27, 17], [27, 18], [27, 19], [27, 20], [27, 21], [27, 33], [27, 43], [28, 33], [28, 44], [29, 33], [29, 44], [30, 34], [30, 44], [31, 34], [31, 44], [32, 34], [32, 44], [33, 33], [33, 45], [34, 21], [34, 22], [34, 23], [34, 24], [34, 25], [34, 26], [34, 27], [34, 28], [34, 29], [34, 30], [34, 31], [34, 33], [34, 45], [35, 21], [35, 31], [35, 33], [35, 45], [36, 21], [36, 31], [36, 33], [36, 45], [37, 21], [37, 31], [37, 33], [37, 45], [38, 21], [38, 31], [38, 33], [38, 45], [39, 21], [39, 31], [39, 33], [39, 34], [39, 35], [39, 36], [39, 37], [39, 38], [39, 39], [39, 40], [39, 41], [39, 42], [39, 43], [39, 44], [39, 45], [40, 21], [40, 31], [41, 21], [41, 31], [42, 21], [42, 31], [43, 21], [43, 31], [44, 21], [44, 31], [45, 21], [45, 31], [46, 21], [46, 22], [46, 23], [46, 24], [46, 25], [46, 26], [46, 27], [46, 28], [46, 29], [46, 30], [46, 31]], "starts": [[7, 3], [4, 29], [34, 5], [22, 3], [49, 18], [29, 6], [5, 26], [20, 3], [2, 6], [33, 5], [2, 29], [27, 4], [26, 4], [0, 6], [27, 5], [0, 25], [26, 1], [28, 1], [1, 5], [7, 22], [33, 0], [21, 1], [22, 1], [3, 1], [7, 25], [24, 3], [46, 18], [30, 5], [4, 28], [7, 5], [22, 4], [26, 2], [30, 4], [3, 25], [1, 3], [19, 2], [22, 5], [2, 24], [29, 0], [7, 1], [25, 3], [5, 25], [31, 1], [21, 5], [23, 5], [6, 3], [2, 26], [20, 2], [18, 4], [46, 19], [1, 23], [7, 6], [34, 7], [20, 4], [23, 3], [8, 29], [5, 0], [24, 4], [22, 2], [1, 24], [32, 0], [0, 5], [27, 6], [0, 22], [16, 4], [32, 6], [2, 5], [1, 25], [18, 5], [27, 2], [25, 7], [7, 2], [7, 23], [20, 5], [46, 17], [30, 2], [3, 26], [0, 3], [23, 4], [34, 6], [5, 23], [30, 1], [21, 2], [3, 3], [34, 3], [4, 25], [24, 2], [25, 2], [4, 4], [3, 27], [31, 6], [19, 3], [25, 1], [5, 5], [4, 23], [24, 1], [21, 4], [47, 23], [3, 29], [6, 2], [32, 3], [19, 4], [28, 4], [5, 27], [6, 6], [26, 5], [17, 4], [0, 17], [27, 7], [3, 6], [17, 5], [27, 0], [6, 23], [28, 3], [5, 4], [21, 3], [8, 24], [27, 1], [1, 41], [41, 15], [37, 6], [13, 8], [45, 7], [41, 48], [43, 19], [20, 1], [30, 46], [40, 12], [42, 4], [11, 34], [11, 48], [48, 14], [3, 33], [15, 4], [31, 4], [31, 28], [4, 39], [37, 32], [42, 17], [13, 35], [29, 30], [14, 4], [47, 0], [30, 12], [25, 29], [21, 44], [1, 34], [49, 38], [12, 47], [27, 9], [7, 31], [18, 49], [33, 26], [17, 3], [26, 8], [19, 25], [48, 12], [1, 26], [11, 4], [4, 30], [20, 47], [42, 15], [28, 7], [20, 8], [28, 16], [19, 34], [30, 21], [34, 12], [37, 47], [14, 31], [3, 40], [20, 33], [49, 34], [8, 23], [9, 30], [21, 48], [44, 35], [1, 40], [0, 20], [2, 3], [27, 12], [1, 47], [35, 14], [17, 28], [37, 3], [39, 13], [8, 38], [29, 3], [17, 30], [18, 7], [44, 46], [19, 37], [32, 47], [14, 34], [24, 10], [36, 32], [19, 27], [30, 24], [8, 46], [0, 14], [31, 31], [7, 43], [22, 46], [8, 31], [8, 0], [16, 33], [5, 28], [28, 9], [48, 44], [15, 5], [7, 30], [27, 44], [46, 33], [4, 1], [21, 11], [2, 47], [9, 1], [17, 13], [12, 41], [1, 48], [49, 0], [20, 31], [4, 38], [8, 36], [34, 14], [36, 6], [14, 42], [41, 17], [24, 27], [14, 39], [0, 44], [42, 40], [27, 28], [33, 22], [28, 18], [37, 13], [0, 39], [7, 38], [47, 37], [1, 39], [11, 39], [17, 12], [0, 26], [44, 7], [47, 33], [23, 26], [48, 23], [31, 23], [35, 9], [42, 0], [32, 21], [26, 23], [39, 9], [38, 10], [32, 24], [47, 47], [23, 46], [49, 16], [23, 2], [39, 0], [20, 39], [48, 32], [21, 49], [43, 12], [26, 44], [11, 1], [20, 27], [18, 27], [48, 43], [27, 45], [34, 49], [9, 24], [40, 43], [46, 38], [19, 43], [21, 25], [16, 30], [19, 13], [34, 1], [18, 36], [6, 28], [2, 23], [49, 37], [49, 24], [43, 20], [32, 48], [44, 12], [43, 46], [41, 6], [33, 27], [39, 11], [19, 11], [42, 37], [7, 4], [15, 46], [11, 2], [43, 7], [11, 32], [39, 48], [36, 47], [44, 16], [23, 22], [0, 4], [14, 28], [26, 3], [45, 34], [42, 38], [27, 14], [46, 43], [6, 43], [1, 8], [32, 7], [2, 38], [48, 39], [27, 13], [41, 34], [17, 33], [36, 9], [8, 30], [5, 32], [2, 43], [5, 2], [31, 49], [16, 38], [16, 39], [11, 38], [48, 7], [22, 31], [4, 47], [19, 29], [48, 31], [12, 3], [35, 6], [16, 40], [27, 23], [30, 48], [29, 28], [15, 32], [29, 45], [12, 40], [42, 19], [4, 24], [8, 48], [44, 19], [43, 13], [13, 28], [29, 32], [37, 1], [25, 13], [6, 38], [17, 39], [20, 25], [8, 39], [47, 19], [39, 16], [11, 27], [47, 49], [32, 33], [1, 7], [7, 36], [5, 38], [47, 2], [28, 22], [16, 2], [8, 40], [45, 37], [26, 49], [48, 33], [49, 30], [49, 42], [0, 33], [47, 22], [3, 31], [4, 48], [4, 40], [35, 4], [0, 15], [31, 13], [41, 35], [29, 8], [12, 32], [33, 8], [44, 36], [49, 36], [4, 26], [0, 30], [10, 4], [47, 29], [29, 5], [47, 27], [1, 33], [12, 28], [7, 39], [39, 15], [15, 49], [41, 13], [37, 18], [18, 40], [15, 1], [4, 33], [27, 10], [42, 14], [17, 36], [42, 11], [41, 36], [38, 6], [23, 29], [16, 47], [33, 11], [1, 46], [11, 29], [47, 28], [46, 44], [38, 3], [10, 48], [39, 3], [40, 17], [23, 8], [31, 17], [3, 30], [33, 21], [0, 7], [31, 48], [20, 37], [11, 5], [48, 1], [49, 8], [1, 28], [14, 8], [9, 41], [13, 2], [36, 48], [45, 11], [31, 46], [26, 7], [22, 32], [1, 43], [24, 16], [40, 39], [49, 3], [18, 38], [8, 37], [13, 29], [31, 3], [26, 25], [12, 0], [12, 42], [34, 10], [20, 36], [6, 37], [1, 0], [0, 19], [47, 25], [20, 11], [13, 0], [0, 2], [14, 35], [20, 26], [25, 11], [49, 5], [43, 34], [7, 37], [40, 16], [13, 39], [13, 44], [36, 5], [35, 12], [48, 38], [47, 39], [16, 7], [39, 32], [35, 11], [15, 33], [0, 18], [34, 2], [1, 4], [11, 46], [26, 45], [3, 38], [9, 23], [31, 5], [13, 1], [35, 47], [31, 7], [44, 6], [2, 27], [24, 24], [49, 31], [12, 48], [5, 24], [28, 31], [44, 49], [7, 33], [1, 49], [42, 12], [16, 0], [40, 2], [33, 25], [31, 2], [18, 48], [44, 41], [44, 3], [29, 18], [41, 43], [9, 42], [23, 7], [9, 36], [48, 45], [23, 24], [4, 37], [36, 8], [18, 29], [46, 41], [19, 45], [0, 28], [2, 44], [20, 13], [9, 2], [43, 1], [34, 18], [9, 39], [20, 24], [35, 13], [20, 49], [17, 41], [25, 9], [16, 12], [49, 12], [43, 37], [32, 18], [32, 11], [20, 48], [39, 5], [29, 9], [12, 31], [2, 2], [43, 6], [8, 4], [9, 47], [18, 31], [27, 22], [44, 34], [16, 25], [32, 20], [45, 3], [45, 2], [10, 49], [5, 46], [12, 11], [17, 35], [48, 8], [27, 3], [0, 38], [7, 29], [49, 28], [19, 30], [0, 12], [38, 8], [29, 25], [42, 7], [41, 42], [3, 44], [42, 8], [47, 46], [16, 35], [4, 27], [43, 5], [2, 39], [11, 35], [48, 48], [40, 38], [40, 4], [23, 1], [29, 4], [10, 32], [42, 46], [28, 49], [4, 49], [38, 20], [41, 41], [38, 47], [12, 35], [39, 47], [41, 2], [18, 2], [6, 22], [2, 32], [19, 41], [27, 26], [12, 4], [27, 8], [1, 42], [5, 6], [31, 26], [30, 31], [41, 18], [48, 29], [15, 36], [19, 12], [38, 7], [14, 3], [30, 3], [35, 20], [47, 41], [47, 1], [13, 5], [24, 23], [0, 47], [44, 2], [27, 16], [10, 30], [46, 46], [8, 47], [16, 41], [36, 7], [17, 40], [39, 46], [24, 47], [3, 37], [49, 25], [8, 1], [30, 28], [13, 33], [23, 0], [10, 43], [39, 10], [19, 26], [32, 14], [45, 47], [40, 0], [13, 24], [5, 3], [40, 3], [19, 8], [20, 34], [8, 22], [31, 22], [5, 22], [10, 45], [5, 43], [0, 1], [29, 23], [43, 18], [21, 27], [40, 8], [19, 35], [33, 46], [19, 49], [17, 46], [6, 1], [10, 44], [29, 26], [21, 8], [48, 21], [2, 46], [40, 47], [28, 8], [36, 4], [32, 26], [40, 13], [43, 14], [2, 37], [42, 44], [18, 46], [48, 4], [22, 11], [25, 25], [28, 11], [24, 49], [41, 12], [28, 14], [10, 29], [34, 13], [8, 42], [2, 28], [12, 8], [12, 6], [42, 41], [45, 44], [43, 36], [11, 45], [24, 46], [44, 11], [12, 25], [32, 9], [46, 32], [20, 41], [33, 32], [14, 11], [28, 21], [27, 24], [18, 47], [27, 27], [30, 6], [4, 45], [44, 42], [13, 46], [41, 3], [49, 33], [41, 20], [31, 47], [15, 47], [0, 40], [39, 8], [10, 39], [30, 32], [38, 18], [47, 9], [37, 12], [45, 49], [26, 24], [15, 40], [12, 39], [28, 15], [33, 23], [0, 10], [2, 42], [45, 17], [2, 49], [23, 15]], "targets": [[35, 4], [21, 24], [1, 48], [14, 36], [12, 26], [6, 39], [14, 33], [8, 32], [33, 1], [5, 43], [14, 31], [3, 43], [6, 27], [28, 1], [4, 48], [17, 26], [13, 28], [2, 39], [30, 3], [21, 27], [5, 41], [9, 34], [6, 48], [33, 3], [11, 34], [7, 26], [18, 27], [3, 41], [10, 28], [36, 3], [7, 41], [11, 29], [5, 39], [20, 34], [37, 8], [7, 29], [4, 46], [13, 30], [3, 48], [32, 8], [9, 36], [15, 25], [4, 49], [5, 47], [15, 26], [34, 1], [9, 22], [6, 45], [16, 30], [18, 29], [9, 26], [37, 7], [5, 48], [6, 41], [9, 29], [10, 23], [30, 0], [1, 46], [16, 36], [17, 27], [5, 45], [27, 3], [6, 47], [21, 28], [16, 31], [2, 40], [32, 0], [11, 27], [13, 29], [2, 42], [4, 42], [34, 7], [15, 29], [7, 34], [13, 26], [2, 45], [18, 28], [27, 7], [15, 33], [1, 39], [21, 32], [3, 45], [8, 28], [34, 2], [6, 42], [14, 28], [7, 49], [7, 28], [30, 8], [9, 25], [2, 47], [15, 31], [0, 42], [33, 7], [18, 31], [1, 40], [11, 36], [16, 24], [17, 29], [35, 8], [4, 39], [15, 32], [1, 49], [21, 30], [37, 1], [2, 46], [11, 28], [17, 30], [0, 47], [34, 6], [11, 30], [0, 40], [15, 28], [1, 44], [34, 5], [15, 30], [18, 34], [7, 48], [49, 8], [31, 31], [33, 15], [34, 14], [15, 2], [15, 36], [10, 41], [27, 27], [45, 36], [49, 27], [9, 41], [44, 8], [30, 20], [38, 13], [19, 35], [33, 26], [4, 4], [4, 2], [41, 33], [45, 38], [33, 32], [27, 9], [30, 1], [15, 12], [25, 6], [46, 41], [7, 2], [41, 14], [47, 12], [47, 23], [47, 27], [38, 7], [1, 28], [39, 10], [4, 31], [20, 43], [13, 5], [23, 30], [40, 35], [14, 3], [21, 26], [13, 13], [41, 40], [28, 28], [24, 13], [47, 5], [43, 37], [12, 4], [34, 20], [49, 47], [29, 2], [42, 18], [24, 5], [40, 16], [16, 28], [46, 33], [29, 46], [31, 14], [37, 3], [49, 0], [0, 22], [11, 48], [23, 7], [23, 22], [46, 5], [16, 33], [46, 38], [35, 11], [30, 14], [17, 2], [5, 22], [20, 27], [43, 13], [29, 47], [21, 47], [30, 49], [3, 34], [23, 31], [44, 38], [34, 15], [38, 46], [46, 14], [5, 26], [46, 1], [7, 3], [40, 8], [13, 2], [47, 25], [9, 23], [40, 13], [44, 41], [21, 48], [42, 33], [30, 24], [17, 33], [18, 3], [0, 45], [30, 28], [21, 4], [37, 32], [45, 16], [48, 23], [40, 17], [31, 20], [40, 33], [45, 14], [46, 43], [7, 47], [45, 15], [19, 31], [0, 36], [36, 17], [19, 38], [42, 44], [24, 22], [10, 26], [36, 12], [13, 6], [30, 47], [19, 8], [48, 29], [18, 5], [11, 25], [1, 42], [19, 45], [29, 19], [30, 45], [4, 30], [9, 44], [39, 5], [48, 20], [18, 25], [28, 24], [38, 20], [43, 42], [14, 7], [43, 0], [47, 6], [47, 41], [25, 7], [7, 40], [26, 5], [26, 15], [40, 15], [17, 36], [30, 6], [9, 6], [22, 13], [38, 9], [48, 17], [2, 34], [18, 49], [41, 11], [38, 8], [32, 28], [43, 34], [48, 34], [19, 44], [31, 18], [0, 5], [27, 30], [44, 49], [33, 20], [11, 46], [28, 45], [37, 12], [21, 1], [22, 32], [17, 12], [10, 6], [3, 42], [9, 32], [0, 41], [48, 37], [45, 4], [11, 39], [41, 39], [44, 4], [23, 26], [36, 13], [8, 25], [36, 49], [30, 17], [25, 31], [43, 16], [22, 24], [12, 39], [41, 16], [8, 23], [2, 29], [5, 2], [46, 12], [8, 5], [8, 42], [3, 49], [48, 48], [23, 47], [26, 3], [10, 1], [4, 33], [3, 37], [19, 40], [45, 5], [31, 7], [3, 33], [40, 9], [8, 3], [47, 16], [21, 31], [25, 30], [49, 17], [0, 9], [47, 36], [12, 45], [31, 29], [1, 37], [11, 24], [6, 43], [42, 48], [28, 12], [41, 44], [4, 26], [3, 5], [39, 32], [6, 33], [34, 17], [6, 0], [10, 48], [45, 44], [23, 16], [45, 41], [0, 26], [27, 13], [5, 38], [44, 45], [3, 40], [18, 36], [42, 36], [14, 48], [12, 48], [5, 6], [19, 13], [32, 9], [20, 49], [35, 9], [40, 0], [5, 23], [17, 3], [47, 8], [41, 7], [37, 2], [17, 42], [31, 13], [2, 5], [22, 5], [14, 27], [33, 8], [32, 47], [19, 37], [17, 38], [49, 24], [33, 11], [29, 11], [5, 30], [18, 32], [49, 15], [4, 5], [4, 32], [7, 32], [31, 4], [24, 32], [24, 4], [47, 44], [5, 27], [43, 7], [9, 0], [32, 31], [3, 24], [18, 46], [47, 18], [11, 3], [27, 2], [1, 7], [30, 12], [35, 3], [20, 44], [45, 49], [29, 48], [34, 0], [7, 42], [7, 44], [45, 13], [9, 42], [47, 42], [32, 29], [23, 0], [10, 44], [40, 38], [9, 49], [48, 12], [40, 41], [47, 40], [47, 9], [8, 36], [26, 4], [39, 1], [13, 7], [30, 21], [13, 44], [48, 41], [16, 0], [3, 28], [15, 41], [49, 34], [40, 18], [29, 45], [19, 27], [10, 35], [36, 19], [40, 5], [3, 30], [25, 11], [8, 29], [0, 7], [44, 48], [7, 27], [49, 21], [48, 10], [41, 1], [31, 24], [5, 42], [2, 24], [29, 15], [47, 28], [19, 33], [15, 8], [3, 46], [35, 18], [8, 2], [29, 1], [6, 37], [48, 14], [28, 10], [47, 21], [35, 2], [18, 33], [22, 6], [15, 1], [31, 49], [0, 43], [28, 16], [4, 43], [31, 30], [35, 0], [47, 17], [45, 10], [40, 36], [45, 1], [16, 25], [30, 25], [42, 47], [32, 30], [31, 32], [16, 47], [40, 43], [43, 49], [21, 45], [17, 40], [16, 38], [0, 23], [29, 22], [1, 26], [0, 24], [6, 28], [23, 1], [49, 28], [21, 0], [48, 3], [30, 31], [23, 23], [28, 31], [42, 45], [26, 44], [1, 43], [32, 45], [33, 9], [49, 6], [49, 43], [6, 38], [28, 8], [42, 12], [23, 12], [6, 2], [19, 4], [16, 39], [43, 33], [44, 2], [47, 39], [39, 16], [29, 28], [42, 37], [42, 14], [30, 7], [11, 0], [49, 11], [11, 35], [2, 44], [36, 1], [28, 13], [44, 37], [25, 32], [32, 46], [13, 34], [46, 19], [20, 35], [32, 21], [31, 27], [48, 1], [42, 49], [11, 26], [46, 36], [42, 10], [10, 49], [39, 20], [33, 25], [5, 4], [6, 35], [24, 24], [30, 23], [0, 39], [40, 6], [47, 35], [36, 2], [33, 21], [14, 34], [43, 44], [9, 40], [18, 48], [15, 6], [34, 49], [31, 25], [1, 24], [20, 47], [2, 6], [0, 19], [1, 41], [25, 29], [47, 38], [25, 16], [18, 26], [8, 44], [43, 45], [11, 4], [34, 32], [31, 15], [28, 23], [15, 49], [8, 6], [44, 43], [45, 3], [47, 3], [5, 24], [20, 36], [39, 2], [32, 12], [44, 16], [34, 18], [23, 25], [10, 34], [31, 9], [18, 40], [1, 5], [42, 4], [5, 25], [49, 20], [47, 14], [49, 42], [10, 25], [45, 17], [12, 8], [17, 32], [0, 44], [11, 2], [20, 45], [0, 31], [38, 19], [14, 46], [7, 43], [35, 5], [44, 10], [9, 43], [17, 24], [37, 20], [45, 45], [10, 2], [9, 33], [3, 27], [5, 32], [42, 19], [20, 13], [27, 11], [49, 35], [49, 29], [25, 27], [10, 30], [18, 35], [49, 1], [48, 36], [43, 39], [29, 20], [44, 33], [46, 47], [38, 47], [11, 1], [30, 26], [10, 46], [28, 2], [27, 10], [49, 25], [0, 20], [48, 35], [46, 18], [28, 47], [40, 19], [47, 26], [46, 42], [41, 6], [9, 47], [33, 13], [29, 30], [5, 3], [28, 17], [48, 13], [0, 37], [28, 18], [41, 15], [41, 36], [9, 46], [22, 2], [48, 27], [42, 41], [8, 22], [2, 41], [29, 23], [27, 31], [12, 42], [47, 15], [47, 10], [17, 11], [30, 13], [43, 12], [2, 31], [8, 38], [6, 5], [11, 6], [37, 17], [41, 32], [19, 11], [38, 12], [49, 3], [25, 49], [34, 47], [12, 38], [22, 47], [0, 46], [32, 48], [30, 5], [17, 13], [1, 47], [32, 49], [31, 17], [27, 49], [47, 31], [31, 21], [0, 17], [46, 17], [5, 40], [25, 2], [25, 13], [0, 34], [31, 33], [8, 30], [46, 48], [24, 12], [49, 38], [13, 4], [42, 15], [24, 3], [34, 12], [12, 44], [22, 7], [46, 34], [49, 23], [42, 20], [34, 3], [26, 12], [47, 33], [24, 14], [31, 2], [26, 16], [46, 32], [6, 49]]}