{"meta": {"number_of_robots": 5000, "description": {"parameters": {"seed": 3373, "shape": [100, 100], "obstacles": {"n": 0, "mean": 7, "std": 3.5}, "clusters": {"n": 50, "mean": 20, "std": 10.0, "relative_radius": 2, "increase_factor": 1.3, "start_dist": {"generator_name": "Image", "shape": [100, 100], "min": 7.0, "max": 174.0, "mean": 76.1307, "std": 35.62703492447835, "dtype": "uint64", "parameters": {"image": "algae.png", "transformer": {"name": "ColorChannelSelector", "channel": "s", "inverted": false}}}, "target_dist": {"generator_name": "Image", "shape": [100, 100], "min": 81.0, "max": 248.0, "mean": 178.8693, "std": 35.62703492447835, "dtype": "uint64", "parameters": {"image": "algae.png", "transformer": {"name": "ColorChannelSelector", "channel": "s", "inverted": true}}}}, "density": 0.5, "start_dist": {"generator_name": "Image", "shape": [100, 100], "min": 7.0, "max": 174.0, "mean": 76.1307, "std": 35.62703492447835, "dtype": "uint64", "parameters": {"image": "algae.png", "transformer": {"name": "ColorChannelSelector", "channel": "s", "inverted": false}}}, "target_dist": {"generator_name": "Image", "shape": [100, 100], "min": 81.0, "max": 248.0, "mean": 178.8693, "std": 35.62703492447835, "dtype": "uint64", "parameters": {"image": "algae.png", "transformer": {"name": "ColorChannelSelector", "channel": "s", "inverted": true}}}}, "stats": {"date": "2020-11-17", "free_area": 10000.0, "number_of_clustered_robots": 1080, "number_of_robots": 5000}}}, "name": "algae_00008_100x100_50_5000", "obstacles": [], "starts": [[43, 5], [83, 80], [24, 78], [48, 89], [37, 40], [19, 22], [93, 57], [40, 38], [92, 55], [44, 89], [6, 86], [97, 77], [5, 64], [43, 12], [53, 14], [76, 20], [8, 68], [47, 86], [40, 8], [53, 39], [7, 19], [66, 0], [62, 20], [54, 30], [3, 8], [43, 39], [72, 14], [52, 4], [53, 19], [38, 6], [38, 68], [16, 94], [66, 9], [93, 17], [26, 61], [21, 87], [9, 58], [55, 9], [40, 69], [55, 40], [60, 36], [37, 62], [56, 32], [10, 59], [16, 81], [21, 37], [1, 12], [83, 52], [50, 14], [52, 40], [57, 33], [29, 45], [2, 11], [40, 37], [56, 38], [33, 54], [0, 13], [17, 82], [68, 22], [16, 65], [52, 86], [65, 5], [15, 88], [41, 8], [61, 21], [19, 61], [52, 48], [28, 27], [5, 86], [1, 63], [47, 92], [49, 2], [39, 59], [88, 59], [38, 2], [42, 76], [69, 5], [54, 39], [57, 8], [32, 51], [39, 16], [2, 23], [11, 89], [9, 64], [47, 22], [38, 45], [62, 41], [95, 21], [33, 61], [5, 17], [78, 51], [25, 72], [49, 35], [79, 18], [17, 65], [41, 86], [60, 6], [69, 12], [46, 29], [20, 85], [98, 75], [42, 11], [52, 27], [17, 60], [56, 45], [25, 46], [27, 29], [10, 95], [6, 20], [6, 65], [45, 88], [53, 3], [48, 87], [37, 42], [89, 57], [52, 35], [37, 55], [41, 33], [55, 32], [33, 65], [3, 23], [41, 11], [89, 60], [52, 10], [40, 4], [39, 69], [67, 4], [55, 35], [20, 74], [55, 8], [78, 29], [14, 63], [21, 44], [47, 83], [38, 20], [69, 4], [55, 17], [37, 71], [13, 77], [15, 19], [16, 86], [37, 5], [52, 18], [9, 55], [47, 38], [21, 29], [5, 61], [54, 21], [44, 28], [37, 37], [63, 33], [9, 91], [94, 21], [34, 64], [2, 14], [77, 50], [7, 63], [48, 86], [54, 3], [20, 75], [22, 44], [35, 62], [55, 37], [73, 17], [13, 57], [7, 18], [51, 91], [66, 1], [75, 11], [92, 60], [32, 10], [43, 73], [65, 10], [57, 41], [52, 13], [18, 84], [97, 78], [42, 2], [61, 22], [38, 35], [19, 56], [48, 50], [58, 40], [28, 49], [26, 59], [3, 16], [18, 30], [42, 16], [13, 72], [9, 94], [4, 17], [6, 87], [48, 40], [0, 68], [47, 88], [53, 2], [68, 20], [12, 63], [50, 82], [45, 40], [87, 54], [42, 84], [3, 67], [47, 34], [62, 7], [55, 26], [2, 7], [39, 54], [27, 47], [45, 43], [62, 32], [22, 76], [94, 17], [24, 65], [0, 20], [81, 49], [43, 10], [57, 19], [14, 52], [50, 50], [37, 11], [85, 61], [53, 13], [40, 0], [43, 72], [69, 7], [46, 36], [14, 82], [51, 13], [7, 24], [25, 27], [48, 33], [6, 88], [79, 26], [16, 60], [21, 41], [43, 33], [52, 91], [35, 13], [7, 64], [49, 84], [63, 2], [37, 41], [71, 16], [56, 5], [57, 20], [38, 72], [59, 35], [51, 32], [23, 61], [6, 17], [19, 76], [33, 59], [11, 12], [7, 89], [15, 71], [96, 73], [40, 11], [62, 19], [11, 53], [56, 40], [25, 48], [22, 24], [6, 64], [52, 22], [79, 17], [13, 55], [84, 64], [36, 3], [37, 69], [64, 12], [57, 34], [59, 12], [44, 34], [57, 43], [9, 95], [48, 81], [71, 7], [95, 20], [32, 64], [2, 21], [82, 48], [5, 14], [2, 70], [50, 88], [57, 11], [11, 86], [16, 72], [25, 51], [81, 84], [53, 87], [38, 36], [92, 52], [42, 19], [47, 12], [49, 33], [57, 16], [9, 63], [55, 46], [32, 60], [43, 34], [51, 38], [40, 39], [64, 40], [67, 26], [7, 58], [29, 26], [2, 19], [12, 86], [25, 57], [1, 23], [49, 87], [63, 1], [70, 15], [18, 49], [1, 87], [43, 9], [92, 57], [52, 14], [30, 6], [42, 71], [66, 11], [45, 41], [17, 73], [53, 15], [13, 76], [11, 67], [54, 27], [3, 68], [42, 83], [52, 5], [95, 76], [38, 4], [51, 26], [41, 40], [14, 56], [54, 48], [55, 34], [14, 23], [71, 20], [9, 59], [36, 55], [23, 42], [91, 16], [25, 62], [2, 13], [80, 50], [44, 30], [29, 28], [48, 79], [43, 11], [64, 1], [55, 20], [41, 70], [19, 81], [3, 94], [16, 76], [53, 41], [39, 40], [56, 35], [12, 15], [11, 91], [22, 49], [89, 62], [33, 9], [43, 70], [66, 8], [50, 27], [58, 11], [1, 67], [50, 86], [53, 6], [47, 4], [51, 20], [13, 60], [47, 50], [70, 24], [16, 64], [30, 63], [4, 23], [46, 86], [41, 38], [23, 30], [87, 57], [51, 90], [6, 62], [53, 35], [61, 2], [51, 28], [0, 10], [71, 15], [35, 57], [23, 75], [50, 32], [22, 47], [11, 24], [43, 36], [56, 43], [12, 80], [6, 95], [41, 17], [92, 15], [22, 63], [1, 22], [84, 52], [68, 24], [10, 57], [98, 77], [46, 3], [53, 21], [15, 53], [51, 47], [2, 64], [44, 87], [53, 5], [42, 9], [88, 61], [50, 17], [37, 6], [41, 76], [74, 11], [50, 34], [14, 74], [53, 7], [23, 37], [44, 84], [61, 5], [15, 17], [15, 94], [21, 31], [43, 38], [62, 42], [36, 56], [51, 36], [19, 77], [24, 62], [0, 12], [5, 95], [54, 36], [72, 18], [9, 60], [7, 57], [53, 25], [27, 45], [41, 5], [57, 27], [16, 61], [49, 43], [25, 79], [4, 19], [38, 39], [45, 84], [41, 18], [6, 63], [40, 85], [62, 0], [36, 40], [70, 17], [49, 6], [50, 12], [39, 74], [59, 40], [26, 22], [87, 65], [40, 5], [44, 68], [71, 10], [55, 28], [54, 6], [96, 17], [23, 62], [1, 17], [77, 53], [11, 85], [31, 42], [53, 89], [38, 37], [89, 56], [52, 38], [39, 57], [76, 26], [11, 63], [5, 12], [8, 93], [8, 89], [13, 73], [96, 75], [47, 3], [56, 18], [44, 44], [19, 57], [52, 49], [53, 33], [48, 30], [49, 90], [65, 0], [53, 34], [20, 48], [6, 60], [48, 84], [52, 8], [30, 57], [6, 13], [20, 32], [11, 64], [47, 29], [6, 15], [18, 78], [44, 19], [79, 19], [11, 60], [37, 7], [90, 60], [54, 18], [35, 8], [38, 76], [69, 8], [55, 30], [23, 80], [57, 6], [42, 38], [60, 38], [39, 56], [8, 94], [29, 42], [45, 9], [62, 22], [10, 51], [55, 44], [41, 79], [72, 6], [73, 11], [96, 18], [22, 60], [5, 16], [76, 51], [15, 18], [16, 95], [52, 28], [0, 60], [49, 86], [56, 11], [28, 33], [16, 83], [77, 21], [14, 58], [25, 70], [39, 44], [56, 41], [28, 42], [83, 81], [51, 85], [40, 40], [93, 65], [86, 51], [45, 81], [1, 83], [96, 79], [3, 65], [40, 19], [45, 6], [51, 34], [8, 17], [61, 7], [59, 16], [50, 30], [1, 8], [54, 17], [38, 5], [35, 71], [72, 11], [33, 57], [9, 62], [42, 75], [46, 44], [38, 55], [49, 28], [0, 17], [53, 10], [56, 37], [25, 45], [38, 43], [63, 37], [17, 79], [76, 24], [8, 55], [17, 78], [28, 22], [5, 70], [40, 93], [49, 3], [47, 30], [1, 16], [9, 88], [92, 11], [29, 60], [0, 18], [80, 49], [49, 79], [60, 5], [75, 18], [43, 2], [61, 27], [18, 61], [51, 46], [26, 39], [5, 89], [36, 59], [41, 39], [59, 31], [45, 11], [90, 58], [49, 13], [37, 4], [42, 70], [68, 6], [50, 29], [21, 77], [51, 16], [74, 25], [11, 54], [42, 21], [14, 87], [15, 22], [24, 27], [2, 67], [51, 29], [25, 56], [0, 23], [5, 67], [44, 83], [57, 4], [22, 37], [50, 36], [45, 82], [66, 4], [54, 34], [95, 78], [45, 3], [57, 22], [39, 36], [16, 53], [48, 49], [57, 32], [17, 70], [1, 85], [15, 12], [15, 90], [71, 26], [13, 61], [49, 89], [39, 34], [93, 55], [52, 34], [38, 59], [23, 49], [13, 85], [97, 19], [32, 54], [5, 21], [81, 55], [92, 61], [30, 4], [44, 66], [72, 3], [54, 28], [55, 11], [18, 26], [39, 35], [44, 86], [37, 21], [8, 66], [43, 92], [65, 6], [45, 39], [67, 11], [52, 2], [57, 18], [39, 70], [59, 36], [6, 18], [21, 79], [38, 7], [56, 16], [14, 53], [49, 50], [23, 46], [3, 63], [53, 27], [79, 29], [15, 64], [55, 39], [2, 83], [23, 57], [3, 11], [20, 76], [34, 62], [54, 35], [41, 42], [53, 42], [18, 27], [9, 22], [13, 92], [47, 90], [60, 7], [27, 43], [45, 4], [93, 56], [54, 14], [38, 9], [34, 67], [73, 12], [53, 28], [19, 71], [53, 8], [5, 63], [49, 85], [52, 7], [97, 72], [40, 3], [57, 21], [13, 56], [54, 45], [75, 25], [13, 64], [91, 17], [25, 61], [3, 20], [81, 53], [39, 19], [8, 91], [14, 77], [39, 33], [55, 38], [11, 11], [27, 51], [51, 33], [51, 87], [39, 41], [27, 30], [89, 54], [46, 85], [12, 66], [46, 34], [61, 3], [48, 23], [1, 13], [75, 14], [36, 57], [18, 80], [30, 64], [4, 21], [67, 19], [15, 63], [43, 1], [53, 23], [15, 57], [49, 44], [7, 67], [44, 91], [51, 3], [93, 66], [35, 2], [44, 73], [69, 10], [57, 39], [52, 15], [22, 42], [5, 13], [15, 86], [36, 42], [56, 33], [48, 35], [22, 86], [2, 85], [14, 76], [45, 86], [41, 12], [71, 5], [51, 15], [41, 67], [28, 31], [47, 36], [97, 21], [28, 61], [5, 15], [76, 49], [21, 42], [30, 54], [71, 17], [16, 63], [4, 16], [94, 80], [47, 1], [57, 23], [36, 37], [9, 61], [52, 43], [58, 34], [8, 60], [46, 87], [56, 8], [9, 67], [56, 21], [22, 79], [41, 7], [90, 62], [54, 16], [36, 2], [44, 69], [74, 3], [56, 36], [15, 73], [56, 15], [4, 87], [21, 43], [50, 81], [67, 1], [74, 14], [22, 64], [1, 15], [10, 15], [12, 91], [20, 24], [68, 21], [10, 58], [39, 38], [62, 36], [85, 83], [53, 86], [37, 36], [90, 54], [34, 12], [40, 10], [50, 33], [51, 17], [12, 62], [48, 38], [31, 62], [43, 30], [53, 36], [29, 40], [25, 76], [16, 78], [5, 60], [46, 89], [53, 11], [10, 10], [95, 12], [23, 58], [1, 18], [79, 51], [41, 85], [68, 7], [0, 90], [43, 42], [63, 39], [87, 61], [33, 4], [40, 72], [73, 10], [49, 32], [58, 6], [69, 19], [15, 60], [29, 22], [3, 64], [55, 25], [23, 44], [98, 74], [43, 8], [56, 27], [16, 51], [50, 42], [15, 79], [3, 24], [7, 85], [39, 60], [13, 83], [26, 57], [0, 16], [56, 28], [38, 38], [41, 80], [38, 21], [3, 62], [50, 91], [70, 4], [41, 37], [70, 11], [55, 2], [50, 20], [40, 74], [64, 36], [28, 39], [68, 19], [5, 65], [3, 93], [49, 40], [24, 22], [10, 13], [40, 9], [85, 63], [50, 11], [36, 4], [36, 71], [66, 7], [54, 41], [18, 74], [50, 7], [44, 8], [60, 27], [17, 61], [52, 46], [91, 15], [22, 61], [6, 16], [78, 49], [23, 79], [40, 41], [65, 36], [18, 46], [53, 81], [41, 41], [89, 58], [53, 88], [12, 64], [45, 31], [64, 2], [48, 27], [2, 9], [37, 60], [71, 18], [7, 62], [8, 63], [49, 93], [52, 11], [51, 37], [15, 21], [12, 88], [6, 89], [20, 81], [36, 11], [21, 32], [25, 54], [6, 12], [29, 41], [94, 77], [41, 3], [52, 21], [33, 36], [18, 56], [48, 48], [65, 39], [19, 85], [86, 59], [35, 4], [39, 68], [64, 11], [56, 29], [59, 7], [44, 88], [60, 3], [72, 15], [3, 18], [79, 28], [9, 57], [33, 60], [52, 36], [30, 42], [24, 74], [2, 66], [47, 85], [48, 5], [95, 15], [34, 63], [4, 20], [76, 53], [0, 89], [36, 43], [53, 40], [57, 40], [27, 23], [2, 60], [54, 31], [41, 2], [59, 18], [17, 63], [49, 47], [3, 14], [9, 86], [16, 87], [48, 88], [41, 16], [70, 6], [56, 19], [42, 69], [24, 51], [73, 19], [13, 66], [44, 9], [85, 65], [52, 12], [35, 10], [44, 76], [72, 12], [48, 29], [19, 70], [56, 6], [31, 53], [0, 19], [44, 37], [55, 43], [52, 89], [42, 42], [94, 57], [47, 33], [37, 54], [1, 64], [46, 91], [50, 4], [4, 24], [2, 88], [30, 34], [19, 46], [99, 78], [47, 5], [58, 17], [16, 55], [54, 43], [12, 87], [45, 27], [52, 90], [64, 4], [67, 16], [77, 18], [14, 64], [50, 39], [16, 74], [99, 14], [26, 56], [3, 21], [85, 52], [43, 41], [58, 33], [4, 63], [55, 27], [13, 19], [15, 85], [44, 21], [19, 40], [87, 58], [39, 8], [38, 69], [65, 7], [45, 37], [50, 9], [32, 63], [2, 63], [40, 83], [49, 4], [3, 88], [19, 30], [46, 7], [59, 23], [10, 62], [52, 50], [20, 78], [51, 86], [62, 5], [71, 28], [11, 59], [24, 71], [34, 60], [4, 18], [41, 36], [60, 39], [3, 13], [28, 44], [43, 40], [31, 68], [64, 91], [1, 55], [98, 26], [71, 79], [86, 50], [82, 7], [74, 70], [46, 9], [66, 18], [33, 31], [32, 25], [93, 29], [99, 28], [55, 81], [17, 20], [37, 68], [41, 10], [69, 82], [74, 21], [0, 14], [58, 10], [62, 67], [95, 77], [66, 12], [26, 8], [93, 9], [75, 41], [35, 90], [78, 18], [94, 75], [83, 22], [63, 70], [98, 65], [96, 16], [91, 45], [89, 14], [61, 18], [38, 80], [68, 13], [69, 78], [18, 48], [27, 35], [18, 62], [84, 30], [51, 55], [70, 74], [11, 58], [82, 6], [19, 45], [91, 61], [39, 2], [53, 37], [74, 10], [9, 42], [81, 48], [80, 6], [92, 96], [5, 9], [86, 3], [77, 98], [52, 19], [42, 68], [26, 46], [29, 27], [62, 11], [47, 35], [3, 17], [27, 38], [6, 80], [77, 22], [28, 81], [8, 92], [78, 14], [91, 98], [0, 62], [33, 27], [26, 32], [68, 70], [86, 15], [75, 99], [35, 91], [75, 26], [59, 58], [26, 64], [80, 77], [87, 98], [12, 19], [17, 15], [94, 97], [36, 85], [61, 96], [61, 52], [23, 63], [80, 52], [15, 61], [75, 37], [18, 29], [80, 20], [91, 47], [0, 93], [42, 6], [42, 31], [81, 8], [83, 5], [99, 69], [99, 76], [76, 22], [90, 36], [79, 86], [49, 82], [16, 46], [14, 54], [73, 77], [37, 79], [92, 89], [22, 72], [77, 24], [78, 42], [9, 51], [35, 80], [95, 95], [57, 84], [51, 50], [21, 1], [59, 22], [67, 42], [0, 44], [0, 28], [25, 10], [48, 65], [69, 20], [64, 51], [5, 68], [85, 51], [65, 43], [73, 86], [89, 67], [42, 30], [32, 8], [84, 25], [99, 12], [94, 52], [91, 36], [13, 87], [70, 85], [76, 80], [5, 24], [40, 78], [86, 88], [20, 41], [74, 20], [28, 99], [38, 99], [69, 72], [31, 15], [30, 16], [12, 3], [66, 21], [47, 53], [65, 49], [59, 66], [86, 14], [3, 32], [42, 10], [23, 86], [42, 24], [38, 70], [70, 7], [31, 35], [83, 69], [11, 93], [66, 54], [51, 84], [98, 80], [71, 11], [3, 31], [55, 57], [8, 14], [66, 37], [32, 65], [59, 92], [56, 12], [71, 8], [19, 36], [88, 40], [20, 7], [27, 88], [56, 52], [88, 11], [41, 99], [66, 99], [25, 47], [90, 45], [28, 17], [47, 99], [39, 81], [17, 24], [4, 79], [27, 8], [39, 27], [48, 46], [38, 81], [65, 69], [43, 7], [17, 54], [24, 0], [14, 65], [69, 40], [25, 42], [96, 8], [89, 70], [88, 66], [99, 82], [60, 26], [32, 78], [7, 86], [71, 99], [73, 97], [86, 21], [82, 39], [27, 62], [38, 87], [46, 72], [43, 15], [28, 90], [2, 41], [75, 89], [69, 21], [16, 34], [78, 39], [63, 71], [73, 53], [82, 25], [87, 12], [29, 17], [82, 85], [56, 50], [80, 13], [55, 54], [87, 36], [79, 45], [58, 55], [58, 63], [14, 28], [47, 98], [13, 3], [28, 40], [6, 43], [57, 80], [2, 26], [84, 13], [63, 82], [72, 40], [23, 94], [40, 27], [55, 18], [27, 13], [68, 23], [13, 95], [65, 11], [45, 68], [75, 58], [23, 13], [74, 32], [81, 2], [66, 10], [66, 97], [39, 28], [80, 4], [14, 30], [79, 85], [67, 39], [57, 69], [68, 11], [73, 43], [15, 1], [9, 39], [69, 97], [76, 16], [61, 84], [18, 77], [84, 74], [26, 63], [26, 65], [51, 1], [91, 69], [25, 13], [1, 91], [77, 78], [88, 15], [13, 58], [26, 17], [77, 38], [95, 47], [92, 72], [35, 9], [29, 58], [79, 81], [29, 54], [99, 9], [35, 49], [33, 83], [65, 88], [82, 56], [69, 58], [9, 40], [24, 82], [17, 87], [57, 49], [24, 72], [21, 33], [60, 2], [27, 67], [28, 45], [4, 53], [18, 76], [72, 10], [93, 7], [66, 38], [96, 2], [69, 77], [35, 56], [84, 19], [1, 49], [30, 10], [77, 59], [4, 47], [90, 15], [41, 4], [57, 54], [77, 99], [33, 64], [8, 78], [1, 30], [10, 68], [16, 69], [68, 50], [64, 72], [29, 53], [11, 18], [80, 43], [92, 42], [9, 5], [76, 86], [74, 84], [38, 61], [61, 66], [92, 77], [20, 56], [74, 47], [87, 87], [55, 21], [45, 22], [48, 7], [43, 93], [57, 3], [67, 72], [2, 54], [1, 32], [95, 72], [85, 60], [17, 47], [29, 36], [35, 89], [47, 16], [72, 70], [65, 47], [9, 43], [1, 21], [16, 44], [21, 46], [56, 71], [77, 43], [22, 52], [42, 73], [73, 91], [69, 84], [62, 88], [87, 37], [59, 2], [67, 9], [15, 54], [90, 64], [12, 40], [52, 30], [29, 74], [39, 62], [15, 56], [15, 95], [28, 82], [75, 10], [47, 71], [42, 4], [4, 41], [6, 53], [27, 78], [93, 79], [5, 1], [44, 95], [37, 87], [89, 37], [36, 26], [95, 75], [68, 86], [87, 66], [62, 37], [5, 75], [16, 2], [18, 41], [45, 76], [25, 77], [69, 22], [56, 44], [12, 47], [27, 1], [38, 44], [44, 82], [40, 84], [23, 59], [72, 65], [61, 30], [95, 29], [98, 78], [29, 66], [96, 76], [55, 45], [38, 85], [81, 23], [18, 31], [86, 97], [58, 82], [1, 76], [99, 32], [38, 29], [33, 93], [80, 81], [81, 22], [50, 90], [76, 40], [33, 58], [53, 52], [26, 76], [58, 44], [92, 2], [6, 6], [84, 98], [63, 74], [79, 38], [36, 89], [81, 97], [97, 67], [25, 20], [62, 72], [97, 54], [9, 9], [81, 71], [74, 81], [47, 79], [47, 94], [1, 9], [16, 32], [78, 0], [46, 6], [21, 86], [66, 36], [6, 51], [31, 4], [16, 30], [97, 48], [80, 62], [35, 24], [24, 58], [91, 91], [19, 41], [18, 91], [36, 25], [37, 90], [86, 67], [7, 7], [27, 66], [2, 10], [2, 78], [92, 74], [87, 60], [50, 53], [51, 75], [35, 85], [6, 52], [40, 52], [40, 17], [30, 90], [71, 24], [46, 40], [2, 51], [33, 12], [59, 30], [54, 50], [0, 76], [30, 97], [54, 83], [37, 89], [6, 77], [75, 95], [46, 98], [27, 87], [38, 53], [81, 76], [65, 74], [43, 6], [90, 72], [51, 89], [91, 75], [85, 2], [47, 47], [50, 16], [74, 42], [87, 28], [87, 80], [62, 50], [90, 95], [2, 98], [15, 31], [12, 59], [81, 4], [86, 24], [90, 71], [12, 43], [68, 93], [51, 9], [2, 16], [14, 10], [34, 78], [85, 5], [49, 36], [26, 18], [52, 78], [2, 20], [92, 87], [36, 21], [29, 81], [64, 92], [4, 49], [9, 26], [64, 83], [93, 1], [25, 95], [88, 96], [83, 62], [95, 70], [27, 73], [30, 3], [39, 78], [4, 13], [84, 40], [14, 75], [28, 68], [66, 35], [28, 78], [84, 79], [68, 38], [73, 75], [55, 69], [65, 8], [57, 56], [34, 58], [2, 6], [17, 2], [81, 72], [77, 27], [64, 42], [60, 68], [86, 75], [57, 72], [11, 74], [68, 41], [13, 1], [41, 15], [61, 71], [94, 82], [91, 84], [54, 7], [39, 23], [39, 31], [30, 44], [91, 58], [3, 91], [85, 30], [32, 17], [68, 36], [85, 25], [21, 57], [17, 25], [36, 80], [81, 5], [16, 97], [50, 72], [16, 84], [30, 28], [47, 32], [91, 46], [90, 93], [67, 20], [65, 45], [85, 43], [89, 69], [82, 52], [77, 34], [91, 57], [85, 39], [94, 25], [23, 93], [47, 68], [16, 62], [90, 69], [6, 38], [89, 11], [38, 63], [3, 53], [3, 27], [27, 32], [65, 3], [67, 71], [38, 34], [84, 21], [45, 21], [65, 68], [89, 84], [5, 41], [25, 17], [28, 18], [59, 71], [84, 65], [42, 74], [94, 27], [94, 22], [35, 58], [58, 15], [3, 86], [55, 10], [58, 87], [22, 21], [27, 40], [38, 24], [42, 3], [66, 88], [59, 68], [76, 36], [72, 56], [5, 87], [68, 58], [25, 81], [69, 25], [7, 47], [94, 8], [7, 27], [63, 78], [91, 66], [90, 31], [29, 7], [25, 55], [46, 10], [1, 10], [44, 0], [50, 57], [56, 68], [19, 80], [47, 78], [47, 20], [13, 30], [39, 98], [38, 25], [35, 48], [55, 68], [38, 77], [14, 47], [94, 98], [39, 42], [62, 4], [37, 23], [0, 9], [68, 43], [89, 23], [58, 74], [24, 84], [30, 67], [50, 24], [17, 75], [2, 84], [52, 23], [42, 78], [67, 65], [7, 84], [84, 96], [94, 34], [93, 48], [68, 90], [38, 67], [1, 58], [16, 67], [68, 27], [61, 75], [7, 0], [17, 48], [92, 84], [9, 0], [58, 81], [48, 8], [97, 8], [16, 0], [31, 28], [77, 63], [74, 64], [93, 76], [64, 43], [55, 55], [13, 46], [45, 5], [59, 64], [69, 50], [80, 42], [3, 10], [28, 26], [77, 79], [62, 74], [34, 4], [87, 33], [40, 77], [3, 85], [62, 96], [46, 73], [23, 38], [56, 87], [80, 97], [36, 31], [41, 29], [88, 21], [30, 51], [91, 44], [48, 68], [25, 68], [82, 38], [46, 18], [44, 92], [9, 48], [14, 31], [84, 38], [40, 20], [64, 81], [65, 53], [15, 74], [67, 99], [92, 26], [44, 39], [66, 22], [82, 74], [42, 39], [17, 17], [93, 68], [98, 47], [22, 7], [77, 82], [10, 48], [87, 95], [88, 65], [58, 7], [30, 70], [78, 17], [23, 50], [37, 9], [72, 79], [76, 17], [59, 33], [46, 74], [67, 53], [66, 96], [4, 98], [9, 54], [86, 66], [27, 7], [71, 12], [17, 93], [7, 94], [43, 78], [5, 53], [4, 76], [21, 45], [84, 54], [79, 72], [43, 76], [4, 43], [9, 30], [17, 76], [30, 25], [59, 94], [98, 38], [25, 88], [49, 30], [99, 24], [76, 48], [70, 92], [17, 59], [15, 8], [63, 57], [33, 80], [74, 12], [42, 92], [58, 92], [32, 55], [71, 81], [88, 32], [88, 26], [19, 20], [58, 88], [94, 16], [89, 2], [57, 77], [89, 80], [56, 42], [70, 76], [49, 53], [15, 97], [66, 80], [55, 52], [4, 1], [56, 59], [78, 88], [74, 34], [31, 39], [33, 47], [12, 32], [89, 81], [14, 46], [10, 49], [28, 41], [56, 67], [80, 28], [3, 44], [82, 57], [78, 73], [55, 36], [27, 19], [87, 64], [10, 27], [87, 35], [27, 89], [5, 23], [93, 5], [8, 27], [91, 40], [10, 73], [72, 78], [84, 75], [32, 12], [64, 80], [14, 9], [90, 76], [28, 59], [60, 69], [6, 46], [44, 36], [74, 68], [46, 88], [23, 96], [55, 75], [48, 91], [38, 42], [89, 68], [14, 27], [21, 78], [93, 91], [79, 63], [70, 9], [96, 49], [65, 72], [64, 75], [64, 79], [35, 43], [63, 47], [13, 94], [32, 98], [93, 95], [14, 99], [49, 34], [34, 36], [84, 83], [69, 11], [35, 11], [58, 69], [39, 22], [83, 12], [38, 97], [11, 66], [0, 26], [81, 18], [54, 92], [11, 30], [33, 90], [8, 46], [37, 38], [55, 97], [35, 93], [69, 47], [74, 94], [89, 74], [17, 35], [15, 4], [79, 9], [85, 24], [15, 96], [59, 44], [16, 19], [79, 94], [28, 85], [71, 80], [50, 65], [86, 57], [84, 14], [40, 22], [66, 46], [58, 52], [98, 59], [84, 50], [94, 84], [20, 30], [53, 17], [25, 28], [86, 70], [51, 19], [43, 97], [50, 75], [63, 53], [76, 19], [13, 68], [83, 95], [82, 51], [44, 18], [90, 3], [57, 15], [43, 62], [96, 58], [60, 1], [56, 57], [90, 67], [34, 23], [79, 53], [24, 56], [64, 85], [36, 19], [11, 40], [19, 74], [14, 61], [31, 11], [95, 66], [62, 93], [25, 83], [34, 93], [93, 20], [37, 39], [41, 14], [87, 48], [96, 86], [54, 82], [25, 2], [85, 64], [34, 13], [90, 2], [67, 46], [20, 18], [69, 61], [71, 65], [33, 26], [16, 79], [82, 4], [12, 60], [75, 16], [92, 78], [14, 60], [95, 3], [41, 49], [48, 9], [10, 45], [20, 60], [66, 13], [91, 52], [34, 20], [48, 94], [11, 4], [51, 61], [4, 78], [92, 35], [28, 36], [3, 35], [78, 15], [23, 32], [28, 19], [88, 81], [30, 1], [6, 48], [79, 97], [82, 87], [12, 18], [39, 52], [24, 66], [43, 88], [8, 80], [45, 51], [39, 29], [36, 15], [97, 18], [57, 45], [6, 54], [11, 8], [79, 48], [78, 74], [78, 16], [32, 18], [71, 54], [87, 49], [23, 7], [54, 42], [95, 1], [48, 52], [17, 31], [26, 66], [51, 74], [73, 15], [53, 50], [49, 45], [48, 53], [12, 65], [96, 63], [68, 12], [81, 21], [26, 2], [12, 17], [71, 13], [82, 5], [58, 51], [34, 80], [50, 59], [86, 82], [98, 18], [80, 39], [8, 69], [93, 26], [95, 98], [47, 48], [26, 95], [82, 94], [57, 44], [17, 4], [82, 70], [39, 82], [19, 26], [25, 43], [77, 49], [15, 10], [52, 0], [77, 39], [21, 64], [15, 13], [19, 35], [85, 82], [90, 65], [40, 87], [55, 83], [86, 89], [59, 63], [94, 94], [70, 88], [13, 75], [64, 65], [32, 61], [60, 96], [29, 85], [21, 73], [77, 12], [24, 29], [10, 65], [12, 25], [86, 76], [3, 96], [60, 21], [84, 82], [38, 82], [31, 78], [17, 45], [87, 50], [12, 23], [50, 23], [66, 58], [76, 67], [88, 49], [19, 92], [63, 45], [25, 36], [81, 92], [77, 52], [81, 87], [80, 60], [32, 83], [26, 41], [71, 6], [63, 92], [78, 38], [52, 99], [31, 36], [50, 37], [72, 21], [24, 92], [2, 80], [36, 92], [73, 72], [39, 67], [60, 97], [66, 17], [78, 26], [77, 35], [87, 38], [82, 75], [31, 9], [26, 12], [53, 48], [77, 61], [36, 99], [15, 52], [44, 43], [70, 34], [78, 47], [65, 15], [90, 17], [43, 22], [38, 98], [83, 16], [38, 14], [71, 68], [15, 27], [84, 85], [77, 10], [26, 94], [54, 91], [60, 8], [44, 6], [4, 89], [73, 94], [52, 93], [66, 74], [94, 55], [11, 26], [27, 6], [22, 25], [45, 19], [59, 93], [11, 48], [79, 74], [76, 58], [66, 65], [12, 44], [13, 9], [22, 43], [31, 10], [23, 84], [93, 23], [91, 34], [64, 3], [78, 52], [3, 34], [20, 22], [6, 36], [70, 98], [62, 95], [76, 98], [11, 90], [97, 35], [3, 51], [0, 34], [69, 28], [69, 93], [60, 62], [63, 48], [86, 1], [61, 88], [73, 34], [96, 46], [44, 74], [67, 51], [6, 81], [64, 35], [10, 19], [3, 49], [87, 41], [70, 41], [4, 64], [79, 91], [70, 68], [81, 70], [78, 70], [87, 13], [50, 84], [27, 27], [82, 2], [30, 30], [32, 45], [41, 98], [70, 77], [48, 61], [54, 11], [66, 64], [29, 21], [35, 40], [80, 40], [75, 33], [52, 52], [90, 53], [33, 35], [69, 68], [26, 88], [3, 70], [83, 86], [93, 61], [19, 78], [66, 43], [23, 21], [60, 12], [69, 17], [18, 57], [36, 5], [88, 44], [17, 14], [97, 29], [93, 94], [23, 67], [63, 54], [33, 75], [45, 49], [2, 65], [46, 84], [83, 57], [37, 17], [73, 64], [89, 40], [28, 98], [95, 49], [33, 85], [77, 70], [80, 59], [73, 98], [17, 98], [4, 5], [2, 15], [96, 44], [77, 20], [74, 83], [44, 80], [63, 12], [65, 79], [39, 48], [82, 8], [4, 86], [54, 13], [78, 66], [51, 8], [57, 58], [33, 8], [82, 73], [30, 36], [46, 13], [95, 79], [51, 98], [70, 22], [48, 85], [61, 97], [62, 73], [98, 3], [78, 48], [3, 78], [35, 38], [49, 67], [15, 7], [11, 16], [13, 4], [64, 71], [2, 36], [72, 91], [18, 18], [55, 6], [57, 31], [95, 74], [64, 77], [51, 42], [55, 65], [84, 73], [39, 61], [19, 64], [92, 21], [66, 49], [88, 13], [65, 80], [84, 84], [98, 30], [72, 17], [13, 27], [79, 87], [25, 58], [18, 59], [56, 82], [91, 35], [10, 6], [73, 27], [91, 76], [23, 52], [97, 33], [3, 9], [42, 37], [1, 14], [4, 9], [25, 90], [48, 59], [83, 27], [70, 20], [74, 65], [50, 93], [34, 49], [5, 59], [69, 37], [49, 57], [61, 82], [92, 24], [74, 41], [31, 91], [13, 49], [80, 53], [71, 23], [14, 12], [4, 42], [13, 8], [94, 62], [30, 92], [91, 51], [41, 73], [23, 60], [22, 46], [20, 58], [47, 80], [91, 50], [85, 73], [83, 56], [78, 25], [69, 88], [76, 79], [52, 84], [21, 3], [4, 67], [59, 70], [15, 62], [9, 72], [15, 58], [58, 72], [21, 30], [85, 48], [51, 21], [89, 44], [99, 41], [97, 79], [79, 82], [21, 96], [5, 48], [99, 66], [26, 90], [64, 0], [58, 98], [45, 64], [96, 55], [8, 49], [87, 43], [24, 7], [87, 46], [44, 25], [61, 93], [20, 23], [43, 3], [57, 29], [73, 63], [66, 44], [90, 99], [69, 73], [98, 1], [48, 34], [92, 29], [34, 90], [92, 30], [72, 41], [57, 88], [91, 65], [45, 77], [97, 3], [27, 12], [83, 44], [51, 53], [63, 46], [74, 40], [62, 1], [14, 59], [76, 14], [85, 81], [68, 74], [17, 29], [84, 46], [17, 41], [93, 71], [63, 38], [59, 91], [98, 69], [61, 83], [70, 72], [20, 64], [90, 43], [39, 26], [50, 8], [29, 71], [62, 38], [20, 57], [1, 41], [91, 53], [90, 55], [38, 8], [32, 92], [23, 81], [78, 90], [44, 78], [70, 96], [39, 20], [87, 78], [13, 21], [26, 77], [75, 80], [92, 17], [24, 41], [79, 62], [4, 34], [62, 65], [60, 66], [95, 68], [98, 16], [36, 6], [9, 96], [33, 88], [66, 20], [29, 80], [64, 38], [62, 40], [21, 59], [61, 37], [80, 17], [25, 31], [86, 32], [32, 82], [58, 37], [25, 26], [81, 58], [37, 27], [40, 91], [74, 13], [95, 46], [78, 80], [78, 53], [20, 43], [10, 94], [53, 77], [21, 98], [83, 28], [52, 53], [41, 9], [75, 94], [99, 22], [95, 22], [49, 48], [70, 10], [91, 96], [61, 1], [79, 44], [43, 71], [94, 49], [37, 61], [56, 63], [24, 59], [89, 72], [67, 95], [9, 4], [59, 29], [7, 54], [92, 81], [96, 74], [76, 61], [29, 18], [50, 78], [55, 50], [70, 23], [10, 5], [59, 17], [5, 47], [48, 10], [84, 27], [13, 40], [28, 94], [16, 18], [19, 6], [14, 26], [91, 32], [68, 66], [8, 87], [19, 28], [14, 49], [83, 7], [89, 71], [1, 68], [94, 91], [88, 41], [77, 19], [49, 25], [8, 75], [47, 19], [27, 99], [40, 28], [14, 1], [99, 57], [7, 20], [2, 97], [63, 27], [84, 49], [26, 25], [2, 17], [50, 49], [17, 5], [15, 14], [21, 8], [8, 12], [29, 43], [90, 81], [6, 61], [39, 17], [1, 34], [6, 96], [86, 10], [95, 43], [87, 11], [92, 4], [81, 14], [55, 96], [29, 5], [34, 61], [43, 66], [57, 68], [93, 69], [39, 32], [66, 40], [34, 24], [48, 44], [84, 5], [81, 81], [20, 21], [14, 7], [79, 36], [26, 55], [84, 33], [58, 2], [44, 71], [99, 62], [79, 61], [39, 71], [44, 2], [23, 18], [41, 27], [1, 46], [5, 5], [37, 92], [93, 22], [10, 93], [69, 98], [76, 81], [61, 23], [34, 9], [44, 97], [63, 13], [37, 56], [70, 54], [26, 10], [79, 55], [65, 65], [25, 73], [0, 96], [57, 63], [76, 63], [46, 14], [95, 65], [63, 51], [17, 71], [57, 59], [25, 33], [90, 38], [13, 31], [34, 92], [34, 91], [13, 96], [43, 20], [99, 33], [35, 19], [92, 6], [23, 53], [62, 66], [18, 55], [44, 47], [25, 23], [68, 45], [29, 79], [39, 92], [78, 55], [27, 37], [75, 51], [68, 67], [31, 66], [35, 92], [90, 41], [98, 81], [18, 32], [40, 71], [75, 35], [90, 25], [95, 27], [1, 95], [56, 97], [89, 76], [41, 28], [66, 79], [75, 93], [53, 85], [87, 20], [82, 53], [73, 29], [5, 22], [99, 58], [52, 29], [80, 54], [57, 86], [35, 96], [28, 92], [97, 27], [47, 66], [55, 66], [42, 41], [2, 47], [46, 71], [62, 82], [74, 96], [66, 39], [65, 38], [15, 44], [60, 77], [9, 31], [83, 1], [83, 38], [36, 17], [26, 16], [34, 46], [15, 3], [27, 63], [65, 27], [55, 80], [0, 33], [10, 8], [24, 90], [93, 70], [6, 56], [71, 36], [10, 76], [30, 13], [92, 36], [19, 1], [85, 66], [72, 16], [61, 38], [28, 80], [68, 87], [44, 1], [66, 93], [66, 50], [77, 14], [70, 81], [12, 46], [97, 97], [17, 33], [11, 39], [99, 64], [41, 19], [12, 89], [20, 38], [24, 26], [2, 27], [90, 68], [85, 49], [41, 82], [94, 99], [15, 77], [74, 98], [26, 9], [69, 52], [60, 95], [31, 0], [10, 83], [39, 39], [74, 63], [90, 5], [30, 61], [17, 42], [55, 92], [57, 74], [16, 9], [72, 89], [41, 71], [5, 56], [26, 21], [43, 17], [97, 86], [11, 2], [72, 64], [83, 17], [14, 0], [93, 58], [42, 98], [46, 49], [3, 82], [20, 2], [39, 83], [97, 43], [76, 97], [28, 10], [29, 44], [13, 33], [85, 26], [33, 87], [63, 94], [58, 18], [94, 5], [83, 3], [43, 98], [33, 53], [76, 33], [90, 34], [94, 47], [74, 44], [95, 82], [36, 61], [79, 49], [75, 6], [63, 75], [42, 23], [76, 95], [7, 43], [54, 98], [60, 92], [27, 92], [85, 54], [11, 19], [49, 51], [56, 65], [20, 10], [85, 95], [35, 88], [56, 84], [83, 47], [28, 29], [99, 97], [38, 62], [40, 96], [81, 44], [25, 39], [68, 71], [81, 95], [8, 20], [90, 97], [88, 60], [58, 30], [79, 66], [13, 20], [89, 52], [95, 2], [76, 35], [76, 18], [95, 56], [45, 98], [65, 57], [35, 54], [21, 80], [98, 31], [32, 7], [53, 90], [21, 34], [19, 63], [17, 84], [22, 62], [64, 98], [12, 39], [83, 99], [83, 11], [45, 18], [47, 91], [56, 81], [6, 27], [28, 4], [2, 96], [15, 59], [84, 72], [51, 24], [95, 54], [57, 14], [69, 9], [21, 76], [92, 18], [1, 53], [67, 36], [61, 17], [23, 28], [28, 54], [55, 78], [40, 30], [85, 34], [91, 38], [98, 67], [25, 65], [48, 32], [94, 40], [19, 84], [19, 53], [24, 21], [48, 74], [54, 9], [30, 9], [50, 54], [89, 38], [83, 6], [22, 35], [35, 60], [81, 61], [56, 55], [2, 5], [27, 17], [3, 12], [88, 54], [71, 98], [18, 10], [91, 79], [54, 69], [62, 69], [21, 71], [92, 85], [25, 32], [92, 99], [17, 38], [48, 51], [60, 94], [59, 32], [69, 75], [29, 98], [99, 75], [57, 71], [33, 81], [97, 22], [43, 26], [99, 40], [76, 29], [1, 52], [23, 83], [1, 33], [20, 35], [80, 93], [89, 55], [47, 42], [40, 13], [96, 45], [79, 98], [89, 93], [62, 70], [14, 3], [28, 70], [87, 85], [33, 22], [58, 36], [1, 81], [5, 42], [53, 92], [35, 6], [4, 25], [58, 41], [8, 53], [20, 92], [46, 46], [34, 26], [81, 64], [69, 94], [78, 6], [33, 52], [12, 38], [1, 5], [24, 89], [88, 68], [61, 8], [45, 20], [45, 79], [98, 48], [13, 12], [33, 28], [84, 17], [16, 85], [70, 36], [88, 14], [20, 42], [40, 62], [43, 99], [32, 43], [85, 84], [27, 2], [87, 19], [69, 70], [21, 51], [0, 27], [67, 40], [24, 25], [19, 18], [1, 4], [25, 92], [65, 1], [42, 32], [98, 35], [73, 89], [20, 46], [68, 55], [96, 60], [34, 41], [19, 2], [73, 70], [76, 45], [68, 28], [31, 30], [58, 56], [21, 21], [45, 15], [29, 20], [67, 77], [85, 70], [3, 19], [13, 99], [25, 30], [72, 77], [65, 71], [35, 81], [77, 51], [31, 59], [5, 77], [11, 88], [10, 56], [47, 23], [55, 19], [75, 17], [89, 85], [42, 79], [71, 40], [92, 37], [40, 32], [57, 53], [8, 15], [91, 39], [90, 61], [61, 46], [69, 45], [52, 9], [34, 96], [59, 84], [27, 59], [89, 3], [11, 1], [66, 16], [64, 66], [80, 63], [7, 4], [76, 27], [63, 9], [88, 43], [14, 55], [31, 94], [16, 40], [89, 79], [59, 11], [93, 18], [0, 95], [99, 31], [29, 76], [35, 55], [30, 33], [10, 98], [66, 56], [27, 36], [10, 2], [1, 84], [48, 21], [61, 92], [76, 59], [24, 9], [62, 21], [7, 13], [30, 79], [98, 95], [16, 13], [86, 28], [95, 85], [87, 83], [23, 20], [54, 46], [63, 29], [8, 64], [26, 89], [11, 36], [97, 2], [7, 25], [74, 69], [99, 36], [37, 0], [56, 90], [95, 59], [41, 54], [26, 79], [75, 69], [17, 21], [78, 9], [10, 60], [48, 67], [92, 13], [85, 3], [25, 37], [51, 14], [6, 97], [58, 53], [21, 95], [81, 47], [11, 44], [93, 15], [88, 53], [39, 18], [25, 16], [81, 31], [33, 92], [19, 95], [32, 19], [67, 41], [95, 94], [97, 30], [97, 23], [78, 64], [79, 47], [89, 39], [51, 27], [28, 21], [37, 93], [20, 77], [70, 99], [38, 74], [40, 86], [18, 98], [17, 16], [66, 47], [92, 1], [85, 47], [53, 72], [73, 6], [18, 0], [65, 93], [20, 94], [78, 2], [78, 20], [81, 27], [31, 67], [67, 87], [46, 17], [20, 82], [84, 47], [41, 26], [80, 84], [82, 17], [91, 23], [38, 56], [44, 7], [10, 52], [54, 87], [49, 17], [82, 30], [34, 79], [65, 75], [47, 7], [82, 44], [97, 87], [99, 27], [71, 42], [19, 87], [53, 9], [99, 38], [29, 3], [43, 85], [12, 84], [16, 23], [77, 40], [91, 93], [2, 49], [56, 69], [31, 73], [33, 77], [34, 77], [99, 94], [39, 15], [79, 15], [39, 85], [84, 2], [93, 49], [86, 74], [15, 38], [31, 41], [88, 55], [51, 52], [93, 13], [77, 76], [84, 92], [70, 63], [52, 81], [41, 81], [81, 96], [62, 71], [29, 62], [19, 96], [24, 80], [18, 52], [39, 80], [9, 27], [97, 75], [43, 69], [74, 77], [47, 51], [39, 4], [57, 55], [38, 30], [40, 1], [5, 52], [36, 46], [0, 22], [66, 66], [96, 24], [42, 22], [69, 36], [14, 43], [67, 52], [53, 64], [40, 95], [95, 81], [69, 15], [7, 90], [85, 21], [14, 38], [69, 92], [79, 2], [16, 12], [64, 57], [72, 54], [66, 59], [38, 78], [28, 86], [97, 73], [33, 91], [55, 51], [20, 59], [22, 45], [0, 58], [66, 6], [59, 95], [65, 67], [25, 19], [60, 83], [19, 86], [83, 93], [58, 26], [87, 45], [13, 47], [55, 94], [14, 20], [96, 78], [46, 96], [49, 46], [68, 37], [25, 21], [67, 48], [9, 79], [51, 5], [8, 39], [2, 82], [75, 32], [0, 31], [87, 68], [45, 72], [76, 3], [98, 68], [67, 90], [49, 56], [38, 88], [12, 28], [48, 95], [52, 56], [44, 14], [52, 33], [7, 50], [88, 30], [75, 71], [34, 28], [89, 96], [40, 7], [91, 7], [61, 40], [89, 4], [28, 28], [21, 93], [24, 68], [85, 75], [89, 86], [68, 84], [19, 79], [30, 81], [61, 28], [82, 28], [63, 8], [80, 26], [7, 73], [52, 97], [97, 84], [49, 15], [23, 1], [73, 4], [94, 50], [46, 55], [11, 43], [79, 20], [82, 14], [26, 6], [79, 90], [52, 44], [19, 93], [8, 33], [56, 3], [44, 67], [34, 94], [21, 39], [8, 82], [76, 83], [78, 37], [84, 62], [63, 77], [55, 42], [72, 83], [9, 99], [61, 90], [35, 12], [76, 94], [69, 3], [35, 87], [78, 27], [26, 54], [61, 91], [48, 75], [34, 14], [30, 66], [42, 15], [36, 77], [82, 64], [84, 9], [7, 17], [95, 25], [98, 33], [98, 37], [2, 52], [17, 40], [86, 60], [28, 34], [83, 25], [94, 3], [11, 5], [86, 98], [28, 16], [92, 68], [12, 33], [41, 96], [17, 3], [10, 84], [96, 65], [93, 4], [9, 71], [17, 51], [91, 97], [54, 2], [33, 94], [51, 54], [90, 42], [62, 99], [65, 86], [82, 96], [10, 29], [72, 42], [65, 96], [80, 61], [18, 42], [99, 72], [82, 83], [80, 22], [53, 43], [43, 14], [14, 44], [71, 96], [8, 54], [74, 87], [45, 94], [71, 49], [83, 31], [83, 70], [44, 27], [8, 88], [53, 75], [45, 66], [98, 42], [66, 71], [92, 48], [69, 62], [96, 1], [90, 79], [87, 86], [8, 29], [51, 48], [27, 31], [93, 6], [37, 95], [11, 96], [42, 18], [76, 43], [97, 0], [55, 48], [4, 50], [56, 31], [3, 50], [61, 67], [32, 2], [45, 10], [47, 54], [23, 71], [35, 7], [37, 44], [35, 97], [8, 72], [37, 25], [16, 28], [3, 28], [57, 75], [41, 30], [74, 27], [65, 59], [83, 19], [89, 32], [28, 15], [49, 39], [94, 86], [86, 93], [67, 21], [97, 50], [39, 6], [32, 34], [88, 74], [17, 30], [79, 57], [96, 4], [25, 69], [83, 26], [72, 97], [8, 43], [88, 92], [88, 99], [71, 51], [85, 35], [48, 36], [46, 25], [0, 64], [5, 50], [19, 3], [98, 49], [37, 47], [6, 37], [19, 34], [26, 40], [97, 25], [57, 81], [69, 67], [33, 84], [85, 20], [60, 55], [8, 79], [46, 51], [81, 17], [27, 22], [84, 18], [5, 39], [59, 77], [46, 37], [82, 23], [8, 99], [47, 41], [67, 60], [72, 19], [83, 35], [72, 87], [67, 59], [68, 46], [62, 58], [67, 96], [55, 33], [93, 25], [96, 85], [84, 45], [49, 94], [40, 46], [35, 22], [12, 41], [59, 41], [2, 50], [18, 64], [72, 63], [85, 93], [97, 51], [68, 14], [52, 39], [13, 78], [37, 35], [45, 2], [45, 89], [14, 11], [41, 51], [67, 73], [24, 11], [36, 95], [27, 16], [52, 98], [62, 23], [51, 35], [72, 88], [86, 41], [81, 39], [74, 18], [22, 20], [93, 38], [80, 7], [7, 71], [33, 89], [8, 50], [83, 8], [44, 62], [17, 77], [14, 72], [16, 17], [17, 44], [49, 5], [50, 51], [19, 31], [92, 43], [6, 79], [0, 77], [52, 25], [54, 49], [53, 18], [34, 43], [13, 97], [90, 49], [37, 73], [92, 51], [11, 75], [22, 4], [8, 84], [61, 55], [28, 43], [51, 44], [3, 25], [12, 52], [81, 15], [46, 66], [55, 41], [15, 76], [67, 0], [4, 40], [64, 54], [25, 87], [96, 51], [47, 89], [12, 69], [56, 78], [96, 27], [80, 18], [42, 99], [51, 49], [65, 14], [29, 1], [34, 17], [68, 47], [77, 83], [65, 25], [25, 89], [92, 5], [0, 11], [40, 80], [24, 96], [19, 21], [58, 66], [62, 56], [40, 12], [74, 45], [18, 7], [97, 89], [55, 15], [42, 14], [95, 45], [61, 19], [55, 49], [43, 31], [98, 94], [74, 9], [12, 56], [50, 67], [15, 69], [25, 29], [3, 89], [23, 14], [14, 13], [37, 43], [94, 73], [64, 52], [88, 51], [71, 71], [27, 58], [61, 78], [16, 16], [99, 25], [93, 85], [56, 39], [25, 12], [84, 44], [29, 83], [12, 95], [96, 68], [93, 3], [75, 79], [18, 16], [91, 59], [19, 25], [97, 14], [99, 92], [71, 21], [3, 76], [53, 59], [49, 19], [49, 14], [77, 58], [17, 46], [96, 35], [83, 21], [70, 84], [46, 61], [7, 69], [91, 3], [93, 32], [76, 47], [92, 98], [17, 67], [41, 55], [99, 18], [59, 88], [24, 77], [86, 49], [22, 32], [87, 75], [14, 78], [15, 47], [8, 40], [22, 51], [5, 46], [99, 30], [25, 64], [87, 72], [1, 57], [65, 35], [64, 84], [71, 94], [34, 53], [2, 71], [34, 2], [37, 82], [95, 6], [77, 8], [60, 0], [12, 11], [31, 26], [26, 19], [16, 75], [82, 22], [35, 84], [35, 29], [63, 11], [45, 30], [89, 90], [31, 44], [91, 33], [80, 14], [52, 41], [26, 0], [3, 81], [73, 38], [78, 71], [60, 89], [61, 86], [44, 10], [21, 58], [93, 81], [55, 1], [88, 76], [18, 75], [3, 77], [13, 62], [33, 76], [25, 60], [21, 94], [28, 3], [47, 24], [19, 59], [7, 29], [5, 26], [86, 83], [68, 49], [93, 27], [76, 50], [8, 45], [82, 21], [88, 6], [95, 67], [78, 1], [32, 31], [2, 58], [27, 41], [67, 24], [8, 41], [80, 58], [47, 67], [41, 77], [59, 4], [18, 39], [87, 51], [82, 61], [5, 25], [36, 86], [77, 47], [81, 54], [82, 60], [99, 35], [36, 41], [99, 45], [73, 93], [14, 14], [19, 66], [92, 66], [57, 57], [77, 17], [54, 32], [57, 10], [80, 94], [44, 55], [63, 43], [42, 85], [33, 33], [37, 49], [73, 69], [41, 68], [10, 75], [37, 26], [8, 30], [96, 21], [20, 5], [89, 1], [95, 8], [87, 16], [71, 88], [30, 39], [84, 12], [81, 36], [37, 57], [2, 87], [94, 66], [27, 86], [13, 24], [77, 92], [19, 32], [69, 44], [74, 33], [26, 11], [3, 60], [21, 65], [7, 33], [92, 80], [23, 65], [66, 15], [55, 89], [88, 83], [42, 48], [94, 89], [88, 63], [54, 95], [49, 52], [90, 89], [97, 15], [60, 81], [93, 33], [3, 38], [92, 53], [14, 83], [10, 1], [12, 34], [10, 30], [16, 1], [4, 29], [58, 91], [98, 53], [54, 77], [33, 66], [24, 44], [37, 85], [81, 99], [92, 19], [72, 33], [58, 79], [10, 77], [82, 99], [81, 46], [25, 34], [86, 40], [67, 33], [12, 21], [71, 83], [34, 83], [80, 76], [23, 68], [13, 25], [15, 99], [60, 37], [41, 21], [86, 43], [69, 43], [83, 51], [44, 3], [83, 42], [70, 90], [63, 16], [17, 18], [64, 96], [80, 25], [93, 86], [99, 52], [41, 72], [65, 95], [30, 8], [90, 44], [26, 80], [89, 94], [2, 39], [2, 38], [74, 19], [19, 19], [14, 37], [0, 74], [78, 21], [30, 18], [32, 90], [17, 0], [11, 49], [54, 70], [31, 27], [68, 5], [45, 55], [20, 25], [92, 73], [27, 96], [41, 94], [63, 42], [76, 4], [20, 26], [61, 70], [94, 51], [94, 87], [39, 97], [50, 28], [25, 86], [13, 11], [40, 75], [12, 96], [78, 33], [15, 66], [34, 59], [12, 7], [1, 71], [58, 75], [78, 62], [79, 99], [43, 28], [16, 27], [98, 58], [28, 55], [95, 4], [68, 51], [44, 70], [15, 92], [99, 42], [68, 64], [47, 37], [83, 82], [88, 50], [97, 26], [54, 24], [93, 98], [38, 79], [50, 63], [71, 38], [32, 62], [88, 42], [50, 19], [1, 3], [72, 93], [24, 38], [29, 65], [54, 88], [90, 66], [62, 30], [65, 89], [88, 95], [11, 84], [70, 28], [13, 42], [95, 44], [5, 74], [0, 99], [22, 2], [86, 68], [42, 72], [49, 9], [81, 50], [79, 43], [7, 79], [54, 71], [20, 20], [58, 68], [5, 73], [11, 31], [78, 45], [2, 18], [66, 72], [27, 4], [99, 53], [94, 7], [40, 63], [25, 94], [6, 98], [73, 45], [25, 52], [18, 1], [24, 81], [13, 90], [11, 47], [74, 60], [44, 24], [53, 53], [9, 7], [11, 87], [62, 61], [25, 82], [27, 68], [59, 14], [67, 81], [96, 42], [0, 79], [35, 26], [7, 72], [82, 98], [27, 50], [98, 66], [66, 73], [23, 4], [49, 49], [67, 47], [53, 66], [12, 2], [84, 71], [56, 48], [69, 53], [8, 38], [76, 90], [12, 31], [54, 55], [68, 25], [5, 45], [37, 88], [4, 12], [51, 18], [93, 46], [56, 9], [69, 26], [10, 50], [84, 41], [76, 82], [2, 37], [72, 62], [93, 84], [37, 94], [57, 83], [80, 65], [17, 94], [60, 19], [50, 76], [29, 89], [76, 39], [57, 64], [34, 32], [63, 99], [1, 19], [26, 52], [79, 68], [57, 13], [98, 41], [26, 81], [50, 46], [75, 61], [85, 85], [74, 8], [45, 73], [87, 62], [41, 0], [85, 19], [37, 14], [97, 61], [68, 92], [84, 76], [74, 36], [96, 23], [13, 13], [82, 79], [99, 50], [75, 85], [11, 46], [66, 14], [58, 29], [45, 75], [15, 55], [63, 73], [42, 55], [6, 30], [48, 98], [21, 5], [67, 74], [85, 1], [99, 54], [2, 35], [95, 23], [7, 9], [95, 93], [89, 61], [16, 24], [70, 53], [6, 67], [70, 52], [83, 71], [99, 19], [24, 83], [14, 8], [82, 13], [10, 72], [74, 62], [73, 36], [16, 57], [54, 33], [38, 19], [19, 55], [43, 59], [34, 99], [99, 68], [67, 34], [3, 98], [18, 87], [86, 6], [61, 33], [60, 91], [73, 65], [71, 90], [77, 80], [69, 69], [88, 7], [45, 8], [18, 86], [93, 43], [68, 54], [45, 50], [72, 35], [87, 89], [3, 79], [32, 37], [43, 79], [59, 1], [70, 29], [79, 71], [81, 38], [42, 27], [83, 96], [97, 32], [92, 56], [9, 1], [75, 67], [35, 76], [33, 44], [12, 78], [74, 74], [13, 36], [48, 20], [2, 32], [1, 37], [84, 86], [33, 16], [2, 99], [81, 51], [7, 14], [28, 51], [8, 44], [70, 14], [63, 93], [71, 86], [23, 31], [5, 29], [31, 8], [34, 27], [79, 69], [9, 20], [75, 9], [65, 52], [40, 29], [80, 46], [83, 85], [26, 26], [55, 16], [50, 48], [25, 91], [45, 35], [50, 80], [87, 15], [42, 13], [39, 96], [61, 53], [27, 69], [10, 44], [83, 14], [71, 89], [77, 66], [51, 10], [77, 29], [89, 64], [49, 38], [71, 78], [41, 92], [47, 10], [85, 12], [50, 52], [45, 7], [49, 77], [22, 80], [77, 36], [27, 26], [45, 80], [94, 15], [91, 26], [97, 57], [30, 21], [30, 50], [74, 97], [28, 52], [0, 40], [98, 89], [7, 61], [30, 84], [16, 45], [85, 6], [17, 92], [15, 39], [32, 57], [53, 76], [73, 84], [93, 47], [79, 58], [61, 45], [44, 99], [64, 88], [12, 8], [73, 74], [26, 23], [88, 47], [70, 27], [80, 56], [12, 61], [52, 92], [97, 10], [22, 27], [77, 77], [80, 92], [80, 21], [71, 30], [11, 77], [45, 48], [51, 7], [29, 49], [67, 58], [29, 96], [40, 56], [39, 21], [55, 67], [2, 12], [2, 29], [56, 98], [78, 13], [9, 68], [18, 68], [44, 51], [78, 60], [87, 29], [66, 24], [47, 61], [80, 89], [40, 97], [94, 0], [69, 48], [64, 95], [4, 32], [98, 36], [82, 67], [67, 49], [94, 31], [32, 33], [89, 42], [48, 26], [58, 64], [3, 5], [13, 35], [46, 21], [22, 67], [2, 95], [26, 13], [15, 11], [21, 40], [96, 84], [96, 83], [42, 28], [97, 6], [78, 79], [7, 12], [75, 15], [11, 45], [69, 83], [91, 18], [45, 71], [53, 31], [6, 29], [23, 69], [21, 27], [59, 39], [27, 42], [23, 29], [60, 73], [70, 83], [6, 76], [4, 82], [21, 9], [65, 56], [9, 11], [0, 88], [23, 12], [97, 34], [88, 38], [1, 59], [11, 25], [88, 85], [81, 7], [7, 65], [89, 34], [3, 74], [90, 35], [68, 94], [50, 89], [20, 6], [96, 15], [13, 28], [29, 34], [86, 80], [42, 5], [91, 22], [89, 12], [91, 64], [59, 76], [24, 13], [18, 44], [40, 14], [4, 33], [43, 94], [57, 87], [85, 13], [75, 62], [91, 1], [29, 29], [85, 22], [52, 51], [38, 23], [32, 91], [43, 23], [42, 20], [30, 26], [22, 28], [11, 29], [36, 10], [49, 73], [78, 36], [65, 58], [61, 49], [46, 52], [64, 37], [54, 84], [52, 26], [20, 45], [28, 67], [16, 20], [1, 99], [72, 85], [73, 16], [70, 32], [4, 44], [89, 59], [81, 45], [33, 82], [70, 64], [35, 83], [63, 58], [64, 45], [64, 87], [83, 83], [41, 52], [72, 73], [59, 56], [82, 20], [86, 23], [35, 23], [11, 95], [27, 20], [60, 98], [90, 92], [11, 62], [93, 97], [30, 0], [6, 4], [81, 89], [51, 43], [25, 18], [58, 16], [97, 7], [97, 45], [54, 61], [71, 66], [67, 54], [91, 85], [75, 70], [57, 1], [76, 12], [2, 68], [79, 60], [35, 86], [93, 2], [95, 24], [36, 97], [60, 31], [46, 75], [51, 25], [21, 63], [78, 78], [44, 40], [54, 4], [76, 7], [58, 50], [43, 16], [55, 82], [10, 33], [12, 72], [66, 89], [7, 39], [72, 38], [3, 56], [37, 99], [65, 44], [96, 28], [22, 6], [61, 62], [56, 86], [98, 84], [20, 66], [75, 44], [60, 88], [39, 95], [83, 74], [14, 94], [88, 69], [88, 37], [43, 21], [86, 25], [6, 35], [32, 84], [6, 72], [97, 69], [41, 78], [92, 58], [8, 35], [32, 86], [25, 22], [77, 45], [15, 65], [24, 85], [4, 8], [58, 1], [84, 24], [95, 26], [91, 74], [59, 51], [73, 35], [31, 1], [49, 81], [89, 88], [8, 4], [11, 92], [24, 24], [87, 14], [49, 41], [80, 83], [82, 27], [0, 80], [44, 15], [87, 56], [86, 33], [55, 70], [5, 81], [75, 19], [45, 46], [16, 41], [76, 92], [20, 28], [56, 24], [88, 1], [6, 83], [93, 21], [72, 4], [48, 54], [74, 79], [61, 50], [91, 56], [21, 89], [73, 30], [68, 8], [58, 48], [71, 29], [48, 17], [81, 66], [78, 41], [68, 3], [38, 84], [87, 24], [16, 11], [10, 23], [28, 73], [86, 94], [43, 77], [44, 60], [88, 97], [87, 17], [68, 40], [96, 61], [42, 46], [91, 67], [83, 37], [20, 55], [50, 15], [28, 23], [84, 20], [79, 73], [65, 92], [99, 26], [81, 26], [29, 10], [72, 39], [92, 92], [91, 5], [33, 29], [71, 70], [11, 70], [88, 70], [24, 73], [90, 88], [81, 65], [68, 62], [17, 43], [73, 83], [19, 75], [85, 27], [78, 61], [24, 19], [79, 83], [74, 89], [72, 60], [23, 9], [11, 10], [90, 96], [90, 84], [52, 76], [9, 37], [70, 42], [80, 16], [77, 16], [36, 54], [40, 36], [72, 98], [53, 74], [0, 83], [78, 44], [38, 22], [60, 54], [8, 52], [57, 60], [61, 9], [15, 67], [13, 38], [57, 42], [31, 92], [10, 35], [54, 47], [61, 94], [8, 37], [96, 93], [22, 84], [98, 97], [55, 4], [14, 92], [21, 23], [21, 61], [62, 92], [87, 74], [45, 63], [28, 93], [1, 29], [80, 71], [57, 12], [88, 84], [19, 8], [25, 41], [68, 44], [47, 52], [5, 76], [85, 80], [46, 47], [42, 90], [26, 31], [42, 64], [8, 95], [63, 90], [64, 64], [40, 70], [46, 22], [64, 9], [8, 9], [33, 68], [26, 29], [30, 45], [91, 86], [90, 40], [88, 91], [64, 10], [3, 29], [90, 75], [99, 47], [72, 69], [64, 73], [5, 84], [10, 74], [84, 34], [12, 77], [61, 64], [10, 28], [43, 75], [5, 55], [91, 4], [4, 39], [12, 24], [47, 58], [44, 72], [53, 80], [61, 13], [91, 37], [74, 88], [64, 67], [90, 83], [62, 87], [86, 91], [58, 54], [70, 45], [70, 13], [74, 59], [11, 7], [91, 87], [66, 63], [62, 78], [17, 97], [5, 49], [64, 78], [33, 45], [36, 60], [41, 24], [23, 54], [99, 63], [18, 17], [72, 84], [10, 20], [29, 82], [92, 65], [66, 98], [7, 74], [36, 78], [42, 50], [13, 89], [31, 2], [72, 94], [40, 6], [28, 57], [20, 67], [86, 29], [71, 59], [43, 96], [89, 73], [82, 68], [50, 35], [31, 97], [79, 25], [80, 98], [89, 48], [98, 85], [13, 84], [50, 10], [64, 6], [57, 51], [68, 83], [87, 34], [92, 97], [5, 7], [36, 70], [14, 57], [18, 15], [94, 4], [9, 29], [0, 50], [36, 88], [58, 70], [24, 28], [24, 2], [23, 78], [90, 32], [98, 23], [72, 36], [92, 16], [7, 41], [0, 29], [14, 70], [33, 86], [65, 73], [70, 48], [17, 19], [92, 14], [22, 5], [35, 94], [26, 7], [90, 94], [81, 30], [36, 93], [16, 10], [93, 50], [22, 93], [33, 67], [95, 53], [97, 44], [6, 7], [90, 98], [44, 98], [63, 56], [87, 47], [41, 35], [89, 17], [91, 29], [57, 91], [67, 6], [93, 80], [68, 35], [81, 25], [83, 2], [20, 11], [54, 94], [12, 6], [80, 70], [10, 97], [69, 91], [35, 70], [86, 53], [72, 29], [12, 74], [49, 59], [22, 66], [31, 43], [70, 89], [15, 81], [54, 90], [78, 57], [48, 92], [15, 37], [68, 97], [24, 36], [68, 59], [98, 63], [76, 11], [67, 97], [29, 52], [35, 39], [99, 55], [34, 8], [30, 38], [58, 71], [12, 76], [27, 80], [13, 44], [7, 21], [93, 87], [80, 37], [45, 99], [71, 85], [10, 7], [50, 13], [82, 76], [6, 23], [80, 78], [19, 27], [85, 91], [31, 17], [85, 40], [13, 65], [40, 21], [79, 37], [53, 83], [62, 12], [81, 29], [36, 83], [83, 72], [35, 27], [71, 31], [72, 34], [32, 81], [45, 74], [64, 48], [18, 20], [29, 77], [84, 43], [97, 76], [22, 65], [5, 82], [75, 49], [44, 13], [62, 68], [48, 45], [59, 78], [91, 28], [58, 20], [11, 99], [78, 32], [51, 88], [12, 85], [43, 91], [77, 54], [19, 98], [55, 5], [90, 24], [74, 93], [95, 51], [61, 65], [54, 15], [36, 69], [13, 2], [74, 5], [66, 5], [63, 69], [64, 86], [48, 42], [23, 64], [2, 75], [37, 83], [88, 9], [20, 79], [30, 95], [8, 65], [68, 15], [6, 25], [34, 82], [71, 72], [86, 9], [10, 41], [89, 46], [80, 8], [47, 72], [23, 23], [59, 79], [52, 55], [36, 79], [2, 77], [14, 40], [24, 79], [9, 50], [18, 73], [29, 31], [45, 45], [65, 19], [58, 90], [71, 97], [27, 70], [13, 67], [13, 6], [75, 98], [67, 67], [60, 16], [33, 99], [81, 16], [79, 56], [0, 81], [90, 37], [62, 48], [35, 77], [24, 45], [93, 45], [50, 25], [34, 55], [37, 86], [8, 7], [30, 75], [7, 76], [10, 92], [45, 32], [62, 52], [9, 19], [64, 70], [77, 42], [0, 32], [70, 82], [70, 79], [45, 87], [70, 65], [53, 20], [53, 49], [62, 47], [63, 87], [39, 53], [69, 86], [59, 90], [20, 27], [28, 83], [24, 55], [9, 41], [81, 82], [48, 93], [46, 32], [59, 47], [64, 56], [71, 76], [20, 62], [57, 76], [41, 91], [89, 5], [61, 76], [53, 73], [6, 57], [57, 73], [66, 92], [54, 10], [0, 4], [43, 37], [1, 62], [19, 72], [19, 62], [13, 10], [24, 76], [12, 58], [60, 52], [6, 74], [86, 96], [59, 96], [5, 71], [94, 45], [65, 81], [78, 50], [23, 16], [94, 37], [84, 29], [10, 85], [36, 98], [85, 46], [17, 56], [36, 36], [68, 69], [70, 26], [90, 52], [4, 68], [58, 94], [91, 2], [30, 89], [46, 82], [18, 35], [24, 23], [96, 47], [57, 66], [22, 90], [98, 64], [7, 30], [38, 16], [4, 96], [55, 7], [65, 2], [67, 22], [33, 95], [72, 13], [26, 91], [74, 76], [71, 64], [94, 78], [79, 41], [85, 4], [71, 14], [52, 60], [50, 44], [25, 40], [34, 40], [22, 97], [24, 63], [21, 10], [37, 78], [9, 38], [12, 70], [57, 94], [30, 29], [34, 98], [21, 2], [73, 99], [36, 62], [94, 35], [64, 15], [58, 99], [83, 98], [1, 70], [59, 54], [59, 10], [18, 70], [86, 22], [60, 57], [32, 50], [66, 67], [82, 95], [98, 7], [34, 88], [21, 48], [7, 92], [62, 81], [56, 47], [1, 54], [47, 87], [79, 84], [90, 56], [29, 2], [67, 27], [75, 97], [67, 76], [18, 96], [65, 46], [57, 79], [39, 1], [46, 8], [40, 55], [76, 10], [98, 73], [24, 4], [17, 1], [34, 87], [89, 77], [71, 33], [27, 18], [76, 85], [10, 18], [66, 69], [75, 40], [36, 27], [22, 56]], "targets": [[71, 40], [16, 95], [22, 49], [60, 36], [48, 11], [54, 48], [61, 0], [34, 38], [51, 72], [97, 46], [57, 59], [29, 54], [94, 47], [39, 38], [53, 37], [0, 79], [67, 63], [96, 36], [44, 9], [26, 37], [6, 75], [72, 14], [91, 55], [9, 71], [69, 58], [23, 1], [28, 46], [80, 35], [71, 61], [87, 1], [22, 72], [92, 10], [30, 97], [77, 87], [88, 65], [41, 28], [29, 26], [16, 5], [30, 7], [64, 63], [37, 99], [78, 52], [29, 39], [10, 47], [55, 59], [80, 25], [57, 79], [69, 27], [27, 67], [93, 49], [25, 35], [79, 31], [4, 70], [24, 6], [43, 95], [89, 71], [54, 84], [51, 62], [0, 76], [5, 46], [99, 57], [66, 11], [46, 40], [49, 8], [93, 53], [30, 23], [57, 53], [55, 49], [60, 66], [59, 54], [95, 38], [86, 33], [74, 59], [64, 2], [86, 3], [19, 67], [38, 94], [23, 39], [22, 66], [84, 25], [33, 38], [1, 65], [95, 9], [96, 50], [10, 73], [32, 4], [39, 95], [84, 85], [99, 76], [59, 81], [69, 34], [57, 63], [99, 47], [10, 68], [12, 44], [95, 52], [76, 14], [29, 46], [29, 43], [53, 36], [26, 48], [47, 5], [91, 63], [24, 29], [59, 61], [83, 31], [54, 43], [62, 63], [10, 72], [62, 60], [91, 39], [84, 31], [58, 32], [52, 10], [50, 66], [19, 38], [75, 52], [25, 3], [38, 97], [98, 69], [54, 75], [71, 39], [65, 2], [55, 37], [90, 1], [20, 73], [34, 96], [30, 35], [51, 68], [32, 64], [8, 78], [12, 50], [82, 34], [95, 47], [35, 34], [74, 17], [73, 55], [35, 3], [47, 38], [12, 64], [92, 7], [42, 14], [95, 56], [31, 28], [60, 56], [60, 45], [99, 50], [13, 73], [24, 45], [22, 0], [41, 98], [65, 68], [83, 78], [91, 74], [54, 86], [67, 35], [65, 56], [98, 40], [80, 38], [50, 65], [74, 33], [73, 58], [99, 45], [1, 70], [14, 54], [4, 71], [98, 52], [67, 9], [22, 43], [63, 1], [90, 2], [15, 66], [29, 94], [31, 41], [31, 64], [44, 33], [26, 53], [46, 14], [97, 52], [24, 0], [30, 31], [59, 59], [42, 98], [79, 28], [93, 75], [54, 85], [55, 48], [35, 38], [56, 59], [59, 60], [12, 62], [93, 17], [29, 38], [60, 64], [94, 32], [89, 36], [7, 68], [11, 47], [56, 36], [47, 6], [49, 71], [98, 55], [99, 48], [23, 38], [66, 6], [16, 75], [65, 58], [75, 55], [73, 29], [21, 0], [45, 99], [44, 38], [78, 80], [99, 73], [50, 75], [72, 30], [52, 3], [89, 55], [23, 26], [65, 63], [70, 42], [65, 5], [51, 31], [88, 0], [14, 68], [29, 96], [34, 47], [58, 62], [26, 70], [9, 70], [62, 42], [93, 45], [63, 61], [3, 71], [2, 49], [76, 33], [32, 34], [94, 56], [33, 41], [61, 62], [97, 41], [70, 14], [26, 6], [30, 47], [80, 34], [65, 61], [32, 5], [47, 95], [34, 39], [97, 69], [56, 86], [47, 33], [83, 52], [0, 68], [98, 11], [55, 68], [26, 56], [48, 13], [90, 62], [24, 31], [66, 59], [78, 31], [60, 44], [94, 44], [15, 78], [3, 73], [5, 45], [60, 5], [88, 5], [14, 66], [37, 95], [33, 42], [27, 64], [33, 3], [38, 99], [62, 70], [98, 54], [73, 14], [81, 81], [98, 65], [57, 76], [68, 31], [4, 63], [58, 63], [91, 37], [87, 37], [46, 38], [59, 62], [83, 33], [13, 99], [60, 34], [51, 11], [52, 69], [38, 43], [53, 10], [26, 40], [90, 53], [34, 31], [67, 55], [81, 54], [27, 36], [97, 47], [27, 4], [44, 99], [5, 69], [3, 46], [63, 44], [6, 66], [90, 9], [92, 75], [53, 78], [97, 48], [73, 13], [27, 45], [86, 28], [62, 61], [71, 46], [70, 9], [50, 36], [91, 3], [22, 68], [37, 93], [32, 47], [60, 58], [30, 61], [53, 33], [94, 42], [6, 73], [67, 61], [90, 38], [88, 32], [30, 48], [47, 2], [96, 58], [31, 5], [35, 21], [63, 56], [49, 95], [8, 62], [10, 71], [9, 47], [76, 57], [79, 26], [82, 84], [89, 68], [52, 81], [68, 33], [24, 35], [61, 48], [93, 46], [40, 39], [68, 14], [65, 53], [32, 0], [61, 58], [55, 62], [47, 29], [91, 42], [30, 5], [41, 93], [1, 74], [97, 15], [82, 26], [66, 0], [87, 5], [17, 67], [33, 94], [22, 40], [28, 67], [67, 59], [91, 33], [81, 34], [52, 14], [99, 58], [30, 30], [62, 56], [1, 72], [2, 43], [95, 72], [58, 82], [61, 34], [45, 12], [60, 41], [48, 68], [98, 58], [99, 43], [24, 36], [69, 10], [11, 81], [68, 61], [23, 47], [83, 55], [55, 61], [28, 45], [74, 21], [0, 67], [33, 0], [40, 96], [46, 32], [65, 66], [42, 41], [77, 85], [95, 68], [47, 79], [73, 36], [0, 80], [5, 43], [31, 50], [48, 7], [93, 55], [32, 33], [59, 52], [67, 60], [92, 37], [79, 36], [71, 45], [60, 10], [54, 35], [89, 2], [15, 67], [35, 93], [29, 35], [54, 65], [28, 71], [84, 33], [97, 54], [67, 13], [1, 67], [95, 13], [58, 47], [32, 6], [49, 99], [80, 61], [92, 41], [48, 30], [96, 70], [53, 81], [54, 60], [26, 42], [10, 78], [13, 52], [98, 51], [14, 72], [72, 20], [42, 9], [96, 51], [23, 21], [62, 64], [54, 64], [1, 68], [33, 34], [94, 53], [33, 39], [62, 54], [95, 36], [69, 6], [27, 0], [27, 46], [85, 35], [73, 53], [36, 0], [49, 94], [61, 39], [60, 3], [95, 5], [16, 69], [32, 99], [25, 38], [26, 66], [79, 83], [91, 66], [51, 77], [72, 31], [50, 38], [72, 34], [57, 29], [46, 12], [55, 67], [25, 39], [74, 57], [8, 77], [6, 54], [9, 72], [99, 9], [57, 68], [53, 62], [33, 51], [50, 3], [92, 54], [28, 5], [25, 25], [56, 52], [46, 96], [30, 46], [94, 51], [72, 16], [93, 48], [80, 24], [63, 58], [99, 41], [82, 32], [88, 64], [52, 80], [52, 51], [97, 49], [10, 74], [10, 66], [43, 28], [35, 40], [6, 76], [3, 51], [74, 43], [64, 9], [55, 32], [93, 0], [24, 71], [30, 94], [23, 42], [53, 64], [24, 68], [26, 1], [46, 93], [77, 55], [60, 63], [80, 31], [47, 9], [90, 63], [31, 33], [67, 53], [98, 48], [66, 14], [25, 49], [78, 78], [94, 71], [57, 82], [76, 35], [5, 72], [91, 14], [26, 45], [67, 62], [92, 36], [88, 30], [52, 46], [46, 29], [2, 75], [9, 51], [56, 56], [30, 0], [38, 95], [86, 20], [14, 95], [54, 36], [52, 11], [62, 4], [51, 70], [94, 52], [66, 65], [28, 52], [94, 46], [35, 42], [44, 4], [26, 39], [11, 73], [71, 5], [96, 55], [6, 80], [70, 59], [71, 55], [89, 3], [17, 73], [33, 97], [91, 70], [27, 26], [35, 4], [68, 64], [73, 60], [33, 36], [59, 76], [30, 69], [92, 46], [85, 21], [23, 4], [43, 93], [52, 59], [0, 78], [4, 46], [51, 37], [62, 45], [67, 54], [93, 35], [81, 36], [31, 48], [11, 70], [94, 7], [81, 86], [92, 73], [47, 82], [68, 26], [99, 46], [64, 16], [28, 42], [53, 3], [90, 60], [34, 30], [65, 60], [73, 21], [54, 62], [75, 60], [23, 2], [47, 96], [73, 41], [70, 4], [50, 34], [86, 2], [20, 69], [33, 96], [28, 39], [51, 66], [28, 62], [3, 75], [6, 46], [37, 37], [41, 29], [9, 63], [55, 43], [98, 50], [11, 71], [97, 75], [53, 76], [63, 63], [98, 32], [86, 30], [85, 24], [91, 43], [96, 54], [71, 7], [28, 48], [32, 49], [50, 12], [90, 56], [25, 2], [32, 28], [58, 61], [43, 96], [56, 68], [57, 60], [5, 74], [92, 8], [2, 70], [7, 48], [53, 35], [47, 10], [53, 73], [24, 37], [75, 59], [74, 29], [41, 32], [84, 78], [97, 71], [58, 81], [76, 36], [63, 9], [87, 2], [24, 64], [32, 98], [26, 38], [28, 64], [57, 46], [36, 40], [93, 50], [39, 40], [65, 55], [97, 31], [66, 5], [33, 1], [28, 50], [80, 30], [73, 57], [36, 7], [49, 96], [1, 63], [56, 63], [47, 12], [95, 57], [32, 29], [61, 57], [78, 28], [99, 42], [15, 72], [7, 72], [8, 50], [35, 44], [61, 60], [88, 68], [52, 75], [43, 38], [77, 57], [91, 48], [30, 6], [43, 97], [56, 51], [0, 72], [89, 10], [98, 56], [72, 12], [84, 27], [76, 47], [62, 10], [48, 34], [85, 4], [23, 63], [36, 93], [32, 41], [57, 66], [32, 70], [66, 57], [99, 38], [83, 29], [30, 51], [51, 5], [92, 62], [28, 31], [67, 52], [9, 79], [8, 49], [82, 87], [94, 66], [59, 84], [66, 28], [32, 38], [63, 60], [47, 36], [29, 1], [45, 98], [9, 69], [73, 22], [23, 36], [54, 30], [51, 10], [63, 41], [48, 66], [96, 56], [94, 43], [22, 37], [66, 15], [9, 80], [70, 60], [26, 43], [78, 54], [59, 58], [99, 69], [54, 76], [2, 73], [5, 52], [49, 4], [93, 61], [27, 21], [57, 62], [66, 60], [96, 33], [88, 33], [61, 2], [91, 0], [24, 69], [31, 97], [27, 43], [29, 67], [75, 23], [7, 70], [91, 15], [28, 0], [44, 93], [95, 49], [41, 34], [56, 61], [56, 64], [99, 51], [38, 34], [71, 8], [72, 59], [35, 1], [57, 40], [29, 48], [87, 80], [92, 74], [49, 74], [70, 27], [76, 20], [82, 51], [2, 69], [6, 42], [4, 75], [29, 55], [43, 4], [93, 58], [31, 3], [30, 27], [63, 59], [49, 97], [60, 55], [94, 37], [80, 29], [97, 50], [7, 71], [45, 32], [73, 47], [64, 0], [50, 31], [95, 1], [22, 69], [35, 97], [35, 48], [55, 66], [25, 64], [62, 59], [72, 23], [94, 58], [68, 17], [30, 49], [89, 66], [56, 84], [7, 73], [93, 10], [55, 47], [5, 80], [11, 43], [29, 0], [39, 99], [15, 97], [57, 34], [53, 6], [55, 69], [35, 43], [42, 8], [22, 35], [92, 60], [28, 29], [61, 61], [83, 60], [21, 36], [93, 41], [78, 24], [52, 57], [41, 35], [64, 61], [92, 31], [79, 38], [1, 61], [79, 87], [94, 65], [47, 78], [72, 32], [93, 56], [73, 17], [56, 69], [31, 2], [48, 99], [70, 1], [89, 1], [17, 66], [30, 93], [33, 35], [22, 70], [8, 70], [7, 52], [56, 47], [96, 43], [6, 79], [72, 33], [26, 51], [53, 13], [97, 57], [29, 21], [60, 59], [54, 67], [7, 66], [97, 13], [78, 57], [47, 32], [95, 69], [56, 80], [21, 35], [34, 34], [94, 57], [40, 41], [67, 56], [92, 35], [70, 6], [27, 6], [22, 47], [79, 37], [72, 60], [34, 0], [38, 98], [77, 21], [7, 80], [3, 49], [60, 69], [99, 44], [62, 49], [10, 64], [74, 39], [66, 4], [47, 31], [92, 0], [21, 63], [31, 94], [27, 44], [53, 58], [32, 71], [50, 4], [99, 53], [23, 23], [59, 53], [86, 86], [93, 71], [48, 80], [66, 34], [49, 28], [22, 6], [44, 98], [85, 27], [57, 33], [49, 5], [51, 74], [95, 55], [96, 44], [25, 34], [75, 5], [12, 77], [68, 60], [82, 57], [3, 70], [12, 46], [61, 63], [92, 38], [85, 28], [33, 48], [2, 62], [98, 15], [66, 62], [53, 60], [37, 43], [63, 42], [88, 69], [50, 74], [74, 30], [29, 49], [46, 10], [90, 54], [28, 1], [33, 21], [62, 53], [46, 94], [50, 28], [62, 6], [88, 1], [17, 68], [35, 96], [33, 45], [25, 65], [96, 49], [67, 10], [29, 50], [8, 72], [6, 77], [3, 44], [75, 57], [97, 43], [74, 22], [52, 60], [59, 64], [98, 31], [86, 29], [83, 81], [88, 75], [59, 79], [67, 32], [60, 61], [25, 5], [44, 94], [29, 36], [64, 44], [94, 49], [12, 73], [49, 7], [95, 60], [31, 22], [65, 59], [11, 62], [96, 7], [44, 36], [95, 46], [40, 40], [67, 16], [69, 61], [38, 0], [75, 22], [6, 68], [14, 43], [72, 39], [68, 3], [52, 32], [95, 3], [23, 73], [36, 96], [31, 37], [59, 68], [28, 63], [90, 65], [50, 79], [30, 2], [39, 94], [61, 28], [50, 10], [48, 67], [24, 34], [80, 55], [58, 58], [93, 40], [87, 35], [11, 68], [62, 62], [59, 45], [82, 27], [27, 56], [54, 12], [98, 60], [35, 23], [58, 54], [42, 39], [23, 49], [93, 51], [72, 10], [23, 43], [8, 69], [10, 49], [91, 41], [61, 64], [77, 84], [96, 66], [53, 79], [69, 32], [22, 2], [42, 96], [98, 43], [12, 80], [5, 63], [90, 8], [40, 43], [75, 33], [66, 7], [92, 1], [18, 69], [31, 99], [30, 44], [27, 62], [75, 61], [60, 54], [96, 38], [83, 32], [60, 71], [56, 44], [42, 5], [96, 53], [30, 21], [60, 62], [46, 37], [99, 54], [76, 11], [5, 78], [5, 50], [53, 65], [89, 64], [52, 74], [23, 0], [41, 96], [0, 62], [78, 32], [24, 40], [94, 13], [8, 92], [41, 24], [17, 23], [61, 33], [50, 81], [1, 35], [9, 21], [37, 0], [0, 90], [36, 34], [16, 14], [80, 11], [63, 87], [57, 50], [8, 87], [10, 55], [12, 54], [18, 30], [46, 27], [58, 59], [91, 90], [1, 22], [10, 5], [32, 17], [87, 77], [39, 41], [15, 82], [85, 94], [96, 1], [86, 6], [41, 94], [15, 75], [9, 28], [12, 89], [15, 87], [15, 24], [61, 53], [62, 79], [85, 96], [91, 7], [18, 42], [33, 53], [6, 45], [91, 91], [63, 81], [70, 15], [51, 1], [55, 98], [89, 46], [74, 84], [12, 20], [15, 92], [98, 20], [13, 61], [24, 84], [61, 75], [62, 16], [68, 82], [42, 71], [83, 0], [96, 17], [9, 97], [67, 72], [18, 14], [60, 15], [26, 19], [0, 96], [65, 16], [17, 42], [19, 70], [18, 82], [21, 71], [43, 21], [77, 54], [51, 55], [24, 1], [79, 90], [3, 91], [99, 63], [25, 99], [5, 34], [5, 44], [0, 92], [30, 77], [80, 42], [22, 22], [65, 87], [18, 43], [15, 14], [78, 4], [77, 50], [14, 99], [63, 69], [5, 20], [52, 15], [29, 68], [71, 93], [19, 66], [33, 65], [75, 4], [36, 98], [54, 49], [16, 10], [94, 54], [47, 94], [4, 54], [70, 38], [3, 14], [29, 95], [49, 37], [26, 50], [26, 10], [2, 78], [36, 73], [81, 66], [17, 53], [88, 78], [83, 44], [49, 61], [76, 82], [62, 97], [20, 54], [19, 10], [39, 73], [9, 31], [8, 71], [63, 47], [49, 82], [80, 92], [60, 98], [6, 70], [82, 91], [32, 32], [44, 81], [26, 79], [97, 51], [21, 69], [91, 83], [99, 34], [62, 11], [92, 16], [7, 55], [55, 7], [33, 29], [89, 88], [61, 10], [22, 17], [16, 7], [40, 11], [61, 68], [14, 90], [50, 82], [52, 67], [27, 8], [23, 31], [96, 63], [9, 57], [18, 94], [63, 36], [16, 42], [50, 33], [73, 31], [41, 33], [62, 82], [69, 93], [99, 36], [14, 65], [46, 43], [66, 12], [89, 22], [45, 35], [28, 57], [5, 19], [75, 68], [65, 52], [22, 14], [10, 40], [99, 0], [96, 69], [37, 51], [72, 88], [15, 13], [46, 41], [85, 61], [15, 99], [99, 5], [81, 94], [94, 83], [31, 4], [2, 23], [38, 86], [47, 60], [70, 58], [84, 4], [85, 77], [7, 79], [60, 93], [76, 37], [77, 93], [5, 99], [75, 85], [22, 30], [84, 58], [44, 19], [13, 80], [59, 17], [38, 59], [6, 78], [5, 5], [82, 52], [16, 67], [23, 46], [14, 70], [6, 94], [54, 82], [55, 12], [69, 71], [57, 4], [71, 96], [38, 8], [30, 67], [89, 54], [39, 59], [56, 28], [34, 22], [8, 73], [32, 76], [56, 95], [37, 1], [24, 98], [33, 52], [0, 63], [72, 9], [11, 75], [29, 90], [44, 72], [51, 45], [64, 18], [28, 53], [29, 78], [29, 53], [53, 67], [90, 11], [40, 57], [50, 16], [28, 89], [98, 35], [3, 87], [97, 87], [97, 63], [77, 2], [36, 30], [74, 66], [39, 28], [32, 48], [75, 76], [5, 18], [56, 58], [48, 78], [46, 97], [61, 85], [83, 10], [74, 99], [4, 74], [59, 36], [97, 97], [70, 29], [6, 99], [10, 7], [88, 34], [65, 37], [70, 23], [35, 36], [49, 69], [64, 98], [94, 64], [11, 89], [22, 95], [61, 17], [50, 49], [17, 37], [22, 57], [70, 92], [53, 9], [49, 75], [14, 11], [19, 1], [57, 55], [55, 73], [35, 35], [89, 26], [50, 77], [22, 67], [37, 25], [12, 22], [97, 40], [0, 94], [68, 57], [22, 87], [47, 24], [45, 38], [22, 25], [91, 78], [21, 79], [56, 19], [96, 72], [55, 36], [6, 56], [77, 45], [90, 90], [39, 92], [8, 63], [23, 50], [7, 91], [54, 34], [71, 62], [10, 53], [70, 68], [25, 88], [56, 72], [26, 9], [65, 40], [51, 58], [52, 87], [80, 78], [57, 37], [53, 38], [58, 79], [67, 58], [0, 98], [78, 36], [44, 71], [75, 1], [36, 75], [51, 61], [95, 32], [2, 61], [53, 28], [23, 7], [21, 62], [57, 22], [91, 27], [49, 18], [91, 65], [94, 19], [49, 20], [2, 58], [90, 91], [40, 92], [68, 81], [87, 94], [19, 84], [41, 9], [93, 85], [78, 66], [46, 11], [90, 92], [73, 46], [66, 29], [90, 88], [19, 71], [73, 87], [20, 13], [3, 85], [71, 44], [85, 95], [6, 4], [4, 35], [91, 49], [68, 29], [17, 54], [77, 77], [43, 12], [54, 96], [47, 22], [34, 88], [42, 75], [19, 4], [47, 23], [47, 63], [38, 29], [85, 14], [53, 56], [0, 46], [90, 31], [6, 72], [40, 87], [88, 87], [20, 76], [16, 37], [10, 39], [23, 59], [97, 8], [82, 74], [28, 74], [68, 9], [12, 95], [21, 95], [8, 36], [42, 19], [78, 19], [56, 91], [82, 10], [87, 83], [68, 90], [0, 15], [9, 17], [25, 53], [10, 24], [97, 29], [96, 31], [71, 37], [52, 0], [58, 50], [96, 29], [19, 95], [18, 21], [94, 17], [30, 19], [35, 29], [85, 54], [51, 6], [61, 18], [12, 55], [52, 44], [24, 91], [40, 31], [12, 6], [50, 71], [9, 0], [45, 34], [31, 88], [51, 76], [97, 92], [87, 55], [63, 43], [20, 43], [4, 69], [59, 19], [72, 72], [9, 18], [23, 11], [63, 5], [74, 97], [5, 22], [90, 80], [5, 94], [38, 1], [28, 81], [17, 82], [9, 87], [36, 82], [79, 69], [1, 51], [63, 18], [13, 18], [94, 93], [56, 39], [72, 44], [16, 85], [74, 37], [44, 75], [84, 90], [93, 21], [25, 73], [69, 75], [88, 53], [90, 85], [5, 2], [77, 7], [20, 80], [20, 85], [99, 16], [33, 95], [21, 64], [34, 97], [66, 33], [16, 45], [13, 74], [55, 60], [16, 17], [73, 88], [99, 33], [10, 36], [72, 5], [64, 23], [32, 84], [29, 6], [95, 92], [87, 7], [39, 21], [82, 69], [57, 7], [52, 66], [42, 27], [45, 40], [52, 30], [49, 14], [45, 23], [74, 1], [25, 94], [13, 79], [54, 31], [3, 65], [35, 11], [90, 67], [41, 6], [5, 98], [53, 95], [34, 90], [67, 12], [40, 18], [67, 31], [37, 46], [9, 75], [26, 69], [5, 95], [11, 37], [86, 16], [84, 39], [46, 26], [28, 23], [56, 45], [91, 25], [14, 91], [85, 98], [63, 96], [4, 97], [5, 26], [2, 89], [68, 49], [85, 1], [88, 76], [55, 58], [5, 86], [71, 74], [37, 11], [75, 53], [74, 95], [84, 56], [39, 76], [71, 16], [40, 29], [17, 19], [38, 6], [74, 90], [91, 12], [81, 92], [90, 77], [84, 99], [96, 94], [19, 57], [0, 8], [76, 99], [99, 18], [35, 54], [47, 17], [25, 46], [20, 28], [57, 20], [24, 90], [35, 31], [8, 22], [9, 58], [48, 90], [66, 69], [63, 27], [71, 42], [45, 33], [29, 72], [18, 6], [84, 23], [18, 36], [18, 91], [58, 67], [30, 22], [38, 45], [98, 16], [35, 82], [44, 13], [37, 92], [21, 89], [73, 15], [23, 83], [6, 58], [27, 34], [90, 34], [29, 5], [83, 5], [88, 84], [41, 22], [79, 20], [68, 8], [48, 60], [6, 25], [28, 96], [63, 19], [48, 56], [37, 65], [64, 95], [44, 82], [39, 6], [48, 97], [35, 86], [89, 53], [17, 5], [98, 93], [23, 27], [1, 99], [26, 33], [6, 32], [77, 75], [94, 4], [91, 99], [88, 16], [22, 36], [11, 20], [36, 3], [66, 20], [32, 46], [58, 84], [84, 42], [78, 90], [28, 93], [82, 25], [95, 8], [29, 16], [79, 53], [17, 94], [37, 96], [22, 93], [17, 9], [9, 93], [44, 39], [54, 72], [52, 34], [39, 56], [5, 67], [32, 68], [89, 91], [12, 96], [14, 83], [41, 56], [66, 61], [20, 17], [86, 47], [26, 93], [72, 87], [20, 8], [13, 68], [11, 1], [10, 48], [0, 9], [15, 16], [89, 40], [13, 55], [2, 88], [5, 70], [32, 30], [92, 63], [50, 58], [94, 34], [14, 69], [14, 5], [79, 73], [25, 31], [10, 43], [79, 33], [84, 43], [50, 22], [13, 25], [36, 72], [46, 31], [59, 95], [93, 77], [59, 26], [17, 71], [65, 25], [58, 30], [85, 41], [15, 6], [85, 26], [15, 5], [98, 88], [48, 79], [80, 13], [7, 49], [49, 11], [68, 11], [65, 32], [58, 49], [50, 8], [95, 14], [99, 89], [21, 77], [31, 17], [90, 83], [18, 12], [0, 83], [36, 9], [14, 20], [16, 94], [54, 17], [47, 59], [75, 6], [81, 91], [62, 33], [85, 37], [60, 9], [55, 93], [4, 81], [42, 3], [10, 99], [11, 83], [92, 85], [27, 71], [94, 67], [25, 78], [46, 4], [98, 57], [69, 87], [10, 97], [57, 93], [50, 63], [73, 6], [95, 21], [70, 31], [96, 11], [40, 28], [94, 73], [51, 47], [70, 83], [19, 52], [64, 22], [77, 6], [94, 60], [0, 3], [3, 67], [40, 83], [76, 7], [68, 53], [68, 45], [63, 83], [93, 98], [91, 19], [32, 74], [3, 40], [82, 42], [23, 40], [45, 56], [9, 88], [82, 71], [90, 58], [46, 60], [34, 21], [14, 57], [92, 20], [76, 94], [59, 11], [71, 91], [69, 25], [19, 11], [55, 30], [78, 65], [93, 29], [44, 41], [50, 7], [97, 94], [41, 36], [77, 65], [99, 85], [47, 19], [77, 80], [12, 84], [36, 48], [16, 86], [8, 39], [34, 95], [6, 0], [22, 96], [1, 83], [84, 49], [37, 89], [3, 92], [86, 64], [16, 21], [81, 93], [66, 92], [24, 17], [79, 96], [86, 84], [68, 75], [74, 60], [61, 35], [10, 89], [36, 92], [7, 36], [66, 55], [60, 19], [98, 4], [64, 68], [24, 76], [32, 31], [66, 97], [69, 31], [51, 93], [48, 81], [81, 59], [52, 79], [62, 41], [21, 16], [23, 74], [1, 97], [14, 12], [67, 65], [0, 34], [37, 75], [29, 28], [12, 13], [30, 50], [79, 91], [4, 24], [16, 58], [32, 14], [27, 17], [1, 57], [48, 19], [61, 32], [35, 87], [73, 67], [32, 22], [27, 95], [64, 8], [94, 85], [44, 23], [91, 23], [80, 64], [10, 88], [51, 46], [20, 55], [25, 52], [29, 82], [6, 24], [62, 34], [49, 40], [94, 70], [89, 61], [76, 18], [84, 97], [99, 31], [27, 9], [7, 50], [70, 56], [77, 59], [35, 7], [80, 56], [89, 77], [44, 66], [4, 15], [13, 72], [27, 24], [63, 11], [80, 77], [87, 85], [33, 77], [3, 45], [12, 85], [88, 52], [49, 1], [79, 84], [36, 20], [96, 10], [83, 47], [16, 12], [51, 78], [99, 64], [36, 24], [97, 55], [31, 65], [85, 93], [75, 97], [82, 4], [48, 29], [76, 86], [95, 30], [16, 43], [30, 3], [5, 76], [21, 4], [50, 80], [67, 84], [20, 27], [39, 15], [67, 96], [23, 56], [63, 17], [67, 33], [41, 88], [84, 88], [6, 18], [69, 96], [5, 61], [25, 45], [33, 25], [49, 53], [48, 22], [22, 7], [66, 51], [8, 19], [64, 10], [20, 72], [60, 35], [66, 8], [44, 60], [21, 97], [98, 85], [61, 91], [7, 41], [16, 24], [43, 16], [74, 94], [36, 99], [20, 78], [88, 49], [66, 64], [16, 91], [60, 89], [17, 70], [22, 82], [24, 15], [92, 9], [13, 30], [5, 13], [16, 92], [56, 79], [47, 18], [41, 72], [45, 76], [70, 26], [49, 59], [85, 52], [66, 25], [0, 61], [41, 42], [95, 19], [44, 10], [73, 94], [23, 52], [60, 86], [79, 0], [13, 81], [92, 81], [29, 98], [59, 35], [9, 59], [44, 89], [11, 27], [78, 41], [30, 13], [48, 53], [34, 82], [96, 78], [53, 18], [72, 73], [33, 58], [47, 4], [33, 80], [40, 48], [22, 89], [26, 13], [65, 47], [62, 47], [88, 39], [68, 80], [88, 38], [95, 54], [31, 44], [3, 63], [73, 33], [13, 60], [42, 1], [61, 6], [96, 24], [4, 25], [9, 74], [35, 78], [22, 23], [52, 2], [23, 85], [86, 80], [63, 31], [39, 25], [74, 3], [27, 81], [81, 46], [42, 25], [67, 85], [44, 21], [66, 96], [45, 49], [22, 9], [20, 18], [83, 9], [80, 21], [55, 33], [49, 62], [19, 81], [6, 84], [23, 98], [98, 5], [82, 0], [45, 93], [78, 97], [50, 89], [81, 83], [55, 57], [83, 34], [42, 54], [19, 99], [73, 10], [88, 24], [38, 15], [94, 72], [44, 32], [50, 1], [60, 12], [11, 51], [72, 28], [65, 26], [5, 17], [17, 27], [33, 2], [33, 7], [17, 24], [84, 73], [11, 58], [48, 47], [61, 65], [18, 57], [12, 63], [23, 5], [13, 66], [24, 96], [56, 73], [44, 80], [15, 51], [39, 89], [28, 49], [10, 77], [84, 53], [76, 91], [6, 2], [9, 25], [95, 89], [84, 63], [98, 89], [65, 96], [46, 3], [90, 71], [58, 66], [21, 75], [68, 56], [45, 39], [3, 56], [2, 35], [55, 18], [33, 49], [10, 54], [84, 18], [37, 13], [38, 30], [58, 69], [87, 60], [19, 41], [37, 34], [92, 99], [80, 90], [74, 68], [97, 0], [85, 86], [54, 14], [19, 23], [42, 85], [2, 11], [95, 62], [34, 6], [82, 33], [25, 32], [14, 35], [17, 43], [98, 44], [34, 24], [7, 0], [37, 91], [75, 10], [21, 23], [88, 17], [51, 8], [47, 40], [87, 74], [94, 36], [35, 76], [75, 88], [57, 39], [38, 18], [26, 86], [39, 9], [85, 45], [88, 89], [2, 24], [53, 8], [37, 66], [11, 49], [1, 93], [80, 39], [12, 71], [93, 13], [83, 25], [42, 80], [22, 16], [38, 65], [60, 37], [70, 88], [43, 99], [37, 5], [54, 16], [57, 52], [41, 5], [56, 25], [0, 30], [33, 75], [37, 49], [97, 4], [63, 68], [28, 97], [24, 79], [11, 36], [40, 58], [24, 56], [97, 18], [4, 96], [82, 2], [93, 2], [35, 92], [35, 26], [7, 56], [46, 22], [81, 26], [34, 17], [32, 27], [65, 46], [67, 39], [30, 16], [20, 74], [99, 39], [13, 56], [29, 47], [16, 62], [48, 54], [24, 60], [71, 78], [58, 26], [81, 4], [42, 57], [86, 62], [79, 16], [45, 52], [49, 31], [33, 19], [85, 65], [65, 15], [42, 73], [24, 50], [42, 23], [30, 80], [0, 39], [54, 44], [64, 86], [15, 68], [86, 9], [24, 52], [53, 0], [62, 9], [29, 83], [51, 7], [15, 85], [87, 42], [8, 4], [20, 75], [39, 53], [58, 86], [53, 84], [36, 25], [9, 34], [57, 73], [80, 70], [12, 99], [77, 14], [67, 27], [93, 43], [86, 90], [23, 18], [58, 77], [77, 92], [1, 14], [73, 23], [28, 27], [69, 0], [67, 50], [27, 97], [76, 73], [45, 17], [16, 32], [90, 25], [17, 8], [80, 37], [80, 45], [81, 89], [91, 17], [61, 66], [16, 4], [29, 80], [7, 21], [86, 0], [0, 60], [18, 51], [82, 14], [25, 75], [60, 39], [93, 60], [40, 90], [97, 61], [65, 57], [71, 53], [92, 91], [74, 35], [38, 62], [58, 53], [7, 75], [5, 7], [13, 88], [2, 80], [9, 50], [59, 8], [38, 26], [84, 62], [47, 21], [72, 37], [83, 41], [3, 42], [44, 37], [41, 3], [88, 83], [88, 54], [37, 10], [28, 4], [51, 14], [57, 86], [63, 92], [19, 69], [30, 70], [39, 60], [37, 69], [49, 0], [55, 88], [18, 32], [60, 84], [96, 42], [55, 82], [0, 27], [87, 69], [59, 24], [17, 22], [17, 0], [5, 37], [20, 65], [19, 50], [61, 83], [34, 52], [98, 8], [86, 85], [11, 7], [56, 81], [45, 80], [88, 98], [98, 30], [10, 31], [92, 66], [38, 61], [68, 39], [97, 79], [20, 42], [87, 57], [86, 98], [17, 11], [24, 39], [10, 21], [0, 99], [46, 73], [2, 65], [26, 49], [83, 42], [77, 78], [62, 66], [27, 53], [44, 76], [42, 58], [41, 13], [1, 7], [40, 6], [10, 32], [47, 56], [25, 17], [49, 49], [28, 69], [6, 85], [33, 11], [93, 38], [52, 99], [79, 22], [20, 11], [83, 58], [65, 62], [43, 80], [28, 28], [77, 89], [24, 46], [13, 69], [6, 60], [22, 75], [43, 58], [88, 51], [48, 0], [0, 82], [5, 51], [61, 43], [30, 55], [37, 74], [94, 79], [62, 14], [79, 85], [12, 92], [8, 25], [43, 61], [24, 54], [2, 57], [94, 24], [43, 45], [7, 18], [77, 52], [64, 67], [88, 40], [84, 68], [72, 2], [35, 53], [37, 63], [27, 59], [27, 10], [21, 18], [65, 94], [31, 85], [37, 36], [8, 89], [56, 83], [63, 13], [83, 45], [45, 68], [12, 78], [58, 73], [10, 20], [23, 20], [30, 1], [38, 83], [89, 57], [86, 77], [78, 68], [68, 52], [65, 7], [86, 10], [93, 59], [13, 94], [54, 81], [83, 50], [46, 82], [77, 72], [58, 29], [80, 23], [26, 91], [8, 66], [61, 40], [68, 65], [97, 93], [67, 99], [90, 41], [87, 40], [15, 64], [3, 32], [72, 99], [23, 64], [99, 23], [32, 52], [95, 96], [67, 38], [87, 36], [83, 15], [4, 19], [29, 93], [46, 65], [78, 85], [32, 72], [35, 46], [13, 89], [45, 92], [45, 57], [85, 68], [12, 4], [76, 59], [85, 60], [72, 50], [73, 92], [41, 68], [43, 51], [11, 66], [33, 46], [20, 26], [85, 57], [58, 33], [49, 65], [90, 49], [16, 99], [96, 85], [56, 74], [0, 6], [21, 80], [49, 32], [50, 0], [90, 39], [73, 70], [43, 94], [37, 78], [14, 52], [21, 58], [62, 78], [97, 73], [37, 14], [16, 87], [26, 97], [88, 96], [42, 55], [15, 56], [92, 27], [55, 4], [86, 21], [28, 6], [81, 67], [61, 30], [48, 55], [84, 55], [73, 16], [96, 91], [85, 12], [19, 54], [18, 7], [42, 84], [70, 7], [18, 11], [60, 0], [87, 48], [79, 45], [55, 38], [13, 19], [96, 67], [22, 56], [39, 30], [13, 98], [88, 56], [16, 59], [89, 9], [54, 24], [57, 75], [20, 39], [77, 27], [49, 39], [61, 74], [74, 56], [58, 27], [28, 43], [68, 30], [93, 24], [83, 23], [74, 46], [88, 71], [41, 26], [85, 73], [5, 0], [9, 86], [51, 40], [48, 3], [66, 95], [83, 96], [42, 63], [20, 3], [41, 91], [6, 97], [85, 16], [3, 77], [43, 41], [44, 61], [9, 2], [2, 42], [38, 10], [55, 46], [83, 94], [51, 71], [73, 5], [42, 67], [61, 5], [72, 46], [85, 87], [67, 92], [20, 95], [33, 33], [44, 58], [95, 31], [56, 30], [68, 4], [59, 4], [80, 1], [33, 47], [86, 25], [0, 43], [54, 10], [25, 40], [18, 80], [93, 1], [63, 39], [92, 55], [18, 66], [14, 60], [12, 82], [49, 6], [34, 42], [35, 41], [32, 86], [65, 38], [36, 22], [34, 29], [51, 50], [87, 66], [38, 17], [4, 11], [29, 20], [77, 73], [23, 76], [47, 58], [6, 40], [57, 51], [89, 47], [46, 99], [10, 85], [87, 24], [98, 86], [40, 67], [37, 76], [1, 91], [96, 93], [97, 68], [70, 11], [69, 99], [83, 97], [2, 9], [22, 20], [21, 10], [31, 71], [93, 87], [58, 88], [59, 47], [87, 46], [21, 48], [78, 76], [71, 20], [77, 23], [63, 65], [69, 1], [24, 70], [45, 69], [89, 73], [90, 7], [55, 3], [73, 38], [39, 17], [82, 66], [45, 84], [5, 66], [49, 78], [79, 50], [87, 65], [78, 34], [30, 74], [83, 12], [54, 7], [52, 82], [45, 77], [59, 10], [16, 13], [84, 96], [59, 88], [82, 98], [69, 4], [26, 92], [18, 67], [43, 47], [52, 31], [73, 3], [17, 26], [5, 58], [38, 42], [95, 0], [31, 67], [32, 11], [37, 81], [93, 79], [42, 12], [31, 55], [46, 23], [48, 70], [31, 78], [9, 91], [42, 53], [52, 62], [51, 3], [40, 74], [1, 44], [31, 23], [53, 4], [65, 75], [18, 90], [94, 96], [44, 40], [34, 41], [26, 17], [7, 11], [28, 73], [47, 26], [23, 35], [24, 95], [1, 95], [23, 70], [9, 45], [70, 45], [92, 47], [26, 68], [64, 53], [26, 74], [12, 28], [73, 56], [55, 56], [6, 89], [96, 5], [75, 16], [85, 48], [94, 48], [82, 59], [18, 48], [9, 78], [4, 9], [11, 91], [85, 47], [10, 8], [30, 12], [46, 89], [87, 4], [64, 90], [61, 93], [2, 46], [14, 64], [4, 47], [60, 11], [78, 64], [39, 58], [69, 88], [9, 23], [49, 80], [96, 60], [13, 0], [14, 26], [69, 9], [90, 84], [82, 58], [10, 91], [49, 12], [82, 62], [5, 79], [17, 52], [0, 91], [30, 66], [88, 9], [71, 86], [50, 29], [40, 37], [0, 22], [4, 87], [64, 87], [38, 48], [6, 15], [43, 55], [64, 51], [14, 7], [2, 60], [12, 49], [90, 42], [82, 45], [6, 8], [48, 48], [68, 72], [39, 65], [68, 63], [3, 7], [19, 29], [35, 33], [17, 84], [14, 80], [22, 21], [59, 21], [24, 78], [45, 19], [37, 56], [68, 62], [60, 81], [81, 52], [89, 90], [61, 31], [22, 91], [14, 37], [32, 96], [49, 76], [46, 95], [67, 23], [10, 65], [0, 37], [36, 90], [36, 6], [13, 67], [78, 79], [7, 59], [12, 17], [43, 18], [77, 29], [50, 54], [22, 32], [48, 63], [92, 43], [42, 97], [28, 59], [0, 26], [59, 42], [76, 42], [59, 20], [80, 19], [93, 9], [27, 40], [82, 82], [65, 22], [77, 0], [68, 71], [43, 82], [7, 65], [44, 92], [81, 32], [19, 60], [93, 76], [89, 96], [5, 83], [44, 3], [18, 87], [86, 31], [78, 48], [14, 27], [93, 65], [84, 87], [14, 16], [1, 69], [47, 16], [96, 48], [80, 76], [74, 51], [10, 81], [52, 56], [80, 68], [59, 85], [60, 20], [3, 54], [2, 91], [47, 70], [83, 76], [0, 23], [4, 45], [85, 56], [28, 41], [29, 79], [93, 33], [6, 86], [51, 20], [64, 35], [6, 26], [28, 11], [75, 29], [86, 26], [17, 34], [94, 86], [91, 44], [32, 20], [67, 83], [53, 27], [79, 95], [87, 32], [85, 39], [95, 91], [4, 50], [59, 77], [78, 5], [16, 54], [27, 20], [92, 78], [10, 56], [68, 77], [12, 75], [16, 60], [89, 95], [18, 22], [55, 28], [72, 7], [42, 69], [21, 40], [37, 88], [75, 2], [88, 66], [75, 56], [63, 21], [94, 88], [51, 89], [61, 99], [23, 78], [22, 97], [41, 64], [13, 15], [9, 10], [36, 57], [48, 32], [38, 5], [57, 13], [63, 75], [51, 16], [65, 33], [5, 35], [64, 42], [61, 14], [61, 12], [2, 0], [31, 87], [93, 15], [18, 64], [2, 20], [1, 8], [63, 45], [59, 6], [61, 80], [51, 32], [87, 70], [45, 22], [16, 98], [76, 6], [43, 23], [77, 5], [10, 12], [63, 35], [28, 75], [50, 60], [14, 87], [19, 85], [2, 14], [96, 75], [59, 34], [61, 69], [91, 80], [97, 35], [81, 30], [56, 76], [75, 86], [36, 74], [1, 16], [84, 76], [92, 93], [76, 28], [51, 69], [1, 1], [91, 51], [96, 92], [15, 4], [85, 80], [92, 86], [36, 65], [85, 15], [28, 3], [99, 15], [73, 42], [42, 79], [74, 41], [86, 5], [64, 74], [33, 28], [99, 80], [5, 24], [9, 62], [0, 38], [9, 3], [95, 2], [53, 88], [54, 69], [3, 98], [78, 49], [25, 42], [81, 22], [30, 84], [90, 15], [10, 84], [55, 22], [1, 5], [45, 5], [61, 38], [5, 81], [20, 51], [14, 36], [93, 72], [8, 82], [8, 13], [8, 48], [64, 1], [46, 79], [76, 64], [43, 81], [23, 94], [51, 65], [92, 18], [46, 98], [38, 20], [45, 91], [8, 1], [80, 8], [73, 99], [47, 92], [22, 15], [86, 65], [75, 78], [37, 32], [72, 65], [90, 87], [3, 50], [29, 30], [93, 31], [24, 82], [58, 31], [0, 33], [68, 59], [49, 60], [25, 86], [90, 89], [61, 97], [20, 33], [16, 9], [58, 70], [43, 64], [20, 15], [22, 60], [16, 79], [55, 63], [27, 38], [79, 80], [82, 94], [75, 66], [75, 75], [72, 53], [71, 72], [98, 95], [38, 23], [15, 88], [36, 55], [31, 80], [0, 55], [86, 42], [70, 96], [89, 19], [44, 83], [51, 64], [36, 49], [37, 18], [90, 59], [9, 60], [0, 88], [33, 43], [84, 22], [45, 64], [26, 61], [85, 81], [42, 86], [28, 85], [44, 26], [72, 66], [18, 65], [92, 59], [38, 22], [51, 92], [4, 28], [83, 59], [95, 33], [90, 97], [88, 14], [61, 13], [78, 16], [42, 42], [7, 12], [75, 38], [98, 37], [75, 62], [73, 9], [19, 59], [99, 87], [1, 15], [70, 57], [57, 11], [4, 33], [76, 1], [2, 94], [61, 51], [34, 61], [96, 40], [5, 25], [14, 51], [52, 88], [63, 34], [12, 42], [95, 82], [50, 23], [31, 66], [29, 57], [58, 35], [70, 33], [65, 50], [98, 94], [41, 54], [22, 19], [81, 0], [59, 66], [77, 95], [54, 89], [6, 3], [31, 19], [51, 88], [27, 32], [18, 78], [34, 65], [21, 37], [31, 40], [70, 93], [8, 57], [35, 51], [1, 56], [80, 22], [47, 49], [16, 84], [30, 78], [83, 67], [24, 63], [39, 77], [87, 71], [69, 83], [49, 24], [1, 46], [27, 33], [56, 87], [48, 42], [32, 13], [26, 7], [55, 35], [35, 5], [12, 37], [99, 22], [24, 20], [51, 12], [25, 26], [64, 25], [76, 3], [60, 51], [62, 31], [78, 11], [99, 98], [14, 29], [96, 16], [65, 51], [81, 9], [62, 85], [95, 22], [94, 20], [16, 89], [32, 97], [0, 75], [95, 37], [52, 84], [71, 64], [44, 25], [25, 54], [70, 86], [53, 24], [4, 39], [64, 4], [34, 4], [84, 46], [54, 54], [10, 30], [86, 8], [29, 9], [56, 85], [38, 19], [89, 44], [90, 4], [3, 37], [12, 61], [44, 97], [70, 99], [30, 95], [70, 78], [15, 40], [21, 81], [72, 62], [70, 28], [86, 38], [61, 52], [24, 53], [76, 16], [27, 41], [24, 47], [43, 70], [96, 41], [76, 70], [35, 59], [46, 34], [69, 76], [21, 93], [44, 50], [95, 73], [81, 84], [99, 27], [72, 27], [99, 59], [22, 86], [22, 73], [21, 74], [87, 15], [99, 37], [9, 96], [98, 80], [43, 53], [50, 73], [97, 5], [27, 76], [1, 21], [34, 27], [58, 2], [74, 88], [4, 59], [61, 7], [3, 60], [37, 47], [55, 16], [58, 16], [58, 12], [81, 5], [26, 32], [34, 89], [83, 51], [91, 52], [68, 55], [62, 94], [74, 14], [13, 90], [36, 14], [81, 55], [93, 12], [68, 54], [45, 50], [72, 58], [1, 13], [78, 44], [97, 64], [12, 8], [84, 6], [13, 39], [67, 36], [87, 29], [29, 75], [19, 58], [13, 85], [67, 48], [32, 65], [33, 72], [84, 47], [27, 37], [67, 30], [9, 8], [18, 38], [80, 50], [28, 82], [15, 34], [45, 30], [90, 10], [13, 40], [99, 29], [45, 51], [11, 92], [94, 3], [63, 20], [54, 51], [79, 54], [18, 55], [24, 73], [69, 57], [22, 51], [21, 92], [34, 40], [60, 96], [81, 68], [78, 70], [15, 45], [19, 22], [10, 38], [83, 48], [87, 33], [84, 52], [44, 47], [74, 5], [14, 71], [88, 8], [71, 56], [23, 81], [77, 91], [64, 94], [99, 83], [56, 0], [38, 72], [53, 89], [56, 2], [29, 10], [98, 76], [35, 56], [50, 30], [39, 35], [13, 86], [64, 14], [5, 3], [70, 5], [32, 82], [39, 0], [31, 91], [73, 12], [10, 61], [8, 17], [86, 83], [14, 58], [23, 82], [57, 61], [6, 5], [0, 52], [20, 97], [53, 42], [89, 60], [20, 57], [59, 27], [31, 27], [10, 70], [55, 99], [4, 3], [69, 65], [59, 15], [32, 8], [98, 92], [6, 81], [89, 89], [41, 92], [27, 2], [22, 3], [4, 23], [7, 17], [95, 66], [8, 20], [40, 33], [77, 44], [45, 43], [31, 89], [4, 66], [55, 54], [79, 60], [79, 6], [48, 26], [53, 75], [19, 44], [44, 65], [14, 13], [25, 50], [10, 92], [27, 96], [62, 86], [60, 22], [64, 20], [41, 89], [50, 15], [48, 10], [23, 57], [59, 30], [33, 76], [48, 85], [94, 77], [28, 36], [21, 96], [63, 78], [7, 14], [19, 13], [90, 78], [74, 52], [12, 0], [68, 88], [62, 52], [54, 80], [69, 62], [93, 57], [61, 27], [83, 36], [50, 26], [17, 15], [61, 70], [41, 47], [68, 27], [4, 43], [26, 60], [49, 17], [93, 32], [16, 64], [28, 99], [29, 59], [74, 89], [15, 44], [11, 30], [56, 34], [99, 77], [26, 71], [79, 71], [28, 24], [27, 63], [8, 3], [11, 38], [9, 20], [71, 3], [85, 17], [70, 61], [49, 26], [46, 56], [68, 32], [87, 12], [8, 84], [48, 9], [1, 79], [91, 81], [42, 92], [10, 0], [97, 82], [84, 28], [87, 96], [79, 21], [0, 21], [80, 15], [67, 91], [91, 72], [22, 94], [17, 77], [63, 85], [93, 78], [95, 90], [97, 59], [26, 47], [56, 23], [15, 86], [88, 41], [88, 6], [34, 43], [90, 27], [63, 98], [20, 46], [83, 70], [41, 17], [63, 76], [66, 89], [31, 79], [45, 86], [78, 30], [51, 57], [82, 97], [66, 75], [23, 12], [79, 98], [10, 26], [2, 8], [81, 62], [61, 21], [6, 23], [46, 5], [74, 82], [24, 57], [33, 24], [75, 24], [80, 12], [41, 10], [33, 70], [13, 36], [4, 93], [24, 10], [74, 54], [78, 25], [91, 32], [2, 7], [68, 58], [74, 55], [56, 37], [74, 19], [81, 97], [90, 52], [55, 87], [41, 76], [86, 55], [98, 72], [46, 61], [52, 89], [76, 39], [25, 48], [84, 72], [64, 99], [48, 39], [30, 90], [56, 71], [36, 85], [75, 15], [24, 66], [72, 81], [86, 78], [34, 72], [18, 50], [45, 37], [67, 46], [1, 71], [34, 86], [67, 73], [72, 24], [25, 85], [38, 68], [31, 73], [5, 87], [81, 49], [15, 84], [1, 59], [57, 58], [44, 24], [58, 90], [59, 97], [58, 52], [49, 87], [81, 19], [82, 95], [35, 55], [96, 9], [74, 24], [69, 81], [53, 72], [53, 25], [74, 67], [14, 96], [7, 44], [28, 2], [64, 21], [94, 45], [19, 49], [2, 74], [0, 84], [57, 3], [89, 16], [14, 38], [21, 46], [35, 62], [87, 28], [51, 75], [32, 18], [53, 85], [80, 2], [59, 2], [64, 84], [62, 84], [12, 14], [14, 53], [29, 87], [58, 37], [26, 72], [24, 22], [20, 12], [52, 77], [97, 98], [97, 22], [47, 93], [73, 32], [33, 6], [23, 84], [90, 13], [57, 85], [92, 69], [18, 54], [39, 7], [76, 31], [6, 14], [97, 66], [21, 73], [84, 92], [91, 88], [88, 79], [29, 58], [72, 8], [93, 81], [24, 18], [39, 34], [31, 81], [59, 31], [63, 14], [57, 15], [54, 15], [81, 40], [55, 71], [92, 21], [77, 60], [15, 95], [22, 81], [69, 74], [50, 44], [63, 55], [19, 62], [16, 83], [51, 90], [7, 19], [89, 20], [16, 41], [74, 85], [94, 84], [35, 22], [17, 4], [29, 37], [84, 79], [4, 58], [97, 19], [61, 89], [43, 37], [29, 4], [47, 25], [39, 16], [22, 84], [17, 83], [11, 22], [89, 18], [53, 29], [80, 89], [30, 96], [75, 63], [14, 28], [41, 2], [51, 95], [59, 16], [8, 68], [99, 6], [65, 67], [51, 15], [68, 21], [8, 85], [61, 76], [45, 75], [12, 69], [73, 8], [73, 0], [14, 82], [62, 8], [51, 60], [83, 38], [42, 72], [4, 22], [71, 51], [26, 8], [20, 99], [59, 18], [58, 95], [11, 50], [53, 69], [71, 41], [66, 79], [25, 22], [32, 21], [8, 54], [19, 37], [18, 59], [52, 37], [99, 70], [16, 39], [74, 0], [23, 88], [7, 25], [62, 35], [76, 40], [3, 15], [75, 14], [54, 92], [60, 95], [22, 54], [28, 68], [98, 29], [91, 89], [64, 64], [40, 27], [46, 49], [82, 96], [76, 5], [75, 28], [30, 11], [42, 34], [36, 47], [19, 74], [66, 3], [27, 99], [47, 55], [79, 3], [5, 97], [64, 34], [12, 57], [13, 84], [4, 37], [10, 69], [58, 97], [34, 45], [48, 40], [45, 88], [52, 5], [16, 22], [32, 2], [28, 86], [78, 93], [29, 74], [74, 63], [26, 35], [58, 7], [64, 60], [94, 82], [68, 93], [5, 91], [91, 18], [40, 51], [14, 3], [61, 81], [7, 16], [98, 26], [43, 44], [76, 19], [67, 2], [62, 39], [27, 25], [26, 4], [68, 70], [87, 97], [78, 33], [65, 41], [57, 32], [85, 40], [22, 76], [36, 63], [77, 62], [23, 77], [62, 19], [73, 40], [26, 99], [33, 73], [78, 22], [80, 71], [52, 29], [94, 18], [11, 2], [7, 97], [21, 87], [63, 54], [53, 5], [72, 76], [97, 91], [54, 25], [70, 13], [24, 25], [15, 17], [17, 48], [67, 1], [46, 78], [12, 60], [51, 30], [80, 26], [42, 37], [37, 73], [79, 78], [27, 66], [74, 75], [33, 85], [67, 90], [73, 19], [93, 5], [53, 59], [17, 89], [96, 84], [25, 47], [96, 34], [37, 86], [89, 0], [86, 43], [85, 69], [30, 63], [44, 51], [0, 71], [73, 72], [32, 36], [85, 30], [60, 72], [83, 61], [58, 39], [41, 73], [20, 4], [48, 73], [94, 15], [42, 62], [53, 30], [61, 36], [4, 16], [87, 79], [50, 95], [96, 79], [86, 79], [47, 27], [84, 75], [25, 21], [7, 61], [58, 19], [41, 40], [45, 27], [89, 78], [16, 31], [1, 50], [70, 72], [95, 70], [53, 11], [90, 36], [42, 56], [34, 36], [37, 44], [35, 30], [48, 25], [96, 86], [38, 89], [74, 50], [60, 94], [11, 44], [34, 33], [35, 95], [56, 90], [82, 43], [19, 18], [37, 68], [76, 10], [25, 81], [84, 50], [69, 49], [47, 54], [23, 65], [71, 52], [64, 5], [44, 12], [70, 0], [27, 70], [48, 1], [94, 0], [17, 98], [69, 63], [39, 24], [4, 82], [48, 82], [3, 21], [11, 54], [98, 18], [59, 46], [11, 42], [36, 21], [24, 27], [11, 64], [45, 10], [14, 59], [74, 2], [71, 47], [39, 62], [76, 69], [78, 72], [86, 71], [76, 50], [12, 38], [25, 29], [8, 35], [65, 6], [57, 9], [33, 13], [40, 34], [24, 83], [95, 6], [72, 80], [92, 11], [12, 76], [53, 17], [48, 17], [59, 98], [44, 62], [96, 95], [33, 32], [84, 32], [91, 68], [86, 96], [12, 53], [45, 58], [15, 23], [70, 32], [52, 91], [40, 35], [10, 3], [35, 28], [36, 95], [86, 48], [52, 18], [48, 71], [93, 63], [83, 56], [10, 28], [11, 23], [65, 4], [73, 54], [11, 57], [28, 70], [75, 93], [60, 40], [32, 88], [95, 39], [14, 73], [90, 94], [57, 5], [14, 23], [76, 66], [60, 14], [47, 88], [79, 76], [47, 68], [83, 2], [16, 44], [69, 59], [78, 0], [98, 42], [34, 3], [54, 79], [76, 75], [9, 36], [22, 78], [27, 77], [60, 6], [88, 92], [15, 7], [8, 76], [34, 83], [8, 93], [72, 52], [13, 28], [70, 50], [66, 72], [55, 86], [32, 95], [38, 81], [83, 93], [86, 4], [59, 23], [71, 82], [51, 84], [13, 37], [71, 25], [19, 75], [43, 36], [46, 0], [65, 17], [16, 35], [21, 20], [33, 99], [78, 91], [8, 14], [82, 61], [11, 19], [22, 62], [84, 57], [18, 3], [39, 20], [68, 92], [79, 89], [59, 78], [50, 91], [67, 4], [5, 29], [78, 98], [69, 86], [5, 85], [56, 88], [79, 40], [26, 18], [70, 55], [66, 41], [91, 29], [47, 85], [78, 74], [92, 51], [94, 39], [55, 83], [1, 36], [88, 47], [94, 16], [17, 88], [9, 19], [19, 25], [35, 12], [63, 97], [38, 82], [34, 16], [64, 62], [12, 34], [33, 26], [63, 79], [8, 83], [18, 83], [64, 92], [71, 67], [98, 70], [78, 35], [52, 4], [30, 75], [80, 17], [1, 75], [17, 14], [77, 76], [16, 76], [19, 64], [26, 2], [9, 95], [11, 56], [23, 61], [7, 10], [40, 14], [83, 7], [25, 89], [57, 6], [97, 24], [26, 98], [54, 56], [93, 62], [30, 9], [0, 32], [44, 53], [38, 90], [91, 77], [61, 16], [95, 11], [14, 0], [40, 32], [12, 66], [11, 97], [12, 19], [77, 64], [19, 72], [85, 82], [57, 98], [5, 59], [46, 84], [45, 61], [84, 66], [2, 30], [72, 79], [6, 41], [48, 93], [7, 34], [39, 66], [91, 35], [53, 99], [65, 0], [24, 86], [75, 18], [69, 90], [34, 92], [53, 32], [18, 74], [55, 77], [71, 33], [90, 47], [87, 76], [80, 96], [80, 67], [89, 14], [86, 91], [85, 62], [19, 5], [26, 15], [68, 86], [38, 67], [19, 80], [38, 84], [36, 33], [38, 52], [21, 26], [68, 67], [55, 81], [58, 48], [57, 35], [24, 28], [77, 22], [51, 24], [83, 98], [7, 46], [2, 98], [88, 81], [68, 5], [3, 90], [65, 85], [58, 0], [17, 57], [95, 23], [11, 21], [88, 77], [79, 9], [43, 43], [15, 42], [6, 53], [45, 70], [2, 5], [57, 12], [22, 45], [98, 22], [24, 55], [52, 73], [28, 47], [69, 82], [86, 41], [6, 87], [8, 2], [58, 60], [29, 76], [94, 59], [50, 52], [29, 60], [15, 21], [94, 9], [1, 90], [27, 15], [91, 84], [45, 13], [76, 21], [42, 4], [53, 15], [62, 7], [86, 34], [76, 77], [36, 4], [37, 8], [21, 43], [4, 7], [38, 14], [86, 50], [34, 87], [79, 10], [99, 21], [63, 40], [3, 18], [18, 15], [40, 36], [88, 7], [89, 29], [8, 47], [11, 15], [53, 31], [6, 82], [16, 38], [90, 26], [59, 50], [67, 97], [51, 28], [35, 17], [73, 1], [49, 47], [72, 78], [41, 57], [37, 2], [32, 93], [7, 67], [45, 78], [46, 57], [46, 88], [49, 93], [24, 30], [90, 28], [82, 80], [91, 46], [76, 55], [85, 55], [85, 84], [29, 64], [52, 95], [21, 52], [40, 63], [7, 82], [34, 2], [22, 42], [23, 97], [66, 88], [6, 64], [29, 23], [57, 72], [39, 52], [37, 3], [29, 7], [25, 41], [38, 25], [32, 57], [25, 96], [24, 24], [78, 75], [42, 31], [95, 51], [71, 1], [16, 34], [39, 86], [77, 68], [7, 29], [28, 16], [52, 68], [5, 53], [94, 94], [36, 66], [57, 36], [2, 36], [88, 3], [86, 19], [18, 77], [28, 90], [71, 77], [95, 94], [27, 22], [35, 94], [92, 71], [81, 57], [10, 75], [67, 25], [21, 54], [63, 38], [66, 58], [57, 10], [82, 56], [68, 79], [2, 68], [59, 89], [99, 8], [25, 16], [49, 68], [97, 42], [68, 48], [61, 41], [12, 51], [90, 12], [56, 49], [6, 91], [75, 54], [82, 46], [88, 55], [77, 56], [43, 68], [64, 27], [48, 83], [61, 95], [61, 59], [13, 58], [28, 88], [51, 91], [87, 93], [38, 38], [69, 26], [55, 23], [76, 79], [34, 12], [63, 6], [1, 26], [80, 9], [24, 51], [75, 74], [90, 81], [99, 30], [50, 11], [82, 60], [73, 63], [7, 98], [64, 69], [75, 58], [54, 93], [9, 68], [47, 0], [54, 59], [66, 80], [76, 45], [41, 46], [49, 79], [64, 26], [68, 51], [93, 90], [0, 66], [51, 73], [41, 95], [91, 73], [21, 82], [74, 27], [20, 88], [94, 6], [66, 1], [83, 88], [22, 64], [4, 14], [38, 13], [36, 36], [91, 40], [7, 92], [82, 77], [84, 36], [41, 80], [44, 56], [13, 65], [72, 47], [54, 45], [75, 32], [61, 50], [46, 54], [15, 39], [88, 80], [74, 20], [87, 59], [55, 70], [80, 94], [73, 27], [2, 19], [81, 14], [95, 24], [83, 62], [32, 3], [66, 19], [79, 43], [34, 68], [77, 90], [3, 95], [40, 25], [21, 24], [90, 29], [40, 56], [58, 72], [88, 10], [0, 13], [65, 77], [97, 11], [91, 76], [67, 37], [35, 57], [13, 62], [56, 97], [55, 74], [71, 30], [45, 65], [40, 23], [57, 47], [36, 41], [43, 57], [86, 81], [63, 22], [63, 62], [50, 94], [34, 77], [19, 3], [48, 8], [5, 48], [78, 69], [34, 8], [16, 73], [61, 42], [53, 54], [39, 72], [16, 47], [65, 11], [73, 82], [20, 62], [85, 53], [79, 34], [35, 89], [82, 47], [47, 50], [40, 59], [36, 71], [72, 41], [4, 6], [70, 87], [9, 81], [54, 13], [41, 14], [73, 62], [46, 46], [83, 65], [37, 29], [40, 82], [7, 40], [78, 88], [54, 87], [55, 19], [40, 3], [44, 1], [81, 63], [79, 62], [42, 11], [51, 86], [1, 96], [19, 32], [77, 96], [52, 42], [73, 44], [12, 21], [39, 70], [28, 76], [53, 87], [6, 6], [9, 12], [34, 74], [2, 97], [12, 90], [63, 70], [46, 36], [93, 18], [86, 15], [49, 41], [28, 98], [7, 81], [79, 70], [52, 58], [8, 90], [39, 81], [53, 94], [40, 98], [43, 86], [2, 13], [21, 29], [58, 83], [84, 24], [13, 82], [53, 70], [79, 61], [86, 36], [29, 89], [89, 87], [85, 33], [17, 35], [62, 88], [9, 42], [39, 22], [75, 50], [36, 52], [12, 24], [28, 12], [6, 13], [98, 98], [71, 11], [54, 77], [29, 45], [41, 61], [43, 54], [33, 55], [31, 69], [86, 12], [42, 93], [48, 91], [62, 36], [62, 92], [60, 17], [24, 49], [33, 5], [71, 21], [49, 57], [77, 69], [45, 87], [82, 1], [67, 87], [67, 40], [60, 60], [48, 64], [36, 50], [89, 39], [12, 15], [25, 4], [54, 47], [45, 0], [42, 91], [60, 85], [50, 90], [43, 83], [85, 88], [62, 58], [3, 25], [56, 6], [39, 47], [35, 91], [73, 45], [55, 90], [43, 66], [37, 90], [34, 50], [58, 96], [22, 52], [9, 56], [26, 21], [49, 55], [32, 9], [96, 81], [38, 69], [44, 27], [47, 61], [72, 63], [20, 32], [9, 4], [41, 45], [80, 74], [47, 34], [20, 53], [30, 54], [27, 87], [73, 77], [3, 36], [78, 1], [26, 14], [26, 75], [42, 60], [14, 6], [62, 25], [47, 99], [21, 70], [43, 33], [1, 34], [87, 23], [76, 30], [11, 28], [24, 16], [70, 16], [4, 40], [99, 56], [10, 29], [50, 18], [5, 16], [4, 41], [1, 28], [20, 14], [46, 83], [36, 78], [71, 6], [96, 68], [85, 76], [83, 69], [60, 48], [72, 36], [4, 36], [21, 14], [5, 30], [12, 11], [76, 2], [44, 20], [79, 55], [93, 92], [50, 21], [41, 58], [23, 72], [63, 93], [97, 45], [82, 90], [66, 16], [95, 80], [68, 28], [39, 64], [4, 55], [81, 98], [9, 5], [89, 30], [38, 79], [12, 97], [45, 28], [29, 70], [63, 26], [32, 12], [99, 20], [52, 90], [17, 2], [40, 49], [16, 51], [78, 83], [92, 25], [86, 89], [1, 4], [62, 67], [5, 1], [2, 53], [49, 13], [77, 39], [84, 21], [25, 82], [22, 18], [35, 64], [9, 94], [79, 41], [62, 22], [84, 10], [38, 60], [75, 72], [31, 52], [82, 8], [85, 51], [38, 44], [61, 9], [73, 2], [91, 36], [47, 28], [4, 89], [67, 34], [72, 17], [22, 12], [27, 13], [53, 23], [88, 82], [2, 64], [75, 92], [55, 39], [65, 42], [71, 2], [78, 39], [8, 86], [16, 78], [70, 43], [72, 86], [62, 50], [26, 63], [34, 59], [29, 31], [58, 45], [77, 86], [57, 84], [99, 91], [76, 72], [94, 14], [14, 55], [34, 14], [98, 71], [78, 92], [73, 7], [93, 23], [98, 6], [41, 55], [93, 80], [6, 88], [83, 19], [84, 77], [36, 68], [67, 78], [10, 79], [20, 68], [3, 27], [28, 19], [81, 85], [27, 86], [72, 54], [76, 32], [87, 51], [78, 81], [77, 43], [74, 4], [1, 23], [19, 82], [68, 1], [99, 40], [48, 51], [96, 15], [37, 38], [20, 86], [55, 79], [21, 99], [98, 36], [28, 79], [48, 59], [63, 8], [57, 64], [70, 65], [39, 46], [14, 39], [92, 5], [82, 78], [41, 90], [90, 5], [57, 92], [28, 25], [35, 24], [39, 4], [19, 27], [42, 94], [17, 50], [25, 6], [74, 16], [67, 94], [0, 47], [90, 72], [58, 28], [86, 14], [62, 15], [64, 41], [82, 15], [43, 34], [33, 67], [8, 5], [34, 1], [67, 89], [13, 24], [39, 75], [76, 27], [89, 72], [12, 70], [1, 40], [28, 17], [92, 76], [98, 12], [88, 97], [22, 27], [62, 23], [85, 9], [36, 1], [24, 38], [19, 65], [15, 12], [44, 44], [0, 45], [44, 87], [58, 46], [1, 47], [76, 68], [25, 67], [25, 84], [19, 90], [20, 25], [96, 35], [56, 89], [61, 92], [92, 70], [72, 64], [42, 89], [81, 31], [7, 64], [19, 8], [1, 3], [12, 81], [57, 18], [88, 90], [85, 89], [74, 93], [65, 1], [51, 98], [49, 58], [28, 60], [74, 83], [89, 93], [2, 16], [15, 70], [76, 9], [43, 77], [18, 46], [40, 38], [98, 1], [64, 11], [6, 74], [0, 41], [29, 3], [91, 69], [66, 21], [71, 94], [9, 33], [27, 73], [79, 24], [93, 95], [96, 52], [40, 99], [75, 27], [70, 74], [4, 0], [64, 72], [48, 84], [46, 50], [83, 14], [91, 54], [23, 69], [9, 40], [37, 50], [69, 92], [6, 57], [14, 24], [91, 5], [87, 20], [50, 48], [18, 75], [5, 27], [4, 62], [8, 42], [68, 97], [54, 21], [40, 79], [98, 90], [56, 43], [80, 36], [35, 68], [98, 62], [53, 96], [80, 57], [86, 46], [87, 50], [68, 22], [60, 42], [39, 18], [50, 70], [35, 73], [71, 10], [18, 41], [77, 12], [42, 51], [94, 5], [50, 99], [69, 21], [81, 82], [37, 21], [1, 78], [93, 36], [16, 16], [78, 63], [90, 22], [97, 12], [83, 4], [95, 20], [37, 33], [27, 28], [29, 33], [25, 97], [51, 17], [65, 19], [28, 65], [99, 25], [40, 95], [5, 15], [31, 13], [83, 11], [81, 41], [3, 3], [39, 68], [96, 20], [76, 61], [69, 3], [86, 39], [17, 59], [23, 29], [82, 89], [49, 10], [73, 4], [2, 44], [82, 75], [69, 33], [10, 63], [13, 45], [98, 9], [4, 67], [40, 75], [63, 57], [63, 66], [25, 95], [44, 28], [19, 0], [8, 30], [73, 48], [79, 88], [17, 12], [39, 33], [59, 87], [52, 1], [4, 42], [89, 37], [31, 29], [98, 97], [91, 13], [83, 13], [74, 64], [99, 3], [93, 25], [41, 75], [66, 82], [58, 38], [78, 60], [5, 71], [66, 18], [46, 76], [4, 53], [26, 81], [26, 36], [38, 11], [46, 39], [8, 38], [30, 32], [53, 1], [37, 67], [87, 75], [76, 92], [18, 33], [21, 65], [43, 42], [89, 76], [40, 8], [1, 89], [22, 29], [78, 38], [8, 81], [91, 79], [47, 14], [84, 83], [38, 56], [73, 50], [72, 0], [30, 34], [40, 81], [38, 91], [57, 31], [67, 29], [90, 35], [3, 84], [45, 26], [3, 68], [62, 38], [20, 52], [86, 17], [45, 3], [71, 32], [26, 78], [8, 64], [12, 5], [22, 79], [92, 17], [29, 42], [20, 1], [33, 88], [81, 87], [19, 92], [20, 38], [67, 82], [89, 27], [89, 99], [41, 0], [4, 27], [13, 46], [25, 33], [44, 57], [89, 21], [70, 66], [52, 17], [43, 88], [72, 49], [34, 51], [62, 40], [55, 27], [62, 29], [40, 22], [55, 85], [35, 9], [92, 68], [32, 54], [89, 85], [39, 11], [33, 8], [60, 33], [81, 64], [93, 44], [63, 2], [14, 86], [86, 59], [47, 13], [96, 47], [19, 6], [37, 26], [15, 69], [59, 37], [63, 3], [63, 50], [66, 26], [32, 58], [62, 76]]}