{"meta": {"number_of_robots": 4000, "description": {"parameters": {"seed": 4034, "shape": [100, 100], "obstacles": {"n": 0, "mean": 3, "std": 1.5}, "clusters": {"n": 30, "mean": 80, "std": 40.0, "relative_radius": 2, "increase_factor": 1.3, "start_dist": {"generator_name": "Image", "shape": [100, 100], "min": 7.0, "max": 174.0, "mean": 76.1307, "std": 35.62703492447835, "dtype": "uint64", "parameters": {"image": "algae.png", "transformer": {"name": "ColorChannelSelector", "channel": "s", "inverted": false}}}, "target_dist": {"generator_name": "Image", "shape": [100, 100], "min": 81.0, "max": 248.0, "mean": 178.8693, "std": 35.62703492447835, "dtype": "uint64", "parameters": {"image": "algae.png", "transformer": {"name": "ColorChannelSelector", "channel": "s", "inverted": true}}}}, "density": 0.4, "start_dist": {"generator_name": "Image", "shape": [100, 100], "min": 7.0, "max": 174.0, "mean": 76.1307, "std": 35.62703492447835, "dtype": "uint64", "parameters": {"image": "algae.png", "transformer": {"name": "ColorChannelSelector", "channel": "s", "inverted": false}}}, "target_dist": {"generator_name": "Image", "shape": [100, 100], "min": 81.0, "max": 248.0, "mean": 178.8693, "std": 35.62703492447835, "dtype": "uint64", "parameters": {"image": "algae.png", "transformer": {"name": "ColorChannelSelector", "channel": "s", "inverted": true}}}}, "stats": {"date": "2020-11-17", "free_area": 10000.0, "number_of_clustered_robots": 2088, "number_of_robots": 4000}}}, "name": "algae_00006_100x100_40_4000", "obstacles": [], "starts": [[11, 29], [39, 97], [89, 38], [85, 46], [57, 55], [92, 71], [30, 34], [9, 75], [30, 85], [37, 98], [29, 18], [67, 76], [88, 50], [98, 96], [14, 71], [15, 62], [92, 86], [5, 16], [88, 39], [70, 69], [11, 80], [1, 88], [12, 61], [61, 83], [78, 18], [7, 50], [12, 91], [59, 66], [56, 75], [62, 92], [36, 23], [70, 81], [7, 83], [14, 65], [47, 88], [18, 68], [89, 39], [46, 90], [72, 48], [81, 52], [74, 35], [18, 16], [2, 50], [79, 51], [56, 83], [32, 19], [75, 61], [10, 85], [65, 74], [64, 77], [1, 58], [49, 89], [94, 85], [9, 64], [98, 36], [50, 86], [79, 39], [29, 85], [66, 56], [29, 19], [20, 26], [94, 55], [76, 72], [11, 72], [83, 27], [9, 27], [14, 59], [64, 73], [38, 79], [6, 50], [93, 68], [86, 45], [57, 67], [14, 60], [32, 18], [15, 77], [34, 17], [93, 41], [53, 89], [77, 71], [32, 92], [16, 92], [66, 80], [64, 48], [56, 74], [4, 68], [86, 50], [78, 33], [34, 76], [93, 92], [6, 26], [28, 29], [17, 64], [70, 73], [5, 81], [91, 43], [44, 99], [9, 50], [86, 42], [59, 80], [14, 63], [79, 43], [37, 97], [56, 44], [47, 86], [29, 22], [13, 24], [94, 45], [65, 76], [16, 75], [77, 25], [24, 59], [66, 68], [19, 17], [88, 30], [57, 66], [63, 95], [15, 55], [10, 76], [58, 66], [44, 35], [41, 86], [95, 96], [84, 72], [9, 59], [2, 90], [55, 39], [89, 62], [90, 51], [54, 70], [24, 74], [90, 54], [66, 31], [32, 13], [15, 73], [9, 62], [27, 31], [94, 36], [61, 92], [12, 26], [63, 66], [52, 91], [40, 95], [14, 93], [79, 44], [27, 92], [66, 65], [59, 49], [58, 71], [39, 22], [19, 79], [9, 29], [5, 63], [3, 53], [95, 21], [86, 38], [87, 41], [67, 68], [70, 72], [48, 89], [6, 92], [69, 28], [49, 84], [91, 93], [96, 88], [15, 36], [32, 40], [5, 51], [10, 62], [66, 44], [58, 65], [67, 65], [14, 91], [93, 25], [45, 91], [59, 90], [86, 49], [8, 48], [39, 29], [56, 65], [66, 23], [65, 64], [94, 62], [79, 48], [69, 85], [16, 52], [65, 68], [71, 46], [4, 76], [34, 92], [3, 78], [6, 36], [66, 38], [41, 18], [15, 79], [36, 92], [93, 89], [42, 39], [95, 33], [14, 22], [56, 96], [97, 56], [13, 47], [62, 71], [44, 96], [0, 76], [79, 18], [9, 48], [3, 62], [43, 19], [83, 37], [60, 85], [32, 80], [59, 74], [12, 22], [61, 47], [90, 40], [49, 72], [64, 93], [85, 72], [15, 61], [14, 95], [17, 75], [56, 64], [47, 32], [95, 49], [15, 57], [71, 36], [46, 87], [91, 90], [81, 46], [38, 97], [72, 83], [9, 52], [99, 38], [7, 79], [72, 57], [10, 59], [47, 92], [16, 28], [29, 36], [81, 58], [83, 38], [59, 81], [21, 21], [57, 71], [2, 79], [38, 78], [98, 43], [67, 74], [55, 74], [6, 78], [83, 18], [30, 15], [9, 78], [3, 69], [29, 31], [88, 28], [65, 86], [54, 40], [1, 52], [21, 16], [76, 76], [2, 62], [43, 88], [93, 86], [35, 93], [11, 74], [88, 36], [66, 69], [41, 21], [15, 52], [82, 40], [96, 31], [80, 48], [37, 84], [84, 26], [58, 64], [63, 90], [71, 80], [65, 45], [72, 76], [12, 71], [62, 75], [48, 77], [49, 19], [22, 62], [11, 33], [20, 36], [0, 61], [4, 45], [98, 24], [82, 54], [81, 61], [87, 37], [57, 70], [73, 67], [49, 86], [16, 81], [78, 17], [31, 34], [33, 78], [91, 96], [56, 43], [14, 72], [2, 69], [40, 12], [57, 65], [5, 78], [94, 81], [5, 24], [71, 61], [0, 82], [26, 27], [18, 94], [95, 28], [9, 61], [56, 73], [47, 87], [81, 44], [31, 90], [85, 53], [40, 78], [10, 53], [74, 27], [3, 65], [87, 46], [69, 69], [65, 43], [12, 79], [65, 63], [75, 82], [38, 34], [34, 98], [15, 80], [20, 34], [90, 41], [14, 30], [38, 80], [96, 87], [43, 94], [6, 61], [97, 52], [19, 57], [70, 59], [6, 59], [31, 33], [65, 67], [7, 73], [70, 27], [60, 43], [51, 65], [80, 65], [74, 50], [62, 72], [89, 34], [44, 76], [11, 70], [61, 97], [66, 75], [36, 24], [84, 43], [4, 87], [36, 98], [22, 60], [8, 20], [14, 86], [88, 53], [70, 37], [75, 29], [3, 51], [40, 15], [11, 83], [5, 48], [42, 79], [92, 97], [35, 30], [62, 82], [90, 25], [15, 33], [12, 72], [72, 68], [56, 87], [61, 67], [88, 48], [58, 81], [3, 76], [56, 70], [10, 30], [90, 47], [50, 35], [17, 51], [73, 69], [69, 43], [31, 80], [43, 97], [0, 85], [69, 23], [99, 34], [5, 61], [62, 90], [15, 58], [39, 30], [75, 44], [33, 93], [81, 67], [4, 70], [94, 67], [88, 46], [58, 72], [4, 71], [34, 94], [93, 95], [67, 73], [16, 34], [99, 55], [69, 47], [99, 23], [73, 36], [50, 67], [59, 98], [39, 34], [15, 68], [74, 61], [9, 22], [10, 49], [15, 87], [5, 46], [52, 86], [38, 12], [5, 83], [16, 77], [59, 73], [29, 17], [99, 43], [55, 45], [87, 43], [17, 29], [74, 37], [53, 77], [74, 77], [22, 78], [54, 92], [1, 79], [64, 31], [16, 61], [71, 71], [49, 90], [94, 87], [74, 36], [25, 91], [44, 17], [57, 76], [62, 66], [5, 50], [94, 39], [42, 99], [18, 95], [73, 43], [13, 70], [16, 58], [80, 40], [52, 93], [92, 83], [19, 29], [36, 83], [41, 20], [76, 21], [87, 67], [77, 40], [70, 70], [15, 23], [85, 63], [18, 79], [88, 23], [2, 57], [68, 72], [21, 75], [43, 38], [54, 97], [59, 45], [7, 43], [45, 90], [94, 84], [80, 41], [69, 71], [70, 66], [64, 74], [6, 30], [3, 79], [73, 26], [33, 20], [6, 71], [78, 41], [27, 89], [4, 50], [90, 45], [67, 70], [29, 26], [94, 34], [20, 67], [47, 84], [45, 87], [62, 69], [68, 46], [20, 76], [79, 47], [9, 54], [36, 36], [11, 58], [61, 65], [10, 19], [77, 18], [20, 32], [99, 31], [63, 81], [12, 60], [43, 83], [99, 93], [63, 74], [38, 98], [11, 94], [56, 88], [83, 65], [84, 52], [54, 76], [46, 34], [59, 37], [1, 59], [90, 55], [73, 71], [90, 39], [72, 40], [18, 86], [38, 91], [34, 86], [24, 58], [17, 25], [19, 78], [70, 30], [3, 43], [69, 68], [26, 37], [54, 98], [56, 78], [8, 62], [63, 46], [64, 66], [86, 43], [60, 67], [38, 15], [4, 81], [5, 80], [50, 75], [97, 49], [30, 81], [92, 88], [29, 40], [12, 73], [89, 30], [12, 29], [65, 32], [25, 19], [51, 91], [16, 64], [71, 73], [8, 59], [15, 94], [68, 47], [29, 24], [30, 92], [13, 60], [96, 32], [92, 53], [57, 68], [89, 57], [86, 46], [70, 79], [12, 59], [78, 68], [84, 39], [39, 84], [59, 95], [33, 98], [18, 81], [69, 35], [40, 31], [15, 34], [57, 62], [58, 68], [43, 79], [98, 97], [5, 60], [53, 49], [16, 78], [80, 73], [6, 46], [94, 32], [0, 77], [40, 20], [95, 39], [61, 87], [14, 29], [84, 46], [55, 79], [71, 25], [32, 78], [35, 11], [66, 70], [15, 74], [94, 86], [5, 33], [76, 59], [1, 83], [12, 63], [23, 57], [63, 47], [37, 25], [16, 71], [90, 32], [2, 49], [65, 65], [54, 93], [83, 36], [35, 92], [81, 48], [45, 96], [92, 85], [84, 70], [39, 19], [17, 59], [17, 72], [76, 27], [17, 74], [94, 71], [75, 52], [65, 75], [17, 31], [67, 45], [99, 22], [18, 76], [64, 68], [80, 60], [47, 99], [63, 79], [41, 80], [49, 29], [1, 57], [34, 93], [7, 92], [7, 58], [83, 49], [18, 30], [16, 59], [53, 70], [83, 30], [95, 25], [82, 64], [70, 42], [45, 38], [22, 28], [35, 79], [97, 87], [14, 76], [59, 92], [85, 38], [56, 81], [10, 63], [83, 46], [35, 91], [32, 11], [10, 73], [98, 37], [19, 66], [75, 60], [9, 51], [28, 18], [89, 37], [59, 76], [3, 87], [70, 24], [31, 96], [70, 52], [3, 63], [62, 86], [24, 29], [56, 62], [83, 79], [29, 35], [18, 75], [89, 71], [86, 51], [70, 78], [63, 77], [2, 77], [96, 48], [21, 26], [92, 23], [37, 89], [98, 83], [5, 55], [6, 53], [77, 35], [69, 53], [50, 89], [75, 69], [43, 39], [41, 97], [73, 35], [3, 82], [31, 85], [66, 71], [9, 77], [14, 35], [13, 87], [3, 68], [51, 93], [94, 33], [91, 47], [79, 49], [58, 73], [36, 26], [71, 76], [55, 66], [50, 91], [56, 46], [6, 89], [83, 22], [9, 46], [5, 71], [37, 15], [8, 77], [15, 47], [33, 94], [99, 87], [25, 34], [50, 20], [75, 81], [94, 37], [18, 33], [85, 44], [4, 73], [72, 74], [51, 89], [16, 76], [58, 70], [69, 40], [88, 61], [73, 45], [59, 70], [16, 65], [81, 33], [16, 47], [40, 22], [81, 63], [33, 82], [83, 44], [32, 94], [51, 76], [5, 43], [93, 22], [6, 88], [89, 86], [20, 35], [60, 93], [82, 53], [26, 33], [9, 66], [74, 69], [5, 58], [61, 37], [38, 84], [91, 92], [38, 96], [17, 73], [77, 33], [76, 46], [59, 84], [70, 77], [88, 43], [47, 23], [83, 62], [7, 60], [1, 60], [61, 90], [13, 28], [20, 24], [23, 66], [44, 82], [81, 47], [56, 66], [17, 79], [37, 20], [9, 76], [54, 42], [26, 20], [91, 35], [80, 44], [37, 85], [66, 24], [58, 76], [77, 68], [5, 68], [90, 67], [78, 49], [56, 72], [48, 94], [1, 84], [32, 81], [94, 89], [12, 70], [66, 77], [11, 21], [32, 17], [7, 52], [84, 53], [57, 38], [84, 81], [97, 33], [3, 67], [13, 72], [70, 28], [64, 61], [45, 85], [63, 99], [31, 32], [24, 63], [85, 64], [14, 27], [80, 53], [71, 78], [14, 23], [95, 55], [5, 67], [71, 42], [41, 99], [6, 87], [93, 30], [2, 51], [28, 40], [82, 42], [37, 86], [50, 83], [92, 87], [61, 66], [76, 28], [43, 87], [2, 67], [67, 66], [34, 21], [7, 76], [15, 76], [60, 68], [11, 71], [18, 62], [39, 17], [50, 74], [96, 21], [65, 57], [87, 36], [15, 29], [38, 87], [86, 59], [89, 50], [68, 73], [71, 63], [7, 66], [43, 96], [7, 45], [15, 71], [74, 34], [10, 52], [44, 36], [56, 77], [14, 28], [94, 41], [78, 61], [43, 78], [94, 91], [55, 40], [98, 53], [82, 38], [5, 93], [34, 89], [20, 78], [5, 31], [48, 34], [62, 94], [18, 67], [85, 37], [58, 75], [61, 71], [68, 36], [68, 70], [8, 51], [39, 90], [89, 29], [42, 96], [2, 80], [34, 27], [57, 75], [67, 48], [2, 78], [10, 61], [95, 45], [58, 99], [30, 11], [57, 69], [6, 75], [96, 82], [20, 28], [67, 72], [6, 86], [48, 79], [91, 95], [28, 31], [7, 74], [68, 24], [80, 58], [77, 52], [67, 80], [93, 26], [0, 50], [13, 65], [15, 30], [19, 74], [56, 76], [70, 67], [69, 49], [55, 96], [83, 47], [33, 90], [95, 51], [41, 38], [4, 92], [51, 88], [16, 19], [99, 39], [4, 49], [68, 30], [82, 62], [71, 77], [7, 64], [85, 43], [69, 74], [35, 27], [60, 88], [54, 55], [9, 95], [4, 47], [50, 87], [96, 84], [89, 43], [13, 79], [57, 64], [0, 47], [66, 78], [54, 71], [99, 41], [7, 23], [27, 23], [24, 75], [40, 96], [18, 93], [81, 19], [55, 86], [22, 26], [51, 97], [33, 13], [13, 81], [58, 37], [76, 35], [27, 90], [64, 72], [1, 66], [82, 63], [89, 44], [60, 71], [69, 77], [50, 22], [3, 45], [81, 51], [95, 26], [5, 85], [8, 76], [10, 21], [40, 79], [96, 92], [82, 24], [44, 94], [85, 68], [17, 46], [45, 34], [63, 70], [65, 51], [2, 95], [92, 24], [86, 47], [8, 74], [73, 44], [58, 83], [71, 66], [6, 43], [32, 83], [37, 32], [69, 72], [18, 46], [60, 95], [64, 79], [7, 18], [5, 79], [76, 16], [17, 20], [57, 37], [82, 35], [38, 88], [94, 42], [73, 68], [10, 60], [26, 34], [34, 90], [98, 92], [79, 46], [8, 69], [58, 62], [43, 98], [8, 75], [49, 93], [36, 19], [9, 79], [89, 60], [81, 43], [69, 82], [0, 46], [17, 16], [66, 33], [77, 60], [45, 21], [70, 38], [99, 32], [24, 72], [34, 83], [13, 56], [58, 67], [20, 85], [81, 41], [61, 93], [69, 61], [49, 35], [22, 21], [91, 37], [85, 41], [57, 44], [15, 83], [31, 91], [30, 98], [87, 48], [98, 99], [24, 79], [93, 81], [19, 18], [12, 74], [2, 59], [71, 84], [82, 36], [6, 56], [10, 86], [63, 64], [64, 76], [37, 28], [65, 66], [62, 95], [80, 50], [16, 86], [65, 78], [3, 54], [33, 77], [15, 78], [97, 32], [72, 45], [45, 24], [72, 77], [66, 22], [21, 24], [0, 52], [89, 66], [79, 53], [60, 73], [29, 21], [4, 77], [63, 87], [41, 94], [8, 94], [57, 63], [7, 59], [93, 50], [31, 83], [93, 84], [42, 30], [15, 66], [76, 79], [92, 27], [85, 48], [29, 88], [59, 56], [21, 27], [19, 77], [78, 20], [56, 80], [11, 17], [65, 90], [8, 55], [58, 69], [47, 40], [33, 91], [72, 70], [7, 44], [77, 36], [53, 79], [20, 62], [82, 52], [89, 40], [20, 73], [71, 37], [60, 63], [38, 35], [4, 69], [75, 83], [47, 98], [73, 34], [50, 92], [93, 96], [17, 17], [17, 76], [17, 78], [94, 28], [79, 52], [9, 55], [37, 24], [67, 77], [91, 59], [77, 41], [66, 73], [16, 57], [79, 78], [75, 42], [31, 88], [65, 41], [40, 11], [5, 82], [52, 88], [12, 27], [58, 90], [41, 96], [4, 79], [82, 20], [21, 76], [38, 20], [15, 17], [90, 24], [59, 67], [77, 83], [18, 60], [17, 83], [67, 67], [99, 40], [49, 91], [91, 83], [7, 48], [1, 89], [67, 44], [50, 98], [39, 21], [86, 44], [60, 84], [60, 69], [24, 68], [86, 65], [77, 31], [3, 49], [99, 37], [10, 20], [37, 78], [0, 74], [26, 18], [98, 48], [78, 47], [39, 94], [51, 95], [57, 46], [62, 70], [54, 73], [24, 62], [21, 25], [8, 54], [7, 55], [99, 33], [85, 65], [80, 51], [54, 84], [4, 75], [81, 17], [29, 39], [50, 90], [95, 84], [35, 17], [67, 79], [3, 75], [93, 85], [20, 30], [78, 59], [2, 83], [51, 92], [95, 54], [0, 57], [4, 65], [56, 41], [68, 67], [29, 25], [40, 93], [8, 80], [92, 25], [38, 76], [64, 62], [9, 49], [74, 22], [61, 69], [76, 47], [70, 76], [15, 51], [63, 93], [45, 17], [76, 45], [4, 86], [25, 95], [18, 78], [7, 24], [79, 37], [59, 41], [46, 83], [92, 94], [68, 78], [91, 42], [14, 24], [56, 68], [38, 38], [7, 69], [1, 94], [79, 24], [6, 58], [59, 99], [22, 65], [81, 73], [91, 57], [80, 54], [71, 81], [41, 76], [15, 18], [89, 52], [63, 56], [91, 40], [51, 77], [45, 37], [10, 55], [19, 91], [41, 23], [14, 81], [20, 74], [62, 68], [82, 71], [23, 69], [53, 87], [68, 35], [61, 76], [35, 80], [97, 98], [82, 49], [38, 93], [45, 19], [7, 46], [94, 23], [38, 99], [9, 72], [58, 53], [3, 48], [87, 42], [14, 31], [88, 52], [54, 82], [19, 28], [70, 75], [20, 60], [34, 25], [61, 86], [48, 97], [54, 77], [2, 71], [83, 16], [7, 68], [99, 35], [83, 71], [64, 46], [97, 47], [5, 56], [39, 23], [63, 72], [9, 31], [14, 73], [49, 94], [92, 98], [1, 82], [50, 97], [87, 62], [79, 54], [57, 80], [6, 64], [77, 82], [93, 29], [73, 39], [39, 86], [75, 25], [62, 65], [42, 31], [62, 57], [31, 21], [11, 75], [1, 77], [58, 63], [80, 43], [45, 97], [7, 78], [21, 30], [18, 19], [47, 97], [2, 63], [71, 64], [0, 56], [33, 25], [92, 33], [72, 73], [72, 54], [64, 70], [40, 98], [14, 80], [83, 17], [33, 95], [97, 93], [63, 45], [22, 70], [69, 62], [4, 55], [43, 31], [80, 52], [59, 91], [94, 80], [10, 31], [9, 74], [88, 24], [8, 58], [63, 73], [81, 49], [29, 90], [32, 88], [63, 69], [32, 26], [11, 64], [73, 28], [24, 61], [84, 71], [80, 46], [71, 83], [67, 57], [14, 74], [66, 64], [60, 94], [64, 80], [6, 84], [82, 44], [16, 31], [98, 33], [69, 73], [48, 17], [22, 27], [36, 90], [92, 84], [11, 50], [40, 16], [7, 72], [24, 73], [7, 53], [2, 86], [74, 18], [58, 56], [46, 89], [56, 63], [79, 72], [35, 39], [73, 51], [68, 69], [99, 45], [94, 31], [48, 91], [17, 53], [38, 92], [76, 39], [19, 76], [38, 95], [61, 78], [18, 58], [19, 24], [8, 89], [41, 32], [82, 67], [54, 94], [58, 50], [77, 21], [4, 59], [2, 61], [51, 87], [96, 86], [94, 22], [11, 28], [96, 53], [13, 94], [59, 64], [82, 70], [77, 47], [55, 82], [16, 63], [46, 26], [86, 80], [55, 69], [8, 26], [48, 92], [10, 48], [68, 57], [52, 80], [3, 77], [82, 18], [71, 75], [93, 42], [27, 28], [83, 66], [4, 44], [24, 66], [95, 56], [34, 15], [4, 74], [76, 41], [35, 85], [0, 69], [89, 47], [67, 83], [46, 91], [3, 89], [48, 81], [99, 91], [9, 34], [28, 41], [67, 46], [70, 68], [95, 41], [75, 24], [60, 70], [16, 79], [19, 33], [85, 39], [14, 54], [37, 96], [11, 86], [2, 45], [48, 33], [40, 77], [64, 78], [55, 88], [81, 59], [17, 77], [56, 67], [98, 23], [64, 54], [17, 28], [80, 71], [82, 50], [63, 76], [4, 66], [6, 85], [69, 21], [17, 61], [34, 34], [86, 76], [35, 77], [95, 83], [92, 54], [78, 48], [39, 85], [64, 87], [55, 71], [1, 55], [92, 21], [18, 74], [42, 18], [60, 45], [14, 70], [2, 46], [37, 16], [68, 74], [9, 83], [90, 87], [18, 31], [76, 69], [5, 86], [46, 86], [76, 29], [88, 47], [60, 81], [11, 24], [65, 97], [94, 49], [32, 29], [14, 94], [93, 33], [15, 65], [70, 74], [11, 60], [54, 46], [9, 43], [32, 82], [98, 94], [60, 64], [53, 66], [9, 23], [37, 38], [35, 98], [18, 88], [84, 16], [63, 91], [84, 36], [36, 97], [82, 81], [8, 46], [88, 63], [74, 47], [57, 74], [65, 73], [93, 56], [93, 23], [14, 67], [32, 76], [38, 36], [64, 49], [19, 89], [81, 83], [5, 45], [4, 64], [52, 87], [15, 22], [76, 30], [15, 20], [89, 25], [23, 59], [49, 20], [47, 83], [99, 97], [93, 55], [61, 64], [18, 71], [29, 20], [4, 80], [73, 40], [59, 83], [62, 62], [59, 52], [5, 69], [64, 75], [43, 93], [46, 40], [98, 21], [76, 49], [2, 89], [50, 85], [30, 88], [20, 58], [7, 26], [16, 80], [84, 21], [1, 50], [67, 71], [84, 79], [80, 37], [8, 66], [59, 47], [50, 33], [93, 57], [73, 54], [57, 78], [61, 88], [36, 93], [14, 78], [50, 72], [32, 79], [96, 85], [19, 63], [76, 63], [94, 43], [10, 32], [80, 16], [65, 71], [8, 35], [0, 59], [35, 38], [7, 54], [84, 38], [2, 93], [73, 41], [82, 61], [44, 98], [43, 77], [11, 65], [90, 23], [29, 28], [80, 39], [71, 85], [10, 65], [82, 45], [39, 93], [41, 22], [6, 76], [17, 82], [83, 19], [5, 25], [62, 64], [75, 67], [69, 67], [88, 45], [50, 76], [97, 86], [4, 56], [67, 51], [44, 86], [44, 31], [68, 65], [16, 62], [1, 51], [97, 34], [18, 84], [79, 74], [21, 22], [90, 64], [85, 50], [62, 78], [71, 18], [41, 17], [48, 84], [93, 87], [23, 30], [60, 89], [79, 50], [11, 51], [2, 76], [53, 39], [44, 92], [20, 79], [96, 28], [75, 75], [2, 53], [57, 61], [48, 37], [85, 36], [35, 84], [33, 83], [95, 99], [59, 79], [6, 62], [17, 86], [68, 18], [57, 96], [8, 70], [69, 80], [77, 50], [56, 85], [22, 32], [93, 45], [64, 51], [89, 36], [36, 21], [40, 19], [5, 75], [12, 81], [62, 73], [45, 77], [6, 55], [13, 92], [16, 66], [11, 20], [63, 65], [9, 67], [37, 41], [45, 98], [50, 68], [83, 24], [98, 32], [58, 42], [99, 56], [69, 78], [6, 29], [45, 78], [95, 89], [4, 78], [80, 61], [83, 43], [70, 82], [13, 64], [74, 73], [80, 45], [25, 92], [36, 38], [10, 74], [49, 99], [0, 53], [91, 39], [41, 93], [16, 94], [70, 25], [40, 90], [54, 41], [64, 60], [8, 63], [49, 32], [87, 39], [24, 34], [59, 77], [7, 65], [80, 47], [66, 83], [67, 75], [60, 92], [71, 67], [17, 90], [10, 33], [96, 35], [72, 63], [34, 32], [42, 97], [94, 93], [8, 52], [39, 18], [3, 80], [9, 53], [67, 23], [61, 53], [84, 54], [75, 43], [8, 93], [26, 92], [21, 77], [23, 25], [13, 85], [45, 18], [70, 65], [62, 88], [2, 65], [37, 92], [88, 35], [94, 64], [76, 36], [66, 81], [53, 67], [59, 55], [17, 95], [80, 20], [60, 66], [40, 38], [80, 70], [4, 43], [14, 57], [92, 51], [13, 63], [63, 98], [40, 86], [98, 86], [8, 27], [89, 42], [20, 29], [35, 99], [10, 89], [44, 26], [85, 74], [18, 73], [63, 75], [64, 44], [89, 41], [55, 75], [9, 63], [77, 26], [15, 64], [47, 76], [87, 40], [72, 43], [29, 91], [58, 97], [54, 66], [7, 56], [95, 22], [9, 90], [40, 41], [34, 12], [65, 81], [13, 78], [92, 80], [17, 30], [69, 59], [0, 83], [4, 67], [5, 72], [53, 53], [31, 94], [91, 84], [45, 35], [11, 92], [66, 16], [57, 99], [70, 80], [89, 68], [90, 48], [59, 71], [99, 50], [89, 31], [8, 49], [10, 64], [8, 17], [17, 27], [14, 64], [31, 30], [35, 78], [49, 76], [10, 95], [78, 74], [57, 50], [57, 81], [48, 95], [97, 23], [76, 37], [32, 96], [75, 33], [70, 71], [97, 45], [14, 47], [34, 33], [90, 44], [59, 72], [40, 97], [10, 84], [51, 75], [93, 93], [24, 60], [73, 80], [10, 29], [8, 47], [63, 57], [49, 98], [90, 26], [42, 29], [17, 68], [35, 22], [6, 79], [8, 79], [66, 27], [59, 69], [64, 65], [92, 45], [37, 87], [69, 79], [9, 70], [13, 26], [89, 65], [77, 42], [54, 72], [47, 27], [16, 29], [43, 99], [13, 55], [70, 43], [5, 77], [88, 27], [67, 62], [4, 53], [75, 48], [25, 93], [49, 92], [97, 97], [71, 19], [6, 73], [94, 56], [45, 28], [20, 82], [60, 76], [7, 93], [13, 68], [76, 78], [64, 98], [61, 77], [93, 32], [67, 43], [71, 72], [18, 20], [33, 88], [83, 41], [62, 81], [38, 24], [23, 62], [0, 43], [39, 92], [0, 92], [80, 28], [66, 72], [9, 58], [93, 40], [52, 98], [14, 32], [95, 42], [46, 33], [44, 78], [91, 86], [41, 15], [14, 75], [53, 41], [75, 40], [5, 89], [32, 89], [22, 66], [18, 18], [71, 65], [12, 68], [89, 70], [72, 46], [66, 67], [61, 74], [83, 21], [71, 79], [47, 33], [1, 48], [95, 40], [53, 88], [48, 75], [91, 38], [16, 89], [71, 74], [69, 75], [73, 50], [4, 62], [7, 67], [34, 24], [90, 82], [24, 28], [52, 90], [91, 98], [11, 90], [77, 24], [59, 93], [65, 79], [72, 42], [70, 85], [96, 49], [96, 23], [0, 58], [1, 56], [19, 31], [9, 71], [38, 19], [62, 63], [54, 52], [60, 72], [76, 43], [37, 94], [39, 95], [13, 95], [48, 90], [65, 69], [25, 23], [57, 92], [97, 28], [36, 28], [4, 52], [35, 23], [4, 82], [70, 21], [98, 46], [12, 58], [89, 58], [80, 42], [61, 82], [55, 49], [2, 87], [85, 81], [2, 52], [51, 94], [91, 97], [37, 27], [10, 79], [66, 76], [15, 54], [55, 95], [53, 72], [95, 24], [68, 76], [12, 32], [13, 75], [2, 82], [82, 22], [76, 60], [81, 42], [18, 22], [35, 35], [47, 85], [55, 41], [80, 38], [26, 91], [3, 64], [84, 44], [56, 84], [5, 44], [45, 86], [88, 40], [16, 74], [79, 69], [11, 68], [38, 23], [22, 23], [38, 94], [95, 98], [75, 21], [87, 52], [2, 56], [50, 61], [66, 40], [62, 80], [42, 98], [20, 95], [65, 70], [57, 98], [97, 26], [33, 26], [41, 14], [6, 81], [16, 69], [80, 67], [87, 44], [58, 78], [1, 61], [35, 81], [60, 65], [11, 46], [24, 21], [5, 88], [82, 28], [85, 73], [96, 54], [13, 32], [35, 26], [62, 50], [81, 45], [36, 89], [46, 88], [88, 21], [11, 62], [36, 78], [96, 89], [14, 61], [49, 70], [65, 77], [12, 87], [82, 73], [26, 22], [78, 52], [63, 85], [8, 61], [21, 36], [81, 32], [89, 56], [65, 49], [46, 92], [97, 22], [23, 60], [34, 84], [0, 51], [11, 79], [74, 75], [39, 41], [44, 87], [85, 26], [17, 49], [73, 94], [99, 60], [75, 72], [46, 8], [57, 83], [33, 80], [82, 47], [36, 80], [22, 31], [30, 30], [45, 2], [11, 9], [21, 89], [54, 12], [88, 1], [34, 68], [78, 96], [34, 6], [76, 73], [41, 10], [33, 30], [93, 51], [96, 97], [81, 26], [82, 30], [48, 40], [93, 5], [27, 37], [90, 6], [15, 5], [60, 2], [59, 31], [39, 77], [23, 77], [0, 37], [52, 19], [37, 77], [58, 29], [52, 5], [13, 23], [84, 49], [9, 96], [69, 17], [9, 47], [93, 99], [4, 95], [3, 1], [95, 23], [92, 76], [27, 29], [73, 84], [80, 59], [35, 9], [88, 34], [76, 66], [49, 87], [85, 22], [12, 86], [91, 85], [88, 65], [59, 8], [80, 3], [14, 42], [58, 13], [51, 34], [54, 27], [46, 2], [27, 15], [59, 68], [88, 44], [92, 9], [44, 27], [93, 20], [80, 96], [35, 10], [16, 50], [42, 51], [36, 9], [0, 36], [33, 4], [72, 28], [79, 58], [17, 94], [37, 46], [76, 97], [29, 81], [74, 12], [27, 25], [1, 8], [36, 65], [73, 58], [92, 63], [59, 26], [32, 21], [92, 3], [33, 10], [48, 70], [99, 58], [95, 68], [7, 25], [87, 96], [10, 67], [22, 87], [74, 52], [57, 7], [80, 99], [76, 57], [59, 36], [11, 78], [72, 33], [89, 17], [92, 75], [8, 33], [54, 35], [79, 45], [75, 16], [75, 45], [93, 7], [73, 78], [64, 24], [95, 48], [10, 94], [82, 94], [14, 1], [38, 5], [64, 91], [40, 73], [48, 73], [57, 12], [91, 87], [87, 35], [67, 18], [45, 15], [77, 12], [79, 70], [16, 21], [27, 35], [64, 37], [98, 29], [27, 69], [46, 78], [76, 82], [41, 45], [65, 95], [25, 31], [85, 59], [18, 87], [65, 72], [70, 40], [45, 79], [99, 6], [60, 32], [97, 3], [64, 55], [43, 9], [92, 14], [26, 10], [35, 59], [98, 22], [65, 39], [19, 45], [40, 72], [14, 26], [83, 25], [94, 5], [17, 62], [44, 43], [75, 53], [18, 2], [65, 31], [98, 66], [53, 20], [43, 1], [62, 51], [67, 38], [55, 1], [94, 74], [27, 83], [52, 9], [66, 35], [53, 43], [95, 76], [49, 54], [28, 3], [92, 56], [76, 93], [88, 11], [24, 97], [57, 39], [40, 37], [93, 73], [74, 83], [19, 62], [83, 26], [31, 62], [41, 77], [19, 27], [96, 78], [43, 8], [3, 40], [70, 26], [45, 93], [90, 34], [73, 98], [55, 52], [75, 8], [85, 10], [4, 0], [67, 90], [90, 66], [38, 18], [89, 88], [98, 75], [38, 28], [54, 5], [75, 31], [24, 41], [35, 8], [40, 91], [44, 72], [79, 85], [30, 91], [44, 70], [87, 88], [76, 88], [72, 38], [31, 0], [35, 58], [85, 55], [2, 39], [3, 19], [22, 63], [94, 7], [25, 76], [45, 76], [85, 75], [98, 73], [61, 30], [26, 69], [67, 1], [51, 1], [32, 37], [86, 87], [21, 59], [66, 89], [14, 10], [40, 83], [96, 76], [54, 79], [10, 41], [1, 27], [78, 98], [56, 13], [68, 51], [94, 95], [66, 7], [64, 12], [82, 98], [29, 51], [12, 19], [13, 31], [21, 79], [90, 53], [61, 4], [28, 6], [53, 83], [37, 42], [1, 21], [72, 79], [86, 22], [33, 23], [83, 52], [96, 5], [31, 31], [41, 39], [95, 17], [53, 8], [88, 80], [25, 29], [23, 45], [81, 8], [73, 42], [78, 4], [73, 10], [50, 45], [62, 79], [11, 7], [49, 85], [42, 19], [12, 5], [91, 45], [85, 19], [57, 60], [73, 32], [29, 78], [66, 47], [96, 51], [11, 5], [64, 96], [10, 10], [94, 4], [23, 42], [76, 19], [68, 34], [43, 15], [7, 88], [37, 2], [53, 5], [39, 35], [59, 14], [77, 96], [93, 28], [39, 61], [50, 29], [29, 5], [13, 5], [62, 44], [68, 20], [95, 81], [29, 82], [23, 71], [52, 57], [26, 72], [55, 37], [93, 82], [40, 49], [17, 80], [18, 59], [59, 7], [22, 39], [24, 94], [49, 60], [13, 33], [23, 54], [94, 38], [95, 35], [52, 35], [80, 5], [20, 44], [42, 41], [6, 18], [87, 63], [11, 0], [2, 40], [39, 63], [34, 65], [75, 78], [21, 91], [1, 53], [70, 46], [22, 9], [56, 82], [99, 64], [72, 80], [51, 13], [33, 11], [89, 92], [26, 63], [72, 36], [57, 40], [92, 67], [65, 29], [2, 41], [69, 11], [83, 3], [95, 37], [49, 80], [67, 88], [78, 46], [28, 42], [20, 4], [72, 26], [76, 58], [14, 11], [52, 11], [56, 40], [2, 44], [51, 56], [96, 1], [67, 12], [36, 84], [55, 64], [17, 34], [34, 66], [30, 65], [71, 10], [45, 66], [30, 16], [63, 52], [48, 45], [69, 50], [34, 82], [43, 72], [93, 47], [53, 38], [39, 54], [51, 45], [85, 85], [48, 76], [25, 21], [85, 29], [86, 73], [51, 6], [47, 90], [90, 58], [6, 63], [50, 5], [53, 29], [30, 4], [63, 34], [28, 21], [39, 31], [14, 56], [49, 61], [32, 25], [47, 3], [53, 21], [78, 43], [83, 55], [22, 4], [91, 81], [33, 73], [23, 33], [80, 68], [86, 13], [93, 6], [58, 14], [94, 82], [71, 12], [2, 33], [23, 28], [83, 8], [14, 77], [27, 24], [49, 50], [95, 9], [42, 40], [70, 10], [26, 44], [13, 2], [36, 53], [25, 80], [16, 32], [91, 56], [72, 84], [59, 21], [41, 29], [40, 39], [41, 1], [13, 83], [81, 74], [6, 28], [52, 34], [20, 80], [38, 53], [5, 17], [37, 29], [37, 44], [49, 2], [54, 90], [83, 85], [33, 24], [44, 80], [73, 6], [78, 57], [66, 66], [24, 25], [62, 1], [35, 68], [38, 32], [76, 17], [73, 11], [18, 64], [23, 99], [96, 62], [67, 78], [2, 11], [19, 41], [55, 14], [27, 32], [65, 4], [18, 56], [57, 43], [75, 4], [36, 27], [51, 68], [64, 57], [77, 23], [51, 90], [37, 81], [83, 87], [44, 83], [95, 87], [24, 27], [64, 89], [96, 75], [67, 59], [69, 6], [97, 75], [91, 49], [94, 88], [98, 44], [64, 10], [13, 69], [5, 74], [95, 65], [62, 30], [80, 22], [20, 19], [14, 2], [24, 80], [25, 41], [48, 63], [71, 86], [32, 68], [92, 43], [25, 69], [71, 97], [53, 54], [0, 38], [33, 66], [53, 91], [38, 54], [26, 87], [26, 56], [0, 65], [60, 22], [4, 34], [6, 6], [57, 34], [42, 6], [83, 82], [1, 49], [57, 18], [78, 5], [21, 2], [96, 38], [19, 54], [9, 30], [34, 60], [84, 75], [4, 84], [33, 62], [56, 3], [31, 67], [71, 88], [37, 56], [63, 53], [37, 58], [19, 8], [98, 47], [52, 27], [34, 26], [31, 79], [63, 28], [53, 18], [8, 36], [81, 14], [15, 86], [91, 50], [45, 16], [42, 71], [55, 26], [13, 88], [63, 25], [80, 84], [51, 60], [77, 76], [23, 64], [78, 0], [2, 6], [23, 26], [13, 41], [65, 92], [10, 16], [27, 52], [94, 8], [78, 27], [73, 25], [28, 19], [46, 7], [55, 42], [12, 98], [12, 96], [30, 43], [91, 79], [63, 88], [23, 41], [78, 73], [42, 9], [68, 48], [89, 97], [52, 8], [70, 16], [23, 73], [32, 10], [19, 46], [90, 56], [76, 56], [12, 34], [81, 70], [14, 33], [44, 84], [8, 68], [43, 68], [72, 81], [37, 47], [30, 80], [22, 93], [49, 52], [65, 46], [63, 0], [94, 19], [38, 55], [16, 27], [16, 87], [37, 59], [45, 33], [88, 14], [25, 7], [32, 99], [90, 17], [49, 63], [20, 49], [10, 58], [35, 41], [19, 26], [91, 53], [58, 11], [30, 28], [38, 26], [98, 55], [44, 22], [84, 73], [83, 57], [20, 75], [13, 27], [73, 87], [55, 68], [66, 86], [14, 17], [73, 96], [5, 52], [75, 96], [46, 66], [24, 91], [14, 13], [30, 78], [51, 30], [64, 16], [55, 43], [11, 48], [41, 92], [97, 17], [51, 52], [37, 23], [88, 59], [86, 97], [5, 99], [89, 95], [66, 21], [23, 5], [3, 86], [28, 27], [35, 66], [49, 97], [20, 64], [26, 98], [24, 35], [58, 87], [45, 9], [55, 70], [50, 65], [70, 18], [26, 50], [79, 28], [17, 35], [55, 92], [31, 13], [29, 95], [87, 25], [6, 42], [30, 42], [15, 0], [78, 42], [94, 65], [33, 64], [58, 88], [84, 22], [63, 15], [68, 12], [86, 31], [42, 32], [16, 73], [88, 32], [32, 15], [55, 77], [92, 4], [48, 58], [42, 92], [60, 55], [70, 34], [74, 70], [61, 12], [41, 31], [40, 76], [77, 94], [95, 64], [42, 73], [68, 38], [57, 54], [94, 58], [76, 77], [66, 53], [34, 54], [38, 16], [84, 19], [28, 16], [79, 31], [92, 61], [12, 57], [6, 39], [63, 71], [44, 64], [38, 2], [91, 4], [71, 13], [62, 4], [16, 46], [86, 35], [24, 19], [52, 44], [56, 21], [58, 60], [45, 42], [96, 22], [44, 63], [28, 44], [81, 84], [20, 77], [99, 75], [19, 20], [98, 39], [37, 57], [65, 26], [70, 58], [71, 4], [27, 56], [7, 13], [32, 27], [34, 95], [95, 27], [70, 89], [12, 51], [21, 23], [23, 94], [58, 46], [86, 62], [37, 6], [63, 82], [85, 40], [22, 35], [76, 71], [94, 0], [99, 65], [50, 38], [19, 95], [7, 0], [48, 88], [41, 71], [55, 90], [39, 52], [31, 66], [61, 21], [60, 14], [75, 95], [94, 6], [47, 91], [76, 52], [16, 51], [31, 20], [89, 13], [20, 2], [61, 98], [23, 11], [26, 38], [66, 63], [89, 4], [7, 41], [66, 10], [47, 19], [65, 36], [69, 45], [45, 60], [29, 62], [25, 71], [11, 85], [26, 29], [69, 93], [26, 74], [42, 76], [35, 24], [36, 91], [72, 11], [93, 52], [43, 28], [57, 13], [87, 83], [20, 57], [87, 32], [11, 6], [85, 27], [27, 14], [96, 3], [89, 85], [94, 3], [88, 93], [24, 99], [37, 63], [39, 27], [49, 7], [17, 98], [71, 53], [74, 48], [39, 9], [79, 12], [33, 63], [73, 13], [94, 52], [74, 60], [87, 59], [0, 17], [86, 3], [97, 76], [66, 91], [47, 9], [43, 0], [64, 40], [45, 7], [53, 17], [74, 99], [92, 38], [22, 74], [68, 49], [19, 6], [20, 31], [54, 51], [75, 13], [98, 82], [54, 38], [22, 67], [25, 49], [26, 97], [54, 63], [41, 85], [92, 15], [87, 5], [99, 44], [71, 15], [32, 14], [12, 99], [81, 75], [61, 38], [92, 42], [9, 93], [33, 61], [45, 5], [44, 21], [85, 62], [28, 20], [44, 74], [83, 5], [94, 66], [50, 18], [6, 69], [96, 96], [58, 21], [89, 89], [39, 58], [15, 53], [98, 68], [86, 17], [52, 84], [19, 94], [79, 83], [76, 10], [67, 50], [82, 7], [30, 21], [8, 57], [2, 23], [27, 19], [26, 94], [7, 27], [83, 39], [47, 52], [11, 63], [49, 83], [34, 31], [50, 47], [36, 18], [12, 67], [54, 17], [51, 35], [15, 1], [73, 93], [83, 92], [49, 9], [83, 4], [49, 33], [29, 23], [6, 25], [18, 17], [73, 70], [24, 53], [1, 98], [38, 30], [90, 63], [52, 38], [98, 64], [86, 5], [51, 12], [6, 65], [28, 57], [91, 70], [65, 96], [86, 82], [50, 64], [81, 0], [90, 15], [42, 8], [23, 81], [92, 65], [30, 75], [99, 51], [90, 37], [20, 1], [69, 84], [28, 52], [79, 94], [18, 32], [25, 47], [53, 81], [60, 62], [56, 38], [91, 67], [54, 44], [28, 83], [20, 63], [29, 87], [39, 60], [44, 19], [52, 66], [60, 30], [17, 11], [57, 87], [81, 71], [79, 57], [51, 19], [98, 60], [46, 15], [22, 1], [62, 42], [32, 65], [36, 69], [68, 23], [66, 54], [83, 96], [14, 84], [73, 74], [63, 4], [46, 3], [41, 81], [49, 74], [19, 11], [39, 37], [84, 90], [90, 68], [42, 46], [65, 10], [59, 2], [52, 94], [27, 94], [7, 36], [77, 90], [2, 29], [72, 8], [7, 95], [64, 56], [12, 42], [58, 34], [37, 79], [0, 8], [93, 88], [95, 86], [25, 39], [15, 96], [84, 20], [69, 8], [43, 54], [70, 50], [16, 85], [60, 11], [67, 47], [86, 4], [56, 20], [58, 33], [60, 38], [17, 60], [64, 84], [86, 37], [19, 75], [11, 23], [59, 10], [95, 1], [30, 32], [41, 48], [17, 71], [74, 45], [23, 32], [27, 76], [66, 1], [19, 70], [87, 91], [70, 51], [73, 20], [23, 68], [65, 87], [46, 52], [16, 13], [60, 53], [88, 3], [85, 45], [36, 4], [4, 5], [40, 3], [27, 88], [23, 47], [12, 88], [55, 47], [83, 81], [73, 89], [18, 21], [66, 5], [83, 53], [46, 42], [64, 13], [0, 79], [36, 77], [66, 46], [79, 97], [2, 48], [87, 81], [23, 17], [38, 65], [44, 10], [62, 98], [1, 24], [5, 8], [45, 43], [58, 85], [64, 88], [22, 61], [52, 29], [96, 67], [2, 54], [43, 44], [53, 75], [93, 3], [73, 73], [54, 9], [43, 43], [25, 46], [43, 2], [55, 65], [71, 7], [74, 68], [92, 1], [53, 51], [87, 12], [92, 66], [35, 62], [87, 0], [62, 21], [15, 46], [93, 44], [42, 80], [96, 6], [60, 60], [65, 22], [62, 2], [70, 13], [15, 92], [87, 95], [84, 25], [90, 43], [88, 31], [20, 20], [92, 57], [60, 41], [10, 70], [85, 54], [82, 23], [82, 17], [58, 26], [42, 28], [8, 42], [43, 11], [38, 7], [86, 9], [93, 65], [56, 55], [21, 42], [71, 69], [39, 53], [40, 40], [64, 45], [28, 74], [55, 56], [67, 24], [57, 57], [19, 87], [23, 35], [54, 7], [83, 42], [34, 91], [91, 6], [45, 3], [39, 87], [77, 57], [86, 15], [80, 62], [67, 21], [73, 15], [14, 88], [76, 94], [77, 53], [64, 11], [21, 34], [28, 94], [31, 84], [19, 36], [50, 96], [71, 8], [48, 46], [48, 15], [77, 0], [90, 8], [28, 80], [37, 40], [57, 86], [63, 50], [62, 23], [70, 84], [78, 54], [22, 5], [35, 82], [37, 68], [20, 48], [19, 61], [74, 44], [47, 45], [55, 8], [33, 44], [93, 63], [72, 12], [51, 49], [76, 3], [6, 33], [51, 32], [42, 55], [11, 3], [56, 56], [76, 90], [28, 11], [24, 67], [63, 48], [78, 12], [13, 46], [27, 5], [4, 33], [80, 81], [7, 15], [97, 63], [72, 67], [34, 39], [20, 61], [24, 92], [90, 11], [13, 3], [13, 11], [39, 62], [20, 33], [22, 90], [21, 62], [28, 33], [59, 6], [89, 98], [81, 28], [68, 77], [54, 37], [36, 3], [27, 80], [58, 79], [64, 64], [62, 11], [40, 9], [42, 54], [99, 59], [99, 78], [20, 72], [96, 94], [89, 67], [23, 65], [46, 9], [94, 47], [27, 45], [72, 16], [16, 54], [93, 17], [91, 94], [63, 42], [5, 64], [43, 51], [66, 50], [54, 96], [54, 62], [65, 37], [23, 70], [23, 4], [9, 28], [84, 5], [12, 95], [19, 82], [58, 77], [15, 70], [15, 45], [81, 21], [59, 51], [65, 9], [79, 64], [36, 99], [35, 28], [56, 19], [8, 53], [92, 26], [85, 84], [84, 78], [0, 29], [27, 44], [44, 4], [64, 85], [60, 12], [48, 64], [12, 30], [76, 25], [72, 35], [87, 86], [86, 54], [78, 29], [70, 90], [16, 38], [48, 93], [97, 69], [41, 19], [74, 51], [67, 0], [66, 6], [17, 65], [28, 82], [66, 14], [41, 43], [14, 55], [13, 12], [70, 2], [49, 24], [87, 11], [36, 52], [53, 60], [61, 73], [76, 42], [52, 28], [83, 15], [14, 6], [63, 8], [53, 23], [1, 75], [61, 11], [50, 19], [69, 66], [11, 4], [45, 89], [96, 68], [82, 10], [33, 53], [54, 95], [76, 89], [37, 33], [23, 6], [48, 31], [72, 24], [60, 54], [36, 82], [66, 74], [14, 12], [78, 14], [79, 38], [56, 61], [86, 16], [44, 97], [92, 28], [1, 33], [17, 85], [84, 1], [18, 91], [76, 22], [40, 85], [60, 78], [17, 14], [50, 79], [60, 13], [80, 56], [94, 83], [39, 80], [93, 43], [84, 94], [95, 4], [6, 24], [55, 18], [74, 26], [17, 23], [49, 81], [72, 10], [21, 10], [58, 22], [67, 63], [93, 21], [54, 18], [72, 78], [89, 49], [88, 6], [67, 53], [53, 86], [68, 10], [17, 22], [47, 44], [79, 19], [68, 43], [14, 5], [95, 43], [12, 2], [49, 27], [44, 8], [61, 44], [6, 45], [53, 34], [19, 49], [62, 46], [6, 13], [70, 15], [80, 66], [10, 6], [58, 80], [28, 30], [47, 58], [14, 9], [26, 58], [70, 88], [55, 94], [95, 20], [97, 18], [30, 93], [86, 77], [73, 88], [69, 9], [63, 38], [95, 88], [46, 4], [61, 50], [33, 54], [71, 50], [89, 53], [87, 22], [82, 29], [67, 16], [79, 23], [80, 87], [72, 44], [16, 49], [95, 46], [9, 97], [13, 97], [10, 54], [99, 86], [82, 83], [58, 84], [76, 31], [41, 87], [55, 93], [68, 87], [14, 0], [94, 25], [32, 63], [98, 76], [16, 30], [38, 61], [35, 18], [95, 7], [24, 70], [26, 13], [19, 59], [13, 37], [88, 83], [81, 95], [88, 96], [81, 5], [7, 77], [51, 2], [6, 97], [85, 12], [18, 28], [61, 45], [73, 95], [0, 39], [60, 0], [44, 18], [58, 8], [22, 40], [55, 73], [89, 84], [93, 66], [56, 28], [34, 96], [49, 75], [41, 69], [22, 10], [19, 34], [40, 53], [66, 9], [78, 76], [20, 94], [29, 30], [32, 73], [26, 70], [91, 72], [86, 98], [94, 44], [26, 24], [32, 5], [82, 48], [76, 24], [99, 76], [83, 6], [37, 66], [7, 37], [52, 1], [63, 9], [60, 77], [57, 47], [91, 26], [12, 12], [50, 44], [84, 7], [55, 44], [75, 34], [93, 49], [58, 82], [54, 83], [47, 35], [74, 42], [71, 38], [74, 71], [12, 49], [15, 3], [37, 69], [50, 9], [74, 40], [88, 13], [81, 25], [34, 45], [38, 37], [31, 98], [50, 17], [4, 54], [16, 17], [16, 53], [77, 3], [78, 97], [74, 65], [82, 55], [3, 56], [41, 12], [29, 12], [69, 42], [55, 11], [80, 26], [69, 55], [43, 41], [85, 25], [23, 7], [77, 63], [23, 39], [84, 6], [15, 32], [37, 10], [0, 18], [99, 77], [24, 14], [55, 36], [73, 30], [82, 13], [3, 35], [23, 93], [18, 70], [81, 4], [18, 5], [10, 98], [97, 96], [46, 71], [54, 65], [47, 21], [54, 67], [59, 94], [5, 95], [31, 63], [26, 84], [12, 4], [20, 45], [77, 15], [81, 90], [34, 23], [64, 4], [70, 4], [38, 60], [8, 2], [98, 98], [2, 28], [21, 37], [86, 88], [10, 5], [36, 33], [78, 16], [44, 77], [86, 40], [38, 74], [20, 51], [89, 20], [79, 92], [38, 8], [41, 3], [77, 19], [67, 87], [71, 98], [0, 7], [42, 78], [91, 88], [55, 87], [1, 41], [7, 63], [72, 92], [88, 38], [99, 63], [35, 83], [67, 95], [56, 39], [66, 41], [11, 66], [75, 46], [41, 55], [69, 96], [22, 46], [98, 17], [2, 60], [29, 27], [78, 9], [21, 8], [69, 41], [89, 5], [60, 29], [93, 58], [52, 42], [79, 35], [24, 22], [72, 65], [17, 32], [5, 18], [39, 98], [45, 61], [20, 83], [58, 18], [92, 39], [53, 13], [22, 57], [88, 55], [16, 98], [69, 14], [34, 19], [25, 70], [24, 69], [2, 27], [70, 35], [97, 66], [80, 93], [45, 84], [55, 57], [84, 18], [59, 35], [27, 73], [38, 6], [32, 12], [2, 55], [47, 5], [28, 71], [52, 54], [82, 72], [81, 80], [81, 85], [15, 31], [35, 29], [41, 16], [37, 39], [68, 60], [99, 49], [38, 83], [66, 94], [28, 91], [84, 3], [88, 58], [73, 18], [51, 48], [90, 49], [71, 24], [52, 14], [30, 54], [30, 63], [1, 13], [20, 13], [26, 90], [21, 31], [52, 77], [41, 70], [71, 16], [31, 28], [96, 60], [86, 36], [58, 93], [7, 61], [71, 28], [61, 94], [50, 84], [94, 16], [60, 44], [85, 92], [27, 93], [63, 97], [18, 34], [53, 82], [20, 41], [19, 55], [46, 65], [26, 14], [76, 80], [46, 23], [34, 20], [49, 14], [90, 78], [30, 68], [6, 99], [25, 24], [37, 36], [48, 83], [9, 17], [94, 76], [95, 77], [86, 26], [63, 96], [56, 32], [9, 38], [17, 37], [90, 99], [56, 54], [60, 31], [47, 79], [82, 78], [93, 37], [12, 62], [80, 4], [64, 9], [75, 86], [88, 54], [60, 80], [74, 19], [35, 75], [45, 71], [3, 46], [42, 11], [9, 39], [71, 22], [85, 94], [6, 74], [74, 16], [88, 51], [74, 84], [83, 1], [34, 28], [77, 91], [20, 21], [28, 35], [14, 58], [18, 96], [80, 69], [59, 19], [91, 34], [99, 20], [39, 5], [38, 57], [97, 27], [64, 1], [32, 87], [13, 61], [73, 14], [67, 5], [73, 75], [33, 60], [94, 50], [74, 9], [15, 12], [59, 85], [61, 46], [66, 90], [69, 46], [42, 72], [13, 90], [71, 40], [3, 8], [27, 43], [10, 57], [59, 53], [42, 45], [67, 35], [22, 2], [52, 3], [9, 0], [39, 48], [19, 92], [3, 50], [74, 93], [73, 85], [23, 49], [28, 67], [25, 51], [91, 30], [54, 3], [2, 68], [10, 46], [64, 39], [43, 40], [44, 53], [24, 26], [75, 9], [29, 2], [77, 7], [61, 91], [22, 51], [12, 75], [65, 24], [61, 20], [67, 39], [75, 18], [49, 46], [95, 61], [44, 20], [54, 32], [67, 55], [98, 78], [86, 91], [13, 44], [0, 63], [85, 87], [98, 61], [62, 47], [55, 83], [12, 65], [4, 16], [9, 73], [55, 53], [82, 6], [10, 51], [46, 11], [50, 53], [23, 27], [19, 21], [25, 79], [10, 9], [44, 69], [87, 58], [69, 95], [57, 41], [64, 58], [19, 86], [44, 90], [82, 4], [24, 30], [23, 13], [56, 11], [68, 19], [85, 77], [11, 87], [49, 16], [82, 46], [29, 86], [74, 13], [43, 23], [46, 68], [0, 95], [23, 40], [38, 82], [5, 4], [78, 50], [74, 82], [27, 72], [97, 74], [25, 25], [67, 14], [11, 25], [84, 67], [17, 96], [88, 74], [65, 55], [77, 74], [15, 97], [78, 34], [83, 73], [67, 52], [61, 35], [22, 89], [67, 37], [92, 99], [19, 60], [66, 93], [85, 21], [3, 84], [90, 50], [85, 95], [9, 7], [93, 74], [77, 46], [73, 33], [0, 31], [10, 23], [37, 62], [17, 13], [77, 61], [19, 72], [78, 72], [86, 94], [89, 91], [58, 41], [97, 62], [62, 17], [46, 74], [84, 63], [70, 23], [32, 70], [42, 49], [70, 99], [20, 59], [88, 57], [64, 53], [52, 89], [66, 58], [52, 21], [90, 75], [87, 74], [85, 13], [77, 93], [19, 22], [26, 45], [85, 5], [78, 51], [95, 6], [23, 20], [58, 55], [21, 4], [81, 50], [88, 15], [94, 57], [23, 37], [16, 10], [36, 8], [78, 19], [3, 2], [37, 82], [29, 4], [90, 16], [71, 82], [44, 52], [34, 9], [72, 96], [51, 57], [47, 66], [41, 53], [99, 90], [22, 50], [85, 4], [2, 88], [16, 45], [27, 81], [51, 84]], "targets": [[86, 21], [71, 46], [67, 0], [78, 24], [88, 1], [93, 2], [88, 33], [35, 56], [96, 34], [76, 36], [37, 3], [54, 58], [5, 79], [33, 54], [30, 33], [53, 2], [16, 21], [33, 84], [2, 57], [74, 9], [7, 77], [24, 77], [15, 78], [12, 63], [72, 61], [70, 55], [21, 11], [67, 85], [51, 75], [97, 28], [79, 22], [72, 8], [29, 72], [8, 82], [99, 47], [55, 15], [77, 3], [94, 16], [89, 17], [8, 64], [71, 78], [17, 93], [61, 55], [9, 72], [6, 47], [98, 43], [74, 25], [32, 50], [54, 55], [65, 86], [12, 91], [80, 46], [31, 56], [68, 5], [72, 1], [96, 9], [80, 26], [75, 26], [92, 12], [91, 46], [94, 11], [15, 52], [74, 18], [44, 63], [59, 77], [32, 90], [3, 74], [48, 70], [82, 46], [61, 60], [99, 10], [9, 89], [5, 57], [55, 14], [28, 14], [23, 29], [87, 38], [86, 13], [88, 11], [68, 21], [66, 40], [25, 54], [58, 62], [90, 4], [70, 87], [9, 80], [9, 61], [67, 63], [92, 31], [33, 51], [29, 96], [77, 27], [63, 12], [77, 8], [22, 50], [66, 9], [92, 16], [59, 65], [14, 89], [4, 49], [22, 80], [80, 18], [87, 28], [90, 19], [94, 47], [82, 24], [86, 22], [7, 61], [77, 20], [21, 73], [65, 67], [59, 14], [51, 68], [21, 85], [86, 1], [67, 94], [95, 21], [8, 76], [13, 79], [52, 69], [96, 44], [95, 40], [40, 46], [61, 15], [67, 67], [36, 66], [98, 16], [98, 0], [10, 82], [1, 64], [51, 0], [1, 61], [74, 63], [33, 10], [28, 34], [13, 88], [90, 32], [77, 12], [87, 26], [21, 92], [78, 13], [82, 43], [71, 49], [26, 52], [74, 29], [82, 27], [56, 67], [88, 14], [66, 85], [87, 35], [63, 7], [95, 24], [21, 86], [70, 66], [85, 2], [4, 59], [14, 87], [2, 54], [61, 28], [95, 11], [36, 64], [76, 71], [93, 48], [28, 44], [18, 21], [35, 99], [77, 41], [10, 74], [60, 9], [89, 10], [52, 70], [58, 25], [23, 55], [86, 7], [99, 28], [94, 24], [13, 50], [71, 54], [78, 45], [63, 63], [71, 61], [61, 83], [90, 6], [0, 90], [2, 53], [15, 68], [72, 22], [76, 25], [35, 54], [77, 25], [61, 6], [19, 84], [94, 13], [40, 12], [32, 35], [92, 47], [31, 54], [89, 42], [65, 6], [89, 11], [99, 17], [15, 54], [2, 72], [58, 27], [63, 49], [39, 69], [59, 63], [71, 64], [60, 11], [82, 39], [11, 73], [2, 50], [92, 36], [58, 60], [27, 89], [99, 9], [67, 2], [67, 88], [90, 24], [76, 20], [0, 74], [38, 65], [12, 82], [52, 66], [81, 22], [12, 53], [70, 5], [63, 72], [88, 27], [42, 45], [79, 30], [83, 23], [80, 29], [73, 71], [80, 12], [41, 72], [92, 9], [10, 75], [89, 26], [23, 90], [97, 34], [91, 10], [3, 82], [7, 63], [83, 17], [64, 59], [53, 14], [81, 31], [5, 46], [64, 21], [63, 97], [25, 73], [65, 75], [39, 2], [24, 35], [4, 80], [87, 25], [73, 7], [97, 29], [98, 9], [61, 71], [21, 95], [61, 12], [60, 10], [81, 27], [37, 40], [62, 51], [30, 68], [4, 83], [1, 58], [97, 36], [15, 83], [0, 62], [84, 12], [70, 25], [76, 28], [77, 75], [48, 62], [93, 28], [65, 70], [93, 5], [67, 24], [30, 55], [68, 97], [83, 46], [79, 34], [61, 5], [83, 11], [32, 96], [12, 80], [72, 57], [69, 9], [8, 56], [93, 6], [12, 73], [2, 48], [64, 16], [98, 11], [21, 54], [62, 77], [90, 34], [83, 48], [40, 54], [96, 14], [63, 5], [20, 69], [33, 5], [57, 65], [29, 34], [17, 23], [16, 84], [61, 13], [27, 74], [96, 33], [32, 65], [84, 13], [75, 66], [73, 97], [90, 27], [69, 18], [75, 23], [9, 56], [94, 36], [21, 71], [74, 78], [66, 11], [4, 86], [1, 57], [91, 18], [10, 78], [50, 76], [58, 15], [82, 28], [70, 47], [25, 69], [85, 11], [75, 1], [26, 89], [89, 34], [37, 53], [92, 22], [6, 80], [8, 45], [64, 11], [67, 11], [64, 57], [78, 26], [49, 55], [26, 60], [74, 73], [88, 5], [70, 91], [97, 8], [13, 82], [0, 54], [73, 0], [92, 32], [13, 85], [97, 20], [60, 26], [83, 37], [67, 18], [22, 63], [81, 36], [53, 0], [26, 96], [21, 13], [14, 52], [96, 6], [76, 76], [65, 66], [40, 14], [32, 36], [6, 92], [91, 38], [43, 47], [97, 39], [78, 7], [81, 10], [88, 15], [22, 58], [50, 60], [90, 23], [39, 70], [14, 81], [6, 57], [52, 3], [74, 93], [34, 90], [12, 58], [85, 39], [0, 87], [63, 22], [96, 15], [88, 38], [62, 44], [35, 73], [65, 61], [82, 14], [68, 61], [94, 23], [64, 4], [80, 44], [78, 21], [75, 24], [80, 11], [10, 73], [97, 1], [4, 73], [10, 62], [25, 63], [83, 33], [40, 42], [53, 70], [21, 96], [12, 51], [96, 0], [82, 6], [57, 58], [67, 91], [95, 20], [89, 23], [69, 13], [69, 29], [93, 24], [23, 82], [25, 50], [71, 65], [83, 31], [33, 12], [26, 37], [11, 82], [40, 66], [98, 24], [64, 12], [97, 5], [7, 52], [24, 84], [11, 84], [6, 64], [62, 19], [54, 4], [91, 29], [37, 73], [63, 66], [21, 88], [64, 61], [97, 46], [34, 47], [69, 25], [86, 33], [94, 28], [75, 84], [75, 6], [69, 55], [81, 1], [72, 48], [37, 56], [91, 12], [60, 14], [13, 90], [5, 51], [98, 20], [21, 25], [27, 87], [95, 41], [91, 33], [58, 73], [98, 5], [3, 76], [3, 46], [95, 15], [63, 28], [37, 68], [85, 6], [5, 76], [62, 60], [68, 2], [80, 28], [97, 25], [99, 16], [75, 67], [95, 46], [31, 48], [11, 49], [50, 74], [61, 16], [69, 95], [21, 98], [38, 56], [77, 69], [38, 12], [22, 34], [69, 26], [81, 29], [12, 84], [7, 78], [2, 61], [90, 31], [68, 11], [65, 1], [90, 33], [87, 12], [77, 29], [91, 19], [29, 74], [9, 44], [59, 68], [84, 31], [14, 70], [59, 58], [19, 98], [67, 75], [82, 23], [71, 12], [80, 23], [63, 0], [91, 31], [32, 45], [74, 92], [66, 45], [23, 69], [93, 9], [98, 6], [11, 79], [6, 62], [80, 25], [99, 7], [15, 85], [0, 49], [60, 18], [69, 4], [79, 16], [29, 58], [98, 33], [77, 32], [61, 8], [26, 85], [8, 80], [59, 64], [63, 58], [38, 75], [99, 25], [93, 22], [53, 58], [23, 84], [98, 8], [72, 25], [10, 89], [12, 47], [40, 5], [27, 25], [36, 59], [74, 82], [8, 63], [85, 42], [29, 41], [85, 24], [65, 10], [79, 8], [83, 12], [61, 68], [20, 98], [96, 26], [9, 88], [79, 23], [77, 62], [42, 58], [96, 3], [79, 37], [97, 48], [68, 13], [83, 6], [15, 55], [51, 67], [89, 3], [2, 84], [6, 52], [20, 68], [70, 17], [78, 19], [89, 27], [92, 23], [67, 48], [40, 59], [62, 70], [84, 38], [35, 96], [65, 82], [52, 76], [81, 40], [43, 46], [64, 55], [95, 17], [68, 4], [69, 10], [8, 87], [73, 11], [23, 59], [93, 30], [1, 63], [91, 22], [95, 10], [11, 74], [0, 48], [60, 75], [82, 31], [35, 14], [57, 61], [33, 37], [18, 23], [32, 99], [73, 22], [26, 77], [8, 84], [68, 10], [88, 0], [93, 38], [21, 61], [81, 0], [70, 57], [73, 90], [90, 26], [70, 29], [87, 31], [13, 54], [83, 35], [31, 46], [59, 26], [81, 26], [17, 90], [32, 64], [73, 78], [67, 1], [89, 7], [6, 78], [2, 47], [19, 86], [98, 10], [83, 0], [6, 81], [51, 72], [63, 10], [98, 23], [51, 60], [96, 41], [81, 24], [60, 54], [63, 46], [28, 70], [18, 87], [13, 58], [93, 13], [73, 8], [67, 89], [73, 59], [72, 11], [69, 8], [93, 19], [94, 41], [17, 84], [79, 29], [34, 42], [44, 55], [96, 25], [1, 78], [9, 57], [9, 83], [73, 19], [85, 26], [29, 14], [24, 33], [3, 61], [64, 2], [64, 25], [68, 59], [89, 25], [64, 8], [50, 65], [43, 67], [69, 62], [97, 41], [90, 18], [13, 73], [89, 13], [24, 92], [76, 87], [73, 20], [88, 41], [54, 7], [92, 10], [5, 81], [9, 62], [51, 71], [37, 69], [13, 48], [83, 14], [70, 6], [95, 47], [36, 45], [6, 72], [76, 67], [65, 77], [90, 2], [95, 8], [76, 7], [93, 39], [64, 51], [78, 28], [35, 63], [78, 27], [64, 67], [72, 4], [15, 94], [18, 13], [20, 73], [80, 37], [81, 11], [13, 47], [2, 77], [9, 63], [82, 44], [58, 12], [76, 90], [88, 23], [88, 3], [40, 53], [75, 65], [66, 72], [62, 2], [38, 9], [30, 34], [19, 83], [93, 31], [32, 52], [16, 99], [93, 43], [63, 16], [78, 5], [86, 18], [15, 49], [24, 73], [61, 56], [97, 21], [11, 78], [52, 74], [95, 2], [89, 4], [11, 77], [1, 55], [71, 6], [72, 78], [5, 92], [89, 35], [72, 17], [99, 46], [74, 16], [78, 31], [63, 82], [59, 59], [84, 2], [43, 54], [17, 29], [27, 95], [93, 27], [9, 54], [90, 30], [19, 80], [64, 19], [55, 9], [97, 14], [96, 31], [27, 48], [73, 50], [33, 57], [74, 64], [3, 90], [8, 47], [53, 65], [78, 14], [79, 43], [65, 17], [68, 62], [10, 85], [90, 29], [20, 94], [92, 14], [54, 6], [96, 28], [14, 62], [61, 84], [28, 57], [31, 4], [25, 30], [94, 8], [94, 25], [64, 3], [74, 17], [80, 34], [73, 61], [45, 67], [68, 26], [23, 88], [95, 0], [13, 89], [1, 59], [93, 11], [24, 59], [95, 32], [31, 43], [52, 6], [55, 58], [25, 99], [80, 38], [62, 62], [0, 52], [98, 4], [79, 10], [79, 13], [22, 69], [35, 59], [72, 59], [62, 95], [97, 32], [87, 30], [94, 40], [53, 3], [58, 29], [92, 11], [4, 84], [3, 54], [31, 88], [11, 50], [13, 74], [95, 9], [62, 43], [33, 56], [69, 1], [75, 61], [82, 41], [67, 26], [76, 29], [80, 33], [30, 40], [52, 64], [69, 76], [94, 19], [60, 5], [58, 26], [29, 11], [26, 29], [6, 77], [48, 71], [26, 72], [14, 85], [99, 27], [77, 94], [82, 11], [91, 14], [5, 60], [17, 94], [86, 48], [94, 1], [14, 78], [10, 64], [67, 12], [66, 3], [94, 14], [72, 55], [44, 57], [76, 63], [10, 84], [97, 27], [50, 64], [82, 21], [70, 4], [71, 26], [86, 34], [31, 55], [92, 19], [4, 55], [70, 19], [32, 55], [86, 35], [59, 6], [29, 90], [80, 36], [96, 30], [1, 84], [3, 89], [1, 54], [77, 93], [60, 67], [73, 25], [60, 71], [87, 40], [72, 3], [68, 43], [30, 72], [83, 25], [39, 65], [89, 14], [72, 2], [15, 72], [8, 46], [90, 14], [39, 11], [52, 59], [29, 36], [21, 28], [33, 88], [81, 5], [25, 78], [99, 29], [33, 49], [97, 30], [22, 61], [72, 58], [97, 3], [14, 83], [6, 50], [83, 3], [72, 65], [19, 75], [91, 20], [66, 8], [75, 89], [71, 11], [88, 7], [97, 18], [71, 19], [80, 27], [2, 60], [96, 24], [37, 52], [91, 27], [18, 88], [70, 3], [16, 90], [65, 60], [71, 20], [49, 62], [66, 13], [7, 86], [4, 53], [91, 32], [97, 12], [91, 11], [42, 62], [62, 59], [96, 35], [27, 47], [13, 44], [14, 75], [38, 76], [18, 91], [61, 26], [64, 95], [82, 3], [28, 85], [98, 37], [53, 7], [66, 52], [33, 52], [74, 62], [87, 22], [94, 12], [98, 30], [33, 7], [29, 35], [96, 7], [77, 19], [88, 29], [67, 14], [8, 81], [92, 5], [12, 81], [7, 56], [56, 59], [89, 24], [62, 69], [1, 44], [75, 4], [30, 73], [68, 0], [24, 85], [92, 29], [43, 55], [58, 76], [99, 21], [76, 21], [8, 86], [79, 24], [75, 92], [96, 16], [36, 62], [82, 0], [11, 55], [54, 3], [9, 79], [8, 53], [80, 16], [59, 62], [91, 44], [77, 26], [46, 65], [17, 73], [88, 22], [51, 70], [22, 99], [42, 65], [57, 74], [85, 10], [89, 5], [81, 21], [76, 31], [78, 2], [75, 8], [60, 8], [87, 27], [80, 45], [42, 40], [9, 52], [6, 85], [75, 83], [67, 42], [29, 57], [87, 18], [34, 4], [22, 33], [96, 1], [4, 81], [12, 54], [71, 57], [25, 85], [69, 61], [76, 5], [80, 35], [97, 17], [80, 13], [71, 7], [84, 46], [18, 71], [60, 59], [23, 61], [4, 54], [92, 18], [65, 19], [78, 43], [86, 16], [82, 8], [79, 21], [95, 19], [40, 55], [99, 32], [83, 32], [6, 86], [34, 46], [58, 2], [20, 28], [22, 85], [10, 83], [14, 80], [10, 47], [70, 75], [70, 59], [16, 12], [76, 86], [47, 73], [78, 41], [72, 26], [99, 19], [9, 58], [27, 61], [54, 66], [22, 87], [89, 46], [57, 1], [80, 1], [93, 1], [96, 36], [62, 25], [63, 65], [20, 95], [64, 60], [89, 9], [4, 77], [12, 59], [31, 13], [26, 25], [96, 23], [68, 41], [29, 68], [70, 81], [11, 70], [7, 58], [99, 40], [41, 51], [82, 30], [64, 15], [59, 29], [74, 12], [76, 19], [84, 27], [90, 11], [89, 19], [23, 58], [68, 58], [49, 63], [22, 93], [88, 24], [11, 90], [46, 71], [99, 31], [80, 47], [74, 6], [76, 69], [7, 73], [2, 59], [72, 7], [0, 59], [71, 1], [25, 66], [97, 9], [67, 92], [94, 34], [7, 68], [62, 28], [87, 19], [66, 60], [93, 34], [38, 43], [22, 92], [55, 12], [22, 59], [70, 14], [14, 61], [61, 64], [85, 22], [64, 56], [96, 2], [12, 85], [0, 46], [1, 83], [57, 28], [69, 30], [84, 33], [88, 10], [35, 13], [31, 32], [96, 39], [88, 21], [96, 12], [66, 42], [30, 64], [66, 68], [58, 10], [90, 39], [35, 85], [75, 2], [70, 92], [67, 21], [23, 80], [7, 84], [46, 64], [8, 54], [93, 36], [31, 50], [70, 61], [43, 56], [89, 16], [93, 12], [84, 29], [5, 88], [4, 57], [50, 68], [58, 6], [74, 8], [60, 66], [3, 73], [69, 6], [33, 98], [95, 27], [28, 59], [86, 38], [10, 59], [71, 25], [86, 27], [96, 17], [99, 12], [71, 28], [66, 89], [66, 2], [94, 22], [8, 92], [76, 70], [74, 7], [90, 8], [6, 73], [4, 61], [29, 59], [61, 70], [77, 22], [91, 37], [41, 48], [35, 12], [55, 62], [23, 37], [23, 28], [26, 97], [78, 8], [24, 78], [87, 11], [4, 44], [0, 92], [58, 14], [90, 13], [50, 69], [89, 22], [61, 40], [45, 57], [77, 11], [88, 31], [81, 14], [60, 61], [61, 61], [62, 90], [12, 76], [5, 52], [10, 90], [99, 18], [92, 25], [72, 27], [39, 56], [75, 31], [58, 5], [31, 87], [12, 56], [89, 1], [85, 30], [43, 45], [57, 13], [76, 14], [87, 15], [63, 61], [91, 26], [23, 76], [34, 66], [59, 75], [63, 60], [98, 13], [58, 0], [63, 25], [92, 4], [10, 76], [8, 59], [86, 32], [30, 94], [5, 45], [99, 11], [74, 5], [70, 96], [85, 28], [6, 68], [27, 73], [37, 2], [33, 33], [5, 83], [43, 69], [67, 27], [59, 0], [94, 18], [69, 74], [55, 59], [84, 41], [37, 45], [76, 23], [77, 37], [80, 42], [75, 57], [69, 11], [69, 51], [36, 55], [94, 2], [23, 73], [13, 61], [28, 90], [13, 83], [7, 55], [87, 21], [77, 15], [63, 8], [87, 46], [94, 27], [79, 28], [66, 96], [34, 68], [71, 58], [13, 69], [70, 1], [71, 14], [94, 17], [15, 64], [69, 72], [96, 38], [49, 59], [29, 87], [71, 3], [97, 42], [29, 43], [29, 64], [98, 27], [93, 0], [7, 72], [5, 50], [16, 73], [67, 6], [74, 14], [75, 20], [84, 26], [76, 66], [39, 76], [85, 44], [99, 3], [30, 14], [21, 36], [29, 61], [64, 96], [5, 58], [98, 40], [62, 10], [93, 23], [33, 97], [96, 20], [18, 74], [78, 11], [60, 63], [81, 42], [76, 6], [53, 60], [1, 75], [5, 64], [63, 40], [29, 69], [77, 61], [95, 35], [35, 43], [90, 15], [67, 5], [65, 21], [12, 88], [85, 41], [8, 62], [92, 27], [23, 25], [27, 84], [23, 66], [79, 1], [67, 72], [73, 89], [73, 27], [84, 34], [99, 37], [59, 28], [95, 33], [14, 68], [73, 68], [53, 4], [91, 9], [7, 81], [8, 55], [96, 11], [4, 76], [50, 63], [88, 30], [62, 54], [38, 74], [2, 52], [85, 18], [65, 9], [65, 29], [82, 42], [34, 95], [85, 32], [28, 55], [15, 80], [28, 7], [26, 31], [67, 15], [61, 58], [41, 55], [69, 63], [91, 2], [95, 12], [62, 82], [62, 14], [78, 22], [10, 79], [10, 54], [12, 64], [70, 12], [91, 28], [18, 72], [72, 46], [76, 27], [44, 71], [78, 30], [60, 55], [58, 4], [30, 88], [17, 7], [78, 46], [60, 25], [91, 15], [99, 2], [63, 71], [61, 63], [23, 83], [86, 31], [42, 44], [71, 13], [84, 10], [10, 45], [33, 55], [41, 62], [93, 4], [1, 74], [5, 59], [58, 8], [91, 39], [71, 17], [62, 85], [28, 93], [95, 28], [1, 68], [98, 15], [79, 40], [33, 69], [57, 70], [64, 64], [71, 5], [85, 45], [78, 29], [61, 59], [63, 9], [8, 49], [40, 6], [21, 32], [75, 30], [82, 35], [22, 86], [14, 74], [10, 46], [99, 26], [22, 54], [84, 42], [41, 42], [24, 87], [94, 29], [92, 17], [70, 23], [82, 1], [70, 58], [62, 86], [60, 0], [87, 17], [5, 63], [1, 80], [73, 45], [26, 71], [65, 64], [85, 43], [88, 46], [58, 70], [92, 15], [71, 29], [7, 82], [45, 68], [86, 4], [99, 13], [21, 97], [90, 0], [0, 89], [6, 61], [55, 10], [41, 64], [74, 75], [16, 82], [88, 45], [68, 12], [87, 34], [38, 55], [5, 61], [72, 23], [77, 35], [90, 21], [73, 94], [66, 64], [85, 7], [44, 72], [84, 37], [93, 16], [53, 11], [21, 87], [34, 7], [64, 68], [25, 31], [24, 22], [30, 98], [78, 6], [22, 74], [79, 35], [64, 78], [7, 87], [1, 46], [95, 22], [98, 18], [14, 50], [97, 31], [22, 55], [66, 12], [15, 87], [59, 11], [66, 1], [91, 13], [72, 64], [86, 39], [39, 46], [38, 68], [69, 84], [19, 88], [89, 32], [68, 46], [21, 63], [66, 65], [98, 28], [76, 22], [76, 30], [64, 28], [2, 81], [91, 5], [6, 90], [8, 48], [57, 62], [11, 47], [64, 13], [67, 3], [83, 47], [85, 36], [94, 0], [39, 57], [70, 28], [76, 72], [19, 74], [87, 23], [33, 95], [69, 75], [95, 23], [76, 3], [51, 6], [92, 43], [79, 27], [27, 54], [4, 62], [62, 88], [29, 67], [32, 3], [26, 30], [11, 86], [11, 54], [76, 17], [88, 13], [0, 84], [52, 63], [95, 14], [84, 32], [73, 13], [72, 28], [30, 53], [80, 39], [89, 29], [57, 11], [21, 93], [8, 83], [63, 59], [76, 55], [43, 68], [59, 16], [15, 45], [9, 68], [92, 8], [94, 44], [98, 3], [9, 73], [7, 54], [88, 20], [61, 49], [40, 60], [64, 83], [92, 33], [38, 47], [65, 5], [73, 15], [79, 12], [89, 21], [57, 76], [52, 67], [18, 85], [7, 83], [93, 44], [70, 72], [2, 45], [32, 63], [97, 11], [64, 20], [95, 18], [90, 38], [51, 2], [86, 9], [83, 43], [9, 86], [4, 60], [15, 84], [80, 24], [88, 26], [29, 7], [22, 29], [33, 67], [74, 65], [16, 89], [69, 87], [64, 10], [49, 66], [11, 48], [84, 44], [38, 48], [74, 59], [93, 10], [95, 13], [92, 38], [57, 59], [56, 15], [1, 89], [73, 3], [44, 64], [67, 13], [92, 13], [92, 7], [7, 85], [3, 59], [72, 62], [82, 25], [85, 33], [19, 22], [19, 92], [96, 22], [4, 45], [19, 70], [61, 1], [89, 2], [62, 49], [38, 54], [71, 8], [62, 5], [68, 66], [71, 95], [97, 24], [67, 29], [76, 24], [91, 42], [29, 47], [52, 54], [2, 89], [38, 63], [68, 71], [98, 17], [72, 0], [73, 16], [1, 86], [11, 51], [33, 96], [0, 63], [99, 1], [66, 6], [93, 35], [30, 5], [28, 36], [9, 81], [48, 64], [85, 40], [68, 69], [45, 62], [3, 83], [86, 24], [68, 20], [71, 9], [97, 43], [89, 30], [72, 84], [74, 68], [84, 3], [91, 16], [3, 60], [63, 67], [30, 89], [97, 37], [28, 49], [23, 60], [91, 1], [4, 82], [4, 64], [12, 78], [62, 29], [77, 23], [82, 33], [89, 40], [59, 3], [91, 17], [73, 64], [81, 12], [73, 51], [39, 74], [68, 67], [93, 29], [88, 2], [75, 7], [8, 73], [77, 44], [13, 49], [34, 89], [63, 93], [56, 4], [7, 75], [4, 58], [46, 66], [88, 18], [64, 63], [40, 50], [91, 23], [80, 2], [58, 16], [91, 25], [95, 29], [29, 50], [10, 92], [30, 11], [21, 29], [66, 66], [69, 68], [99, 15], [4, 46], [79, 26], [40, 61], [81, 28], [63, 2], [27, 86], [17, 12], [78, 38], [72, 5], [90, 25], [4, 90], [79, 48], [75, 10], [91, 3], [0, 72], [6, 56], [70, 93], [94, 6], [33, 66], [62, 65], [54, 60], [95, 30], [81, 9], [62, 68], [62, 1], [7, 53], [5, 86], [90, 20], [88, 42], [28, 54], [34, 92], [85, 13], [84, 23], [67, 43], [41, 73], [97, 45], [58, 18], [8, 78], [47, 74], [97, 16], [11, 81], [4, 56], [73, 10], [68, 60], [12, 75], [92, 41], [10, 44], [73, 30], [88, 32], [98, 22], [72, 88], [63, 57], [76, 9], [31, 52], [93, 41], [28, 4], [62, 66], [21, 37], [16, 29], [22, 84], [72, 9], [23, 77], [8, 77], [57, 5], [88, 6], [93, 40], [35, 46], [78, 23], [33, 58], [71, 77], [90, 16], [64, 26], [91, 0], [8, 85], [0, 64], [9, 59], [77, 1], [70, 62], [21, 80], [34, 88], [82, 12], [60, 6], [78, 34], [91, 34], [69, 91], [39, 51], [81, 13], [93, 17], [57, 56], [90, 17], [73, 2], [72, 18], [77, 33], [68, 63], [38, 72], [2, 55], [0, 68], [98, 35], [2, 90], [1, 47], [70, 50], [30, 74], [90, 35], [40, 48], [52, 11], [64, 18], [21, 84], [63, 54], [88, 9], [94, 15], [84, 8], [79, 36], [1, 82], [29, 10], [29, 27], [33, 70], [60, 62], [77, 87], [77, 6], [11, 57], [92, 28], [56, 58], [52, 10], [86, 19], [90, 10], [1, 85], [11, 46], [95, 34], [16, 95], [89, 15], [14, 77], [99, 5], [24, 69], [73, 14], [69, 16], [74, 61], [72, 20], [85, 25], [81, 35], [39, 41], [77, 65], [73, 5], [12, 57], [90, 42], [4, 75], [47, 68], [36, 72], [23, 71], [59, 12], [93, 21], [61, 81], [75, 13], [91, 4], [55, 61], [28, 94], [83, 27], [2, 78], [0, 55], [91, 43], [68, 1], [75, 54], [69, 46], [34, 63], [65, 59], [71, 24], [3, 75], [14, 46], [88, 17], [90, 22], [74, 13], [91, 36], [85, 38], [42, 41], [28, 6], [21, 26], [96, 10], [74, 27], [41, 54], [75, 25], [59, 1], [15, 88], [69, 5], [15, 73], [89, 6], [8, 79], [10, 55], [74, 81], [62, 78], [64, 62], [79, 46], [71, 63], [14, 55], [92, 30], [92, 40], [80, 7], [41, 59], [69, 19], [51, 64], [97, 15], [55, 6], [15, 86], [82, 37], [18, 26], [30, 85], [94, 31], [38, 52], [40, 64], [69, 67], [93, 14], [80, 5], [5, 90], [10, 56], [8, 57], [72, 10], [67, 61], [16, 74], [83, 20], [58, 9], [84, 25], [71, 84], [90, 12], [52, 65], [72, 21], [83, 29], [64, 43], [35, 74], [85, 47], [60, 13], [26, 93], [95, 16], [77, 13], [92, 42], [3, 92], [38, 5], [32, 28], [58, 63], [2, 56], [59, 8], [90, 1], [9, 78], [4, 47], [99, 0], [34, 60], [62, 22], [77, 56], [90, 47], [41, 45], [84, 22], [5, 75], [42, 74], [5, 84], [92, 20], [76, 92], [65, 0], [49, 57], [22, 97], [55, 0], [36, 51], [77, 77], [68, 16], [15, 51], [85, 12], [82, 40], [81, 45], [90, 3], [81, 18], [85, 29], [20, 72], [6, 82], [7, 48], [65, 55], [99, 22], [83, 7], [27, 62], [66, 18], [53, 1], [84, 28], [26, 94], [89, 37], [29, 44], [76, 74], [11, 63], [16, 78], [70, 97], [92, 2], [49, 54], [63, 48], [25, 67], [59, 24], [97, 10], [83, 2], [83, 42], [39, 7], [33, 31], [73, 9], [93, 8], [6, 87], [6, 60], [76, 64], [91, 45], [38, 73], [22, 68], [33, 89], [32, 54], [77, 64], [72, 29], [14, 45], [85, 17], [87, 42], [90, 9], [68, 29], [89, 33], [99, 23], [64, 1], [59, 9], [91, 40], [30, 50], [23, 92], [62, 83], [49, 69], [37, 62], [65, 26], [77, 30], [9, 87], [9, 51], [77, 59], [31, 95], [64, 58], [11, 61], [99, 14], [87, 29], [77, 5], [72, 12], [88, 36], [19, 82], [42, 73], [62, 15], [86, 29], [25, 4], [43, 81], [27, 21], [61, 97], [25, 25], [66, 15], [73, 92], [52, 0], [56, 99], [46, 12], [50, 17], [84, 0], [50, 62], [94, 37], [91, 74], [9, 0], [83, 55], [38, 49], [35, 91], [75, 53], [21, 14], [56, 22], [11, 76], [27, 60], [85, 60], [47, 19], [45, 50], [48, 24], [74, 79], [16, 31], [48, 51], [46, 22], [6, 49], [2, 42], [80, 63], [8, 18], [17, 50], [24, 6], [61, 33], [41, 30], [11, 38], [12, 36], [40, 18], [56, 52], [67, 30], [55, 88], [53, 32], [98, 85], [64, 49], [15, 79], [79, 33], [66, 69], [11, 32], [46, 46], [65, 40], [63, 98], [66, 7], [9, 7], [30, 45], [54, 89], [11, 29], [90, 50], [43, 75], [85, 31], [82, 72], [14, 53], [66, 58], [26, 46], [50, 10], [45, 37], [31, 79], [26, 83], [41, 1], [34, 25], [26, 65], [82, 93], [46, 45], [21, 0], [68, 65], [85, 53], [33, 74], [35, 19], [24, 61], [90, 41], [74, 36], [83, 97], [12, 87], [55, 72], [16, 48], [20, 74], [83, 59], [79, 64], [15, 27], [59, 33], [78, 20], [51, 47], [74, 32], [14, 43], [12, 55], [22, 60], [80, 61], [79, 86], [87, 57], [42, 89], [60, 30], [78, 3], [9, 67], [47, 22], [60, 92], [62, 50], [88, 67], [95, 60], [11, 62], [94, 33], [38, 11], [74, 50], [79, 66], [46, 39], [38, 70], [51, 5], [86, 46], [96, 13], [49, 16], [19, 21], [64, 86], [95, 61], [83, 57], [5, 91], [63, 87], [29, 94], [83, 80], [82, 76], [54, 70], [3, 23], [53, 34], [24, 57], [86, 70], [40, 63], [0, 65], [95, 95], [4, 17], [45, 31], [89, 50], [19, 53], [34, 48], [15, 60], [2, 3], [25, 9], [40, 87], [83, 86], [0, 94], [52, 36], [93, 61], [3, 35], [68, 30], [73, 56], [47, 29], [54, 9], [43, 62], [84, 48], [94, 79], [7, 6], [61, 54], [18, 45], [73, 47], [77, 42], [66, 57], [92, 0], [20, 4], [76, 44], [2, 33], [78, 76], [71, 56], [6, 40], [30, 54], [40, 35], [34, 61], [17, 40], [83, 96], [12, 6], [14, 19], [72, 36], [15, 59], [15, 35], [23, 10], [35, 68], [25, 5], [62, 63], [18, 3], [59, 99], [18, 99], [47, 35], [31, 76], [70, 76], [5, 85], [87, 90], [67, 98], [27, 15], [38, 86], [99, 72], [8, 66], [29, 23], [3, 62], [22, 27], [43, 27], [79, 15], [97, 99], [63, 83], [20, 37], [38, 27], [6, 53], [99, 60], [3, 45], [68, 31], [90, 74], [58, 1], [28, 87], [71, 82], [58, 84], [51, 79], [15, 41], [80, 14], [3, 71], [2, 91], [70, 63], [15, 4], [21, 72], [73, 66], [86, 49], [45, 95], [36, 23], [59, 97], [78, 55], [64, 33], [5, 3], [98, 21], [23, 27], [97, 94], [89, 63], [74, 24], [14, 6], [89, 90], [87, 99], [23, 2], [81, 72], [53, 36], [60, 31], [55, 5], [15, 91], [15, 77], [76, 58], [33, 22], [89, 89], [33, 11], [41, 38], [12, 50], [67, 59], [16, 79], [62, 93], [64, 38], [46, 96], [19, 79], [53, 27], [10, 70], [3, 32], [35, 95], [46, 15], [94, 21], [67, 78], [42, 83], [60, 87], [52, 40], [54, 24], [35, 52], [22, 3], [50, 30], [70, 20], [61, 21], [9, 40], [6, 89], [43, 42], [34, 84], [74, 15], [68, 91], [44, 29], [66, 56], [74, 48], [88, 57], [22, 53], [50, 38], [13, 53], [66, 24], [14, 12], [36, 12], [15, 98], [83, 87], [30, 6], [95, 94], [5, 15], [76, 65], [67, 64], [18, 8], [92, 48], [83, 50], [27, 67], [40, 65], [27, 7], [92, 55], [52, 83], [61, 87], [54, 97], [3, 21], [18, 66], [67, 33], [40, 1], [47, 10], [51, 97], [60, 84], [61, 99], [18, 9], [15, 99], [60, 36], [96, 40], [55, 47], [75, 29], [27, 44], [36, 16], [89, 99], [18, 61], [31, 40], [73, 42], [66, 91], [10, 53], [87, 64], [37, 6], [98, 94], [30, 75], [97, 65], [22, 20], [7, 38], [35, 47], [2, 93], [97, 53], [12, 31], [55, 21], [31, 71], [52, 33], [14, 36], [0, 82], [77, 2], [11, 31], [39, 77], [86, 56], [2, 49], [86, 92], [48, 10], [73, 55], [70, 26], [24, 4], [94, 26], [9, 35], [10, 39], [81, 58], [32, 6], [63, 84], [97, 57], [40, 7], [48, 6], [76, 77], [60, 47], [20, 46], [7, 44], [42, 64], [51, 54], [98, 93], [9, 84], [55, 13], [37, 47], [81, 62], [92, 76], [69, 86], [3, 44], [78, 68], [72, 33], [14, 32], [14, 8], [64, 92], [66, 16], [13, 77], [35, 78], [2, 43], [23, 6], [76, 68], [41, 25], [24, 38], [86, 95], [43, 25], [96, 60], [46, 63], [47, 65], [78, 74], [58, 99], [95, 5], [56, 23], [77, 57], [34, 93], [27, 11], [66, 80], [69, 39], [34, 37], [44, 81], [43, 79], [52, 22], [24, 96], [38, 51], [68, 72], [36, 0], [50, 77], [86, 12], [41, 32], [76, 50], [84, 43], [60, 39], [31, 63], [49, 9], [73, 41], [72, 76], [38, 84], [71, 21], [40, 40], [83, 73], [8, 0], [16, 36], [98, 49], [78, 80], [82, 94], [22, 11], [50, 20], [38, 1], [13, 92], [55, 70], [44, 59], [7, 21], [52, 61], [56, 21], [97, 86], [38, 19], [99, 63], [18, 36], [75, 86], [19, 32], [71, 73], [49, 64], [21, 23], [86, 60], [24, 53], [99, 86], [25, 59], [52, 38], [76, 97], [52, 78], [93, 42], [99, 30], [17, 36], [23, 95], [0, 6], [2, 68], [72, 98], [72, 53], [36, 43], [81, 43], [10, 24], [20, 66], [96, 29], [98, 45], [9, 94], [58, 74], [32, 78], [30, 0], [64, 50], [1, 42], [90, 95], [42, 96], [58, 95], [66, 93], [43, 63], [30, 66], [44, 60], [84, 61], [42, 37], [79, 45], [88, 76], [63, 32], [81, 60], [83, 15], [60, 24], [70, 36], [57, 75], [13, 41], [70, 79], [80, 58], [1, 87], [40, 47], [16, 3], [38, 25], [39, 18], [30, 28], [66, 77], [68, 24], [99, 34], [96, 73], [8, 5], [11, 22], [65, 71], [75, 99], [3, 31], [88, 80], [8, 61], [96, 74], [55, 17], [50, 91], [3, 69], [79, 76], [35, 16], [26, 64], [86, 40], [37, 19], [98, 92], [43, 80], [26, 42], [14, 14], [17, 64], [6, 42], [28, 58], [30, 77], [62, 89], [8, 95], [36, 21], [85, 66], [37, 67], [52, 72], [50, 84], [11, 16], [1, 49], [82, 99], [60, 17], [44, 56], [60, 7], [53, 39], [71, 42], [79, 85], [25, 52], [87, 0], [44, 0], [88, 93], [65, 92], [4, 72], [10, 18], [56, 40], [43, 82], [42, 67], [53, 87], [31, 70], [95, 66], [51, 1], [46, 37], [2, 15], [51, 84], [75, 69], [38, 28], [1, 79], [49, 70], [5, 40], [14, 1], [71, 99], [62, 72], [24, 24], [30, 59], [78, 37], [97, 60], [36, 44], [66, 34], [90, 72], [18, 29], [4, 50], [79, 3], [35, 70], [48, 12], [67, 57], [2, 41], [60, 15], [23, 57], [96, 21], [49, 99], [65, 8], [44, 25], [64, 35], [30, 37], [67, 35], [67, 99], [49, 33], [59, 91], [19, 35], [11, 88], [0, 70], [65, 37], [49, 34], [46, 69], [71, 36], [27, 27], [61, 32], [38, 6], [61, 17], [53, 61], [10, 38], [45, 22], [19, 50], [48, 45], [46, 86], [75, 12], [16, 38], [25, 87], [82, 82], [84, 73], [68, 81], [47, 51], [55, 28], [58, 75], [44, 53], [29, 71], [6, 35], [25, 97], [20, 87], [89, 18], [6, 58], [11, 66], [27, 88], [52, 98], [76, 0], [30, 43], [52, 84], [73, 35], [59, 61], [88, 16], [23, 21], [40, 28], [8, 89], [39, 96], [97, 55], [50, 40], [7, 9], [22, 65], [40, 23], [6, 10], [4, 13], [7, 71], [14, 99], [67, 82], [32, 9], [37, 5], [49, 56], [59, 67], [7, 41], [6, 3], [6, 65], [50, 21], [83, 74], [25, 77], [31, 24], [28, 62], [35, 50], [48, 40], [4, 21], [21, 81], [47, 80], [90, 46], [4, 2], [48, 26], [19, 3], [26, 3], [79, 65], [30, 51], [34, 85], [42, 75], [24, 18], [41, 94], [7, 22], [18, 79], [0, 80], [7, 16], [98, 42], [56, 87], [0, 7], [29, 9], [40, 29], [56, 29], [80, 49], [74, 45], [87, 85], [24, 42], [60, 42], [23, 22], [72, 38], [18, 38], [73, 4], [99, 44], [71, 92], [15, 46], [92, 60], [41, 29], [72, 49], [53, 44], [75, 41], [98, 58], [33, 81], [73, 72], [33, 17], [78, 66], [50, 8], [48, 0], [54, 56], [47, 52], [39, 67], [34, 97], [65, 78], [80, 86], [24, 94], [49, 19], [30, 56], [10, 26], [65, 11], [43, 37], [60, 46], [72, 83], [94, 54], [90, 52], [98, 71], [58, 78], [97, 38], [81, 41], [26, 24], [84, 65], [76, 51], [94, 94], [55, 71], [65, 39], [12, 70], [37, 79], [71, 52], [38, 69], [17, 42], [18, 98], [27, 5], [16, 52], [17, 63], [3, 13], [44, 35], [64, 23], [8, 98], [48, 78], [98, 46], [61, 90], [56, 65], [13, 97], [62, 39], [6, 55], [10, 3], [26, 26], [95, 65], [72, 24], [23, 12], [60, 78], [35, 42], [45, 76], [70, 7], [67, 58], [98, 95], [95, 88], [85, 14], [8, 70], [27, 90], [64, 14], [1, 91], [92, 35], [18, 81], [50, 29], [30, 29], [11, 44], [35, 93], [12, 2], [79, 44], [99, 83], [43, 26], [12, 30], [4, 5], [96, 51], [7, 33], [65, 3], [38, 30], [73, 67], [29, 29], [98, 32], [17, 39], [81, 17], [35, 89], [30, 80], [57, 73], [0, 21], [53, 6], [78, 54], [62, 56], [48, 67], [67, 9], [80, 84], [97, 62], [54, 63], [80, 75], [68, 34], [63, 19], [90, 73], [85, 70], [77, 10], [85, 89], [12, 11], [56, 76], [38, 31], [81, 76], [18, 25], [47, 59], [9, 36], [46, 67], [16, 33], [74, 70], [3, 28], [52, 68], [11, 21], [24, 28], [94, 45], [39, 33], [58, 20], [79, 97], [6, 22], [72, 95], [14, 7], [79, 70], [31, 36], [53, 96], [47, 57], [93, 7], [69, 41], [2, 66], [43, 86], [55, 48], [91, 91], [48, 35], [33, 14], [67, 83], [75, 11], [5, 1], [14, 90], [78, 94], [50, 37], [26, 36], [45, 56], [51, 86], [56, 88], [10, 97], [12, 92], [29, 97], [43, 72], [64, 65], [2, 80], [47, 14], [41, 5], [90, 88], [39, 62], [59, 47], [11, 92], [0, 16], [51, 57], [28, 9], [10, 15], [75, 95], [37, 64], [9, 97], [89, 82], [77, 24], [50, 72], [57, 30], [53, 50], [69, 28], [99, 59], [63, 68], [40, 19], [56, 9], [21, 83], [49, 38], [6, 6], [40, 84], [69, 97], [7, 25], [5, 25], [11, 43], [99, 78], [67, 69], [10, 42], [64, 31], [15, 56], [46, 61], [15, 5], [0, 99], [91, 83], [10, 41], [60, 74], [49, 84], [54, 83], [20, 42], [48, 59], [41, 91], [25, 11], [83, 51], [15, 28], [41, 97], [75, 47], [94, 96], [30, 57], [95, 91], [98, 53], [52, 85], [54, 65], [93, 89], [50, 19], [90, 7], [32, 23], [44, 54], [83, 88], [4, 97], [57, 25], [38, 89], [51, 41], [74, 77], [13, 19], [22, 43], [9, 17], [86, 80], [70, 46], [45, 17], [1, 27], [61, 96], [57, 17], [58, 7], [89, 67], [80, 56], [6, 69], [51, 95], [33, 80], [54, 76], [67, 79], [30, 44], [5, 95], [28, 17], [56, 5], [50, 36], [50, 99], [91, 54], [82, 66], [32, 11], [34, 17], [1, 40], [3, 84], [58, 64], [47, 95], [4, 92], [33, 18], [52, 44], [32, 48], [23, 68], [86, 37], [68, 86], [96, 66], [56, 89], [42, 0], [96, 99], [17, 37], [37, 29], [4, 37], [47, 38], [23, 31], [35, 66], [30, 48], [37, 60], [34, 49], [62, 73], [42, 59], [15, 95], [85, 21], [59, 30], [34, 55], [86, 43], [51, 26], [64, 32], [68, 83], [65, 95], [30, 20], [83, 22], [53, 77], [31, 18], [31, 51], [32, 39], [76, 73], [6, 14], [45, 47], [6, 21], [17, 75], [13, 22], [17, 65], [18, 58], [21, 74], [12, 40], [37, 32], [18, 64], [28, 40], [95, 6], [11, 9], [29, 98], [39, 99], [58, 91], [1, 8], [11, 15], [35, 97], [10, 14], [30, 23], [36, 7], [41, 3], [73, 31], [31, 61], [43, 44], [3, 8], [6, 93], [56, 64], [80, 6], [1, 73], [86, 36], [96, 80], [38, 96], [89, 73], [92, 86], [38, 23], [31, 5], [45, 52], [85, 98], [10, 34], [28, 79], [42, 51], [39, 15], [99, 38], [27, 2], [47, 3], [53, 46], [24, 45], [98, 98], [12, 35], [37, 44], [53, 76], [34, 75], [46, 44], [37, 82], [55, 35], [52, 75], [59, 71], [58, 57], [56, 85], [48, 2], [46, 81], [38, 39], [44, 94], [35, 15], [75, 93], [61, 27], [20, 93], [13, 93], [65, 84], [13, 62], [64, 7], [12, 29], [76, 39], [2, 85], [5, 16], [2, 71], [26, 90], [74, 87], [48, 99], [63, 29], [91, 98], [68, 99], [55, 41], [18, 84], [74, 47], [55, 86], [44, 67], [18, 51], [56, 32], [2, 69], [46, 85], [64, 47], [72, 92], [93, 18], [73, 43], [80, 74], [20, 15], [72, 82], [11, 42], [88, 79], [2, 38], [30, 76], [30, 38], [26, 91], [54, 95], [35, 65], [87, 66], [45, 11], [55, 51], [87, 8], [41, 69], [49, 76], [31, 60], [64, 80], [27, 18], [96, 84], [16, 56], [76, 82], [60, 19], [83, 84], [74, 86], [29, 66], [50, 73], [33, 21], [24, 90], [57, 81], [71, 93], [75, 52], [49, 24], [69, 31], [37, 22], [57, 52], [61, 47], [87, 87], [86, 84], [22, 31], [47, 78], [90, 92], [98, 59], [20, 99], [28, 3], [96, 69], [60, 97], [65, 16], [1, 94], [96, 59], [1, 76], [66, 4], [6, 30], [48, 95], [25, 14], [74, 76], [16, 9], [28, 51], [37, 13], [23, 81], [26, 27], [35, 0], [15, 18], [55, 94], [94, 78], [12, 83], [55, 30], [50, 83], [97, 72], [70, 45], [18, 5], [62, 55], [59, 54], [38, 26], [95, 71], [16, 88], [49, 88], [43, 20], [68, 3], [71, 23], [70, 80], [28, 43], [27, 34], [80, 76], [47, 79], [10, 69], [70, 70], [34, 77], [60, 93], [52, 92], [56, 74], [27, 24], [13, 55], [45, 53], [67, 56], [55, 33], [50, 94], [97, 87], [17, 68], [34, 74], [42, 76], [6, 76], [44, 6], [88, 35], [44, 33], [18, 80], [46, 52], [45, 61], [58, 11], [48, 98], [48, 68], [17, 58], [58, 65], [57, 92], [4, 39], [93, 50], [73, 69], [13, 80], [23, 36], [39, 1], [63, 26], [6, 32], [8, 39], [97, 33], [23, 1], [25, 2], [95, 59], [84, 58], [82, 29], [69, 0], [59, 2], [29, 62], [31, 69], [44, 28], [34, 43], [82, 65], [54, 23], [42, 11], [19, 30], [67, 84], [79, 39], [21, 66], [96, 49], [77, 85], [37, 96], [10, 25], [93, 75], [50, 45], [85, 16], [56, 95], [3, 50], [43, 88], [72, 60], [73, 65], [73, 34], [28, 11], [94, 38], [57, 32], [3, 96], [0, 8], [8, 91], [68, 98], [89, 64], [78, 39], [30, 99], [0, 24], [29, 77], [80, 85], [16, 25], [46, 99], [45, 27], [6, 7], [58, 28], [93, 79], [16, 85], [4, 20], [42, 7], [2, 26], [99, 97], [43, 32], [68, 25], [40, 62], [99, 88], [94, 93], [63, 31], [95, 93], [34, 12], [64, 69], [27, 79], [88, 8], [18, 15], [65, 80], [86, 89], [30, 65], [37, 83], [12, 67], [55, 96], [94, 88], [46, 14], [40, 4], [81, 79], [26, 6], [68, 53], [42, 68], [14, 4], [67, 25], [91, 21], [5, 14], [92, 49], [41, 93], [4, 9], [39, 87], [78, 73], [47, 6], [36, 38], [89, 81], [53, 20], [87, 70], [86, 45], [36, 22], [75, 51], [47, 40], [42, 57], [95, 49], [82, 53], [16, 43], [76, 42], [47, 45], [81, 69], [5, 11], [0, 96], [51, 40], [61, 52], [56, 62], [3, 48], [74, 30], [21, 27], [42, 53], [91, 70], [4, 71], [88, 25], [73, 28], [76, 8], [31, 73], [21, 16], [11, 14], [8, 40], [72, 39], [86, 55], [83, 91], [19, 29], [21, 70], [29, 16], [79, 62], [54, 26], [75, 87], [59, 46], [84, 59], [81, 46], [44, 48], [93, 45], [93, 63], [13, 86], [72, 68], [19, 46], [30, 81], [63, 6], [16, 6], [73, 40], [36, 8], [25, 28], [87, 48], [19, 12], [34, 82], [49, 79], [23, 16], [29, 79], [31, 35], [57, 95], [41, 82], [95, 73], [63, 34], [75, 14], [96, 81], [41, 49], [7, 0], [23, 23], [52, 81], [42, 38], [38, 78], [24, 50], [89, 85], [66, 61], [36, 63], [82, 84], [97, 93], [38, 0], [27, 30], [79, 18], [42, 3], [23, 86], [1, 6], [45, 29], [24, 12], [76, 93], [26, 53], [68, 17], [97, 84], [51, 93], [63, 20], [5, 35], [36, 73], [70, 89], [81, 99], [45, 9], [17, 8], [42, 82], [33, 41], [40, 16], [5, 82], [4, 25], [59, 96], [26, 0], [43, 58], [63, 30], [42, 80], [21, 8], [78, 40], [70, 60], [47, 43], [56, 26], [95, 25], [61, 24], [9, 71], [95, 68], [58, 46], [61, 75], [31, 72], [46, 87], [49, 75], [81, 87], [69, 83], [49, 29], [71, 86], [12, 95], [11, 83], [99, 55], [53, 45], [42, 81], [19, 73], [7, 37], [7, 76], [84, 11], [68, 39], [47, 31], [68, 87], [55, 40], [5, 30], [56, 90], [66, 30], [60, 72], [78, 69], [40, 81], [25, 72], [66, 59], [78, 93], [48, 54], [91, 73], [16, 66], [16, 63], [25, 86], [54, 16], [49, 77], [94, 43], [87, 88], [15, 96], [93, 26], [57, 53], [25, 47], [25, 29], [13, 71], [81, 23], [96, 32], [32, 59], [46, 90], [50, 24], [58, 36], [27, 33], [15, 16], [56, 86], [66, 33], [57, 12], [94, 95], [25, 40], [55, 38], [12, 96], [4, 10], [35, 7], [35, 30], [52, 79], [17, 15], [38, 15], [3, 24], [49, 45], [48, 61], [46, 27], [45, 18], [0, 13], [82, 36], [54, 34], [74, 3], [49, 58], [27, 9], [8, 33], [17, 82], [53, 72], [33, 63], [73, 77], [65, 96], [57, 18], [36, 31], [34, 45], [18, 95], [40, 97], [40, 75], [80, 50], [56, 7], [55, 55], [96, 42], [51, 11], [14, 79], [54, 49], [11, 7], [70, 52], [33, 61], [26, 39], [63, 62], [15, 69], [42, 30], [37, 46], [96, 72], [93, 32], [69, 57], [86, 69], [36, 33], [68, 95], [24, 55], [94, 70], [4, 15], [38, 13], [69, 59], [48, 7], [10, 12], [59, 90], [24, 66], [80, 57], [48, 36], [75, 32], [51, 17], [43, 48], [95, 26], [55, 18], [81, 59], [59, 95], [98, 97], [67, 17], [2, 8], [87, 60], [47, 26], [70, 48], [88, 98], [53, 54], [48, 55], [77, 38], [67, 53], [84, 47], [49, 32], [47, 28], [74, 51], [4, 67], [65, 68], [23, 14], [64, 0], [87, 67], [18, 43], [90, 62], [49, 4], [56, 60], [55, 1], [27, 26], [66, 75], [55, 77], [39, 53], [9, 1], [13, 91], [67, 22], [17, 18], [44, 93], [60, 64], [72, 32], [76, 18], [53, 43], [81, 44], [56, 17], [14, 47], [52, 12], [68, 8], [27, 98], [50, 92], [48, 21], [17, 91], [35, 61], [99, 24], [68, 23], [74, 74], [83, 76], [8, 23], [21, 48], [98, 83], [47, 9], [68, 14], [89, 47], [26, 33], [79, 32], [89, 86], [98, 74], [4, 89], [3, 58], [11, 4], [99, 85], [13, 96], [77, 9], [14, 48], [56, 0], [60, 65], [63, 96], [5, 43], [17, 13], [71, 97], [36, 46], [32, 49], [11, 85], [31, 11], [54, 30], [10, 9], [96, 55], [51, 22], [33, 68], [47, 13], [79, 77], [79, 38], [74, 90], [40, 15], [34, 19], [36, 52], [59, 48], [54, 99], [79, 90], [77, 60], [11, 10], [63, 15], [5, 96], [13, 98], [31, 45], [6, 8], [81, 47], [34, 72], [17, 38], [0, 91], [53, 66], [21, 19], [96, 78], [86, 6], [83, 63], [65, 93], [70, 86], [48, 9], [90, 68], [56, 13], [53, 82], [38, 79], [79, 93], [29, 15], [87, 49], [2, 86], [62, 32], [93, 47], [97, 13], [53, 99], [84, 7], [84, 91], [79, 88], [33, 23], [69, 78], [13, 28], [41, 33], [69, 85], [93, 73], [29, 99], [51, 37], [46, 31], [32, 85], [15, 20], [64, 98], [70, 2], [96, 90], [17, 69], [16, 35], [31, 82], [95, 62], [56, 50], [68, 22], [82, 92], [70, 64], [51, 42], [87, 98], [78, 49], [69, 17], [40, 58], [9, 5], [36, 79], [95, 99], [62, 35], [56, 37], [59, 85], [34, 79], [17, 62], [50, 98], [71, 4], [12, 68], [45, 33], [39, 30], [95, 58], [54, 15], [30, 87], [38, 71], [55, 34], [16, 54], [91, 72], [66, 94], [80, 54], [20, 67], [75, 45], [65, 30], [70, 35], [10, 68], [9, 49], [79, 87], [85, 55], [85, 37], [2, 63], [54, 38], [89, 54], [67, 54], [73, 6], [43, 57], [77, 72], [34, 67], [53, 5], [9, 91], [75, 91], [48, 31], [20, 64], [66, 79], [64, 6], [15, 15], [19, 17], [92, 61], [86, 96], [62, 67], [39, 59], [44, 41], [39, 38], [51, 88], [0, 22], [32, 1], [41, 88], [32, 53], [28, 67], [44, 85], [0, 0], [66, 37], [67, 7], [43, 22], [24, 25], [86, 64], [85, 68], [12, 79], [3, 87], [24, 43], [18, 62], [81, 93], [15, 58], [96, 95], [70, 42], [66, 47], [73, 63], [73, 38], [19, 2], [1, 38], [36, 67], [96, 96], [41, 14], [70, 21], [57, 77], [49, 51], [49, 13], [87, 7], [55, 83], [78, 90], [24, 71], [47, 27], [66, 20], [11, 40], [62, 7], [40, 89], [8, 74], [34, 59], [1, 51], [70, 30], [56, 14], [26, 5], [1, 21], [65, 56], [29, 31], [18, 89], [50, 66], [25, 74], [19, 65], [65, 27], [78, 96], [39, 54], [82, 2], [71, 85], [98, 36], [32, 27], [1, 70], [61, 77], [46, 57], [36, 92], [6, 0], [83, 26], [74, 98], [0, 78], [26, 32], [54, 86], [0, 23], [45, 84], [42, 13], [0, 53], [20, 11], [66, 51], [56, 30], [18, 2], [18, 67], [15, 97], [54, 87], [93, 93], [87, 68], [50, 9], [26, 66], [23, 3], [51, 20], [14, 13], [57, 27], [8, 67], [29, 46], [51, 19], [81, 53], [71, 22], [18, 82], [64, 88], [92, 97], [69, 56], [37, 18], [18, 44], [38, 82], [94, 60], [11, 93], [22, 45], [2, 25], [46, 94], [15, 42], [59, 82], [23, 89], [35, 4], [5, 18], [85, 96], [76, 62], [59, 42], [10, 7], [31, 30], [4, 96], [8, 88], [32, 51], [63, 35], [43, 31], [47, 21], [22, 96], [0, 85], [26, 19], [7, 39], [88, 44]]}