{"meta": {"number_of_robots": 1113, "description": {"parameters": {"seed": 4505, "shape": [50, 50], "obstacles": {"n": 30, "mean": 3, "std": 1.5}, "clusters": {"n": 50, "mean": 20, "std": 10.0, "relative_radius": 2, "increase_factor": 1.3, "start_dist": {"generator_name": "Image", "shape": [50, 50], "min": 8.0, "max": 159.0, "mean": 75.6376, "std": 32.595040516004886, "dtype": "uint64", "parameters": {"image": "algae.png", "transformer": {"name": "ColorChannelSelector", "channel": "s", "inverted": false}}}, "target_dist": {"generator_name": "Image", "shape": [50, 50], "min": 96.0, "max": 247.0, "mean": 179.3624, "std": 32.595040516004886, "dtype": "uint64", "parameters": {"image": "algae.png", "transformer": {"name": "ColorChannelSelector", "channel": "s", "inverted": true}}}}, "density": 0.5, "start_dist": {"generator_name": "Image", "shape": [50, 50], "min": 8.0, "max": 159.0, "mean": 75.6376, "std": 32.595040516004886, "dtype": "uint64", "parameters": {"image": "algae.png", "transformer": {"name": "ColorChannelSelector", "channel": "s", "inverted": false}}}, "target_dist": {"generator_name": "Image", "shape": [50, 50], "min": 96.0, "max": 247.0, "mean": 179.3624, "std": 32.595040516004886, "dtype": "uint64", "parameters": {"image": "algae.png", "transformer": {"name": "ColorChannelSelector", "channel": "s", "inverted": true}}}}, "stats": {"date": "2020-11-17", "free_area": 2225.0, "number_of_clustered_robots": 1028, "number_of_robots": 1113}}}, "name": "algae_00004_50x50_50_1113", "obstacles": [[4, 40], [4, 44], [4, 45], [4, 46], [5, 18], [5, 19], [5, 20], [5, 21], [5, 22], [5, 23], [5, 40], [5, 44], [5, 46], [6, 23], [6, 24], [6, 25], [6, 40], [6, 44], [6, 45], [6, 46], [7, 23], [7, 25], [8, 23], [8, 25], [8, 33], [8, 34], [8, 35], [9, 23], [9, 25], [9, 33], [9, 35], [10, 23], [10, 24], [10, 25], [10, 33], [10, 34], [10, 35], [12, 2], [12, 3], [12, 4], [12, 5], [12, 6], [13, 2], [13, 6], [14, 2], [14, 6], [15, 2], [15, 6], [15, 11], [15, 12], [15, 13], [16, 2], [16, 6], [16, 11], [16, 12], [16, 13], [17, 2], [17, 3], [17, 4], [17, 5], [17, 6], [17, 8], [17, 9], [18, 8], [18, 9], [18, 11], [18, 12], [18, 13], [18, 27], [18, 28], [18, 29], [18, 30], [19, 8], [19, 9], [19, 11], [19, 13], [19, 27], [19, 30], [20, 11], [20, 13], [20, 21], [20, 22], [20, 23], [20, 27], [20, 28], [20, 29], [20, 30], [21, 11], [21, 12], [21, 13], [21, 21], [21, 23], [22, 21], [22, 23], [23, 21], [23, 23], [24, 10], [24, 11], [24, 12], [24, 21], [24, 22], [24, 23], [25, 10], [25, 11], [25, 12], [25, 27], [25, 28], [26, 27], [26, 28], [27, 27], [27, 29], [27, 30], [27, 31], [27, 32], [27, 33], [28, 27], [28, 28], [28, 29], [28, 30], [28, 31], [28, 32], [28, 33], [29, 3], [29, 4], [29, 5], [29, 6], [29, 13], [29, 14], [29, 15], [29, 35], [29, 36], [30, 3], [30, 6], [30, 13], [30, 15], [30, 35], [30, 36], [31, 3], [31, 4], [31, 5], [31, 6], [31, 13], [31, 14], [31, 15], [31, 31], [31, 35], [31, 36], [32, 31], [32, 35], [32, 36], [33, 35], [33, 36], [34, 35], [34, 36], [36, 38], [37, 32], [37, 33], [37, 34], [37, 38], [38, 0], [38, 1], [38, 2], [38, 3], [38, 4], [38, 32], [38, 34], [38, 41], [38, 42], [38, 43], [38, 44], [38, 45], [39, 0], [39, 4], [39, 32], [39, 33], [39, 34], [39, 41], [39, 45], [40, 0], [40, 4], [40, 41], [40, 42], [40, 43], [40, 44], [40, 45], [41, 0], [41, 1], [41, 2], [41, 3], [41, 4], [43, 2], [43, 27], [43, 35], [43, 36], [43, 37], [43, 38], [44, 2], [44, 27], [44, 28], [44, 29], [44, 30], [44, 35], [44, 38], [45, 27], [45, 30], [45, 35], [45, 38], [45, 39], [45, 40], [45, 41], [45, 42], [45, 43], [45, 44], [46, 27], [46, 30], [46, 35], [46, 37], [47, 27], [47, 30], [47, 35], [47, 36], [47, 37], [48, 27], [48, 28], [48, 29], [48, 30]], "starts": [[8, 32], [13, 30], [6, 31], [33, 24], [39, 46], [29, 27], [39, 25], [36, 44], [2, 10], [2, 17], [3, 2], [35, 22], [36, 13], [22, 25], [40, 36], [38, 14], [35, 26], [14, 27], [17, 22], [29, 34], [25, 46], [37, 48], [44, 14], [28, 39], [49, 23], [20, 39], [0, 8], [17, 37], [27, 40], [27, 15], [20, 9], [26, 33], [26, 22], [28, 45], [46, 42], [11, 20], [24, 9], [16, 15], [45, 3], [44, 9], [12, 10], [41, 28], [29, 26], [9, 13], [44, 32], [4, 47], [42, 22], [49, 24], [40, 13], [4, 32], [44, 5], [37, 13], [24, 41], [43, 47], [26, 9], [33, 46], [35, 34], [18, 20], [43, 15], [38, 25], [0, 38], [3, 19], [22, 19], [34, 10], [32, 7], [48, 1], [12, 33], [35, 19], [13, 38], [15, 31], [9, 30], [36, 34], [41, 46], [1, 8], [18, 49], [3, 45], [19, 47], [37, 41], [35, 21], [33, 12], [24, 45], [22, 33], [28, 26], [19, 23], [18, 14], [13, 13], [43, 17], [46, 48], [19, 3], [21, 15], [29, 28], [9, 4], [32, 16], [28, 49], [46, 1], [46, 8], [4, 19], [25, 30], [31, 45], [28, 21], [33, 22], [45, 34], [1, 42], [43, 14], [7, 21], [23, 40], [18, 18], [35, 7], [25, 17], [8, 31], [45, 2], [40, 48], [12, 38], [35, 11], [18, 10], [12, 30], [42, 36], [12, 25], [31, 37], [12, 35], [34, 25], [47, 24], [36, 48], [40, 49], [9, 9], [21, 48], [2, 48], [18, 47], [31, 44], [38, 22], [23, 31], [32, 18], [28, 41], [21, 38], [25, 25], [44, 6], [17, 14], [36, 26], [18, 19], [38, 47], [14, 21], [23, 17], [11, 9], [43, 34], [49, 18], [2, 42], [48, 42], [6, 21], [15, 10], [28, 15], [20, 20], [44, 8], [32, 10], [31, 22], [1, 3], [29, 16], [36, 42], [43, 0], [48, 0], [42, 16], [3, 31], [40, 12], [16, 36], [7, 18], [17, 34], [11, 27], [18, 35], [36, 35], [25, 33], [37, 49], [37, 45], [1, 9], [22, 45], [44, 44], [27, 16], [2, 47], [25, 6], [35, 16], [38, 26], [5, 42], [42, 9], [23, 44], [33, 44], [34, 16], [7, 14], [30, 48], [28, 18], [27, 42], [21, 39], [26, 29], [18, 26], [43, 12], [24, 16], [11, 30], [20, 26], [20, 10], [14, 7], [42, 11], [47, 2], [47, 49], [32, 27], [8, 30], [41, 19], [20, 0], [26, 18], [21, 19], [32, 24], [10, 37], [35, 36], [15, 30], [30, 32], [11, 34], [39, 29], [40, 24], [24, 38], [42, 17], [41, 25], [0, 40], [32, 26], [8, 0], [29, 19], [34, 45], [49, 1], [43, 46], [4, 14], [13, 46], [6, 43], [46, 3], [11, 15], [4, 13], [20, 19], [24, 44], [34, 9], [34, 43], [28, 9], [40, 47], [43, 24], [22, 1], [28, 36], [29, 20], [18, 38], [22, 32], [26, 25], [46, 0], [34, 49], [23, 20], [11, 40], [33, 17], [29, 48], [37, 25], [14, 18], [36, 47], [11, 21], [16, 10], [11, 7], [44, 26], [45, 9], [7, 37], [8, 39], [15, 23], [16, 37], [40, 26], [49, 47], [36, 23], [10, 15], [43, 8], [18, 1], [19, 18], [27, 39], [39, 49], [2, 7], [16, 46], [2, 43], [21, 18], [40, 10], [26, 13], [23, 35], [12, 28], [29, 22], [2, 1], [29, 18], [23, 47], [28, 37], [34, 48], [18, 25], [48, 2], [47, 7], [31, 27], [42, 49], [34, 24], [37, 35], [0, 32], [11, 35], [41, 18], [38, 19], [18, 43], [24, 36], [25, 26], [21, 8], [3, 17], [10, 19], [11, 38], [35, 39], [11, 31], [34, 37], [16, 34], [34, 26], [45, 21], [31, 32], [46, 2], [14, 26], [23, 13], [10, 13], [44, 16], [19, 22], [37, 10], [34, 11], [25, 40], [35, 14], [32, 48], [44, 48], [3, 8], [22, 48], [45, 49], [25, 22], [1, 48], [18, 36], [27, 12], [28, 16], [33, 25], [35, 25], [2, 38], [42, 3], [18, 44], [33, 43], [5, 34], [41, 10], [36, 20], [10, 17], [30, 26], [31, 29], [7, 5], [30, 22], [26, 41], [47, 3], [42, 43], [37, 21], [17, 39], [16, 39], [30, 28], [13, 31], [10, 22], [18, 34], [36, 33], [47, 1], [15, 17], [42, 7], [31, 11], [19, 21], [26, 6], [10, 31], [43, 22], [41, 15], [42, 46], [1, 13], [6, 17], [21, 24], [34, 46], [21, 49], [12, 24], [19, 10], [9, 10], [45, 32], [5, 48], [49, 14], [0, 33], [43, 9], [24, 47], [43, 43], [37, 40], [33, 31], [0, 17], [12, 39], [40, 11], [19, 43], [32, 38], [25, 4], [23, 24], [35, 49], [28, 23], [35, 13], [15, 20], [37, 9], [33, 13], [42, 2], [7, 35], [42, 35], [9, 29], [34, 38], [12, 37], [35, 35], [39, 26], [32, 17], [27, 49], [17, 40], [28, 25], [42, 21], [46, 26], [6, 34], [44, 47], [33, 27], [5, 3], [32, 21], [29, 41], [43, 1], [31, 34], [40, 46], [5, 5], [14, 48], [6, 48], [18, 6], [45, 1], [41, 21], [3, 21], [22, 16], [14, 11], [11, 13], [49, 13], [8, 38], [38, 18], [26, 20], [15, 40], [2, 12], [23, 25], [18, 46], [36, 14], [35, 45], [26, 10], [47, 47], [48, 11], [25, 44], [38, 24], [41, 33], [7, 31], [17, 30], [9, 22], [14, 35], [34, 34], [31, 19], [27, 8], [28, 20], [27, 37], [6, 27], [36, 18], [19, 42], [23, 33], [23, 27], [10, 20], [47, 4], [39, 48], [35, 43], [0, 12], [19, 40], [42, 47], [27, 21], [5, 47], [9, 31], [38, 11], [34, 22], [31, 28], [6, 5], [33, 15], [34, 44], [43, 3], [21, 25], [43, 10], [24, 14], [16, 9], [34, 20], [15, 18], [35, 48], [10, 21], [23, 16], [8, 15], [41, 30], [43, 19], [1, 39], [42, 0], [17, 41], [23, 37], [25, 49], [35, 38], [13, 29], [37, 39], [9, 27], [29, 30], [14, 33], [37, 29], [43, 20], [43, 45], [41, 20], [10, 11], [16, 25], [1, 20], [46, 4], [25, 42], [20, 7], [21, 20], [37, 16], [26, 46], [18, 33], [20, 31], [41, 44], [1, 12], [18, 45], [3, 43], [4, 38], [38, 12], [19, 17], [38, 6], [31, 16], [40, 23], [37, 36], [1, 38], [27, 38], [46, 46], [42, 25], [41, 9], [8, 27], [10, 38], [29, 29], [37, 47], [2, 0], [33, 19], [13, 23], [6, 26], [25, 43], [24, 42], [49, 22], [16, 28], [35, 42], [27, 2], [28, 40], [22, 9], [25, 24], [44, 1], [11, 11], [33, 28], [1, 19], [46, 19], [47, 8], [39, 14], [42, 42], [33, 34], [33, 21], [46, 34], [7, 38], [23, 26], [44, 11], [29, 9], [6, 37], [39, 17], [45, 47], [7, 12], [17, 45], [0, 46], [31, 21], [14, 36], [21, 35], [22, 30], [24, 3], [19, 20], [31, 40], [46, 6], [7, 16], [27, 25], [32, 23], [0, 15], [41, 48], [14, 39], [40, 38], [11, 26], [32, 33], [15, 34], [40, 28], [45, 22], [24, 46], [37, 43], [24, 34], [26, 43], [47, 0], [37, 22], [16, 17], [38, 48], [14, 22], [22, 17], [17, 12], [41, 35], [47, 19], [7, 32], [27, 9], [20, 18], [38, 13], [28, 17], [32, 29], [2, 5], [34, 18], [35, 40], [45, 0], [40, 19], [3, 36], [42, 13], [38, 46], [37, 46], [5, 14], [18, 41], [47, 43], [27, 14], [4, 48], [49, 7], [3, 13], [36, 17], [15, 41], [25, 38], [24, 24], [9, 32], [33, 29], [22, 11], [23, 15], [36, 21], [12, 36], [14, 25], [17, 35], [40, 30], [33, 20], [36, 25], [1, 32], [29, 43], [49, 6], [0, 14], [22, 26], [18, 48], [36, 6], [32, 37], [34, 12], [45, 46], [22, 42], [27, 24], [2, 33], [33, 10], [19, 26], [19, 19], [13, 10], [42, 12], [38, 23], [6, 13], [49, 3], [21, 3], [41, 47], [7, 10], [15, 44], [3, 47], [34, 28], [27, 22], [3, 3], [32, 22], [30, 40], [48, 3], [44, 43], [42, 26], [36, 28], [0, 41], [28, 13], [14, 46], [26, 32], [21, 26], [13, 35], [34, 42], [7, 30], [33, 32], [19, 36], [35, 28], [46, 25], [46, 10], [22, 18], [36, 8], [27, 11], [32, 20], [39, 47], [26, 17], [22, 6], [27, 23], [26, 45], [29, 42], [4, 39], [36, 16], [4, 11], [23, 34], [33, 49], [43, 42], [24, 37], [44, 7], [5, 29], [40, 22], [43, 23], [41, 43], [2, 8], [1, 18], [17, 23], [34, 47], [17, 46], [13, 19], [14, 10], [12, 14], [43, 26], [3, 44], [42, 18], [5, 32], [26, 3], [20, 15], [16, 23], [43, 6], [27, 13], [49, 0], [16, 29], [11, 32], [13, 34], [39, 30], [37, 17], [22, 39], [19, 35], [26, 26], [49, 46], [32, 25], [9, 3], [32, 14], [31, 48], [44, 4], [25, 36], [34, 13], [1, 15], [7, 36], [40, 9], [19, 44], [28, 42], [43, 7], [36, 22], [38, 30], [7, 43], [22, 5], [19, 14], [25, 45], [32, 47], [35, 47], [0, 9], [19, 48], [48, 47], [27, 26], [3, 48], [37, 18], [30, 45], [24, 19], [41, 8], [33, 14], [17, 26], [21, 9], [13, 15], [43, 18], [49, 8], [32, 32], [14, 29], [36, 41], [12, 31], [34, 30], [16, 32], [39, 28], [46, 23], [3, 14], [4, 20], [25, 8], [32, 19], [20, 49], [19, 37], [24, 26], [9, 38], [39, 12], [39, 27], [42, 33], [1, 31], [48, 49], [42, 24], [46, 9], [4, 27], [34, 29], [2, 6], [34, 19], [28, 44], [30, 43], [34, 41], [23, 14], [48, 4], [23, 30], [23, 19], [38, 8], [26, 14], [36, 43], [2, 4], [14, 42], [1, 43], [18, 39], [15, 8], [25, 21], [48, 10], [39, 13], [2, 14], [46, 47], [13, 33], [11, 25], [19, 31], [42, 30], [40, 21], [15, 21], [38, 49], [10, 18], [21, 14], [9, 14], [42, 27], [47, 12], [4, 42], [33, 45], [12, 32], [35, 10], [31, 49], [19, 15], [45, 6], [29, 21], [24, 40], [21, 36], [20, 24], [26, 35], [26, 1], [35, 20], [2, 15], [23, 18], [24, 49], [37, 12], [31, 42], [24, 17], [47, 46], [3, 15], [49, 2], [36, 45], [8, 13], [13, 39], [2, 44], [29, 23], [6, 1], [29, 17], [27, 46], [44, 3], [34, 23], [40, 29], [1, 34], [21, 43], [12, 34], [40, 35], [5, 26], [35, 32], [15, 27], [34, 27], [44, 24], [30, 18], [22, 15], [26, 5], [27, 19], [6, 38], [38, 15], [24, 30], [44, 42], [42, 10], [12, 29], [17, 21], [23, 10], [11, 6], [44, 18], [15, 16], [38, 9], [33, 16], [34, 14], [27, 44], [22, 38], [28, 22], [34, 40], [39, 20], [7, 19], [28, 48], [27, 45], [43, 4], [34, 17], [38, 31], [2, 41], [20, 3], [31, 46], [42, 45], [9, 7], [13, 44], [45, 48], [18, 21], [1, 47], [31, 33], [14, 32], [12, 23], [14, 31], [39, 35], [6, 14], [22, 46], [9, 36], [40, 14], [39, 24], [41, 11], [31, 25], [9, 5], [36, 19], [30, 44], [44, 0], [20, 16], [36, 7], [25, 14], [26, 8], [26, 19], [11, 22], [44, 49], [40, 25], [17, 19], [35, 46], [12, 21], [22, 14], [17, 16], [38, 29], [49, 16], [4, 31], [26, 15], [42, 1], [36, 11], [26, 36], [22, 36], [24, 25], [29, 33], [42, 15], [28, 46], [29, 40], [37, 44], [8, 5], [16, 45], [5, 43], [33, 42], [16, 30], [39, 40], [5, 30], [30, 38], [17, 29], [42, 34], [41, 26], [27, 10], [3, 38], [36, 9], [44, 45], [43, 5], [11, 29], [24, 18], [35, 6], [28, 10], [20, 42], [39, 21], [10, 14], [42, 23], [36, 36], [5, 38], [32, 45], [27, 17], [32, 28], [5, 15], [46, 5], [30, 27], [7, 0], [33, 18], [36, 46], [49, 4], [25, 2], [25, 23], [42, 48], [18, 22], [17, 13], [13, 11], [45, 16], [32, 15], [17, 43], [20, 36], [26, 24], [40, 15], [20, 43], [37, 42], [42, 44], [9, 12], [14, 44], [1, 46], [17, 33], [10, 30], [15, 28], [38, 28], [10, 32], [41, 13], [42, 6], [15, 22], [39, 8], [25, 7], [10, 12], [40, 17], [44, 25], [6, 35], [17, 20], [27, 34], [30, 46], [22, 10], [46, 43], [26, 47], [42, 20], [48, 6], [27, 7], [8, 12], [20, 8], [1, 44], [6, 12], [8, 28], [42, 4], [31, 47], [37, 6], [12, 43], [23, 43], [34, 15], [37, 24], [23, 5], [6, 29], [49, 17], [31, 1], [26, 12], [3, 37], [6, 4], [47, 26], [9, 18], [23, 41], [2, 36], [40, 31], [34, 8], [0, 11], [28, 5], [23, 1], [45, 17], [21, 0], [25, 1], [44, 22], [49, 34], [5, 17], [13, 40], [11, 44], [37, 20], [22, 3], [28, 8], [3, 39], [0, 29], [7, 29], [47, 6], [16, 31], [37, 37], [10, 16], [20, 5], [35, 31], [15, 1], [20, 25], [33, 39], [18, 40], [13, 36], [34, 21], [1, 25], [30, 47], [38, 21], [44, 23], [10, 46], [1, 37], [8, 49], [1, 6], [47, 23], [14, 17], [15, 43], [10, 29], [42, 14], [48, 48], [22, 41], [11, 14], [46, 33], [47, 32], [4, 43], [13, 17], [44, 34], [38, 7], [45, 19], [0, 13], [2, 35], [15, 46], [42, 32], [30, 34], [33, 37], [37, 4]], "targets": [[11, 18], [4, 48], [49, 0], [7, 17], [39, 30], [24, 20], [9, 27], [18, 15], [6, 30], [1, 10], [19, 20], [43, 44], [34, 43], [17, 11], [35, 14], [38, 11], [46, 20], [4, 39], [3, 37], [32, 27], [47, 33], [36, 3], [38, 22], [39, 10], [0, 12], [45, 16], [30, 34], [15, 14], [22, 11], [12, 7], [1, 46], [13, 35], [40, 39], [5, 4], [29, 21], [41, 16], [4, 4], [34, 18], [9, 13], [25, 41], [24, 47], [33, 47], [16, 43], [2, 42], [8, 27], [15, 40], [22, 46], [5, 34], [33, 0], [1, 24], [30, 43], [23, 25], [45, 10], [25, 22], [5, 43], [11, 8], [47, 14], [30, 21], [2, 19], [9, 29], [0, 26], [6, 35], [1, 27], [35, 24], [17, 10], [37, 44], [43, 0], [32, 43], [10, 43], [3, 29], [14, 19], [32, 44], [18, 22], [2, 26], [41, 15], [17, 34], [38, 23], [25, 7], [26, 31], [37, 15], [46, 8], [7, 39], [21, 47], [10, 13], [0, 0], [26, 46], [24, 1], [32, 21], [2, 41], [47, 44], [12, 24], [20, 16], [41, 43], [5, 10], [12, 16], [32, 34], [5, 15], [46, 21], [33, 32], [34, 13], [4, 22], [7, 27], [7, 26], [30, 18], [6, 37], [42, 0], [7, 37], [37, 28], [8, 5], [16, 19], [33, 43], [31, 20], [47, 8], [28, 38], [9, 47], [3, 41], [37, 14], [0, 38], [27, 26], [19, 17], [36, 44], [22, 41], [16, 9], [9, 18], [6, 27], [44, 18], [16, 36], [43, 28], [28, 3], [21, 19], [44, 24], [39, 15], [46, 1], [11, 39], [24, 45], [23, 34], [35, 21], [6, 22], [10, 8], [34, 2], [37, 16], [0, 2], [28, 48], [6, 28], [33, 5], [0, 23], [30, 22], [1, 32], [3, 46], [41, 39], [1, 31], [40, 19], [10, 4], [14, 24], [19, 18], [47, 48], [4, 8], [11, 11], [27, 43], [21, 31], [44, 3], [30, 42], [48, 6], [3, 12], [2, 44], [4, 29], [13, 11], [34, 49], [45, 12], [37, 26], [12, 19], [6, 26], [43, 13], [27, 20], [41, 18], [18, 39], [3, 45], [8, 26], [12, 32], [0, 27], [34, 38], [42, 24], [26, 9], [30, 19], [6, 43], [8, 11], [44, 15], [44, 6], [12, 38], [16, 46], [6, 31], [42, 23], [10, 5], [13, 17], [10, 3], [5, 0], [28, 46], [25, 2], [35, 44], [23, 29], [43, 20], [44, 4], [26, 39], [8, 48], [37, 45], [42, 19], [23, 28], [2, 46], [37, 20], [0, 36], [34, 30], [12, 12], [29, 48], [19, 43], [45, 6], [0, 16], [15, 33], [5, 17], [10, 20], [17, 17], [44, 49], [14, 8], [12, 9], [18, 23], [2, 30], [45, 19], [22, 36], [34, 33], [0, 43], [3, 13], [11, 36], [45, 26], [38, 27], [24, 5], [18, 6], [30, 26], [24, 31], [4, 47], [48, 16], [41, 17], [46, 9], [13, 30], [17, 42], [23, 42], [35, 28], [36, 23], [48, 1], [29, 37], [4, 0], [7, 20], [13, 10], [31, 0], [40, 12], [0, 4], [26, 49], [16, 33], [32, 5], [3, 28], [6, 42], [4, 31], [15, 18], [26, 47], [22, 27], [25, 32], [2, 35], [27, 35], [3, 40], [41, 38], [43, 6], [8, 22], [3, 31], [39, 11], [14, 38], [1, 33], [36, 29], [14, 11], [47, 19], [11, 15], [13, 19], [16, 17], [43, 45], [42, 31], [23, 13], [14, 7], [42, 13], [9, 14], [36, 30], [29, 28], [26, 21], [1, 21], [17, 27], [8, 17], [45, 5], [34, 37], [42, 17], [42, 10], [13, 38], [20, 46], [7, 43], [6, 15], [8, 32], [9, 43], [40, 17], [4, 30], [31, 24], [20, 19], [34, 44], [15, 42], [45, 23], [32, 39], [10, 11], [4, 1], [27, 47], [25, 1], [7, 28], [41, 19], [14, 10], [7, 11], [23, 32], [34, 32], [15, 22], [3, 23], [45, 9], [33, 23], [35, 12], [16, 39], [46, 4], [1, 41], [47, 45], [0, 18], [7, 29], [7, 21], [24, 40], [43, 29], [31, 12], [49, 4], [33, 46], [22, 28], [12, 40], [43, 21], [14, 17], [17, 23], [44, 47], [8, 2], [12, 15], [25, 24], [45, 11], [43, 9], [10, 31], [21, 48], [8, 46], [4, 38], [18, 18], [28, 45], [34, 41], [4, 32], [33, 28], [17, 7], [38, 15], [2, 38], [12, 23], [22, 29], [3, 17], [16, 14], [2, 33], [6, 16], [17, 12], [36, 0], [43, 11], [36, 16], [5, 1], [21, 45], [16, 34], [13, 37], [28, 1], [2, 27], [27, 39], [46, 10], [30, 24], [13, 8], [47, 15], [11, 32], [43, 5], [32, 40], [42, 30], [31, 11], [2, 45], [39, 38], [36, 34], [34, 11], [20, 18], [8, 31], [37, 19], [11, 10], [36, 33], [12, 44], [37, 22], [3, 36], [28, 24], [14, 12], [28, 49], [17, 41], [46, 13], [47, 9], [14, 36], [18, 46], [1, 22], [5, 29], [9, 21], [33, 18], [13, 20], [19, 19], [43, 48], [8, 6], [9, 12], [48, 24], [17, 18], [5, 26], [46, 19], [17, 33], [6, 49], [33, 42], [25, 18], [12, 43], [14, 13], [3, 4], [27, 44], [27, 2], [46, 7], [30, 37], [35, 16], [41, 9], [6, 14], [5, 35], [45, 25], [34, 28], [22, 6], [9, 5], [22, 26], [37, 31], [10, 0], [3, 19], [14, 35], [2, 17], [6, 47], [5, 33], [15, 9], [33, 44], [32, 18], [5, 38], [38, 40], [48, 14], [15, 19], [46, 15], [45, 8], [7, 38], [17, 48], [7, 35], [35, 42], [40, 34], [13, 22], [0, 28], [37, 11], [33, 30], [37, 13], [21, 35], [44, 8], [29, 40], [19, 24], [15, 24], [18, 17], [41, 46], [16, 0], [10, 10], [11, 37], [38, 24], [18, 7], [2, 49], [4, 16], [13, 9], [32, 3], [37, 12], [3, 2], [25, 47], [14, 29], [31, 1], [8, 19], [35, 43], [42, 8], [49, 12], [42, 32], [25, 3], [6, 41], [38, 19], [2, 29], [33, 24], [10, 16], [29, 42], [18, 44], [22, 30], [21, 26], [12, 42], [39, 16], [2, 15], [24, 30], [9, 7], [3, 43], [41, 40], [39, 12], [39, 6], [12, 34], [25, 42], [10, 22], [5, 31], [36, 11], [14, 33], [49, 6], [35, 41], [7, 30], [39, 20], [11, 7], [4, 23], [6, 32], [4, 21], [46, 16], [32, 24], [27, 25], [27, 34], [15, 15], [11, 41], [11, 21], [38, 31], [22, 18], [45, 45], [18, 3], [1, 37], [43, 33], [41, 7], [1, 15], [13, 15], [22, 5], [9, 49], [8, 7], [3, 0], [33, 19], [12, 13], [22, 47], [34, 45], [4, 42], [33, 1], [35, 30], [26, 29], [33, 27], [43, 19], [1, 23], [16, 32], [5, 27], [2, 32], [40, 20], [10, 7], [43, 1], [31, 40], [16, 21], [1, 30], [44, 17], [19, 36], [40, 15], [47, 10], [16, 31], [21, 40], [1, 39], [46, 39], [6, 11], [27, 37], [3, 16], [41, 12], [21, 25], [10, 37], [22, 24], [5, 48], [41, 14], [3, 30], [33, 29], [15, 16], [30, 49], [18, 47], [38, 25], [31, 7], [47, 24], [44, 9], [30, 32], [3, 26], [11, 6], [32, 1], [36, 15], [1, 1], [24, 46], [13, 28], [24, 2], [4, 20], [6, 48], [1, 34], [41, 22], [18, 10], [11, 20], [22, 19], [44, 45], [5, 5], [7, 10], [28, 18], [47, 6], [30, 41], [39, 31], [11, 23], [0, 30], [37, 10], [29, 20], [38, 20], [18, 40], [37, 40], [2, 43], [44, 10], [49, 8], [15, 32], [26, 42], [13, 18], [45, 17], [7, 46], [42, 36], [22, 20], [12, 41], [1, 35], [13, 16], [34, 46], [4, 27], [9, 26], [1, 18], [8, 3], [33, 31], [8, 14], [10, 32], [40, 28], [42, 26], [23, 6], [16, 7], [29, 18], [45, 4], [34, 22], [49, 3], [26, 40], [9, 4], [3, 3], [30, 45], [25, 5], [30, 31], [12, 37], [29, 31], [4, 49], [9, 22], [4, 24], [40, 9], [19, 33], [43, 17], [8, 20], [16, 23], [43, 46], [15, 1], [8, 13], [29, 24], [6, 19], [11, 26], [9, 19], [41, 11], [42, 9], [12, 31], [16, 49], [10, 44], [38, 16], [2, 37], [29, 25], [10, 14], [27, 45], [22, 44], [25, 35], [11, 29], [34, 27], [9, 6], [20, 20], [35, 32], [40, 16], [0, 47], [46, 41], [37, 30], [27, 11], [47, 5], [31, 37], [6, 36], [43, 14], [11, 0], [25, 29], [41, 6], [34, 39], [14, 15], [28, 21], [0, 21], [17, 14], [4, 25], [2, 11], [16, 10], [34, 0], [45, 13], [35, 10], [4, 3], [20, 49], [5, 30], [17, 32], [25, 4], [0, 19], [0, 44], [38, 17], [3, 33], [37, 29], [14, 9], [23, 38], [7, 44], [4, 35], [20, 9], [27, 42], [39, 17], [48, 9], [9, 39], [21, 49], [27, 21], [15, 21], [19, 21], [43, 47], [11, 9], [9, 9], [49, 23], [33, 25], [6, 39], [44, 7], [34, 40], [40, 32], [27, 10], [23, 44], [0, 24], [15, 30], [2, 23], [9, 48], [39, 35], [48, 0], [36, 26], [15, 20], [3, 25], [40, 14], [25, 21], [36, 13], [20, 33], [21, 18], [6, 10], [8, 30], [32, 22], [8, 4], [12, 11], [2, 4], [23, 47], [32, 2], [23, 30], [41, 21], [4, 43], [36, 20], [0, 39], [30, 28], [15, 17], [36, 46], [14, 43], [1, 43], [5, 11], [3, 42], [39, 18], [41, 5], [7, 32], [17, 45], [49, 5], [28, 44], [0, 17], [14, 31], [3, 22], [24, 26], [25, 26], [25, 30], [11, 16], [15, 23], [18, 19], [39, 49], [41, 23], [27, 7], [10, 9], [32, 13], [9, 17], [48, 19], [4, 36], [38, 21], [15, 7], [16, 20], [5, 28], [44, 11], [12, 36], [40, 6], [1, 47], [40, 37], [27, 36], [26, 25], [3, 35], [28, 19], [2, 47], [1, 29], [11, 13], [33, 48], [7, 16], [19, 3], [32, 0], [39, 14], [1, 0], [27, 48], [7, 34], [28, 0], [6, 17], [15, 0], [42, 6], [28, 40], [40, 27], [32, 19], [25, 40], [46, 11], [45, 7], [14, 32], [23, 48], [44, 20], [8, 42], [32, 32], [8, 15], [2, 34], [44, 33], [41, 24], [27, 13], [10, 2], [33, 21], [11, 42], [29, 43], [17, 21], [4, 26], [43, 18], [12, 30], [7, 19], [23, 16], [47, 49], [6, 3], [9, 15], [7, 15], [10, 28], [7, 18], [49, 10], [5, 49], [35, 19], [5, 37], [30, 25], [10, 15], [29, 49], [19, 45], [23, 19], [32, 23], [3, 44], [40, 38], [43, 4], [33, 41], [46, 12], [30, 27], [25, 34], [18, 16], [9, 8], [0, 1], [20, 44], [30, 1], [1, 36], [35, 29], [10, 12], [40, 18], [45, 0], [12, 39], [26, 41], [4, 7], [24, 28], [8, 40], [42, 28], [28, 7], [26, 35], [3, 24], [10, 29], [0, 22], [1, 42], [40, 31], [14, 21], [5, 32], [40, 13], [31, 21], [39, 21], [16, 35], [45, 18], [4, 41], [4, 37], [20, 15], [36, 48], [4, 11], [48, 10], [48, 4], [27, 38], [33, 22], [24, 38], [11, 17], [21, 15], [40, 46], [12, 1], [10, 17], [9, 36], [42, 25], [11, 12], [9, 38], [37, 42], [2, 36], [31, 26], [6, 21], [18, 5], [35, 0], [38, 14], [3, 1], [22, 49], [11, 24], [23, 4], [9, 28], [30, 17], [34, 42], [38, 13], [46, 5], [6, 34], [21, 43], [48, 20], [32, 28], [41, 32], [26, 8], [14, 14], [4, 33], [36, 18], [21, 39], [5, 3], [7, 45], [36, 19], [3, 38], [29, 29], [14, 18], [31, 42], [18, 48], [3, 49], [45, 1], [36, 37], [30, 23], [28, 37], [10, 18], [3, 34], [41, 25], [15, 8], [39, 5], [21, 29], [9, 41], [1, 26], [11, 31], [2, 18], [40, 30], [39, 22], [45, 15], [1, 11], [23, 31], [12, 18], [22, 16], [41, 44], [13, 7], [9, 10], [8, 45], [38, 35], [24, 29], [17, 13], [0, 5], [29, 44], [27, 3], [37, 17], [47, 3], [11, 35], [17, 49], [19, 31], [41, 26], [28, 10], [12, 22], [1, 25], [40, 10], [18, 37], [11, 47], [1, 38], [16, 16], [31, 46], [47, 4], [30, 38], [25, 37], [2, 28], [42, 22], [9, 11], [7, 36], [4, 19], [13, 23], [5, 16], [31, 17], [43, 15], [6, 6], [9, 40], [25, 20], [44, 0], [31, 22], [23, 36], [38, 47], [6, 38], [3, 48], [22, 12], [19, 39], [6, 29], [23, 41], [48, 41], [47, 43], [38, 36], [31, 33], [42, 43], [49, 27], [25, 0], [38, 46], [13, 32], [26, 18], [29, 0], [44, 26], [40, 40], [19, 0], [18, 20], [47, 18], [20, 41], [12, 35], [48, 45], [42, 39], [3, 21], [28, 25], [26, 30], [28, 35], [21, 0], [9, 32], [27, 23], [49, 2], [49, 31], [37, 23], [49, 42], [42, 33], [12, 27], [10, 26], [49, 48], [35, 31], [36, 31], [31, 45], [23, 18], [17, 22], [35, 37], [20, 1], [22, 38], [24, 49], [4, 14], [23, 7], [41, 45], [35, 49], [39, 24], [33, 15], [46, 17], [25, 44], [16, 42], [9, 16], [41, 48], [33, 9], [46, 34], [23, 1], [35, 5], [33, 16], [13, 27], [49, 18], [35, 40], [25, 23], [5, 9], [47, 17], [47, 12], [36, 24], [44, 14], [19, 32], [48, 39], [17, 40], [0, 48], [19, 5], [42, 47], [11, 27], [13, 29], [49, 47]]}