{"meta": {"number_of_robots": 969, "description": {"parameters": {"seed": 7460, "shape": [50, 50], "obstacles": {"n": 10, "mean": 3, "std": 1.5}, "clusters": {"n": 5, "mean": 20, "std": 10.0, "relative_radius": 2, "increase_factor": 1.3, "start_dist": {"generator_name": "Image", "shape": [50, 50], "min": 14.0, "max": 161.0, "mean": 95.024, "std": 24.766546468977058, "dtype": "uint64", "parameters": {"image": "algae.png", "transformer": {"name": "ColorChannelSelector", "channel": "v", "inverted": true}}}, "target_dist": {"generator_name": "Image", "shape": [50, 50], "min": 14.0, "max": 161.0, "mean": 95.024, "std": 24.766546468977058, "dtype": "uint64", "parameters": {"image": "algae.png", "transformer": {"name": "ColorChannelSelector", "channel": "v", "inverted": true}}}}, "density": 0.4, "start_dist": {"generator_name": "Image", "shape": [50, 50], "min": 14.0, "max": 161.0, "mean": 95.024, "std": 24.766546468977058, "dtype": "uint64", "parameters": {"image": "algae.png", "transformer": {"name": "ColorChannelSelector", "channel": "v", "inverted": true}}}, "target_dist": {"generator_name": "Image", "shape": [50, 50], "min": 14.0, "max": 161.0, "mean": 95.024, "std": 24.766546468977058, "dtype": "uint64", "parameters": {"image": "algae.png", "transformer": {"name": "ColorChannelSelector", "channel": "v", "inverted": true}}}}, "stats": {"date": "2020-11-17", "free_area": 2421.0, "number_of_clustered_robots": 78, "number_of_robots": 969}}}, "name": "algae_00003_50x50_40_969", "obstacles": [[1, 16], [1, 17], [1, 18], [1, 19], [1, 20], [2, 16], [2, 20], [3, 16], [3, 20], [4, 14], [4, 15], [4, 20], [5, 14], [5, 16], [5, 17], [5, 18], [5, 19], [5, 20], [6, 14], [6, 15], [11, 6], [12, 6], [13, 6], [20, 48], [21, 48], [22, 22], [22, 23], [22, 24], [22, 25], [22, 26], [22, 27], [22, 48], [23, 22], [23, 23], [23, 24], [23, 25], [23, 26], [23, 27], [23, 48], [29, 32], [29, 33], [31, 25], [31, 26], [32, 25], [32, 26], [32, 41], [32, 42], [32, 43], [32, 44], [32, 45], [42, 20], [42, 21], [43, 20], [43, 21], [44, 20], [44, 21], [45, 20], [45, 21], [47, 7], [47, 8], [47, 9], [47, 10], [47, 11], [48, 7], [48, 8], [48, 9], [48, 10], [48, 11]], "starts": [[22, 17], [5, 10], [26, 2], [8, 22], [7, 42], [2, 13], [34, 2], [6, 42], [6, 10], [31, 7], [20, 10], [4, 46], [4, 10], [34, 10], [1, 42], [2, 14], [34, 7], [22, 12], [10, 10], [7, 45], [32, 5], [4, 8], [7, 43], [8, 15], [25, 4], [14, 14], [2, 49], [10, 8], [31, 8], [3, 49], [11, 15], [28, 8], [18, 14], [8, 8], [4, 40], [29, 2], [9, 16], [7, 44], [32, 1], [9, 8], [19, 14], [9, 22], [1, 40], [11, 11], [31, 0], [2, 42], [8, 12], [31, 3], [15, 15], [7, 8], [0, 40], [28, 9], [8, 16], [1, 41], [26, 5], [6, 13], [14, 10], [0, 49], [25, 8], [8, 14], [6, 43], [2, 9], [33, 9], [14, 13], [12, 18], [1, 46], [34, 9], [2, 8], [0, 48], [26, 7], [6, 9], [17, 12], [4, 44], [28, 10], [12, 9], [5, 43], [30, 1], [12, 8], [48, 23], [5, 35], [13, 13], [6, 46], [19, 43], [15, 17], [39, 30], [9, 4], [28, 17], [48, 24], [4, 21], [49, 24], [47, 0], [47, 24], [7, 48], [24, 2], [45, 22], [11, 44], [30, 38], [43, 30], [27, 6], [1, 32], [9, 35], [19, 1], [42, 49], [46, 13], [27, 39], [10, 37], [15, 36], [36, 3], [15, 0], [0, 38], [40, 8], [42, 45], [41, 7], [22, 37], [3, 32], [31, 33], [25, 39], [33, 47], [42, 23], [0, 13], [6, 2], [49, 7], [39, 43], [28, 1], [4, 7], [26, 10], [21, 9], [39, 28], [47, 22], [19, 40], [13, 2], [2, 23], [1, 5], [6, 49], [25, 37], [14, 8], [48, 39], [13, 4], [13, 35], [29, 20], [40, 31], [32, 36], [18, 3], [34, 12], [36, 45], [16, 16], [6, 30], [12, 26], [29, 3], [14, 30], [27, 16], [39, 12], [25, 23], [33, 5], [27, 35], [24, 23], [29, 26], [49, 28], [16, 11], [24, 1], [30, 30], [8, 44], [36, 28], [33, 19], [25, 0], [35, 12], [47, 37], [38, 3], [30, 47], [1, 36], [5, 4], [39, 11], [10, 0], [48, 46], [35, 38], [15, 34], [36, 10], [2, 22], [41, 48], [3, 15], [39, 35], [46, 10], [30, 33], [28, 44], [39, 8], [30, 15], [43, 19], [39, 4], [26, 41], [23, 14], [5, 29], [33, 17], [16, 41], [14, 32], [38, 17], [32, 23], [20, 28], [46, 38], [35, 33], [17, 11], [39, 1], [44, 35], [47, 26], [37, 23], [39, 47], [19, 22], [9, 49], [15, 22], [4, 45], [39, 22], [43, 36], [0, 11], [3, 35], [2, 36], [46, 24], [19, 6], [18, 18], [13, 5], [11, 37], [39, 46], [27, 9], [20, 33], [33, 37], [30, 29], [19, 4], [9, 19], [26, 14], [1, 34], [17, 5], [20, 49], [45, 47], [0, 25], [12, 47], [19, 48], [14, 46], [38, 5], [45, 26], [45, 16], [19, 7], [24, 49], [4, 5], [34, 6], [31, 6], [37, 33], [21, 28], [31, 42], [18, 32], [20, 5], [35, 43], [37, 2], [17, 49], [18, 46], [15, 14], [16, 36], [5, 11], [35, 18], [12, 36], [18, 15], [35, 40], [27, 21], [11, 26], [13, 24], [0, 46], [17, 10], [31, 49], [36, 38], [22, 13], [38, 13], [36, 9], [1, 37], [13, 25], [7, 20], [34, 8], [45, 19], [35, 27], [49, 38], [42, 29], [11, 43], [26, 18], [11, 39], [43, 29], [30, 44], [17, 38], [15, 8], [34, 49], [45, 18], [14, 45], [24, 6], [20, 31], [15, 31], [10, 18], [11, 1], [20, 7], [40, 45], [20, 41], [46, 4], [42, 5], [18, 10], [27, 44], [27, 17], [27, 42], [48, 4], [23, 18], [38, 41], [38, 39], [35, 10], [14, 19], [2, 25], [41, 24], [43, 6], [31, 1], [26, 16], [25, 43], [31, 34], [6, 1], [12, 11], [47, 36], [40, 9], [31, 28], [37, 13], [24, 14], [1, 31], [0, 34], [0, 39], [42, 46], [33, 33], [44, 26], [3, 21], [46, 12], [30, 6], [29, 42], [30, 40], [42, 0], [45, 43], [45, 27], [9, 43], [8, 34], [25, 15], [8, 39], [10, 4], [16, 7], [26, 36], [6, 47], [23, 10], [4, 27], [1, 29], [5, 7], [19, 37], [7, 4], [1, 6], [27, 22], [42, 22], [24, 27], [28, 19], [45, 46], [38, 30], [34, 37], [15, 48], [26, 17], [12, 46], [22, 8], [22, 2], [28, 3], [8, 21], [29, 11], [40, 36], [27, 10], [27, 25], [16, 39], [3, 38], [42, 36], [41, 1], [46, 17], [42, 6], [1, 27], [44, 15], [9, 0], [33, 2], [12, 24], [24, 38], [17, 40], [26, 4], [22, 28], [44, 3], [46, 18], [38, 35], [3, 31], [26, 40], [3, 24], [7, 7], [39, 23], [28, 6], [18, 20], [31, 23], [36, 46], [42, 15], [40, 1], [33, 21], [25, 10], [28, 28], [4, 26], [35, 19], [16, 34], [33, 22], [31, 37], [18, 5], [1, 10], [44, 47], [41, 34], [6, 19], [39, 2], [26, 20], [49, 40], [32, 22], [33, 35], [0, 9], [31, 27], [17, 41], [18, 9], [6, 35], [44, 10], [10, 43], [46, 33], [39, 18], [26, 33], [45, 10], [20, 42], [9, 44], [11, 28], [6, 22], [28, 13], [2, 21], [38, 24], [43, 15], [33, 43], [23, 20], [25, 22], [23, 44], [44, 48], [40, 7], [48, 22], [3, 36], [24, 18], [25, 2], [40, 47], [46, 16], [15, 13], [9, 26], [28, 4], [46, 11], [11, 3], [18, 38], [17, 42], [45, 36], [44, 25], [6, 44], [9, 17], [12, 3], [27, 46], [5, 37], [3, 30], [28, 21], [49, 29], [4, 33], [36, 18], [11, 10], [8, 32], [13, 40], [31, 14], [29, 27], [23, 39], [1, 1], [26, 23], [42, 39], [38, 25], [27, 33], [11, 4], [34, 30], [4, 6], [27, 15], [37, 22], [43, 33], [41, 16], [31, 44], [35, 39], [30, 45], [42, 10], [42, 34], [14, 23], [49, 32], [37, 37], [14, 39], [24, 44], [16, 4], [24, 45], [25, 21], [47, 47], [47, 12], [34, 18], [44, 24], [12, 43], [12, 41], [23, 35], [20, 8], [25, 47], [13, 14], [14, 38], [26, 43], [9, 1], [49, 42], [20, 2], [49, 25], [37, 26], [40, 32], [23, 32], [47, 23], [21, 34], [6, 26], [15, 1], [49, 45], [12, 38], [28, 48], [0, 32], [19, 47], [35, 42], [10, 38], [27, 3], [0, 7], [8, 9], [20, 9], [33, 46], [1, 35], [4, 13], [21, 11], [28, 45], [30, 36], [7, 3], [11, 23], [6, 5], [44, 19], [20, 32], [36, 23], [49, 12], [45, 34], [3, 23], [36, 39], [33, 0], [44, 46], [24, 4], [14, 12], [39, 34], [48, 15], [42, 44], [38, 32], [11, 13], [45, 17], [13, 45], [31, 2], [19, 29], [33, 48], [16, 5], [16, 42], [28, 43], [11, 38], [45, 30], [46, 2], [48, 25], [36, 16], [29, 39], [34, 35], [17, 19], [2, 12], [24, 43], [8, 33], [17, 9], [44, 30], [45, 24], [0, 28], [47, 43], [11, 36], [3, 8], [36, 33], [11, 19], [44, 23], [14, 34], [29, 40], [38, 6], [42, 7], [12, 30], [2, 41], [48, 47], [30, 48], [1, 15], [49, 43], [39, 26], [49, 35], [4, 4], [28, 41], [16, 46], [11, 40], [23, 17], [34, 36], [10, 5], [9, 2], [18, 28], [40, 42], [42, 40], [16, 22], [29, 23], [7, 0], [25, 42], [4, 3], [46, 44], [11, 45], [28, 33], [7, 32], [40, 21], [49, 9], [8, 5], [19, 16], [45, 0], [16, 18], [19, 11], [5, 6], [43, 17], [38, 27], [6, 18], [25, 48], [14, 0], [25, 6], [32, 12], [21, 43], [45, 32], [7, 12], [2, 6], [47, 21], [18, 11], [12, 32], [47, 34], [26, 49], [41, 35], [35, 5], [27, 24], [1, 39], [41, 29], [6, 0], [1, 7], [13, 44], [33, 15], [8, 40], [6, 3], [46, 20], [35, 23], [8, 36], [2, 34], [35, 3], [14, 42], [20, 36], [48, 30], [29, 19], [19, 26], [37, 49], [43, 46], [21, 26], [4, 29], [44, 33], [23, 2], [40, 28], [36, 42], [5, 9], [24, 5], [33, 1], [30, 12], [5, 45], [8, 37], [38, 16], [26, 24], [17, 36], [1, 14], [8, 48], [30, 19], [26, 34], [11, 46], [2, 30], [43, 4], [11, 8], [36, 30], [43, 49], [19, 24], [13, 36], [0, 18], [26, 45], [16, 47], [27, 45], [0, 41], [33, 10], [26, 32], [17, 14], [2, 33], [2, 5], [43, 3], [47, 6], [20, 45], [34, 21], [13, 21], [4, 41], [34, 38], [2, 32], [31, 22], [48, 36], [36, 48], [49, 0], [9, 36], [2, 7], [31, 45], [36, 37], [9, 20], [15, 24], [9, 38], [17, 8], [2, 24], [39, 20], [22, 18], [11, 16], [25, 3], [38, 40], [17, 4], [28, 27], [26, 6], [11, 32], [25, 26], [25, 16], [32, 0], [26, 9], [49, 41], [9, 34], [16, 37], [29, 41], [45, 14], [38, 18], [22, 44], [0, 0], [12, 23], [40, 10], [47, 28], [1, 24], [38, 42], [16, 9], [18, 7], [11, 21], [15, 37], [43, 38], [45, 6], [29, 37], [5, 47], [31, 9], [44, 49], [35, 1], [40, 26], [16, 20], [40, 15], [5, 24], [15, 44], [48, 29], [4, 49], [40, 24], [34, 39], [49, 47], [4, 35], [38, 34], [9, 42], [31, 31], [7, 21], [35, 29], [42, 47], [10, 40], [37, 35], [30, 23], [8, 13], [21, 15], [28, 25], [30, 42], [11, 17], [15, 25], [26, 28], [24, 42], [14, 1], [10, 26], [22, 46], [41, 26], [48, 42], [32, 49], [15, 16], [37, 47], [38, 21], [37, 21], [32, 15], [0, 27], [10, 45], [21, 46], [25, 19], [0, 16], [20, 44], [22, 43], [43, 32], [36, 49], [37, 6], [31, 29], [33, 20], [7, 38], [44, 14], [15, 3], [20, 38], [13, 37], [14, 48], [32, 35], [32, 20], [6, 29], [14, 6], [9, 41], [35, 45], [26, 42], [33, 28], [11, 30], [6, 24], [0, 22], [0, 45], [38, 26], [3, 29], [18, 34], [11, 48], [9, 14], [1, 21], [47, 16], [21, 40], [25, 11], [40, 3], [16, 45], [10, 19], [12, 37], [29, 47], [34, 24], [14, 28], [0, 33], [12, 17], [7, 11], [3, 45], [17, 37], [37, 38], [10, 24], [7, 6], [34, 15], [0, 8], [35, 22], [29, 1], [5, 0], [39, 15], [45, 29], [38, 23], [20, 21], [6, 25], [25, 31], [44, 36], [1, 33], [40, 0], [35, 46], [44, 45], [4, 34], [7, 36], [41, 38], [25, 46], [32, 38], [24, 31], [1, 12], [23, 1], [6, 37], [14, 20], [42, 17], [18, 22], [33, 29], [27, 48], [0, 23], [44, 29], [13, 20], [27, 30], [9, 6], [10, 42], [24, 25], [32, 31], [30, 34], [12, 39], [1, 9], [7, 39], [47, 27], [40, 6], [29, 7], [6, 4], [31, 36], [41, 43], [24, 17], [5, 5], [32, 16], [44, 44], [32, 39], [11, 9], [23, 46], [0, 12], [29, 22], [33, 4], [41, 45], [26, 37], [18, 33], [7, 29], [8, 19], [36, 25], [24, 37], [31, 18], [10, 32], [34, 17], [31, 48], [30, 26], [33, 16], [16, 6], [10, 29], [8, 3], [2, 28], [22, 1], [9, 3], [48, 3], [5, 33], [25, 27], [2, 15], [29, 49], [36, 4], [21, 32], [29, 18], [13, 48], [22, 45], [20, 16], [28, 30], [47, 13], [43, 5], [16, 33], [49, 6], [10, 41], [14, 41], [48, 49], [15, 46], [39, 3], [48, 38], [20, 15], [16, 32], [46, 47], [10, 35], [18, 35], [39, 49], [29, 44], [3, 33], [20, 13], [22, 7], [12, 29], [34, 41], [22, 39], [40, 40], [7, 22], [3, 37], [41, 36], [34, 33], [44, 41]], "targets": [[45, 28], [40, 42], [13, 41], [33, 44], [39, 22], [41, 46], [17, 42], [34, 18], [41, 47], [11, 47], [46, 24], [41, 19], [36, 45], [20, 39], [34, 20], [43, 44], [13, 39], [48, 30], [34, 41], [37, 19], [16, 46], [41, 49], [42, 24], [40, 48], [17, 44], [45, 22], [41, 24], [38, 47], [14, 42], [41, 20], [42, 42], [16, 42], [45, 30], [44, 48], [43, 27], [12, 48], [43, 42], [38, 21], [17, 39], [35, 43], [49, 23], [33, 47], [40, 25], [37, 41], [17, 38], [36, 21], [44, 49], [15, 46], [47, 28], [34, 42], [40, 24], [17, 45], [42, 46], [35, 20], [15, 44], [42, 49], [47, 25], [33, 23], [15, 39], [36, 48], [38, 24], [34, 46], [19, 47], [47, 26], [44, 46], [38, 23], [15, 42], [38, 44], [34, 26], [18, 48], [44, 42], [47, 29], [37, 20], [12, 42], [35, 45], [35, 18], [12, 41], [34, 45], [23, 11], [1, 1], [43, 31], [44, 3], [24, 27], [21, 35], [28, 43], [34, 32], [28, 0], [19, 2], [41, 28], [27, 36], [1, 28], [36, 13], [22, 2], [49, 24], [7, 10], [23, 15], [47, 21], [44, 44], [12, 46], [6, 37], [48, 41], [18, 13], [44, 0], [4, 33], [25, 42], [45, 27], [36, 23], [44, 6], [45, 14], [33, 24], [39, 25], [48, 12], [35, 40], [25, 6], [15, 16], [1, 44], [12, 7], [5, 45], [24, 48], [15, 18], [32, 34], [45, 48], [41, 33], [21, 26], [48, 6], [36, 28], [41, 8], [26, 26], [0, 1], [13, 22], [4, 4], [5, 12], [37, 30], [3, 40], [23, 44], [38, 13], [25, 43], [35, 33], [14, 38], [13, 37], [32, 47], [10, 17], [49, 26], [36, 42], [0, 32], [44, 47], [17, 34], [12, 5], [16, 12], [25, 41], [19, 10], [23, 3], [37, 9], [30, 6], [49, 1], [26, 43], [33, 48], [38, 43], [2, 25], [39, 38], [26, 18], [33, 5], [38, 5], [43, 48], [34, 22], [3, 41], [20, 36], [4, 46], [5, 5], [22, 15], [30, 9], [41, 5], [8, 49], [0, 25], [46, 3], [24, 17], [33, 12], [28, 1], [46, 16], [48, 22], [48, 21], [47, 41], [23, 10], [34, 14], [49, 43], [25, 22], [16, 8], [22, 40], [37, 28], [7, 32], [26, 9], [45, 15], [3, 23], [47, 48], [4, 32], [27, 48], [39, 14], [4, 36], [18, 22], [2, 38], [0, 33], [8, 9], [24, 4], [38, 7], [12, 32], [42, 36], [32, 31], [12, 45], [38, 20], [18, 29], [49, 46], [21, 42], [24, 2], [27, 39], [28, 14], [46, 41], [9, 1], [12, 2], [2, 6], [42, 16], [8, 10], [41, 44], [15, 6], [25, 0], [48, 39], [2, 23], [18, 18], [24, 43], [8, 5], [40, 4], [24, 15], [41, 32], [13, 45], [49, 45], [45, 33], [49, 48], [18, 32], [37, 18], [28, 34], [43, 1], [28, 2], [44, 12], [19, 49], [18, 43], [22, 5], [40, 23], [13, 7], [41, 40], [47, 20], [38, 18], [6, 5], [4, 22], [49, 15], [7, 1], [41, 34], [16, 13], [29, 41], [21, 5], [1, 21], [26, 22], [11, 49], [44, 27], [1, 6], [30, 11], [30, 32], [41, 2], [18, 20], [20, 37], [3, 34], [43, 33], [27, 24], [31, 44], [19, 3], [13, 8], [34, 4], [46, 47], [48, 0], [1, 9], [25, 25], [8, 1], [49, 12], [3, 46], [25, 26], [0, 21], [40, 20], [34, 5], [1, 37], [45, 7], [41, 26], [1, 4], [8, 35], [31, 15], [29, 37], [47, 12], [43, 38], [37, 10], [5, 39], [39, 12], [44, 10], [9, 9], [21, 34], [33, 35], [38, 2], [21, 2], [1, 31], [37, 31], [46, 35], [32, 36], [22, 37], [13, 49], [28, 41], [17, 31], [22, 6], [22, 33], [10, 38], [40, 26], [17, 41], [12, 43], [7, 24], [20, 13], [35, 32], [42, 7], [49, 42], [11, 34], [44, 33], [49, 5], [3, 43], [22, 38], [28, 44], [0, 18], [32, 49], [32, 20], [11, 10], [12, 36], [2, 4], [46, 39], [16, 47], [37, 45], [36, 33], [20, 4], [5, 49], [40, 31], [12, 30], [31, 49], [20, 38], [48, 44], [8, 22], [0, 34], [12, 39], [31, 45], [48, 3], [28, 3], [6, 48], [0, 22], [34, 40], [33, 41], [20, 7], [2, 47], [41, 35], [16, 18], [7, 48], [10, 32], [30, 41], [13, 40], [43, 39], [28, 45], [46, 5], [12, 13], [6, 21], [9, 14], [27, 25], [43, 34], [7, 2], [14, 47], [19, 36], [39, 3], [19, 4], [49, 17], [14, 1], [20, 34], [24, 45], [11, 8], [29, 36], [14, 9], [19, 26], [32, 12], [41, 7], [46, 23], [36, 26], [16, 22], [48, 42], [17, 14], [3, 25], [10, 15], [4, 37], [6, 16], [40, 8], [2, 32], [42, 22], [41, 23], [7, 21], [15, 8], [17, 0], [17, 29], [24, 29], [21, 29], [49, 37], [37, 14], [31, 23], [37, 5], [33, 26], [23, 0], [39, 9], [10, 48], [7, 38], [34, 28], [10, 30], [39, 17], [47, 13], [32, 29], [33, 43], [0, 38], [38, 0], [21, 0], [12, 24], [19, 29], [17, 32], [18, 27], [1, 24], [30, 1], [17, 20], [30, 30], [26, 3], [24, 8], [23, 42], [31, 37], [23, 18], [24, 18], [48, 23], [30, 27], [28, 36], [43, 32], [14, 12], [0, 0], [42, 48], [18, 10], [3, 26], [16, 4], [13, 11], [32, 4], [35, 31], [17, 19], [39, 41], [6, 30], [28, 12], [34, 36], [42, 47], [25, 19], [8, 28], [5, 23], [46, 42], [26, 10], [34, 8], [28, 17], [31, 18], [14, 7], [22, 34], [15, 48], [32, 30], [6, 25], [11, 21], [13, 5], [39, 2], [17, 3], [27, 1], [30, 8], [4, 1], [33, 49], [1, 25], [21, 43], [34, 13], [32, 35], [14, 13], [5, 8], [38, 6], [45, 31], [9, 26], [30, 33], [20, 25], [2, 28], [18, 19], [32, 37], [18, 46], [33, 22], [7, 14], [34, 43], [23, 46], [21, 32], [46, 49], [10, 3], [15, 45], [48, 35], [39, 44], [13, 12], [9, 40], [4, 11], [3, 31], [3, 14], [11, 0], [12, 35], [48, 43], [31, 48], [25, 9], [39, 43], [4, 10], [22, 42], [14, 22], [0, 8], [39, 0], [10, 7], [18, 7], [18, 44], [6, 7], [23, 20], [6, 40], [13, 42], [21, 17], [9, 25], [21, 45], [11, 14], [6, 36], [13, 35], [21, 39], [42, 3], [19, 45], [37, 26], [30, 19], [39, 10], [2, 37], [5, 43], [25, 27], [26, 28], [42, 40], [18, 24], [4, 6], [35, 19], [45, 17], [10, 46], [26, 40], [28, 37], [21, 40], [41, 14], [46, 17], [46, 12], [48, 17], [32, 11], [13, 46], [18, 25], [32, 5], [24, 5], [6, 2], [27, 20], [18, 36], [48, 40], [7, 16], [9, 46], [23, 36], [2, 9], [27, 9], [1, 11], [8, 6], [35, 26], [24, 21], [46, 11], [42, 15], [30, 3], [4, 49], [25, 30], [38, 33], [21, 46], [28, 4], [38, 35], [37, 11], [20, 21], [37, 13], [27, 16], [7, 6], [19, 48], [37, 42], [2, 13], [22, 39], [25, 44], [32, 10], [33, 45], [38, 14], [1, 46], [7, 18], [47, 0], [22, 47], [45, 4], [1, 8], [47, 31], [21, 8], [45, 16], [27, 10], [45, 35], [0, 36], [42, 17], [31, 24], [26, 21], [43, 11], [24, 42], [5, 26], [24, 22], [1, 42], [23, 8], [26, 16], [25, 1], [16, 7], [6, 18], [17, 24], [24, 39], [38, 3], [6, 28], [17, 36], [7, 34], [17, 46], [46, 43], [45, 9], [48, 13], [30, 4], [28, 26], [1, 49], [40, 29], [31, 0], [46, 45], [40, 33], [10, 49], [34, 47], [41, 13], [8, 33], [4, 45], [2, 15], [10, 43], [38, 8], [21, 11], [9, 24], [32, 19], [43, 7], [6, 23], [35, 49], [20, 33], [0, 39], [31, 43], [18, 3], [44, 19], [31, 36], [10, 40], [37, 49], [21, 6], [36, 2], [39, 48], [23, 47], [29, 4], [45, 24], [39, 40], [28, 10], [19, 1], [47, 2], [32, 22], [18, 1], [29, 10], [23, 2], [3, 22], [31, 46], [25, 37], [3, 28], [37, 37], [41, 37], [3, 10], [40, 9], [0, 7], [25, 15], [48, 47], [0, 31], [22, 0], [26, 44], [43, 13], [28, 25], [43, 19], [17, 8], [2, 24], [38, 39], [35, 10], [0, 3], [15, 49], [2, 12], [11, 11], [49, 4], [36, 31], [39, 16], [33, 7], [8, 38], [36, 35], [2, 43], [15, 43], [1, 22], [2, 33], [20, 24], [34, 48], [13, 19], [16, 34], [29, 0], [22, 35], [11, 48], [42, 29], [5, 4], [13, 25], [20, 47], [39, 27], [46, 34], [20, 41], [34, 1], [24, 34], [16, 0], [27, 23], [10, 42], [2, 8], [6, 47], [39, 23], [40, 15], [10, 28], [7, 5], [35, 27], [30, 46], [47, 16], [3, 29], [19, 33], [19, 38], [38, 17], [9, 6], [4, 40], [7, 3], [32, 2], [24, 26], [27, 30], [13, 14], [10, 33], [5, 31], [4, 26], [37, 21], [20, 35], [27, 44], [3, 44], [36, 9], [15, 11], [31, 22], [41, 25], [0, 9], [14, 29], [32, 24], [41, 10], [7, 12], [9, 38], [42, 5], [30, 47], [36, 20], [2, 40], [44, 30], [8, 47], [29, 34], [21, 7], [4, 5], [47, 40], [30, 15], [11, 7], [12, 18], [30, 43], [18, 0], [19, 41], [16, 23], [27, 26], [7, 17], [16, 14], [20, 26], [39, 13], [24, 38], [37, 12], [43, 22], [16, 49], [42, 6], [16, 36], [0, 11], [16, 37], [17, 26], [1, 15], [23, 37], [10, 0], [29, 19], [9, 47], [20, 49], [39, 36], [26, 39], [17, 7], [14, 33], [4, 23], [11, 38], [37, 34], [5, 7], [6, 24], [44, 25], [34, 15], [16, 17], [37, 35], [20, 14], [43, 47], [46, 14], [31, 3], [2, 0], [9, 33], [35, 17], [30, 44], [0, 17], [7, 40], [32, 7], [11, 39], [37, 22], [12, 38], [6, 10], [45, 10], [3, 42], [16, 24], [26, 2], [2, 36], [19, 19], [23, 29], [38, 4], [11, 9], [15, 0], [48, 28], [27, 13], [18, 12], [48, 45], [24, 19], [11, 4], [44, 32], [3, 0], [42, 35], [12, 34], [16, 32], [31, 38], [9, 17], [27, 7], [0, 47], [23, 1], [33, 1], [16, 15], [40, 27], [33, 0], [29, 38], [0, 4], [48, 48], [2, 29], [32, 32], [23, 41], [49, 33], [47, 27], [37, 39], [11, 15], [44, 18], [25, 49], [36, 44], [37, 3], [34, 6], [44, 14], [32, 21], [41, 0], [3, 5], [45, 46], [36, 12], [21, 30], [16, 35], [40, 30], [14, 4], [5, 37], [36, 6], [19, 39], [35, 42], [21, 15], [39, 1], [11, 29], [27, 38], [33, 21], [44, 43], [25, 38], [3, 11], [43, 46], [34, 27], [47, 39], [48, 37], [12, 3], [9, 28], [3, 36], [19, 8], [42, 44], [20, 28], [17, 43], [4, 39], [21, 44], [47, 1], [8, 29], [38, 48], [32, 0], [38, 27], [17, 22], [29, 44], [0, 12], [49, 36], [15, 15], [4, 41], [11, 32], [28, 18], [41, 21], [12, 31], [23, 9], [36, 19], [18, 38], [20, 0], [27, 15], [0, 5], [0, 15], [13, 2], [23, 45], [22, 7], [0, 45], [18, 8], [46, 22], [8, 18], [14, 44], [12, 4], [28, 27], [27, 27], [37, 25], [13, 9], [30, 22], [22, 43], [4, 24], [8, 4], [27, 33], [13, 15], [4, 3], [35, 16], [33, 37], [36, 49], [8, 32], [36, 40], [1, 35], [29, 21], [7, 29], [30, 34], [5, 6], [7, 23], [16, 5], [3, 15], [7, 15], [11, 31], [34, 24], [24, 11], [26, 38]]}