{"meta": {"number_of_robots": 63, "description": {"parameters": {"seed": 3838, "shape": [25, 25], "obstacles": {"n": 10, "mean": 10, "std": 5.0}, "clusters": {"n": 0, "mean": 10, "std": 5.0, "relative_radius": 2, "increase_factor": 1.3, "start_dist": {"generator_name": "Image", "shape": [25, 25], "min": 0.0, "max": 5752.0, "mean": 1835.432, "std": 1097.3633092900454, "dtype": "uint64", "parameters": {"image": "buffalo_map.png", "transformer": {"name": "CityTransformer"}}}, "target_dist": {"generator_name": "Image", "shape": [25, 25], "min": 0.0, "max": 5752.0, "mean": 1835.432, "std": 1097.3633092900454, "dtype": "uint64", "parameters": {"image": "buffalo_map.png", "transformer": {"name": "CityTransformer"}}}}, "density": 0.2, "start_dist": {"generator_name": "Image", "shape": [25, 25], "min": 0.0, "max": 5752.0, "mean": 1835.432, "std": 1097.3633092900454, "dtype": "uint64", "parameters": {"image": "buffalo_map.png", "transformer": {"name": "CityTransformer"}}}, "target_dist": {"generator_name": "Image", "shape": [25, 25], "min": 0.0, "max": 5752.0, "mean": 1835.432, "std": 1097.3633092900454, "dtype": "uint64", "parameters": {"image": "buffalo_map.png", "transformer": {"name": "CityTransformer"}}}}, "stats": {"date": "2020-11-17", "free_area": 314.0, "number_of_clustered_robots": 0, "number_of_robots": 63}}}, "name": "buffalo_000_25x25_20_63", "obstacles": [[1, 12], [1, 13], [1, 14], [1, 15], [1, 16], [1, 17], [1, 18], [1, 19], [2, 12], [2, 13], [2, 14], [2, 15], [2, 16], [2, 17], [2, 20], [2, 21], [2, 22], [2, 23], [3, 18], [3, 23], [4, 14], [4, 15], [4, 16], [4, 17], [4, 24], [5, 14], [5, 24], [6, 14], [6, 24], [7, 14], [7, 24], [8, 14], [8, 24], [9, 14], [9, 24], [10, 7], [10, 8], [10, 9], [10, 14], [10, 24], [11, 7], [11, 9], [11, 14], [11, 24], [12, 7], [12, 9], [12, 13], [12, 24], [13, 2], [13, 3], [13, 4], [13, 5], [13, 6], [13, 10], [13, 11], [13, 12], [13, 24], [14, 2], [14, 24], [15, 2], [15, 23], [15, 24], [16, 2], [16, 22], [17, 2], [17, 17], [17, 18], [17, 19], [17, 20], [17, 21], [17, 22], [18, 2], [18, 3], [18, 4], [18, 5], [18, 16], [19, 6], [19, 16], [20, 6], [20, 16], [21, 6], [21, 17], [21, 18], [21, 19], [21, 20], [21, 21], [21, 22], [22, 6], [22, 7], [22, 8], [22, 9], [22, 10], [22, 11], [22, 12], [22, 13], [22, 14], [22, 15], [22, 16]], "starts": [[24, 24], [23, 7], [0, 15], [11, 1], [13, 1], [19, 1], [1, 23], [24, 12], [24, 8], [18, 21], [23, 13], [18, 23], [9, 10], [15, 1], [11, 6], [7, 9], [11, 3], [24, 3], [19, 21], [5, 8], [0, 10], [12, 0], [1, 21], [20, 5], [3, 8], [5, 7], [23, 1], [24, 1], [11, 0], [6, 13], [11, 5], [20, 2], [19, 19], [6, 9], [8, 11], [3, 1], [21, 1], [11, 13], [12, 1], [10, 13], [4, 9], [0, 0], [16, 24], [3, 14], [10, 0], [0, 18], [20, 3], [14, 1], [23, 17], [24, 2], [4, 13], [19, 22], [23, 18], [24, 13], [17, 23], [23, 20], [12, 10], [10, 11], [22, 5], [0, 17], [22, 17], [23, 24], [10, 12]], "targets": [[23, 11], [24, 16], [3, 11], [0, 18], [20, 17], [2, 8], [3, 14], [1, 21], [11, 13], [0, 19], [24, 2], [20, 1], [19, 22], [9, 0], [18, 21], [19, 3], [23, 3], [10, 4], [2, 7], [3, 12], [10, 12], [24, 24], [23, 13], [23, 22], [11, 12], [0, 10], [22, 2], [0, 11], [19, 4], [23, 15], [24, 8], [11, 0], [19, 0], [17, 24], [21, 5], [23, 24], [18, 18], [19, 17], [23, 8], [8, 10], [9, 13], [3, 10], [8, 13], [24, 0], [19, 5], [13, 1], [1, 3], [20, 0], [21, 23], [24, 7], [22, 1], [10, 13], [22, 21], [2, 24], [16, 24], [3, 8], [24, 19], [0, 22], [7, 13], [18, 17], [18, 22], [16, 1], [19, 2]]}