{"meta": {"number_of_robots": 174, "description": {"parameters": {"seed": 7430, "shape": [25, 25], "obstacles": {"n": 10, "mean": 5, "std": 2.5}, "clusters": {"n": 20, "mean": 10, "std": 5.0, "relative_radius": 2, "increase_factor": 1.3, "start_dist": {"generator_name": "Image", "shape": [25, 25], "min": 0.0, "max": 5752.0, "mean": 1835.432, "std": 1097.3633092900454, "dtype": "uint64", "parameters": {"image": "buffalo_map.png", "transformer": {"name": "CityTransformer"}}}, "target_dist": {"generator_name": "Image", "shape": [25, 25], "min": 0.0, "max": 5752.0, "mean": 1835.432, "std": 1097.3633092900454, "dtype": "uint64", "parameters": {"image": "buffalo_map.png", "transformer": {"name": "CityTransformer"}}}}, "density": 0.4, "start_dist": {"generator_name": "Image", "shape": [25, 25], "min": 0.0, "max": 5752.0, "mean": 1835.432, "std": 1097.3633092900454, "dtype": "uint64", "parameters": {"image": "buffalo_map.png", "transformer": {"name": "CityTransformer"}}}, "target_dist": {"generator_name": "Image", "shape": [25, 25], "min": 0.0, "max": 5752.0, "mean": 1835.432, "std": 1097.3633092900454, "dtype": "uint64", "parameters": {"image": "buffalo_map.png", "transformer": {"name": "CityTransformer"}}}}, "stats": {"date": "2020-11-17", "free_area": 434.0, "number_of_clustered_robots": 174, "number_of_robots": 174}}}, "name": "buffalo_001_25x25_40_174", "obstacles": [[2, 21], [2, 22], [2, 23], [2, 24], [3, 5], [3, 6], [3, 7], [3, 8], [3, 9], [3, 21], [3, 24], [4, 5], [4, 9], [4, 21], [4, 24], [5, 5], [5, 10], [5, 11], [5, 19], [5, 20], [5, 24], [6, 5], [6, 11], [6, 19], [6, 23], [6, 24], [7, 5], [7, 11], [7, 19], [7, 22], [8, 5], [8, 11], [8, 19], [8, 22], [9, 5], [9, 11], [9, 19], [9, 22], [10, 5], [10, 6], [10, 7], [10, 11], [10, 19], [10, 22], [11, 8], [11, 10], [11, 11], [11, 19], [11, 20], [11, 21], [11, 22], [12, 5], [12, 6], [12, 7], [12, 9], [13, 6], [13, 8], [14, 6], [14, 8], [15, 6], [15, 8], [15, 16], [16, 6], [16, 8], [16, 13], [16, 14], [16, 15], [16, 17], [16, 18], [16, 19], [17, 6], [17, 8], [17, 13], [17, 19], [18, 6], [18, 8], [18, 11], [18, 12], [18, 19], [19, 6], [19, 8], [19, 11], [19, 19], [20, 6], [20, 7], [20, 8], [20, 11], [20, 19], [21, 11], [21, 19], [22, 11], [22, 12], [22, 13], [22, 16], [22, 17], [22, 18], [22, 19], [23, 14], [23, 15]], "starts": [[6, 15], [2, 10], [15, 4], [12, 10], [11, 18], [12, 14], [18, 20], [12, 22], [13, 12], [15, 3], [8, 14], [13, 4], [0, 24], [16, 12], [22, 10], [19, 0], [12, 12], [17, 24], [7, 16], [19, 3], [17, 9], [11, 16], [7, 14], [10, 14], [14, 5], [11, 5], [2, 17], [10, 18], [17, 11], [0, 21], [7, 15], [16, 11], [18, 23], [10, 16], [14, 19], [13, 5], [13, 2], [9, 14], [11, 7], [14, 15], [14, 0], [14, 9], [10, 15], [3, 19], [17, 21], [14, 12], [3, 18], [3, 15], [10, 12], [12, 15], [13, 21], [8, 15], [17, 22], [18, 21], [15, 1], [17, 12], [18, 10], [16, 20], [12, 2], [13, 3], [1, 22], [3, 10], [14, 4], [15, 22], [8, 18], [14, 10], [1, 23], [10, 13], [14, 11], [19, 22], [10, 17], [16, 2], [15, 13], [14, 22], [12, 4], [11, 17], [12, 18], [1, 18], [16, 22], [11, 15], [14, 17], [16, 10], [11, 3], [2, 20], [24, 9], [15, 2], [3, 17], [13, 10], [16, 5], [12, 13], [12, 16], [12, 17], [15, 10], [9, 15], [9, 18], [15, 24], [4, 19], [14, 16], [18, 9], [2, 19], [6, 12], [13, 20], [15, 5], [13, 13], [15, 12], [14, 20], [15, 23], [11, 2], [18, 1], [13, 19], [20, 22], [16, 4], [6, 18], [1, 13], [14, 1], [15, 19], [11, 14], [16, 9], [11, 6], [0, 23], [17, 5], [14, 24], [9, 12], [13, 11], [13, 14], [9, 17], [19, 21], [10, 4], [19, 4], [14, 21], [15, 11], [18, 4], [15, 9], [15, 18], [5, 16], [12, 21], [19, 10], [0, 18], [6, 17], [15, 20], [7, 18], [21, 20], [11, 4], [8, 16], [14, 14], [14, 3], [13, 9], [18, 5], [1, 20], [9, 16], [7, 17], [20, 21], [12, 11], [14, 2], [3, 20], [23, 10], [19, 2], [11, 13], [14, 18], [12, 19], [8, 13], [22, 22], [11, 1], [17, 10], [15, 15], [15, 21], [14, 13], [4, 17], [4, 11], [11, 0], [15, 17], [13, 16], [20, 10], [4, 18]], "targets": [[24, 3], [14, 19], [14, 2], [18, 23], [23, 20], [15, 5], [3, 13], [4, 17], [15, 9], [2, 7], [23, 11], [12, 12], [24, 15], [18, 3], [11, 3], [1, 21], [23, 7], [1, 20], [10, 17], [14, 4], [15, 24], [17, 10], [2, 20], [13, 5], [2, 9], [22, 3], [24, 5], [23, 23], [14, 12], [24, 12], [11, 17], [13, 16], [7, 17], [13, 10], [5, 13], [15, 11], [1, 23], [0, 19], [19, 24], [12, 2], [1, 9], [22, 10], [13, 4], [22, 5], [20, 20], [13, 11], [23, 13], [10, 18], [19, 21], [1, 22], [11, 6], [24, 8], [1, 17], [16, 4], [0, 9], [23, 4], [22, 23], [5, 14], [12, 10], [0, 21], [18, 2], [13, 15], [16, 3], [20, 24], [3, 17], [13, 14], [24, 9], [4, 15], [13, 17], [19, 4], [13, 3], [0, 8], [18, 4], [1, 18], [13, 22], [0, 22], [19, 9], [19, 3], [18, 21], [13, 9], [3, 11], [15, 15], [14, 10], [22, 8], [12, 3], [4, 20], [9, 13], [19, 20], [1, 8], [19, 5], [13, 12], [1, 24], [16, 20], [11, 4], [23, 9], [4, 19], [22, 2], [17, 24], [21, 9], [24, 11], [4, 14], [16, 11], [2, 8], [24, 2], [15, 20], [2, 18], [7, 16], [12, 11], [0, 23], [11, 5], [14, 9], [18, 22], [17, 3], [12, 15], [14, 3], [19, 22], [3, 19], [21, 10], [1, 10], [21, 8], [22, 9], [6, 17], [8, 14], [23, 17], [13, 13], [15, 3], [2, 12], [17, 11], [0, 24], [2, 17], [14, 22], [1, 6], [24, 7], [21, 5], [20, 2], [24, 17], [14, 15], [22, 7], [10, 12], [11, 2], [23, 10], [0, 20], [16, 24], [1, 19], [23, 5], [4, 10], [17, 4], [17, 22], [20, 0], [21, 24], [8, 1], [8, 15], [17, 12], [17, 9], [23, 8], [15, 4], [3, 20], [6, 12], [14, 14], [0, 16], [15, 19], [8, 17], [0, 10], [24, 4], [14, 5], [15, 14], [23, 24], [19, 2], [15, 17], [17, 2], [21, 20], [1, 16], [14, 13], [21, 7]]}