{"meta": {"number_of_robots": 1404, "description": {"parameters": {"seed": 3385, "shape": [60, 60], "obstacles": {"n": 10, "mean": 3, "std": 1.5}, "clusters": {"n": 0, "mean": 10, "std": 5.0, "relative_radius": 2, "increase_factor": 1.3, "start_dist": {"generator_name": "Image", "shape": [60, 60], "min": 0.0, "max": 6060.0, "mean": 2230.678611111111, "std": 1027.974392130392, "dtype": "uint64", "parameters": {"image": "buffalo_map.png", "transformer": {"name": "CityTransformer"}}}, "target_dist": {"generator_name": "Image", "shape": [60, 60], "min": 0.0, "max": 6060.0, "mean": 2230.678611111111, "std": 1027.974392130392, "dtype": "uint64", "parameters": {"image": "buffalo_map.png", "transformer": {"name": "CityTransformer"}}}}, "density": 0.4, "start_dist": {"generator_name": "Image", "shape": [60, 60], "min": 0.0, "max": 6060.0, "mean": 2230.678611111111, "std": 1027.974392130392, "dtype": "uint64", "parameters": {"image": "buffalo_map.png", "transformer": {"name": "CityTransformer"}}}, "target_dist": {"generator_name": "Image", "shape": [60, 60], "min": 0.0, "max": 6060.0, "mean": 2230.678611111111, "std": 1027.974392130392, "dtype": "uint64", "parameters": {"image": "buffalo_map.png", "transformer": {"name": "CityTransformer"}}}}, "stats": {"date": "2020-11-17", "free_area": 3510.0, "number_of_clustered_robots": 0, "number_of_robots": 1404}}}, "name": "buffalo_004_60x60_40_1404", "obstacles": [[3, 6], [3, 7], [4, 6], [4, 7], [5, 6], [5, 7], [8, 42], [8, 43], [8, 44], [9, 42], [9, 44], [10, 42], [10, 44], [11, 42], [11, 44], [12, 22], [12, 23], [12, 24], [12, 25], [12, 42], [12, 43], [12, 44], [13, 22], [13, 25], [14, 22], [14, 25], [15, 22], [15, 23], [15, 24], [15, 25], [17, 23], [17, 24], [17, 25], [18, 23], [18, 25], [19, 23], [19, 24], [19, 25], [21, 25], [21, 40], [21, 41], [21, 42], [22, 25], [22, 40], [22, 42], [23, 25], [23, 40], [23, 42], [24, 25], [24, 34], [24, 35], [24, 40], [24, 41], [24, 42], [25, 34], [25, 35], [26, 34], [26, 35], [28, 14], [28, 15], [28, 16], [29, 14], [29, 16], [30, 14], [30, 16], [31, 14], [31, 15], [31, 16], [42, 28], [42, 29], [42, 30], [43, 28], [43, 30], [44, 28], [44, 29], [44, 30], [58, 50]], "starts": [[37, 2], [32, 32], [11, 15], [45, 59], [32, 23], [52, 12], [13, 5], [55, 24], [43, 55], [50, 3], [29, 22], [51, 45], [9, 52], [27, 20], [35, 13], [2, 55], [36, 5], [35, 27], [26, 19], [24, 38], [33, 22], [30, 17], [9, 53], [26, 17], [55, 38], [7, 56], [16, 49], [46, 47], [34, 28], [27, 32], [15, 31], [58, 17], [21, 27], [49, 53], [5, 55], [40, 2], [41, 32], [58, 36], [33, 25], [10, 26], [58, 23], [54, 18], [6, 45], [41, 13], [38, 35], [34, 7], [36, 40], [18, 31], [59, 23], [41, 29], [19, 44], [52, 47], [35, 6], [16, 30], [26, 40], [54, 56], [35, 31], [59, 13], [47, 17], [43, 41], [8, 36], [15, 34], [26, 36], [34, 26], [0, 58], [17, 35], [38, 28], [19, 28], [11, 22], [23, 33], [25, 24], [37, 22], [45, 39], [22, 59], [11, 21], [25, 1], [4, 55], [3, 40], [3, 36], [0, 14], [27, 41], [31, 17], [34, 41], [15, 44], [47, 4], [31, 59], [56, 9], [28, 1], [2, 19], [30, 46], [29, 17], [38, 16], [13, 55], [58, 30], [46, 38], [23, 39], [12, 51], [27, 15], [13, 38], [34, 9], [39, 31], [2, 49], [49, 26], [36, 14], [32, 4], [5, 42], [8, 37], [37, 55], [57, 28], [53, 14], [42, 47], [29, 18], [23, 27], [32, 17], [36, 44], [34, 4], [5, 46], [42, 23], [24, 0], [41, 49], [29, 39], [28, 33], [11, 24], [12, 56], [27, 43], [31, 25], [1, 48], [25, 52], [26, 28], [49, 33], [27, 26], [21, 38], [28, 45], [19, 22], [54, 28], [28, 20], [7, 18], [59, 19], [3, 25], [47, 24], [38, 7], [18, 57], [10, 40], [3, 55], [58, 58], [27, 0], [17, 59], [25, 44], [6, 28], [48, 19], [39, 47], [33, 50], [47, 31], [46, 51], [16, 58], [42, 34], [51, 34], [9, 5], [7, 3], [21, 8], [31, 11], [18, 42], [56, 27], [14, 39], [37, 23], [35, 14], [58, 34], [26, 1], [25, 15], [1, 2], [35, 24], [33, 2], [56, 1], [47, 29], [48, 20], [12, 26], [36, 26], [2, 53], [20, 35], [48, 2], [49, 37], [46, 8], [9, 40], [14, 54], [29, 42], [2, 20], [14, 51], [41, 12], [50, 48], [48, 45], [59, 45], [27, 57], [34, 3], [57, 13], [18, 19], [16, 23], [40, 37], [27, 25], [4, 37], [31, 6], [25, 20], [0, 41], [32, 43], [37, 52], [40, 51], [56, 4], [22, 57], [9, 46], [31, 0], [25, 38], [42, 1], [33, 47], [29, 43], [31, 23], [27, 47], [15, 51], [39, 32], [27, 59], [58, 2], [51, 57], [25, 55], [6, 24], [42, 33], [6, 50], [31, 46], [38, 31], [24, 57], [19, 46], [32, 12], [44, 22], [23, 21], [15, 26], [16, 32], [23, 20], [42, 52], [38, 10], [11, 36], [26, 2], [36, 13], [53, 45], [28, 56], [57, 45], [44, 17], [31, 21], [53, 37], [41, 41], [45, 24], [56, 51], [2, 40], [39, 55], [50, 25], [9, 14], [6, 48], [52, 32], [8, 9], [50, 38], [27, 19], [41, 23], [3, 28], [1, 44], [32, 20], [41, 21], [18, 49], [34, 20], [48, 37], [4, 21], [56, 26], [46, 49], [43, 45], [12, 58], [45, 40], [30, 56], [39, 23], [24, 36], [45, 44], [38, 39], [20, 21], [24, 12], [57, 24], [57, 46], [7, 53], [56, 39], [51, 56], [54, 20], [17, 49], [18, 29], [49, 24], [17, 54], [50, 53], [19, 17], [24, 46], [55, 32], [25, 10], [45, 0], [59, 24], [28, 43], [14, 36], [23, 22], [29, 2], [52, 23], [10, 10], [47, 14], [13, 53], [14, 27], [54, 9], [29, 5], [35, 8], [10, 28], [27, 17], [4, 38], [25, 33], [11, 18], [31, 27], [56, 57], [27, 18], [36, 46], [33, 27], [51, 41], [17, 28], [26, 51], [36, 54], [39, 52], [9, 54], [23, 23], [54, 24], [28, 27], [18, 1], [36, 17], [25, 37], [38, 18], [59, 22], [41, 4], [19, 45], [26, 29], [24, 52], [59, 59], [43, 32], [45, 52], [17, 56], [25, 21], [56, 12], [28, 42], [57, 42], [32, 58], [45, 57], [17, 5], [11, 41], [1, 17], [30, 25], [28, 37], [32, 29], [27, 9], [23, 29], [54, 32], [51, 43], [13, 27], [58, 21], [34, 42], [30, 23], [36, 12], [38, 20], [22, 38], [11, 28], [9, 23], [22, 46], [52, 15], [57, 32], [9, 47], [40, 47], [35, 38], [4, 34], [40, 21], [51, 52], [54, 17], [40, 12], [40, 11], [33, 23], [20, 47], [36, 8], [27, 40], [52, 55], [59, 41], [33, 29], [8, 56], [48, 27], [21, 36], [31, 48], [53, 24], [46, 24], [47, 15], [33, 0], [52, 29], [45, 9], [28, 36], [33, 55], [19, 37], [52, 1], [0, 19], [33, 11], [40, 31], [2, 29], [41, 55], [29, 38], [31, 39], [22, 28], [12, 7], [8, 32], [29, 0], [17, 36], [37, 0], [40, 0], [3, 54], [44, 52], [52, 18], [46, 10], [0, 34], [46, 48], [2, 58], [50, 11], [9, 20], [23, 36], [53, 46], [27, 22], [36, 24], [25, 26], [39, 59], [44, 27], [8, 24], [30, 37], [31, 5], [37, 19], [32, 3], [35, 21], [3, 2], [56, 38], [53, 43], [10, 34], [18, 0], [52, 46], [42, 32], [36, 31], [40, 56], [36, 32], [9, 57], [45, 58], [11, 57], [2, 23], [22, 52], [45, 55], [45, 45], [37, 49], [29, 20], [15, 33], [26, 58], [14, 30], [11, 51], [11, 10], [3, 17], [50, 45], [30, 35], [52, 33], [47, 34], [50, 30], [3, 44], [20, 55], [48, 32], [21, 53], [8, 34], [17, 10], [19, 8], [30, 9], [52, 48], [32, 18], [22, 49], [54, 50], [36, 35], [29, 28], [4, 41], [13, 50], [40, 41], [8, 22], [10, 38], [52, 4], [55, 45], [30, 10], [48, 58], [44, 33], [39, 58], [30, 29], [57, 57], [7, 31], [33, 48], [53, 52], [38, 14], [38, 52], [6, 17], [7, 30], [9, 22], [7, 23], [56, 35], [33, 53], [25, 43], [38, 56], [29, 13], [39, 14], [35, 54], [6, 49], [53, 44], [38, 34], [5, 50], [46, 33], [54, 58], [40, 53], [32, 9], [54, 33], [48, 1], [27, 49], [24, 33], [2, 24], [34, 43], [56, 25], [24, 26], [31, 22], [20, 25], [1, 3], [9, 3], [24, 58], [1, 47], [54, 10], [2, 46], [36, 10], [29, 19], [39, 15], [40, 14], [8, 17], [58, 8], [21, 18], [48, 17], [32, 48], [47, 11], [21, 23], [34, 22], [47, 9], [8, 29], [51, 27], [36, 52], [41, 34], [38, 29], [39, 25], [35, 0], [48, 10], [32, 8], [27, 56], [4, 40], [39, 40], [42, 51], [14, 21], [40, 9], [23, 35], [41, 16], [25, 46], [27, 14], [53, 13], [34, 27], [19, 29], [8, 25], [11, 27], [39, 38], [51, 40], [1, 43], [16, 53], [37, 27], [36, 21], [50, 4], [57, 31], [14, 57], [34, 46], [49, 7], [17, 34], [30, 38], [35, 26], [55, 12], [14, 31], [45, 12], [54, 21], [24, 45], [19, 40], [38, 24], [43, 59], [5, 48], [34, 23], [49, 21], [43, 57], [3, 52], [41, 33], [55, 14], [22, 29], [51, 42], [27, 54], [48, 12], [10, 7], [36, 3], [7, 17], [13, 57], [5, 49], [14, 20], [4, 22], [17, 51], [28, 58], [56, 34], [46, 9], [25, 28], [35, 49], [45, 53], [41, 9], [8, 0], [9, 18], [46, 6], [39, 8], [47, 54], [15, 56], [28, 39], [47, 52], [36, 45], [35, 18], [34, 55], [18, 26], [25, 42], [36, 1], [30, 32], [54, 14], [35, 42], [51, 37], [22, 15], [7, 47], [29, 50], [15, 45], [26, 24], [49, 30], [24, 27], [16, 28], [57, 5], [4, 46], [3, 37], [21, 45], [35, 9], [28, 19], [6, 2], [46, 46], [22, 32], [47, 35], [23, 50], [3, 46], [16, 46], [36, 9], [0, 2], [55, 48], [5, 57], [46, 0], [47, 23], [7, 43], [21, 37], [47, 0], [15, 49], [36, 25], [23, 54], [3, 33], [58, 42], [22, 35], [16, 26], [23, 59], [57, 53], [58, 40], [47, 57], [51, 23], [53, 54], [1, 21], [37, 7], [26, 44], [45, 26], [28, 13], [59, 49], [46, 52], [9, 10], [18, 22], [50, 13], [55, 54], [15, 14], [50, 1], [23, 58], [45, 8], [16, 56], [1, 37], [2, 51], [37, 32], [3, 34], [44, 0], [26, 21], [32, 49], [8, 28], [30, 42], [6, 25], [12, 21], [42, 22], [25, 39], [12, 39], [28, 59], [39, 6], [12, 57], [7, 52], [23, 24], [20, 23], [28, 21], [7, 37], [23, 28], [7, 29], [48, 5], [27, 10], [15, 37], [35, 41], [41, 43], [14, 45], [38, 17], [44, 56], [39, 17], [39, 30], [36, 42], [31, 13], [33, 5], [49, 4], [45, 18], [45, 16], [19, 16], [9, 41], [20, 40], [34, 54], [30, 26], [30, 57], [21, 56], [19, 52], [33, 28], [59, 16], [54, 51], [2, 36], [40, 58], [31, 43], [1, 52], [44, 11], [9, 39], [28, 29], [53, 6], [46, 42], [33, 35], [43, 58], [24, 50], [45, 22], [0, 56], [55, 8], [38, 36], [24, 28], [8, 41], [25, 31], [5, 41], [30, 6], [39, 49], [58, 27], [21, 34], [51, 32], [51, 18], [24, 47], [31, 1], [41, 42], [36, 6], [58, 59], [46, 4], [22, 7], [54, 40], [53, 7], [26, 26], [21, 51], [49, 58], [45, 11], [8, 35], [51, 51], [51, 39], [34, 31], [58, 54], [36, 49], [4, 12], [22, 53], [18, 27], [28, 38], [4, 53], [57, 35], [48, 43], [23, 45], [58, 20], [55, 28], [55, 4], [47, 10], [36, 16], [18, 5], [16, 55], [37, 18], [40, 59], [32, 1], [5, 52], [25, 22], [22, 3], [21, 26], [28, 12], [18, 40], [23, 37], [21, 6], [40, 39], [44, 23], [57, 30], [25, 59], [34, 19], [31, 19], [49, 41], [40, 22], [31, 38], [7, 39], [57, 22], [1, 54], [50, 57], [1, 27], [19, 59], [41, 46], [41, 45], [34, 38], [7, 27], [29, 33], [35, 20], [5, 21], [24, 30], [3, 42], [0, 35], [11, 19], [4, 50], [32, 28], [47, 12], [29, 51], [50, 14], [16, 0], [37, 28], [52, 42], [9, 45], [59, 6], [8, 5], [32, 37], [44, 34], [36, 43], [31, 51], [47, 22], [44, 25], [58, 48], [1, 41], [8, 53], [27, 12], [43, 0], [18, 20], [36, 23], [30, 27], [39, 43], [36, 15], [13, 47], [51, 47], [10, 24], [24, 4], [18, 39], [16, 13], [38, 9], [25, 32], [10, 36], [43, 22], [40, 18], [12, 50], [3, 53], [40, 55], [41, 47], [44, 26], [31, 10], [25, 40], [4, 58], [57, 55], [4, 51], [33, 19], [26, 30], [8, 52], [7, 20], [57, 56], [40, 13], [26, 38], [1, 53], [46, 11], [34, 21], [16, 48], [57, 29], [17, 53], [5, 47], [21, 29], [33, 21], [40, 17], [34, 15], [43, 38], [22, 33], [59, 48], [16, 36], [39, 5], [27, 35], [52, 22], [0, 48], [13, 52], [47, 51], [5, 13], [29, 3], [30, 1], [59, 15], [0, 52], [58, 55], [10, 13], [31, 7], [56, 53], [49, 49], [48, 53], [4, 24], [23, 10], [28, 18], [44, 9], [29, 46], [5, 18], [14, 46], [57, 1], [26, 20], [19, 11], [2, 28], [18, 37], [38, 23], [57, 23], [18, 7], [25, 48], [16, 27], [30, 34], [35, 29], [56, 36], [33, 49], [54, 1], [2, 26], [55, 20], [49, 50], [24, 2], [38, 43], [39, 41], [48, 22], [58, 9], [48, 26], [49, 9], [16, 41], [44, 35], [52, 38], [16, 57], [21, 21], [54, 46], [42, 16], [19, 49], [30, 53], [43, 43], [8, 47], [56, 30], [46, 55], [1, 14], [43, 16], [39, 2], [16, 42], [17, 40], [4, 52], [53, 31], [36, 28], [48, 25], [46, 21], [44, 57], [47, 45], [37, 44], [21, 32], [58, 11], [50, 19], [40, 29], [18, 34], [54, 15], [15, 27], [54, 27], [13, 31], [13, 54], [26, 33], [53, 48], [9, 56], [29, 55], [51, 20], [40, 16], [30, 31], [50, 29], [32, 45], [53, 39], [3, 39], [46, 12], [10, 32], [28, 2], [40, 57], [28, 3], [54, 13], [14, 44], [17, 17], [29, 25], [30, 51], [2, 31], [57, 48], [8, 50], [58, 53], [25, 11], [1, 25], [37, 9], [11, 33], [6, 57], [38, 4], [48, 46], [50, 56], [5, 20], [9, 26], [29, 36], [7, 42], [30, 2], [50, 36], [32, 0], [13, 48], [30, 55], [57, 34], [58, 49], [23, 9], [26, 16], [55, 17], [50, 2], [1, 40], [49, 54], [39, 57], [24, 51], [7, 35], [58, 10], [13, 43], [50, 43], [34, 18], [38, 12], [30, 40], [50, 16], [41, 24], [26, 47], [59, 52], [20, 53], [39, 48], [3, 26], [3, 57], [30, 39], [27, 33], [24, 3], [13, 32], [50, 31], [32, 21], [36, 56], [55, 41], [27, 51], [27, 21], [38, 33], [14, 5], [28, 35], [24, 21], [48, 13], [30, 36], [24, 43], [54, 52], [46, 39], [57, 54], [10, 6], [1, 6], [17, 44], [25, 53], [42, 44], [50, 44], [26, 43], [50, 9], [53, 18], [28, 41], [47, 56], [36, 20], [20, 32], [58, 25], [53, 25], [39, 36], [27, 23], [20, 14], [33, 52], [53, 55], [33, 24], [43, 23], [30, 8], [17, 4], [33, 1], [40, 10], [41, 38], [15, 20], [38, 19], [53, 20], [50, 59], [54, 49], [6, 11], [9, 29], [34, 16], [44, 54], [18, 35], [6, 56], [43, 37], [29, 35], [30, 22], [15, 19], [53, 11], [35, 22], [54, 39], [48, 35], [31, 12], [20, 2], [41, 25], [26, 3], [17, 50], [24, 5], [5, 45], [43, 15], [19, 21], [22, 37], [38, 27], [23, 32], [35, 15], [2, 21], [38, 2], [0, 39], [3, 1], [38, 44], [36, 0], [40, 49], [49, 45], [34, 59], [16, 31], [38, 46], [36, 29], [4, 19], [5, 16], [6, 51], [9, 37], [0, 21], [51, 22], [23, 53], [0, 36], [53, 21], [44, 41], [57, 8], [45, 30], [17, 41], [3, 45], [35, 25], [48, 4], [55, 40], [34, 53], [16, 45], [42, 49], [0, 57], [20, 34], [48, 33], [35, 10], [43, 24], [13, 7], [40, 26], [11, 58], [29, 57], [8, 30], [54, 45], [21, 39], [11, 49], [10, 27], [10, 58], [27, 1], [7, 7], [24, 44], [7, 34], [48, 28], [13, 17], [20, 54], [44, 37], [33, 40], [25, 16], [0, 55], [13, 2], [26, 31], [58, 38], [31, 3], [53, 12], [8, 27], [32, 51], [59, 30], [56, 41], [28, 34], [34, 25], [56, 14], [13, 20], [39, 13], [56, 44], [58, 28], [29, 27], [34, 57], [23, 26], [29, 1], [28, 50], [7, 25], [56, 15], [38, 13], [19, 9], [12, 19], [52, 36], [20, 22], [5, 56], [10, 1], [30, 30], [45, 10], [0, 6], [22, 23], [40, 28], [25, 45], [29, 32], [35, 30], [34, 11], [39, 56], [48, 18], [32, 13], [41, 3], [49, 42], [15, 30], [35, 47], [29, 23], [27, 5], [42, 11], [47, 36], [0, 26], [38, 26], [20, 29], [9, 59], [4, 56], [10, 52], [49, 22], [42, 25], [53, 34], [33, 14], [59, 34], [11, 54], [15, 35], [27, 39], [25, 47], [59, 40], [36, 51], [44, 59], [35, 34], [33, 12], [4, 20], [46, 22], [12, 8], [27, 52], [54, 30], [8, 16], [56, 20], [44, 24], [3, 51], [33, 4], [44, 10], [16, 50], [53, 50], [33, 39], [9, 24], [28, 17], [45, 15], [52, 20], [9, 31], [37, 20], [52, 27], [26, 7], [43, 8], [6, 53], [55, 21], [32, 5], [49, 34], [30, 24], [26, 8], [29, 34], [27, 3], [20, 10], [5, 58], [22, 19], [11, 23], [7, 41], [11, 29], [41, 28], [49, 5], [21, 33], [22, 30], [2, 25], [9, 55], [50, 58], [30, 28], [22, 36], [24, 56], [57, 33], [5, 53], [38, 1], [15, 40], [21, 5], [22, 31], [24, 37], [48, 42], [46, 17], [21, 44], [47, 59], [39, 20], [41, 20], [53, 58], [21, 9], [8, 4], [10, 47], [48, 56], [22, 34], [28, 6], [1, 31], [20, 52], [57, 38], [32, 10], [4, 43], [53, 35], [10, 33], [57, 58], [4, 27], [35, 28], [50, 7], [39, 28], [49, 6], [31, 33], [7, 54], [0, 24], [39, 46], [46, 23], [2, 18], [58, 29], [15, 36], [54, 31], [41, 36], [38, 59], [25, 25], [37, 3], [0, 11], [7, 57], [39, 29], [32, 56], [27, 13], [39, 24], [39, 12], [5, 37], [34, 24], [2, 12], [32, 55], [26, 10], [51, 49], [27, 6], [46, 16], [47, 3], [58, 35], [16, 35], [19, 54], [43, 53], [55, 43], [13, 33], [45, 37], [58, 39], [58, 41], [25, 29], [37, 4], [35, 46], [32, 35], [42, 37], [53, 19], [50, 49], [20, 24], [43, 10], [43, 27], [41, 27], [40, 23], [10, 55], [27, 48], [35, 7], [17, 9], [25, 27]], "targets": [[4, 26], [55, 12], [12, 53], [30, 27], [33, 27], [45, 54], [36, 20], [41, 49], [56, 32], [28, 54], [38, 0], [12, 33], [40, 45], [49, 53], [14, 55], [11, 3], [28, 41], [49, 16], [48, 57], [26, 21], [33, 8], [20, 9], [49, 49], [31, 32], [27, 47], [4, 58], [33, 2], [40, 39], [22, 36], [38, 58], [57, 21], [25, 13], [7, 54], [41, 7], [31, 1], [27, 18], [51, 11], [25, 46], [19, 21], [43, 26], [15, 49], [24, 51], [25, 22], [30, 35], [35, 4], [41, 56], [40, 21], [23, 47], [25, 19], [3, 51], [11, 49], [31, 20], [33, 5], [58, 33], [43, 40], [37, 15], [31, 24], [27, 23], [30, 11], [43, 21], [43, 23], [54, 12], [49, 1], [39, 47], [54, 59], [34, 16], [54, 49], [28, 55], [42, 31], [37, 22], [3, 31], [41, 54], [54, 17], [31, 21], [38, 6], [44, 35], [24, 53], [9, 12], [55, 4], [47, 40], [57, 39], [29, 3], [29, 58], [59, 30], [37, 0], [29, 9], [58, 20], [20, 59], [11, 27], [24, 28], [9, 34], [41, 53], [9, 58], [39, 20], [21, 13], [25, 21], [24, 47], [21, 24], [47, 45], [50, 38], [54, 34], [34, 6], [46, 44], [44, 18], [41, 50], [36, 34], [5, 39], [34, 46], [9, 39], [47, 7], [33, 30], [48, 11], [35, 39], [47, 26], [40, 31], [9, 50], [5, 37], [23, 31], [56, 52], [53, 14], [14, 27], [35, 1], [22, 15], [39, 14], [16, 53], [6, 3], [25, 29], [40, 13], [25, 37], [48, 12], [48, 2], [30, 52], [34, 3], [52, 21], [15, 30], [54, 18], [4, 53], [59, 15], [19, 53], [1, 57], [46, 41], [21, 28], [15, 53], [50, 53], [19, 32], [59, 48], [52, 32], [25, 25], [56, 46], [17, 26], [48, 13], [12, 49], [28, 32], [2, 52], [11, 25], [52, 55], [26, 14], [34, 21], [28, 2], [27, 37], [33, 14], [35, 20], [36, 53], [11, 30], [46, 40], [25, 10], [58, 5], [8, 45], [27, 21], [19, 55], [23, 20], [3, 40], [50, 5], [33, 32], [10, 50], [58, 53], [19, 48], [32, 16], [10, 18], [19, 51], [42, 55], [9, 53], [20, 49], [26, 15], [13, 53], [50, 2], [39, 16], [38, 9], [6, 48], [37, 3], [9, 23], [5, 38], [1, 5], [40, 30], [23, 59], [18, 31], [32, 47], [54, 42], [32, 3], [2, 22], [9, 56], [35, 46], [13, 33], [47, 23], [6, 40], [48, 0], [21, 44], [13, 27], [41, 32], [50, 17], [7, 51], [24, 39], [39, 5], [4, 8], [49, 47], [17, 51], [17, 34], [43, 50], [2, 34], [26, 23], [35, 25], [37, 57], [0, 7], [46, 2], [51, 37], [45, 16], [17, 46], [39, 46], [41, 48], [37, 47], [37, 40], [30, 23], [37, 52], [26, 30], [45, 14], [17, 36], [27, 20], [48, 29], [32, 10], [37, 59], [50, 3], [51, 17], [59, 40], [39, 53], [37, 23], [34, 18], [50, 21], [40, 3], [48, 52], [3, 48], [29, 5], [48, 20], [50, 49], [39, 11], [43, 32], [53, 53], [34, 20], [51, 38], [34, 19], [23, 48], [25, 8], [47, 22], [2, 24], [27, 2], [15, 27], [54, 16], [0, 47], [0, 24], [47, 35], [51, 44], [17, 48], [17, 40], [39, 13], [36, 56], [51, 32], [28, 53], [8, 29], [0, 46], [8, 35], [29, 22], [55, 25], [31, 19], [14, 28], [14, 56], [13, 30], [3, 56], [46, 34], [45, 0], [57, 33], [17, 35], [27, 49], [23, 15], [9, 54], [45, 38], [23, 45], [16, 36], [10, 52], [4, 31], [37, 10], [17, 27], [20, 57], [19, 20], [47, 10], [58, 47], [6, 51], [43, 14], [7, 3], [54, 14], [54, 11], [38, 21], [50, 12], [39, 21], [49, 30], [8, 47], [10, 20], [56, 56], [18, 44], [34, 38], [21, 39], [50, 26], [38, 41], [37, 26], [27, 15], [49, 13], [59, 23], [53, 9], [39, 12], [39, 29], [17, 44], [29, 21], [31, 5], [41, 35], [29, 25], [55, 28], [13, 41], [4, 19], [1, 33], [57, 0], [28, 40], [12, 31], [30, 25], [32, 49], [16, 23], [48, 35], [49, 4], [32, 19], [51, 46], [26, 42], [35, 52], [24, 23], [58, 2], [56, 13], [37, 5], [31, 42], [2, 55], [51, 54], [3, 58], [59, 28], [11, 38], [6, 29], [58, 6], [4, 51], [43, 58], [53, 2], [16, 26], [37, 25], [37, 11], [24, 24], [33, 17], [40, 57], [4, 40], [52, 6], [56, 23], [8, 18], [2, 45], [22, 29], [27, 33], [52, 13], [32, 17], [41, 39], [58, 1], [26, 32], [37, 9], [24, 15], [50, 29], [31, 0], [43, 57], [28, 26], [36, 29], [33, 16], [32, 0], [45, 44], [23, 52], [30, 28], [47, 6], [13, 40], [7, 10], [12, 2], [38, 14], [13, 37], [45, 13], [10, 19], [55, 18], [1, 25], [4, 20], [59, 50], [7, 47], [58, 32], [59, 21], [38, 23], [42, 2], [16, 56], [0, 10], [30, 21], [42, 26], [21, 4], [29, 26], [51, 18], [34, 48], [55, 3], [1, 51], [58, 49], [25, 23], [32, 15], [40, 25], [46, 25], [34, 56], [32, 7], [25, 48], [26, 41], [21, 59], [49, 22], [28, 45], [44, 57], [41, 11], [15, 52], [55, 59], [32, 4], [28, 39], [21, 54], [11, 37], [53, 48], [7, 44], [31, 2], [10, 34], [34, 25], [13, 10], [39, 35], [49, 59], [51, 33], [29, 40], [2, 56], [37, 18], [36, 43], [49, 26], [59, 32], [34, 4], [12, 18], [10, 31], [18, 20], [52, 38], [53, 33], [22, 45], [52, 27], [4, 10], [41, 31], [4, 21], [28, 34], [10, 55], [30, 48], [20, 17], [39, 17], [40, 43], [42, 37], [31, 25], [11, 53], [39, 15], [22, 26], [21, 31], [7, 21], [21, 12], [1, 16], [23, 19], [38, 45], [8, 36], [46, 27], [16, 45], [45, 56], [12, 14], [22, 31], [18, 42], [34, 37], [35, 12], [45, 55], [15, 7], [43, 49], [0, 3], [21, 3], [23, 29], [8, 51], [33, 51], [53, 11], [57, 34], [3, 28], [37, 39], [54, 55], [10, 46], [18, 45], [23, 4], [13, 20], [3, 54], [21, 26], [49, 17], [0, 31], [29, 20], [11, 48], [20, 56], [59, 5], [56, 34], [21, 29], [23, 21], [26, 12], [42, 50], [5, 31], [22, 16], [38, 54], [23, 24], [8, 1], [33, 37], [27, 34], [20, 37], [2, 21], [35, 23], [19, 39], [21, 52], [50, 36], [27, 4], [52, 29], [45, 11], [27, 53], [53, 45], [24, 48], [46, 52], [41, 6], [8, 28], [52, 4], [30, 55], [46, 37], [0, 22], [32, 35], [29, 19], [36, 15], [27, 44], [17, 39], [21, 32], [47, 33], [14, 39], [5, 46], [3, 39], [50, 34], [56, 18], [1, 19], [44, 44], [16, 52], [54, 10], [37, 8], [16, 38], [24, 38], [12, 50], [39, 26], [46, 31], [28, 44], [52, 54], [52, 9], [27, 52], [5, 47], [8, 4], [24, 58], [39, 30], [35, 38], [15, 34], [34, 12], [32, 20], [14, 58], [30, 36], [46, 47], [47, 18], [55, 11], [10, 58], [10, 24], [49, 56], [28, 29], [59, 12], [40, 34], [45, 41], [9, 27], [47, 58], [34, 10], [25, 41], [57, 46], [46, 17], [15, 39], [38, 42], [56, 27], [56, 58], [50, 57], [54, 19], [59, 33], [26, 27], [37, 38], [46, 19], [1, 45], [32, 54], [55, 34], [25, 54], [24, 30], [32, 9], [58, 34], [32, 28], [11, 56], [48, 19], [46, 58], [29, 13], [5, 35], [33, 0], [9, 7], [37, 56], [57, 8], [35, 50], [20, 5], [5, 11], [44, 53], [35, 22], [38, 7], [39, 43], [31, 39], [7, 53], [47, 3], [42, 7], [47, 27], [33, 33], [55, 35], [0, 48], [27, 41], [33, 48], [44, 59], [35, 49], [25, 43], [8, 56], [29, 34], [56, 57], [40, 58], [27, 31], [38, 37], [54, 9], [42, 25], [27, 36], [13, 13], [31, 50], [15, 44], [57, 10], [0, 53], [22, 37], [52, 23], [53, 1], [11, 21], [31, 41], [16, 25], [52, 52], [45, 3], [40, 15], [17, 41], [22, 0], [43, 46], [5, 57], [44, 42], [40, 14], [5, 42], [26, 2], [46, 11], [36, 23], [45, 8], [26, 16], [3, 50], [48, 28], [49, 38], [4, 56], [35, 14], [36, 42], [15, 26], [25, 55], [53, 3], [13, 52], [41, 3], [7, 58], [20, 33], [40, 41], [27, 48], [14, 20], [46, 3], [31, 23], [46, 26], [56, 6], [38, 13], [43, 43], [26, 13], [31, 33], [25, 52], [36, 52], [46, 5], [36, 4], [21, 51], [48, 7], [55, 32], [30, 13], [53, 12], [33, 56], [41, 46], [39, 48], [55, 37], [22, 27], [11, 50], [5, 58], [56, 38], [21, 53], [41, 23], [4, 35], [51, 22], [16, 28], [43, 37], [5, 16], [38, 24], [33, 4], [33, 25], [53, 52], [46, 57], [4, 28], [39, 50], [41, 10], [13, 42], [23, 58], [7, 48], [9, 49], [6, 34], [26, 9], [31, 56], [55, 48], [52, 25], [27, 26], [12, 26], [55, 39], [43, 4], [8, 25], [43, 31], [44, 33], [11, 51], [49, 18], [20, 25], [53, 23], [24, 46], [31, 37], [13, 59], [56, 59], [17, 57], [32, 36], [58, 0], [45, 17], [24, 54], [37, 27], [28, 33], [29, 46], [20, 12], [32, 11], [25, 11], [46, 21], [9, 19], [28, 23], [16, 41], [33, 19], [43, 20], [36, 41], [53, 21], [31, 46], [30, 37], [30, 6], [6, 44], [13, 11], [35, 34], [10, 54], [50, 6], [43, 38], [9, 59], [14, 30], [56, 22], [34, 2], [24, 26], [28, 37], [42, 15], [54, 8], [51, 41], [4, 16], [21, 34], [26, 7], [59, 34], [27, 6], [50, 51], [22, 30], [55, 33], [20, 23], [59, 20], [25, 33], [42, 4], [55, 42], [29, 24], [36, 46], [57, 32], [26, 43], [27, 11], [16, 22], [3, 47], [24, 31], [29, 32], [20, 27], [34, 31], [12, 58], [3, 18], [37, 1], [13, 29], [48, 48], [58, 23], [33, 13], [40, 1], [33, 23], [20, 50], [29, 29], [47, 56], [23, 22], [39, 1], [4, 49], [29, 56], [6, 2], [28, 11], [33, 35], [35, 13], [0, 40], [53, 29], [14, 45], [24, 18], [25, 18], [39, 28], [38, 36], [22, 23], [7, 27], [35, 19], [46, 45], [3, 3], [48, 44], [48, 10], [14, 54], [30, 44], [26, 19], [29, 27], [6, 59], [10, 14], [18, 40], [19, 11], [42, 40], [39, 52], [43, 7], [36, 58], [50, 46], [40, 49], [37, 20], [57, 43], [18, 34], [44, 19], [56, 50], [49, 33], [48, 24], [59, 47], [26, 22], [44, 51], [26, 47], [27, 12], [53, 40], [12, 37], [21, 7], [3, 55], [22, 24], [45, 24], [57, 40], [31, 13], [29, 53], [9, 41], [9, 48], [31, 44], [44, 37], [13, 28], [32, 5], [57, 35], [36, 14], [9, 57], [43, 27], [41, 42], [35, 26], [54, 1], [38, 30], [55, 20], [25, 40], [34, 28], [38, 27], [11, 32], [55, 40], [24, 17], [16, 50], [35, 36], [55, 17], [6, 22], [24, 2], [38, 1], [7, 36], [0, 20], [9, 52], [1, 43], [46, 55], [1, 52], [59, 8], [10, 38], [11, 12], [39, 25], [20, 53], [36, 27], [0, 57], [25, 26], [21, 50], [41, 59], [16, 20], [25, 39], [53, 36], [34, 14], [9, 45], [27, 8], [35, 42], [2, 35], [16, 7], [12, 36], [25, 47], [0, 34], [49, 42], [4, 54], [19, 54], [54, 45], [15, 33], [30, 30], [0, 27], [21, 56], [1, 53], [47, 1], [16, 44], [24, 20], [7, 20], [36, 57], [29, 59], [33, 54], [26, 1], [45, 10], [8, 20], [30, 20], [36, 9], [56, 20], [24, 33], [19, 58], [20, 54], [36, 49], [23, 17], [50, 25], [15, 17], [57, 42], [51, 29], [28, 10], [47, 19], [33, 28], [2, 54], [7, 38], [29, 6], [0, 37], [1, 58], [54, 29], [27, 7], [52, 0], [10, 8], [4, 1], [41, 4], [17, 54], [6, 42], [45, 21], [34, 9], [3, 57], [43, 35], [36, 18], [26, 46], [40, 28], [5, 44], [46, 20], [24, 12], [58, 17], [25, 31], [4, 23], [29, 52], [54, 0], [28, 35], [19, 17], [57, 36], [15, 31], [13, 31], [37, 58], [42, 21], [52, 56], [5, 48], [17, 59], [49, 10], [4, 0], [13, 50], [21, 22], [9, 47], [41, 57], [40, 20], [41, 27], [2, 31], [30, 26], [43, 1], [22, 47], [51, 48], [5, 28], [29, 2], [56, 39], [25, 12], [9, 11], [19, 31], [47, 12], [16, 2], [19, 10], [23, 33], [29, 31], [1, 18], [47, 37], [55, 15], [53, 32], [4, 42], [31, 51], [58, 9], [59, 36], [16, 58], [44, 34], [34, 32], [41, 18], [29, 18], [25, 28], [22, 35], [55, 22], [9, 35], [58, 37], [32, 40], [11, 57], [59, 16], [44, 22], [9, 28], [42, 59], [41, 28], [0, 0], [35, 56], [16, 55], [21, 57], [41, 19], [7, 55], [10, 40], [59, 13], [14, 50], [50, 28], [4, 25], [26, 33], [21, 15], [42, 16], [49, 21], [24, 11], [3, 34], [5, 15], [28, 18], [11, 58], [42, 27], [36, 11], [43, 12], [59, 19], [38, 11], [56, 33], [37, 53], [54, 15], [24, 32], [1, 44], [16, 51], [46, 15], [15, 0], [2, 9], [34, 34], [15, 42], [26, 48], [49, 15], [46, 9], [18, 57], [4, 48], [2, 49], [53, 10], [31, 52], [53, 25], [36, 0], [27, 9], [41, 58], [44, 13], [47, 5], [19, 26], [14, 42], [14, 2], [32, 51], [10, 56], [38, 32], [45, 18], [0, 18], [52, 22], [11, 54], [51, 49], [52, 36], [58, 18], [38, 12], [51, 7], [37, 55], [44, 52], [45, 12], [40, 40], [42, 3], [42, 56], [53, 17], [26, 36], [40, 22], [59, 51], [39, 27], [59, 1], [31, 6], [30, 7], [6, 45], [50, 42], [11, 55], [4, 59], [38, 8], [29, 45], [43, 18], [37, 6], [56, 0], [59, 57], [58, 28], [14, 59], [28, 59], [24, 0], [47, 13], [27, 10], [43, 54], [54, 7], [38, 15], [7, 50], [22, 39], [28, 7], [30, 22], [7, 5], [59, 2], [20, 34], [53, 44], [23, 46], [23, 34], [16, 9], [34, 27], [31, 47], [52, 10], [56, 49], [43, 59], [42, 34], [12, 51], [0, 4], [23, 57], [51, 40], [53, 37], [30, 34], [1, 32], [34, 24], [48, 21], [4, 4], [9, 8], [33, 59], [35, 5], [18, 39], [20, 41], [17, 42], [22, 4], [58, 12], [29, 55], [13, 4], [20, 1], [59, 41], [43, 6], [32, 29], [54, 36], [19, 45], [30, 9], [25, 30], [55, 55], [47, 53], [42, 39], [55, 44], [50, 22], [52, 51], [24, 1], [7, 31], [45, 22], [0, 12], [35, 29], [0, 39], [16, 4], [0, 42], [34, 59], [3, 26], [34, 7], [27, 56], [31, 18], [15, 19], [42, 9], [53, 8], [35, 41], [48, 6], [46, 7], [54, 32], [39, 31], [44, 58], [22, 14], [58, 11], [20, 58], [29, 37], [36, 31], [14, 13], [18, 33], [53, 4], [34, 15], [29, 42], [38, 57], [29, 50], [49, 51], [49, 46], [57, 5], [9, 15], [35, 7], [48, 33], [40, 42], [8, 54], [49, 54], [32, 18], [24, 59], [5, 55], [23, 28], [56, 30], [17, 50], [20, 20], [50, 16], [0, 43], [4, 43], [19, 52], [45, 26], [53, 58], [11, 2], [8, 46], [5, 51], [31, 34], [10, 32], [56, 45], [44, 36], [58, 19], [38, 20], [37, 46], [26, 29], [25, 27], [16, 54], [16, 34], [55, 1], [36, 40], [21, 23], [11, 52], [31, 26], [19, 12], [40, 33], [59, 3], [59, 35], [30, 8], [40, 16], [6, 9], [1, 29], [41, 0], [17, 32], [1, 55], [46, 33], [2, 44], [31, 8], [8, 30], [31, 22], [31, 36], [22, 3], [3, 43], [23, 53], [59, 59], [9, 18], [37, 33], [0, 38], [42, 42], [51, 42], [38, 46], [58, 35], [41, 24], [21, 55], [4, 36], [55, 13], [41, 30], [27, 51], [0, 33], [53, 7], [16, 19], [25, 50], [45, 58], [27, 35], [56, 7], [51, 34], [58, 3], [35, 37], [30, 43], [14, 31], [54, 35], [25, 16], [16, 35], [14, 8], [44, 7], [34, 0], [32, 12], [31, 29], [15, 40], [41, 52], [36, 24], [16, 57], [14, 51], [34, 41], [10, 15], [42, 32], [46, 8], [33, 3], [38, 16], [42, 57], [25, 2], [40, 18], [37, 36], [51, 9], [3, 35], [31, 43], [12, 56], [32, 50], [4, 46], [19, 28], [35, 16], [42, 35], [58, 30], [36, 8], [39, 59], [22, 33], [27, 30], [20, 44], [3, 59], [43, 33], [3, 37], [26, 20], [32, 56], [33, 46], [34, 55], [5, 50], [32, 37], [52, 41], [17, 52], [35, 43], [39, 19], [20, 35], [22, 38], [2, 41], [13, 26], [18, 48], [31, 27], [49, 0], [3, 33], [43, 52], [6, 47], [40, 0], [27, 46], [48, 59], [31, 30]]}