{"meta": {"number_of_robots": 250, "description": {"parameters": {"seed": 935, "shape": [25, 25], "obstacles": {"n": 0, "mean": 3, "std": 1.5}, "clusters": {"n": 10, "mean": 20, "std": 10.0, "relative_radius": 2, "increase_factor": 1.3, "start_dist": {"generator_name": "Image", "shape": [25, 25], "min": 0.0, "max": 5752.0, "mean": 1835.432, "std": 1097.3633092900454, "dtype": "uint64", "parameters": {"image": "buffalo_map.png", "transformer": {"name": "CityTransformer"}}}, "target_dist": {"generator_name": "Image", "shape": [25, 25], "min": 0.0, "max": 5752.0, "mean": 1835.432, "std": 1097.3633092900454, "dtype": "uint64", "parameters": {"image": "buffalo_map.png", "transformer": {"name": "CityTransformer"}}}}, "density": 0.4, "start_dist": {"generator_name": "Image", "shape": [25, 25], "min": 0.0, "max": 5752.0, "mean": 1835.432, "std": 1097.3633092900454, "dtype": "uint64", "parameters": {"image": "buffalo_map.png", "transformer": {"name": "CityTransformer"}}}, "target_dist": {"generator_name": "Image", "shape": [25, 25], "min": 0.0, "max": 5752.0, "mean": 1835.432, "std": 1097.3633092900454, "dtype": "uint64", "parameters": {"image": "buffalo_map.png", "transformer": {"name": "CityTransformer"}}}}, "stats": {"date": "2020-11-17", "free_area": 625.0, "number_of_clustered_robots": 250, "number_of_robots": 250}}}, "name": "buffalo_free_001_25x25_40_250", "obstacles": [], "starts": [[16, 15], [5, 7], [13, 7], [6, 24], [12, 7], [17, 8], [24, 19], [17, 21], [13, 20], [17, 22], [15, 13], [14, 6], [19, 16], [11, 16], [14, 2], [6, 16], [21, 14], [10, 19], [17, 5], [20, 22], [13, 21], [16, 12], [19, 12], [11, 8], [8, 13], [13, 2], [3, 16], [17, 23], [12, 6], [23, 12], [14, 24], [9, 9], [7, 15], [18, 13], [22, 15], [17, 0], [18, 24], [6, 22], [21, 20], [6, 19], [15, 7], [13, 10], [16, 20], [20, 14], [14, 23], [7, 8], [12, 5], [5, 24], [21, 17], [13, 12], [18, 15], [17, 24], [20, 19], [14, 9], [19, 1], [12, 3], [4, 17], [7, 23], [17, 10], [19, 22], [18, 14], [4, 13], [5, 17], [15, 9], [21, 19], [1, 14], [15, 6], [18, 20], [15, 15], [6, 21], [21, 18], [9, 17], [7, 9], [16, 19], [12, 16], [15, 10], [14, 5], [8, 11], [6, 20], [16, 21], [11, 17], [11, 9], [23, 10], [15, 23], [8, 21], [16, 7], [4, 15], [11, 1], [24, 13], [8, 23], [14, 13], [10, 10], [7, 17], [15, 11], [18, 9], [23, 19], [17, 2], [18, 23], [14, 19], [11, 19], [2, 17], [21, 13], [19, 10], [12, 18], [19, 18], [4, 11], [16, 6], [18, 2], [11, 24], [9, 14], [3, 21], [15, 8], [19, 20], [14, 18], [23, 21], [8, 15], [11, 12], [15, 2], [16, 10], [23, 20], [14, 20], [10, 21], [15, 20], [10, 11], [13, 13], [17, 19], [6, 11], [12, 8], [16, 16], [22, 7], [18, 22], [10, 14], [10, 22], [1, 23], [22, 21], [17, 20], [9, 13], [13, 4], [12, 14], [9, 12], [22, 14], [3, 22], [23, 17], [11, 13], [13, 8], [13, 19], [21, 5], [16, 8], [6, 9], [11, 0], [19, 21], [6, 13], [17, 14], [8, 22], [19, 15], [9, 15], [12, 12], [18, 16], [19, 5], [14, 7], [13, 24], [16, 18], [2, 22], [22, 10], [23, 16], [17, 13], [12, 15], [5, 23], [18, 4], [7, 11], [12, 0], [19, 17], [13, 17], [12, 10], [11, 21], [18, 21], [12, 11], [21, 21], [10, 18], [20, 7], [20, 12], [16, 11], [21, 6], [7, 19], [6, 12], [10, 17], [20, 17], [20, 21], [5, 10], [18, 3], [13, 6], [15, 24], [23, 22], [10, 12], [20, 10], [4, 20], [9, 22], [17, 16], [9, 10], [20, 3], [17, 12], [4, 23], [22, 16], [13, 18], [15, 3], [3, 18], [14, 22], [5, 22], [22, 23], [5, 13], [15, 5], [18, 10], [17, 11], [11, 15], [11, 18], [10, 16], [22, 8], [24, 16], [18, 17], [13, 15], [12, 4], [16, 4], [14, 10], [20, 18], [11, 20], [24, 15], [11, 5], [4, 21], [15, 22], [0, 8], [11, 4], [9, 19], [5, 15], [19, 11], [16, 2], [14, 11], [15, 18], [7, 22], [16, 13], [20, 20], [19, 6], [22, 13], [10, 13], [11, 23], [15, 19], [7, 21], [23, 11], [11, 7], [1, 21], [23, 18]], "targets": [[5, 20], [15, 6], [21, 4], [12, 10], [9, 19], [17, 19], [1, 18], [22, 7], [16, 19], [9, 13], [17, 18], [11, 10], [3, 21], [0, 24], [19, 0], [14, 17], [16, 9], [10, 15], [17, 14], [8, 22], [6, 14], [10, 19], [21, 21], [4, 24], [16, 7], [24, 6], [10, 18], [19, 7], [15, 18], [13, 19], [6, 11], [2, 20], [7, 11], [14, 7], [6, 21], [19, 3], [9, 18], [17, 12], [23, 10], [9, 21], [19, 21], [16, 12], [0, 18], [11, 20], [7, 17], [15, 4], [18, 3], [18, 13], [20, 5], [8, 9], [13, 21], [10, 7], [3, 12], [2, 18], [19, 2], [18, 18], [14, 8], [19, 17], [14, 22], [7, 21], [16, 5], [4, 23], [4, 14], [17, 8], [1, 23], [16, 3], [17, 4], [10, 13], [18, 8], [9, 12], [22, 12], [3, 22], [14, 13], [11, 21], [7, 8], [17, 23], [17, 1], [14, 9], [14, 11], [24, 9], [5, 9], [0, 21], [11, 19], [10, 10], [12, 14], [15, 12], [16, 4], [18, 0], [2, 21], [10, 11], [17, 9], [6, 22], [11, 17], [18, 10], [13, 17], [11, 24], [22, 3], [11, 7], [7, 9], [1, 22], [19, 12], [22, 15], [19, 19], [10, 20], [2, 23], [15, 5], [23, 0], [20, 15], [6, 10], [0, 20], [15, 19], [14, 24], [6, 18], [24, 8], [4, 17], [16, 14], [12, 19], [22, 0], [2, 24], [9, 20], [12, 11], [16, 15], [21, 8], [19, 15], [9, 14], [3, 18], [15, 1], [23, 6], [3, 24], [14, 23], [3, 17], [15, 9], [14, 19], [16, 11], [23, 13], [8, 21], [2, 19], [24, 2], [16, 10], [13, 9], [7, 20], [9, 10], [19, 11], [10, 16], [17, 16], [13, 15], [14, 18], [1, 17], [11, 3], [20, 4], [1, 21], [8, 11], [9, 15], [11, 18], [24, 11], [4, 7], [0, 23], [4, 21], [17, 0], [16, 18], [6, 20], [11, 16], [9, 11], [19, 18], [13, 20], [23, 15], [4, 22], [17, 15], [18, 15], [14, 4], [20, 2], [8, 18], [17, 17], [13, 11], [13, 12], [23, 12], [2, 22], [8, 13], [10, 9], [24, 3], [8, 20], [12, 15], [15, 24], [16, 8], [5, 21], [17, 13], [24, 12], [8, 23], [13, 4], [22, 5], [18, 9], [10, 12], [4, 10], [1, 24], [3, 23], [6, 15], [19, 10], [23, 7], [18, 12], [23, 5], [19, 20], [14, 10], [7, 22], [6, 23], [19, 13], [14, 14], [22, 10], [6, 16], [4, 15], [14, 5], [18, 5], [9, 24], [15, 10], [12, 7], [1, 20], [10, 14], [20, 19], [13, 18], [18, 14], [13, 7], [10, 17], [19, 5], [6, 24], [5, 10], [11, 11], [11, 22], [8, 19], [12, 18], [23, 9], [14, 3], [19, 4], [8, 8], [0, 17], [5, 23], [20, 17], [19, 22], [11, 15], [15, 13], [20, 13], [10, 8], [20, 0], [5, 22], [8, 14], [9, 16], [0, 19], [16, 20], [4, 19], [14, 15], [9, 17], [19, 9]]}