{"meta": {"number_of_robots": 1440, "description": {"parameters": {"seed": 5149, "shape": [60, 60], "obstacles": {"n": 0, "mean": 3, "std": 1.5}, "clusters": {"n": 5, "mean": 320, "std": 160.0, "relative_radius": 2, "increase_factor": 1.3, "start_dist": {"generator_name": "Image", "shape": [60, 60], "min": 0.0, "max": 6060.0, "mean": 2230.678611111111, "std": 1027.974392130392, "dtype": "uint64", "parameters": {"image": "buffalo_map.png", "transformer": {"name": "CityTransformer"}}}, "target_dist": {"generator_name": "Image", "shape": [60, 60], "min": 0.0, "max": 6060.0, "mean": 2230.678611111111, "std": 1027.974392130392, "dtype": "uint64", "parameters": {"image": "buffalo_map.png", "transformer": {"name": "CityTransformer"}}}}, "density": 0.4, "start_dist": {"generator_name": "Image", "shape": [60, 60], "min": 0.0, "max": 6060.0, "mean": 2230.678611111111, "std": 1027.974392130392, "dtype": "uint64", "parameters": {"image": "buffalo_map.png", "transformer": {"name": "CityTransformer"}}}, "target_dist": {"generator_name": "Image", "shape": [60, 60], "min": 0.0, "max": 6060.0, "mean": 2230.678611111111, "std": 1027.974392130392, "dtype": "uint64", "parameters": {"image": "buffalo_map.png", "transformer": {"name": "CityTransformer"}}}}, "stats": {"date": "2020-11-17", "free_area": 3600.0, "number_of_clustered_robots": 1440, "number_of_robots": 1440}}}, "name": "buffalo_free_003_60x60_40_1440", "obstacles": [], "starts": [[35, 2], [46, 32], [38, 40], [25, 46], [29, 47], [27, 42], [50, 41], [9, 39], [4, 40], [2, 54], [15, 25], [32, 52], [34, 47], [46, 44], [26, 42], [23, 55], [2, 34], [42, 40], [31, 53], [21, 26], [18, 37], [8, 56], [18, 56], [58, 28], [13, 56], [30, 35], [41, 33], [16, 58], [22, 33], [8, 55], [33, 45], [57, 33], [39, 35], [3, 38], [41, 23], [23, 45], [12, 50], [36, 11], [7, 55], [23, 52], [49, 2], [26, 46], [23, 58], [8, 54], [28, 8], [32, 51], [12, 55], [38, 2], [15, 51], [30, 39], [59, 40], [11, 40], [37, 52], [2, 56], [32, 5], [33, 38], [41, 58], [27, 5], [51, 29], [27, 51], [0, 48], [19, 58], [40, 30], [26, 51], [20, 42], [58, 37], [9, 35], [19, 40], [51, 15], [29, 51], [18, 40], [58, 8], [3, 44], [13, 35], [24, 58], [53, 10], [28, 46], [27, 35], [47, 13], [39, 41], [17, 51], [1, 42], [36, 16], [15, 52], [15, 45], [34, 48], [55, 37], [25, 44], [5, 52], [29, 38], [58, 6], [18, 49], [39, 56], [45, 12], [24, 51], [30, 56], [2, 53], [49, 38], [15, 44], [9, 45], [36, 20], [18, 38], [34, 51], [22, 46], [0, 33], [26, 37], [1, 56], [16, 2], [25, 42], [2, 45], [31, 5], [38, 38], [11, 46], [5, 55], [53, 25], [54, 32], [26, 40], [52, 8], [26, 52], [6, 51], [26, 39], [46, 12], [3, 47], [5, 58], [29, 17], [22, 55], [21, 54], [11, 37], [50, 37], [4, 31], [14, 42], [48, 23], [9, 43], [31, 28], [34, 34], [11, 41], [20, 36], [50, 33], [4, 49], [30, 30], [17, 35], [44, 41], [56, 39], [25, 47], [28, 41], [21, 5], [13, 54], [10, 58], [59, 20], [21, 52], [3, 50], [18, 45], [47, 21], [3, 28], [34, 56], [34, 23], [31, 41], [18, 53], [7, 53], [18, 32], [28, 31], [18, 48], [47, 15], [26, 41], [24, 46], [59, 4], [4, 43], [4, 41], [57, 43], [35, 28], [47, 35], [19, 41], [16, 40], [27, 31], [39, 21], [3, 48], [24, 56], [30, 17], [6, 56], [0, 55], [17, 29], [33, 34], [10, 49], [47, 41], [21, 47], [26, 36], [19, 54], [35, 10], [11, 52], [17, 48], [42, 2], [27, 39], [14, 49], [0, 36], [25, 40], [26, 31], [19, 43], [25, 22], [24, 40], [51, 41], [30, 58], [42, 18], [28, 52], [18, 59], [13, 53], [56, 5], [36, 30], [14, 44], [46, 39], [4, 56], [23, 39], [25, 35], [54, 36], [24, 59], [23, 4], [31, 38], [24, 47], [10, 59], [25, 25], [28, 48], [14, 33], [35, 12], [26, 45], [6, 49], [21, 38], [31, 12], [23, 40], [55, 30], [33, 36], [11, 55], [24, 32], [1, 49], [41, 39], [24, 45], [0, 47], [19, 22], [19, 52], [38, 29], [30, 53], [36, 42], [24, 37], [10, 35], [38, 12], [1, 39], [14, 51], [57, 28], [1, 52], [15, 53], [16, 43], [19, 26], [36, 46], [25, 39], [40, 9], [18, 55], [47, 28], [4, 55], [15, 54], [14, 54], [28, 2], [30, 34], [25, 38], [48, 37], [4, 54], [22, 30], [31, 36], [10, 44], [17, 58], [32, 36], [18, 50], [8, 35], [12, 58], [41, 34], [26, 34], [7, 46], [18, 8], [21, 58], [22, 47], [52, 31], [0, 38], [12, 51], [41, 2], [16, 51], [10, 47], [53, 40], [37, 33], [49, 22], [18, 51], [38, 36], [33, 8], [13, 50], [37, 41], [8, 53], [53, 32], [24, 30], [27, 40], [23, 22], [33, 53], [2, 52], [52, 22], [17, 53], [15, 49], [7, 54], [52, 5], [31, 34], [4, 52], [54, 40], [22, 40], [26, 55], [25, 34], [52, 32], [39, 28], [52, 33], [20, 43], [18, 43], [10, 34], [17, 49], [58, 9], [25, 54], [7, 38], [32, 34], [28, 42], [2, 49], [14, 36], [28, 6], [41, 49], [41, 22], [29, 34], [20, 52], [1, 54], [29, 16], [9, 56], [16, 53], [57, 39], [35, 36], [16, 48], [17, 42], [55, 29], [35, 40], [51, 34], [0, 52], [24, 36], [37, 24], [5, 41], [11, 54], [42, 44], [7, 42], [6, 44], [7, 57], [44, 44], [24, 48], [5, 48], [47, 14], [33, 42], [0, 57], [20, 54], [49, 32], [25, 53], [21, 35], [9, 50], [14, 52], [28, 56], [43, 3], [2, 47], [34, 46], [45, 40], [9, 54], [22, 36], [4, 48], [53, 38], [30, 9], [29, 32], [3, 51], [27, 10], [22, 57], [34, 40], [20, 27], [5, 56], [4, 45], [46, 19], [24, 54], [17, 36], [41, 35], [20, 37], [9, 55], [0, 56], [31, 37], [3, 45], [27, 46], [7, 36], [27, 20], [2, 55], [23, 46], [26, 25], [30, 45], [0, 50], [44, 34], [34, 26], [9, 59], [20, 51], [12, 44], [44, 15], [28, 37], [31, 45], [20, 28], [36, 48], [13, 55], [16, 27], [34, 55], [35, 53], [55, 15], [32, 40], [1, 57], [19, 48], [50, 38], [24, 49], [2, 36], [37, 15], [7, 28], [7, 52], [5, 49], [32, 22], [34, 59], [55, 35], [6, 57], [41, 6], [22, 37], [11, 58], [19, 55], [58, 12], [15, 47], [21, 29], [29, 25], [15, 56], [13, 47], [22, 59], [34, 28], [41, 55], [14, 48], [35, 7], [1, 47], [30, 31], [21, 23], [32, 57], [7, 44], [15, 40], [33, 23], [10, 53], [5, 37], [59, 46], [7, 43], [8, 58], [19, 36], [49, 27], [39, 37], [3, 37], [37, 19], [14, 37], [6, 53], [0, 58], [59, 26], [32, 53], [35, 30], [30, 26], [16, 54], [5, 32], [8, 43], [19, 28], [17, 52], [11, 51], [58, 20], [11, 49], [16, 52], [39, 12], [8, 49], [15, 34], [38, 33], [14, 53], [5, 45], [8, 50], [58, 40], [34, 4], [6, 52], [24, 53], [29, 11], [14, 45], [21, 34], [9, 51], [29, 22], [2, 33], [24, 50], [55, 39], [39, 30], [12, 57], [29, 42], [8, 37], [11, 33], [2, 51], [20, 35], [15, 32], [32, 46], [52, 9], [23, 59], [4, 50], [37, 25], [10, 39], [27, 37], [53, 42], [21, 49], [21, 46], [1, 37], [15, 50], [23, 29], [53, 12], [28, 49], [9, 36], [28, 26], [2, 50], [30, 49], [24, 38], [35, 19], [5, 28], [54, 18], [0, 53], [19, 47], [25, 58], [56, 8], [32, 47], [15, 55], [58, 15], [23, 54], [28, 35], [9, 53], [51, 26], [39, 36], [39, 17], [44, 38], [12, 42], [19, 44], [34, 29], [36, 21], [25, 33], [34, 39], [21, 57], [38, 17], [32, 37], [24, 33], [28, 10], [38, 49], [11, 57], [19, 56], [23, 37], [23, 36], [37, 36], [6, 39], [23, 57], [1, 51], [57, 17], [12, 35], [24, 28], [27, 22], [28, 47], [27, 57], [24, 41], [54, 3], [46, 31], [6, 29], [16, 36], [41, 27], [21, 28], [14, 50], [24, 23], [10, 41], [38, 30], [31, 27], [26, 54], [35, 48], [31, 43], [50, 34], [16, 55], [13, 57], [32, 28], [18, 52], [15, 28], [16, 8], [21, 37], [28, 38], [24, 43], [40, 12], [37, 38], [12, 33], [51, 19], [35, 29], [57, 37], [26, 44], [20, 59], [25, 50], [23, 19], [34, 45], [4, 59], [41, 13], [27, 50], [0, 59], [25, 30], [7, 39], [12, 36], [52, 38], [32, 50], [1, 44], [40, 34], [55, 28], [31, 40], [1, 38], [47, 44], [0, 51], [35, 44], [28, 39], [19, 16], [28, 59], [23, 24], [50, 27], [11, 38], [22, 58], [7, 37], [31, 18], [24, 44], [41, 47], [50, 4], [25, 48], [13, 40], [16, 49], [16, 42], [40, 56], [4, 47], [19, 7], [33, 48], [14, 40], [34, 21], [19, 45], [8, 52], [17, 40], [46, 13], [18, 30], [3, 58], [29, 39], [8, 38], [22, 54], [25, 41], [52, 40], [56, 42], [26, 48], [52, 42], [29, 33], [40, 32], [26, 56], [43, 43], [32, 56], [23, 38], [28, 15], [2, 32], [22, 45], [14, 34], [45, 9], [7, 47], [2, 58], [29, 40], [28, 54], [3, 40], [53, 7], [8, 45], [4, 51], [59, 23], [35, 57], [0, 42], [13, 37], [29, 26], [8, 31], [56, 36], [32, 54], [8, 34], [30, 22], [10, 55], [26, 28], [32, 12], [18, 42], [11, 32], [21, 59], [56, 2], [2, 59], [37, 30], [59, 16], [30, 57], [10, 57], [40, 40], [35, 23], [28, 32], [5, 34], [47, 38], [2, 42], [0, 40], [34, 19], [22, 43], [5, 31], [24, 25], [47, 27], [19, 51], [15, 46], [6, 43], [31, 29], [1, 58], [23, 44], [45, 39], [1, 53], [27, 54], [16, 39], [23, 48], [29, 58], [21, 36], [3, 56], [19, 33], [10, 54], [36, 13], [29, 41], [9, 46], [17, 23], [0, 39], [22, 29], [21, 56], [43, 45], [8, 32], [19, 50], [24, 39], [32, 58], [29, 29], [53, 37], [50, 9], [31, 47], [31, 39], [27, 47], [27, 9], [13, 46], [12, 53], [39, 34], [23, 33], [3, 49], [21, 51], [23, 10], [26, 50], [20, 44], [10, 50], [19, 59], [22, 50], [58, 41], [6, 46], [17, 45], [27, 36], [2, 57], [18, 54], [33, 46], [31, 42], [3, 54], [50, 31], [35, 42], [38, 25], [33, 57], [17, 56], [20, 38], [16, 21], [1, 41], [39, 29], [31, 2], [11, 50], [3, 53], [31, 48], [42, 45], [25, 37], [7, 40], [49, 24], [21, 45], [4, 37], [37, 32], [6, 35], [13, 52], [24, 55], [53, 41], [24, 34], [40, 43], [37, 12], [46, 30], [41, 56], [20, 50], [27, 59], [27, 38], [41, 48], [11, 34], [56, 38], [37, 44], [10, 43], [27, 24], [24, 57], [12, 40], [59, 43], [37, 54], [18, 39], [20, 53], [41, 42], [15, 36], [25, 52], [17, 43], [12, 46], [24, 42], [49, 43], [23, 42], [12, 48], [38, 44], [2, 48], [17, 46], [21, 31], [54, 37], [52, 16], [12, 43], [8, 33], [50, 43], [7, 51], [22, 51], [3, 52], [59, 42], [39, 42], [16, 41], [25, 9], [9, 52], [36, 43], [42, 19], [23, 35], [1, 45], [27, 43], [48, 34], [7, 35], [34, 49], [44, 22], [39, 58], [17, 57], [12, 41], [47, 19], [8, 29], [46, 34], [39, 43], [18, 46], [9, 57], [7, 56], [8, 41], [57, 29], [20, 40], [23, 56], [54, 11], [14, 43], [17, 50], [16, 44], [42, 11], [28, 30], [45, 14], [32, 42], [27, 55], [35, 49], [16, 38], [4, 39], [25, 49], [49, 42], [1, 50], [27, 45], [2, 38], [18, 4], [45, 27], [17, 37], [29, 36], [41, 21], [1, 59], [25, 36], [32, 18], [24, 52], [33, 47], [13, 51], [27, 41], [13, 39], [4, 57], [21, 4], [32, 45], [14, 57], [15, 39], [17, 34], [33, 29], [50, 7], [3, 55], [22, 49], [16, 50], [44, 12], [29, 35], [34, 41], [42, 35], [5, 29], [17, 39], [27, 33], [49, 37], [47, 39], [41, 41], [8, 39], [49, 40], [36, 59], [6, 55], [28, 11], [13, 42], [33, 41], [59, 9], [35, 50], [15, 57], [6, 38], [16, 26], [2, 46], [3, 43], [36, 18], [20, 48], [39, 39], [34, 44], [33, 32], [13, 41], [20, 45], [46, 33], [35, 52], [31, 54], [58, 27], [15, 42], [54, 19], [31, 50], [6, 48], [27, 44], [48, 25], [25, 45], [38, 55], [58, 4], [5, 44], [26, 57], [54, 46], [10, 51], [37, 28], [20, 32], [27, 58], [13, 43], [41, 50], [34, 13], [27, 56], [23, 28], [25, 29], [26, 49], [36, 28], [20, 41], [32, 20], [39, 53], [54, 26], [55, 23], [22, 34], [5, 57], [33, 43], [30, 36], [4, 42], [24, 29], [43, 20], [21, 40], [7, 45], [26, 59], [52, 19], [36, 41], [16, 57], [40, 38], [21, 43], [34, 37], [41, 43], [25, 59], [20, 33], [19, 49], [45, 26], [4, 33], [28, 34], [48, 20], [35, 41], [17, 59], [0, 49], [53, 26], [49, 8], [4, 35], [43, 5], [18, 41], [19, 38], [17, 54], [59, 32], [18, 44], [21, 55], [23, 31], [13, 36], [26, 47], [34, 42], [22, 13], [40, 47], [34, 57], [21, 42], [37, 29], [5, 42], [51, 9], [28, 57], [9, 47], [20, 6], [40, 58], [27, 52], [15, 41], [42, 34], [14, 58], [57, 31], [3, 57], [40, 52], [51, 13], [3, 46], [11, 53], [5, 54], [51, 4], [26, 29], [12, 39], [39, 18], [23, 47], [20, 57], [32, 23], [27, 53], [40, 29], [9, 44], [33, 17], [0, 46], [23, 49], [38, 43], [8, 40], [30, 52], [47, 12], [30, 44], [37, 43], [47, 33], [58, 30], [11, 43], [5, 53], [0, 44], [36, 23], [38, 47], [6, 41], [36, 25], [20, 49], [36, 36], [28, 45], [21, 33], [3, 39], [51, 37], [23, 51], [4, 53], [0, 29], [34, 16], [30, 40], [21, 41], [30, 46], [3, 42], [39, 57], [2, 43], [26, 8], [14, 55], [43, 30], [43, 28], [3, 59], [4, 58], [16, 47], [51, 16], [33, 33], [15, 31], [19, 39], [42, 15], [22, 41], [13, 45], [59, 14], [39, 38], [23, 43], [33, 52], [18, 21], [39, 49], [35, 34], [17, 38], [29, 46], [23, 50], [52, 36], [5, 50], [7, 33], [46, 16], [8, 51], [15, 48], [33, 56], [54, 22], [3, 36], [48, 32], [1, 35], [12, 31], [53, 31], [17, 41], [37, 59], [25, 26], [27, 34], [16, 34], [38, 7], [7, 41], [15, 43], [4, 28], [40, 45], [18, 35], [18, 29], [33, 10], [11, 56], [6, 50], [25, 15], [13, 49], [31, 55], [20, 39], [49, 16], [34, 58], [41, 46], [23, 2], [43, 29], [29, 45], [13, 29], [16, 56], [58, 31], [22, 53], [21, 53], [56, 30], [30, 29], [21, 39], [24, 24], [33, 58], [33, 59], [48, 40], [30, 37], [36, 54], [12, 49], [50, 8], [34, 33], [34, 38], [43, 12], [7, 58], [31, 33], [32, 39], [34, 25], [6, 31], [56, 3], [56, 32], [2, 35], [6, 54], [40, 35], [28, 16], [39, 59], [20, 34], [30, 10], [13, 59], [36, 29], [19, 34], [27, 21], [34, 31], [20, 47], [25, 10], [5, 51], [6, 28], [46, 15], [11, 35], [9, 34], [2, 44], [47, 37], [28, 36], [10, 40], [54, 35], [28, 50], [9, 48], [4, 36], [50, 30], [10, 31], [42, 28], [13, 33], [39, 14], [28, 58], [3, 41], [41, 45], [38, 37], [17, 44], [12, 45], [31, 26], [25, 51], [0, 37], [36, 55], [51, 46], [36, 56], [30, 38], [58, 39], [10, 46], [35, 32], [25, 23], [21, 50], [8, 36], [45, 22], [9, 42], [34, 36], [10, 52], [42, 43], [50, 39], [36, 51], [29, 56], [28, 19], [1, 40], [13, 38], [41, 30], [5, 40], [11, 28], [9, 58], [32, 8], [30, 48], [11, 36], [51, 40], [6, 40], [8, 46], [2, 39], [47, 3], [13, 31], [32, 35], [24, 22], [14, 35], [12, 54], [32, 15], [29, 59], [19, 42], [25, 17], [47, 29], [8, 30], [18, 58], [12, 59], [55, 36], [37, 55], [6, 47], [30, 16], [6, 37], [11, 45], [53, 13], [4, 38], [30, 28], [43, 34], [36, 45], [8, 47], [23, 34], [28, 28], [41, 44], [29, 44], [17, 11], [28, 44], [8, 57], [1, 43], [57, 24], [2, 41], [1, 48], [44, 23], [40, 48], [25, 57], [54, 28], [39, 52], [43, 41], [0, 34], [26, 43], [26, 53], [32, 43], [20, 58], [6, 58], [43, 14], [21, 48], [36, 44], [16, 45], [40, 24], [37, 51], [41, 12], [28, 33], [0, 45], [34, 43], [58, 14], [15, 35], [41, 32], [15, 38], [7, 50], [18, 34], [14, 41], [23, 41], [50, 29], [31, 35], [38, 18], [14, 46], [15, 59], [26, 38], [48, 39], [33, 51], [22, 38], [36, 8], [7, 48], [40, 49], [16, 33], [35, 33], [40, 55], [29, 54], [53, 17], [13, 48], [36, 58], [47, 2], [0, 54], [12, 29], [23, 53], [51, 7], [13, 58], [31, 51], [52, 24], [39, 31], [49, 36], [10, 56], [8, 44], [43, 17], [33, 30], [11, 42], [25, 20], [26, 35], [14, 47], [55, 43], [38, 58], [19, 53], [44, 5], [33, 28], [18, 57], [20, 56], [19, 23], [22, 39], [16, 46], [58, 13], [38, 32], [5, 39], [46, 46], [9, 38], [32, 49], [54, 41], [28, 53], [10, 45], [22, 44], [53, 39], [5, 38], [46, 2], [19, 57], [37, 49], [35, 21], [11, 47], [33, 39], [29, 52], [32, 17], [24, 31], [22, 42], [54, 14], [9, 40], [35, 37], [45, 13], [18, 33], [20, 55], [2, 40], [38, 10], [33, 54], [35, 47], [50, 19], [27, 49], [10, 28], [12, 56], [19, 20], [44, 35], [36, 39], [50, 40], [5, 43], [26, 58], [5, 59], [52, 18], [3, 33], [20, 29], [29, 20], [1, 46], [36, 32], [29, 49], [33, 4], [41, 52], [57, 10], [32, 41], [0, 41], [28, 55], [36, 37], [31, 52], [37, 46], [39, 40], [9, 41], [35, 45], [11, 44], [48, 44], [14, 28], [56, 31], [8, 42], [57, 7], [7, 59], [37, 31], [52, 44], [14, 38], [34, 35], [25, 43], [37, 11], [21, 32], [9, 37], [27, 7], [27, 32], [30, 43], [17, 55], [30, 13], [36, 33], [30, 33], [32, 48], [40, 28], [4, 44], [39, 19], [22, 48], [27, 48], [57, 22], [31, 58], [5, 47], [30, 41], [43, 40], [37, 56], [22, 8], [14, 56], [9, 30], [57, 35]], "targets": [[36, 19], [25, 59], [26, 40], [14, 22], [22, 38], [51, 59], [37, 8], [44, 50], [21, 29], [48, 48], [38, 9], [58, 45], [25, 45], [53, 11], [6, 24], [49, 54], [54, 56], [45, 2], [44, 43], [56, 26], [45, 52], [7, 40], [59, 37], [45, 30], [23, 36], [27, 38], [49, 3], [9, 24], [27, 47], [31, 37], [54, 13], [26, 59], [18, 42], [37, 26], [54, 15], [17, 37], [52, 57], [55, 28], [59, 42], [23, 34], [37, 10], [6, 27], [39, 50], [58, 50], [54, 19], [53, 59], [49, 42], [46, 14], [9, 21], [46, 53], [59, 4], [59, 38], [46, 35], [3, 25], [52, 28], [56, 43], [29, 39], [39, 23], [22, 54], [19, 51], [58, 28], [21, 33], [38, 22], [43, 35], [35, 49], [45, 14], [50, 53], [13, 20], [43, 18], [35, 31], [57, 40], [44, 12], [29, 59], [58, 44], [10, 24], [46, 26], [48, 43], [40, 47], [46, 9], [35, 42], [20, 28], [51, 45], [47, 15], [49, 35], [46, 27], [30, 49], [17, 59], [40, 42], [14, 12], [18, 51], [40, 12], [25, 41], [34, 49], [54, 21], [8, 22], [23, 28], [28, 46], [57, 14], [38, 31], [4, 28], [55, 17], [58, 33], [26, 38], [55, 10], [27, 27], [16, 57], [14, 28], [47, 9], [42, 37], [21, 44], [56, 29], [18, 46], [20, 10], [29, 26], [52, 24], [29, 55], [44, 46], [44, 23], [28, 31], [10, 38], [48, 39], [55, 6], [45, 40], [15, 50], [36, 1], [7, 26], [56, 34], [41, 34], [53, 14], [48, 34], [54, 49], [49, 23], [3, 22], [41, 32], [49, 7], [53, 50], [39, 58], [57, 10], [21, 28], [20, 35], [30, 26], [39, 16], [14, 57], [41, 59], [32, 28], [41, 11], [19, 40], [44, 48], [41, 3], [31, 56], [21, 48], [15, 37], [42, 10], [53, 40], [38, 47], [48, 27], [40, 39], [32, 46], [8, 38], [41, 17], [55, 43], [55, 26], [45, 10], [38, 34], [20, 23], [57, 21], [18, 48], [59, 29], [57, 6], [33, 43], [30, 57], [44, 57], [1, 33], [35, 32], [58, 2], [27, 34], [28, 58], [48, 29], [17, 24], [26, 43], [49, 21], [31, 26], [24, 51], [42, 29], [16, 24], [42, 24], [20, 34], [45, 19], [28, 36], [16, 51], [47, 12], [12, 36], [50, 40], [36, 26], [39, 10], [40, 36], [15, 29], [40, 25], [31, 52], [16, 55], [22, 50], [59, 21], [34, 44], [15, 54], [21, 36], [36, 20], [16, 54], [23, 53], [48, 1], [56, 39], [2, 34], [57, 37], [49, 25], [15, 42], [36, 2], [25, 54], [37, 36], [1, 21], [48, 13], [35, 44], [33, 54], [56, 7], [42, 57], [7, 18], [52, 55], [53, 25], [46, 39], [24, 47], [39, 9], [27, 33], [43, 56], [8, 21], [58, 27], [56, 54], [23, 26], [52, 12], [19, 37], [50, 39], [22, 59], [50, 0], [49, 58], [56, 57], [43, 7], [3, 38], [31, 59], [51, 14], [24, 37], [39, 34], [17, 23], [59, 17], [45, 53], [26, 32], [54, 5], [27, 55], [20, 53], [51, 43], [6, 25], [25, 33], [47, 4], [28, 47], [22, 32], [54, 8], [21, 27], [58, 39], [37, 27], [25, 37], [22, 42], [52, 8], [0, 16], [32, 48], [46, 34], [39, 14], [26, 48], [36, 51], [39, 13], [20, 25], [36, 31], [42, 19], [24, 24], [21, 34], [46, 2], [13, 39], [46, 43], [29, 47], [52, 51], [59, 28], [52, 31], [31, 50], [50, 8], [18, 13], [17, 49], [29, 58], [59, 2], [39, 43], [7, 27], [40, 9], [47, 58], [37, 44], [50, 20], [41, 54], [16, 52], [13, 19], [48, 21], [49, 36], [57, 30], [56, 1], [58, 40], [19, 27], [34, 41], [40, 5], [22, 36], [14, 56], [54, 22], [41, 56], [23, 54], [7, 9], [52, 19], [37, 40], [34, 46], [46, 1], [34, 48], [2, 19], [46, 37], [56, 15], [39, 46], [53, 18], [24, 33], [40, 33], [14, 24], [38, 28], [22, 45], [31, 41], [41, 5], [16, 45], [0, 23], [26, 51], [40, 22], [48, 59], [22, 51], [28, 30], [50, 38], [45, 6], [9, 38], [51, 55], [53, 28], [47, 29], [16, 27], [44, 38], [49, 1], [48, 28], [40, 55], [51, 31], [48, 32], [21, 21], [36, 33], [49, 22], [47, 44], [51, 7], [25, 35], [6, 10], [27, 54], [43, 23], [46, 57], [59, 39], [47, 0], [20, 14], [22, 56], [46, 42], [20, 47], [40, 4], [19, 35], [43, 51], [59, 8], [0, 11], [15, 49], [47, 10], [27, 39], [53, 36], [39, 24], [4, 39], [23, 38], [49, 53], [44, 29], [31, 33], [37, 54], [58, 3], [16, 33], [47, 50], [27, 50], [46, 19], [23, 59], [7, 21], [49, 20], [22, 58], [22, 33], [26, 47], [41, 10], [19, 53], [36, 46], [21, 38], [45, 26], [35, 52], [40, 27], [43, 9], [38, 43], [9, 23], [38, 27], [33, 27], [15, 51], [48, 0], [44, 47], [54, 41], [15, 28], [46, 25], [16, 46], [32, 47], [41, 16], [50, 42], [6, 36], [47, 52], [39, 28], [28, 40], [25, 52], [58, 34], [53, 31], [50, 31], [5, 29], [26, 53], [55, 15], [23, 24], [39, 41], [41, 15], [19, 38], [44, 52], [40, 37], [55, 24], [41, 57], [49, 26], [58, 22], [17, 32], [24, 52], [53, 17], [47, 56], [17, 41], [4, 24], [40, 10], [34, 37], [50, 32], [48, 20], [42, 42], [18, 10], [34, 47], [23, 55], [41, 19], [18, 41], [43, 12], [34, 34], [23, 49], [7, 32], [42, 12], [31, 43], [23, 51], [55, 16], [10, 18], [55, 46], [29, 29], [40, 20], [19, 52], [26, 52], [42, 27], [1, 26], [25, 44], [41, 28], [45, 43], [27, 59], [52, 2], [3, 23], [23, 45], [40, 56], [26, 55], [37, 6], [52, 52], [58, 37], [58, 13], [21, 9], [28, 37], [25, 51], [40, 16], [45, 38], [19, 8], [39, 26], [39, 56], [31, 46], [49, 2], [50, 59], [36, 38], [7, 17], [42, 15], [53, 55], [24, 56], [36, 18], [48, 56], [15, 20], [41, 31], [23, 33], [36, 28], [20, 52], [28, 56], [50, 4], [29, 32], [5, 28], [47, 43], [45, 4], [26, 54], [20, 36], [59, 12], [21, 23], [28, 43], [26, 39], [59, 7], [40, 54], [46, 11], [40, 57], [7, 37], [49, 33], [48, 23], [49, 49], [54, 42], [48, 26], [9, 29], [17, 39], [56, 31], [49, 19], [17, 54], [48, 15], [25, 49], [1, 19], [23, 25], [25, 50], [49, 4], [22, 31], [41, 47], [7, 38], [58, 15], [51, 25], [26, 46], [39, 29], [15, 55], [11, 20], [43, 52], [52, 15], [17, 52], [59, 27], [59, 40], [27, 45], [8, 15], [36, 29], [34, 31], [39, 52], [55, 18], [35, 58], [13, 27], [48, 49], [51, 5], [28, 48], [49, 34], [29, 33], [37, 9], [39, 57], [16, 26], [51, 4], [46, 51], [37, 43], [58, 23], [0, 13], [20, 38], [23, 57], [38, 6], [25, 34], [27, 43], [41, 13], [8, 37], [27, 36], [38, 17], [27, 25], [26, 50], [5, 8], [57, 28], [20, 37], [28, 54], [39, 19], [17, 58], [30, 58], [51, 28], [19, 36], [34, 54], [48, 16], [48, 52], [27, 52], [49, 11], [0, 34], [44, 58], [36, 17], [24, 26], [44, 40], [44, 16], [51, 53], [7, 39], [36, 55], [40, 21], [34, 42], [59, 50], [45, 13], [5, 15], [55, 41], [24, 43], [50, 6], [33, 41], [51, 1], [14, 52], [43, 41], [15, 25], [42, 39], [40, 23], [59, 46], [29, 46], [37, 17], [16, 39], [37, 33], [40, 45], [40, 13], [59, 33], [0, 33], [48, 10], [26, 49], [35, 57], [56, 13], [33, 30], [36, 48], [18, 24], [41, 26], [31, 58], [57, 52], [51, 19], [20, 51], [11, 27], [32, 58], [50, 7], [21, 54], [36, 39], [49, 5], [49, 31], [18, 33], [10, 22], [48, 18], [21, 49], [50, 25], [39, 30], [45, 31], [5, 39], [34, 43], [53, 4], [28, 39], [34, 30], [44, 11], [30, 44], [12, 26], [38, 30], [59, 41], [31, 39], [43, 28], [32, 57], [17, 35], [43, 32], [37, 25], [28, 51], [14, 50], [51, 30], [24, 44], [47, 31], [21, 25], [36, 49], [57, 24], [58, 38], [46, 58], [11, 32], [58, 16], [55, 51], [35, 33], [57, 23], [34, 51], [20, 31], [50, 43], [54, 11], [43, 38], [29, 28], [49, 29], [2, 30], [25, 40], [53, 3], [23, 47], [45, 33], [36, 21], [22, 53], [35, 25], [21, 35], [38, 40], [49, 27], [39, 45], [46, 29], [37, 21], [2, 33], [55, 42], [39, 11], [53, 37], [55, 32], [58, 10], [13, 30], [31, 55], [27, 31], [42, 2], [44, 44], [33, 52], [45, 3], [14, 38], [48, 53], [34, 40], [54, 20], [25, 57], [20, 24], [52, 26], [56, 24], [32, 37], [28, 52], [38, 15], [17, 46], [23, 29], [15, 34], [39, 5], [22, 39], [24, 42], [50, 22], [48, 51], [1, 27], [23, 27], [38, 10], [47, 59], [52, 20], [26, 35], [37, 39], [11, 36], [53, 20], [23, 35], [42, 51], [50, 11], [33, 55], [6, 38], [54, 25], [40, 0], [36, 59], [14, 49], [36, 56], [57, 0], [49, 28], [10, 36], [41, 49], [39, 18], [25, 38], [23, 39], [46, 28], [21, 8], [44, 35], [53, 43], [44, 17], [50, 56], [55, 40], [42, 3], [1, 8], [34, 38], [49, 0], [24, 34], [59, 54], [17, 36], [42, 23], [45, 50], [16, 48], [48, 3], [19, 57], [22, 34], [32, 35], [5, 18], [52, 25], [27, 48], [53, 32], [55, 9], [24, 45], [3, 37], [36, 4], [23, 58], [39, 59], [56, 28], [49, 44], [5, 38], [34, 33], [37, 13], [29, 35], [53, 42], [50, 28], [11, 14], [43, 36], [42, 8], [53, 38], [25, 42], [43, 26], [20, 26], [42, 59], [41, 43], [14, 58], [48, 7], [48, 38], [53, 48], [41, 9], [19, 20], [42, 34], [40, 53], [37, 16], [36, 35], [14, 37], [59, 14], [24, 28], [28, 38], [47, 24], [49, 59], [33, 39], [9, 32], [50, 21], [37, 31], [38, 24], [41, 12], [56, 37], [1, 38], [30, 47], [50, 24], [15, 36], [18, 52], [59, 36], [48, 2], [41, 52], [12, 9], [48, 41], [36, 25], [55, 59], [32, 51], [38, 29], [16, 25], [37, 38], [39, 53], [43, 31], [57, 32], [52, 5], [33, 34], [13, 29], [58, 48], [46, 3], [30, 33], [25, 32], [59, 20], [21, 26], [57, 51], [41, 35], [40, 19], [19, 50], [53, 52], [22, 49], [48, 9], [15, 30], [22, 57], [52, 30], [54, 52], [15, 32], [1, 18], [38, 11], [42, 54], [41, 58], [37, 18], [16, 35], [48, 50], [13, 37], [50, 29], [38, 50], [44, 31], [22, 25], [48, 36], [17, 27], [42, 21], [47, 49], [56, 50], [44, 21], [35, 48], [6, 35], [41, 33], [19, 54], [44, 5], [39, 55], [46, 45], [54, 14], [48, 57], [14, 11], [44, 22], [27, 46], [45, 42], [50, 9], [56, 53], [11, 37], [49, 48], [51, 15], [18, 53], [58, 41], [53, 7], [10, 13], [15, 48], [28, 42], [55, 23], [51, 48], [10, 33], [48, 22], [55, 45], [40, 43], [20, 48], [43, 59], [41, 27], [34, 26], [14, 29], [24, 31], [36, 15], [32, 41], [41, 40], [37, 29], [11, 16], [32, 32], [53, 21], [56, 32], [30, 51], [37, 7], [36, 57], [9, 28], [36, 44], [57, 1], [34, 39], [44, 53], [53, 27], [2, 35], [19, 47], [33, 40], [47, 5], [57, 49], [16, 56], [52, 21], [32, 31], [12, 40], [39, 38], [44, 27], [38, 44], [28, 32], [52, 9], [4, 20], [49, 37], [48, 25], [36, 10], [45, 46], [35, 35], [51, 12], [18, 14], [58, 35], [58, 20], [29, 56], [45, 35], [11, 18], [55, 25], [27, 40], [30, 34], [37, 12], [46, 56], [3, 31], [30, 38], [15, 57], [40, 1], [59, 34], [46, 7], [27, 37], [54, 43], [0, 31], [55, 14], [35, 36], [31, 36], [47, 8], [46, 46], [11, 26], [25, 25], [58, 29], [43, 37], [43, 58], [37, 2], [30, 43], [14, 25], [36, 3], [38, 57], [57, 41], [47, 2], [50, 33], [3, 20], [34, 24], [20, 56], [29, 37], [55, 11], [54, 36], [59, 57], [46, 5], [16, 16], [35, 41], [44, 55], [43, 10], [34, 52], [5, 35], [47, 16], [37, 42], [49, 55], [58, 11], [54, 58], [42, 55], [6, 34], [38, 7], [37, 45], [27, 41], [51, 16], [8, 31], [47, 37], [43, 22], [22, 30], [23, 50], [16, 53], [55, 7], [58, 49], [5, 16], [24, 36], [38, 1], [42, 33], [26, 45], [37, 23], [21, 32], [34, 59], [51, 26], [58, 31], [17, 50], [51, 21], [43, 57], [2, 40], [58, 47], [55, 21], [51, 38], [54, 51], [41, 22], [16, 40], [28, 50], [25, 31], [57, 31], [56, 46], [36, 14], [24, 53], [16, 29], [33, 25], [39, 35], [50, 3], [27, 30], [45, 57], [11, 29], [56, 0], [51, 37], [43, 30], [43, 29], [25, 47], [15, 27], [55, 58], [57, 2], [15, 44], [56, 12], [29, 41], [44, 33], [13, 24], [54, 28], [30, 35], [57, 36], [42, 17], [38, 37], [20, 19], [40, 48], [59, 23], [46, 44], [28, 49], [51, 39], [38, 38], [46, 0], [16, 36], [52, 34], [47, 19], [32, 27], [54, 59], [44, 10], [1, 28], [32, 36], [29, 43], [39, 17], [22, 35], [52, 39], [56, 22], [12, 14], [18, 49], [42, 31], [33, 59], [32, 53], [2, 25], [49, 13], [38, 58], [30, 56], [46, 20], [14, 53], [32, 52], [38, 54], [5, 40], [36, 22], [51, 40], [36, 50], [59, 19], [16, 41], [19, 22], [47, 13], [57, 58], [31, 47], [46, 17], [51, 24], [22, 55], [5, 21], [38, 14], [43, 40], [55, 56], [42, 0], [12, 38], [26, 31], [54, 55], [43, 16], [43, 55], [39, 21], [24, 57], [32, 34], [14, 27], [29, 40], [36, 7], [27, 32], [24, 39], [55, 5], [18, 23], [32, 43], [50, 58], [39, 25], [57, 50], [13, 31], [50, 16], [39, 31], [41, 50], [51, 3], [52, 40], [37, 34], [10, 23], [54, 2], [43, 33], [40, 32], [54, 1], [40, 40], [13, 25], [43, 50], [36, 24], [48, 54], [18, 56], [42, 53], [56, 21], [26, 24], [16, 11], [45, 37], [36, 16], [50, 36], [56, 55], [58, 21], [11, 11], [22, 24], [49, 38], [45, 9], [43, 53], [29, 31], [43, 14], [0, 14], [53, 57], [47, 3], [33, 44], [45, 32], [38, 2], [13, 35], [41, 55], [54, 34], [46, 30], [24, 49], [56, 33], [30, 41], [53, 22], [15, 23], [49, 45], [55, 20], [55, 27], [24, 46], [8, 11], [46, 12], [50, 54], [54, 45], [45, 24], [35, 53], [42, 32], [16, 38], [59, 18], [38, 53], [57, 55], [59, 22], [39, 51], [4, 16], [51, 10], [31, 48], [17, 33], [44, 30], [24, 58], [52, 46], [51, 27], [18, 18], [56, 9], [44, 39], [57, 27], [55, 29], [36, 34], [1, 31], [44, 15], [33, 57], [57, 42], [56, 4], [30, 55], [6, 40], [57, 46], [51, 0], [28, 33], [54, 26], [57, 3], [31, 44], [3, 19], [26, 28], [51, 23], [31, 57], [10, 32], [42, 18], [28, 53], [30, 31], [14, 59], [53, 46], [53, 8], [54, 57], [18, 40], [50, 45], [41, 2], [42, 25], [51, 54], [45, 12], [8, 30], [41, 38], [32, 56], [49, 16], [17, 34], [41, 21], [38, 39], [0, 37], [56, 40], [45, 15], [45, 56], [57, 54], [57, 25], [15, 33], [52, 33], [50, 35], [37, 4], [14, 51], [18, 31], [36, 8], [40, 29], [2, 32], [52, 56], [59, 24], [54, 47], [35, 38], [46, 8], [7, 8], [26, 34], [43, 25], [54, 3], [19, 32], [55, 50], [41, 24], [21, 14], [48, 33], [51, 2], [49, 39], [21, 31], [9, 37], [40, 26], [30, 53], [37, 50], [40, 31], [57, 35], [29, 51], [51, 36], [8, 18], [45, 22], [57, 33], [59, 48], [54, 0], [33, 35], [17, 20], [57, 13], [38, 32], [55, 33], [48, 30], [24, 35], [19, 29], [29, 49], [42, 30], [26, 42], [46, 33], [39, 2], [33, 32], [8, 19], [43, 13], [47, 45], [18, 37], [40, 18], [17, 51], [21, 22], [29, 34], [28, 57], [29, 45], [49, 15], [27, 26], [50, 47], [46, 4], [8, 20], [23, 48], [16, 58], [57, 20], [15, 53], [9, 39], [37, 5], [33, 37], [39, 54], [37, 24], [26, 37], [20, 59], [18, 28], [46, 31], [28, 28], [30, 48], [36, 30], [10, 25], [37, 55], [33, 26], [52, 0], [17, 55], [37, 51], [39, 6], [22, 28], [13, 8], [35, 34], [46, 6], [28, 41], [36, 37], [40, 24], [7, 28], [44, 36], [33, 24], [57, 17], [37, 52], [57, 29], [30, 27], [21, 40], [51, 41], [41, 0], [55, 31], [52, 58], [43, 8], [9, 25], [45, 49], [51, 50], [55, 4], [15, 38], [17, 57], [28, 35], [47, 6], [21, 13], [47, 48], [53, 6], [35, 28], [59, 32], [3, 34], [36, 13], [54, 37], [48, 58], [37, 3], [47, 42], [26, 41], [10, 28], [59, 13], [50, 34], [45, 21], [23, 31], [49, 32], [6, 17], [41, 8], [26, 36], [25, 24], [45, 7], [20, 45], [2, 31], [54, 27], [25, 53], [25, 36], [42, 22], [40, 44], [33, 33], [56, 23]]}