{"meta": {"number_of_robots": 2160, "description": {"parameters": {"seed": 7756, "shape": [60, 60], "obstacles": {"n": 0, "mean": 3, "std": 1.5}, "clusters": {"n": 0, "mean": 10, "std": 5.0, "relative_radius": 2, "increase_factor": 1.3, "start_dist": {"generator_name": "Image", "shape": [60, 60], "min": 0.0, "max": 6060.0, "mean": 2230.678611111111, "std": 1027.974392130392, "dtype": "uint64", "parameters": {"image": "buffalo_map.png", "transformer": {"name": "CityTransformer"}}}, "target_dist": {"generator_name": "Image", "shape": [60, 60], "min": 0.0, "max": 6060.0, "mean": 2230.678611111111, "std": 1027.974392130392, "dtype": "uint64", "parameters": {"image": "buffalo_map.png", "transformer": {"name": "CityTransformer"}}}}, "density": 0.6, "start_dist": {"generator_name": "Image", "shape": [60, 60], "min": 0.0, "max": 6060.0, "mean": 2230.678611111111, "std": 1027.974392130392, "dtype": "uint64", "parameters": {"image": "buffalo_map.png", "transformer": {"name": "CityTransformer"}}}, "target_dist": {"generator_name": "Image", "shape": [60, 60], "min": 0.0, "max": 6060.0, "mean": 2230.678611111111, "std": 1027.974392130392, "dtype": "uint64", "parameters": {"image": "buffalo_map.png", "transformer": {"name": "CityTransformer"}}}}, "stats": {"date": "2020-11-17", "free_area": 3600.0, "number_of_clustered_robots": 0, "number_of_robots": 2160}}}, "name": "buffalo_free_004_60x60_60_2160", "obstacles": [], "starts": [[59, 39], [33, 6], [26, 49], [28, 26], [10, 57], [32, 37], [7, 28], [21, 32], [31, 2], [49, 39], [27, 22], [48, 15], [47, 40], [33, 18], [4, 55], [39, 46], [36, 10], [40, 21], [42, 23], [48, 2], [56, 48], [46, 39], [46, 36], [52, 10], [22, 5], [45, 13], [34, 14], [29, 42], [37, 54], [29, 22], [41, 10], [43, 32], [2, 23], [9, 56], [21, 25], [29, 9], [58, 23], [17, 58], [3, 33], [26, 39], [36, 21], [0, 57], [17, 51], [34, 48], [6, 51], [29, 50], [25, 17], [2, 44], [37, 25], [38, 25], [36, 59], [41, 5], [22, 18], [31, 9], [15, 35], [5, 17], [34, 58], [49, 7], [49, 21], [19, 23], [22, 37], [43, 29], [30, 18], [19, 59], [25, 33], [56, 0], [19, 50], [42, 35], [44, 49], [30, 36], [7, 52], [5, 49], [34, 1], [36, 15], [3, 52], [6, 40], [58, 34], [16, 21], [54, 32], [37, 22], [40, 59], [56, 31], [29, 15], [23, 53], [11, 52], [35, 52], [11, 27], [1, 23], [45, 43], [21, 33], [10, 34], [17, 46], [24, 29], [50, 33], [57, 19], [30, 38], [59, 48], [17, 21], [50, 57], [52, 5], [14, 31], [8, 52], [51, 24], [30, 40], [46, 54], [36, 42], [40, 41], [9, 29], [27, 11], [31, 39], [34, 0], [6, 50], [43, 10], [39, 5], [14, 55], [32, 34], [47, 37], [31, 17], [23, 54], [23, 46], [32, 14], [32, 8], [54, 45], [39, 15], [23, 49], [7, 35], [16, 43], [36, 0], [56, 50], [59, 14], [1, 56], [24, 58], [13, 17], [54, 27], [50, 41], [34, 24], [30, 11], [11, 44], [6, 43], [38, 50], [36, 2], [10, 28], [0, 26], [34, 16], [39, 27], [48, 40], [56, 8], [36, 11], [36, 30], [18, 8], [47, 13], [37, 9], [27, 53], [32, 9], [27, 13], [12, 38], [49, 41], [29, 33], [50, 43], [30, 45], [50, 18], [16, 15], [20, 4], [4, 53], [41, 12], [39, 17], [10, 29], [39, 50], [54, 2], [53, 9], [47, 38], [50, 35], [38, 47], [51, 53], [42, 22], [27, 1], [16, 58], [4, 18], [25, 29], [20, 51], [18, 50], [31, 46], [7, 53], [14, 27], [26, 30], [37, 12], [3, 38], [51, 27], [30, 52], [30, 47], [28, 56], [34, 19], [29, 29], [20, 54], [35, 48], [38, 27], [11, 46], [6, 49], [23, 32], [30, 27], [36, 22], [15, 25], [26, 34], [50, 47], [50, 3], [46, 3], [38, 11], [46, 9], [28, 7], [26, 1], [40, 58], [45, 7], [5, 48], [44, 17], [41, 54], [55, 33], [40, 1], [55, 22], [40, 48], [2, 51], [52, 59], [33, 34], [25, 24], [33, 50], [47, 25], [23, 36], [55, 16], [37, 28], [27, 52], [18, 18], [29, 34], [53, 42], [28, 37], [58, 43], [40, 51], [59, 16], [24, 43], [26, 51], [55, 54], [14, 25], [4, 10], [28, 36], [31, 13], [35, 24], [29, 39], [55, 29], [49, 11], [25, 22], [4, 32], [11, 37], [9, 51], [12, 33], [51, 6], [23, 52], [37, 55], [29, 26], [5, 13], [43, 15], [9, 4], [28, 40], [4, 54], [47, 17], [43, 53], [31, 8], [56, 45], [21, 24], [51, 32], [31, 29], [14, 36], [54, 44], [39, 28], [24, 32], [35, 0], [16, 51], [43, 21], [50, 27], [44, 15], [43, 31], [19, 38], [24, 5], [37, 1], [57, 16], [24, 55], [31, 18], [36, 27], [34, 6], [33, 33], [1, 53], [22, 36], [53, 22], [37, 35], [24, 33], [28, 59], [27, 38], [9, 20], [17, 4], [5, 35], [48, 7], [41, 19], [2, 56], [42, 39], [56, 9], [2, 42], [49, 10], [45, 17], [31, 38], [31, 0], [7, 27], [14, 0], [52, 31], [58, 29], [4, 48], [9, 37], [50, 31], [29, 8], [41, 36], [17, 40], [16, 52], [48, 28], [3, 31], [1, 31], [3, 42], [22, 24], [23, 51], [10, 56], [14, 15], [37, 43], [36, 13], [13, 51], [16, 27], [43, 51], [19, 52], [27, 30], [42, 56], [48, 23], [14, 54], [39, 3], [28, 19], [30, 29], [34, 23], [20, 23], [59, 31], [43, 14], [26, 50], [56, 34], [48, 39], [37, 7], [58, 41], [52, 13], [56, 33], [14, 29], [50, 59], [31, 6], [25, 46], [9, 42], [36, 16], [47, 7], [32, 10], [52, 38], [2, 59], [15, 50], [28, 2], [20, 57], [29, 14], [3, 47], [26, 53], [32, 44], [24, 38], [27, 33], [46, 52], [28, 39], [26, 36], [35, 15], [23, 58], [27, 6], [21, 51], [59, 0], [27, 2], [1, 20], [44, 0], [49, 3], [54, 15], [35, 56], [13, 35], [9, 35], [46, 7], [23, 19], [28, 9], [44, 30], [23, 47], [36, 14], [21, 44], [24, 41], [22, 59], [47, 10], [31, 10], [47, 3], [16, 25], [44, 14], [12, 31], [37, 41], [39, 8], [29, 18], [52, 26], [55, 40], [15, 24], [52, 43], [56, 22], [24, 25], [12, 49], [21, 52], [2, 29], [31, 20], [13, 43], [40, 8], [56, 35], [23, 34], [28, 33], [37, 24], [58, 54], [22, 23], [46, 30], [52, 42], [43, 43], [16, 49], [27, 0], [54, 49], [50, 16], [33, 13], [9, 0], [42, 16], [4, 26], [53, 20], [44, 22], [44, 29], [33, 15], [52, 2], [32, 3], [14, 34], [19, 31], [26, 54], [18, 21], [38, 37], [42, 19], [2, 7], [52, 54], [42, 18], [2, 46], [6, 18], [25, 10], [0, 20], [35, 23], [59, 34], [46, 22], [4, 59], [20, 17], [0, 29], [48, 47], [29, 59], [47, 43], [2, 57], [20, 28], [34, 15], [12, 43], [33, 7], [48, 5], [8, 17], [12, 0], [41, 40], [12, 27], [49, 2], [1, 48], [16, 41], [58, 45], [26, 10], [57, 53], [12, 36], [46, 35], [37, 0], [36, 25], [26, 25], [22, 58], [0, 3], [44, 40], [15, 27], [18, 53], [22, 54], [7, 45], [32, 21], [21, 17], [22, 31], [44, 18], [5, 32], [45, 16], [50, 0], [45, 37], [10, 23], [53, 6], [24, 48], [31, 25], [17, 50], [27, 47], [37, 16], [48, 30], [20, 55], [56, 36], [28, 21], [55, 51], [10, 40], [55, 11], [18, 16], [51, 15], [42, 31], [1, 55], [33, 24], [29, 20], [58, 42], [33, 29], [51, 25], [43, 33], [24, 35], [45, 51], [28, 47], [22, 38], [58, 46], [27, 17], [24, 27], [38, 5], [52, 27], [44, 7], [58, 28], [50, 21], [45, 25], [29, 52], [14, 20], [39, 23], [49, 46], [16, 32], [40, 55], [45, 0], [31, 12], [35, 29], [34, 28], [12, 51], [32, 20], [43, 18], [38, 9], [38, 23], [34, 11], [19, 33], [52, 7], [15, 19], [54, 28], [48, 56], [21, 26], [42, 24], [34, 10], [26, 28], [30, 35], [11, 29], [13, 50], [41, 23], [12, 15], [56, 1], [47, 53], [40, 9], [31, 40], [10, 58], [55, 30], [47, 39], [33, 53], [3, 54], [9, 59], [54, 24], [27, 31], [2, 58], [51, 1], [26, 32], [35, 21], [51, 58], [49, 30], [20, 53], [7, 22], [48, 0], [43, 25], [57, 31], [37, 19], [59, 47], [53, 23], [32, 19], [3, 50], [14, 59], [59, 20], [33, 38], [57, 3], [8, 47], [33, 40], [40, 56], [48, 33], [37, 47], [0, 38], [38, 15], [0, 35], [58, 44], [31, 36], [45, 27], [56, 19], [14, 43], [42, 38], [54, 58], [48, 21], [37, 10], [27, 18], [36, 41], [1, 30], [31, 14], [6, 16], [23, 21], [14, 57], [32, 28], [27, 44], [45, 58], [53, 5], [17, 47], [20, 35], [2, 12], [35, 53], [21, 19], [50, 53], [26, 9], [6, 54], [9, 40], [35, 13], [10, 49], [37, 17], [9, 45], [22, 15], [9, 34], [28, 44], [2, 22], [3, 58], [45, 49], [1, 14], [35, 11], [41, 58], [41, 32], [48, 46], [8, 12], [24, 53], [0, 31], [42, 55], [47, 29], [27, 37], [45, 40], [58, 57], [51, 34], [43, 20], [23, 24], [22, 47], [28, 18], [36, 8], [55, 18], [51, 16], [20, 41], [10, 35], [21, 9], [58, 20], [34, 38], [42, 17], [15, 14], [7, 41], [25, 31], [41, 3], [37, 40], [28, 6], [12, 2], [39, 21], [1, 59], [56, 18], [53, 32], [48, 14], [8, 36], [10, 6], [3, 49], [16, 0], [55, 15], [52, 28], [24, 23], [58, 40], [26, 21], [37, 13], [13, 57], [34, 35], [0, 16], [22, 48], [33, 57], [15, 32], [2, 16], [41, 46], [26, 24], [25, 44], [32, 23], [40, 44], [44, 53], [21, 56], [53, 41], [6, 44], [54, 55], [39, 30], [27, 26], [29, 4], [26, 8], [41, 29], [58, 50], [14, 50], [25, 42], [30, 19], [43, 9], [37, 14], [6, 48], [15, 56], [28, 14], [38, 59], [44, 9], [34, 3], [48, 27], [42, 49], [4, 47], [46, 40], [35, 40], [51, 50], [16, 40], [48, 17], [51, 11], [13, 29], [25, 0], [23, 39], [51, 55], [57, 55], [20, 38], [43, 59], [16, 54], [8, 41], [41, 22], [39, 19], [46, 8], [28, 27], [1, 22], [51, 18], [1, 29], [52, 48], [40, 28], [45, 21], [28, 53], [40, 50], [28, 31], [32, 49], [46, 18], [14, 21], [19, 35], [34, 37], [8, 53], [40, 33], [6, 4], [35, 20], [3, 51], [2, 13], [26, 46], [7, 50], [7, 6], [5, 47], [56, 12], [24, 46], [46, 37], [40, 26], [37, 34], [24, 34], [14, 48], [52, 21], [26, 17], [33, 54], [52, 46], [5, 40], [36, 23], [1, 58], [54, 5], [24, 1], [8, 51], [52, 15], [1, 47], [31, 28], [14, 28], [33, 20], [35, 18], [27, 25], [33, 42], [14, 53], [24, 18], [58, 2], [10, 54], [38, 43], [17, 59], [50, 52], [46, 31], [17, 37], [44, 33], [6, 30], [43, 23], [21, 59], [24, 39], [42, 47], [2, 49], [36, 17], [26, 38], [53, 11], [32, 50], [51, 21], [6, 39], [15, 52], [35, 8], [21, 40], [58, 47], [57, 43], [30, 25], [1, 49], [19, 19], [24, 24], [56, 39], [31, 11], [35, 35], [46, 17], [55, 20], [8, 30], [19, 44], [30, 20], [21, 36], [9, 27], [24, 21], [28, 30], [27, 8], [15, 54], [4, 16], [40, 14], [42, 7], [43, 54], [19, 53], [35, 22], [36, 50], [28, 17], [57, 1], [10, 52], [44, 12], [8, 55], [4, 42], [38, 24], [44, 51], [32, 7], [27, 3], [31, 33], [41, 48], [55, 45], [33, 55], [56, 6], [13, 12], [22, 30], [18, 27], [36, 20], [33, 25], [25, 26], [44, 1], [38, 41], [3, 22], [8, 7], [58, 22], [39, 42], [31, 23], [39, 49], [45, 47], [34, 12], [35, 47], [48, 57], [11, 50], [50, 25], [44, 46], [18, 11], [0, 13], [9, 38], [29, 30], [11, 18], [42, 37], [15, 44], [45, 38], [5, 39], [15, 43], [44, 42], [29, 25], [41, 14], [58, 37], [51, 2], [2, 11], [13, 58], [24, 15], [34, 26], [24, 36], [29, 21], [9, 41], [38, 21], [42, 10], [37, 6], [45, 6], [27, 45], [40, 11], [45, 11], [31, 22], [47, 0], [5, 55], [58, 48], [26, 35], [29, 37], [35, 32], [9, 50], [30, 22], [36, 7], [50, 54], [32, 12], [20, 47], [34, 25], [54, 7], [18, 15], [4, 46], [42, 21], [42, 50], [41, 51], [32, 18], [35, 28], [20, 52], [43, 22], [48, 6], [44, 37], [30, 37], [0, 36], [22, 10], [50, 24], [8, 26], [28, 38], [39, 52], [34, 21], [8, 19], [25, 59], [11, 54], [56, 13], [8, 45], [55, 48], [39, 11], [9, 47], [12, 1], [45, 46], [22, 13], [42, 52], [18, 24], [11, 21], [28, 22], [8, 43], [23, 37], [54, 31], [56, 55], [9, 54], [12, 29], [52, 23], [47, 32], [51, 19], [25, 27], [27, 32], [35, 19], [2, 8], [45, 8], [25, 32], [2, 52], [27, 10], [3, 3], [0, 2], [27, 35], [54, 34], [58, 16], [47, 24], [56, 57], [1, 28], [29, 13], [54, 3], [30, 9], [24, 30], [23, 20], [5, 50], [31, 26], [31, 16], [3, 29], [4, 28], [4, 57], [28, 1], [55, 49], [27, 20], [30, 41], [54, 1], [41, 21], [12, 25], [32, 56], [46, 6], [33, 59], [42, 41], [42, 32], [7, 38], [48, 37], [25, 16], [21, 31], [14, 22], [45, 39], [26, 5], [46, 57], [7, 0], [58, 21], [52, 17], [21, 37], [25, 34], [4, 15], [23, 33], [40, 30], [0, 15], [13, 40], [35, 26], [7, 47], [22, 41], [41, 38], [10, 46], [57, 20], [29, 0], [32, 16], [7, 43], [55, 27], [32, 40], [46, 49], [46, 38], [1, 51], [31, 21], [59, 30], [59, 23], [37, 44], [35, 42], [41, 1], [53, 17], [56, 54], [13, 37], [33, 0], [27, 5], [9, 46], [16, 57], [4, 13], [43, 34], [48, 19], [11, 49], [26, 45], [15, 53], [16, 35], [21, 47], [16, 3], [26, 59], [41, 31], [23, 27], [28, 35], [2, 54], [25, 21], [26, 47], [29, 24], [17, 38], [44, 57], [51, 56], [44, 8], [52, 58], [38, 34], [30, 3], [47, 6], [34, 34], [17, 54], [0, 28], [0, 58], [34, 45], [39, 4], [7, 42], [33, 14], [15, 46], [2, 41], [52, 47], [49, 5], [59, 27], [55, 19], [12, 34], [53, 35], [37, 29], [49, 40], [1, 25], [35, 27], [1, 50], [51, 57], [29, 19], [18, 49], [30, 26], [42, 34], [40, 49], [29, 6], [0, 42], [53, 7], [33, 35], [19, 47], [31, 53], [20, 37], [25, 25], [41, 33], [32, 42], [26, 22], [12, 39], [29, 43], [39, 29], [56, 37], [14, 19], [33, 26], [50, 5], [51, 35], [42, 57], [22, 32], [33, 19], [46, 4], [55, 39], [40, 19], [11, 8], [24, 26], [9, 18], [59, 4], [41, 35], [53, 54], [53, 14], [11, 41], [59, 42], [43, 56], [54, 29], [54, 25], [13, 27], [16, 56], [43, 40], [10, 43], [30, 23], [13, 49], [40, 40], [13, 52], [38, 32], [47, 51], [2, 32], [18, 17], [23, 9], [31, 34], [21, 8], [6, 22], [36, 4], [46, 19], [37, 51], [15, 42], [59, 26], [35, 5], [50, 56], [53, 10], [24, 45], [2, 19], [9, 24], [8, 18], [0, 48], [51, 30], [5, 24], [39, 13], [16, 50], [6, 45], [47, 30], [58, 32], [8, 58], [47, 41], [5, 56], [47, 5], [50, 2], [35, 49], [12, 22], [36, 9], [16, 23], [25, 3], [5, 58], [44, 47], [19, 54], [50, 46], [21, 27], [51, 13], [58, 35], [59, 29], [37, 26], [40, 57], [12, 50], [53, 16], [1, 32], [55, 38], [8, 54], [24, 2], [4, 49], [36, 47], [46, 32], [32, 6], [57, 54], [26, 41], [34, 39], [48, 51], [50, 49], [23, 23], [10, 17], [55, 23], [31, 32], [37, 31], [2, 35], [57, 23], [50, 36], [54, 47], [7, 36], [7, 40], [27, 21], [11, 55], [45, 59], [24, 54], [53, 18], [10, 1], [32, 15], [0, 17], [42, 46], [7, 34], [51, 20], [53, 21], [19, 48], [0, 41], [37, 23], [39, 9], [10, 32], [1, 57], [4, 52], [59, 21], [31, 3], [56, 26], [23, 25], [23, 38], [40, 15], [30, 10], [36, 33], [49, 9], [53, 40], [48, 10], [14, 52], [41, 15], [34, 4], [42, 59], [38, 18], [25, 23], [7, 33], [24, 28], [2, 14], [36, 12], [10, 39], [18, 38], [10, 59], [21, 4], [4, 35], [31, 15], [49, 42], [0, 52], [11, 42], [8, 34], [39, 2], [18, 51], [47, 12], [27, 12], [27, 40], [11, 33], [56, 15], [28, 46], [22, 57], [35, 57], [7, 58], [30, 6], [30, 1], [40, 20], [12, 21], [45, 42], [5, 30], [5, 19], [13, 31], [46, 20], [57, 39], [33, 28], [51, 42], [39, 40], [15, 51], [14, 16], [39, 39], [19, 14], [57, 7], [9, 22], [25, 2], [38, 19], [43, 30], [28, 20], [36, 48], [15, 37], [10, 51], [59, 33], [21, 20], [48, 31], [57, 27], [12, 58], [25, 43], [54, 30], [17, 39], [26, 31], [11, 25], [6, 27], [26, 16], [32, 17], [52, 53], [40, 22], [33, 30], [50, 19], [41, 56], [46, 13], [33, 2], [22, 53], [56, 29], [35, 7], [11, 30], [38, 13], [36, 58], [31, 59], [3, 39], [6, 23], [17, 55], [47, 33], [45, 53], [41, 16], [33, 22], [57, 13], [47, 9], [53, 0], [13, 13], [28, 41], [25, 4], [32, 22], [45, 32], [5, 34], [47, 19], [57, 5], [0, 22], [33, 58], [7, 9], [23, 11], [20, 29], [48, 18], [29, 3], [38, 26], [16, 34], [2, 48], [46, 14], [42, 30], [35, 14], [0, 12], [11, 38], [16, 28], [47, 50], [7, 7], [41, 9], [23, 48], [37, 5], [17, 49], [39, 41], [3, 35], [44, 11], [52, 56], [14, 39], [45, 15], [40, 35], [52, 19], [43, 11], [13, 20], [20, 48], [28, 57], [21, 35], [32, 46], [49, 56], [52, 20], [46, 5], [38, 10], [17, 8], [23, 45], [35, 38], [13, 18], [43, 49], [51, 23], [11, 19], [51, 52], [50, 8], [3, 1], [38, 17], [25, 18], [56, 14], [12, 42], [30, 34], [12, 53], [30, 21], [4, 34], [48, 20], [11, 16], [54, 37], [49, 45], [34, 17], [56, 11], [56, 28], [36, 18], [25, 15], [26, 40], [45, 52], [29, 55], [28, 49], [5, 0], [11, 45], [5, 25], [41, 30], [40, 27], [36, 28], [5, 18], [41, 57], [4, 37], [14, 9], [55, 58], [16, 26], [46, 47], [5, 27], [57, 57], [59, 50], [40, 53], [34, 22], [12, 12], [55, 14], [57, 22], [24, 50], [45, 12], [23, 26], [25, 30], [59, 15], [9, 32], [13, 54], [17, 20], [55, 56], [39, 59], [50, 32], [57, 41], [43, 24], [21, 30], [35, 17], [34, 20], [1, 37], [55, 53], [46, 41], [1, 44], [25, 37], [45, 1], [43, 45], [54, 13], [8, 35], [27, 9], [57, 8], [17, 34], [59, 6], [0, 1], [33, 27], [40, 4], [28, 8], [12, 19], [47, 1], [52, 36], [41, 24], [56, 25], [31, 42], [31, 19], [52, 18], [47, 45], [49, 27], [16, 31], [28, 52], [46, 12], [10, 44], [41, 17], [2, 43], [0, 44], [22, 28], [30, 32], [46, 51], [20, 43], [32, 45], [0, 25], [27, 49], [31, 52], [0, 33], [33, 45], [26, 15], [40, 2], [34, 18], [53, 46], [31, 24], [28, 25], [41, 37], [34, 46], [5, 52], [13, 36], [46, 25], [6, 15], [37, 33], [29, 36], [0, 39], [38, 3], [16, 4], [3, 19], [40, 23], [25, 56], [3, 55], [33, 21], [0, 24], [27, 27], [28, 11], [57, 38], [34, 43], [47, 34], [30, 14], [41, 53], [8, 8], [15, 30], [38, 58], [3, 56], [6, 52], [15, 48], [30, 57], [57, 45], [12, 54], [57, 17], [30, 7], [0, 55], [45, 50], [37, 8], [51, 38], [56, 2], [5, 12], [52, 16], [37, 38], [22, 25], [10, 12], [24, 4], [31, 58], [8, 44], [1, 42], [13, 14], [21, 28], [56, 58], [59, 38], [28, 50], [49, 49], [46, 2], [53, 1], [5, 4], [41, 8], [59, 40], [50, 48], [13, 30], [36, 29], [18, 32], [14, 30], [19, 55], [42, 40], [49, 1], [18, 35], [14, 45], [32, 27], [16, 55], [32, 11], [50, 20], [32, 43], [43, 46], [6, 13], [26, 29], [34, 27], [53, 48], [54, 21], [28, 58], [51, 22], [41, 39], [44, 31], [36, 40], [57, 0], [25, 47], [56, 47], [48, 36], [38, 29], [51, 7], [23, 30], [7, 55], [45, 10], [17, 29], [3, 46], [36, 35], [33, 8], [8, 25], [44, 48], [15, 4], [26, 55], [56, 59], [12, 45], [55, 12], [25, 35], [33, 41], [49, 47], [45, 34], [31, 37], [37, 15], [31, 45], [38, 7], [55, 6], [53, 8], [2, 30], [45, 26], [35, 2], [12, 57], [56, 49], [54, 4], [15, 41], [53, 49], [43, 17], [30, 30], [28, 29], [9, 23], [58, 15], [29, 23], [32, 13], [22, 12], [4, 21], [41, 2], [29, 10], [39, 16], [37, 42], [36, 1], [46, 42], [54, 53], [37, 4], [55, 44], [40, 5], [37, 59], [18, 56], [17, 35], [14, 33], [18, 46], [40, 45], [25, 40], [41, 43], [38, 31], [56, 27], [49, 52], [43, 55], [31, 31], [59, 36], [55, 24], [58, 36], [58, 49], [49, 28], [53, 27], [50, 34], [20, 50], [47, 14], [20, 33], [0, 10], [14, 41], [2, 36], [33, 52], [13, 39], [5, 31], [9, 43], [45, 41], [35, 25], [38, 6], [52, 37], [20, 34], [8, 2], [28, 13], [40, 18], [49, 44], [7, 24], [49, 31], [47, 44], [32, 55], [39, 26], [5, 28], [39, 14], [21, 38], [2, 50], [41, 47], [59, 9], [36, 34], [39, 25], [36, 3], [11, 53], [23, 44], [8, 28], [59, 17], [37, 57], [25, 48], [44, 44], [39, 24], [4, 58], [30, 5], [44, 27], [0, 46], [30, 39], [41, 13], [33, 36], [57, 52], [10, 3], [43, 50], [3, 53], [3, 34], [54, 16], [17, 33], [38, 2], [3, 0], [48, 48], [55, 31], [5, 16], [36, 32], [46, 21], [30, 28], [9, 7], [14, 17], [31, 1], [40, 7], [34, 8], [4, 25], [42, 1], [27, 59], [13, 19], [15, 55], [24, 59], [37, 2], [42, 43], [22, 40], [42, 8], [35, 3], [38, 42], [3, 40], [19, 21], [23, 56], [13, 7], [39, 55], [11, 28], [37, 49], [5, 53], [7, 37], [59, 53], [37, 21], [32, 35], [28, 45], [44, 54], [41, 7], [44, 36], [22, 42], [40, 43], [44, 26], [27, 4], [22, 51], [30, 2], [34, 5], [53, 12], [6, 24], [22, 22], [34, 55], [46, 46], [43, 26], [55, 5], [10, 55], [42, 20], [58, 39], [27, 58], [6, 38], [5, 42], [1, 39], [56, 3], [26, 43], [17, 1], [33, 31], [6, 0], [9, 53], [54, 22], [16, 33], [39, 20], [2, 2], [40, 3], [26, 18], [25, 36], [11, 51], [41, 42], [7, 32], [24, 37], [7, 1], [56, 5], [5, 51], [35, 41], [8, 32], [47, 26], [27, 7], [40, 37], [20, 21], [34, 42], [17, 32], [19, 57], [29, 11], [45, 33], [30, 17], [7, 51], [9, 16], [34, 7], [17, 44], [43, 35], [50, 38], [24, 8], [3, 36], [20, 20], [11, 22], [1, 26], [38, 0], [3, 26], [20, 16], [29, 7], [44, 23], [29, 48], [0, 45], [15, 49], [20, 8], [53, 38], [17, 36], [2, 37], [42, 15], [6, 33], [10, 50], [56, 43], [5, 5], [33, 32], [39, 33], [17, 22], [12, 28], [5, 37], [49, 4], [39, 58], [54, 11], [49, 17], [56, 23], [25, 41], [18, 23], [27, 46], [45, 35], [6, 57], [29, 1], [49, 51], [52, 24], [44, 2], [0, 40], [15, 29], [19, 45], [47, 49], [27, 19], [56, 30], [22, 27], [53, 33], [59, 8], [20, 59], [21, 45], [44, 32], [12, 7], [57, 49], [47, 2], [47, 27], [23, 2], [51, 12], [2, 26], [39, 0], [29, 57], [50, 12], [19, 40], [59, 54], [54, 17], [49, 25], [33, 39], [0, 27], [54, 9], [33, 37], [17, 25], [39, 47], [44, 58], [52, 6], [18, 5], [14, 2], [29, 17], [41, 28], [58, 6], [1, 12], [53, 44], [0, 51], [33, 10], [43, 13], [5, 38], [36, 6], [57, 48], [52, 0], [54, 26], [36, 45], [28, 5], [11, 43], [37, 50], [35, 58], [53, 58], [16, 36], [36, 39], [25, 14], [37, 36], [58, 17], [16, 30], [32, 29], [42, 3], [3, 37], [47, 8], [4, 19], [57, 33], [57, 44], [47, 42], [31, 57], [7, 19], [30, 55], [30, 31], [25, 49], [8, 42], [11, 39], [58, 31], [26, 20], [37, 11], [24, 31], [53, 19], [52, 55], [2, 38], [34, 32], [25, 38], [6, 31], [18, 20], [43, 8], [18, 54], [51, 10], [52, 33], [5, 44], [28, 48], [59, 25], [19, 4], [36, 31], [9, 17], [13, 56], [32, 51], [28, 10], [2, 53], [33, 46], [21, 34], [54, 35], [41, 6], [25, 57], [4, 24], [55, 28], [23, 22], [42, 28], [32, 5], [55, 50], [47, 15], [58, 24], [3, 44], [37, 27], [50, 13], [40, 38], [42, 53], [3, 30], [25, 53], [34, 31], [48, 29], [15, 22], [28, 42], [38, 30], [53, 47], [19, 22], [10, 18], [57, 21], [12, 52], [56, 44], [2, 15], [26, 27], [18, 34], [37, 32], [39, 48], [5, 23], [34, 41], [54, 23], [26, 44], [31, 5], [49, 22], [31, 41], [2, 20], [10, 53], [10, 14], [47, 52], [58, 18], [35, 43], [54, 20], [38, 38], [41, 50], [20, 49], [14, 49], [13, 23], [55, 57], [48, 11], [0, 59], [37, 46], [58, 38], [12, 17], [28, 4], [19, 30], [46, 11], [44, 34], [41, 11], [36, 55], [3, 59], [5, 36], [2, 25], [24, 52], [36, 46], [54, 6], [35, 4], [16, 8], [49, 24], [46, 33], [11, 59], [15, 36], [38, 52], [35, 54], [40, 17], [20, 13], [31, 48], [47, 48], [21, 58], [32, 31], [49, 55], [25, 58], [38, 22], [53, 53], [6, 29], [30, 4], [7, 20], [41, 4], [2, 55], [41, 25], [11, 57], [54, 18], [44, 16], [17, 26], [45, 48], [42, 25], [59, 44], [32, 25], [6, 53], [6, 12], [35, 34], [30, 33], [43, 2], [18, 36], [24, 42], [21, 50], [30, 51], [22, 33], [49, 53], [8, 50], [3, 28], [15, 38], [38, 49], [52, 30], [9, 31], [13, 26], [59, 3], [22, 16], [44, 28], [18, 44], [58, 3], [11, 20], [32, 36], [44, 24], [30, 8], [20, 26], [18, 30], [52, 50], [12, 32], [7, 13], [21, 22], [49, 48], [58, 59], [54, 39], [46, 27], [9, 11], [14, 38], [27, 14], [54, 19], [57, 11], [49, 19], [52, 14], [4, 12], [25, 11], [30, 59], [20, 36], [39, 38], [40, 13], [38, 40], [23, 40], [33, 43], [35, 45], [40, 25], [28, 3], [48, 53], [26, 14], [53, 2], [45, 57], [36, 57], [45, 3], [58, 7], [30, 56], [5, 43], [50, 9], [22, 19], [48, 45], [25, 1], [12, 59], [7, 11], [58, 53], [55, 55], [2, 21], [51, 36], [53, 36], [16, 20], [17, 10], [15, 23]], "targets": [[28, 14], [45, 43], [21, 38], [29, 13], [23, 25], [26, 8], [25, 36], [42, 33], [28, 23], [53, 37], [37, 44], [37, 26], [27, 8], [36, 26], [32, 13], [0, 2], [5, 50], [28, 20], [53, 2], [55, 57], [4, 41], [48, 4], [2, 46], [20, 44], [7, 17], [18, 21], [6, 55], [58, 20], [43, 38], [37, 53], [36, 15], [6, 54], [28, 47], [40, 10], [43, 26], [22, 56], [49, 9], [31, 6], [6, 17], [17, 41], [52, 15], [16, 49], [40, 28], [39, 44], [7, 24], [4, 58], [54, 40], [3, 57], [47, 36], [12, 22], [41, 36], [33, 23], [35, 16], [39, 41], [15, 38], [5, 19], [43, 7], [8, 4], [15, 15], [57, 55], [57, 31], [9, 24], [21, 18], [5, 20], [37, 9], [20, 36], [21, 34], [59, 32], [10, 53], [28, 37], [56, 2], [32, 38], [25, 40], [25, 49], [51, 38], [53, 15], [36, 40], [1, 53], [22, 49], [30, 5], [5, 17], [16, 55], [39, 48], [45, 57], [55, 19], [32, 4], [39, 10], [59, 44], [48, 28], [51, 49], [33, 34], [54, 51], [48, 41], [35, 13], [23, 5], [59, 53], [2, 43], [38, 25], [25, 42], [13, 48], [40, 25], [38, 11], [58, 46], [29, 20], [46, 44], [34, 51], [31, 15], [25, 47], [20, 26], [54, 35], [26, 19], [6, 15], [1, 45], [42, 24], [4, 22], [2, 23], [2, 28], [25, 25], [55, 53], [41, 1], [29, 3], [33, 15], [21, 31], [4, 56], [52, 42], [54, 33], [0, 19], [4, 7], [9, 53], [24, 37], [19, 11], [4, 59], [0, 44], [16, 24], [40, 35], [30, 14], [23, 37], [51, 32], [29, 51], [40, 17], [3, 16], [34, 41], [39, 27], [29, 50], [53, 50], [9, 16], [9, 28], [33, 32], [41, 48], [0, 54], [30, 3], [17, 40], [26, 2], [23, 22], [33, 55], [16, 16], [51, 6], [1, 36], [48, 39], [36, 25], [6, 28], [54, 7], [22, 4], [15, 45], [5, 42], [43, 25], [16, 51], [56, 6], [7, 34], [11, 42], [48, 1], [18, 55], [49, 39], [29, 18], [50, 49], [18, 42], [5, 41], [27, 27], [38, 18], [26, 42], [29, 6], [23, 36], [2, 31], [39, 25], [50, 17], [29, 11], [19, 15], [30, 27], [29, 25], [47, 0], [43, 22], [40, 59], [47, 17], [31, 42], [26, 21], [43, 24], [12, 9], [13, 2], [48, 30], [32, 41], [42, 49], [42, 12], [9, 27], [58, 15], [6, 51], [6, 8], [21, 23], [51, 36], [20, 40], [28, 38], [3, 23], [35, 56], [55, 51], [39, 18], [34, 52], [6, 30], [16, 50], [34, 40], [23, 27], [59, 17], [36, 7], [17, 36], [22, 25], [25, 51], [22, 59], [8, 17], [29, 9], [33, 29], [50, 57], [48, 51], [28, 18], [29, 29], [0, 56], [4, 1], [43, 6], [35, 8], [55, 56], [51, 3], [31, 28], [28, 16], [8, 44], [4, 48], [31, 49], [27, 19], [5, 21], [34, 46], [31, 14], [55, 48], [43, 58], [9, 18], [29, 2], [36, 49], [45, 15], [34, 27], [8, 30], [34, 18], [23, 48], [13, 55], [8, 46], [48, 16], [48, 11], [33, 13], [4, 29], [26, 51], [51, 51], [49, 6], [44, 50], [23, 15], [18, 49], [25, 9], [51, 0], [43, 59], [53, 45], [26, 12], [27, 25], [14, 53], [9, 20], [22, 28], [32, 34], [48, 8], [43, 1], [29, 54], [38, 42], [44, 36], [31, 38], [57, 34], [29, 15], [36, 31], [49, 58], [58, 59], [52, 0], [56, 15], [41, 4], [59, 48], [32, 48], [21, 27], [54, 28], [28, 41], [17, 20], [58, 44], [54, 26], [29, 14], [31, 39], [45, 39], [27, 20], [11, 50], [26, 46], [24, 31], [30, 21], [50, 0], [59, 22], [30, 47], [26, 44], [24, 26], [57, 38], [19, 39], [32, 29], [55, 54], [17, 1], [32, 6], [13, 31], [5, 49], [10, 40], [12, 28], [15, 9], [53, 51], [14, 39], [13, 26], [12, 27], [33, 33], [46, 11], [31, 35], [43, 12], [56, 0], [38, 38], [33, 16], [45, 49], [23, 26], [14, 4], [33, 26], [38, 53], [44, 8], [46, 14], [54, 29], [7, 20], [53, 18], [33, 39], [2, 30], [2, 55], [13, 38], [3, 48], [30, 2], [23, 28], [48, 27], [25, 16], [38, 4], [40, 26], [3, 31], [29, 10], [46, 3], [40, 31], [24, 39], [25, 37], [16, 36], [33, 4], [41, 33], [56, 7], [30, 15], [9, 12], [1, 30], [33, 18], [33, 40], [52, 6], [26, 17], [23, 59], [29, 59], [26, 33], [29, 16], [26, 16], [30, 49], [12, 29], [50, 19], [10, 19], [30, 10], [37, 18], [0, 37], [3, 1], [43, 48], [56, 30], [28, 10], [27, 14], [34, 28], [28, 30], [42, 35], [9, 26], [41, 28], [35, 42], [52, 3], [14, 56], [9, 56], [15, 22], [12, 13], [24, 25], [9, 57], [26, 35], [25, 41], [21, 32], [11, 25], [4, 51], [27, 17], [35, 33], [26, 23], [31, 33], [33, 8], [24, 21], [48, 57], [36, 21], [38, 44], [57, 11], [10, 55], [32, 59], [0, 46], [35, 18], [0, 24], [19, 53], [8, 34], [58, 38], [59, 20], [26, 31], [26, 32], [9, 6], [25, 8], [48, 32], [58, 50], [47, 12], [29, 33], [10, 45], [8, 45], [5, 22], [44, 14], [30, 37], [25, 52], [54, 36], [33, 58], [7, 44], [19, 49], [43, 35], [51, 33], [45, 13], [5, 59], [40, 32], [21, 39], [28, 59], [31, 19], [13, 21], [33, 31], [5, 53], [40, 5], [28, 35], [23, 31], [34, 47], [41, 6], [56, 44], [14, 49], [9, 45], [20, 27], [22, 21], [45, 21], [21, 36], [23, 29], [46, 7], [3, 20], [33, 35], [53, 5], [46, 9], [20, 52], [25, 35], [30, 19], [51, 13], [22, 30], [59, 39], [40, 12], [6, 57], [13, 45], [38, 48], [26, 43], [45, 40], [3, 53], [42, 36], [49, 32], [15, 4], [23, 56], [23, 46], [56, 59], [35, 24], [10, 50], [6, 26], [57, 47], [35, 53], [36, 44], [43, 42], [4, 27], [54, 58], [27, 21], [35, 1], [59, 58], [20, 54], [6, 20], [41, 9], [48, 46], [26, 14], [37, 27], [40, 27], [53, 30], [44, 5], [25, 22], [51, 10], [48, 38], [48, 31], [30, 0], [27, 3], [1, 29], [20, 34], [7, 4], [52, 34], [57, 28], [40, 29], [2, 34], [48, 13], [54, 27], [25, 44], [50, 2], [14, 9], [36, 13], [33, 9], [48, 52], [53, 3], [25, 31], [32, 7], [17, 24], [10, 39], [11, 27], [12, 24], [45, 51], [38, 5], [25, 45], [29, 55], [20, 28], [25, 21], [20, 58], [53, 52], [38, 50], [42, 27], [31, 26], [28, 52], [15, 50], [35, 21], [0, 11], [4, 46], [1, 48], [5, 52], [4, 57], [0, 30], [4, 44], [6, 24], [9, 42], [48, 9], [31, 22], [8, 53], [13, 52], [0, 28], [39, 1], [13, 32], [35, 39], [33, 37], [16, 57], [59, 1], [33, 43], [58, 23], [54, 17], [5, 29], [30, 50], [52, 54], [28, 57], [56, 51], [46, 32], [14, 23], [53, 23], [30, 40], [36, 18], [49, 46], [44, 52], [35, 52], [59, 23], [1, 42], [38, 56], [48, 3], [28, 43], [29, 26], [27, 5], [21, 17], [15, 54], [18, 13], [30, 4], [12, 7], [15, 3], [49, 55], [18, 4], [20, 57], [4, 20], [30, 30], [24, 28], [24, 1], [50, 45], [51, 26], [43, 0], [3, 34], [47, 40], [25, 34], [49, 0], [38, 7], [37, 21], [5, 54], [30, 48], [27, 45], [7, 29], [4, 26], [36, 0], [9, 1], [51, 19], [16, 43], [46, 39], [12, 54], [15, 46], [53, 38], [53, 6], [31, 37], [14, 50], [54, 18], [35, 20], [14, 47], [46, 54], [5, 48], [12, 31], [51, 7], [18, 51], [54, 39], [51, 42], [12, 25], [57, 23], [2, 38], [47, 54], [39, 43], [0, 39], [9, 4], [39, 29], [18, 19], [48, 33], [22, 53], [15, 19], [56, 10], [20, 20], [43, 14], [27, 22], [50, 33], [29, 30], [38, 58], [36, 42], [2, 36], [34, 0], [26, 3], [47, 10], [17, 44], [38, 21], [46, 53], [41, 2], [43, 39], [46, 16], [14, 46], [47, 3], [36, 38], [45, 29], [56, 5], [16, 53], [48, 18], [37, 20], [46, 49], [24, 47], [22, 52], [11, 26], [27, 13], [36, 8], [59, 51], [11, 58], [52, 27], [55, 28], [29, 41], [18, 59], [35, 15], [55, 20], [26, 28], [21, 48], [45, 30], [24, 44], [33, 47], [15, 23], [2, 19], [38, 15], [10, 23], [37, 55], [57, 46], [41, 34], [2, 25], [52, 55], [42, 42], [33, 44], [46, 55], [50, 28], [13, 28], [4, 49], [10, 52], [21, 24], [51, 23], [17, 56], [31, 20], [46, 50], [26, 15], [3, 30], [39, 42], [39, 23], [23, 21], [8, 54], [41, 40], [33, 7], [3, 55], [1, 24], [46, 45], [1, 14], [4, 17], [3, 36], [12, 53], [40, 18], [37, 17], [37, 13], [37, 32], [57, 20], [33, 28], [28, 22], [37, 25], [51, 25], [16, 40], [54, 14], [29, 32], [29, 1], [14, 15], [36, 28], [39, 13], [51, 27], [58, 22], [21, 35], [44, 18], [34, 53], [51, 56], [16, 48], [39, 35], [3, 45], [29, 37], [54, 3], [16, 0], [9, 47], [58, 1], [58, 53], [23, 23], [28, 7], [27, 41], [26, 59], [0, 27], [42, 40], [56, 38], [29, 56], [31, 12], [49, 16], [13, 39], [18, 53], [6, 53], [44, 23], [55, 42], [48, 47], [48, 54], [10, 46], [23, 40], [49, 56], [58, 45], [56, 49], [2, 44], [58, 7], [15, 14], [48, 45], [48, 43], [7, 21], [39, 21], [5, 25], [40, 14], [38, 43], [37, 14], [41, 30], [54, 21], [57, 2], [32, 53], [42, 5], [46, 21], [50, 35], [27, 49], [57, 29], [44, 59], [52, 20], [57, 40], [2, 54], [42, 22], [57, 50], [13, 49], [26, 40], [21, 53], [42, 52], [25, 29], [27, 12], [41, 57], [45, 37], [23, 47], [34, 10], [56, 1], [42, 26], [0, 32], [28, 1], [38, 17], [1, 26], [49, 17], [22, 22], [3, 46], [30, 22], [58, 24], [38, 9], [58, 51], [5, 33], [10, 57], [48, 29], [55, 59], [46, 10], [10, 20], [41, 56], [34, 25], [31, 57], [36, 10], [30, 16], [57, 57], [3, 51], [41, 47], [23, 3], [59, 13], [43, 34], [28, 26], [25, 10], [11, 20], [34, 6], [37, 5], [10, 51], [52, 28], [52, 59], [20, 32], [4, 4], [12, 47], [29, 27], [6, 41], [58, 42], [26, 30], [7, 36], [44, 22], [21, 50], [28, 46], [59, 57], [14, 5], [54, 4], [24, 32], [28, 40], [5, 28], [2, 52], [8, 3], [1, 34], [26, 25], [32, 10], [30, 33], [17, 25], [54, 20], [44, 16], [34, 15], [5, 46], [57, 30], [56, 36], [40, 16], [37, 41], [55, 24], [20, 22], [49, 11], [52, 7], [45, 8], [57, 33], [31, 48], [11, 19], [42, 21], [44, 20], [58, 11], [0, 40], [10, 41], [21, 37], [44, 7], [48, 0], [14, 48], [59, 4], [49, 20], [25, 26], [27, 35], [30, 7], [32, 42], [55, 55], [28, 44], [47, 5], [40, 23], [3, 49], [42, 9], [51, 21], [0, 55], [23, 34], [38, 1], [28, 31], [34, 57], [50, 6], [56, 57], [37, 11], [2, 6], [41, 24], [36, 58], [58, 14], [47, 8], [15, 49], [51, 37], [56, 14], [44, 4], [1, 54], [4, 18], [40, 47], [1, 37], [26, 38], [36, 9], [4, 47], [22, 27], [4, 53], [5, 57], [31, 16], [31, 10], [37, 24], [59, 25], [46, 28], [2, 53], [14, 45], [38, 10], [14, 32], [24, 46], [49, 54], [11, 46], [25, 53], [42, 19], [49, 7], [47, 24], [14, 18], [55, 25], [18, 24], [33, 12], [41, 13], [3, 42], [37, 48], [10, 37], [45, 32], [40, 19], [53, 33], [40, 50], [13, 19], [47, 7], [55, 8], [27, 11], [14, 37], [12, 11], [35, 43], [51, 2], [14, 28], [47, 57], [16, 54], [17, 43], [11, 23], [28, 17], [29, 42], [40, 22], [55, 37], [8, 40], [50, 37], [12, 10], [45, 4], [50, 58], [29, 35], [30, 6], [8, 41], [1, 57], [19, 33], [45, 58], [32, 40], [39, 30], [16, 44], [32, 15], [34, 19], [27, 39], [34, 3], [56, 39], [20, 17], [35, 50], [26, 29], [2, 41], [50, 13], [20, 21], [43, 47], [5, 12], [42, 7], [4, 45], [52, 47], [23, 2], [35, 29], [28, 45], [44, 12], [34, 16], [47, 58], [33, 27], [19, 32], [7, 50], [49, 31], [8, 37], [33, 20], [10, 2], [18, 45], [58, 9], [38, 59], [40, 8], [56, 53], [57, 9], [5, 43], [30, 44], [5, 30], [11, 1], [46, 6], [33, 11], [15, 25], [36, 50], [9, 37], [32, 21], [49, 26], [45, 38], [17, 21], [34, 44], [5, 8], [5, 23], [44, 39], [12, 50], [49, 50], [25, 2], [58, 58], [29, 36], [22, 38], [57, 26], [23, 52], [48, 35], [29, 24], [2, 32], [48, 19], [33, 54], [55, 14], [31, 51], [34, 23], [51, 15], [45, 54], [6, 56], [49, 4], [51, 31], [57, 14], [45, 31], [11, 57], [34, 50], [57, 6], [43, 40], [1, 35], [35, 57], [26, 58], [47, 20], [14, 25], [43, 13], [30, 56], [6, 43], [38, 51], [55, 47], [47, 26], [37, 46], [35, 28], [3, 40], [18, 54], [17, 49], [16, 23], [59, 12], [18, 58], [14, 34], [39, 16], [59, 6], [54, 45], [42, 47], [46, 15], [13, 46], [13, 20], [1, 56], [46, 17], [55, 32], [7, 52], [0, 21], [52, 24], [23, 13], [7, 3], [37, 42], [10, 58], [6, 52], [57, 39], [13, 34], [35, 44], [24, 27], [26, 49], [0, 23], [52, 58], [31, 1], [7, 39], [5, 11], [15, 20], [19, 25], [12, 48], [10, 34], [40, 39], [29, 19], [15, 53], [8, 47], [40, 4], [21, 54], [25, 32], [23, 43], [39, 59], [2, 58], [28, 8], [49, 15], [1, 59], [37, 31], [0, 34], [49, 51], [0, 4], [25, 24], [51, 22], [38, 2], [55, 13], [42, 31], [12, 6], [31, 29], [41, 8], [29, 5], [57, 54], [31, 34], [16, 45], [4, 11], [53, 7], [51, 17], [42, 44], [41, 37], [38, 16], [15, 47], [58, 34], [11, 2], [9, 17], [53, 55], [7, 31], [4, 33], [38, 28], [19, 16], [8, 42], [50, 23], [7, 16], [13, 23], [35, 27], [24, 29], [47, 1], [42, 16], [50, 32], [37, 37], [19, 22], [12, 44], [36, 14], [49, 8], [47, 33], [34, 5], [7, 51], [32, 33], [16, 39], [7, 58], [17, 52], [19, 46], [53, 0], [11, 49], [47, 30], [31, 24], [25, 50], [39, 58], [18, 48], [50, 41], [58, 43], [47, 6], [32, 2], [8, 31], [50, 53], [59, 40], [30, 17], [47, 31], [20, 23], [19, 45], [41, 58], [21, 6], [40, 15], [37, 0], [20, 37], [12, 49], [45, 0], [21, 2], [52, 26], [21, 51], [2, 50], [55, 17], [52, 19], [11, 12], [15, 17], [39, 22], [55, 49], [27, 9], [2, 33], [39, 20], [1, 51], [31, 0], [49, 14], [33, 21], [48, 2], [56, 42], [5, 45], [46, 33], [8, 23], [38, 27], [5, 27], [32, 25], [24, 52], [55, 16], [47, 4], [53, 17], [43, 20], [22, 17], [25, 23], [16, 52], [7, 42], [39, 26], [35, 38], [53, 16], [50, 1], [40, 43], [39, 46], [22, 50], [25, 33], [28, 4], [52, 52], [36, 12], [27, 44], [50, 21], [50, 8], [37, 58], [34, 2], [30, 18], [19, 52], [3, 2], [15, 10], [43, 36], [12, 56], [22, 20], [32, 27], [44, 34], [3, 41], [26, 10], [50, 14], [42, 6], [31, 47], [23, 53], [40, 37], [2, 51], [2, 35], [23, 35], [32, 28], [39, 12], [30, 12], [11, 55], [54, 15], [6, 50], [40, 53], [8, 26], [57, 12], [11, 39], [32, 17], [38, 55], [57, 52], [26, 36], [25, 19], [34, 42], [33, 36], [34, 36], [56, 4], [22, 5], [34, 11], [31, 30], [8, 36], [15, 11], [53, 14], [34, 1], [30, 9], [40, 48], [35, 17], [22, 43], [22, 46], [13, 50], [27, 30], [50, 9], [34, 20], [10, 22], [31, 21], [36, 55], [7, 10], [33, 17], [0, 58], [36, 30], [14, 42], [42, 2], [32, 57], [29, 7], [22, 54], [29, 34], [27, 47], [52, 16], [28, 27], [49, 34], [45, 36], [46, 2], [12, 51], [15, 30], [32, 16], [27, 58], [43, 29], [46, 40], [52, 36], [43, 3], [16, 7], [37, 52], [22, 41], [42, 54], [49, 28], [57, 49], [11, 9], [22, 23], [40, 45], [32, 30], [38, 37], [52, 18], [39, 7], [35, 11], [35, 35], [46, 0], [18, 39], [50, 22], [41, 43], [9, 49], [25, 13], [18, 36], [50, 29], [45, 27], [43, 31], [27, 31], [22, 33], [10, 29], [12, 2], [32, 24], [23, 54], [37, 15], [17, 51], [44, 51], [45, 34], [58, 4], [39, 32], [25, 17], [11, 53], [36, 16], [28, 39], [14, 27], [47, 55], [39, 47], [22, 10], [0, 53], [40, 11], [59, 5], [55, 27], [53, 29], [58, 55], [41, 55], [55, 33], [22, 58], [5, 51], [33, 38], [14, 20], [52, 9], [54, 53], [28, 56], [7, 38], [17, 57], [42, 10], [30, 34], [21, 5], [52, 33], [37, 35], [49, 30], [36, 17], [9, 44], [17, 47], [24, 22], [12, 33], [19, 36], [47, 2], [52, 51], [55, 39], [34, 14], [50, 5], [52, 56], [43, 11], [50, 56], [24, 36], [10, 31], [37, 22], [56, 50], [54, 1], [54, 13], [58, 37], [0, 18], [59, 49], [15, 32], [19, 51], [34, 4], [28, 12], [46, 42], [39, 37], [44, 6], [11, 22], [58, 40], [37, 23], [37, 3], [11, 28], [50, 24], [54, 30], [34, 12], [49, 35], [22, 26], [1, 49], [27, 36], [57, 58], [44, 38], [4, 55], [59, 59], [55, 12], [16, 25], [7, 30], [43, 37], [55, 38], [9, 23], [36, 2], [49, 18], [49, 37], [36, 54], [16, 27], [31, 56], [25, 39], [24, 49], [29, 0], [38, 8], [0, 29], [40, 49], [25, 46], [34, 35], [38, 45], [12, 8], [43, 8], [36, 19], [15, 52], [8, 33], [22, 32], [4, 36], [25, 30], [8, 24], [28, 3], [21, 14], [42, 0], [36, 22], [49, 49], [37, 1], [46, 26], [26, 37], [45, 1], [4, 21], [45, 2], [10, 35], [44, 9], [45, 25], [7, 47], [30, 29], [24, 43], [22, 15], [28, 33], [7, 22], [41, 51], [57, 3], [18, 35], [14, 52], [32, 0], [33, 46], [51, 50], [16, 37], [26, 7], [10, 32], [6, 31], [4, 52], [31, 2], [41, 23], [36, 48], [5, 38], [38, 26], [48, 59], [59, 29], [17, 32], [55, 5], [19, 38], [22, 31], [30, 32], [48, 48], [1, 50], [53, 27], [58, 26], [11, 8], [48, 42], [57, 17], [14, 29], [15, 44], [52, 41], [44, 25], [47, 14], [57, 22], [29, 39], [27, 2], [10, 42], [3, 38], [27, 10], [22, 24], [28, 11], [57, 48], [20, 55], [40, 6], [41, 29], [39, 36], [52, 50], [45, 24], [41, 25], [57, 15], [1, 21], [15, 5], [45, 7], [8, 14], [50, 30], [28, 9], [54, 54], [13, 53], [43, 21], [28, 51], [59, 30], [20, 15], [7, 28], [30, 13], [17, 30], [40, 52], [30, 11], [58, 0], [32, 19], [27, 18], [10, 16], [36, 29], [25, 43], [35, 19], [38, 14], [37, 51], [17, 19], [1, 41], [35, 48], [55, 22], [10, 13], [4, 37], [17, 38], [54, 48], [15, 31], [12, 20], [40, 54], [46, 47], [44, 19], [27, 33], [11, 52], [36, 32], [0, 20], [49, 19], [0, 22], [41, 5], [39, 17], [18, 9], [45, 28], [37, 29], [34, 8], [29, 4], [45, 33], [47, 51], [6, 18], [25, 5], [53, 11], [8, 19], [40, 1], [3, 35], [48, 25], [59, 46], [12, 42], [19, 54], [28, 2], [24, 17], [44, 42], [14, 8], [23, 24], [19, 12], [57, 24], [51, 12], [54, 23], [30, 36], [33, 19], [23, 33], [35, 10], [27, 7], [51, 16], [39, 40], [34, 26], [33, 53], [46, 24], [10, 38], [50, 26], [52, 2], [28, 15], [18, 26], [47, 21], [26, 22], [4, 24], [18, 34], [25, 55], [21, 33], [56, 29], [58, 8], [41, 19], [31, 36], [18, 44], [56, 52], [47, 43], [28, 28], [4, 32], [38, 36], [13, 37], [56, 45], [18, 8], [45, 53], [17, 27], [8, 27], [14, 24], [25, 18], [52, 49], [53, 54], [30, 43], [29, 49], [45, 48], [30, 20], [12, 12], [45, 47], [37, 47], [25, 11], [36, 24], [33, 24], [33, 14], [15, 27], [33, 45], [49, 13], [43, 50], [14, 54], [54, 42], [19, 19], [11, 33], [38, 22], [44, 1], [4, 43], [7, 25], [0, 8], [44, 32], [10, 18], [37, 10], [8, 35], [20, 19], [24, 38], [31, 54], [18, 50], [2, 7], [35, 37], [0, 38], [41, 0], [41, 35], [44, 58], [0, 43], [9, 48], [17, 39], [6, 5], [13, 4], [18, 22], [37, 33], [47, 56], [41, 12], [57, 41], [22, 34], [53, 28], [54, 16], [21, 49], [33, 52], [36, 59], [0, 35], [55, 2], [11, 44], [32, 51], [44, 24], [18, 25], [27, 57], [27, 0], [6, 49], [4, 30], [13, 33], [46, 8], [57, 35], [56, 23], [43, 51], [22, 0], [10, 54], [22, 18], [27, 52], [1, 19], [55, 58], [13, 30], [23, 38], [32, 31], [10, 25], [43, 55], [10, 43], [36, 39], [36, 1], [18, 52], [14, 14], [48, 14], [36, 34], [43, 19], [16, 26], [39, 3], [38, 32], [24, 35], [42, 30], [42, 23], [25, 57], [52, 35], [21, 28], [53, 42], [40, 42], [53, 31], [31, 4], [32, 35], [45, 10], [10, 56], [50, 4], [0, 50], [12, 19], [36, 52], [19, 44], [54, 34], [30, 1], [13, 51], [4, 25], [34, 55], [32, 23], [49, 48], [2, 37], [53, 57], [38, 12], [23, 0], [53, 13], [46, 22], [32, 8], [52, 37], [9, 52], [38, 33], [26, 52], [11, 21], [10, 27], [16, 41], [36, 23], [9, 21], [24, 48], [42, 37], [31, 44], [55, 43], [57, 44], [32, 26], [44, 45], [31, 8], [21, 9], [28, 13], [38, 54], [54, 0], [32, 12], [11, 45], [50, 34], [32, 9], [39, 14], [11, 7], [25, 38], [33, 48], [15, 24], [47, 37], [41, 22], [16, 33], [58, 54], [49, 12], [6, 27], [15, 2], [13, 25], [28, 48], [43, 10], [14, 57], [46, 37], [26, 54], [42, 38], [35, 6], [20, 24], [19, 18], [31, 9], [11, 59], [53, 22], [30, 53], [1, 38], [4, 39], [28, 42], [29, 58], [43, 54], [56, 58], [53, 39], [20, 53], [8, 18], [31, 58], [53, 36], [25, 15], [14, 41], [21, 4], [32, 39], [42, 13], [30, 35], [15, 21], [33, 0], [37, 57], [47, 28], [42, 25], [3, 0], [38, 39], [1, 31], [20, 9], [26, 39], [27, 38], [30, 25], [24, 55], [37, 34], [58, 5], [38, 24], [45, 23], [21, 52], [42, 53], [50, 18], [26, 34], [32, 14], [13, 6], [39, 5], [51, 48], [12, 38], [44, 57], [48, 44], [39, 31], [10, 33], [49, 24], [47, 39], [50, 12], [39, 52], [42, 34], [30, 45], [35, 41], [39, 28], [40, 38], [3, 39], [57, 59], [14, 35], [14, 51], [47, 38], [38, 30], [0, 42], [41, 7], [46, 48], [35, 2], [23, 45], [45, 20], [45, 11], [0, 7], [31, 31], [52, 53], [38, 6], [14, 21], [17, 0], [28, 53], [50, 51], [50, 42], [54, 56], [39, 38], [21, 45], [8, 28], [16, 19], [12, 26], [32, 50], [33, 57], [7, 43], [52, 23], [27, 46], [46, 4], [48, 22], [55, 36], [54, 10], [6, 42], [26, 13], [46, 51], [3, 44], [41, 15], [41, 41], [57, 56], [13, 18], [59, 34], [7, 45], [2, 56], [16, 20], [36, 27], [16, 35], [4, 35], [51, 20], [31, 46], [37, 49], [10, 8], [57, 43], [53, 47], [47, 22], [20, 3], [23, 55], [10, 30], [6, 29], [37, 8], [23, 44], [29, 23], [35, 58], [50, 31], [6, 44], [58, 18], [27, 4], [48, 10], [34, 9], [11, 56], [44, 2], [1, 5], [18, 31], [20, 42], [18, 57], [29, 44], [24, 53], [32, 22], [6, 21], [38, 47], [3, 10], [51, 43], [8, 39], [27, 32], [5, 14], [5, 55], [28, 50], [53, 12], [1, 52], [2, 21], [30, 59], [46, 46], [51, 45], [56, 47], [4, 50], [0, 45], [11, 47], [54, 41], [26, 11], [34, 13], [59, 14], [16, 29], [1, 20], [33, 5], [56, 24], [34, 17], [42, 28], [57, 0], [19, 34], [43, 57], [48, 55], [41, 31], [17, 53], [19, 29], [22, 42], [24, 42], [13, 1], [26, 20], [0, 13], [1, 44], [39, 49], [20, 38], [24, 41], [11, 54], [55, 26], [18, 23], [3, 18], [54, 52], [51, 44], [38, 23], [41, 49], [42, 29], [27, 48], [24, 20], [10, 59], [40, 0], [36, 35], [48, 20], [35, 7], [54, 9], [13, 10], [28, 19], [37, 43], [49, 42], [22, 29], [1, 3], [40, 56], [5, 44], [15, 57], [44, 33], [52, 10], [30, 28], [17, 42], [39, 54], [55, 23], [13, 57], [24, 51], [7, 32], [24, 0], [55, 18], [52, 29], [56, 27], [57, 10], [56, 22], [41, 50], [21, 43], [2, 39], [35, 47], [59, 18], [33, 41], [54, 57], [58, 16], [44, 47], [50, 48], [0, 36], [58, 41], [23, 32], [33, 10], [24, 56], [9, 8], [38, 0], [19, 28], [40, 58], [47, 16], [40, 21], [40, 13], [48, 53], [42, 41], [53, 26], [44, 10], [54, 11], [41, 46], [1, 28], [44, 55], [21, 26], [24, 16], [49, 38], [3, 54], [35, 26], [46, 43], [19, 58], [54, 19], [44, 44], [53, 58], [40, 44], [56, 40], [40, 30], [47, 25], [55, 30], [32, 56], [35, 30], [3, 43], [18, 16], [0, 26], [39, 11], [51, 8], [10, 28], [54, 43], [15, 36], [37, 50], [49, 29], [24, 30], [33, 50], [11, 35], [27, 54], [51, 35]]}