{"meta": {"number_of_robots": 702, "description": {"parameters": {"seed": 269, "shape": [60, 60], "obstacles": {"n": 10, "mean": 3, "std": 1.5}, "clusters": {"n": 20, "mean": 40, "std": 20.0, "relative_radius": 2, "increase_factor": 1.3, "start_dist": {"generator_name": "Image", "shape": [60, 60], "min": 0.0, "max": 6060.0, "mean": 2230.678611111111, "std": 1027.974392130392, "dtype": "uint64", "parameters": {"image": "buffalo_map.png", "transformer": {"name": "CityTransformer"}}}, "target_dist": {"generator_name": "Image", "shape": [60, 60], "min": 0.0, "max": 6060.0, "mean": 2230.678611111111, "std": 1027.974392130392, "dtype": "uint64", "parameters": {"image": "buffalo_map.png", "transformer": {"name": "CityTransformer"}}}}, "density": 0.2, "start_dist": {"generator_name": "Image", "shape": [60, 60], "min": 0.0, "max": 6060.0, "mean": 2230.678611111111, "std": 1027.974392130392, "dtype": "uint64", "parameters": {"image": "buffalo_map.png", "transformer": {"name": "CityTransformer"}}}, "target_dist": {"generator_name": "Image", "shape": [60, 60], "min": 0.0, "max": 6060.0, "mean": 2230.678611111111, "std": 1027.974392130392, "dtype": "uint64", "parameters": {"image": "buffalo_map.png", "transformer": {"name": "CityTransformer"}}}}, "stats": {"date": "2020-11-17", "free_area": 3507.0, "number_of_clustered_robots": 702, "number_of_robots": 702}}}, "name": "buffalo_002_60x60_20_702", "obstacles": [[13, 32], [13, 33], [13, 34], [14, 32], [14, 34], [15, 32], [15, 34], [16, 32], [16, 34], [17, 12], [17, 32], [17, 33], [17, 34], [17, 54], [18, 12], [19, 12], [20, 44], [20, 45], [20, 46], [20, 47], [21, 44], [21, 47], [22, 44], [22, 47], [23, 44], [23, 45], [23, 46], [23, 47], [24, 53], [24, 54], [24, 55], [24, 56], [24, 57], [25, 53], [25, 57], [26, 53], [26, 54], [26, 55], [26, 56], [26, 57], [28, 39], [28, 40], [28, 41], [28, 42], [29, 39], [29, 42], [30, 39], [30, 42], [31, 39], [31, 42], [32, 39], [32, 42], [33, 40], [33, 41], [34, 40], [34, 41], [35, 40], [35, 41], [46, 29], [51, 5], [51, 6], [51, 7], [52, 5], [52, 7], [53, 5], [53, 7], [54, 5], [54, 6], [54, 7], [55, 27], [55, 28], [55, 29], [55, 30]], "starts": [[47, 10], [5, 34], [45, 2], [40, 27], [36, 27], [22, 27], [41, 26], [28, 22], [0, 38], [53, 18], [34, 21], [36, 0], [6, 37], [24, 26], [55, 15], [58, 22], [27, 21], [37, 31], [57, 38], [47, 38], [28, 36], [35, 34], [56, 28], [55, 4], [42, 19], [33, 21], [38, 34], [54, 22], [51, 20], [30, 30], [4, 34], [46, 6], [22, 34], [57, 40], [28, 24], [22, 24], [2, 33], [38, 19], [59, 1], [22, 29], [52, 20], [23, 21], [29, 28], [52, 17], [4, 38], [44, 28], [29, 32], [57, 33], [49, 19], [30, 18], [0, 37], [58, 7], [46, 13], [25, 20], [53, 3], [42, 29], [23, 23], [27, 25], [51, 29], [34, 18], [53, 20], [30, 6], [25, 26], [0, 41], [48, 14], [39, 16], [55, 0], [35, 25], [0, 28], [42, 10], [33, 22], [59, 35], [38, 25], [43, 33], [55, 20], [36, 20], [43, 12], [3, 42], [41, 28], [44, 7], [25, 24], [57, 30], [59, 13], [47, 12], [27, 18], [35, 28], [30, 27], [42, 34], [2, 36], [22, 26], [7, 39], [36, 19], [51, 18], [31, 19], [57, 28], [52, 2], [29, 18], [55, 13], [51, 19], [27, 24], [51, 10], [31, 28], [27, 34], [39, 32], [56, 37], [5, 27], [30, 22], [50, 7], [57, 14], [33, 1], [44, 22], [1, 34], [42, 31], [32, 22], [16, 24], [27, 20], [38, 22], [52, 37], [31, 34], [7, 30], [56, 25], [41, 20], [48, 6], [33, 18], [46, 8], [54, 20], [0, 23], [42, 21], [33, 19], [54, 35], [38, 27], [32, 19], [37, 24], [29, 25], [47, 8], [57, 23], [34, 25], [55, 39], [23, 25], [48, 21], [51, 24], [24, 32], [1, 35], [33, 14], [6, 35], [25, 21], [48, 5], [2, 39], [43, 29], [30, 31], [46, 2], [24, 31], [24, 30], [56, 24], [55, 18], [42, 20], [34, 14], [56, 18], [30, 2], [25, 34], [26, 30], [37, 26], [56, 36], [54, 2], [41, 23], [7, 26], [18, 22], [57, 12], [46, 3], [36, 21], [4, 30], [48, 13], [41, 17], [54, 21], [23, 34], [54, 38], [23, 26], [56, 6], [31, 24], [39, 28], [35, 16], [1, 38], [36, 26], [2, 29], [52, 11], [23, 20], [51, 25], [30, 21], [58, 13], [57, 24], [29, 22], [47, 6], [24, 22], [54, 10], [37, 27], [40, 29], [37, 22], [4, 37], [37, 17], [33, 28], [52, 10], [54, 25], [2, 37], [38, 16], [55, 8], [29, 15], [57, 18], [59, 15], [33, 32], [31, 26], [38, 23], [58, 39], [33, 4], [47, 11], [42, 12], [5, 35], [40, 25], [30, 19], [16, 23], [49, 2], [29, 14], [37, 25], [55, 37], [5, 31], [58, 14], [38, 31], [4, 40], [53, 27], [37, 19], [26, 31], [43, 10], [28, 14], [46, 5], [36, 23], [55, 35], [34, 36], [25, 30], [51, 3], [54, 14], [37, 36], [4, 29], [52, 16], [53, 13], [14, 20], [25, 29], [21, 31], [56, 29], [46, 7], [3, 33], [41, 30], [38, 15], [7, 40], [35, 20], [35, 26], [24, 34], [56, 22], [29, 35], [44, 23], [27, 31], [58, 33], [42, 3], [48, 3], [56, 20], [34, 2], [0, 29], [36, 24], [32, 21], [22, 19], [51, 28], [22, 17], [45, 8], [30, 36], [56, 21], [37, 34], [56, 1], [34, 23], [1, 32], [51, 13], [39, 13], [4, 24], [34, 29], [55, 25], [33, 23], [38, 30], [44, 4], [2, 42], [38, 26], [53, 11], [41, 35], [55, 14], [53, 1], [26, 32], [34, 28], [57, 34], [18, 24], [30, 24], [52, 14], [1, 27], [44, 19], [27, 16], [36, 31], [43, 36], [50, 2], [27, 27], [52, 33], [59, 10], [3, 36], [42, 17], [45, 5], [32, 6], [31, 25], [23, 28], [54, 16], [52, 22], [30, 28], [55, 38], [54, 4], [32, 34], [4, 42], [43, 31], [1, 33], [21, 27], [55, 24], [16, 20], [27, 14], [36, 29], [28, 23], [57, 25], [49, 23], [44, 12], [34, 26], [57, 4], [31, 36], [3, 37], [53, 19], [41, 10], [55, 21], [0, 27], [29, 21], [25, 19], [51, 30], [24, 20], [57, 19], [51, 0], [24, 17], [43, 35], [36, 33], [36, 17], [53, 22], [31, 29], [57, 39], [49, 9], [3, 34], [43, 25], [53, 14], [29, 26], [6, 28], [53, 17], [37, 29], [48, 4], [3, 29], [39, 20], [34, 6], [34, 33], [52, 26], [31, 27], [33, 25], [59, 25], [54, 19], [30, 25], [42, 15], [45, 3], [22, 25], [27, 19], [32, 28], [51, 34], [49, 3], [2, 24], [35, 18], [36, 22], [1, 36], [48, 2], [39, 29], [28, 29], [4, 32], [56, 19], [39, 17], [29, 34], [57, 11], [58, 9], [30, 26], [45, 32], [55, 26], [30, 23], [26, 29], [6, 36], [51, 9], [38, 29], [54, 26], [38, 24], [26, 25], [43, 0], [50, 21], [38, 21], [59, 20], [50, 20], [28, 33], [38, 28], [28, 20], [52, 29], [34, 3], [7, 37], [40, 16], [59, 6], [35, 19], [1, 31], [45, 14], [36, 28], [53, 16], [45, 9], [0, 33], [44, 34], [27, 23], [56, 31], [52, 24], [30, 20], [30, 35], [43, 27], [21, 26], [43, 2], [49, 20], [29, 30], [37, 28], [23, 35], [53, 31], [6, 30], [58, 10], [40, 31], [0, 36], [59, 22], [45, 12], [48, 8], [27, 22], [52, 3], [49, 14], [26, 20], [54, 40], [28, 28], [32, 15], [20, 20], [53, 21], [25, 22], [2, 26], [1, 39], [41, 31], [38, 35], [44, 6], [24, 28], [53, 35], [49, 15], [46, 15], [36, 4], [39, 27], [39, 24], [54, 9], [5, 30], [43, 17], [54, 17], [32, 31], [53, 38], [47, 7], [32, 24], [26, 33], [35, 24], [4, 28], [52, 23], [51, 22], [31, 21], [26, 23], [23, 24], [25, 33], [59, 33], [49, 6], [58, 21], [39, 25], [55, 10], [48, 11], [4, 43], [41, 25], [35, 29], [25, 23], [30, 34], [55, 40], [1, 26], [6, 39], [50, 22], [37, 9], [31, 22], [56, 4], [28, 35], [54, 15], [39, 30], [52, 19], [24, 23], [23, 31], [56, 35], [37, 16], [24, 35], [46, 12], [58, 5], [50, 15], [35, 0], [0, 30], [26, 34], [53, 29], [45, 21], [29, 33], [51, 14], [25, 35], [30, 14], [8, 30], [41, 21], [23, 29], [3, 38], [43, 26], [59, 7], [34, 20], [22, 36], [54, 28], [24, 18], [57, 16], [3, 26], [57, 8], [37, 23], [51, 11], [52, 12], [27, 35], [25, 27], [37, 32], [51, 38], [49, 8], [34, 17], [47, 14], [27, 32], [43, 23], [8, 32], [58, 16], [37, 12], [59, 16], [4, 31], [31, 20], [54, 36], [25, 14], [50, 4], [17, 24], [24, 25], [45, 10], [0, 34], [45, 29], [51, 16], [38, 1], [35, 27], [54, 39], [42, 24], [21, 29], [57, 21], [53, 23], [37, 15], [59, 0], [39, 21], [6, 27], [37, 30], [22, 32], [4, 33], [33, 20], [22, 30], [46, 20], [59, 24], [39, 22], [44, 9], [23, 22], [43, 6], [28, 19], [52, 15], [59, 19], [21, 33], [29, 31], [57, 29], [3, 23], [43, 19], [3, 43], [40, 24], [33, 16], [26, 21], [33, 27], [52, 8], [29, 23], [30, 32], [53, 39], [56, 15], [8, 35], [52, 21], [40, 21], [25, 31], [45, 11], [42, 13], [18, 27], [2, 35], [43, 34], [50, 8], [37, 21], [59, 32], [34, 4], [26, 24], [35, 21], [53, 12], [31, 14], [44, 18], [49, 18], [38, 20], [34, 34], [56, 26], [49, 0], [35, 35], [49, 5], [0, 40], [42, 25], [37, 18], [1, 23], [6, 32], [43, 20], [21, 24], [55, 19], [43, 8], [20, 21], [36, 32], [57, 26], [46, 0], [49, 27], [34, 30], [24, 33], [31, 15], [30, 17], [35, 31], [58, 35], [7, 28], [49, 7], [51, 15], [45, 7], [34, 19], [50, 6], [36, 36], [9, 34], [50, 19], [40, 11], [36, 30], [56, 32], [31, 18], [14, 18], [35, 36], [0, 42], [45, 24], [48, 9], [30, 7], [51, 17], [51, 2], [33, 17], [7, 24], [25, 28], [32, 32], [52, 39], [30, 33], [53, 8], [31, 23], [48, 17], [43, 15], [21, 25], [48, 0], [35, 30], [51, 26], [54, 18], [9, 38], [35, 9], [23, 27], [5, 29], [32, 25], [28, 25], [28, 30], [28, 26], [45, 19], [51, 21], [27, 26], [58, 28], [47, 1], [47, 13], [2, 40], [41, 33], [35, 23], [54, 24], [37, 35], [24, 21], [32, 29]], "targets": [[34, 3], [36, 25], [38, 52], [12, 10], [22, 31], [35, 7], [5, 25], [54, 23], [18, 53], [3, 59], [12, 6], [33, 46], [4, 7], [11, 13], [17, 43], [27, 11], [28, 22], [36, 3], [12, 49], [2, 25], [18, 24], [33, 34], [7, 50], [39, 54], [32, 18], [33, 21], [7, 19], [6, 46], [16, 50], [11, 26], [8, 4], [28, 1], [27, 24], [5, 48], [52, 29], [29, 4], [13, 50], [12, 9], [38, 50], [16, 15], [30, 11], [31, 22], [8, 21], [7, 52], [34, 31], [29, 2], [35, 29], [3, 51], [11, 49], [20, 11], [4, 2], [27, 51], [30, 16], [30, 15], [28, 6], [6, 17], [28, 24], [13, 21], [4, 55], [49, 30], [4, 54], [30, 46], [35, 4], [10, 55], [10, 52], [10, 18], [33, 48], [21, 24], [5, 0], [27, 19], [21, 27], [4, 57], [31, 18], [6, 15], [15, 48], [15, 23], [32, 8], [35, 26], [32, 3], [26, 58], [24, 23], [0, 50], [4, 49], [26, 25], [52, 31], [9, 27], [30, 18], [1, 20], [7, 4], [33, 4], [17, 46], [5, 12], [16, 51], [36, 28], [6, 56], [30, 50], [13, 10], [21, 11], [5, 49], [39, 12], [27, 8], [8, 20], [21, 23], [18, 27], [5, 57], [0, 8], [55, 25], [28, 49], [17, 52], [32, 46], [29, 26], [33, 30], [34, 6], [14, 10], [36, 7], [30, 17], [31, 27], [12, 57], [5, 27], [19, 53], [11, 56], [9, 12], [24, 48], [21, 26], [27, 3], [10, 44], [7, 3], [31, 25], [28, 26], [8, 59], [38, 19], [46, 24], [19, 28], [7, 18], [31, 52], [14, 50], [24, 38], [11, 59], [32, 2], [26, 16], [12, 41], [22, 15], [12, 43], [9, 18], [2, 11], [31, 26], [30, 2], [35, 23], [33, 1], [3, 28], [25, 51], [24, 24], [21, 17], [9, 54], [13, 54], [29, 17], [56, 29], [11, 45], [34, 42], [20, 26], [38, 20], [24, 33], [11, 55], [28, 57], [0, 26], [0, 5], [35, 2], [18, 11], [29, 11], [10, 27], [8, 53], [3, 55], [1, 15], [17, 49], [28, 25], [11, 58], [28, 27], [31, 55], [10, 28], [19, 10], [47, 35], [33, 32], [30, 6], [5, 7], [33, 14], [22, 36], [10, 56], [5, 23], [15, 50], [9, 49], [36, 13], [27, 52], [30, 7], [26, 11], [0, 16], [13, 11], [30, 28], [15, 49], [11, 9], [11, 21], [27, 16], [3, 53], [8, 3], [57, 34], [36, 56], [39, 24], [18, 52], [5, 56], [12, 16], [10, 20], [24, 34], [0, 54], [29, 47], [29, 10], [27, 5], [40, 29], [27, 6], [8, 27], [36, 0], [37, 47], [35, 19], [36, 33], [8, 52], [2, 0], [11, 50], [2, 22], [14, 52], [5, 58], [7, 17], [20, 23], [33, 13], [54, 34], [23, 48], [33, 36], [2, 47], [14, 26], [39, 17], [31, 9], [6, 51], [0, 27], [2, 6], [29, 25], [12, 47], [34, 5], [34, 27], [16, 27], [5, 50], [37, 59], [34, 28], [31, 5], [39, 25], [19, 54], [6, 12], [45, 31], [11, 27], [18, 48], [9, 24], [31, 20], [28, 30], [3, 52], [28, 10], [25, 59], [8, 47], [34, 48], [4, 6], [20, 12], [40, 22], [22, 24], [7, 53], [29, 7], [30, 14], [9, 17], [16, 43], [22, 11], [28, 59], [56, 27], [13, 55], [14, 55], [5, 17], [1, 6], [21, 25], [1, 52], [34, 14], [17, 20], [35, 8], [35, 24], [28, 3], [33, 11], [3, 19], [15, 45], [36, 51], [29, 36], [6, 20], [12, 53], [35, 5], [27, 27], [6, 52], [3, 3], [33, 16], [47, 28], [12, 19], [8, 22], [39, 58], [23, 22], [10, 50], [15, 44], [17, 45], [1, 11], [30, 4], [34, 45], [16, 22], [37, 15], [18, 22], [4, 47], [24, 29], [10, 57], [24, 47], [4, 17], [35, 25], [34, 1], [0, 11], [9, 22], [11, 41], [28, 5], [51, 24], [39, 15], [37, 22], [6, 48], [33, 18], [27, 12], [17, 24], [26, 51], [2, 15], [9, 50], [7, 54], [3, 10], [5, 51], [8, 5], [27, 30], [19, 24], [4, 52], [37, 17], [33, 26], [25, 47], [31, 7], [5, 18], [12, 22], [47, 25], [4, 58], [32, 35], [7, 58], [28, 4], [39, 27], [26, 1], [8, 50], [28, 12], [0, 12], [31, 11], [22, 20], [37, 50], [14, 51], [5, 11], [29, 44], [37, 29], [9, 55], [10, 17], [8, 23], [3, 50], [15, 53], [41, 23], [27, 13], [28, 47], [28, 8], [45, 34], [21, 31], [0, 52], [31, 12], [4, 9], [20, 20], [6, 25], [37, 32], [35, 59], [15, 12], [22, 23], [12, 52], [4, 51], [8, 6], [11, 19], [7, 40], [28, 16], [37, 26], [30, 0], [4, 50], [3, 16], [11, 18], [4, 12], [25, 10], [27, 26], [1, 56], [48, 30], [37, 3], [28, 52], [32, 14], [26, 21], [10, 51], [10, 59], [19, 22], [3, 22], [34, 36], [5, 55], [31, 43], [7, 49], [13, 8], [33, 57], [22, 22], [4, 4], [29, 15], [38, 24], [4, 44], [30, 5], [37, 33], [34, 2], [34, 33], [4, 53], [11, 57], [47, 34], [17, 21], [4, 20], [33, 8], [38, 57], [32, 15], [29, 22], [28, 32], [8, 10], [3, 58], [1, 3], [15, 47], [3, 18], [15, 43], [11, 53], [8, 17], [31, 54], [9, 20], [36, 9], [27, 14], [35, 35], [2, 58], [27, 21], [48, 26], [37, 8], [10, 53], [5, 21], [7, 1], [35, 28], [33, 6], [4, 28], [36, 55], [36, 24], [7, 55], [14, 49], [27, 20], [34, 46], [4, 15], [33, 19], [33, 5], [13, 51], [11, 12], [14, 46], [30, 31], [1, 50], [28, 56], [6, 14], [4, 26], [57, 31], [3, 4], [19, 19], [13, 56], [35, 22], [36, 8], [26, 30], [7, 15], [2, 55], [27, 47], [8, 44], [4, 24], [31, 23], [29, 6], [35, 27], [36, 4], [14, 20], [28, 15], [28, 34], [12, 51], [6, 4], [13, 53], [15, 56], [7, 10], [47, 26], [31, 51], [16, 20], [15, 51], [2, 28], [26, 15], [37, 7], [34, 32], [12, 54], [27, 22], [8, 28], [36, 5], [35, 48], [11, 51], [36, 42], [6, 9], [30, 25], [1, 57], [25, 12], [2, 24], [4, 43], [15, 17], [54, 28], [16, 48], [2, 18], [28, 17], [36, 30], [36, 6], [23, 54], [25, 23], [7, 22], [5, 52], [35, 6], [16, 49], [4, 10], [27, 18], [6, 22], [7, 45], [31, 1], [8, 24], [42, 14], [37, 28], [2, 52], [39, 59], [48, 29], [33, 20], [18, 20], [5, 24], [9, 52], [9, 56], [8, 16], [10, 40], [7, 5], [37, 23], [2, 53], [42, 22], [35, 57], [30, 1], [4, 21], [36, 10], [38, 25], [34, 4], [32, 20], [28, 43], [25, 30], [12, 58], [10, 23], [21, 21], [15, 54], [5, 40], [36, 11], [32, 55], [52, 34], [3, 7], [12, 12], [24, 36], [7, 48], [1, 9], [6, 26], [33, 12], [6, 55], [0, 23], [26, 7], [26, 0], [23, 49], [41, 16], [6, 40], [16, 55], [12, 26], [37, 31], [1, 58], [2, 4], [27, 23], [36, 32], [26, 3], [46, 32], [20, 27], [7, 27], [30, 48], [30, 26], [34, 22], [12, 50], [5, 53], [19, 48], [2, 57], [7, 7], [5, 13], [29, 0], [28, 13], [34, 7], [6, 1], [2, 21], [34, 50], [23, 25], [7, 51], [36, 45], [10, 21], [28, 21], [16, 54], [50, 25], [32, 11], [16, 52], [33, 35], [15, 21], [11, 54], [35, 47], [1, 18], [26, 8], [35, 31], [32, 0], [33, 22], [3, 12], [17, 47], [5, 9], [6, 27], [15, 52], [27, 17], [36, 2], [23, 29], [2, 49], [34, 53], [2, 54], [4, 22], [5, 26], [51, 34], [33, 15], [23, 35], [1, 51], [7, 9], [22, 13], [18, 51], [32, 9], [5, 20], [34, 51], [9, 25], [18, 43], [7, 47], [2, 9], [31, 37], [10, 54], [40, 15], [29, 1], [6, 18], [41, 33], [31, 0], [19, 20], [28, 44], [17, 53], [38, 55], [56, 33], [0, 7], [30, 36], [11, 22], [12, 55], [1, 19], [31, 10], [35, 12], [12, 59], [25, 15], [7, 25], [23, 59], [21, 32], [2, 51], [10, 49], [9, 45], [6, 8], [37, 6], [0, 4], [0, 22], [14, 19], [39, 13], [45, 28], [33, 17], [3, 49], [25, 24], [0, 57], [36, 52], [26, 2], [34, 23], [32, 4], [16, 26], [18, 44], [8, 15], [35, 16], [22, 28]]}