{"meta": {"number_of_robots": 720, "description": {"parameters": {"seed": 617, "shape": [60, 60], "obstacles": {"n": 0, "mean": 3, "std": 1.5}, "clusters": {"n": 20, "mean": 10, "std": 5.0, "relative_radius": 2, "increase_factor": 1.3, "start_dist": {"generator_name": "Image", "shape": [60, 60], "min": 0.0, "max": 6060.0, "mean": 2230.678611111111, "std": 1027.974392130392, "dtype": "uint64", "parameters": {"image": "buffalo_map.png", "transformer": {"name": "CityTransformer"}}}, "target_dist": {"generator_name": "Image", "shape": [60, 60], "min": 0.0, "max": 6060.0, "mean": 2230.678611111111, "std": 1027.974392130392, "dtype": "uint64", "parameters": {"image": "buffalo_map.png", "transformer": {"name": "CityTransformer"}}}}, "density": 0.2, "start_dist": {"generator_name": "Image", "shape": [60, 60], "min": 0.0, "max": 6060.0, "mean": 2230.678611111111, "std": 1027.974392130392, "dtype": "uint64", "parameters": {"image": "buffalo_map.png", "transformer": {"name": "CityTransformer"}}}, "target_dist": {"generator_name": "Image", "shape": [60, 60], "min": 0.0, "max": 6060.0, "mean": 2230.678611111111, "std": 1027.974392130392, "dtype": "uint64", "parameters": {"image": "buffalo_map.png", "transformer": {"name": "CityTransformer"}}}}, "stats": {"date": "2020-11-17", "free_area": 3600.0, "number_of_clustered_robots": 205, "number_of_robots": 720}}}, "name": "buffalo_free_002_60x60_20_720", "obstacles": [], "starts": [[3, 24], [7, 34], [9, 14], [28, 27], [30, 15], [36, 50], [51, 31], [20, 41], [45, 10], [45, 4], [43, 7], [21, 23], [45, 41], [15, 48], [7, 24], [50, 52], [43, 57], [39, 17], [26, 59], [5, 48], [28, 7], [21, 34], [40, 10], [10, 18], [30, 25], [10, 22], [22, 52], [23, 23], [38, 53], [38, 12], [30, 10], [34, 51], [42, 9], [44, 36], [50, 49], [25, 34], [38, 9], [5, 16], [2, 34], [23, 10], [30, 27], [8, 26], [26, 51], [49, 30], [22, 36], [25, 17], [41, 51], [37, 17], [39, 6], [8, 18], [22, 9], [35, 55], [43, 2], [43, 36], [44, 51], [22, 34], [22, 26], [7, 27], [28, 56], [29, 10], [45, 8], [19, 22], [15, 45], [9, 17], [41, 53], [36, 12], [23, 34], [5, 31], [29, 11], [39, 54], [47, 8], [46, 38], [47, 45], [24, 25], [3, 22], [28, 58], [44, 2], [8, 16], [48, 32], [21, 33], [24, 21], [6, 48], [28, 10], [43, 53], [39, 15], [44, 9], [29, 29], [8, 30], [24, 57], [25, 35], [11, 21], [29, 9], [39, 52], [49, 2], [43, 41], [44, 52], [19, 19], [2, 36], [44, 7], [21, 39], [30, 14], [43, 55], [39, 11], [22, 30], [7, 29], [23, 53], [10, 19], [28, 8], [38, 51], [50, 31], [18, 41], [39, 7], [42, 3], [44, 6], [22, 17], [48, 39], [19, 46], [48, 47], [7, 20], [24, 29], [3, 29], [23, 51], [41, 54], [37, 11], [31, 6], [23, 36], [42, 2], [3, 30], [24, 17], [5, 19], [28, 14], [36, 53], [48, 6], [47, 35], [45, 52], [18, 36], [30, 28], [2, 24], [29, 58], [39, 10], [43, 51], [43, 15], [25, 16], [4, 20], [49, 32], [20, 40], [18, 19], [3, 48], [41, 4], [26, 31], [2, 26], [26, 55], [29, 15], [40, 55], [46, 1], [46, 43], [44, 44], [3, 32], [22, 35], [43, 58], [44, 14], [4, 18], [31, 16], [41, 2], [24, 22], [16, 45], [26, 25], [3, 27], [23, 59], [24, 36], [7, 16], [28, 15], [37, 48], [50, 6], [48, 42], [48, 51], [40, 8], [35, 56], [41, 13], [51, 35], [20, 33], [25, 20], [25, 25], [5, 22], [22, 57], [31, 12], [7, 31], [5, 18], [39, 3], [16, 41], [26, 13], [39, 48], [49, 4], [45, 38], [50, 47], [38, 52], [40, 15], [23, 21], [29, 25], [2, 25], [25, 53], [8, 17], [40, 9], [25, 31], [31, 13], [0, 35], [16, 27], [17, 59], [34, 30], [9, 52], [26, 48], [10, 56], [34, 39], [15, 52], [41, 6], [18, 17], [29, 30], [9, 41], [40, 19], [11, 27], [29, 40], [33, 14], [24, 26], [34, 46], [1, 31], [57, 28], [32, 22], [15, 51], [43, 16], [49, 49], [0, 50], [33, 30], [54, 45], [6, 35], [12, 2], [30, 41], [51, 6], [47, 28], [13, 56], [5, 28], [45, 25], [22, 29], [54, 51], [49, 0], [27, 1], [1, 15], [24, 46], [42, 36], [17, 45], [22, 33], [15, 41], [13, 36], [28, 34], [5, 59], [47, 25], [40, 40], [22, 5], [27, 31], [11, 18], [8, 39], [47, 54], [52, 35], [6, 53], [9, 24], [28, 0], [34, 32], [23, 29], [40, 7], [12, 29], [3, 54], [27, 54], [51, 54], [6, 3], [19, 23], [24, 27], [42, 18], [29, 33], [51, 29], [26, 34], [42, 23], [27, 3], [32, 8], [49, 29], [53, 11], [5, 52], [24, 37], [43, 44], [2, 37], [34, 56], [20, 30], [42, 5], [34, 45], [35, 41], [22, 40], [28, 5], [6, 45], [17, 39], [57, 47], [39, 19], [27, 10], [27, 56], [31, 47], [11, 55], [18, 0], [27, 23], [55, 58], [52, 50], [7, 6], [16, 7], [55, 40], [13, 52], [40, 53], [19, 25], [53, 47], [32, 40], [25, 24], [31, 3], [36, 6], [53, 41], [36, 44], [47, 6], [46, 17], [5, 56], [23, 28], [19, 38], [35, 23], [5, 45], [2, 16], [42, 57], [28, 32], [57, 38], [51, 23], [0, 22], [52, 58], [40, 25], [53, 26], [19, 51], [45, 22], [35, 18], [16, 54], [34, 5], [29, 34], [18, 38], [10, 45], [29, 41], [48, 10], [41, 52], [15, 30], [9, 47], [45, 51], [50, 29], [34, 8], [15, 53], [53, 19], [3, 16], [54, 22], [35, 8], [46, 44], [58, 1], [34, 54], [2, 33], [55, 12], [59, 29], [40, 34], [19, 0], [5, 6], [22, 32], [55, 45], [44, 3], [43, 31], [11, 51], [34, 16], [20, 46], [51, 52], [40, 56], [34, 2], [10, 50], [36, 19], [43, 24], [45, 15], [28, 44], [33, 15], [26, 15], [28, 25], [14, 31], [0, 38], [20, 38], [43, 42], [21, 53], [35, 27], [11, 28], [41, 39], [45, 5], [57, 55], [43, 33], [26, 22], [2, 53], [30, 22], [12, 9], [3, 47], [11, 58], [44, 30], [16, 57], [12, 38], [26, 33], [25, 1], [5, 9], [9, 34], [55, 34], [45, 37], [27, 33], [34, 9], [31, 21], [36, 18], [56, 58], [40, 31], [1, 58], [48, 34], [47, 56], [19, 21], [27, 41], [55, 15], [11, 34], [40, 2], [32, 15], [44, 54], [20, 45], [21, 16], [41, 23], [36, 32], [12, 22], [17, 51], [16, 52], [10, 51], [7, 56], [49, 56], [35, 50], [34, 28], [22, 28], [50, 39], [47, 19], [24, 24], [38, 29], [12, 23], [2, 54], [48, 45], [31, 40], [50, 24], [48, 21], [58, 56], [52, 46], [31, 50], [47, 9], [40, 58], [40, 48], [18, 51], [8, 53], [17, 34], [6, 30], [1, 46], [13, 21], [8, 37], [22, 37], [19, 40], [36, 27], [11, 45], [42, 16], [50, 28], [33, 23], [38, 13], [35, 10], [7, 55], [33, 17], [16, 10], [52, 12], [22, 59], [33, 7], [14, 54], [32, 38], [39, 25], [12, 28], [51, 40], [21, 26], [10, 49], [24, 39], [59, 16], [0, 32], [23, 19], [32, 23], [49, 53], [42, 27], [37, 33], [27, 21], [56, 51], [38, 34], [48, 4], [10, 35], [26, 45], [47, 7], [18, 40], [33, 46], [47, 3], [51, 21], [39, 8], [26, 2], [59, 47], [25, 47], [23, 33], [59, 8], [39, 0], [43, 56], [2, 49], [16, 22], [52, 22], [47, 13], [3, 13], [26, 16], [57, 18], [2, 46], [48, 0], [22, 31], [42, 17], [28, 47], [41, 48], [10, 57], [46, 51], [53, 58], [13, 45], [53, 53], [44, 32], [58, 8], [27, 34], [0, 19], [49, 6], [25, 54], [1, 39], [34, 58], [50, 34], [30, 4], [3, 19], [26, 24], [2, 59], [2, 32], [56, 52], [6, 57], [27, 32], [38, 24], [52, 24], [39, 58], [8, 54], [47, 24], [22, 22], [10, 29], [45, 12], [50, 26], [44, 11], [5, 23], [11, 14], [18, 39], [46, 20], [4, 42], [38, 50], [40, 35], [32, 48], [21, 57], [33, 31], [11, 30], [27, 42], [38, 27], [0, 33], [57, 43], [17, 23], [16, 49], [55, 38], [17, 58], [13, 24], [35, 26], [44, 49], [12, 50], [11, 57], [23, 32], [10, 39], [23, 39], [49, 25], [12, 27], [24, 50], [37, 44], [0, 59], [9, 18], [2, 47], [8, 20], [7, 53], [10, 58], [45, 9], [13, 38], [43, 21], [30, 21], [50, 15], [53, 54], [51, 50], [27, 50], [38, 33], [11, 56], [25, 55], [43, 28], [23, 25], [42, 49], [20, 51], [57, 3], [27, 4], [4, 36], [47, 53], [25, 49], [28, 43], [57, 1], [0, 9], [27, 39], [30, 35], [19, 55], [43, 47], [25, 9], [34, 13], [57, 56], [39, 28], [1, 43], [57, 39], [29, 19], [49, 39], [59, 53], [19, 35], [4, 41], [41, 25], [17, 4], [1, 44], [51, 7], [52, 33], [1, 51], [27, 26], [3, 46], [28, 45], [29, 36], [35, 58], [26, 36], [27, 51], [32, 51], [33, 40], [30, 43], [35, 20], [1, 40], [26, 32], [51, 25], [9, 33], [55, 3], [48, 54], [27, 30], [35, 32], [31, 56], [16, 50], [53, 20], [42, 55], [8, 28], [11, 20], [41, 22], [36, 21], [17, 54], [17, 49], [57, 42], [3, 49], [1, 25], [47, 34], [25, 38], [28, 55], [36, 33], [28, 48], [39, 38], [18, 15], [13, 50], [59, 46], [56, 57], [3, 31], [55, 23], [11, 53], [58, 3], [33, 16], [58, 14], [53, 40], [10, 38], [36, 11], [57, 51], [23, 57], [46, 3], [35, 39], [31, 34], [56, 29], [14, 11], [46, 12], [41, 29], [26, 54], [13, 58], [29, 59], [35, 37], [38, 41], [32, 17], [49, 38], [6, 34], [38, 21], [14, 41], [50, 14], [23, 49], [27, 44], [33, 29], [53, 3], [11, 42], [39, 23], [40, 42], [37, 18], [23, 37], [41, 56], [4, 59], [12, 41]], "targets": [[50, 45], [14, 38], [30, 30], [12, 3], [32, 13], [48, 58], [2, 50], [28, 18], [20, 27], [5, 47], [10, 58], [1, 58], [15, 48], [34, 55], [46, 22], [34, 1], [26, 31], [17, 5], [48, 43], [24, 44], [36, 4], [31, 15], [17, 28], [36, 30], [17, 3], [42, 22], [48, 46], [4, 59], [21, 34], [13, 0], [32, 11], [52, 59], [3, 47], [19, 48], [35, 1], [27, 14], [21, 25], [33, 27], [16, 43], [38, 11], [13, 2], [40, 20], [48, 38], [4, 54], [24, 18], [3, 53], [22, 28], [16, 5], [20, 30], [28, 30], [36, 12], [47, 57], [2, 47], [15, 45], [34, 5], [26, 10], [19, 7], [39, 25], [44, 43], [39, 5], [19, 25], [3, 54], [38, 53], [29, 31], [28, 36], [18, 0], [22, 12], [13, 40], [33, 11], [49, 59], [5, 43], [20, 42], [36, 2], [18, 6], [43, 22], [51, 40], [13, 23], [32, 34], [4, 51], [28, 12], [0, 58], [20, 45], [34, 11], [22, 31], [16, 3], [21, 31], [15, 5], [46, 20], [43, 41], [29, 16], [31, 30], [36, 6], [50, 58], [2, 48], [17, 44], [38, 8], [2, 52], [17, 40], [14, 24], [27, 20], [33, 9], [26, 28], [19, 0], [18, 5], [41, 25], [47, 40], [35, 28], [37, 7], [54, 59], [7, 50], [21, 13], [20, 29], [4, 46], [10, 57], [0, 57], [14, 44], [37, 54], [37, 5], [28, 29], [15, 2], [41, 21], [50, 44], [29, 36], [15, 4], [34, 8], [25, 17], [13, 27], [14, 40], [2, 54], [29, 34], [36, 10], [50, 57], [5, 44], [16, 50], [32, 5], [23, 12], [12, 2], [40, 23], [45, 46], [17, 25], [29, 28], [13, 1], [31, 9], [33, 34], [4, 49], [28, 16], [1, 55], [24, 41], [13, 31], [20, 4], [42, 20], [50, 38], [38, 7], [47, 59], [2, 40], [14, 48], [32, 0], [15, 44], [31, 17], [22, 30], [12, 5], [33, 33], [30, 5], [17, 23], [4, 52], [38, 55], [19, 1], [44, 24], [51, 39], [31, 14], [32, 27], [34, 14], [51, 55], [5, 46], [17, 45], [34, 0], [20, 23], [21, 32], [17, 0], [4, 53], [28, 17], [2, 57], [20, 5], [39, 18], [46, 40], [37, 11], [17, 42], [28, 33], [13, 25], [30, 12], [39, 12], [49, 58], [1, 46], [21, 50], [34, 6], [21, 30], [16, 4], [1, 59], [17, 2], [43, 24], [49, 46], [28, 35], [21, 23], [25, 19], [33, 8], [52, 14], [10, 54], [24, 29], [38, 35], [58, 55], [30, 35], [46, 52], [46, 57], [11, 1], [8, 44], [46, 48], [47, 12], [53, 49], [18, 44], [34, 45], [27, 55], [51, 14], [15, 34], [30, 15], [57, 27], [14, 20], [37, 3], [6, 8], [39, 17], [6, 47], [52, 0], [29, 47], [22, 13], [43, 4], [26, 9], [32, 18], [46, 7], [51, 35], [41, 33], [50, 21], [57, 55], [15, 31], [18, 59], [2, 53], [1, 14], [10, 14], [25, 15], [18, 33], [5, 38], [23, 51], [52, 7], [35, 20], [52, 44], [54, 3], [40, 9], [38, 4], [37, 9], [25, 59], [43, 33], [29, 55], [4, 50], [11, 50], [24, 45], [27, 10], [47, 45], [38, 23], [52, 12], [28, 15], [9, 41], [3, 39], [46, 5], [50, 16], [59, 15], [41, 18], [9, 54], [27, 12], [31, 36], [41, 54], [25, 41], [30, 36], [50, 3], [58, 36], [26, 29], [32, 53], [16, 38], [14, 41], [21, 55], [31, 29], [50, 4], [32, 58], [28, 21], [11, 33], [39, 24], [7, 17], [41, 38], [21, 1], [25, 26], [38, 39], [58, 46], [34, 18], [59, 40], [3, 35], [55, 43], [13, 54], [26, 30], [30, 45], [17, 21], [42, 55], [33, 24], [18, 51], [31, 40], [39, 38], [51, 1], [36, 27], [22, 29], [57, 36], [20, 40], [37, 25], [28, 8], [23, 30], [41, 26], [37, 21], [52, 49], [1, 50], [40, 45], [55, 36], [46, 50], [31, 23], [44, 59], [44, 54], [58, 22], [10, 9], [14, 16], [28, 38], [29, 0], [46, 1], [24, 51], [58, 56], [20, 57], [17, 54], [11, 19], [23, 26], [45, 41], [41, 5], [0, 42], [6, 0], [29, 8], [14, 28], [40, 33], [11, 52], [32, 59], [7, 7], [47, 51], [56, 45], [10, 15], [22, 46], [28, 11], [21, 27], [27, 30], [32, 14], [54, 6], [26, 16], [54, 44], [1, 39], [45, 12], [10, 34], [25, 37], [42, 51], [22, 47], [7, 37], [27, 2], [57, 45], [14, 21], [11, 57], [31, 25], [22, 32], [26, 25], [16, 55], [21, 52], [45, 51], [16, 39], [44, 50], [41, 37], [56, 57], [47, 21], [26, 15], [47, 14], [24, 35], [22, 38], [26, 27], [35, 2], [23, 46], [19, 54], [3, 55], [32, 10], [37, 18], [6, 6], [33, 19], [26, 49], [51, 4], [29, 17], [54, 53], [58, 44], [11, 12], [9, 12], [14, 3], [12, 38], [46, 2], [29, 44], [58, 34], [53, 56], [56, 56], [23, 38], [48, 16], [30, 14], [35, 40], [41, 24], [12, 52], [31, 41], [38, 0], [47, 2], [11, 43], [15, 0], [56, 19], [21, 45], [26, 34], [4, 7], [59, 2], [40, 54], [28, 59], [4, 57], [51, 58], [59, 42], [53, 42], [14, 52], [38, 30], [28, 48], [26, 8], [14, 4], [40, 27], [16, 35], [9, 53], [28, 44], [48, 1], [37, 22], [24, 15], [31, 22], [12, 50], [10, 29], [26, 39], [55, 10], [49, 1], [30, 13], [26, 21], [35, 47], [22, 21], [30, 23], [47, 52], [35, 36], [19, 47], [53, 11], [39, 48], [25, 24], [20, 28], [27, 33], [41, 1], [25, 50], [40, 30], [18, 23], [36, 56], [24, 26], [42, 29], [51, 20], [14, 29], [30, 42], [49, 18], [29, 33], [46, 39], [35, 0], [37, 14], [39, 19], [39, 22], [34, 57], [18, 56], [23, 36], [40, 18], [29, 1], [21, 9], [44, 11], [32, 48], [45, 54], [18, 54], [15, 37], [8, 57], [22, 57], [1, 34], [22, 22], [30, 22], [42, 59], [42, 40], [14, 14], [8, 45], [30, 20], [27, 34], [38, 3], [5, 42], [34, 9], [7, 53], [31, 48], [33, 25], [8, 10], [51, 13], [27, 17], [16, 57], [46, 14], [39, 16], [23, 45], [35, 7], [56, 20], [23, 37], [41, 11], [20, 52], [45, 17], [10, 45], [49, 0], [13, 33], [27, 39], [10, 20], [11, 20], [53, 28], [46, 24], [35, 53], [17, 36], [36, 22], [41, 9], [37, 38], [28, 43], [33, 10], [48, 53], [46, 4], [11, 38], [5, 48], [10, 46], [46, 33], [46, 15], [50, 35], [47, 26], [49, 3], [12, 11], [41, 58], [56, 23], [11, 22], [5, 50], [4, 40], [35, 54], [52, 47], [57, 4], [27, 18], [36, 13], [14, 55], [0, 50], [57, 46], [5, 14], [51, 8], [32, 15], [23, 27], [0, 44], [23, 10], [13, 30], [25, 43], [43, 3], [9, 22], [16, 53], [14, 49], [36, 32], [19, 56], [20, 35], [57, 28], [23, 48], [41, 14], [24, 27], [39, 36], [19, 49], [45, 10], [6, 49], [59, 4], [56, 15], [9, 28], [4, 31], [35, 33], [56, 5], [29, 42], [45, 42], [13, 55], [38, 42], [33, 23], [53, 22], [29, 23], [34, 46], [35, 9], [10, 32], [16, 58], [0, 14], [43, 21], [35, 58], [50, 15], [30, 8], [3, 45], [57, 21], [54, 28], [29, 5], [28, 26], [54, 0], [43, 7], [35, 18], [51, 31], [11, 46], [0, 28], [44, 45], [6, 52], [11, 27], [21, 59], [37, 15], [51, 0], [35, 12], [53, 18], [49, 19], [25, 31], [50, 40], [1, 54], [20, 24], [20, 21], [57, 54], [44, 37], [54, 46], [33, 32], [34, 30], [29, 18], [8, 31], [37, 8], [43, 39], [38, 9], [40, 16], [55, 32], [6, 39], [19, 52], [27, 36], [35, 17], [23, 53], [26, 46], [58, 18], [41, 16], [49, 48], [52, 5], [25, 21], [21, 39], [34, 48], [8, 8], [37, 51], [18, 21], [47, 7], [39, 1], [46, 30], [17, 58], [25, 5], [35, 21], [32, 37], [27, 3], [35, 41], [29, 10], [25, 36], [28, 47], [6, 41], [41, 34], [16, 32], [32, 57], [42, 45], [28, 13], [21, 35], [24, 25], [12, 57], [29, 26], [44, 12], [31, 45], [10, 22], [22, 33], [51, 42], [32, 8], [13, 50], [4, 28], [31, 50], [9, 32], [54, 30], [54, 48], [38, 13], [27, 21], [15, 19], [43, 18], [28, 32], [49, 56], [39, 28], [57, 11], [58, 38], [9, 14], [42, 17], [3, 6], [2, 41], [40, 14], [56, 44], [34, 53], [47, 8], [41, 56], [16, 45], [34, 4], [54, 5], [35, 35], [54, 29], [2, 56], [53, 2], [53, 0]]}