{"meta": {"number_of_robots": 125, "description": {"parameters": {"seed": 133, "shape": [25, 25], "obstacles": {"n": 0, "mean": 3, "std": 1.5}, "clusters": {"n": 0, "mean": 10, "std": 5.0, "relative_radius": 2, "increase_factor": 1.3, "start_dist": {"generator_name": "Image", "shape": [25, 25], "min": 0.0, "max": 5752.0, "mean": 1835.432, "std": 1097.3633092900454, "dtype": "uint64", "parameters": {"image": "buffalo_map.png", "transformer": {"name": "CityTransformer"}}}, "target_dist": {"generator_name": "Image", "shape": [25, 25], "min": 0.0, "max": 5752.0, "mean": 1835.432, "std": 1097.3633092900454, "dtype": "uint64", "parameters": {"image": "buffalo_map.png", "transformer": {"name": "CityTransformer"}}}}, "density": 0.2, "start_dist": {"generator_name": "Image", "shape": [25, 25], "min": 0.0, "max": 5752.0, "mean": 1835.432, "std": 1097.3633092900454, "dtype": "uint64", "parameters": {"image": "buffalo_map.png", "transformer": {"name": "CityTransformer"}}}, "target_dist": {"generator_name": "Image", "shape": [25, 25], "min": 0.0, "max": 5752.0, "mean": 1835.432, "std": 1097.3633092900454, "dtype": "uint64", "parameters": {"image": "buffalo_map.png", "transformer": {"name": "CityTransformer"}}}}, "stats": {"date": "2020-11-17", "free_area": 625.0, "number_of_clustered_robots": 0, "number_of_robots": 125}}}, "name": "buffalo_free_000_25x25_20_125", "obstacles": [], "starts": [[24, 14], [15, 8], [10, 13], [12, 11], [3, 18], [18, 24], [18, 17], [11, 22], [17, 13], [19, 3], [4, 14], [6, 21], [12, 24], [12, 22], [12, 2], [8, 21], [9, 23], [15, 9], [3, 8], [15, 10], [5, 20], [4, 22], [13, 10], [16, 19], [16, 8], [13, 11], [5, 22], [8, 18], [14, 0], [14, 16], [14, 23], [20, 24], [15, 11], [16, 7], [24, 17], [14, 9], [9, 17], [5, 21], [21, 19], [1, 19], [19, 24], [0, 22], [2, 10], [12, 13], [11, 1], [5, 13], [10, 9], [23, 23], [12, 12], [16, 11], [12, 6], [4, 15], [2, 7], [13, 15], [2, 22], [21, 13], [17, 2], [16, 23], [24, 13], [24, 1], [2, 13], [10, 19], [12, 18], [18, 22], [22, 16], [19, 1], [22, 22], [15, 6], [8, 9], [10, 22], [2, 5], [15, 1], [14, 11], [17, 9], [19, 21], [7, 17], [13, 7], [3, 12], [17, 8], [3, 13], [4, 19], [19, 12], [20, 11], [18, 21], [12, 9], [21, 1], [2, 20], [15, 5], [20, 5], [10, 11], [23, 24], [2, 17], [10, 20], [17, 16], [19, 22], [17, 22], [15, 3], [21, 5], [20, 1], [12, 4], [17, 0], [7, 20], [17, 14], [16, 5], [1, 23], [13, 24], [21, 15], [24, 5], [19, 5], [8, 11], [11, 14], [15, 7], [10, 14], [18, 14], [3, 23], [11, 5], [14, 22], [16, 9], [18, 4], [22, 18], [14, 7], [12, 21], [14, 1], [15, 4], [7, 23]], "targets": [[13, 7], [22, 6], [12, 11], [15, 3], [8, 19], [18, 14], [15, 22], [11, 4], [11, 23], [22, 21], [12, 14], [8, 18], [23, 9], [7, 15], [1, 17], [2, 24], [0, 3], [22, 17], [19, 7], [16, 2], [9, 14], [9, 22], [19, 20], [17, 14], [12, 12], [15, 16], [24, 11], [15, 11], [18, 4], [19, 23], [3, 22], [3, 19], [18, 12], [1, 24], [7, 3], [20, 19], [6, 12], [21, 15], [18, 3], [2, 18], [23, 14], [19, 24], [7, 8], [11, 18], [13, 9], [11, 3], [19, 15], [6, 22], [10, 23], [20, 5], [23, 5], [14, 1], [13, 3], [19, 0], [16, 24], [2, 23], [15, 9], [6, 21], [17, 2], [20, 1], [4, 23], [11, 12], [3, 10], [13, 12], [15, 4], [22, 16], [13, 5], [21, 8], [16, 14], [17, 20], [3, 17], [18, 23], [22, 24], [14, 9], [11, 14], [14, 5], [19, 2], [19, 3], [4, 11], [22, 8], [21, 2], [14, 0], [22, 3], [9, 13], [9, 21], [22, 2], [19, 21], [12, 18], [18, 9], [0, 19], [22, 7], [20, 15], [15, 10], [16, 9], [7, 9], [0, 8], [10, 9], [15, 14], [10, 7], [8, 13], [23, 11], [13, 10], [4, 19], [21, 0], [10, 22], [10, 19], [10, 15], [18, 20], [16, 22], [21, 14], [16, 21], [2, 21], [13, 15], [15, 2], [4, 12], [23, 15], [21, 17], [14, 10], [9, 8], [0, 20], [11, 24], [11, 9], [24, 10], [15, 0], [16, 1]]}