{"meta": {"number_of_robots": 776, "description": {"parameters": {"seed": 8485, "shape": [40, 40], "obstacles": {"n": 40, "mean": 3, "std": 1.5}, "clusters": {"n": 3, "mean": 320, "std": 160.0, "relative_radius": 2, "increase_factor": 1.3, "start_dist": {"generator_name": "Image", "shape": [40, 40], "min": 0.0, "max": 5857.0, "mean": 1979.145625, "std": 1105.371040948857, "dtype": "uint64", "parameters": {"image": "buffalo_map.png", "transformer": {"name": "CityTransformer"}}}, "target_dist": {"generator_name": "Image", "shape": [40, 40], "min": 0.0, "max": 5857.0, "mean": 1979.145625, "std": 1105.371040948857, "dtype": "uint64", "parameters": {"image": "buffalo_map.png", "transformer": {"name": "CityTransformer"}}}}, "density": 0.6, "start_dist": {"generator_name": "Image", "shape": [40, 40], "min": 0.0, "max": 5857.0, "mean": 1979.145625, "std": 1105.371040948857, "dtype": "uint64", "parameters": {"image": "buffalo_map.png", "transformer": {"name": "CityTransformer"}}}, "target_dist": {"generator_name": "Image", "shape": [40, 40], "min": 0.0, "max": 5857.0, "mean": 1979.145625, "std": 1105.371040948857, "dtype": "uint64", "parameters": {"image": "buffalo_map.png", "transformer": {"name": "CityTransformer"}}}}, "stats": {"date": "2020-11-17", "free_area": 1293.0, "number_of_clustered_robots": 776, "number_of_robots": 776}}}, "name": "buffalo_003_40x40_60_776", "obstacles": [[1, 21], [1, 22], [1, 23], [1, 24], [1, 25], [1, 34], [1, 35], [1, 36], [2, 21], [2, 25], [2, 34], [2, 36], [3, 14], [3, 15], [3, 16], [3, 21], [3, 22], [3, 23], [3, 24], [3, 25], [3, 34], [3, 35], [3, 36], [4, 14], [4, 16], [4, 19], [4, 20], [5, 14], [5, 15], [5, 16], [5, 32], [5, 33], [5, 34], [6, 32], [6, 33], [6, 34], [7, 5], [8, 5], [8, 25], [8, 26], [8, 36], [8, 37], [9, 25], [9, 26], [9, 36], [9, 37], [11, 20], [11, 21], [12, 20], [12, 21], [13, 15], [13, 16], [13, 17], [13, 18], [13, 20], [13, 21], [13, 36], [13, 37], [13, 38], [13, 39], [14, 15], [14, 18], [14, 26], [15, 3], [15, 15], [15, 16], [15, 17], [15, 18], [15, 26], [16, 3], [16, 26], [17, 3], [17, 33], [17, 34], [17, 35], [18, 11], [18, 12], [18, 13], [18, 14], [18, 15], [18, 16], [18, 17], [18, 23], [18, 33], [18, 35], [19, 11], [19, 17], [19, 23], [19, 33], [19, 35], [20, 11], [20, 12], [20, 13], [20, 18], [20, 19], [20, 23], [20, 33], [20, 34], [20, 35], [21, 2], [21, 3], [21, 4], [21, 5], [21, 6], [21, 7], [21, 8], [21, 9], [21, 10], [21, 11], [21, 14], [21, 19], [21, 23], [22, 2], [22, 3], [22, 4], [22, 5], [22, 6], [22, 11], [22, 14], [22, 15], [22, 19], [23, 7], [23, 8], [23, 9], [23, 10], [23, 11], [23, 16], [23, 19], [24, 16], [24, 20], [24, 21], [24, 26], [25, 13], [25, 16], [25, 21], [25, 25], [25, 27], [25, 28], [25, 37], [26, 13], [26, 17], [26, 21], [26, 25], [26, 27], [26, 28], [26, 37], [27, 3], [27, 4], [27, 5], [27, 13], [27, 17], [27, 21], [27, 24], [27, 26], [27, 37], [28, 3], [28, 6], [28, 7], [28, 8], [28, 13], [28, 17], [28, 21], [28, 24], [28, 28], [28, 29], [28, 37], [29, 3], [29, 4], [29, 5], [29, 6], [29, 8], [29, 13], [29, 17], [29, 18], [29, 19], [29, 20], [29, 21], [29, 24], [29, 28], [29, 29], [30, 7], [30, 9], [30, 10], [30, 11], [30, 28], [30, 29], [31, 8], [31, 11], [32, 5], [32, 6], [32, 7], [32, 9], [32, 10], [32, 11], [33, 5], [33, 8], [34, 3], [34, 4], [34, 8], [35, 3], [35, 4], [35, 8], [35, 36], [35, 37], [36, 5], [36, 6], [36, 7], [36, 9], [36, 10], [36, 11], [36, 12], [36, 13], [36, 36], [36, 37], [37, 8], [37, 13], [37, 36], [37, 37], [38, 8], [38, 13], [38, 29], [38, 30], [38, 31], [38, 36], [38, 37], [39, 8], [39, 9], [39, 10], [39, 11], [39, 12], [39, 13], [39, 29], [39, 30], [39, 31]], "starts": [[19, 27], [37, 27], [34, 9], [15, 19], [2, 26], [15, 36], [16, 19], [33, 21], [5, 13], [10, 17], [24, 3], [13, 23], [29, 39], [33, 36], [27, 27], [13, 24], [3, 27], [32, 26], [18, 5], [30, 5], [32, 3], [17, 18], [35, 12], [10, 32], [37, 28], [12, 28], [25, 11], [28, 27], [31, 25], [26, 3], [6, 12], [11, 37], [34, 27], [37, 32], [28, 22], [11, 24], [12, 2], [18, 30], [31, 19], [33, 12], [35, 11], [30, 32], [19, 22], [38, 4], [17, 38], [31, 2], [11, 36], [22, 32], [17, 14], [34, 0], [17, 23], [26, 8], [35, 29], [28, 31], [35, 34], [25, 32], [24, 37], [28, 11], [18, 22], [19, 4], [22, 23], [35, 35], [24, 33], [33, 32], [21, 34], [38, 32], [10, 30], [25, 8], [4, 21], [1, 37], [29, 38], [6, 15], [7, 38], [20, 21], [16, 38], [26, 31], [23, 20], [28, 12], [32, 22], [19, 10], [29, 26], [16, 16], [39, 23], [4, 34], [7, 23], [34, 21], [37, 2], [9, 35], [18, 24], [11, 34], [30, 6], [9, 38], [9, 33], [27, 14], [29, 34], [19, 5], [24, 6], [31, 20], [17, 28], [17, 7], [5, 21], [2, 15], [3, 31], [35, 13], [27, 9], [24, 15], [2, 37], [17, 16], [24, 7], [34, 15], [16, 22], [35, 30], [14, 21], [19, 9], [25, 12], [31, 32], [24, 39], [38, 38], [27, 10], [30, 13], [36, 38], [16, 34], [27, 16], [37, 19], [36, 2], [35, 9], [10, 36], [34, 13], [17, 30], [10, 16], [19, 20], [25, 31], [33, 35], [26, 11], [38, 21], [23, 6], [7, 32], [5, 25], [19, 25], [20, 25], [34, 23], [11, 12], [10, 13], [26, 9], [7, 18], [17, 5], [22, 24], [35, 23], [14, 22], [21, 37], [26, 10], [21, 31], [11, 14], [31, 1], [11, 13], [34, 24], [30, 35], [10, 37], [32, 4], [29, 33], [24, 25], [33, 3], [9, 19], [19, 37], [17, 25], [28, 16], [27, 31], [15, 22], [16, 21], [23, 28], [25, 6], [32, 1], [9, 17], [30, 36], [16, 33], [10, 38], [31, 27], [0, 18], [17, 8], [5, 10], [24, 0], [31, 3], [25, 9], [24, 23], [26, 22], [29, 12], [10, 33], [19, 24], [27, 15], [16, 29], [32, 0], [37, 39], [36, 34], [18, 26], [27, 38], [28, 32], [7, 15], [20, 9], [12, 14], [28, 34], [33, 1], [11, 17], [15, 32], [6, 19], [1, 29], [20, 6], [15, 24], [19, 18], [39, 0], [28, 2], [2, 30], [18, 18], [14, 19], [37, 15], [8, 33], [31, 33], [28, 36], [38, 27], [33, 9], [19, 7], [16, 20], [34, 14], [17, 22], [12, 25], [26, 6], [18, 28], [27, 8], [31, 39], [30, 0], [38, 28], [12, 3], [15, 6], [33, 15], [35, 18], [18, 29], [26, 2], [25, 7], [24, 11], [23, 12], [24, 13], [10, 34], [30, 39], [6, 39], [10, 27], [32, 38], [4, 36], [31, 4], [24, 9], [2, 33], [8, 21], [15, 37], [9, 30], [11, 30], [28, 15], [39, 2], [38, 39], [28, 9], [23, 36], [16, 25], [24, 32], [0, 13], [9, 23], [33, 29], [4, 28], [25, 22], [24, 8], [33, 19], [38, 25], [26, 16], [30, 16], [2, 39], [38, 19], [10, 19], [26, 4], [12, 37], [24, 4], [13, 19], [29, 11], [18, 8], [27, 33], [1, 33], [13, 13], [36, 24], [10, 25], [27, 2], [17, 21], [9, 22], [34, 26], [26, 15], [19, 39], [29, 27], [21, 22], [18, 4], [0, 33], [27, 11], [36, 20], [31, 36], [23, 39], [9, 14], [13, 26], [6, 37], [25, 15], [35, 32], [26, 7], [24, 5], [26, 34], [20, 24], [5, 37], [20, 8], [25, 34], [3, 12], [16, 39], [27, 12], [14, 24], [7, 22], [13, 25], [26, 14], [18, 25], [37, 30], [32, 34], [4, 33], [19, 28], [29, 9], [34, 30], [0, 28], [25, 10], [23, 23], [26, 33], [37, 20], [5, 20], [0, 29], [31, 7], [11, 3], [4, 30], [3, 8], [29, 14], [23, 15], [26, 12], [34, 38], [38, 33], [6, 5], [34, 1], [16, 15], [19, 6], [31, 37], [10, 22], [33, 26], [16, 14], [10, 11], [23, 30], [32, 14], [39, 4], [2, 32], [26, 30], [4, 5], [32, 30], [29, 2], [12, 34], [7, 39], [7, 26], [24, 10], [11, 27], [1, 14], [18, 27], [9, 24], [33, 34], [8, 10], [3, 28], [27, 39], [24, 12], [10, 26], [18, 21], [8, 30], [37, 14], [4, 27], [38, 24], [24, 22], [33, 25], [39, 19], [31, 0], [38, 26], [23, 3], [15, 31], [4, 32], [16, 24], [35, 21], [25, 39], [30, 12], [30, 3], [32, 23], [18, 31], [6, 23], [37, 33], [2, 31], [10, 21], [8, 28], [18, 3], [16, 36], [36, 3], [4, 13], [4, 18], [16, 2], [32, 15], [16, 31], [4, 39], [21, 29], [32, 16], [38, 6], [11, 19], [34, 20], [31, 5], [12, 33], [14, 38], [38, 14], [19, 19], [33, 33], [25, 2], [30, 17], [27, 28], [22, 39], [10, 23], [13, 28], [18, 20], [22, 28], [32, 19], [10, 18], [25, 5], [38, 23], [20, 3], [5, 19], [33, 27], [25, 30], [20, 10], [17, 39], [25, 38], [30, 1], [3, 20], [31, 34], [36, 28], [34, 29], [2, 14], [38, 22], [13, 33], [33, 11], [5, 2], [34, 10], [18, 39], [8, 38], [17, 12], [19, 30], [29, 31], [19, 26], [15, 14], [11, 29], [0, 36], [31, 6], [29, 15], [21, 13], [3, 17], [36, 33], [19, 29], [18, 7], [32, 35], [35, 10], [32, 12], [34, 16], [38, 16], [36, 17], [6, 18], [12, 16], [15, 29], [23, 5], [28, 14], [25, 1], [8, 3], [38, 7], [28, 10], [31, 26], [15, 21], [5, 23], [1, 12], [17, 29], [25, 4], [4, 3], [39, 26], [39, 33], [24, 35], [15, 34], [30, 21], [29, 16], [23, 21], [17, 20], [29, 10], [10, 20], [16, 23], [5, 28], [35, 28], [10, 10], [22, 21], [6, 35], [5, 12], [32, 2], [31, 12], [18, 6], [30, 14], [1, 26], [3, 33], [8, 16], [23, 35], [30, 30], [15, 20], [34, 12], [37, 16], [8, 12], [29, 36], [1, 32], [12, 15], [9, 12], [2, 20], [36, 32], [38, 2], [4, 22], [21, 12], [33, 20], [2, 29], [22, 22], [32, 20], [39, 5], [36, 21], [7, 24], [29, 1], [39, 28], [12, 32], [12, 24], [35, 31], [10, 15], [3, 9], [17, 24], [4, 26], [37, 7], [12, 18], [23, 14], [8, 24], [30, 2], [14, 39], [2, 7], [22, 29], [1, 27], [9, 20], [26, 0], [33, 23], [7, 33], [1, 3], [13, 27], [39, 39], [8, 22], [16, 30], [8, 18], [27, 7], [31, 18], [25, 36], [11, 22], [18, 2], [18, 10], [4, 12], [36, 15], [27, 29], [39, 1], [32, 21], [31, 28], [15, 25], [12, 30], [1, 38], [24, 2], [14, 28], [11, 32], [3, 19], [36, 1], [7, 13], [36, 29], [33, 10], [11, 26], [22, 12], [4, 37], [10, 35], [2, 28], [35, 2], [38, 20], [6, 7], [3, 10], [29, 32], [36, 19], [20, 22], [0, 25], [17, 15], [22, 37], [38, 1], [39, 15], [39, 18], [5, 36], [7, 31], [14, 13], [22, 33], [33, 31], [38, 15], [30, 15], [32, 13], [30, 24], [2, 38], [25, 33], [7, 35], [15, 38], [32, 17], [12, 27], [7, 25], [36, 0], [37, 5], [1, 10], [2, 11], [0, 39], [18, 38], [8, 15], [7, 16], [21, 25], [28, 0], [23, 38], [1, 13], [17, 19], [12, 38], [33, 17], [7, 12], [16, 6], [26, 39], [33, 2], [35, 39], [31, 35], [5, 17], [26, 23], [37, 23], [9, 6], [17, 10], [34, 28], [9, 34], [26, 1], [7, 28], [9, 13], [17, 17], [17, 37], [36, 35], [4, 6], [16, 12], [32, 25], [22, 13], [27, 6], [20, 32], [3, 3], [0, 16], [34, 2], [2, 12], [13, 31], [15, 30], [39, 24], [24, 1], [34, 18], [26, 24], [5, 29], [28, 38], [8, 20], [3, 30], [37, 18], [31, 17], [38, 0], [28, 39], [30, 23], [0, 2], [28, 23], [23, 4], [19, 2], [26, 38], [14, 36], [22, 26], [34, 11], [14, 30], [23, 29], [30, 22], [33, 38], [22, 36], [36, 4], [21, 26], [26, 29], [27, 0], [37, 25], [9, 18], [39, 21], [11, 39], [5, 11], [18, 9], [27, 25], [7, 36], [18, 37], [35, 1], [6, 21], [17, 13], [6, 20], [34, 19], [17, 2], [37, 4], [24, 29], [6, 17], [33, 0], [31, 24], [5, 24], [27, 36], [5, 18], [20, 28], [39, 17], [17, 36], [21, 33], [34, 35], [26, 5], [22, 27], [5, 6], [11, 35], [19, 21], [23, 27], [19, 38], [11, 11], [31, 31], [37, 0], [4, 38], [32, 24], [36, 31], [7, 19], [12, 39], [24, 27], [5, 31], [20, 29], [27, 1], [32, 31], [16, 17], [18, 32], [27, 32], [22, 20], [22, 35], [27, 22], [20, 39], [35, 38], [37, 1], [5, 39], [3, 11], [23, 2], [3, 39], [23, 33], [3, 37], [11, 33], [33, 13], [5, 22], [25, 3], [13, 35], [20, 31], [15, 8], [14, 23], [10, 29], [21, 24], [20, 30], [37, 38], [35, 0], [16, 10], [4, 2], [35, 20], [11, 4], [3, 18], [17, 11], [37, 34], [15, 39], [33, 4]], "targets": [[10, 33], [7, 20], [16, 15], [21, 13], [13, 24], [25, 15], [24, 14], [16, 39], [16, 23], [35, 15], [16, 19], [16, 31], [36, 20], [0, 8], [2, 31], [4, 10], [36, 19], [18, 21], [9, 13], [16, 24], [15, 31], [15, 19], [2, 9], [36, 18], [2, 29], [2, 16], [25, 31], [17, 17], [15, 34], [37, 21], [0, 25], [21, 34], [12, 25], [33, 16], [18, 26], [16, 18], [31, 38], [7, 38], [25, 7], [17, 26], [33, 11], [37, 28], [14, 39], [6, 36], [4, 34], [25, 24], [19, 37], [11, 35], [32, 22], [38, 32], [15, 32], [34, 17], [14, 24], [34, 14], [2, 37], [0, 34], [18, 25], [12, 33], [33, 32], [29, 35], [24, 32], [35, 29], [35, 31], [18, 31], [23, 27], [28, 22], [31, 34], [29, 15], [2, 19], [10, 35], [11, 29], [16, 32], [19, 39], [30, 20], [34, 32], [22, 27], [26, 12], [29, 11], [16, 25], [29, 27], [22, 32], [21, 32], [1, 26], [2, 14], [9, 35], [32, 16], [28, 12], [1, 11], [34, 19], [25, 8], [12, 19], [15, 22], [15, 24], [27, 7], [37, 26], [7, 19], [12, 32], [23, 39], [17, 23], [30, 14], [26, 10], [14, 33], [2, 30], [10, 12], [24, 29], [17, 21], [5, 31], [20, 31], [6, 22], [30, 26], [32, 28], [6, 26], [33, 14], [16, 21], [33, 20], [7, 35], [6, 12], [32, 30], [7, 18], [18, 36], [2, 26], [22, 24], [8, 9], [24, 34], [30, 24], [13, 22], [4, 18], [11, 26], [19, 28], [17, 11], [17, 13], [20, 32], [3, 9], [13, 23], [26, 11], [33, 29], [7, 33], [28, 38], [6, 17], [26, 34], [12, 15], [8, 35], [35, 24], [35, 23], [10, 34], [20, 36], [30, 21], [24, 12], [31, 25], [27, 16], [5, 37], [23, 31], [13, 27], [20, 22], [18, 32], [19, 27], [16, 28], [8, 18], [5, 23], [14, 8], [3, 28], [17, 10], [13, 31], [31, 29], [7, 32], [17, 30], [27, 14], [1, 19], [0, 32], [6, 19], [6, 38], [30, 25], [21, 27], [25, 35], [23, 15], [5, 18], [11, 39], [27, 8], [5, 19], [10, 24], [13, 19], [25, 12], [17, 18], [7, 15], [21, 26], [28, 27], [7, 22], [11, 30], [17, 28], [8, 13], [16, 35], [1, 38], [14, 21], [3, 37], [28, 15], [19, 25], [12, 9], [0, 19], [11, 32], [17, 29], [17, 22], [20, 27], [13, 28], [30, 19], [15, 14], [29, 39], [34, 16], [21, 21], [28, 14], [4, 23], [25, 10], [36, 15], [2, 39], [23, 20], [31, 17], [14, 30], [24, 11], [34, 39], [19, 10], [25, 22], [4, 38], [30, 34], [5, 20], [32, 17], [32, 39], [17, 39], [9, 20], [33, 10], [17, 12], [22, 22], [15, 30], [26, 9], [19, 29], [7, 34], [18, 30], [12, 29], [29, 22], [22, 31], [15, 38], [30, 17], [4, 30], [3, 32], [12, 16], [10, 39], [9, 18], [1, 39], [33, 24], [18, 20], [7, 36], [34, 33], [34, 37], [21, 20], [15, 20], [8, 38], [31, 26], [3, 20], [29, 30], [17, 19], [31, 36], [1, 17], [12, 39], [6, 16], [12, 36], [28, 32], [19, 20], [13, 13], [34, 27], [25, 14], [27, 10], [16, 22], [2, 28], [5, 36], [16, 30], [15, 23], [8, 17], [35, 13], [16, 34], [12, 26], [29, 26], [10, 38], [16, 17], [11, 23], [27, 35], [27, 23], [14, 23], [4, 21], [27, 31], [25, 9], [15, 39], [27, 22], [24, 7], [33, 39], [27, 25], [35, 11], [29, 34], [8, 24], [26, 39], [21, 22], [12, 18], [21, 39], [14, 20], [27, 39], [36, 17], [22, 30], [38, 26], [19, 26], [37, 29], [3, 19], [10, 16], [26, 32], [26, 8], [8, 34], [28, 10], [30, 22], [28, 25], [18, 7], [2, 33], [24, 31], [24, 37], [21, 30], [2, 32], [3, 18], [38, 14], [30, 37], [8, 28], [19, 22], [14, 19], [6, 21], [36, 33], [2, 20], [14, 36], [13, 35], [0, 11], [25, 23], [14, 22], [12, 35], [37, 30], [16, 16], [10, 37], [21, 29], [2, 38], [37, 34], [18, 28], [25, 34], [16, 7], [14, 27], [1, 33], [29, 14], [3, 27], [32, 35], [9, 12], [12, 34], [30, 15], [19, 19], [12, 28], [36, 24], [18, 24], [30, 36], [34, 22], [6, 37], [15, 21], [35, 33], [28, 11], [18, 38], [31, 20], [32, 14], [5, 22], [36, 16], [7, 12], [28, 26], [35, 27], [0, 26], [8, 33], [23, 38], [36, 28], [9, 31], [32, 37], [20, 39], [16, 12], [16, 20], [22, 35], [0, 31], [33, 33], [1, 28], [7, 9], [32, 26], [20, 20], [36, 34], [31, 21], [33, 23], [23, 37], [5, 21], [31, 31], [17, 24], [16, 38], [21, 37], [23, 22], [32, 13], [16, 29], [15, 36], [26, 16], [1, 31], [1, 27], [0, 29], [24, 10], [6, 18], [33, 36], [19, 30], [8, 12], [11, 15], [34, 18], [11, 25], [9, 24], [2, 27], [11, 36], [31, 24], [17, 16], [4, 36], [14, 34], [11, 38], [11, 27], [20, 8], [32, 18], [10, 30], [5, 30], [36, 23], [17, 9], [26, 24], [7, 27], [4, 29], [14, 29], [36, 39], [4, 37], [19, 21], [16, 14], [27, 29], [16, 27], [9, 22], [7, 25], [28, 30], [23, 35], [34, 25], [36, 38], [26, 31], [3, 13], [23, 28], [27, 33], [31, 18], [1, 16], [9, 33], [3, 30], [6, 30], [18, 10], [17, 27], [11, 33], [24, 33], [2, 12], [9, 27], [11, 12], [32, 12], [22, 23], [22, 26], [18, 18], [33, 30], [15, 28], [8, 32], [7, 29], [8, 39], [6, 15], [9, 34], [7, 31], [32, 34], [35, 34], [34, 21], [15, 33], [20, 24], [21, 31], [29, 32], [29, 36], [31, 27], [18, 22], [2, 11], [30, 18], [0, 21], [35, 28], [18, 39], [20, 26], [33, 38], [26, 38], [10, 25], [19, 38], [33, 34], [23, 13], [8, 21], [23, 29], [34, 9], [27, 9], [24, 22], [13, 30], [0, 37], [0, 16], [5, 10], [33, 31], [12, 10], [16, 33], [13, 10], [31, 23], [19, 31], [3, 33], [20, 21], [18, 37], [33, 25], [24, 9], [22, 13], [0, 38], [13, 34], [18, 8], [31, 35], [17, 14], [34, 15], [32, 25], [3, 39], [24, 36], [35, 12], [13, 26], [29, 9], [22, 21], [7, 37], [33, 26], [1, 37], [26, 30], [31, 32], [34, 13], [4, 35], [0, 36], [6, 24], [21, 28], [10, 19], [28, 34], [29, 25], [17, 15], [5, 26], [32, 27], [15, 37], [30, 38], [29, 37], [1, 18], [5, 27], [25, 38], [28, 23], [20, 37], [19, 18], [30, 23], [18, 29], [27, 32], [21, 25], [17, 25], [9, 21], [20, 10], [35, 39], [34, 20], [0, 39], [20, 30], [18, 27], [3, 38], [18, 9], [29, 31], [23, 25], [22, 37], [26, 35], [0, 17], [4, 24], [11, 34], [31, 15], [30, 35], [17, 8], [14, 38], [37, 14], [22, 29], [28, 36], [8, 22], [4, 32], [35, 17], [23, 24], [7, 17], [32, 19], [12, 13], [3, 17], [4, 39], [13, 14], [20, 25], [9, 16], [17, 32], [35, 21], [10, 32], [5, 17], [31, 33], [24, 13], [6, 35], [34, 24], [36, 25], [13, 25], [14, 28], [19, 7], [14, 32], [36, 27], [38, 24], [35, 20], [32, 38], [19, 9], [24, 8], [35, 22], [36, 32], [11, 18], [7, 16], [21, 12], [31, 13], [34, 35], [35, 16], [4, 31], [8, 19], [7, 39], [24, 35], [33, 12], [24, 15], [5, 38], [21, 36], [33, 13], [22, 38], [17, 20], [15, 27], [30, 27], [17, 38], [33, 17], [28, 33], [32, 36], [17, 7], [19, 32], [32, 33], [7, 13], [34, 34], [24, 27], [35, 14], [33, 19], [15, 13], [34, 29], [7, 14], [22, 28], [37, 17], [29, 16], [23, 21], [22, 20], [6, 29], [13, 32], [9, 30], [0, 18], [8, 16], [4, 22], [27, 28], [4, 7], [28, 9], [6, 20], [20, 29], [24, 23], [1, 13], [9, 32], [27, 15], [26, 23], [15, 29], [0, 15], [27, 38], [29, 33], [5, 35], [24, 24], [36, 22], [4, 33], [5, 11], [24, 30], [36, 35], [35, 18], [26, 7], [36, 29], [4, 27], [36, 30], [23, 33], [23, 34], [35, 30], [17, 31], [28, 31], [34, 26], [35, 35], [26, 36], [9, 38], [14, 25], [7, 24], [23, 26], [1, 29], [23, 32], [0, 30], [12, 11], [38, 15], [33, 15], [27, 36], [10, 22], [11, 37], [0, 28], [16, 37], [25, 29], [19, 24], [38, 17], [33, 28], [6, 11], [28, 39], [10, 18], [20, 38], [11, 16], [2, 17], [9, 28], [10, 29], [15, 25], [5, 24], [7, 30], [4, 28], [23, 14], [34, 10], [31, 39], [5, 29], [25, 36], [22, 33], [6, 39], [34, 30], [7, 23], [36, 21], [24, 28], [28, 16], [32, 20], [8, 15], [16, 11], [23, 36], [35, 26], [7, 21], [33, 35], [33, 21], [25, 39], [11, 14], [11, 28], [12, 24], [25, 11], [26, 22], [23, 30], [3, 12], [11, 17], [3, 26], [6, 23], [30, 31], [34, 23], [21, 33], [37, 35], [1, 32], [11, 31], [32, 24], [30, 39], [9, 17], [14, 10], [28, 35], [12, 30], [29, 23], [25, 30], [25, 33], [33, 27], [15, 35], [11, 19], [10, 36], [10, 20], [31, 37], [21, 24]]}