{"meta": {"number_of_robots": 5000, "description": {"parameters": {"seed": 8416, "shape": [100, 100], "obstacles": {"n": 0, "mean": 10, "std": 5.0}, "clusters": {"n": 10, "mean": 40, "std": 20.0, "relative_radius": 2, "increase_factor": 1.3, "start_dist": {"generator_name": "Image", "shape": [100, 100], "min": 0.0, "max": 249.0, "mean": 30.4661, "std": 43.783120615026974, "dtype": "uint64", "parameters": {"image": "clouds.png", "transformer": {"name": "ColorChannelSelector", "channel": "s", "inverted": false}}}, "target_dist": {"generator_name": "Image", "shape": [100, 100], "min": 6.0, "max": 255.0, "mean": 224.5339, "std": 43.783120615026974, "dtype": "uint64", "parameters": {"image": "clouds.png", "transformer": {"name": "ColorChannelSelector", "channel": "s", "inverted": true}}}}, "density": 0.5, "start_dist": {"generator_name": "Image", "shape": [100, 100], "min": 0.0, "max": 249.0, "mean": 30.4661, "std": 43.783120615026974, "dtype": "uint64", "parameters": {"image": "clouds.png", "transformer": {"name": "ColorChannelSelector", "channel": "s", "inverted": false}}}, "target_dist": {"generator_name": "Image", "shape": [100, 100], "min": 6.0, "max": 255.0, "mean": 224.5339, "std": 43.783120615026974, "dtype": "uint64", "parameters": {"image": "clouds.png", "transformer": {"name": "ColorChannelSelector", "channel": "s", "inverted": true}}}}, "stats": {"date": "2020-11-17", "free_area": 10000.0, "number_of_clustered_robots": 410, "number_of_robots": 5000}}}, "name": "clouds_00008_100x100_50_5000", "obstacles": [], "starts": [[2, 62], [22, 3], [72, 15], [76, 66], [71, 89], [24, 41], [26, 64], [74, 74], [51, 6], [25, 33], [67, 48], [69, 10], [15, 59], [18, 27], [74, 73], [65, 54], [61, 20], [7, 52], [76, 88], [17, 40], [55, 8], [26, 28], [67, 65], [79, 63], [67, 21], [28, 6], [9, 62], [76, 58], [68, 14], [26, 23], [12, 59], [71, 74], [77, 91], [17, 43], [51, 12], [76, 64], [70, 15], [15, 62], [12, 36], [70, 69], [81, 64], [76, 10], [22, 11], [2, 59], [70, 87], [21, 30], [69, 48], [20, 34], [53, 11], [71, 14], [74, 71], [8, 55], [69, 54], [72, 16], [13, 28], [14, 61], [72, 73], [77, 65], [68, 91], [71, 17], [27, 3], [16, 45], [47, 11], [8, 54], [25, 69], [24, 32], [65, 50], [63, 8], [65, 68], [18, 61], [64, 49], [12, 28], [70, 14], [75, 92], [27, 34], [51, 15], [64, 74], [14, 49], [65, 48], [77, 19], [29, 4], [23, 35], [6, 51], [67, 63], [72, 21], [72, 70], [76, 83], [19, 34], [68, 57], [9, 53], [22, 45], [52, 9], [68, 17], [66, 67], [71, 66], [8, 60], [70, 16], [18, 24], [20, 9], [67, 89], [64, 51], [5, 55], [67, 17], [72, 67], [20, 40], [56, 17], [26, 32], [78, 53], [78, 23], [10, 61], [62, 73], [74, 54], [20, 30], [76, 84], [65, 9], [10, 60], [28, 4], [19, 35], [54, 13], [82, 59], [75, 62], [60, 19], [12, 52], [24, 64], [24, 37], [78, 65], [76, 11], [68, 88], [2, 65], [63, 72], [19, 37], [82, 65], [24, 38], [57, 6], [65, 23], [9, 57], [28, 5], [81, 56], [75, 73], [17, 27], [61, 22], [16, 65], [73, 86], [67, 49], [70, 21], [19, 33], [51, 10], [22, 25], [70, 72], [18, 60], [64, 48], [72, 13], [21, 7], [13, 60], [70, 85], [13, 36], [72, 65], [67, 68], [70, 13], [19, 44], [54, 12], [5, 53], [76, 62], [15, 33], [69, 17], [64, 73], [6, 54], [69, 49], [79, 85], [67, 16], [26, 27], [23, 6], [73, 58], [14, 65], [74, 68], [17, 37], [52, 11], [60, 23], [75, 66], [6, 53], [27, 63], [24, 35], [61, 24], [76, 94], [65, 69], [64, 64], [14, 57], [68, 18], [22, 42], [52, 7], [16, 29], [28, 3], [69, 65], [67, 64], [10, 55], [75, 22], [75, 87], [16, 30], [76, 57], [15, 63], [61, 25], [63, 61], [19, 45], [50, 16], [64, 62], [15, 25], [18, 54], [73, 12], [24, 8], [66, 49], [76, 86], [75, 71], [65, 25], [17, 61], [13, 29], [72, 63], [16, 42], [53, 18], [75, 67], [64, 22], [6, 57], [71, 48], [15, 34], [71, 91], [75, 15], [8, 57], [63, 60], [68, 65], [30, 2], [21, 35], [20, 42], [52, 6], [62, 22], [13, 58], [64, 63], [73, 65], [71, 93], [78, 17], [14, 64], [22, 63], [25, 26], [79, 66], [77, 24], [17, 38], [58, 11], [70, 71], [3, 63], [70, 66], [29, 6], [25, 24], [62, 24], [67, 88], [70, 64], [9, 61], [70, 70], [66, 21], [24, 30], [73, 51], [4, 64], [22, 39], [50, 15], [70, 18], [68, 68], [69, 66], [13, 34], [70, 86], [7, 64], [28, 2], [78, 11], [74, 64], [8, 64], [62, 65], [25, 28], [21, 37], [51, 9], [71, 23], [81, 65], [8, 53], [69, 93], [64, 25], [17, 25], [71, 70], [68, 61], [27, 2], [2, 63], [74, 14], [26, 42], [50, 8], [76, 50], [24, 24], [61, 65], [17, 65], [71, 83], [60, 20], [82, 57], [12, 63], [26, 69], [26, 31], [68, 16], [70, 73], [65, 66], [28, 37], [51, 14], [28, 8], [12, 61], [60, 21], [72, 83], [13, 30], [67, 50], [63, 70], [4, 51], [71, 21], [65, 59], [23, 26], [26, 45], [50, 13], [73, 69], [69, 18], [10, 52], [79, 53], [70, 88], [23, 5], [15, 23], [69, 14], [12, 62], [65, 65], [75, 74], [77, 14], [27, 42], [49, 10], [5, 56], [65, 51], [18, 35], [72, 94], [73, 72], [62, 21], [68, 48], [3, 65], [15, 29], [29, 3], [64, 12], [64, 50], [15, 64], [72, 72], [17, 44], [52, 10], [67, 84], [77, 23], [26, 33], [76, 61], [17, 59], [65, 64], [69, 13], [75, 65], [6, 62], [25, 66], [13, 32], [20, 43], [48, 18], [23, 8], [71, 11], [75, 83], [69, 64], [73, 67], [7, 53], [15, 37], [71, 15], [72, 66], [12, 58], [73, 73], [70, 17], [20, 44], [48, 16], [80, 55], [26, 26], [73, 93], [14, 59], [27, 4], [64, 8], [66, 59], [72, 68], [14, 28], [4, 65], [76, 23], [67, 51], [28, 40], [49, 18], [75, 84], [63, 74], [5, 64], [18, 36], [68, 25], [73, 64], [12, 51], [30, 3], [73, 14], [77, 60], [70, 67], [22, 23], [27, 35], [51, 17], [76, 91], [3, 64], [68, 11], [80, 57], [71, 64], [19, 30], [5, 50], [63, 25], [80, 62], [46, 74], [46, 79], [36, 58], [9, 77], [1, 71], [93, 74], [57, 40], [44, 67], [69, 22], [22, 72], [22, 58], [57, 34], [73, 94], [42, 85], [50, 5], [92, 71], [32, 82], [26, 67], [30, 66], [51, 13], [29, 69], [42, 66], [49, 19], [30, 65], [0, 22], [89, 82], [32, 70], [13, 62], [95, 74], [68, 79], [10, 57], [9, 59], [10, 99], [3, 92], [80, 78], [33, 70], [2, 88], [42, 78], [66, 89], [47, 84], [72, 93], [62, 94], [35, 71], [66, 78], [85, 85], [74, 11], [35, 74], [59, 89], [59, 98], [53, 99], [69, 88], [34, 79], [39, 56], [77, 37], [55, 30], [41, 12], [79, 98], [26, 0], [97, 99], [88, 65], [43, 79], [64, 80], [28, 73], [0, 71], [18, 66], [57, 65], [73, 75], [62, 47], [78, 92], [7, 67], [49, 22], [6, 73], [99, 26], [32, 65], [15, 65], [0, 59], [99, 3], [16, 59], [90, 78], [83, 82], [21, 59], [44, 74], [80, 99], [19, 75], [7, 18], [29, 68], [23, 70], [62, 83], [22, 78], [51, 94], [11, 40], [36, 82], [18, 83], [54, 28], [78, 90], [13, 74], [20, 83], [43, 99], [48, 88], [54, 94], [45, 79], [53, 83], [59, 32], [7, 55], [21, 62], [51, 98], [51, 88], [13, 75], [29, 67], [13, 72], [15, 58], [23, 67], [84, 66], [53, 41], [21, 0], [95, 72], [32, 71], [61, 84], [23, 75], [34, 66], [78, 63], [37, 86], [1, 75], [88, 98], [26, 35], [50, 70], [24, 77], [86, 71], [99, 8], [16, 67], [81, 88], [51, 35], [58, 14], [36, 11], [59, 97], [15, 78], [82, 82], [12, 68], [10, 63], [0, 64], [33, 73], [17, 70], [19, 88], [15, 66], [62, 98], [36, 15], [99, 2], [89, 78], [23, 77], [44, 69], [48, 68], [94, 36], [72, 87], [11, 83], [78, 93], [30, 80], [51, 75], [0, 62], [99, 62], [16, 86], [33, 72], [81, 83], [43, 74], [89, 62], [93, 76], [22, 61], [99, 7], [26, 49], [54, 97], [31, 79], [64, 94], [61, 42], [54, 78], [42, 87], [49, 80], [8, 65], [27, 67], [36, 76], [24, 75], [81, 76], [73, 89], [23, 34], [2, 74], [15, 56], [28, 1], [60, 33], [33, 69], [17, 72], [40, 4], [97, 70], [78, 87], [52, 97], [57, 27], [7, 78], [10, 53], [58, 50], [35, 73], [74, 97], [49, 75], [21, 77], [17, 67], [74, 91], [53, 31], [1, 72], [15, 12], [58, 32], [67, 79], [82, 68], [29, 30], [4, 63], [34, 5], [53, 91], [58, 25], [15, 74], [6, 69], [69, 16], [55, 75], [36, 72], [2, 61], [4, 67], [1, 57], [62, 81], [41, 67], [57, 94], [40, 69], [1, 63], [15, 73], [27, 12], [67, 87], [20, 19], [66, 46], [22, 60], [29, 63], [31, 72], [48, 69], [18, 13], [73, 11], [24, 60], [91, 1], [21, 90], [94, 72], [48, 66], [20, 63], [12, 76], [76, 81], [2, 53], [85, 84], [92, 53], [6, 18], [66, 51], [42, 54], [14, 63], [90, 75], [24, 78], [39, 71], [55, 86], [91, 58], [34, 74], [8, 51], [37, 34], [7, 69], [54, 92], [48, 78], [28, 67], [24, 70], [64, 88], [9, 67], [42, 71], [97, 2], [19, 62], [75, 42], [36, 59], [81, 84], [34, 70], [32, 67], [37, 67], [42, 93], [15, 72], [86, 74], [96, 29], [55, 95], [42, 89], [58, 81], [30, 69], [42, 86], [25, 79], [64, 60], [55, 89], [91, 40], [31, 69], [22, 80], [8, 78], [45, 33], [21, 80], [11, 57], [41, 69], [37, 75], [33, 75], [35, 76], [14, 74], [55, 28], [40, 80], [20, 57], [78, 38], [7, 54], [27, 55], [14, 66], [56, 19], [54, 98], [24, 79], [34, 1], [16, 68], [58, 76], [21, 78], [49, 69], [91, 2], [2, 49], [24, 76], [51, 76], [55, 84], [91, 55], [81, 87], [15, 68], [69, 77], [42, 11], [58, 31], [3, 67], [98, 63], [12, 72], [40, 78], [42, 17], [96, 15], [96, 24], [69, 19], [57, 95], [49, 38], [29, 5], [11, 78], [69, 70], [38, 56], [12, 73], [56, 76], [5, 40], [51, 11], [60, 79], [53, 90], [30, 71], [85, 96], [25, 61], [44, 93], [27, 28], [81, 89], [12, 14], [68, 19], [86, 97], [71, 90], [54, 95], [12, 43], [97, 19], [51, 71], [67, 86], [88, 77], [80, 90], [40, 70], [74, 39], [53, 76], [77, 76], [44, 94], [52, 13], [86, 78], [80, 92], [41, 71], [33, 77], [18, 63], [41, 65], [63, 75], [85, 83], [41, 79], [6, 55], [17, 60], [7, 62], [77, 95], [52, 15], [23, 62], [74, 94], [97, 8], [50, 94], [59, 53], [60, 42], [36, 2], [57, 30], [77, 6], [8, 28], [45, 76], [23, 64], [98, 62], [74, 90], [24, 59], [14, 60], [36, 78], [95, 6], [86, 81], [4, 72], [79, 74], [20, 67], [1, 52], [54, 99], [7, 57], [61, 98], [10, 58], [56, 35], [57, 53], [22, 64], [5, 74], [65, 83], [59, 92], [58, 86], [92, 87], [32, 60], [69, 56], [17, 81], [88, 66], [85, 82], [36, 23], [72, 14], [82, 97], [59, 4], [9, 39], [25, 78], [49, 20], [73, 90], [58, 23], [20, 84], [83, 99], [84, 91], [35, 75], [42, 70], [53, 84], [61, 23], [52, 80], [50, 97], [43, 94], [90, 76], [49, 78], [10, 54], [66, 84], [15, 84], [24, 62], [54, 1], [0, 87], [73, 76], [27, 66], [70, 42], [85, 81], [42, 58], [20, 68], [0, 95], [72, 95], [65, 71], [48, 33], [11, 69], [6, 52], [61, 95], [18, 73], [26, 61], [28, 61], [72, 75], [79, 91], [13, 76], [44, 76], [37, 83], [61, 71], [80, 96], [18, 56], [11, 76], [7, 9], [0, 10], [97, 54], [49, 15], [53, 88], [44, 54], [23, 86], [91, 97], [15, 17], [15, 71], [85, 95], [56, 40], [80, 98], [75, 3], [88, 97], [24, 7], [90, 42], [99, 9], [47, 22], [30, 24], [40, 94], [75, 82], [51, 85], [74, 65], [35, 72], [2, 73], [38, 73], [13, 87], [66, 90], [57, 79], [4, 69], [18, 3], [72, 31], [8, 59], [40, 84], [42, 77], [16, 73], [71, 75], [47, 17], [80, 85], [36, 43], [75, 94], [77, 96], [56, 43], [44, 63], [94, 76], [62, 96], [3, 80], [16, 64], [32, 73], [51, 97], [67, 91], [86, 65], [50, 83], [97, 74], [84, 93], [76, 56], [27, 64], [84, 87], [32, 74], [92, 64], [90, 36], [16, 69], [49, 91], [21, 73], [80, 89], [39, 34], [24, 55], [88, 16], [83, 74], [78, 13], [82, 88], [66, 19], [83, 97], [74, 85], [20, 62], [31, 7], [94, 9], [35, 80], [1, 60], [88, 80], [83, 66], [4, 68], [56, 75], [73, 87], [54, 90], [39, 79], [14, 84], [49, 76], [86, 12], [0, 93], [82, 79], [87, 67], [16, 17], [76, 97], [24, 33], [50, 75], [61, 85], [72, 97], [1, 61], [28, 56], [38, 69], [53, 52], [3, 57], [25, 73], [99, 0], [72, 86], [85, 78], [87, 10], [67, 61], [62, 99], [78, 40], [41, 75], [31, 71], [59, 71], [32, 17], [74, 66], [57, 67], [52, 94], [78, 91], [87, 57], [72, 82], [75, 90], [81, 90], [71, 99], [75, 91], [24, 71], [67, 27], [96, 62], [78, 39], [22, 62], [0, 84], [57, 84], [61, 94], [98, 7], [29, 72], [37, 78], [16, 88], [74, 82], [77, 82], [55, 14], [46, 77], [67, 81], [65, 24], [7, 63], [57, 41], [50, 99], [70, 11], [46, 73], [96, 30], [70, 84], [3, 48], [66, 87], [51, 36], [70, 30], [80, 48], [47, 70], [25, 62], [74, 78], [28, 64], [1, 64], [11, 52], [10, 65], [64, 20], [64, 21], [12, 60], [39, 68], [57, 85], [4, 55], [73, 83], [64, 79], [27, 75], [3, 66], [51, 8], [67, 93], [84, 68], [22, 73], [16, 58], [74, 75], [21, 9], [14, 77], [43, 76], [13, 57], [81, 95], [1, 37], [52, 73], [68, 46], [41, 86], [43, 75], [56, 20], [78, 86], [19, 66], [53, 93], [87, 70], [48, 57], [0, 72], [54, 38], [22, 74], [42, 80], [95, 4], [75, 64], [39, 69], [19, 72], [98, 1], [9, 69], [33, 42], [71, 37], [24, 66], [7, 51], [77, 92], [91, 73], [45, 74], [51, 32], [26, 94], [51, 41], [53, 38], [79, 29], [59, 36], [91, 26], [88, 37], [69, 71], [46, 69], [10, 64], [59, 47], [6, 78], [47, 71], [53, 46], [35, 82], [68, 77], [25, 64], [27, 72], [74, 95], [55, 38], [29, 70], [12, 85], [16, 72], [42, 67], [66, 35], [54, 16], [64, 85], [72, 90], [63, 89], [73, 48], [35, 70], [83, 86], [68, 15], [43, 77], [42, 68], [54, 75], [65, 32], [22, 75], [15, 81], [92, 74], [46, 85], [50, 9], [45, 73], [11, 54], [9, 73], [10, 74], [76, 90], [11, 79], [46, 76], [20, 73], [63, 81], [87, 66], [97, 88], [36, 13], [64, 26], [86, 79], [53, 73], [99, 83], [36, 85], [19, 69], [1, 30], [63, 93], [25, 75], [27, 77], [89, 86], [0, 74], [61, 96], [50, 34], [85, 89], [87, 64], [67, 78], [32, 72], [64, 42], [12, 81], [1, 74], [42, 31], [33, 66], [34, 73], [18, 59], [3, 81], [49, 88], [3, 73], [29, 57], [88, 84], [45, 21], [24, 53], [37, 72], [20, 71], [64, 24], [67, 77], [10, 36], [28, 68], [43, 16], [73, 95], [82, 80], [56, 41], [48, 73], [46, 75], [36, 54], [31, 70], [75, 88], [1, 98], [24, 63], [47, 68], [51, 70], [73, 78], [54, 87], [20, 66], [37, 66], [3, 68], [30, 13], [42, 14], [67, 32], [71, 86], [69, 89], [23, 84], [80, 88], [42, 92], [58, 35], [24, 42], [24, 93], [11, 53], [52, 0], [38, 85], [78, 76], [65, 81], [45, 69], [35, 79], [55, 43], [39, 7], [73, 43], [18, 74], [72, 47], [98, 53], [90, 67], [0, 63], [65, 89], [42, 47], [25, 65], [90, 63], [53, 94], [99, 80], [72, 96], [68, 28], [41, 11], [21, 28], [86, 64], [23, 63], [99, 76], [44, 30], [31, 76], [25, 34], [24, 74], [31, 22], [63, 79], [36, 71], [95, 79], [40, 72], [54, 77], [24, 69], [77, 79], [87, 80], [84, 85], [34, 75], [89, 24], [86, 68], [62, 45], [26, 96], [18, 18], [42, 72], [12, 49], [78, 99], [51, 18], [28, 88], [45, 84], [15, 69], [87, 40], [43, 72], [79, 92], [52, 17], [21, 69], [24, 58], [35, 81], [96, 31], [33, 67], [26, 40], [45, 70], [29, 71], [6, 71], [13, 56], [27, 68], [10, 48], [63, 28], [88, 74], [61, 79], [77, 94], [43, 19], [41, 76], [6, 79], [45, 88], [54, 82], [18, 79], [32, 77], [94, 77], [28, 66], [0, 94], [84, 81], [94, 3], [32, 69], [31, 68], [12, 75], [3, 29], [19, 71], [52, 67], [58, 75], [81, 78], [70, 25], [36, 81], [1, 41], [68, 38], [65, 75], [8, 56], [66, 44], [30, 75], [54, 23], [10, 98], [21, 60], [71, 71], [39, 81], [41, 57], [73, 97], [55, 97], [31, 77], [11, 59], [69, 62], [30, 70], [50, 76], [8, 52], [23, 79], [19, 63], [64, 47], [5, 66], [39, 75], [81, 99], [18, 68], [65, 21], [51, 86], [48, 95], [55, 94], [13, 52], [54, 81], [60, 93], [77, 93], [83, 81], [10, 72], [53, 96], [13, 69], [21, 94], [76, 87], [34, 72], [41, 70], [96, 8], [95, 92], [69, 82], [82, 20], [17, 62], [39, 80], [0, 96], [23, 80], [73, 68], [91, 90], [53, 89], [72, 89], [61, 50], [16, 62], [37, 79], [55, 83], [19, 68], [17, 77], [73, 96], [85, 72], [20, 78], [42, 76], [31, 64], [95, 16], [18, 62], [9, 75], [43, 7], [39, 72], [78, 85], [60, 28], [85, 66], [21, 61], [90, 80], [8, 62], [83, 95], [8, 77], [12, 19], [69, 23], [66, 23], [98, 71], [52, 14], [49, 97], [6, 50], [97, 52], [52, 39], [42, 13], [94, 74], [27, 62], [56, 72], [14, 69], [97, 42], [81, 82], [53, 75], [22, 81], [24, 67], [23, 61], [11, 73], [38, 72], [99, 23], [76, 76], [51, 7], [56, 79], [6, 58], [65, 49], [67, 36], [80, 93], [23, 65], [13, 73], [14, 73], [73, 99], [85, 86], [12, 41], [15, 35], [15, 83], [58, 80], [56, 34], [2, 75], [40, 79], [53, 20], [99, 63], [25, 74], [37, 69], [76, 41], [96, 95], [82, 87], [13, 47], [55, 87], [49, 99], [85, 79], [40, 71], [45, 67], [65, 19], [73, 98], [81, 98], [72, 42], [10, 78], [63, 50], [37, 84], [29, 17], [20, 65], [19, 77], [17, 10], [90, 20], [0, 70], [21, 74], [43, 5], [17, 75], [93, 23], [50, 92], [55, 20], [52, 75], [81, 97], [54, 10], [86, 67], [31, 16], [93, 78], [31, 67], [74, 6], [4, 74], [8, 75], [70, 31], [13, 59], [74, 92], [78, 35], [85, 77], [48, 19], [58, 51], [24, 82], [37, 17], [22, 38], [47, 8], [28, 65], [9, 54], [63, 90], [87, 97], [24, 65], [13, 81], [53, 23], [85, 31], [90, 59], [21, 79], [54, 35], [86, 91], [82, 84], [54, 20], [55, 98], [54, 27], [98, 0], [14, 62], [34, 82], [16, 61], [40, 14], [27, 61], [98, 17], [55, 34], [96, 59], [7, 70], [69, 25], [35, 85], [58, 69], [53, 25], [65, 94], [37, 80], [4, 62], [55, 40], [82, 83], [66, 70], [56, 70], [20, 77], [49, 87], [44, 86], [64, 97], [65, 79], [80, 83], [59, 29], [51, 74], [77, 81], [50, 96], [79, 79], [46, 5], [20, 59], [40, 60], [17, 45], [99, 95], [76, 95], [31, 75], [12, 88], [24, 80], [54, 15], [96, 57], [3, 72], [86, 80], [25, 54], [2, 91], [33, 3], [39, 74], [78, 97], [23, 73], [60, 22], [65, 47], [9, 65], [61, 70], [51, 20], [80, 34], [47, 75], [41, 59], [7, 56], [40, 39], [24, 54], [69, 31], [11, 58], [57, 74], [66, 24], [58, 53], [44, 15], [38, 75], [2, 83], [43, 17], [65, 90], [96, 73], [84, 65], [49, 79], [97, 80], [22, 79], [19, 74], [78, 43], [5, 52], [96, 63], [86, 98], [70, 90], [48, 99], [78, 88], [50, 91], [6, 81], [6, 68], [54, 83], [53, 9], [20, 75], [86, 4], [99, 94], [98, 73], [67, 42], [42, 38], [50, 68], [1, 95], [41, 47], [73, 6], [73, 23], [40, 67], [98, 97], [5, 54], [87, 79], [72, 69], [47, 88], [14, 56], [70, 32], [18, 69], [44, 85], [34, 80], [77, 99], [90, 97], [12, 48], [74, 3], [60, 80], [79, 49], [59, 24], [21, 91], [53, 16], [48, 90], [77, 75], [52, 38], [54, 69], [32, 45], [60, 27], [69, 20], [80, 25], [12, 80], [77, 80], [1, 84], [27, 86], [78, 69], [74, 4], [50, 29], [22, 76], [38, 57], [65, 31], [60, 97], [18, 80], [84, 67], [5, 70], [96, 93], [48, 58], [62, 26], [12, 70], [84, 73], [74, 89], [48, 76], [90, 79], [64, 95], [47, 23], [86, 63], [4, 76], [43, 73], [93, 33], [84, 83], [12, 77], [38, 79], [63, 46], [12, 87], [57, 22], [10, 75], [68, 21], [11, 61], [6, 67], [76, 79], [40, 23], [42, 74], [79, 95], [40, 90], [55, 73], [35, 83], [60, 35], [34, 64], [81, 85], [13, 66], [91, 63], [93, 75], [54, 88], [62, 33], [43, 78], [8, 68], [3, 74], [21, 10], [41, 20], [66, 91], [9, 63], [53, 78], [80, 77], [72, 76], [23, 68], [60, 84], [56, 18], [7, 10], [30, 67], [87, 63], [91, 77], [42, 75], [52, 68], [52, 83], [50, 3], [95, 71], [9, 58], [22, 95], [20, 46], [63, 64], [82, 71], [53, 92], [1, 3], [82, 32], [78, 24], [25, 68], [57, 46], [88, 63], [94, 2], [19, 65], [74, 87], [74, 67], [50, 95], [71, 73], [27, 16], [70, 45], [54, 93], [41, 90], [47, 26], [96, 71], [58, 74], [75, 99], [70, 77], [66, 68], [88, 15], [90, 64], [77, 86], [84, 95], [27, 5], [46, 9], [17, 63], [48, 7], [22, 82], [83, 80], [86, 88], [8, 66], [33, 71], [53, 71], [67, 67], [91, 72], [16, 38], [37, 57], [9, 52], [93, 77], [70, 50], [58, 90], [97, 58], [91, 65], [22, 70], [31, 62], [63, 55], [21, 22], [50, 6], [61, 74], [98, 64], [56, 30], [5, 44], [28, 17], [68, 78], [35, 78], [19, 59], [48, 26], [16, 63], [85, 75], [19, 70], [54, 11], [55, 37], [44, 75], [81, 1], [89, 77], [49, 6], [8, 76], [51, 42], [52, 98], [97, 28], [78, 37], [34, 98], [86, 87], [44, 43], [28, 54], [66, 92], [10, 59], [11, 55], [88, 76], [94, 75], [11, 75], [53, 42], [64, 34], [84, 15], [10, 17], [32, 2], [86, 85], [16, 81], [90, 18], [86, 77], [45, 34], [77, 89], [46, 20], [64, 39], [90, 82], [84, 96], [3, 82], [68, 83], [55, 35], [95, 1], [41, 78], [54, 79], [74, 93], [30, 17], [50, 24], [22, 19], [86, 86], [69, 32], [17, 68], [52, 93], [78, 32], [42, 94], [30, 63], [44, 70], [16, 83], [91, 71], [26, 41], [7, 58], [18, 22], [33, 58], [74, 88], [51, 82], [15, 54], [40, 93], [28, 34], [25, 7], [58, 82], [19, 4], [59, 19], [35, 20], [36, 70], [87, 16], [43, 70], [17, 73], [31, 17], [18, 76], [4, 77], [87, 2], [93, 2], [48, 87], [60, 39], [36, 0], [12, 65], [91, 79], [11, 42], [90, 96], [73, 70], [41, 85], [53, 26], [14, 13], [56, 36], [92, 45], [28, 69], [36, 6], [13, 78], [16, 39], [46, 23], [15, 20], [15, 80], [91, 60], [98, 69], [9, 98], [71, 4], [95, 33], [47, 76], [85, 88], [12, 64], [0, 61], [29, 13], [74, 17], [18, 65], [42, 23], [54, 26], [87, 83], [18, 82], [93, 79], [56, 39], [21, 63], [86, 3], [74, 98], [45, 18], [54, 73], [62, 76], [63, 95], [11, 10], [14, 81], [1, 93], [13, 77], [8, 61], [80, 87], [93, 51], [72, 99], [53, 82], [40, 65], [43, 37], [62, 84], [16, 66], [26, 5], [13, 86], [60, 90], [4, 75], [70, 37], [25, 40], [12, 54], [87, 74], [69, 30], [39, 70], [29, 73], [70, 76], [33, 29], [4, 82], [71, 92], [43, 80], [69, 46], [46, 8], [6, 12], [96, 58], [18, 92], [13, 1], [54, 33], [15, 85], [26, 62], [10, 42], [90, 65], [71, 82], [36, 80], [16, 79], [23, 78], [51, 73], [5, 65], [29, 11], [87, 30], [79, 93], [86, 76], [94, 78], [45, 9], [15, 75], [52, 42], [2, 69], [31, 18], [45, 93], [82, 77], [59, 76], [68, 43], [6, 77], [68, 44], [57, 35], [73, 82], [18, 23], [58, 24], [41, 40], [44, 73], [61, 99], [89, 59], [79, 87], [85, 36], [33, 1], [65, 36], [50, 81], [32, 1], [45, 75], [99, 14], [25, 56], [54, 96], [44, 20], [59, 49], [50, 67], [55, 70], [13, 80], [79, 94], [29, 28], [57, 43], [53, 7], [21, 75], [37, 62], [19, 61], [41, 22], [11, 63], [47, 7], [93, 56], [14, 79], [43, 18], [20, 69], [16, 85], [68, 20], [79, 86], [96, 68], [55, 24], [51, 80], [38, 80], [38, 51], [71, 44], [79, 96], [36, 75], [47, 33], [37, 77], [93, 9], [20, 47], [31, 5], [26, 76], [61, 30], [22, 66], [82, 81], [5, 78], [5, 51], [79, 36], [10, 71], [76, 24], [92, 7], [8, 71], [52, 21], [57, 17], [67, 66], [12, 25], [64, 44], [53, 69], [2, 67], [41, 23], [12, 15], [85, 99], [8, 10], [2, 60], [39, 29], [59, 41], [55, 17], [18, 77], [60, 96], [90, 98], [57, 90], [68, 73], [57, 71], [18, 72], [66, 93], [22, 54], [17, 55], [90, 24], [46, 39], [76, 82], [14, 71], [69, 80], [86, 75], [76, 48], [2, 19], [75, 81], [57, 13], [98, 6], [81, 32], [35, 57], [70, 99], [20, 80], [86, 22], [19, 41], [63, 12], [72, 61], [36, 5], [73, 4], [9, 81], [54, 41], [27, 65], [70, 75], [8, 72], [96, 76], [17, 64], [90, 41], [80, 86], [57, 52], [12, 53], [94, 51], [40, 56], [51, 40], [26, 77], [7, 96], [56, 95], [95, 39], [49, 68], [68, 81], [64, 93], [90, 55], [14, 87], [68, 49], [27, 46], [6, 56], [92, 72], [74, 38], [59, 94], [40, 91], [71, 84], [60, 95], [97, 75], [66, 39], [53, 70], [59, 40], [84, 88], [82, 89], [89, 63], [3, 37], [64, 23], [92, 99], [53, 86], [90, 49], [72, 40], [9, 95], [55, 99], [17, 74], [47, 69], [19, 58], [29, 15], [79, 97], [97, 43], [57, 19], [79, 38], [51, 67], [68, 93], [97, 1], [0, 57], [23, 36], [11, 45], [14, 32], [26, 66], [98, 78], [20, 60], [29, 66], [14, 80], [81, 81], [70, 44], [7, 73], [97, 55], [95, 0], [83, 68], [27, 69], [87, 76], [2, 64], [65, 72], [32, 75], [9, 76], [11, 62], [22, 59], [61, 80], [44, 88], [36, 61], [48, 70], [53, 95], [58, 97], [69, 75], [98, 95], [78, 62], [23, 48], [9, 68], [77, 33], [25, 31], [28, 76], [41, 54], [69, 76], [9, 60], [75, 96], [14, 78], [41, 14], [57, 66], [56, 88], [82, 86], [68, 71], [45, 71], [83, 78], [27, 70], [95, 98], [48, 36], [73, 74], [94, 45], [28, 96], [87, 77], [63, 98], [25, 72], [12, 71], [16, 78], [96, 45], [84, 78], [99, 47], [1, 69], [99, 5], [13, 55], [74, 33], [23, 39], [73, 79], [55, 39], [65, 45], [18, 0], [21, 68], [54, 18], [87, 78], [87, 96], [34, 71], [98, 79], [16, 54], [47, 12], [23, 74], [97, 65], [62, 4], [57, 75], [80, 95], [21, 72], [5, 69], [82, 1], [21, 66], [34, 43], [91, 76], [62, 23], [97, 60], [31, 73], [37, 70], [6, 74], [20, 90], [99, 4], [51, 3], [59, 20], [49, 83], [17, 58], [13, 83], [43, 9], [26, 71], [83, 75], [99, 78], [45, 89], [33, 61], [58, 27], [50, 10], [41, 92], [60, 91], [9, 82], [83, 90], [48, 83], [97, 86], [18, 57], [30, 68], [83, 44], [4, 79], [14, 54], [14, 39], [38, 86], [62, 85], [50, 35], [62, 82], [85, 70], [38, 59], [60, 94], [76, 75], [52, 33], [20, 99], [40, 59], [20, 79], [2, 72], [43, 51], [33, 12], [15, 70], [78, 94], [38, 46], [83, 96], [39, 93], [69, 84], [50, 98], [59, 91], [53, 97], [22, 85], [62, 38], [6, 49], [60, 66], [99, 30], [83, 71], [56, 59], [66, 37], [69, 92], [61, 69], [21, 1], [34, 67], [26, 93], [60, 45], [13, 46], [71, 76], [56, 93], [87, 71], [7, 77], [67, 74], [67, 83], [77, 40], [68, 37], [31, 2], [72, 77], [65, 92], [7, 60], [46, 88], [51, 87], [41, 72], [73, 5], [20, 70], [36, 69], [37, 76], [33, 65], [16, 93], [74, 1], [59, 31], [20, 55], [8, 31], [6, 65], [29, 56], [75, 97], [63, 48], [5, 68], [78, 77], [84, 86], [55, 25], [48, 75], [95, 65], [32, 80], [34, 69], [97, 79], [72, 74], [95, 68], [19, 83], [91, 88], [15, 60], [99, 19], [55, 96], [47, 74], [54, 91], [17, 20], [44, 4], [26, 63], [43, 71], [31, 36], [36, 77], [56, 53], [62, 95], [18, 64], [34, 19], [44, 2], [73, 85], [80, 39], [67, 24], [92, 73], [75, 89], [69, 29], [52, 91], [19, 25], [37, 54], [58, 91], [30, 11], [69, 36], [81, 35], [84, 8], [82, 78], [47, 5], [93, 3], [59, 33], [29, 65], [26, 68], [42, 28], [14, 86], [77, 88], [83, 18], [60, 37], [24, 61], [64, 78], [82, 0], [80, 91], [78, 98], [55, 45], [82, 98], [6, 64], [9, 79], [54, 40], [87, 98], [55, 79], [65, 29], [24, 88], [0, 89], [43, 24], [39, 63], [58, 77], [82, 40], [42, 18], [75, 86], [58, 28], [37, 73], [44, 60], [48, 59], [42, 3], [48, 8], [10, 62], [64, 86], [23, 60], [61, 58], [13, 53], [28, 38], [86, 66], [2, 80], [9, 72], [56, 85], [67, 29], [27, 59], [30, 72], [16, 51], [66, 22], [22, 77], [93, 99], [74, 77], [64, 82], [57, 92], [14, 58], [27, 78], [97, 87], [96, 67], [16, 80], [14, 5], [78, 75], [95, 77], [98, 8], [87, 84], [47, 19], [44, 87], [93, 57], [75, 77], [78, 79], [59, 22], [32, 68], [65, 56], [43, 91], [45, 85], [74, 70], [35, 59], [53, 80], [90, 73], [12, 79], [95, 75], [61, 82], [98, 96], [31, 46], [16, 13], [84, 63], [50, 69], [48, 77], [67, 90], [66, 88], [10, 73], [95, 70], [22, 68], [75, 35], [71, 41], [77, 87], [89, 96], [57, 72], [16, 50], [2, 25], [93, 63], [19, 79], [93, 13], [71, 95], [96, 49], [65, 87], [38, 7], [31, 28], [42, 50], [39, 59], [58, 7], [15, 99], [12, 0], [14, 68], [44, 79], [76, 42], [96, 41], [8, 19], [87, 85], [98, 65], [5, 10], [22, 71], [74, 36], [31, 74], [74, 44], [61, 27], [37, 74], [96, 61], [64, 40], [11, 77], [21, 76], [76, 80], [94, 69], [50, 74], [0, 4], [85, 97], [6, 31], [69, 40], [7, 65], [3, 53], [55, 92], [4, 66], [13, 61], [93, 69], [89, 58], [23, 66], [19, 60], [26, 13], [84, 39], [91, 75], [21, 58], [20, 50], [94, 68], [10, 56], [46, 51], [70, 89], [62, 15], [15, 43], [67, 71], [53, 15], [28, 72], [54, 65], [78, 2], [50, 23], [68, 92], [88, 31], [26, 55], [41, 88], [67, 7], [10, 79], [58, 96], [82, 3], [18, 99], [56, 78], [66, 25], [49, 89], [68, 41], [98, 75], [21, 71], [23, 71], [49, 72], [99, 6], [69, 33], [92, 75], [16, 71], [85, 64], [84, 97], [9, 56], [84, 80], [89, 60], [23, 14], [7, 25], [70, 49], [72, 35], [54, 76], [89, 79], [54, 25], [97, 29], [10, 29], [83, 70], [50, 12], [40, 34], [26, 84], [51, 1], [96, 52], [65, 1], [18, 81], [80, 2], [49, 54], [31, 53], [44, 19], [34, 42], [8, 73], [43, 88], [46, 68], [42, 96], [49, 77], [33, 60], [62, 71], [44, 96], [55, 88], [59, 46], [85, 5], [57, 45], [26, 52], [45, 37], [1, 62], [50, 22], [37, 56], [52, 12], [80, 94], [12, 67], [53, 98], [30, 20], [59, 70], [19, 64], [38, 78], [4, 73], [34, 40], [40, 68], [92, 68], [96, 32], [21, 64], [53, 85], [81, 96], [85, 18], [96, 47], [58, 17], [70, 80], [69, 95], [95, 57], [54, 71], [51, 24], [25, 67], [63, 80], [18, 55], [62, 61], [73, 30], [52, 69], [92, 34], [23, 9], [80, 65], [79, 39], [92, 25], [16, 60], [19, 90], [80, 8], [45, 10], [11, 18], [70, 46], [92, 61], [10, 43], [64, 91], [95, 52], [94, 63], [36, 10], [11, 67], [86, 0], [41, 87], [10, 77], [53, 67], [19, 17], [70, 78], [5, 57], [46, 71], [84, 89], [51, 81], [75, 98], [89, 33], [21, 84], [3, 62], [98, 19], [62, 46], [31, 88], [66, 43], [95, 28], [76, 71], [41, 6], [81, 91], [62, 48], [88, 59], [4, 11], [0, 73], [25, 82], [91, 27], [91, 30], [32, 81], [73, 33], [50, 7], [61, 12], [14, 41], [4, 71], [76, 96], [54, 85], [3, 52], [19, 67], [14, 88], [36, 74], [83, 91], [48, 56], [89, 98], [71, 78], [89, 99], [87, 75], [66, 27], [56, 87], [39, 67], [10, 38], [48, 20], [66, 34], [67, 94], [38, 68], [25, 80], [85, 65], [25, 86], [84, 74], [16, 70], [69, 39], [52, 41], [75, 32], [54, 72], [39, 84], [47, 32], [56, 66], [48, 79], [78, 80], [70, 96], [43, 69], [66, 86], [52, 72], [98, 68], [84, 72], [10, 25], [32, 95], [15, 91], [81, 7], [5, 79], [45, 63], [32, 76], [56, 27], [84, 62], [94, 0], [94, 71], [45, 87], [51, 92], [38, 53], [70, 65], [20, 76], [84, 70], [31, 51], [80, 36], [44, 0], [35, 54], [35, 2], [9, 26], [2, 70], [15, 67], [4, 56], [81, 25], [24, 73], [63, 99], [33, 76], [95, 34], [11, 72], [52, 8], [63, 24], [30, 7], [29, 85], [98, 3], [22, 65], [39, 92], [99, 10], [2, 66], [79, 61], [2, 20], [42, 16], [68, 51], [82, 74], [88, 75], [58, 40], [77, 90], [94, 48], [3, 61], [65, 80], [33, 98], [47, 99], [20, 64], [71, 45], [87, 65], [53, 19], [45, 39], [39, 73], [64, 90], [36, 73], [18, 33], [4, 57], [50, 28], [60, 46], [69, 94], [58, 30], [84, 71], [62, 78], [43, 65], [80, 7], [0, 54], [48, 84], [18, 75], [63, 35], [55, 82], [19, 82], [76, 77], [27, 85], [19, 78], [60, 57], [68, 31], [50, 40], [52, 77], [18, 71], [63, 97], [67, 41], [34, 81], [61, 28], [90, 77], [1, 10], [60, 24], [26, 78], [80, 13], [57, 15], [51, 68], [64, 87], [11, 49], [52, 84], [59, 85], [45, 96], [6, 80], [99, 69], [23, 50], [48, 49], [73, 84], [94, 13], [64, 6], [29, 96], [69, 26], [22, 30], [53, 87], [44, 77], [23, 58], [10, 76], [14, 75], [17, 76], [42, 79], [76, 92], [13, 65], [61, 21], [79, 84], [71, 16], [56, 69], [46, 62], [0, 92], [13, 39], [17, 30], [50, 17], [43, 92], [70, 54], [47, 65], [80, 53], [49, 53], [10, 22], [70, 94], [18, 70], [88, 64], [11, 68], [86, 55], [87, 81], [67, 25], [72, 98], [50, 18], [62, 93], [74, 81], [18, 78], [17, 52], [51, 53], [98, 9], [90, 8], [38, 84], [8, 74], [78, 82], [61, 73], [44, 21], [93, 52], [66, 41], [2, 86], [46, 24], [6, 72], [42, 88], [57, 48], [94, 1], [59, 82], [22, 69], [17, 53], [95, 35], [49, 95], [90, 81], [46, 3], [15, 47], [23, 3], [15, 76], [37, 7], [73, 91], [72, 34], [84, 49], [57, 25], [53, 13], [21, 89], [51, 21], [93, 26], [64, 33], [94, 44], [63, 96], [29, 14], [27, 9], [54, 67], [58, 52], [38, 74], [66, 47], [47, 73], [7, 12], [23, 41], [27, 71], [33, 74], [59, 83], [51, 93], [48, 37], [87, 72], [5, 9], [57, 82], [12, 32], [23, 81], [11, 60], [43, 14], [29, 27], [30, 27], [50, 71], [97, 64], [24, 72], [59, 27], [62, 53], [63, 88], [50, 21], [94, 49], [90, 60], [67, 37], [16, 76], [61, 61], [55, 22], [45, 13], [29, 25], [56, 26], [87, 69], [69, 42], [6, 61], [0, 91], [33, 41], [25, 77], [3, 15], [63, 37], [0, 42], [15, 61], [66, 50], [97, 63], [94, 5], [86, 83], [48, 12], [98, 54], [22, 89], [93, 46], [19, 84], [71, 43], [10, 69], [98, 66], [68, 82], [67, 40], [31, 55], [22, 22], [68, 33], [65, 38], [15, 30], [30, 44], [51, 19], [3, 91], [25, 59], [57, 16], [30, 14], [54, 84], [59, 95], [71, 13], [90, 61], [79, 89], [42, 84], [47, 78], [7, 75], [80, 97], [56, 21], [75, 43], [35, 27], [78, 89], [9, 96], [47, 77], [6, 99], [67, 22], [71, 97], [12, 78], [11, 50], [86, 99], [46, 70], [66, 13], [85, 14], [55, 32], [17, 80], [96, 5], [21, 19], [77, 42], [0, 37], [39, 58], [66, 9], [49, 9], [3, 99], [8, 70], [13, 45], [52, 3], [26, 65], [51, 90], [17, 71], [81, 68], [94, 98], [78, 6], [40, 85], [94, 73], [12, 55], [49, 37], [90, 12], [43, 97], [56, 92], [40, 57], [59, 21], [64, 72], [77, 32], [88, 1], [25, 10], [9, 47], [72, 17], [15, 18], [63, 2], [9, 41], [25, 76], [8, 80], [0, 32], [32, 66], [41, 80], [20, 21], [92, 86], [76, 74], [77, 11], [46, 87], [55, 16], [89, 81], [73, 88], [77, 97], [15, 79], [67, 2], [22, 40], [74, 99], [99, 67], [74, 42], [16, 74], [65, 46], [96, 75], [36, 67], [34, 6], [6, 66], [69, 67], [50, 78], [58, 94], [16, 75], [46, 61], [51, 30], [25, 23], [45, 68], [68, 90], [83, 88], [10, 7], [41, 89], [49, 98], [37, 81], [49, 73], [91, 49], [37, 23], [8, 79], [12, 18], [52, 35], [92, 30], [54, 80], [77, 78], [88, 81], [18, 34], [71, 49], [48, 92], [50, 72], [54, 22], [15, 51], [31, 65], [41, 84], [68, 89], [7, 47], [60, 49], [12, 13], [11, 80], [86, 84], [69, 37], [97, 27], [63, 10], [58, 67], [74, 84], [77, 77], [9, 18], [67, 44], [30, 61], [12, 50], [98, 74], [77, 20], [73, 57], [43, 36], [22, 31], [80, 33], [3, 76], [3, 69], [55, 71], [74, 15], [2, 54], [55, 11], [29, 2], [41, 18], [50, 89], [36, 21], [89, 74], [52, 99], [58, 71], [72, 92], [30, 73], [92, 78], [53, 72], [80, 15], [75, 78], [65, 14], [31, 57], [85, 59], [63, 82], [36, 84], [50, 73], [80, 84], [21, 65], [38, 77], [87, 68], [77, 5], [47, 86], [67, 18], [14, 55], [17, 57], [83, 79], [41, 66], [84, 77], [5, 84], [58, 42], [23, 83], [59, 11], [50, 19], [92, 55], [51, 39], [60, 65], [88, 68], [35, 6], [6, 75], [15, 22], [37, 52], [81, 10], [48, 89], [93, 22], [33, 62], [24, 46], [7, 61], [63, 15], [50, 20], [79, 78], [65, 26], [10, 18], [60, 86], [58, 22], [25, 60], [25, 71], [40, 55], [57, 93], [29, 82], [70, 33], [1, 42], [43, 4], [1, 20], [71, 3], [73, 77], [31, 12], [60, 74], [54, 45], [89, 80], [93, 88], [60, 76], [45, 97], [64, 96], [62, 28], [3, 79], [56, 14], [89, 28], [66, 81], [54, 36], [48, 24], [25, 41], [48, 38], [3, 33], [1, 85], [94, 90], [86, 69], [55, 23], [54, 21], [85, 67], [81, 42], [18, 58], [39, 27], [49, 66], [55, 72], [52, 64], [49, 74], [71, 32], [57, 96], [83, 84], [47, 37], [39, 25], [7, 74], [72, 3], [0, 33], [70, 47], [72, 11], [7, 68], [41, 9], [72, 54], [22, 51], [8, 58], [69, 85], [32, 15], [35, 77], [72, 45], [18, 44], [97, 5], [43, 64], [89, 61], [63, 83], [74, 96], [38, 54], [83, 67], [73, 45], [66, 53], [11, 64], [80, 17], [34, 29], [86, 62], [1, 97], [40, 26], [15, 77], [62, 80], [28, 99], [9, 78], [44, 18], [44, 71], [52, 23], [92, 48], [60, 83], [51, 5], [23, 76], [17, 56], [52, 87], [66, 95], [92, 57], [48, 22], [86, 70], [51, 79], [88, 61], [37, 82], [38, 14], [41, 77], [94, 33], [92, 56], [79, 90], [40, 86], [69, 45], [86, 82], [5, 93], [91, 57], [58, 19], [44, 72], [80, 76], [30, 97], [63, 32], [65, 35], [97, 96], [0, 81], [80, 60], [5, 80], [55, 77], [31, 40], [67, 34], [15, 86], [78, 78], [59, 84], [26, 53], [1, 58], [20, 82], [22, 26], [84, 24], [90, 74], [82, 27], [3, 85], [63, 92], [87, 37], [73, 37], [9, 24], [29, 9], [12, 40], [23, 40], [8, 18], [74, 47], [9, 99], [49, 67], [87, 15], [4, 78], [80, 42], [45, 81], [9, 87], [25, 53], [96, 4], [52, 28], [27, 76], [49, 90], [26, 60], [48, 91], [23, 82], [30, 84], [6, 59], [26, 18], [20, 61], [19, 76], [46, 26], [99, 56], [28, 83], [3, 96], [6, 6], [15, 82], [11, 74], [44, 14], [25, 95], [7, 71], [94, 54], [35, 69], [68, 84], [52, 5], [31, 1], [83, 87], [56, 83], [45, 86], [53, 0], [62, 97], [15, 89], [38, 83], [56, 73], [61, 31], [66, 20], [50, 77], [87, 59], [63, 78], [41, 74], [40, 92], [17, 46], [85, 80], [28, 86], [55, 93], [84, 5], [96, 0], [52, 32], [27, 19], [53, 68], [61, 29], [55, 80], [23, 72], [96, 94], [61, 39], [28, 71], [86, 54], [30, 62], [98, 2], [75, 76], [88, 85], [44, 39], [42, 60], [46, 21], [59, 75], [12, 44], [41, 55], [0, 90], [26, 74], [51, 23], [35, 58], [21, 99], [66, 15], [22, 67], [77, 45], [57, 29], [48, 34], [83, 89], [33, 37], [37, 55], [8, 34], [27, 56], [85, 71], [46, 67], [63, 56], [74, 13], [27, 50], [80, 82], [0, 12], [92, 79], [91, 31], [22, 53], [36, 4], [55, 65], [89, 1], [28, 62], [46, 28], [71, 96], [49, 82], [94, 52], [20, 31], [29, 12], [49, 34], [43, 54], [36, 53], [34, 77], [27, 81], [43, 63], [62, 91], [39, 95], [88, 78], [91, 78], [10, 47], [52, 62], [55, 41], [14, 12], [84, 18], [58, 95], [60, 81], [45, 98], [77, 39], [5, 63], [83, 92], [83, 94], [45, 77], [17, 66], [20, 88], [61, 92], [1, 70], [59, 93], [0, 6], [69, 91], [10, 26], [89, 76], [82, 21], [45, 94], [62, 74], [97, 59], [30, 41], [52, 63], [22, 24], [42, 32], [31, 0], [63, 91], [47, 24], [10, 34], [50, 79], [6, 43], [13, 79], [75, 45], [53, 8], [32, 63], [52, 31], [45, 78], [54, 74], [2, 58], [16, 46], [25, 83], [51, 83], [82, 22], [2, 46], [42, 63], [36, 79], [95, 2], [83, 85], [68, 40], [41, 34], [9, 31], [40, 89], [81, 74], [14, 29], [20, 81], [93, 64], [14, 76], [54, 17], [63, 87], [8, 67], [54, 89], [73, 35], [14, 9], [6, 63], [69, 73], [61, 81], [83, 69], [68, 24], [95, 63], [21, 18], [68, 69], [26, 73], [10, 12], [66, 73], [76, 67], [62, 43], [53, 6], [65, 42], [32, 83], [31, 59], [85, 87], [33, 11], [88, 0], [38, 70], [22, 57], [16, 87], [79, 80], [21, 67], [64, 83], [30, 74], [46, 83], [3, 75], [43, 85], [77, 10], [58, 78], [13, 14], [40, 87], [63, 23], [50, 11], [6, 60], [65, 91], [26, 80], [20, 72], [41, 29], [55, 59], [69, 5], [15, 27], [23, 7], [78, 44], [0, 69], [63, 36], [2, 27], [71, 20], [55, 19], [82, 62], [81, 36], [97, 78], [11, 94], [61, 63], [18, 12], [78, 36], [83, 47], [98, 5], [27, 88], [66, 94], [51, 72], [71, 69], [14, 72], [84, 17], [43, 67], [84, 92], [58, 92], [4, 90], [83, 56], [98, 90], [54, 30], [47, 28], [76, 85], [26, 21], [3, 90], [43, 3], [5, 59], [75, 95], [10, 44], [51, 77], [17, 28], [99, 77], [51, 50], [62, 57], [50, 87], [65, 22], [72, 44], [30, 78], [98, 24], [19, 54], [2, 94], [48, 6], [45, 32], [5, 72], [68, 36], [60, 41], [37, 6], [46, 12], [21, 57], [53, 32], [91, 54], [47, 81], [74, 40], [87, 62], [66, 80], [67, 47], [54, 68], [56, 2], [55, 47], [94, 55], [77, 46], [87, 39], [21, 52], [52, 18], [2, 39], [46, 33], [42, 69], [72, 32], [68, 94], [95, 73], [92, 76], [83, 98], [45, 20], [60, 75], [98, 32], [72, 41], [56, 52], [98, 70], [52, 19], [4, 19], [35, 44], [72, 23], [38, 91], [96, 6], [41, 7], [81, 79], [78, 96], [70, 48], [2, 90], [26, 70], [57, 98], [49, 85], [24, 68], [56, 67], [52, 95], [7, 45], [12, 47], [49, 13], [0, 15], [55, 31], [10, 67], [59, 88], [42, 97], [44, 64], [4, 54], [36, 16], [53, 45], [12, 66], [26, 22], [62, 68], [87, 73], [33, 78], [21, 15], [63, 94], [53, 65], [47, 94], [23, 51], [56, 86], [7, 59], [67, 30], [63, 26], [26, 97], [44, 84], [70, 36], [75, 80], [33, 79], [40, 75], [77, 27], [60, 44], [94, 62], [16, 77], [30, 79], [87, 61], [21, 92], [69, 11], [70, 40], [48, 80], [92, 69], [37, 53], [2, 9], [54, 53], [61, 93], [96, 28], [38, 52], [55, 90], [20, 74], [8, 84], [82, 99], [55, 91], [99, 21], [88, 50], [59, 55], [64, 18], [42, 62], [91, 42], [43, 43], [72, 46], [28, 57], [52, 16], [98, 13], [39, 26], [18, 67], [64, 92], [99, 13], [4, 24], [0, 85], [82, 72], [72, 91], [62, 50], [99, 12], [95, 51], [89, 97], [50, 36], [21, 70], [84, 64], [49, 42], [24, 90], [20, 35], [57, 44], [68, 72], [55, 2], [39, 32], [13, 27], [78, 95], [58, 56], [79, 77], [76, 93], [74, 31], [74, 72], [28, 79], [91, 74], [71, 77], [33, 20], [27, 51], [18, 89], [95, 94], [56, 97], [57, 20], [41, 91], [25, 85], [14, 40], [73, 44], [90, 88], [65, 95], [5, 77], [14, 85], [71, 36], [99, 37], [13, 98], [38, 13], [67, 76], [56, 82], [59, 96], [59, 23], [51, 45], [28, 32], [12, 4], [4, 48], [23, 59], [71, 65], [28, 26], [25, 11], [95, 67], [9, 16], [98, 44], [31, 63], [7, 41], [23, 15], [74, 76], [57, 97], [53, 4], [87, 12], [34, 78], [55, 18], [22, 34], [46, 6], [1, 59], [39, 65], [86, 23], [89, 31], [35, 84], [16, 36], [71, 27], [82, 96], [57, 89], [94, 93], [76, 35], [96, 72], [3, 47], [69, 61], [59, 30], [27, 39], [48, 35], [12, 57], [57, 86], [66, 77], [93, 40], [66, 99], [76, 7], [10, 51], [47, 85], [82, 42], [34, 59], [80, 26], [41, 64], [69, 35], [66, 79], [1, 87], [52, 82], [95, 76], [52, 49], [19, 87], [65, 43], [73, 40], [96, 54], [99, 61], [61, 32], [77, 38], [67, 80], [23, 85], [7, 17], [57, 78], [69, 74], [70, 43], [38, 35], [4, 52], [49, 71], [47, 38], [82, 10], [60, 36], [62, 40], [7, 92], [11, 44], [0, 51], [41, 27], [56, 96], [8, 69], [96, 99], [38, 11], [63, 41], [12, 89], [21, 48], [88, 82], [57, 68], [76, 2], [64, 56], [93, 38], [38, 58], [62, 92], [60, 2], [75, 85], [30, 47], [39, 77], [70, 35], [8, 20], [53, 10], [2, 76], [82, 90], [9, 66], [78, 27], [98, 94], [0, 23], [92, 1], [92, 23], [62, 34], [47, 35], [60, 71], [7, 82], [60, 13], [6, 97], [96, 97], [38, 19], [3, 19], [67, 19], [26, 79], [28, 60], [20, 14], [98, 76], [59, 60], [14, 70], [65, 16], [28, 16], [48, 98], [88, 79], [42, 98], [26, 34], [1, 88], [33, 24], [95, 99], [84, 69], [50, 41], [64, 66], [97, 98], [5, 58], [84, 4], [42, 59], [79, 30], [63, 63], [87, 82], [76, 99], [29, 8], [51, 91], [95, 93], [77, 74], [69, 96], [25, 6], [36, 35], [49, 33], [13, 63], [91, 70], [97, 13], [73, 71], [13, 67], [45, 49], [10, 70], [60, 70], [16, 84], [43, 20], [54, 70], [53, 12], [38, 63], [93, 39], [44, 11], [29, 51], [78, 70], [63, 62], [69, 57], [55, 44], [37, 71], [89, 75], [35, 47], [37, 95], [21, 83], [95, 48], [27, 60], [57, 51], [69, 97], [42, 22], [62, 30], [1, 89], [60, 25], [71, 87], [36, 51], [49, 36], [41, 83], [76, 89], [97, 0], [44, 65], [11, 17], [7, 26], [97, 7], [42, 53], [97, 71], [49, 30], [89, 38], [12, 56], [44, 26], [95, 47], [80, 45], [40, 12], [42, 33], [25, 4], [85, 9], [70, 34], [39, 85], [60, 89], [50, 93], [99, 1], [4, 80], [25, 9], [84, 25], [41, 81], [21, 82], [13, 70], [50, 32], [56, 23], [10, 68], [80, 72], [11, 65], [84, 84], [58, 37], [79, 35], [57, 73], [80, 32], [81, 61], [16, 19], [40, 27], [20, 33], [47, 14], [47, 51], [66, 26], [12, 33], [6, 36], [88, 60], [75, 17], [94, 60], [33, 14], [44, 24], [69, 50], [63, 45], [99, 64], [93, 18], [28, 27], [48, 85], [57, 77], [71, 42], [56, 77], [83, 7], [17, 69], [52, 85], [43, 95], [57, 18], [73, 92], [40, 73], [5, 67], [7, 99], [0, 65], [99, 91], [56, 89], [87, 86], [39, 14], [2, 85], [88, 32], [38, 71], [83, 73], [9, 74], [5, 62], [43, 86], [76, 98], [37, 32], [49, 70], [85, 63], [66, 82], [37, 51], [96, 96], [78, 81], [64, 35], [59, 67], [68, 67], [7, 24], [14, 35], [6, 34], [70, 10], [70, 52], [9, 55], [14, 67], [59, 44], [43, 84], [2, 6], [51, 96], [59, 80], [74, 37], [59, 38], [84, 79], [43, 61], [42, 21], [81, 8], [30, 46], [8, 63], [77, 43], [57, 28], [70, 92], [38, 10], [63, 22], [67, 35], [71, 98], [73, 0], [56, 28], [95, 25], [38, 65], [68, 47], [66, 40], [70, 19], [56, 29], [29, 78], [88, 96], [20, 56], [36, 57], [82, 93], [19, 55], [34, 63], [72, 38], [73, 17], [10, 82], [15, 41], [90, 72], [66, 71], [58, 43], [9, 9], [3, 11], [3, 58], [55, 27], [44, 78], [91, 87], [60, 73], [95, 11], [80, 14], [12, 74], [30, 18], [38, 34], [55, 26], [99, 97], [14, 52], [54, 44], [89, 69], [99, 66], [96, 98], [52, 30], [98, 20], [99, 96], [51, 64], [40, 88], [28, 11], [58, 88], [23, 49], [79, 76], [13, 18], [30, 6], [67, 75], [51, 22], [21, 44], [7, 76], [84, 82], [54, 39], [48, 81], [0, 20], [83, 83], [38, 64], [62, 37], [35, 60], [36, 22], [81, 72], [66, 36], [42, 73], [9, 51], [39, 62], [11, 71], [75, 63], [64, 38], [35, 61], [31, 6], [75, 75], [26, 81], [32, 79], [16, 49], [37, 13], [80, 80], [52, 89], [83, 32], [80, 68], [85, 43], [28, 95], [47, 52], [51, 16], [60, 78], [45, 92], [34, 65], [23, 57], [36, 64], [85, 74], [3, 44], [36, 62], [63, 40], [5, 26], [70, 0], [25, 45], [47, 10], [49, 2], [62, 79], [4, 40], [60, 47], [30, 76], [46, 84], [63, 84], [98, 52], [25, 13], [23, 0], [0, 7], [81, 86], [86, 73], [56, 81], [58, 20], [11, 30], [40, 40], [54, 37], [62, 27], [92, 65], [78, 1], [46, 93], [70, 98], [90, 99], [62, 36], [39, 54], [69, 15], [13, 49], [84, 22], [21, 4], [52, 92], [8, 26], [81, 71], [16, 57], [5, 25], [43, 81], [33, 52], [26, 82], [85, 61], [77, 36], [58, 21], [45, 19], [83, 45], [75, 69], [16, 56], [81, 55], [77, 98], [31, 10], [7, 36], [64, 89], [27, 1], [58, 45], [91, 59], [61, 67], [59, 66], [0, 60], [74, 80], [68, 70], [61, 88], [85, 91], [39, 9], [52, 88], [96, 14], [27, 45], [85, 3], [34, 47], [40, 10], [13, 51], [37, 18], [31, 66], [52, 26], [67, 92], [50, 39], [53, 77], [48, 65], [26, 7], [97, 81], [37, 58], [44, 3], [92, 77], [79, 88], [69, 87], [22, 99], [91, 68], [78, 84], [53, 66], [59, 14], [62, 51], [46, 0], [65, 41], [79, 83], [40, 82], [90, 58], [49, 63], [17, 54], [52, 22], [68, 27], [82, 33], [66, 62], [19, 80], [55, 42], [0, 5], [92, 4], [70, 53], [64, 71], [98, 11], [10, 66], [79, 24], [73, 66], [98, 21], [5, 83], [0, 98], [47, 45], [64, 70], [19, 73], [80, 37], [17, 18], [65, 37], [40, 81], [35, 9], [13, 64], [47, 55], [75, 23], [49, 27], [12, 3], [70, 62], [54, 29], [33, 55], [10, 10], [82, 73], [70, 27], [54, 59], [30, 64], [50, 88], [46, 18], [68, 35], [46, 14], [1, 94], [90, 26], [36, 17], [58, 54], [89, 93], [48, 47], [28, 44], [27, 97], [28, 70], [80, 73], [8, 82], [87, 25], [65, 74], [0, 97], [5, 45], [31, 58], [25, 94], [49, 81], [46, 92], [93, 35], [7, 50], [47, 60], [71, 94], [64, 77], [81, 59], [44, 68], [95, 59], [32, 19], [61, 49], [76, 52], [31, 98], [3, 38], [46, 19], [30, 56], [12, 69], [97, 41], [62, 49], [49, 29], [58, 47], [57, 26], [14, 15], [87, 27], [48, 21], [14, 25], [35, 55], [65, 93], [37, 85], [88, 51], [7, 11], [61, 26], [16, 21], [41, 94], [57, 81], [48, 74], [51, 38], [38, 94], [22, 84], [46, 63], [13, 17], [93, 47], [44, 48], [56, 7], [58, 44], [28, 31], [63, 13], [76, 14], [30, 35], [47, 79], [73, 13], [59, 37], [93, 41], [33, 28], [91, 81], [37, 59], [1, 65], [45, 12], [82, 60], [38, 55], [86, 96], [18, 38], [92, 2], [76, 45], [83, 14], [52, 76], [2, 33], [89, 83], [52, 40], [41, 45], [39, 13], [97, 4], [49, 31], [4, 53], [55, 66], [65, 84], [48, 39], [82, 85], [56, 15], [76, 46], [40, 49], [81, 94], [3, 78], [5, 76], [96, 23], [13, 54], [23, 24], [97, 57], [45, 30], [80, 27], [25, 14], [16, 99], [83, 93], [66, 2], [13, 13], [77, 21], [63, 71], [28, 78], [51, 89], [85, 12], [3, 77], [87, 28], [2, 57], [7, 46], [49, 7], [77, 63], [57, 42], [71, 88], [54, 52], [31, 29], [24, 11], [58, 46], [42, 56], [24, 9], [86, 89], [68, 10], [73, 28], [57, 5], [72, 48], [89, 20], [69, 24], [91, 14], [42, 48], [0, 58], [3, 28], [70, 93], [97, 33], [55, 5], [85, 90], [76, 19], [72, 88], [23, 29], [72, 49], [96, 70], [51, 34], [78, 25], [7, 72], [94, 28], [78, 48], [57, 3], [61, 68], [26, 58], [64, 31], [34, 89], [32, 64], [73, 27], [32, 84], [83, 54], [56, 90], [76, 33], [13, 71], [43, 68], [19, 53], [39, 78], [96, 18], [83, 72], [39, 5], [55, 67], [2, 24], [64, 54], [29, 74], [90, 57], [50, 64], [7, 19], [42, 12], [70, 63], [90, 14], [78, 83], [10, 83], [77, 48], [37, 15], [3, 46], [55, 46], [4, 91], [56, 42], [88, 86], [86, 72], [95, 19], [9, 64], [80, 19], [15, 55], [29, 19], [96, 48], [36, 29], [95, 53], [18, 9], [62, 32], [93, 73], [98, 46], [48, 71], [49, 94], [2, 18], [52, 20], [49, 96], [92, 70], [83, 46], [87, 99], [53, 35], [98, 55], [4, 43], [36, 55], [59, 52], [5, 73], [61, 47], [76, 39], [98, 41], [86, 59], [31, 99], [56, 25], [33, 63], [26, 85], [79, 18], [55, 21], [89, 35], [58, 93], [62, 86], [61, 10], [71, 38], [37, 27], [83, 33], [87, 4], [39, 1], [57, 38], [94, 99], [81, 69], [27, 83], [83, 3], [44, 8], [46, 86], [26, 8], [54, 51], [69, 28], [40, 11], [40, 7], [17, 19], [46, 99], [62, 44], [77, 66], [56, 37], [92, 58], [74, 22], [36, 31], [79, 7], [6, 10], [17, 36], [61, 66], [60, 98], [82, 15], [1, 40], [52, 50], [50, 59], [73, 41], [20, 45], [58, 72], [99, 72], [68, 87], [35, 25], [38, 12], [94, 97], [25, 1], [86, 90], [91, 4], [86, 57], [22, 9], [60, 68], [72, 79], [90, 51], [89, 66], [81, 37], [83, 23], [41, 58], [18, 84], [31, 3], [82, 95], [23, 87], [45, 95], [54, 60], [58, 39], [53, 37], [47, 18], [27, 13], [2, 79], [68, 95], [40, 42], [96, 7], [44, 80], [13, 31], [49, 12], [60, 99], [20, 49], [25, 87], [15, 50], [90, 34], [40, 6], [61, 75], [88, 92], [0, 88], [68, 64], [37, 96], [84, 75], [21, 85], [87, 41], [75, 79], [6, 90], [83, 24], [30, 9], [74, 8], [70, 79], [16, 91], [75, 68], [56, 94], [94, 85], [48, 63], [18, 32], [62, 70], [23, 17], [86, 47], [6, 70], [19, 28], [56, 10], [92, 51], [79, 65], [43, 26], [98, 58], [37, 16], [56, 71], [23, 55], [27, 91], [41, 97], [97, 3], [27, 47], [44, 91], [14, 21], [57, 31], [56, 46], [8, 14], [45, 4], [44, 92], [53, 17], [68, 34], [78, 10], [82, 64], [98, 38], [2, 4], [48, 96], [26, 95], [44, 44], [59, 86], [46, 89], [26, 86], [65, 88], [87, 31], [87, 20], [17, 12], [30, 12], [86, 35], [81, 80], [99, 89], [60, 56], [69, 90], [1, 91], [44, 55], [9, 70], [48, 82], [24, 13], [49, 40], [28, 46], [9, 80], [83, 8], [4, 99], [60, 1], [35, 50], [81, 92], [76, 40], [88, 12], [7, 8], [10, 80], [93, 68], [66, 45], [79, 99], [48, 72], [23, 20], [16, 14], [67, 39], [62, 60], [37, 5], [63, 76], [23, 4], [71, 68], [46, 52], [8, 29], [62, 25], [24, 91], [31, 60], [89, 40], [70, 91], [92, 96], [27, 80], [23, 99], [16, 47], [79, 82], [33, 84], [39, 66], [43, 57], [20, 8], [11, 93], [20, 85], [1, 86], [53, 22], [4, 14], [79, 81], [33, 68], [29, 81], [39, 22], [36, 66], [91, 3], [57, 24], [56, 22], [35, 22], [4, 50], [43, 13], [54, 86], [68, 62], [60, 82], [35, 91], [49, 64], [5, 36], [39, 52], [50, 84], [32, 11], [51, 84], [56, 68], [21, 23], [89, 64], [79, 75], [5, 82], [62, 20], [3, 23], [63, 27], [53, 47], [10, 20], [96, 50], [67, 31], [59, 77], [7, 32], [55, 69], [50, 65], [70, 26], [53, 79], [58, 84], [80, 75], [15, 98], [21, 16], [43, 87], [20, 58], [45, 58], [54, 34], [63, 67], [57, 83], [69, 72], [46, 57], [26, 3], [91, 5], [68, 29], [11, 70], [17, 82], [23, 53], [77, 69], [53, 39], [94, 23], [33, 33], [58, 89], [25, 63], [72, 39], [73, 80], [11, 66], [19, 46], [85, 76], [61, 43], [49, 23], [19, 11], [36, 45], [0, 41], [23, 44], [29, 58], [96, 69], [38, 66], [65, 78], [32, 33], [65, 33], [84, 47], [69, 79], [31, 37], [58, 2], [22, 92], [23, 93], [71, 12], [69, 43], [36, 83], [89, 68], [64, 36], [8, 81], [56, 45], [90, 2], [79, 16], [51, 66], [18, 86], [0, 34], [1, 25], [64, 37], [33, 8], [84, 94], [80, 58], [80, 29], [84, 12], [83, 64], [85, 98], [99, 75], [66, 96], [70, 39], [38, 43], [12, 92], [32, 62], [9, 89], [54, 19], [91, 51], [12, 37], [60, 3], [50, 80], [11, 20], [79, 21], [83, 62], [56, 48], [30, 15], [1, 92], [72, 33], [18, 4], [97, 16], [60, 67], [46, 42], [84, 55], [32, 25], [46, 36], [54, 48], [47, 20], [57, 76], [19, 85], [55, 15], [77, 72], [68, 45], [8, 46], [63, 85], [63, 66], [67, 70], [18, 49], [9, 5], [97, 6], [32, 34], [59, 81], [68, 66], [83, 42], [45, 64], [11, 56], [80, 0], [61, 56], [59, 25], [66, 66], [62, 41], [11, 82], [41, 31], [63, 69], [37, 22], [78, 33], [53, 57], [44, 17], [20, 86], [84, 23], [38, 22], [5, 5], [3, 89], [98, 98], [45, 17], [78, 12], [93, 1], [91, 67], [39, 64], [77, 70], [33, 36], [19, 81], [0, 9], [90, 56], [24, 87], [95, 20], [67, 4], [34, 17], [62, 72], [38, 5], [82, 58], [50, 27], [47, 25], [13, 26], [4, 70], [75, 0], [93, 43], [9, 71], [18, 45], [19, 47], [74, 57], [55, 76], [85, 44], [81, 63], [67, 0], [31, 48], [54, 43], [21, 81], [39, 11], [56, 98], [34, 61], [93, 42], [1, 8], [97, 69], [47, 97], [98, 10], [87, 14], [62, 58], [18, 43], [41, 48], [39, 44], [89, 84], [78, 5], [28, 63], [1, 53], [66, 75], [30, 58], [31, 90], [96, 87], [39, 57], [53, 34], [42, 15], [33, 26], [73, 63], [47, 66], [53, 29], [93, 95], [39, 23], [45, 22], [67, 72], [17, 97], [57, 69], [23, 21]], "targets": [[73, 34], [79, 55], [13, 16], [40, 38], [83, 25], [5, 20], [87, 35], [52, 72], [17, 16], [49, 6], [48, 43], [10, 17], [76, 39], [55, 4], [46, 72], [48, 37], [16, 22], [74, 48], [93, 26], [1, 19], [8, 13], [53, 2], [54, 59], [47, 45], [4, 19], [85, 53], [66, 35], [46, 38], [4, 12], [50, 1], [77, 43], [52, 67], [90, 24], [1, 23], [19, 5], [46, 41], [14, 19], [66, 46], [53, 6], [42, 61], [35, 40], [17, 29], [84, 58], [69, 48], [82, 18], [56, 4], [44, 36], [6, 20], [17, 7], [13, 13], [46, 65], [74, 38], [40, 42], [10, 22], [49, 0], [73, 43], [42, 65], [38, 41], [93, 24], [6, 16], [87, 58], [8, 16], [8, 10], [70, 50], [82, 40], [56, 2], [41, 46], [9, 22], [55, 72], [67, 34], [42, 44], [57, 0], [11, 29], [84, 26], [8, 14], [17, 17], [44, 61], [68, 40], [35, 41], [16, 18], [89, 57], [44, 2], [67, 38], [32, 42], [15, 20], [54, 61], [92, 28], [52, 4], [33, 50], [75, 34], [7, 14], [12, 6], [14, 25], [41, 67], [37, 42], [80, 38], [2, 13], [53, 0], [82, 50], [88, 21], [35, 47], [77, 48], [3, 27], [42, 58], [5, 16], [11, 15], [52, 7], [31, 41], [13, 29], [81, 40], [48, 64], [46, 50], [46, 1], [82, 27], [18, 17], [72, 44], [86, 50], [6, 24], [16, 11], [47, 39], [45, 58], [7, 22], [71, 48], [85, 41], [55, 3], [33, 48], [17, 26], [86, 22], [66, 50], [48, 66], [46, 7], [36, 40], [3, 24], [9, 8], [16, 27], [69, 50], [79, 58], [48, 47], [47, 71], [44, 3], [15, 15], [70, 43], [84, 22], [35, 37], [2, 14], [0, 15], [15, 16], [55, 2], [46, 67], [78, 42], [42, 47], [20, 22], [81, 50], [73, 46], [90, 27], [49, 1], [41, 39], [50, 63], [9, 11], [1, 16], [16, 13], [67, 46], [43, 45], [53, 3], [3, 20], [41, 70], [71, 41], [35, 44], [85, 21], [3, 15], [44, 7], [87, 53], [49, 43], [74, 42], [52, 65], [7, 17], [13, 15], [9, 23], [32, 47], [67, 35], [81, 36], [57, 6], [4, 18], [87, 28], [52, 71], [49, 52], [79, 45], [3, 14], [3, 16], [12, 14], [51, 1], [83, 51], [44, 50], [45, 66], [75, 45], [12, 29], [83, 16], [57, 2], [40, 52], [71, 38], [12, 26], [55, 62], [0, 17], [12, 17], [36, 51], [44, 5], [79, 39], [9, 25], [85, 52], [46, 42], [83, 22], [48, 62], [20, 17], [68, 41], [52, 3], [34, 39], [1, 21], [12, 10], [55, 61], [20, 19], [70, 38], [46, 53], [45, 0], [90, 28], [18, 11], [76, 35], [49, 59], [41, 45], [84, 52], [49, 3], [8, 22], [20, 11], [12, 16], [68, 47], [47, 50], [44, 64], [91, 18], [5, 29], [66, 39], [85, 36], [48, 5], [31, 50], [13, 28], [2, 22], [12, 9], [50, 72], [74, 49], [38, 37], [83, 58], [46, 4], [2, 26], [84, 25], [49, 40], [75, 41], [49, 72], [9, 15], [56, 0], [43, 42], [76, 34], [3, 12], [20, 8], [17, 20], [55, 69], [43, 47], [44, 4], [84, 21], [66, 34], [79, 53], [6, 27], [39, 43], [70, 44], [46, 62], [53, 5], [0, 19], [13, 6], [12, 27], [44, 51], [77, 46], [87, 25], [17, 21], [53, 7], [53, 63], [49, 46], [87, 48], [74, 35], [3, 19], [2, 18], [16, 5], [41, 38], [52, 0], [55, 66], [74, 50], [83, 21], [20, 16], [49, 45], [69, 47], [84, 37], [58, 3], [8, 15], [47, 63], [47, 48], [0, 21], [10, 14], [84, 51], [80, 36], [2, 17], [89, 26], [56, 5], [34, 40], [49, 70], [81, 49], [17, 14], [32, 38], [55, 0], [1, 14], [10, 5], [42, 59], [15, 19], [66, 43], [44, 45], [89, 16], [86, 48], [51, 4], [8, 25], [70, 41], [47, 36], [52, 58], [15, 17], [0, 23], [20, 15], [81, 43], [42, 45], [46, 3], [93, 17], [47, 69], [6, 15], [47, 51], [73, 50], [47, 5], [84, 54], [20, 25], [45, 41], [68, 48], [45, 69], [1, 20], [9, 16], [88, 25], [14, 17], [54, 3], [36, 43], [80, 50], [48, 72], [16, 28], [49, 47], [72, 39], [83, 41], [47, 3], [6, 12], [19, 15], [81, 55], [6, 22], [84, 20], [36, 48], [44, 58], [76, 40], [49, 7], [10, 24], [31, 51], [82, 45], [55, 60], [18, 18], [2, 24], [14, 13], [42, 46], [55, 5], [85, 24], [76, 36], [80, 58], [18, 25], [43, 50], [52, 61], [50, 7], [73, 39], [13, 17], [45, 43], [7, 20], [14, 11], [92, 19], [53, 71], [74, 45], [55, 6], [8, 20], [34, 36], [75, 38], [81, 48], [17, 27], [38, 46], [55, 64], [58, 0], [8, 21], [14, 7], [88, 27], [70, 42], [11, 18], [33, 40], [55, 58], [51, 6], [78, 34], [8, 11], [38, 49], [51, 66], [93, 15], [75, 35], [12, 3], [63, 10], [24, 75], [60, 93], [53, 79], [84, 93], [83, 0], [72, 36], [98, 18], [91, 46], [49, 83], [34, 9], [73, 30], [85, 42], [75, 30], [57, 97], [91, 9], [67, 41], [48, 75], [8, 74], [99, 43], [26, 45], [65, 3], [41, 85], [72, 37], [85, 27], [15, 69], [19, 22], [89, 1], [56, 8], [66, 78], [62, 27], [40, 19], [73, 62], [55, 93], [28, 93], [97, 88], [68, 83], [68, 94], [98, 87], [56, 26], [53, 66], [92, 73], [46, 5], [85, 12], [60, 47], [54, 98], [67, 7], [64, 85], [17, 60], [36, 24], [78, 17], [95, 86], [53, 1], [78, 28], [98, 34], [47, 44], [68, 43], [71, 60], [57, 8], [79, 2], [99, 59], [83, 89], [52, 13], [60, 30], [91, 98], [58, 19], [85, 32], [77, 44], [81, 70], [64, 77], [10, 90], [89, 89], [11, 62], [93, 69], [75, 43], [65, 98], [57, 50], [7, 42], [72, 5], [21, 81], [49, 34], [96, 16], [31, 39], [95, 14], [16, 80], [34, 51], [78, 55], [55, 22], [7, 83], [41, 37], [76, 32], [36, 87], [85, 16], [65, 7], [21, 26], [51, 67], [67, 3], [21, 25], [70, 47], [84, 47], [9, 47], [92, 8], [22, 73], [12, 82], [96, 34], [30, 87], [84, 5], [33, 79], [28, 7], [23, 97], [37, 20], [55, 57], [77, 50], [74, 5], [85, 62], [24, 18], [3, 68], [90, 87], [39, 78], [60, 50], [11, 84], [51, 95], [41, 48], [62, 71], [53, 74], [66, 40], [57, 84], [16, 67], [72, 77], [60, 52], [92, 64], [26, 26], [6, 6], [73, 7], [86, 20], [37, 1], [36, 91], [28, 51], [68, 64], [5, 5], [87, 68], [23, 3], [63, 90], [86, 38], [25, 9], [64, 23], [87, 26], [2, 91], [74, 21], [88, 64], [78, 36], [8, 42], [20, 3], [29, 62], [55, 70], [93, 35], [13, 44], [92, 34], [81, 94], [74, 61], [0, 75], [60, 1], [30, 15], [88, 7], [98, 7], [33, 67], [24, 50], [12, 68], [53, 4], [89, 83], [82, 53], [80, 29], [92, 67], [46, 12], [94, 43], [71, 66], [19, 14], [50, 41], [9, 64], [18, 7], [85, 86], [32, 54], [24, 35], [71, 36], [38, 53], [11, 86], [8, 94], [54, 52], [45, 12], [36, 84], [16, 31], [68, 8], [76, 68], [78, 57], [7, 81], [54, 16], [16, 54], [61, 53], [29, 78], [30, 73], [92, 39], [47, 84], [85, 57], [71, 50], [66, 41], [63, 7], [86, 83], [50, 70], [10, 44], [23, 96], [48, 14], [11, 50], [37, 35], [20, 12], [52, 82], [22, 51], [61, 31], [43, 23], [62, 12], [93, 60], [82, 14], [70, 58], [80, 53], [12, 51], [39, 7], [36, 83], [66, 65], [11, 90], [76, 63], [66, 26], [61, 50], [71, 67], [83, 29], [50, 78], [85, 40], [41, 1], [65, 74], [82, 5], [0, 12], [60, 61], [71, 45], [42, 81], [49, 37], [88, 42], [68, 25], [69, 88], [55, 10], [38, 43], [49, 48], [42, 37], [51, 63], [64, 63], [13, 32], [86, 39], [64, 47], [29, 60], [85, 37], [59, 62], [90, 58], [28, 35], [2, 70], [57, 40], [96, 97], [61, 57], [60, 41], [95, 79], [54, 45], [73, 22], [24, 16], [72, 84], [92, 6], [88, 55], [33, 14], [96, 29], [48, 32], [13, 78], [72, 12], [46, 61], [37, 33], [77, 88], [80, 39], [2, 87], [96, 12], [22, 94], [28, 8], [34, 18], [67, 77], [59, 8], [60, 31], [61, 80], [11, 24], [30, 54], [3, 29], [68, 86], [15, 21], [78, 98], [81, 52], [46, 98], [17, 9], [82, 33], [84, 69], [28, 44], [25, 82], [60, 85], [39, 24], [58, 76], [63, 48], [32, 64], [37, 27], [34, 49], [89, 29], [18, 57], [71, 78], [80, 68], [18, 39], [33, 83], [60, 2], [64, 64], [2, 86], [52, 99], [23, 15], [0, 82], [80, 80], [84, 73], [83, 19], [85, 77], [43, 31], [63, 17], [29, 40], [86, 9], [98, 98], [30, 57], [37, 2], [55, 53], [9, 51], [81, 5], [35, 61], [21, 94], [30, 42], [88, 70], [16, 90], [42, 11], [68, 37], [5, 1], [92, 86], [15, 83], [2, 96], [2, 69], [84, 56], [83, 87], [91, 71], [16, 36], [41, 33], [95, 99], [40, 11], [70, 18], [85, 97], [16, 30], [79, 27], [36, 11], [64, 25], [54, 79], [53, 56], [64, 66], [49, 25], [77, 13], [66, 47], [44, 23], [63, 49], [32, 97], [2, 0], [51, 91], [68, 92], [60, 90], [18, 40], [67, 33], [90, 74], [66, 23], [93, 19], [59, 7], [16, 94], [47, 77], [11, 17], [2, 74], [28, 98], [86, 5], [94, 63], [69, 45], [69, 8], [91, 24], [52, 85], [65, 86], [92, 84], [7, 43], [96, 96], [61, 91], [82, 41], [86, 97], [96, 3], [94, 34], [59, 99], [59, 63], [78, 13], [14, 47], [37, 17], [36, 20], [23, 91], [69, 5], [46, 49], [50, 81], [32, 60], [3, 85], [58, 87], [94, 10], [18, 13], [98, 60], [23, 7], [97, 70], [33, 82], [30, 93], [19, 13], [4, 32], [42, 51], [9, 29], [67, 0], [33, 9], [92, 93], [30, 82], [65, 71], [5, 73], [23, 86], [99, 67], [35, 48], [39, 95], [98, 68], [32, 91], [88, 78], [58, 37], [99, 25], [90, 83], [39, 93], [39, 27], [56, 48], [9, 14], [9, 31], [69, 59], [8, 87], [70, 54], [2, 49], [81, 90], [83, 49], [0, 90], [87, 27], [87, 83], [93, 78], [90, 76], [9, 81], [33, 1], [42, 12], [29, 92], [17, 81], [3, 32], [41, 93], [15, 90], [66, 0], [41, 97], [97, 10], [25, 46], [91, 32], [59, 64], [51, 69], [51, 31], [40, 31], [79, 98], [90, 7], [63, 77], [34, 46], [4, 37], [61, 3], [60, 37], [73, 23], [93, 83], [97, 83], [79, 25], [47, 81], [62, 90], [96, 61], [28, 30], [1, 10], [4, 11], [1, 86], [93, 38], [8, 80], [73, 64], [26, 17], [69, 37], [52, 24], [93, 14], [48, 21], [12, 28], [80, 79], [65, 65], [79, 63], [17, 88], [66, 89], [12, 21], [26, 88], [58, 38], [7, 76], [66, 97], [84, 33], [78, 96], [92, 46], [10, 85], [68, 36], [73, 32], [66, 44], [40, 61], [97, 94], [6, 80], [97, 99], [78, 11], [81, 53], [65, 95], [77, 0], [49, 30], [64, 31], [10, 68], [92, 77], [18, 51], [79, 64], [77, 71], [78, 16], [24, 52], [98, 2], [84, 14], [45, 24], [66, 67], [21, 32], [35, 18], [22, 37], [9, 2], [80, 27], [58, 86], [8, 8], [29, 8], [54, 67], [68, 95], [76, 45], [36, 68], [15, 29], [7, 77], [21, 53], [74, 34], [31, 38], [73, 90], [8, 44], [64, 98], [3, 90], [85, 72], [32, 84], [28, 50], [35, 21], [13, 80], [87, 93], [31, 21], [76, 74], [13, 20], [58, 44], [59, 29], [1, 43], [61, 51], [20, 43], [21, 58], [58, 78], [24, 41], [69, 86], [22, 30], [24, 25], [65, 11], [36, 96], [60, 91], [25, 25], [85, 99], [90, 67], [98, 49], [17, 53], [60, 95], [6, 47], [62, 44], [84, 83], [6, 1], [25, 38], [79, 47], [51, 48], [83, 42], [8, 90], [12, 56], [22, 78], [20, 57], [66, 63], [19, 39], [8, 70], [82, 92], [79, 74], [98, 62], [50, 89], [36, 64], [11, 33], [76, 89], [90, 8], [35, 52], [46, 39], [14, 83], [39, 56], [99, 61], [89, 18], [14, 91], [44, 56], [93, 67], [36, 86], [21, 33], [0, 61], [3, 76], [71, 79], [46, 36], [35, 53], [28, 53], [95, 85], [76, 57], [4, 91], [23, 34], [96, 81], [68, 14], [27, 16], [11, 45], [32, 37], [11, 49], [31, 17], [12, 43], [96, 30], [3, 44], [26, 46], [92, 42], [74, 26], [47, 47], [1, 39], [60, 12], [21, 65], [69, 13], [6, 4], [96, 19], [79, 19], [72, 63], [23, 37], [64, 92], [53, 90], [95, 66], [36, 90], [66, 66], [4, 27], [76, 18], [38, 96], [10, 28], [70, 61], [2, 35], [63, 84], [12, 96], [45, 2], [54, 82], [97, 96], [98, 84], [76, 88], [12, 71], [39, 32], [3, 2], [82, 51], [80, 41], [22, 84], [94, 15], [7, 90], [14, 95], [40, 60], [50, 18], [33, 25], [36, 10], [76, 96], [37, 90], [74, 78], [5, 97], [87, 84], [28, 62], [76, 33], [98, 48], [46, 91], [32, 87], [75, 26], [46, 45], [31, 6], [76, 1], [50, 46], [68, 31], [68, 99], [36, 54], [45, 82], [64, 83], [79, 67], [81, 18], [68, 70], [94, 96], [75, 60], [16, 2], [14, 31], [79, 43], [35, 36], [37, 21], [67, 73], [28, 41], [19, 55], [83, 34], [2, 68], [63, 98], [59, 98], [84, 99], [74, 80], [5, 89], [21, 44], [45, 35], [98, 92], [90, 19], [38, 66], [75, 40], [23, 53], [20, 44], [58, 77], [44, 57], [54, 29], [6, 25], [65, 33], [57, 57], [91, 68], [97, 20], [2, 11], [64, 65], [73, 70], [53, 99], [90, 35], [28, 16], [90, 9], [93, 86], [68, 60], [94, 5], [57, 25], [1, 47], [74, 9], [91, 45], [47, 25], [41, 28], [49, 53], [79, 41], [7, 86], [24, 2], [35, 97], [57, 23], [27, 88], [11, 16], [71, 32], [16, 48], [99, 44], [40, 35], [85, 96], [67, 97], [80, 2], [91, 91], [60, 58], [33, 13], [25, 91], [41, 57], [33, 17], [83, 32], [56, 98], [0, 41], [99, 13], [27, 64], [56, 57], [40, 5], [58, 48], [69, 30], [74, 71], [28, 43], [4, 33], [34, 5], [5, 84], [3, 89], [93, 84], [67, 68], [64, 59], [9, 79], [14, 4], [34, 89], [37, 53], [65, 8], [56, 90], [54, 56], [10, 47], [99, 1], [54, 80], [68, 55], [98, 1], [60, 32], [20, 14], [60, 9], [88, 51], [48, 22], [38, 93], [8, 5], [26, 5], [57, 89], [85, 39], [46, 44], [44, 9], [18, 94], [53, 52], [50, 96], [34, 52], [61, 59], [26, 18], [62, 73], [97, 17], [34, 99], [15, 84], [1, 61], [92, 65], [70, 29], [58, 42], [19, 75], [58, 5], [78, 43], [63, 47], [14, 74], [79, 95], [84, 28], [24, 99], [37, 76], [70, 59], [71, 99], [58, 23], [91, 2], [2, 33], [65, 76], [73, 71], [40, 41], [69, 89], [82, 22], [88, 16], [23, 41], [94, 59], [62, 63], [30, 16], [0, 40], [3, 59], [26, 85], [35, 17], [69, 32], [56, 46], [6, 8], [20, 36], [35, 22], [39, 42], [25, 6], [79, 38], [38, 28], [3, 0], [44, 39], [72, 74], [27, 83], [88, 67], [86, 84], [96, 69], [34, 14], [27, 97], [87, 67], [2, 9], [95, 32], [66, 73], [19, 48], [81, 61], [57, 58], [38, 11], [99, 12], [94, 1], [12, 54], [88, 14], [70, 55], [11, 69], [66, 95], [19, 36], [39, 40], [52, 37], [86, 72], [60, 4], [23, 28], [11, 28], [44, 87], [96, 42], [32, 5], [21, 28], [80, 72], [22, 18], [31, 87], [76, 46], [81, 63], [5, 17], [55, 7], [93, 13], [3, 9], [52, 20], [96, 86], [32, 66], [92, 2], [76, 22], [73, 59], [31, 57], [51, 3], [0, 92], [80, 77], [33, 64], [87, 0], [90, 47], [42, 21], [68, 75], [82, 43], [26, 87], [18, 72], [7, 4], [88, 40], [40, 48], [77, 14], [17, 45], [26, 96], [71, 27], [85, 73], [73, 6], [29, 83], [82, 13], [57, 33], [57, 45], [45, 29], [79, 51], [61, 86], [80, 34], [28, 60], [49, 98], [74, 63], [5, 50], [92, 89], [20, 47], [73, 8], [62, 60], [26, 50], [27, 82], [6, 13], [97, 6], [59, 22], [72, 41], [19, 98], [72, 98], [36, 44], [25, 73], [21, 10], [70, 30], [18, 4], [51, 39], [21, 55], [96, 28], [88, 83], [87, 46], [65, 40], [33, 57], [66, 68], [90, 5], [24, 70], [73, 48], [15, 52], [35, 24], [92, 78], [10, 65], [91, 57], [97, 5], [48, 36], [83, 45], [93, 43], [58, 39], [39, 84], [77, 33], [51, 79], [15, 82], [50, 57], [69, 0], [63, 63], [92, 17], [10, 2], [98, 13], [44, 99], [49, 10], [65, 14], [31, 7], [49, 54], [27, 54], [28, 20], [90, 21], [43, 98], [9, 56], [10, 48], [11, 89], [31, 5], [72, 82], [41, 65], [55, 87], [37, 26], [63, 79], [38, 30], [20, 75], [29, 33], [96, 8], [36, 46], [54, 2], [54, 42], [79, 66], [55, 11], [94, 76], [40, 84], [93, 42], [89, 4], [56, 55], [42, 24], [3, 84], [53, 55], [21, 45], [35, 99], [64, 72], [6, 40], [57, 91], [28, 15], [69, 19], [55, 17], [21, 19], [68, 79], [59, 9], [18, 46], [58, 41], [97, 90], [71, 22], [35, 67], [51, 90], [31, 44], [46, 71], [94, 80], [43, 86], [57, 93], [44, 74], [36, 78], [98, 77], [47, 93], [59, 15], [95, 44], [84, 10], [53, 10], [57, 78], [24, 15], [72, 91], [57, 18], [71, 2], [38, 85], [72, 17], [74, 77], [40, 76], [32, 2], [71, 29], [51, 75], [63, 76], [68, 45], [83, 31], [22, 22], [62, 89], [42, 95], [4, 92], [40, 86], [29, 38], [71, 83], [41, 54], [96, 10], [76, 75], [67, 57], [99, 22], [82, 93], [56, 81], [1, 74], [32, 50], [71, 51], [57, 34], [78, 24], [33, 10], [72, 88], [96, 80], [32, 26], [70, 80], [21, 43], [87, 40], [95, 1], [69, 21], [8, 26], [26, 22], [91, 30], [23, 9], [46, 85], [41, 66], [41, 8], [41, 29], [17, 56], [33, 44], [34, 82], [0, 99], [55, 76], [69, 44], [99, 56], [94, 85], [63, 39], [78, 33], [47, 4], [28, 89], [52, 51], [87, 59], [81, 71], [19, 92], [54, 55], [95, 68], [76, 7], [98, 27], [35, 25], [16, 79], [57, 9], [90, 97], [83, 18], [95, 21], [4, 85], [25, 37], [40, 46], [94, 87], [42, 35], [48, 80], [41, 72], [84, 41], [10, 27], [8, 17], [60, 59], [87, 3], [74, 51], [29, 85], [41, 92], [62, 86], [63, 38], [97, 82], [88, 19], [61, 66], [3, 4], [0, 68], [34, 59], [49, 97], [35, 9], [45, 49], [51, 44], [93, 58], [60, 54], [57, 80], [61, 28], [97, 36], [61, 92], [37, 63], [55, 84], [2, 15], [47, 92], [80, 20], [94, 8], [19, 88], [36, 65], [72, 83], [4, 20], [84, 17], [17, 87], [37, 39], [77, 8], [61, 40], [76, 2], [0, 78], [76, 66], [90, 68], [49, 92], [76, 12], [44, 82], [7, 28], [80, 24], [7, 30], [10, 77], [20, 37], [22, 33], [87, 34], [42, 33], [33, 86], [50, 35], [25, 32], [4, 38], [47, 42], [8, 39], [59, 23], [39, 2], [8, 71], [30, 89], [53, 51], [33, 43], [58, 50], [0, 57], [28, 22], [83, 71], [38, 16], [1, 12], [58, 71], [43, 1], [13, 58], [23, 56], [70, 46], [80, 3], [66, 72], [70, 27], [84, 27], [58, 58], [9, 83], [39, 66], [22, 48], [62, 11], [83, 27], [96, 46], [48, 11], [79, 83], [94, 19], [50, 69], [12, 47], [69, 38], [32, 92], [54, 70], [82, 57], [97, 97], [56, 19], [16, 82], [24, 11], [41, 75], [36, 15], [19, 86], [51, 76], [33, 60], [67, 40], [87, 49], [26, 72], [56, 28], [72, 75], [62, 92], [67, 42], [16, 88], [97, 27], [81, 74], [13, 95], [54, 0], [90, 85], [85, 95], [69, 9], [89, 69], [31, 47], [74, 96], [83, 46], [19, 44], [20, 4], [26, 10], [81, 67], [68, 63], [57, 28], [23, 1], [37, 22], [37, 28], [87, 11], [5, 55], [31, 98], [27, 43], [82, 89], [77, 79], [15, 93], [39, 88], [61, 13], [23, 47], [11, 81], [25, 43], [4, 5], [86, 71], [18, 90], [24, 69], [25, 14], [95, 64], [74, 70], [52, 2], [64, 70], [33, 47], [7, 12], [18, 63], [27, 13], [30, 83], [66, 93], [22, 6], [60, 75], [22, 32], [96, 47], [62, 50], [1, 40], [94, 13], [2, 28], [31, 46], [91, 70], [20, 7], [80, 9], [62, 31], [71, 72], [55, 80], [14, 85], [23, 45], [19, 30], [64, 8], [81, 66], [29, 10], [71, 35], [45, 72], [25, 24], [45, 95], [68, 85], [42, 48], [98, 71], [43, 84], [23, 11], [84, 38], [82, 12], [9, 17], [17, 42], [35, 54], [29, 41], [55, 79], [37, 32], [52, 77], [56, 49], [52, 52], [52, 35], [35, 32], [99, 49], [11, 9], [12, 60], [21, 95], [10, 93], [97, 0], [65, 59], [68, 81], [23, 93], [85, 18], [31, 80], [95, 51], [89, 88], [45, 20], [57, 90], [81, 6], [92, 72], [25, 34], [44, 16], [64, 21], [74, 8], [68, 11], [62, 33], [58, 40], [43, 25], [13, 64], [45, 5], [36, 7], [99, 46], [22, 23], [69, 53], [61, 47], [93, 39], [60, 45], [24, 19], [29, 52], [64, 76], [23, 29], [28, 76], [75, 52], [88, 99], [21, 92], [50, 20], [27, 59], [95, 34], [34, 45], [34, 13], [16, 87], [28, 77], [22, 58], [73, 67], [98, 85], [25, 11], [46, 0], [77, 61], [36, 80], [76, 95], [64, 10], [40, 43], [84, 76], [9, 92], [64, 4], [57, 16], [49, 17], [36, 4], [87, 73], [74, 69], [85, 85], [64, 28], [96, 21], [28, 55], [91, 22], [35, 28], [70, 3], [97, 61], [30, 21], [57, 86], [33, 51], [47, 49], [37, 55], [32, 58], [83, 33], [27, 78], [35, 93], [58, 1], [10, 54], [91, 42], [85, 70], [13, 9], [22, 49], [45, 11], [71, 52], [64, 89], [64, 91], [12, 93], [95, 5], [90, 54], [21, 23], [47, 13], [42, 49], [76, 97], [89, 94], [35, 14], [66, 49], [21, 97], [60, 77], [76, 31], [14, 87], [55, 89], [82, 34], [82, 74], [27, 12], [58, 30], [24, 39], [7, 92], [14, 18], [88, 85], [18, 41], [95, 50], [93, 54], [15, 96], [74, 44], [82, 3], [40, 64], [58, 10], [19, 93], [65, 50], [30, 13], [86, 69], [39, 73], [94, 71], [22, 86], [24, 33], [24, 42], [38, 48], [77, 29], [36, 88], [57, 94], [99, 33], [72, 9], [11, 52], [62, 22], [29, 16], [83, 86], [68, 72], [26, 6], [10, 25], [49, 16], [53, 96], [11, 82], [5, 19], [71, 17], [17, 12], [45, 63], [41, 58], [9, 27], [93, 29], [70, 71], [56, 37], [96, 90], [62, 23], [90, 57], [66, 5], [87, 20], [2, 81], [93, 62], [52, 43], [75, 32], [91, 82], [62, 57], [63, 36], [27, 85], [90, 55], [91, 80], [44, 79], [85, 26], [53, 57], [13, 97], [43, 4], [38, 91], [70, 62], [94, 49], [40, 0], [89, 25], [7, 1], [3, 91], [28, 38], [74, 84], [69, 72], [31, 78], [72, 51], [40, 13], [5, 77], [19, 89], [4, 13], [7, 45], [0, 86], [59, 3], [10, 12], [3, 3], [61, 33], [56, 12], [40, 78], [96, 99], [56, 13], [89, 10], [87, 99], [76, 37], [27, 80], [2, 40], [59, 92], [10, 89], [58, 64], [46, 13], [62, 8], [38, 77], [90, 11], [63, 28], [76, 8], [75, 53], [89, 21], [59, 35], [81, 23], [51, 51], [78, 78], [48, 0], [95, 41], [11, 21], [31, 66], [44, 88], [67, 78], [52, 45], [1, 34], [71, 9], [50, 37], [88, 63], [92, 40], [10, 51], [14, 30], [60, 3], [16, 26], [81, 99], [2, 32], [26, 71], [91, 3], [15, 92], [3, 79], [98, 0], [57, 62], [76, 5], [55, 63], [81, 2], [10, 67], [78, 70], [6, 31], [3, 28], [33, 24], [9, 40], [53, 82], [29, 79], [26, 83], [80, 47], [15, 26], [42, 22], [87, 98], [99, 38], [93, 66], [22, 44], [79, 72], [52, 39], [80, 25], [0, 76], [93, 87], [76, 11], [58, 80], [72, 46], [56, 52], [63, 53], [93, 99], [84, 66], [78, 31], [50, 98], [59, 30], [92, 59], [50, 95], [25, 96], [14, 23], [70, 85], [28, 90], [84, 72], [83, 48], [78, 14], [38, 97], [18, 67], [21, 68], [44, 62], [34, 10], [1, 44], [95, 67], [51, 99], [17, 10], [62, 65], [79, 0], [62, 29], [8, 40], [18, 27], [36, 66], [5, 48], [86, 4], [41, 27], [8, 19], [45, 78], [31, 54], [52, 27], [87, 89], [62, 87], [57, 47], [68, 26], [60, 70], [22, 20], [22, 14], [38, 86], [21, 67], [59, 58], [86, 99], [62, 72], [1, 50], [6, 98], [35, 51], [58, 34], [83, 24], [85, 22], [78, 23], [52, 1], [65, 77], [88, 88], [87, 24], [72, 25], [7, 9], [27, 33], [28, 9], [65, 4], [63, 26], [3, 31], [40, 26], [82, 10], [10, 26], [46, 81], [5, 0], [63, 30], [7, 3], [67, 23], [63, 60], [45, 40], [57, 37], [50, 27], [58, 91], [4, 17], [38, 23], [44, 89], [70, 7], [69, 92], [89, 93], [44, 83], [75, 46], [39, 4], [7, 44], [62, 41], [45, 64], [92, 58], [3, 88], [75, 51], [93, 48], [95, 77], [99, 91], [76, 70], [18, 48], [67, 71], [20, 83], [85, 5], [10, 0], [7, 98], [61, 55], [59, 27], [39, 67], [91, 31], [94, 78], [73, 37], [67, 8], [32, 81], [40, 4], [55, 55], [70, 75], [41, 4], [75, 7], [33, 90], [3, 74], [43, 27], [59, 77], [39, 15], [25, 7], [19, 8], [81, 57], [48, 49], [3, 1], [14, 46], [16, 19], [40, 16], [49, 76], [18, 88], [61, 46], [84, 35], [58, 56], [41, 9], [88, 44], [54, 86], [38, 39], [85, 71], [50, 24], [89, 70], [60, 0], [10, 10], [90, 69], [81, 87], [79, 8], [67, 60], [69, 65], [96, 73], [45, 79], [54, 15], [21, 49], [73, 74], [48, 83], [86, 78], [96, 93], [79, 12], [88, 24], [96, 7], [53, 19], [7, 47], [82, 21], [91, 29], [50, 86], [80, 8], [62, 67], [57, 72], [91, 53], [71, 53], [9, 0], [62, 49], [66, 31], [30, 47], [30, 77], [81, 51], [48, 9], [36, 58], [5, 72], [79, 21], [62, 77], [78, 53], [84, 9], [30, 25], [59, 59], [73, 16], [41, 24], [72, 50], [49, 19], [6, 21], [82, 46], [95, 62], [88, 2], [66, 24], [41, 83], [18, 30], [95, 71], [19, 23], [82, 81], [58, 9], [48, 85], [94, 24], [34, 26], [50, 23], [62, 82], [58, 35], [88, 28], [75, 27], [81, 9], [34, 20], [45, 9], [82, 67], [68, 66], [86, 55], [97, 49], [84, 78], [28, 13], [82, 98], [73, 52], [92, 75], [18, 95], [65, 19], [19, 50], [28, 91], [74, 53], [84, 40], [2, 77], [93, 21], [97, 59], [73, 94], [27, 51], [73, 55], [62, 69], [51, 46], [75, 14], [20, 49], [56, 87], [9, 36], [41, 10], [92, 70], [41, 84], [65, 93], [5, 25], [41, 82], [1, 70], [83, 47], [79, 62], [85, 51], [66, 53], [44, 0], [28, 82], [96, 68], [0, 50], [40, 28], [8, 46], [1, 72], [70, 53], [29, 28], [79, 87], [24, 68], [65, 64], [29, 36], [31, 36], [39, 19], [17, 31], [11, 2], [98, 42], [32, 96], [40, 9], [4, 4], [40, 18], [93, 47], [63, 8], [42, 91], [77, 73], [74, 16], [56, 84], [90, 26], [55, 73], [30, 75], [11, 83], [96, 1], [31, 10], [39, 90], [88, 56], [8, 31], [5, 15], [77, 22], [30, 81], [59, 51], [85, 6], [31, 35], [7, 24], [39, 99], [87, 72], [84, 64], [59, 47], [82, 68], [98, 66], [74, 47], [11, 34], [48, 94], [11, 98], [90, 59], [30, 49], [26, 13], [40, 62], [35, 30], [47, 19], [44, 71], [6, 75], [29, 89], [49, 55], [65, 1], [78, 66], [12, 40], [11, 48], [77, 4], [80, 4], [98, 73], [17, 68], [25, 72], [9, 32], [98, 39], [80, 69], [87, 91], [32, 14], [25, 28], [1, 18], [48, 52], [94, 66], [47, 90], [49, 61], [73, 26], [64, 17], [53, 58], [45, 61], [8, 0], [84, 19], [69, 28], [10, 82], [48, 82], [30, 11], [92, 24], [54, 49], [88, 76], [53, 32], [13, 60], [80, 62], [3, 38], [44, 25], [71, 84], [10, 37], [52, 10], [5, 52], [52, 81], [75, 21], [22, 25], [97, 73], [66, 69], [66, 77], [36, 2], [60, 56], [67, 82], [16, 4], [40, 80], [5, 2], [10, 97], [32, 18], [27, 28], [41, 32], [70, 0], [94, 37], [44, 80], [85, 28], [61, 58], [65, 49], [83, 65], [58, 63], [14, 53], [95, 88], [99, 19], [80, 5], [83, 96], [78, 65], [92, 27], [27, 81], [2, 42], [1, 35], [58, 65], [91, 48], [12, 20], [90, 66], [6, 63], [56, 9], [55, 36], [62, 25], [18, 89], [9, 93], [45, 68], [74, 4], [29, 97], [96, 39], [75, 29], [45, 89], [63, 32], [33, 94], [78, 81], [53, 47], [15, 58], [84, 24], [87, 92], [93, 3], [26, 42], [81, 14], [11, 44], [60, 16], [98, 31], [65, 10], [65, 26], [24, 6], [57, 5], [86, 85], [6, 44], [2, 29], [48, 67], [62, 75], [96, 85], [60, 62], [85, 31], [96, 17], [3, 81], [71, 15], [31, 48], [78, 40], [58, 93], [9, 52], [27, 32], [58, 81], [49, 63], [39, 29], [41, 16], [24, 12], [2, 62], [41, 42], [26, 32], [82, 60], [75, 71], [4, 25], [86, 27], [55, 54], [35, 91], [85, 43], [77, 65], [42, 66], [76, 56], [11, 70], [58, 97], [71, 20], [46, 17], [98, 95], [63, 21], [67, 55], [89, 0], [38, 0], [14, 29], [17, 52], [10, 49], [69, 55], [58, 54], [68, 9], [63, 70], [26, 70], [17, 96], [47, 52], [56, 73], [85, 76], [95, 9], [75, 94], [22, 83], [3, 71], [33, 87], [41, 47], [32, 0], [68, 19], [67, 26], [59, 91], [42, 30], [0, 9], [72, 6], [61, 10], [90, 50], [81, 60], [37, 50], [1, 68], [76, 65], [1, 88], [39, 70], [87, 9], [89, 64], [84, 34], [52, 89], [58, 17], [20, 65], [66, 13], [50, 83], [62, 1], [38, 67], [52, 47], [50, 8], [41, 13], [53, 36], [38, 25], [99, 21], [30, 76], [78, 26], [36, 98], [41, 36], [40, 21], [8, 24], [44, 96], [77, 64], [99, 47], [15, 57], [33, 58], [15, 54], [73, 3], [2, 71], [88, 0], [98, 10], [37, 6], [27, 40], [57, 3], [78, 69], [54, 28], [80, 46], [95, 26], [61, 87], [20, 48], [39, 96], [12, 44], [53, 28], [78, 82], [27, 70], [96, 67], [55, 31], [87, 23], [67, 80], [59, 13], [68, 52], [14, 12], [23, 88], [84, 7], [13, 42], [1, 85], [47, 0], [35, 6], [51, 80], [78, 44], [66, 25], [28, 31], [70, 15], [2, 27], [18, 55], [90, 13], [0, 98], [87, 2], [48, 60], [92, 35], [46, 94], [1, 36], [75, 99], [41, 49], [15, 47], [28, 65], [66, 36], [72, 72], [1, 52], [47, 62], [36, 28], [30, 46], [23, 27], [26, 75], [41, 68], [66, 8], [88, 12], [27, 75], [3, 25], [51, 65], [16, 1], [34, 53], [19, 95], [71, 68], [13, 12], [50, 47], [84, 60], [50, 19], [8, 3], [13, 45], [86, 15], [89, 52], [75, 92], [32, 3], [33, 52], [40, 15], [99, 60], [4, 24], [38, 31], [1, 59], [38, 70], [55, 44], [81, 19], [68, 91], [85, 88], [4, 3], [94, 51], [82, 11], [69, 66], [99, 0], [81, 16], [37, 60], [55, 29], [52, 80], [43, 96], [12, 70], [52, 40], [24, 78], [19, 94], [58, 24], [76, 25], [28, 86], [51, 27], [16, 43], [63, 4], [22, 2], [1, 69], [41, 50], [89, 50], [19, 77], [7, 61], [36, 19], [54, 53], [16, 15], [45, 14], [60, 63], [23, 66], [10, 39], [97, 30], [73, 87], [80, 73], [36, 39], [28, 29], [38, 32], [37, 75], [99, 7], [72, 97], [7, 36], [9, 95], [3, 62], [13, 40], [49, 41], [42, 50], [97, 62], [10, 19], [33, 32], [85, 35], [34, 56], [71, 94], [57, 7], [56, 86], [97, 86], [41, 88], [55, 14], [53, 29], [22, 7], [97, 26], [56, 20], [0, 67], [30, 74], [41, 7], [94, 0], [22, 29], [58, 90], [1, 96], [53, 14], [71, 74], [31, 91], [92, 91], [48, 33], [91, 89], [2, 98], [23, 25], [40, 23], [65, 9], [9, 26], [62, 5], [1, 30], [72, 67], [85, 49], [85, 38], [11, 91], [61, 42], [88, 80], [68, 65], [44, 40], [25, 74], [57, 71], [64, 38], [91, 76], [24, 5], [89, 82], [62, 10], [67, 52], [80, 64], [75, 59], [11, 39], [68, 38], [91, 50], [13, 94], [95, 81], [16, 50], [69, 63], [97, 51], [52, 8], [79, 79], [90, 1], [98, 33], [48, 18], [28, 26], [14, 54], [68, 34], [71, 76], [93, 11], [9, 80], [6, 70], [52, 6], [20, 80], [1, 15], [93, 2], [20, 35], [38, 56], [99, 81], [64, 20], [54, 60], [87, 60], [99, 53], [89, 43], [60, 98], [27, 22], [64, 24], [33, 23], [37, 51], [80, 81], [98, 69], [62, 21], [22, 47], [4, 53], [76, 73], [43, 18], [75, 68], [27, 19], [38, 57], [32, 13], [50, 36], [97, 33], [20, 88], [42, 15], [58, 8], [3, 60], [17, 89], [33, 93], [40, 59], [15, 43], [71, 3], [33, 16], [95, 6], [16, 89], [33, 68], [44, 44], [61, 5], [18, 44], [27, 98], [72, 15], [14, 40], [20, 93], [53, 48], [35, 86], [25, 18], [8, 67], [75, 48], [87, 96], [77, 52], [64, 9], [98, 28], [48, 3], [50, 16], [70, 45], [1, 32], [13, 65], [48, 20], [83, 57], [24, 93], [94, 57], [8, 64], [58, 21], [24, 94], [38, 76], [16, 49], [43, 28], [65, 6], [86, 0], [84, 95], [76, 50], [7, 38], [36, 89], [69, 54], [90, 44], [19, 25], [59, 24], [0, 37], [50, 32], [41, 99], [34, 0], [6, 41], [83, 80], [82, 76], [64, 84], [35, 11], [91, 56], [29, 74], [35, 58], [60, 99], [78, 56], [6, 45], [55, 43], [92, 41], [83, 72], [13, 66], [88, 62], [82, 32], [3, 21], [95, 46], [57, 49], [30, 26], [81, 13], [73, 69], [15, 27], [36, 82], [24, 58], [85, 47], [80, 63], [25, 64], [24, 36], [35, 59], [88, 68], [82, 97], [19, 4], [70, 52], [12, 11], [77, 57], [37, 68], [69, 73], [49, 96], [99, 73], [97, 87], [98, 8], [50, 79], [68, 6], [34, 24], [44, 11], [71, 55], [61, 78], [5, 96], [91, 34], [19, 7], [43, 11], [28, 48], [70, 79], [38, 90], [44, 24], [57, 27], [56, 68], [20, 0], [93, 23], [18, 69], [81, 31], [31, 43], [22, 28], [18, 28], [2, 51], [91, 11], [50, 58], [58, 95], [5, 11], [45, 36], [25, 21], [10, 4], [30, 45], [43, 58], [75, 75], [0, 73], [45, 7], [99, 79], [5, 81], [18, 60], [58, 73], [15, 10], [43, 62], [48, 28], [79, 26], [35, 92], [30, 99], [56, 24], [46, 70], [32, 27], [97, 74], [67, 92], [37, 25], [9, 84], [20, 95], [86, 10], [83, 26], [56, 38], [58, 70], [89, 8], [84, 50], [40, 36], [3, 11], [74, 58], [16, 32], [91, 83], [4, 28], [45, 60], [48, 19], [33, 99], [89, 15], [14, 50], [17, 25], [14, 15], [74, 36], [53, 31], [91, 13], [93, 89], [89, 32], [49, 77], [2, 85], [78, 63], [79, 32], [42, 13], [37, 74], [74, 37], [29, 54], [21, 51], [54, 74], [40, 20], [41, 53], [28, 63], [15, 46], [29, 5], [49, 24], [66, 60], [39, 63], [67, 25], [48, 41], [20, 51], [42, 31], [83, 93], [73, 29], [92, 80], [88, 91], [74, 89], [6, 89], [62, 26], [42, 89], [39, 41], [94, 41], [94, 53], [76, 13], [81, 45], [83, 67], [29, 7], [56, 95], [41, 94], [54, 73], [73, 98], [46, 80], [4, 48], [37, 34], [97, 52], [87, 70], [63, 16], [82, 69], [73, 1], [30, 0], [60, 48], [82, 30], [4, 49], [65, 16], [22, 10], [87, 88], [15, 81], [20, 92], [39, 34], [8, 33], [12, 73], [13, 8], [37, 29], [94, 25], [92, 36], [71, 49], [23, 38], [73, 31], [37, 99], [8, 69], [87, 56], [93, 55], [5, 85], [43, 24], [71, 39], [50, 54], [59, 6], [25, 29], [63, 33], [46, 60], [59, 46], [76, 77], [70, 89], [89, 78], [91, 17], [61, 37], [69, 82], [46, 83], [43, 8], [44, 17], [97, 15], [92, 63], [40, 71], [89, 37], [82, 52], [10, 34], [86, 34], [39, 58], [85, 48], [10, 9], [26, 63], [45, 28], [0, 29], [88, 8], [64, 75], [72, 73], [82, 73], [61, 18], [18, 79], [64, 50], [37, 97], [93, 71], [12, 39], [57, 42], [86, 58], [27, 14], [88, 97], [42, 94], [93, 79], [99, 86], [42, 84], [35, 4], [62, 16], [99, 15], [2, 23], [70, 56], [36, 75], [75, 79], [24, 97], [13, 43], [33, 98], [20, 98], [79, 31], [69, 79], [78, 32], [94, 52], [22, 90], [17, 18], [25, 80], [97, 44], [48, 42], [23, 79], [16, 53], [20, 94], [31, 95], [80, 6], [94, 97], [27, 39], [44, 49], [12, 12], [8, 99], [87, 39], [8, 38], [58, 49], [40, 55], [87, 30], [77, 72], [73, 97], [15, 34], [36, 85], [41, 89], [68, 44], [96, 53], [33, 36], [96, 52], [66, 99], [46, 16], [37, 3], [70, 1], [51, 2], [45, 50], [80, 83], [82, 90], [64, 16], [85, 74], [27, 45], [82, 56], [49, 44], [35, 39], [25, 81], [57, 12], [6, 14], [96, 36], [79, 71], [63, 96], [82, 59], [72, 69], [93, 4], [48, 12], [21, 2], [59, 39], [38, 99], [92, 76], [83, 3], [58, 26], [88, 39], [50, 94], [51, 89], [85, 61], [35, 43], [99, 41], [9, 94], [77, 62], [12, 84], [65, 5], [6, 57], [24, 28], [32, 57], [91, 33], [53, 59], [0, 20], [29, 31], [44, 37], [56, 40], [60, 60], [6, 19], [56, 45], [25, 76], [66, 27], [65, 12], [37, 93], [85, 93], [77, 67], [77, 85], [8, 88], [40, 30], [80, 0], [90, 38], [40, 27], [90, 3], [94, 67], [90, 86], [94, 61], [57, 38], [33, 41], [10, 95], [47, 59], [4, 98], [29, 68], [53, 41], [18, 43], [32, 16], [51, 47], [93, 64], [15, 89], [72, 93], [50, 44], [90, 75], [26, 53], [63, 78], [38, 83], [40, 67], [64, 82], [38, 17], [33, 61], [0, 11], [73, 12], [76, 59], [77, 9], [72, 58], [33, 78], [41, 87], [67, 47], [83, 4], [71, 96], [19, 42], [43, 2], [92, 99], [85, 13], [64, 78], [79, 30], [72, 33], [68, 5], [43, 37], [41, 20], [71, 5], [62, 30], [9, 54], [23, 33], [60, 27], [41, 96], [19, 41], [83, 55], [44, 26], [82, 15], [14, 24], [1, 67], [2, 59], [81, 17], [69, 57], [80, 57], [17, 50], [78, 84], [88, 72], [80, 52], [90, 20], [60, 79], [30, 56], [35, 84], [86, 8], [89, 13], [44, 65], [42, 17], [31, 26], [57, 36], [28, 94], [75, 97], [57, 73], [27, 11], [50, 51], [97, 91], [75, 16], [70, 66], [27, 10], [46, 19], [91, 23], [0, 51], [47, 1], [67, 15], [26, 59], [83, 69], [70, 73], [56, 61], [61, 72], [48, 89], [47, 68], [24, 46], [50, 31], [84, 94], [70, 2], [0, 79], [20, 29], [19, 87], [76, 72], [15, 12], [36, 99], [10, 73], [99, 98], [92, 50], [21, 7], [73, 36], [50, 61], [25, 2], [85, 94], [41, 56], [32, 48], [99, 72], [5, 47], [36, 32], [11, 61], [11, 51], [56, 47], [31, 19], [68, 61], [83, 38], [98, 35], [50, 64], [23, 73], [18, 52], [52, 32], [49, 74], [61, 4], [8, 89], [90, 81], [14, 21], [26, 7], [10, 96], [35, 20], [34, 19], [74, 3], [70, 5], [66, 61], [62, 54], [30, 20], [11, 22], [36, 9], [85, 44], [63, 6], [12, 13], [26, 3], [36, 93], [30, 95], [47, 34], [53, 95], [15, 48], [36, 29], [5, 93], [51, 42], [20, 55], [29, 20], [37, 59], [8, 97], [11, 4], [75, 67], [26, 31], [24, 37], [56, 78], [77, 98], [48, 86], [78, 30], [21, 12], [12, 34], [69, 83], [0, 80], [50, 17], [94, 21], [66, 21], [83, 88], [47, 22], [88, 17], [45, 71], [45, 84], [61, 81], [3, 17], [77, 21], [31, 22], [67, 1], [39, 80], [30, 8], [64, 48], [8, 49], [28, 36], [85, 54], [61, 26], [98, 54], [22, 4], [55, 9], [93, 50], [78, 2], [72, 99], [98, 4], [1, 75], [4, 26], [17, 75], [11, 43], [97, 65], [91, 88], [53, 42], [40, 92], [46, 23], [55, 33], [38, 4], [44, 95], [89, 96], [62, 56], [17, 55], [89, 41], [76, 20], [1, 31], [87, 6], [73, 56], [94, 18], [9, 9], [9, 3], [96, 77], [62, 53], [44, 97], [32, 75], [11, 80], [52, 88], [94, 89], [25, 1], [71, 8], [16, 51], [55, 35], [97, 1], [1, 2], [58, 15], [95, 75], [47, 82], [68, 16], [5, 6], [0, 53], [32, 34], [91, 27], [0, 56], [0, 25], [58, 67], [23, 98], [43, 71], [83, 60], [75, 87], [65, 38], [41, 98], [45, 65], [38, 50], [37, 40], [83, 50], [19, 69], [29, 94], [38, 19], [7, 5], [58, 18], [18, 73], [89, 23], [15, 40], [98, 96], [3, 58], [97, 40], [77, 68], [78, 54], [85, 89], [46, 93], [63, 44], [61, 84], [33, 28], [98, 32], [35, 16], [73, 19], [75, 13], [19, 37], [11, 88], [24, 87], [46, 34], [31, 86], [64, 19], [41, 61], [11, 0], [81, 69], [3, 45], [38, 87], [79, 80], [62, 17], [71, 95], [24, 62], [74, 91], [17, 35], [71, 82], [2, 41], [66, 20], [76, 85], [0, 34], [0, 64], [48, 96], [14, 71], [9, 71], [90, 52], [99, 93], [5, 31], [60, 26], [57, 60], [34, 38], [1, 98], [53, 18], [69, 34], [68, 30], [79, 13], [80, 31], [3, 49], [32, 80], [18, 91], [19, 6], [87, 90], [10, 55], [19, 99], [62, 46], [54, 87], [47, 60], [91, 20], [15, 44], [48, 88], [55, 97], [55, 77], [82, 0], [55, 28], [29, 90], [39, 17], [77, 56], [36, 0], [68, 96], [44, 15], [85, 34], [42, 4], [42, 6], [12, 74], [26, 76], [72, 35], [1, 95], [60, 42], [84, 12], [71, 31], [84, 90], [33, 59], [86, 90], [54, 21], [68, 18], [72, 22], [61, 19], [67, 17], [52, 59], [2, 94], [8, 60], [66, 28], [28, 78], [18, 14], [40, 45], [51, 98], [20, 31], [83, 82], [51, 59], [39, 38], [24, 43], [16, 76], [0, 5], [62, 59], [67, 51], [57, 10], [24, 95], [72, 70], [12, 87], [61, 30], [76, 10], [59, 18], [11, 6], [81, 20], [57, 51], [27, 26], [31, 0], [45, 16], [45, 23], [98, 45], [54, 11], [50, 29], [94, 90], [74, 29], [80, 40], [99, 17], [98, 6], [40, 77], [35, 8], [34, 7], [57, 85], [39, 92], [26, 16], [45, 46], [65, 63], [25, 99], [63, 2], [57, 81], [4, 74], [0, 97], [77, 40], [73, 20], [18, 96], [25, 50], [79, 36], [43, 17], [87, 45], [40, 75], [98, 52], [56, 67], [28, 83], [66, 17], [14, 43], [90, 31], [97, 21], [65, 32], [61, 69], [98, 81], [88, 35], [31, 93], [35, 80], [89, 7], [90, 71], [96, 38], [77, 45], [47, 53], [29, 24], [17, 98], [97, 23], [12, 2], [14, 41], [74, 94], [91, 95], [88, 94], [26, 36], [33, 31], [70, 31], [64, 88], [57, 48], [86, 18], [91, 26], [3, 42], [70, 82], [22, 3], [27, 37], [10, 29], [65, 92], [38, 95], [72, 47], [99, 18], [8, 85], [47, 2], [75, 9], [22, 8], [20, 70], [73, 51], [61, 70], [35, 38], [1, 53], [56, 33], [45, 80], [80, 76], [52, 31], [18, 82], [93, 34], [51, 81], [31, 76], [45, 48], [49, 5], [20, 86], [66, 51], [59, 36], [75, 2], [78, 47], [13, 49], [94, 4], [74, 31], [62, 0], [11, 19], [30, 41], [76, 58], [78, 27], [3, 36], [89, 22], [64, 54], [31, 52], [60, 87], [11, 20], [43, 93], [92, 98], [68, 88], [21, 9], [11, 54], [12, 88], [91, 25], [92, 87], [29, 39], [27, 47], [57, 26], [27, 77], [56, 58], [71, 57], [15, 13], [84, 11], [32, 95], [8, 77], [90, 48], [22, 92], [99, 76], [86, 94], [71, 61], [15, 36], [72, 38], [25, 36], [75, 50], [5, 3], [98, 25], [22, 11], [80, 7], [84, 32], [1, 65], [26, 79], [47, 83], [5, 7], [51, 83], [50, 60], [25, 48], [91, 62], [69, 11], [82, 37], [0, 58], [7, 6], [97, 60], [63, 3], [25, 16], [43, 52], [60, 72], [89, 92], [4, 45], [37, 85], [95, 13], [56, 54], [55, 46], [55, 19], [7, 27], [77, 38], [72, 76], [21, 8], [24, 72], [17, 58], [9, 45], [14, 52], [3, 69], [46, 25], [17, 5], [35, 95], [99, 96], [5, 58], [99, 14], [32, 6], [61, 12], [15, 76], [44, 94], [20, 23], [33, 96], [24, 90], [28, 69], [80, 23], [98, 88], [92, 95], [43, 65], [89, 19], [44, 68], [62, 99], [19, 63], [54, 24], [77, 18], [60, 20], [7, 15], [51, 70], [90, 17], [98, 59], [18, 78], [5, 95], [53, 97], [90, 37], [51, 30], [64, 13], [38, 6], [42, 82], [63, 51], [0, 39], [50, 13], [51, 85], [51, 15], [49, 4], [54, 91], [3, 35], [30, 12], [25, 94], [96, 45], [41, 3], [36, 41], [0, 7], [76, 49], [59, 87], [22, 77], [8, 2], [21, 50], [64, 67], [65, 53], [36, 50], [66, 86], [17, 0], [19, 49], [9, 13], [54, 92], [75, 77], [95, 53], [19, 9], [13, 47], [6, 50], [7, 19], [81, 47], [80, 10], [30, 51], [76, 0], [98, 86], [26, 35], [82, 72], [55, 15], [64, 3], [79, 40], [36, 63], [71, 69], [11, 47], [2, 45], [93, 45], [31, 29], [24, 82], [6, 82], [95, 91], [66, 79], [33, 19], [88, 58], [70, 37], [37, 46], [89, 3], [10, 46], [73, 99], [42, 57], [7, 8], [12, 35], [33, 85], [55, 38], [90, 30], [63, 67], [64, 86], [7, 31], [57, 43], [77, 19], [87, 82], [78, 4], [69, 43], [54, 46], [41, 59], [69, 91], [4, 51], [34, 97], [33, 27], [58, 60], [87, 54], [27, 94], [96, 75], [50, 4], [48, 70], [53, 77], [94, 3], [1, 24], [67, 43], [50, 40], [91, 0], [69, 46], [61, 65], [85, 75], [5, 10], [33, 46], [88, 11], [31, 56], [90, 16], [97, 89], [80, 49], [22, 59], [33, 7], [83, 53], [82, 29], [80, 37], [77, 37], [94, 88], [16, 81], [43, 35], [77, 25], [67, 28], [52, 83], [86, 46], [19, 12], [51, 93], [91, 59], [30, 29], [4, 43], [64, 34], [48, 23], [98, 70], [44, 18], [78, 83], [29, 59], [61, 63], [31, 33], [27, 20], [76, 86], [5, 83], [93, 65], [33, 21], [98, 41], [43, 13], [78, 1], [21, 59], [40, 90], [10, 66], [71, 56], [10, 88], [97, 81], [39, 14], [51, 34], [17, 33], [86, 53], [47, 56], [16, 93], [24, 83], [91, 86], [93, 16], [87, 69], [52, 87], [35, 42], [84, 6], [53, 88], [16, 41], [32, 59], [85, 1], [36, 69], [54, 9], [39, 48], [88, 57], [4, 78], [35, 33], [94, 35], [10, 42], [93, 36], [30, 90], [37, 84], [83, 95], [99, 63], [53, 8], [63, 24], [86, 7], [79, 56], [23, 83], [12, 79], [38, 35], [71, 65], [45, 51], [99, 42], [24, 67], [16, 0], [47, 61], [8, 83], [89, 45], [92, 4], [18, 49], [2, 5], [99, 39], [55, 20], [6, 67], [97, 39], [26, 37], [9, 1], [30, 96], [78, 77], [54, 10], [33, 66], [84, 43], [68, 56], [8, 62], [65, 69], [73, 92], [66, 70], [39, 8], [70, 64], [76, 38], [24, 79], [16, 14], [19, 20], [75, 0], [59, 89], [80, 14], [43, 14], [97, 64], [7, 79], [90, 96], [71, 44], [89, 12], [60, 14], [46, 26], [81, 79], [19, 16], [29, 9], [79, 15], [23, 94], [3, 50], [67, 27], [84, 49], [6, 54], [87, 16], [27, 57], [42, 5], [7, 71], [19, 27], [64, 29], [22, 45], [72, 30], [6, 86], [48, 56], [18, 16], [30, 65], [85, 84], [54, 4], [96, 72], [11, 66], [26, 40], [47, 87], [93, 37], [1, 46], [25, 31], [48, 54], [39, 60], [64, 5], [80, 33], [70, 4], [0, 47], [92, 97], [24, 31], [47, 58], [51, 96], [34, 94], [49, 82], [13, 19], [95, 78], [87, 42], [4, 96], [26, 33], [37, 5], [71, 71], [55, 18], [49, 14], [48, 10], [32, 53], [62, 76], [78, 90], [47, 43], [76, 30], [50, 15], [62, 15], [8, 53], [4, 93], [36, 92], [7, 80], [82, 62], [49, 49], [51, 57], [44, 66], [3, 93], [19, 43], [17, 72], [10, 74], [39, 50], [78, 8], [39, 21], [34, 60], [77, 74], [90, 22], [71, 19], [5, 90], [77, 11], [37, 57], [51, 97], [86, 35], [91, 92], [95, 8], [99, 5], [59, 31], [22, 85], [67, 10], [13, 0], [62, 6], [97, 34], [57, 82], [5, 82], [67, 63], [51, 17], [35, 85], [53, 11], [5, 70], [71, 86], [17, 78], [83, 30], [34, 84], [6, 87], [42, 67], [97, 68], [66, 74], [69, 31], [56, 35], [56, 18], [32, 22], [69, 40], [20, 76], [70, 22], [89, 9], [34, 88], [55, 42], [11, 38], [6, 99], [19, 11], [96, 56], [9, 73], [46, 9], [79, 52], [70, 99], [80, 55], [20, 59], [18, 37], [15, 42], [6, 10], [95, 39], [34, 93], [43, 40], [72, 79], [77, 16], [73, 28], [89, 95], [71, 25], [8, 30], [78, 41], [30, 67], [80, 86], [27, 60], [42, 80], [4, 95], [46, 88], [97, 47], [33, 91], [48, 93], [71, 1], [65, 90], [92, 96], [47, 30], [35, 63], [40, 63], [55, 23], [56, 94], [33, 92], [7, 84], [27, 42], [8, 56], [69, 24], [13, 33], [60, 17], [36, 23], [83, 7], [19, 83], [77, 58], [44, 12], [79, 65], [55, 59], [11, 11], [67, 53], [91, 44], [98, 99], [96, 94], [19, 64], [36, 52], [95, 58], [14, 96], [50, 25], [95, 27], [96, 87], [33, 95], [59, 97], [88, 86], [58, 7], [98, 3], [75, 98], [55, 1], [20, 13], [85, 66], [74, 87], [88, 23], [83, 94], [20, 40], [50, 55], [31, 74], [25, 19], [43, 26], [91, 49], [72, 43], [96, 62], [51, 50], [13, 52], [7, 93], [55, 16], [94, 94], [24, 10], [51, 29], [75, 23], [37, 77], [16, 86], [31, 61], [71, 59], [70, 70], [72, 28], [59, 60], [3, 26], [52, 70], [7, 23], [65, 83], [77, 54], [17, 54], [19, 96], [68, 46], [70, 23], [89, 11], [59, 82], [62, 55], [60, 44], [26, 58], [57, 95], [90, 88], [21, 0], [62, 70], [15, 25], [20, 26], [47, 6], [63, 25], [48, 50], [22, 35], [52, 49], [5, 43], [90, 46], [74, 20], [47, 55], [66, 3], [81, 76], [49, 28], [4, 73], [66, 32], [62, 88], [99, 66], [9, 99], [47, 80], [42, 92], [77, 28], [22, 24], [72, 23], [90, 43], [54, 17], [50, 38], [44, 14], [29, 64], [1, 28], [25, 8], [41, 63], [51, 8], [16, 91], [51, 7], [38, 51], [80, 99], [54, 89], [34, 12], [99, 32], [28, 42], [68, 23], [55, 47], [86, 81], [34, 78], [90, 14], [71, 54], [89, 55], [65, 84], [95, 49], [38, 27], [84, 98], [60, 55], [60, 67], [95, 43], [61, 41], [38, 45], [39, 31], [49, 22], [86, 54], [70, 72], [2, 93], [59, 80], [72, 49], [88, 43], [46, 21], [43, 22], [59, 95], [6, 23], [51, 45], [32, 36], [6, 91], [90, 2], [76, 52], [72, 52], [65, 97], [51, 43], [86, 41], [94, 56], [84, 74], [18, 98], [20, 89], [48, 24], [39, 18], [68, 54], [39, 53], [63, 40], [3, 6], [48, 77], [87, 32], [80, 92], [94, 2], [80, 1], [2, 53], [19, 78], [99, 92], [81, 44], [53, 37], [73, 21], [33, 15], [18, 38], [95, 37], [18, 20], [74, 0], [87, 37], [30, 34], [32, 45], [47, 94], [4, 1], [91, 64], [28, 85], [36, 33], [26, 47], [89, 14], [5, 9], [1, 76], [57, 17], [31, 65], [38, 54], [80, 11], [52, 46], [44, 42], [5, 34], [70, 14], [15, 14], [55, 67], [67, 22], [81, 3], [89, 91], [54, 43], [7, 7], [94, 93], [65, 57], [57, 61], [39, 87], [89, 51], [47, 18], [83, 14], [14, 72], [16, 65], [90, 77], [53, 81], [46, 63], [79, 57], [52, 57], [60, 43], [48, 98], [25, 98], [99, 58], [26, 8], [46, 14], [32, 24], [5, 41], [89, 97], [83, 40], [32, 94], [42, 87], [64, 18], [63, 92], [80, 96], [41, 12], [11, 87], [46, 58], [47, 7], [85, 19], [46, 51], [76, 24], [17, 49], [6, 2], [62, 14], [29, 98], [86, 24], [62, 81], [66, 12], [48, 84], [35, 34], [29, 57], [31, 88], [49, 66], [76, 98], [17, 82], [73, 85], [24, 88], [57, 66], [81, 46], [5, 35], [29, 14], [23, 85], [40, 8], [78, 73], [5, 45], [87, 71], [26, 94], [67, 88], [61, 25], [0, 52], [82, 66], [59, 75], [50, 52], [5, 87], [91, 39], [7, 48], [87, 8], [74, 28], [84, 15], [32, 31], [93, 81], [99, 71], [14, 90], [46, 96], [8, 58], [2, 83], [29, 32], [61, 88], [34, 62], [90, 65], [23, 19], [18, 58], [14, 6], [68, 77], [79, 5], [28, 95], [34, 34], [24, 71], [65, 82], [45, 45], [41, 51], [89, 42], [56, 88], [34, 85], [28, 11], [61, 17], [22, 57], [73, 35], [60, 34], [31, 49], [46, 15], [70, 20], [57, 75], [96, 26], [63, 27], [10, 6], [42, 14], [32, 82], [91, 36], [7, 99], [94, 40], [30, 22], [47, 72], [41, 5], [58, 55], [92, 22], [34, 92], [99, 6], [73, 54], [57, 46], [69, 20], [34, 11], [99, 27], [42, 10], [48, 4], [24, 63], [72, 96], [3, 95], [79, 82], [54, 44], [24, 77], [58, 61], [40, 34], [35, 5], [23, 18], [39, 98], [69, 26], [73, 79], [7, 65], [35, 82], [34, 15], [83, 77], [70, 88], [18, 12], [93, 68], [18, 3], [97, 48], [47, 38], [53, 46], [16, 83], [70, 87], [11, 93], [41, 73], [68, 12], [75, 57], [54, 81], [74, 88], [42, 72], [60, 5], [0, 54], [36, 36], [26, 80], [36, 45], [19, 97], [76, 23], [17, 65], [37, 16], [13, 72], [69, 98], [87, 81], [12, 95], [86, 12], [61, 98], [67, 74], [23, 40], [75, 76], [34, 81], [63, 87], [13, 2], [37, 98], [28, 47], [18, 99], [12, 49], [36, 53], [33, 80], [12, 85], [24, 3], [66, 4], [47, 40], [87, 63], [90, 90], [34, 2], [6, 59], [31, 27], [16, 47], [45, 99], [81, 86], [86, 60], [55, 51], [54, 40], [86, 43], [64, 68], [56, 80], [15, 9], [84, 92], [78, 86], [88, 34], [39, 89], [35, 29], [88, 87], [88, 65], [41, 44], [22, 27], [45, 55], [83, 8], [4, 8], [49, 65], [50, 71], [2, 44], [28, 59], [52, 19], [54, 68], [63, 58], [68, 39], [17, 91], [35, 1], [64, 62], [21, 48], [15, 97], [57, 63], [26, 62], [24, 34], [95, 45], [44, 8], [13, 36], [11, 94], [50, 75], [83, 63], [92, 11], [15, 71], [21, 72], [42, 68], [31, 18], [83, 2], [24, 24], [74, 15], [22, 82], [64, 52], [85, 58], [22, 70], [94, 83], [43, 9], [98, 79], [82, 54], [88, 22], [68, 62], [55, 27], [95, 90], [47, 21], [88, 75], [28, 25], [23, 51], [7, 75], [9, 5], [34, 43], [26, 12], [32, 40], [82, 86], [59, 16], [16, 34], [98, 93], [85, 29], [59, 70], [74, 52], [87, 29], [45, 10], [86, 47], [30, 40], [12, 57], [55, 48], [13, 50], [82, 39], [93, 46], [67, 62], [65, 18], [95, 7], [31, 92], [54, 63], [65, 62], [33, 22], [9, 48], [56, 39], [21, 13], [36, 74], [17, 23], [17, 51], [77, 39], [88, 37], [10, 1], [83, 74], [9, 82], [2, 43], [77, 87], [80, 71], [32, 12], [97, 53], [83, 76], [76, 29], [78, 67], [15, 4], [50, 43], [70, 67], [9, 88], [64, 11], [29, 86], [54, 48], [65, 88], [92, 18], [50, 33], [16, 70], [16, 17], [90, 49], [13, 14], [98, 57], [98, 61], [98, 38], [93, 59], [94, 27], [38, 75], [26, 51], [45, 44], [82, 1], [60, 21], [13, 99], [70, 97], [20, 20], [92, 32], [73, 38], [34, 55], [96, 14], [48, 40], [7, 85], [6, 77], [75, 72], [80, 44], [83, 99], [72, 57], [40, 37], [13, 85], [43, 56], [59, 38], [97, 24], [21, 40], [90, 78], [50, 11], [6, 64], [60, 76], [90, 18], [85, 25], [89, 71], [25, 5], [78, 15], [98, 29], [95, 2], [24, 48], [7, 89], [20, 27], [57, 65], [36, 30], [58, 46], [38, 42], [97, 37], [75, 42], [64, 26], [40, 40], [11, 23], [71, 42], [51, 53], [27, 4], [64, 99], [78, 93], [84, 62], [64, 41], [13, 4], [30, 60], [20, 50], [76, 69], [73, 2], [75, 5], [69, 6], [47, 97], [86, 16], [88, 36], [32, 98], [55, 86], [29, 27], [3, 43], [42, 20], [14, 99], [60, 68], [9, 6], [40, 39], [7, 25], [38, 14], [84, 3], [70, 34], [66, 11], [98, 9], [41, 17], [77, 60], [20, 45], [23, 70], [60, 35], [37, 69], [76, 47], [78, 72], [86, 51], [98, 55], [22, 15], [0, 87], [88, 9], [27, 25], [50, 12], [1, 45], [25, 13], [91, 14], [14, 92], [31, 64], [15, 67], [95, 30], [30, 28], [65, 42], [20, 82], [66, 48], [94, 28], [91, 69], [74, 81], [0, 88], [88, 45], [6, 39], [56, 59], [88, 74], [54, 66], [21, 56], [71, 4], [65, 36], [74, 13], [9, 50], [88, 15], [14, 9], [71, 0], [85, 46], [31, 83], [84, 16], [41, 55], [24, 51], [85, 79], [87, 97], [70, 90], [56, 11], [2, 88], [7, 46], [4, 6], [6, 92], [18, 6], [80, 35], [87, 18], [60, 74], [59, 14], [59, 49], [29, 30], [39, 51], [17, 39], [36, 55], [65, 70], [77, 23], [43, 53], [1, 55], [12, 66], [0, 71], [40, 44], [17, 8], [60, 66], [35, 62], [31, 20], [62, 42], [48, 27], [85, 63], [25, 39], [45, 83], [60, 88], [8, 34], [14, 39], [73, 96], [48, 51], [66, 96], [73, 24], [57, 22], [93, 27], [82, 38], [64, 22], [49, 13], [65, 41], [16, 25], [32, 35], [10, 86], [43, 49], [46, 31], [48, 74], [87, 38], [33, 49], [43, 38], [9, 70], [56, 96], [44, 21], [97, 77], [83, 28], [93, 91], [33, 0], [91, 16], [80, 21], [32, 9], [65, 28], [13, 67], [9, 7], [21, 96], [56, 91], [94, 77], [42, 16], [68, 90], [60, 40], [9, 44], [62, 79], [61, 74], [21, 47], [59, 26], [17, 44], [58, 25], [0, 33], [28, 67], [82, 44], [9, 75], [8, 75], [35, 96], [12, 7], [37, 71], [30, 50], [66, 85], [97, 85], [7, 96], [20, 56], [60, 49], [14, 76], [12, 22], [74, 32], [98, 40], [85, 17], [39, 59], [98, 12], [88, 73], [35, 64], [95, 84], [70, 83], [60, 39], [47, 33], [88, 33], [77, 36], [83, 5], [34, 27], [65, 0], [56, 7], [23, 75], [27, 41], [29, 34], [44, 13], [44, 69], [96, 89], [21, 36], [64, 74], [52, 34]]}