{"meta": {"number_of_robots": 963, "description": {"parameters": {"seed": 2844, "shape": [50, 50], "obstacles": {"n": 10, "mean": 3, "std": 1.5}, "clusters": {"n": 5, "mean": 20, "std": 10.0, "relative_radius": 2, "increase_factor": 1.3, "start_dist": {"generator_name": "Image", "shape": [50, 50], "min": 1.0, "max": 210.0, "mean": 115.1884, "std": 31.750365437896928, "dtype": "uint64", "parameters": {"image": "clouds.png", "transformer": {"name": "ColorChannelSelector", "channel": "v", "inverted": false}}}, "target_dist": {"generator_name": "Image", "shape": [50, 50], "min": 1.0, "max": 210.0, "mean": 115.1884, "std": 31.750365437896928, "dtype": "uint64", "parameters": {"image": "clouds.png", "transformer": {"name": "ColorChannelSelector", "channel": "v", "inverted": false}}}}, "density": 0.4, "start_dist": {"generator_name": "Image", "shape": [50, 50], "min": 1.0, "max": 210.0, "mean": 115.1884, "std": 31.750365437896928, "dtype": "uint64", "parameters": {"image": "clouds.png", "transformer": {"name": "ColorChannelSelector", "channel": "v", "inverted": false}}}, "target_dist": {"generator_name": "Image", "shape": [50, 50], "min": 1.0, "max": 210.0, "mean": 115.1884, "std": 31.750365437896928, "dtype": "uint64", "parameters": {"image": "clouds.png", "transformer": {"name": "ColorChannelSelector", "channel": "v", "inverted": false}}}}, "stats": {"date": "2020-11-17", "free_area": 2407.0, "number_of_clustered_robots": 78, "number_of_robots": 963}}}, "name": "clouds_00002_50x50_40_963", "obstacles": [[6, 4], [6, 5], [7, 4], [7, 5], [7, 11], [7, 12], [7, 13], [7, 14], [8, 4], [8, 5], [8, 11], [8, 14], [9, 4], [9, 5], [9, 11], [9, 14], [10, 3], [10, 5], [10, 11], [10, 12], [10, 13], [10, 14], [11, 3], [11, 5], [12, 3], [12, 4], [12, 5], [14, 18], [14, 19], [14, 20], [15, 18], [15, 20], [16, 18], [16, 20], [17, 18], [17, 19], [17, 20], [22, 4], [22, 5], [22, 6], [22, 7], [23, 4], [23, 7], [24, 4], [24, 5], [24, 6], [24, 7], [25, 25], [25, 26], [25, 27], [26, 25], [26, 26], [26, 27], [31, 27], [31, 28], [31, 29], [32, 27], [32, 29], [33, 27], [33, 29], [34, 27], [34, 28], [34, 29], [35, 1], [36, 1], [37, 1], [37, 17], [38, 1], [38, 17], [39, 1], [39, 17], [40, 17], [45, 20], [45, 21], [45, 22], [46, 20], [46, 22], [47, 20], [47, 21], [47, 22]], "starts": [[41, 41], [9, 38], [44, 22], [12, 30], [7, 32], [41, 14], [16, 36], [44, 15], [8, 37], [44, 16], [10, 35], [36, 16], [15, 38], [46, 39], [38, 16], [4, 35], [12, 32], [37, 14], [15, 32], [43, 10], [17, 34], [43, 18], [9, 28], [37, 11], [43, 40], [11, 32], [43, 15], [12, 29], [37, 18], [2, 34], [10, 30], [39, 15], [37, 20], [13, 36], [9, 31], [39, 20], [47, 43], [9, 35], [39, 18], [46, 13], [18, 29], [13, 35], [3, 34], [41, 18], [16, 31], [38, 21], [47, 41], [38, 15], [14, 29], [14, 28], [40, 19], [15, 31], [35, 20], [36, 15], [8, 30], [18, 34], [35, 19], [12, 34], [47, 38], [11, 35], [41, 19], [37, 22], [16, 35], [45, 11], [16, 34], [17, 36], [40, 18], [8, 34], [44, 12], [45, 42], [10, 38], [45, 16], [10, 36], [8, 38], [46, 14], [40, 22], [16, 37], [38, 18], [17, 35], [31, 16], [28, 1], [7, 43], [10, 29], [4, 17], [5, 38], [16, 27], [42, 15], [45, 26], [28, 29], [46, 49], [38, 13], [7, 17], [8, 19], [31, 33], [29, 7], [33, 38], [39, 21], [9, 49], [43, 38], [24, 34], [31, 42], [30, 38], [47, 23], [45, 44], [30, 9], [12, 28], [32, 9], [4, 5], [15, 44], [48, 20], [35, 4], [34, 11], [6, 37], [33, 34], [40, 28], [1, 14], [14, 27], [6, 46], [16, 13], [34, 30], [31, 19], [37, 12], [39, 48], [6, 20], [13, 48], [47, 47], [45, 38], [48, 22], [29, 31], [4, 21], [13, 7], [31, 15], [35, 30], [37, 49], [40, 3], [39, 44], [36, 5], [29, 49], [44, 39], [45, 3], [48, 10], [48, 48], [5, 45], [38, 26], [22, 38], [15, 35], [8, 47], [48, 5], [47, 18], [28, 9], [44, 27], [0, 41], [36, 47], [21, 44], [0, 22], [42, 25], [19, 5], [22, 24], [8, 17], [12, 11], [39, 40], [1, 36], [34, 38], [26, 9], [30, 23], [15, 45], [31, 10], [49, 16], [2, 49], [19, 1], [15, 47], [27, 1], [45, 1], [31, 0], [15, 39], [12, 43], [2, 13], [34, 3], [45, 24], [28, 23], [23, 30], [14, 46], [29, 2], [5, 35], [17, 49], [3, 38], [2, 20], [46, 23], [8, 48], [45, 19], [45, 43], [39, 45], [44, 19], [12, 39], [12, 44], [37, 37], [9, 36], [34, 40], [23, 39], [36, 11], [34, 32], [14, 24], [0, 16], [15, 42], [19, 10], [24, 41], [19, 38], [24, 32], [46, 11], [9, 26], [46, 24], [34, 16], [42, 19], [25, 36], [19, 18], [18, 49], [37, 39], [7, 44], [22, 47], [43, 5], [48, 2], [30, 28], [26, 42], [49, 23], [13, 11], [15, 26], [41, 33], [25, 39], [36, 46], [26, 45], [49, 31], [26, 39], [25, 23], [17, 41], [2, 23], [10, 15], [20, 2], [31, 8], [21, 49], [42, 46], [10, 25], [24, 23], [24, 24], [41, 36], [17, 44], [25, 9], [41, 12], [22, 40], [49, 28], [20, 9], [12, 25], [39, 31], [39, 49], [17, 16], [17, 22], [14, 47], [24, 42], [18, 33], [27, 42], [6, 41], [23, 22], [39, 41], [30, 2], [26, 38], [48, 6], [40, 33], [33, 40], [36, 36], [1, 40], [36, 23], [4, 45], [18, 15], [23, 48], [34, 9], [11, 15], [31, 21], [12, 10], [36, 31], [27, 14], [12, 20], [39, 24], [33, 23], [33, 9], [42, 41], [35, 16], [21, 31], [7, 36], [36, 24], [34, 24], [46, 25], [7, 34], [39, 7], [43, 6], [44, 49], [18, 30], [13, 44], [8, 16], [47, 46], [38, 34], [14, 30], [0, 38], [36, 42], [33, 49], [34, 36], [34, 18], [37, 46], [37, 30], [5, 4], [1, 44], [38, 9], [45, 34], [39, 10], [44, 4], [3, 43], [9, 21], [30, 45], [47, 34], [35, 31], [45, 37], [41, 10], [10, 20], [11, 38], [17, 14], [13, 17], [14, 34], [33, 45], [4, 30], [20, 22], [15, 40], [29, 30], [46, 44], [30, 48], [28, 28], [20, 14], [45, 29], [18, 25], [14, 25], [26, 13], [21, 43], [35, 33], [7, 35], [35, 49], [27, 41], [23, 25], [23, 19], [32, 16], [35, 37], [43, 11], [13, 34], [5, 43], [36, 44], [5, 42], [24, 10], [17, 26], [10, 31], [18, 5], [33, 21], [43, 20], [14, 49], [11, 27], [36, 27], [47, 16], [33, 15], [14, 45], [47, 28], [36, 28], [15, 37], [1, 38], [15, 12], [30, 31], [14, 23], [49, 11], [47, 44], [44, 31], [29, 11], [0, 42], [38, 33], [41, 4], [49, 39], [3, 22], [20, 37], [40, 12], [33, 36], [33, 18], [6, 13], [27, 39], [32, 31], [33, 6], [47, 29], [39, 46], [4, 34], [34, 25], [47, 11], [16, 11], [8, 25], [44, 14], [35, 44], [15, 21], [0, 43], [45, 15], [18, 7], [45, 28], [42, 0], [0, 8], [16, 8], [4, 46], [22, 42], [20, 30], [16, 17], [25, 8], [25, 37], [32, 38], [28, 48], [4, 27], [1, 20], [18, 22], [11, 42], [9, 40], [25, 18], [3, 47], [33, 20], [25, 21], [7, 19], [40, 24], [9, 45], [46, 35], [28, 4], [44, 41], [24, 33], [14, 26], [29, 46], [33, 48], [17, 37], [44, 47], [40, 10], [46, 10], [31, 35], [5, 36], [28, 35], [37, 28], [29, 36], [11, 19], [14, 40], [43, 25], [46, 15], [47, 32], [40, 47], [26, 40], [33, 42], [3, 37], [29, 22], [6, 49], [23, 26], [37, 29], [13, 19], [12, 40], [49, 10], [12, 1], [22, 45], [39, 39], [19, 7], [21, 36], [1, 29], [48, 34], [22, 27], [11, 48], [12, 21], [6, 12], [16, 9], [5, 27], [14, 12], [27, 46], [14, 41], [12, 12], [38, 14], [17, 28], [1, 8], [6, 16], [29, 39], [43, 30], [19, 6], [22, 12], [14, 17], [15, 36], [15, 10], [38, 23], [49, 17], [46, 36], [41, 13], [18, 0], [42, 39], [35, 24], [21, 35], [29, 27], [39, 14], [40, 21], [0, 30], [32, 40], [24, 49], [15, 28], [39, 28], [2, 18], [3, 17], [42, 40], [1, 39], [11, 47], [31, 48], [48, 14], [35, 38], [42, 42], [8, 23], [39, 30], [4, 39], [13, 6], [42, 1], [41, 16], [35, 3], [14, 8], [23, 28], [7, 46], [42, 43], [16, 42], [5, 23], [44, 26], [11, 49], [20, 43], [45, 35], [38, 44], [18, 32], [47, 24], [8, 1], [24, 37], [8, 40], [4, 9], [3, 40], [49, 46], [20, 44], [6, 2], [30, 37], [31, 47], [1, 12], [11, 21], [32, 42], [42, 48], [23, 49], [39, 25], [49, 41], [38, 22], [31, 45], [29, 40], [17, 27], [6, 32], [2, 15], [42, 28], [2, 47], [2, 25], [34, 42], [11, 22], [2, 42], [25, 13], [4, 33], [32, 14], [0, 15], [27, 40], [21, 29], [45, 31], [40, 9], [8, 21], [39, 23], [6, 18], [49, 40], [34, 47], [17, 40], [37, 40], [33, 26], [1, 19], [26, 43], [16, 48], [37, 44], [15, 14], [4, 29], [3, 23], [5, 37], [17, 24], [43, 36], [11, 44], [31, 38], [14, 7], [18, 35], [17, 21], [47, 15], [38, 5], [46, 43], [1, 22], [49, 43], [7, 20], [35, 17], [49, 24], [37, 24], [41, 6], [24, 18], [1, 28], [27, 25], [37, 36], [12, 36], [32, 6], [3, 15], [47, 5], [15, 33], [43, 29], [34, 35], [25, 31], [40, 30], [17, 7], [15, 1], [45, 47], [10, 19], [9, 43], [27, 2], [37, 7], [13, 47], [16, 46], [21, 21], [33, 43], [16, 29], [19, 14], [48, 25], [10, 21], [22, 11], [28, 44], [12, 46], [38, 28], [42, 22], [22, 36], [41, 28], [12, 17], [13, 14], [47, 33], [35, 45], [12, 47], [0, 47], [13, 43], [23, 17], [3, 20], [10, 48], [8, 24], [4, 11], [10, 17], [9, 23], [3, 11], [22, 31], [20, 46], [21, 16], [7, 47], [20, 24], [33, 10], [13, 38], [17, 13], [16, 26], [19, 19], [9, 29], [27, 35], [20, 13], [45, 39], [26, 47], [13, 28], [42, 5], [25, 11], [16, 33], [34, 4], [3, 44], [48, 38], [34, 10], [26, 14], [41, 31], [19, 45], [24, 22], [10, 8], [1, 24], [41, 44], [13, 42], [0, 33], [18, 18], [20, 36], [47, 1], [46, 42], [45, 41], [32, 47], [38, 46], [11, 23], [17, 25], [34, 5], [47, 39], [32, 18], [18, 48], [24, 31], [13, 25], [7, 6], [37, 5], [29, 26], [8, 43], [42, 29], [0, 34], [16, 4], [6, 21], [42, 36], [46, 0], [40, 14], [17, 3], [21, 41], [6, 43], [21, 23], [25, 0], [5, 14], [45, 10], [16, 22], [18, 47], [4, 28], [2, 43], [43, 12], [48, 18], [37, 13], [20, 12], [43, 46], [20, 23], [32, 10], [39, 3], [40, 34], [41, 26], [21, 45], [35, 26], [40, 20], [44, 9], [7, 9], [43, 44], [40, 23], [49, 19], [18, 41], [2, 30], [22, 37], [21, 24], [38, 20], [29, 37], [13, 22], [11, 24], [37, 33], [6, 47], [19, 29], [4, 14], [40, 38], [0, 44], [19, 9], [30, 13], [27, 48], [3, 12], [44, 43], [32, 13], [46, 2], [24, 9], [35, 21], [32, 49], [6, 48], [41, 29], [32, 21], [44, 7], [32, 34], [13, 16], [25, 34], [20, 17], [36, 26], [11, 14], [36, 12], [32, 26], [39, 47], [2, 21], [33, 22], [37, 45], [37, 25], [46, 1], [43, 9], [23, 24], [29, 28], [27, 23], [47, 40], [17, 17], [23, 45], [44, 18], [49, 48], [8, 33], [38, 27], [0, 45], [38, 11], [17, 47], [36, 2], [44, 36], [37, 21], [18, 28], [40, 41], [0, 35], [7, 29], [47, 9], [13, 2], [34, 37], [28, 49], [32, 37], [43, 34], [42, 9], [35, 10], [29, 14], [16, 15], [32, 48], [44, 33], [44, 11], [40, 40], [1, 41], [48, 13], [49, 42], [24, 43], [34, 43], [2, 32], [3, 30], [29, 4], [15, 43], [49, 15], [13, 29], [49, 9], [40, 26], [9, 42], [0, 27], [48, 17], [48, 23], [2, 16], [25, 16], [22, 23], [11, 40], [40, 35], [0, 3], [31, 18], [21, 30], [33, 17], [24, 0], [40, 2], [6, 44], [35, 41], [23, 40], [29, 43], [25, 30], [42, 16], [16, 28], [13, 4], [29, 38], [39, 35], [47, 31], [21, 13], [37, 0], [32, 35], [31, 5], [35, 14], [2, 22], [16, 14], [41, 39], [23, 2], [32, 15], [39, 6], [43, 37], [35, 47], [34, 45], [45, 13], [36, 29], [25, 33], [11, 41], [10, 42], [49, 14], [4, 15], [29, 1], [32, 3], [24, 19], [35, 34], [14, 10], [30, 26], [3, 8], [13, 23], [20, 18], [35, 39], [43, 16], [37, 42], [25, 15], [29, 33], [27, 10], [24, 1], [15, 25], [42, 18], [22, 35], [16, 41], [28, 13], [17, 12], [38, 36], [36, 33], [0, 46], [6, 27], [24, 20], [22, 14], [31, 34], [26, 4], [20, 39], [33, 0], [10, 33], [34, 44], [3, 39], [49, 13], [35, 29], [28, 43], [6, 14], [27, 17], [41, 17], [10, 45], [49, 20], [48, 26], [17, 39], [39, 38], [14, 35], [43, 49], [48, 47], [26, 46], [40, 7], [2, 40], [43, 19], [6, 33], [32, 12], [36, 30], [15, 11], [8, 8], [25, 32], [49, 21], [13, 45], [49, 49], [25, 20], [49, 36], [21, 19], [41, 27], [47, 10], [7, 27], [33, 7], [3, 14], [45, 7], [20, 15], [11, 46], [22, 19], [8, 41], [20, 48], [9, 39], [26, 32], [28, 30], [8, 42], [36, 25], [11, 1], [33, 3], [30, 32], [9, 25], [31, 2], [2, 45], [12, 41], [3, 18]], "targets": [[34, 44], [21, 25], [39, 21], [21, 36], [6, 3], [44, 21], [27, 23], [38, 15], [17, 22], [43, 21], [17, 37], [40, 15], [22, 17], [35, 42], [42, 21], [5, 7], [23, 22], [45, 23], [15, 32], [44, 18], [17, 25], [35, 19], [23, 19], [38, 22], [30, 39], [16, 31], [40, 20], [21, 21], [43, 15], [3, 6], [21, 19], [47, 23], [40, 24], [17, 29], [20, 19], [39, 16], [30, 41], [17, 17], [44, 12], [39, 20], [25, 20], [18, 36], [5, 5], [35, 13], [21, 18], [42, 24], [32, 44], [41, 23], [19, 22], [17, 36], [46, 13], [20, 20], [43, 14], [46, 15], [0, 6], [27, 18], [38, 16], [20, 33], [32, 45], [19, 24], [41, 19], [46, 17], [24, 26], [45, 15], [14, 34], [21, 20], [37, 15], [0, 4], [36, 12], [30, 43], [24, 18], [45, 13], [21, 37], [19, 26], [41, 12], [39, 14], [23, 18], [37, 12], [22, 20], [5, 35], [18, 30], [5, 41], [42, 37], [7, 23], [9, 32], [33, 38], [19, 36], [31, 16], [42, 45], [39, 44], [6, 11], [24, 27], [38, 30], [26, 37], [3, 11], [13, 46], [0, 33], [15, 0], [26, 22], [1, 10], [15, 30], [19, 49], [32, 18], [11, 12], [49, 14], [7, 37], [12, 43], [38, 19], [44, 47], [28, 44], [3, 40], [0, 49], [43, 1], [47, 16], [27, 27], [31, 9], [7, 2], [7, 38], [32, 13], [0, 34], [5, 21], [23, 3], [46, 32], [5, 17], [45, 27], [18, 45], [7, 33], [1, 26], [26, 38], [5, 43], [40, 22], [49, 11], [4, 6], [41, 11], [0, 23], [39, 45], [49, 31], [29, 6], [17, 5], [1, 11], [38, 20], [6, 18], [18, 38], [49, 23], [16, 37], [30, 38], [11, 41], [38, 47], [20, 0], [32, 9], [11, 11], [44, 25], [32, 46], [29, 31], [16, 34], [2, 37], [48, 44], [12, 22], [40, 27], [31, 38], [31, 37], [40, 45], [21, 32], [11, 19], [44, 43], [10, 17], [10, 38], [0, 38], [46, 39], [29, 24], [28, 18], [0, 15], [11, 15], [17, 24], [48, 38], [28, 37], [20, 7], [39, 26], [39, 31], [20, 46], [43, 13], [13, 24], [43, 36], [25, 28], [3, 17], [4, 43], [12, 36], [47, 24], [40, 23], [15, 25], [41, 3], [14, 22], [6, 22], [28, 46], [14, 27], [16, 12], [48, 35], [43, 46], [37, 33], [23, 1], [46, 24], [22, 15], [38, 46], [13, 15], [46, 23], [3, 1], [31, 24], [41, 14], [19, 40], [1, 42], [44, 42], [19, 44], [22, 46], [3, 28], [27, 25], [20, 42], [4, 24], [9, 29], [39, 29], [7, 44], [30, 26], [46, 36], [31, 7], [6, 36], [16, 33], [29, 19], [12, 27], [12, 7], [45, 42], [29, 11], [34, 35], [49, 36], [45, 19], [24, 37], [45, 43], [36, 0], [20, 31], [10, 21], [8, 6], [0, 10], [6, 38], [1, 15], [37, 49], [36, 24], [7, 35], [43, 29], [5, 23], [10, 2], [30, 44], [22, 48], [36, 27], [16, 43], [20, 38], [44, 26], [14, 14], [12, 47], [13, 26], [39, 6], [47, 41], [44, 32], [10, 24], [38, 31], [19, 45], [44, 27], [4, 37], [16, 16], [49, 0], [5, 28], [1, 9], [37, 5], [13, 38], [18, 17], [24, 14], [14, 38], [38, 13], [12, 29], [15, 14], [16, 44], [25, 16], [18, 29], [10, 22], [32, 32], [21, 41], [10, 8], [23, 16], [2, 22], [6, 40], [13, 39], [44, 39], [42, 18], [14, 17], [47, 43], [34, 47], [23, 42], [20, 8], [21, 42], [9, 34], [15, 41], [24, 11], [30, 7], [39, 39], [7, 34], [25, 7], [40, 31], [14, 9], [34, 2], [11, 44], [9, 24], [47, 17], [48, 6], [6, 43], [39, 30], [20, 27], [32, 5], [22, 1], [46, 29], [16, 23], [34, 41], [41, 6], [28, 29], [40, 35], [28, 27], [18, 0], [49, 45], [31, 17], [12, 48], [49, 46], [19, 48], [20, 29], [5, 25], [43, 27], [36, 30], [40, 19], [23, 36], [2, 8], [16, 27], [24, 23], [44, 45], [15, 10], [13, 44], [38, 34], [30, 42], [16, 2], [23, 47], [42, 48], [31, 6], [44, 49], [2, 20], [33, 42], [22, 24], [47, 10], [31, 40], [43, 17], [0, 19], [29, 36], [33, 16], [26, 6], [0, 16], [47, 19], [49, 29], [2, 49], [34, 13], [32, 48], [10, 15], [49, 42], [36, 44], [46, 12], [23, 28], [48, 11], [29, 42], [32, 38], [32, 33], [20, 41], [26, 7], [48, 16], [27, 1], [28, 9], [7, 46], [43, 19], [42, 7], [30, 15], [41, 33], [16, 3], [11, 36], [28, 20], [33, 46], [30, 20], [15, 45], [37, 9], [35, 33], [44, 11], [14, 31], [8, 32], [28, 23], [6, 0], [40, 43], [7, 43], [9, 19], [26, 13], [38, 25], [32, 36], [33, 23], [20, 48], [1, 33], [8, 46], [11, 20], [47, 38], [0, 26], [30, 22], [44, 8], [21, 44], [43, 28], [45, 8], [5, 33], [18, 23], [13, 6], [41, 37], [12, 46], [43, 30], [25, 44], [14, 8], [28, 26], [42, 22], [20, 37], [23, 8], [44, 19], [34, 48], [19, 25], [32, 30], [32, 23], [21, 35], [22, 19], [18, 49], [9, 36], [43, 18], [32, 15], [39, 27], [14, 49], [25, 46], [42, 41], [27, 26], [34, 45], [23, 38], [36, 33], [21, 17], [33, 26], [1, 29], [14, 48], [43, 24], [8, 20], [8, 28], [34, 6], [10, 23], [38, 32], [4, 46], [29, 44], [2, 23], [9, 45], [33, 14], [20, 24], [15, 12], [49, 44], [47, 18], [10, 40], [28, 32], [42, 23], [25, 43], [5, 47], [15, 40], [40, 14], [17, 45], [48, 45], [0, 46], [4, 11], [38, 23], [32, 16], [14, 46], [32, 25], [2, 21], [3, 47], [46, 49], [4, 41], [18, 12], [34, 22], [0, 21], [10, 30], [48, 21], [33, 47], [25, 35], [28, 45], [23, 48], [33, 44], [36, 9], [38, 27], [45, 9], [26, 34], [26, 8], [29, 47], [13, 17], [36, 35], [24, 40], [3, 42], [13, 7], [24, 39], [24, 25], [41, 30], [13, 28], [19, 16], [34, 19], [33, 41], [28, 5], [41, 17], [28, 49], [22, 32], [5, 49], [24, 33], [26, 17], [3, 41], [38, 29], [25, 30], [12, 34], [37, 16], [38, 48], [21, 40], [18, 22], [13, 37], [25, 23], [25, 17], [16, 17], [18, 46], [44, 44], [39, 28], [0, 25], [28, 12], [39, 24], [36, 31], [7, 25], [42, 46], [6, 49], [11, 40], [44, 2], [34, 12], [37, 32], [3, 46], [29, 49], [37, 42], [45, 6], [19, 21], [45, 44], [37, 8], [46, 38], [15, 21], [18, 47], [39, 35], [45, 30], [22, 45], [12, 25], [40, 6], [23, 17], [33, 40], [26, 21], [1, 13], [18, 43], [35, 31], [24, 36], [3, 49], [28, 2], [30, 45], [46, 8], [44, 38], [23, 26], [39, 43], [43, 25], [45, 45], [12, 10], [34, 39], [42, 34], [26, 48], [3, 22], [24, 35], [14, 7], [46, 4], [35, 30], [1, 43], [26, 10], [2, 47], [11, 38], [17, 46], [5, 40], [49, 38], [12, 15], [25, 38], [48, 13], [37, 29], [25, 33], [49, 48], [35, 34], [4, 44], [14, 21], [14, 44], [18, 21], [26, 15], [20, 6], [34, 40], [48, 30], [33, 8], [24, 32], [46, 18], [21, 0], [48, 39], [42, 11], [42, 4], [44, 36], [26, 24], [26, 44], [16, 6], [31, 42], [5, 48], [31, 43], [41, 43], [20, 5], [47, 6], [46, 28], [35, 40], [24, 20], [18, 37], [12, 38], [45, 12], [28, 15], [43, 23], [48, 0], [29, 21], [33, 9], [43, 43], [27, 33], [9, 49], [20, 10], [27, 28], [24, 0], [49, 47], [35, 46], [32, 26], [16, 28], [10, 26], [25, 22], [38, 4], [0, 44], [9, 38], [34, 7], [36, 23], [39, 23], [30, 28], [16, 21], [10, 44], [14, 16], [29, 7], [46, 41], [17, 33], [29, 48], [43, 33], [33, 3], [29, 34], [18, 7], [7, 24], [32, 3], [45, 14], [20, 45], [16, 48], [19, 39], [26, 28], [43, 47], [34, 5], [15, 11], [4, 31], [6, 7], [38, 12], [29, 45], [25, 36], [48, 24], [47, 34], [28, 42], [48, 40], [15, 49], [9, 41], [4, 34], [41, 26], [49, 24], [16, 49], [49, 25], [41, 27], [40, 26], [10, 6], [14, 15], [14, 45], [26, 18], [12, 19], [24, 12], [49, 15], [18, 41], [27, 34], [33, 35], [5, 14], [44, 17], [41, 42], [24, 21], [21, 48], [5, 46], [18, 34], [22, 12], [16, 11], [36, 10], [15, 37], [28, 43], [30, 23], [1, 24], [36, 11], [22, 25], [36, 47], [13, 35], [36, 22], [8, 36], [36, 3], [37, 22], [22, 47], [26, 12], [36, 6], [40, 41], [26, 11], [22, 36], [4, 23], [29, 30], [41, 22], [7, 49], [29, 25], [31, 3], [18, 15], [18, 28], [47, 39], [43, 11], [5, 29], [36, 25], [24, 47], [33, 12], [13, 18], [6, 33], [28, 28], [45, 49], [25, 37], [23, 25], [0, 36], [21, 31], [36, 46], [8, 45], [24, 13], [9, 1], [17, 28], [16, 40], [10, 28], [14, 5], [11, 48], [19, 28], [43, 45], [2, 39], [18, 9], [40, 38], [49, 26], [29, 43], [40, 0], [6, 41], [31, 35], [42, 26], [2, 48], [39, 15], [0, 40], [13, 4], [11, 49], [1, 28], [34, 18], [4, 35], [45, 35], [44, 15], [39, 11], [29, 32], [45, 0], [8, 35], [15, 43], [24, 46], [40, 5], [48, 41], [0, 11], [5, 45], [20, 49], [8, 34], [7, 21], [33, 31], [5, 34], [3, 21], [42, 32], [39, 19], [45, 28], [8, 10], [48, 10], [8, 39], [42, 38], [1, 8], [12, 21], [38, 24], [6, 46], [40, 36], [30, 35], [36, 45], [20, 2], [29, 5], [19, 8], [12, 11], [36, 43], [13, 19], [33, 49], [14, 37], [17, 13], [23, 37], [15, 4], [5, 24], [13, 43], [30, 3], [11, 14], [30, 8], [22, 28], [21, 15], [13, 25], [48, 19], [6, 19], [19, 14], [8, 8], [29, 46], [20, 22], [5, 36], [22, 41], [10, 18], [32, 24], [19, 35], [34, 25], [11, 33], [27, 4], [25, 18], [49, 39], [37, 45], [27, 22], [12, 24], [25, 13], [8, 42], [39, 41], [22, 3], [9, 16], [6, 16], [36, 15], [40, 9], [2, 7], [42, 17], [7, 16], [16, 10], [31, 49], [47, 15], [26, 29], [16, 30], [47, 40], [34, 20], [22, 42], [37, 31], [46, 5], [19, 31], [41, 49], [34, 46], [39, 10], [44, 4], [4, 47], [39, 7], [23, 39], [6, 48], [49, 49], [1, 44], [40, 32], [36, 2], [18, 44], [35, 39], [36, 37], [37, 44], [30, 33], [13, 1], [39, 18], [8, 18], [13, 32], [19, 7], [26, 1], [18, 35], [41, 21], [8, 23], [47, 45], [37, 35], [46, 25], [17, 43], [6, 39], [4, 12], [6, 34], [3, 8], [45, 10], [29, 33], [3, 45], [4, 38], [6, 13], [2, 38], [7, 48], [37, 48], [37, 25], [22, 35], [0, 27], [26, 45], [15, 7], [1, 41], [49, 43], [8, 40], [19, 38], [14, 6], [40, 30], [34, 15], [10, 9], [31, 8], [7, 41], [2, 13], [48, 26], [48, 37], [1, 7], [43, 48], [9, 23], [21, 10], [43, 49], [35, 21], [17, 48], [8, 9], [36, 32], [29, 41], [33, 17], [4, 49], [10, 41], [26, 42], [19, 41], [0, 24], [38, 40], [18, 48], [9, 46], [11, 47], [3, 31], [19, 10], [30, 37], [7, 15], [35, 35], [14, 26], [3, 3], [35, 37], [44, 41], [25, 3], [26, 39], [47, 46]]}