{"meta": {"number_of_robots": 1000, "description": {"parameters": {"seed": 5930, "shape": [50, 50], "obstacles": {"n": 0, "mean": 7, "std": 3.5}, "clusters": {"n": 5, "mean": 10, "std": 5.0, "relative_radius": 2, "increase_factor": 1.3, "start_dist": {"generator_name": "Image", "shape": [50, 50], "min": 1.0, "max": 210.0, "mean": 115.1884, "std": 31.750365437896928, "dtype": "uint64", "parameters": {"image": "clouds.png", "transformer": {"name": "ColorChannelSelector", "channel": "v", "inverted": false}}}, "target_dist": {"generator_name": "Image", "shape": [50, 50], "min": 1.0, "max": 210.0, "mean": 115.1884, "std": 31.750365437896928, "dtype": "uint64", "parameters": {"image": "clouds.png", "transformer": {"name": "ColorChannelSelector", "channel": "v", "inverted": false}}}}, "density": 0.4, "start_dist": {"generator_name": "Image", "shape": [50, 50], "min": 1.0, "max": 210.0, "mean": 115.1884, "std": 31.750365437896928, "dtype": "uint64", "parameters": {"image": "clouds.png", "transformer": {"name": "ColorChannelSelector", "channel": "v", "inverted": false}}}, "target_dist": {"generator_name": "Image", "shape": [50, 50], "min": 1.0, "max": 210.0, "mean": 115.1884, "std": 31.750365437896928, "dtype": "uint64", "parameters": {"image": "clouds.png", "transformer": {"name": "ColorChannelSelector", "channel": "v", "inverted": false}}}}, "stats": {"date": "2020-11-17", "free_area": 2500.0, "number_of_clustered_robots": 46, "number_of_robots": 1000}}}, "name": "clouds_00003_50x50_40_1000", "obstacles": [], "starts": [[18, 47], [14, 40], [49, 20], [40, 11], [45, 4], [46, 26], [36, 9], [14, 42], [17, 49], [45, 8], [48, 26], [34, 8], [47, 20], [13, 40], [41, 10], [17, 46], [45, 6], [45, 25], [41, 12], [11, 43], [48, 23], [17, 47], [47, 8], [40, 9], [49, 24], [8, 43], [44, 22], [38, 12], [21, 47], [48, 7], [46, 21], [9, 39], [39, 6], [44, 27], [19, 46], [48, 6], [34, 11], [13, 43], [43, 19], [39, 7], [48, 21], [18, 46], [46, 6], [11, 40], [35, 5], [43, 21], [33, 31], [7, 44], [25, 38], [4, 30], [41, 35], [48, 32], [7, 17], [38, 19], [30, 35], [21, 9], [48, 42], [43, 33], [40, 17], [26, 30], [49, 45], [7, 47], [14, 30], [20, 20], [16, 48], [9, 14], [42, 11], [7, 43], [31, 46], [32, 4], [33, 4], [28, 22], [8, 44], [37, 24], [34, 15], [28, 24], [1, 5], [12, 6], [16, 29], [29, 38], [19, 37], [9, 42], [46, 1], [40, 29], [46, 30], [48, 12], [49, 27], [46, 48], [10, 40], [14, 49], [41, 15], [29, 24], [39, 8], [48, 31], [30, 1], [42, 20], [41, 27], [21, 45], [13, 24], [45, 36], [46, 41], [17, 1], [13, 10], [4, 16], [41, 11], [37, 48], [7, 46], [38, 23], [11, 42], [15, 6], [22, 22], [44, 40], [25, 41], [41, 23], [32, 5], [45, 9], [20, 48], [33, 23], [33, 18], [39, 13], [45, 47], [35, 15], [3, 40], [24, 17], [47, 38], [13, 7], [8, 13], [40, 16], [12, 31], [35, 19], [32, 2], [48, 49], [3, 10], [33, 14], [46, 3], [14, 25], [28, 41], [34, 45], [7, 45], [44, 0], [20, 34], [15, 43], [45, 22], [19, 32], [19, 43], [9, 43], [20, 47], [40, 5], [12, 24], [30, 42], [45, 26], [43, 42], [9, 23], [43, 27], [7, 40], [29, 18], [31, 48], [23, 1], [38, 34], [12, 25], [7, 37], [30, 43], [10, 37], [33, 19], [18, 9], [16, 36], [42, 10], [25, 22], [9, 10], [14, 38], [16, 3], [26, 35], [29, 11], [13, 21], [38, 28], [4, 9], [22, 14], [39, 33], [41, 26], [42, 9], [43, 34], [47, 16], [38, 30], [32, 22], [40, 26], [40, 15], [35, 43], [14, 15], [43, 41], [36, 26], [18, 33], [15, 46], [19, 39], [19, 9], [41, 14], [36, 18], [11, 11], [15, 28], [2, 47], [17, 45], [13, 15], [48, 16], [24, 3], [5, 21], [21, 19], [43, 22], [47, 17], [1, 25], [29, 49], [31, 17], [31, 8], [5, 35], [32, 28], [23, 25], [45, 11], [43, 15], [40, 12], [41, 36], [29, 37], [0, 34], [30, 15], [46, 7], [4, 36], [6, 30], [17, 34], [43, 30], [11, 49], [31, 25], [3, 7], [37, 1], [0, 47], [39, 20], [9, 19], [15, 34], [16, 5], [43, 37], [25, 47], [26, 14], [48, 1], [44, 25], [31, 19], [32, 17], [10, 2], [15, 35], [43, 36], [18, 44], [16, 47], [38, 37], [41, 44], [6, 13], [23, 43], [16, 30], [14, 33], [4, 46], [37, 12], [21, 33], [37, 21], [31, 10], [33, 42], [33, 30], [44, 35], [25, 31], [8, 41], [33, 39], [36, 16], [28, 12], [42, 46], [33, 32], [16, 24], [30, 25], [40, 35], [36, 24], [32, 46], [13, 30], [31, 36], [10, 19], [13, 20], [18, 32], [29, 7], [29, 28], [35, 38], [47, 47], [24, 36], [31, 9], [17, 23], [39, 43], [24, 32], [43, 28], [36, 6], [41, 25], [30, 4], [44, 8], [47, 44], [41, 30], [20, 8], [48, 46], [18, 49], [39, 23], [27, 0], [7, 49], [4, 28], [22, 19], [30, 3], [5, 44], [45, 42], [49, 38], [13, 42], [2, 46], [26, 40], [27, 14], [40, 40], [23, 7], [28, 14], [12, 16], [7, 38], [31, 44], [46, 25], [0, 9], [13, 13], [27, 45], [7, 22], [38, 25], [23, 9], [16, 19], [46, 33], [18, 6], [41, 31], [39, 19], [36, 19], [3, 44], [12, 13], [19, 19], [27, 29], [40, 44], [39, 0], [24, 29], [35, 42], [20, 22], [39, 3], [9, 35], [38, 24], [14, 22], [11, 47], [8, 34], [20, 42], [32, 19], [15, 20], [1, 22], [10, 10], [11, 46], [48, 9], [30, 30], [20, 28], [27, 16], [11, 36], [23, 15], [47, 48], [10, 17], [15, 7], [5, 42], [13, 44], [11, 16], [2, 23], [18, 26], [6, 33], [12, 30], [39, 11], [49, 40], [19, 38], [23, 8], [22, 44], [38, 18], [43, 5], [15, 22], [30, 13], [45, 46], [25, 28], [0, 18], [23, 12], [29, 5], [5, 45], [40, 27], [29, 31], [14, 20], [33, 25], [22, 2], [41, 16], [26, 39], [31, 39], [46, 32], [14, 17], [20, 1], [33, 13], [5, 3], [31, 27], [14, 35], [41, 6], [49, 10], [13, 4], [27, 7], [3, 27], [8, 25], [28, 27], [5, 36], [35, 40], [31, 43], [49, 28], [22, 15], [2, 41], [27, 32], [35, 28], [4, 43], [23, 22], [46, 31], [35, 37], [23, 47], [33, 5], [30, 21], [35, 0], [6, 38], [22, 49], [11, 14], [20, 41], [39, 28], [1, 16], [20, 5], [16, 27], [32, 49], [33, 1], [22, 1], [27, 10], [31, 14], [9, 47], [27, 31], [7, 6], [21, 13], [49, 49], [29, 33], [22, 37], [8, 21], [15, 49], [47, 42], [20, 25], [22, 5], [11, 27], [30, 23], [25, 37], [18, 24], [48, 0], [37, 49], [2, 20], [7, 31], [26, 44], [18, 37], [5, 29], [30, 33], [46, 4], [4, 11], [17, 22], [23, 13], [9, 13], [39, 9], [16, 35], [47, 35], [40, 19], [43, 10], [31, 15], [31, 7], [9, 8], [39, 2], [31, 47], [47, 15], [5, 12], [38, 32], [30, 5], [3, 23], [40, 1], [36, 49], [49, 23], [38, 14], [15, 18], [16, 43], [28, 29], [41, 28], [20, 29], [22, 26], [37, 31], [12, 15], [38, 10], [12, 42], [35, 24], [0, 16], [30, 39], [23, 16], [22, 25], [1, 23], [49, 42], [8, 17], [24, 47], [38, 15], [36, 13], [49, 37], [12, 23], [26, 9], [11, 5], [4, 40], [33, 9], [14, 36], [49, 18], [34, 29], [17, 16], [15, 30], [3, 33], [34, 46], [48, 38], [8, 32], [0, 40], [38, 27], [41, 38], [40, 25], [2, 32], [6, 41], [17, 2], [22, 32], [0, 48], [3, 48], [37, 2], [4, 22], [32, 37], [1, 36], [19, 47], [35, 46], [10, 3], [44, 29], [43, 39], [1, 38], [46, 44], [6, 49], [47, 4], [14, 0], [45, 40], [20, 24], [46, 37], [32, 31], [21, 0], [46, 27], [49, 6], [4, 37], [5, 19], [22, 29], [45, 15], [18, 11], [48, 41], [33, 22], [15, 32], [1, 8], [34, 0], [44, 45], [16, 39], [25, 26], [38, 48], [37, 11], [46, 23], [43, 46], [20, 30], [40, 39], [20, 3], [18, 29], [31, 26], [35, 4], [40, 45], [46, 22], [7, 11], [16, 23], [20, 49], [34, 28], [13, 28], [48, 24], [37, 38], [21, 46], [37, 15], [12, 49], [35, 2], [30, 18], [48, 48], [44, 36], [6, 45], [14, 43], [45, 1], [45, 18], [8, 9], [37, 43], [39, 25], [3, 22], [49, 32], [5, 15], [37, 44], [44, 37], [47, 27], [49, 9], [38, 16], [42, 25], [44, 39], [20, 38], [11, 37], [18, 12], [26, 37], [3, 11], [1, 28], [23, 17], [30, 26], [47, 34], [10, 20], [35, 30], [24, 20], [5, 31], [33, 26], [42, 7], [34, 39], [37, 17], [5, 37], [10, 47], [31, 45], [6, 37], [22, 9], [28, 25], [30, 7], [46, 13], [38, 3], [12, 19], [37, 41], [9, 37], [17, 11], [32, 40], [5, 49], [37, 22], [11, 9], [15, 29], [35, 25], [42, 35], [26, 5], [33, 33], [46, 2], [48, 28], [31, 38], [41, 21], [16, 26], [39, 31], [16, 34], [15, 36], [8, 3], [25, 10], [42, 33], [35, 35], [34, 5], [7, 24], [12, 36], [35, 18], [14, 45], [39, 10], [0, 17], [36, 31], [25, 6], [12, 47], [17, 48], [46, 29], [20, 18], [22, 28], [10, 27], [36, 45], [36, 44], [0, 39], [27, 33], [49, 12], [23, 46], [42, 23], [9, 2], [8, 40], [46, 8], [35, 12], [0, 46], [20, 13], [49, 13], [3, 18], [34, 43], [34, 35], [19, 26], [37, 9], [38, 0], [10, 39], [31, 41], [14, 2], [40, 6], [31, 34], [29, 10], [34, 40], [33, 45], [24, 16], [25, 49], [14, 13], [13, 34], [9, 45], [24, 28], [29, 0], [22, 6], [6, 21], [27, 15], [4, 38], [8, 46], [44, 11], [13, 49], [35, 14], [36, 15], [46, 10], [42, 16], [19, 45], [11, 2], [6, 31], [32, 47], [33, 38], [0, 15], [30, 9], [24, 33], [35, 39], [39, 15], [3, 45], [28, 21], [1, 39], [14, 16], [22, 33], [6, 8], [27, 43], [42, 19], [29, 35], [32, 38], [28, 6], [2, 48], [41, 32], [21, 37], [21, 49], [43, 29], [18, 19], [44, 10], [33, 41], [17, 30], [49, 19], [21, 8], [11, 12], [19, 44], [31, 1], [47, 41], [33, 43], [46, 12], [40, 34], [34, 32], [10, 11], [45, 49], [1, 17], [31, 29], [5, 14], [13, 29], [8, 39], [42, 32], [22, 20], [43, 14], [16, 7], [45, 48], [4, 34], [37, 27], [13, 37], [48, 25], [5, 10], [41, 20], [42, 41], [23, 0], [4, 17], [25, 18], [42, 14], [20, 44], [47, 22], [47, 32], [47, 18], [17, 43], [43, 47], [15, 21], [41, 3], [1, 43], [9, 27], [19, 7], [10, 49], [12, 33], [29, 34], [3, 37], [47, 25], [27, 12], [6, 16], [6, 40], [46, 14], [15, 19], [26, 12], [39, 22], [15, 26], [45, 33], [18, 18], [35, 10], [14, 32], [35, 8], [15, 15], [33, 28], [48, 34], [16, 37], [41, 33], [43, 16], [29, 21], [34, 13], [6, 32], [24, 26], [45, 21], [44, 28], [0, 12], [0, 22], [1, 49], [43, 44], [26, 13], [44, 46], [31, 20], [16, 42], [0, 43], [19, 24], [26, 18], [49, 34], [25, 30], [25, 8], [20, 32], [40, 2], [25, 19], [24, 49], [0, 44], [27, 38], [44, 48], [34, 38], [24, 22], [48, 29], [6, 10], [11, 6], [20, 31], [35, 23], [3, 12], [39, 21], [13, 11], [5, 43], [13, 32], [11, 32], [40, 18], [44, 18], [30, 0], [28, 0], [29, 19], [10, 7], [40, 3], [3, 15], [7, 23], [28, 26], [48, 5], [32, 45], [35, 7], [41, 29], [20, 33], [24, 39], [48, 27], [29, 3], [43, 38], [19, 34], [23, 49], [39, 35], [42, 1], [45, 39], [21, 31], [8, 7], [49, 36], [18, 3], [32, 25], [24, 24], [30, 27], [28, 18], [28, 38], [34, 33], [44, 33], [42, 34], [44, 38], [43, 2], [49, 48], [38, 33], [36, 14], [14, 27], [49, 8], [13, 45], [23, 20], [26, 42], [33, 49], [3, 47], [37, 46], [4, 21], [46, 15], [32, 9], [31, 5], [40, 37], [18, 35], [22, 34], [6, 9], [5, 11], [3, 46], [34, 25], [19, 8], [21, 10], [40, 14], [34, 23], [42, 21], [16, 2], [25, 13], [43, 9], [6, 35], [10, 16], [45, 16], [45, 35], [21, 22], [3, 19], [11, 33], [13, 8], [23, 23], [6, 46], [27, 27], [7, 16], [11, 24], [8, 29], [31, 30], [42, 28], [39, 47], [6, 25], [21, 16], [19, 1], [34, 16], [11, 20], [45, 14], [25, 14], [48, 2], [44, 12], [30, 17], [29, 40], [44, 16], [46, 40], [36, 37], [10, 29], [9, 41], [5, 16], [48, 47], [13, 46], [22, 43], [31, 33], [46, 16], [41, 1], [18, 22], [25, 43], [11, 41], [38, 2], [39, 39], [30, 31], [28, 9], [23, 3], [26, 3], [45, 34], [30, 49], [2, 26], [33, 15], [6, 39], [26, 36], [34, 26], [49, 43], [43, 49], [19, 27], [5, 23], [10, 13], [41, 19], [26, 1], [17, 35], [30, 45], [35, 13], [13, 1], [21, 39], [25, 36], [27, 1], [19, 16], [12, 3], [36, 47], [9, 0], [28, 11], [40, 28], [44, 17], [47, 5], [10, 48]], "targets": [[6, 4], [41, 33], [38, 30], [21, 20], [35, 26], [33, 34], [16, 20], [38, 35], [9, 5], [39, 30], [38, 34], [18, 17], [35, 33], [39, 33], [19, 23], [9, 2], [39, 27], [38, 31], [23, 25], [37, 35], [34, 35], [4, 5], [37, 30], [22, 22], [32, 33], [39, 31], [35, 30], [16, 18], [9, 4], [39, 28], [37, 34], [40, 35], [22, 23], [30, 30], [9, 3], [34, 26], [23, 20], [38, 36], [35, 31], [17, 20], [30, 33], [7, 4], [36, 25], [41, 30], [15, 19], [38, 32], [9, 31], [36, 8], [11, 45], [40, 13], [17, 39], [49, 41], [12, 27], [43, 20], [33, 28], [8, 43], [49, 16], [6, 23], [22, 49], [3, 48], [32, 49], [18, 48], [5, 27], [7, 26], [22, 4], [6, 12], [39, 29], [16, 49], [31, 48], [10, 9], [11, 48], [5, 44], [35, 40], [35, 13], [43, 5], [19, 1], [20, 15], [46, 16], [38, 40], [9, 15], [9, 49], [20, 32], [3, 17], [30, 19], [6, 44], [31, 24], [37, 42], [49, 26], [32, 16], [7, 16], [8, 24], [14, 21], [40, 27], [23, 26], [39, 9], [34, 24], [33, 7], [29, 13], [0, 49], [28, 10], [39, 36], [19, 49], [31, 40], [4, 37], [37, 23], [33, 26], [44, 44], [45, 45], [25, 38], [33, 33], [29, 29], [48, 41], [32, 4], [21, 46], [19, 34], [33, 27], [29, 16], [42, 30], [28, 41], [45, 1], [49, 35], [7, 17], [42, 23], [33, 49], [15, 13], [8, 26], [32, 26], [17, 23], [21, 34], [19, 40], [44, 27], [12, 47], [47, 11], [19, 25], [46, 41], [31, 11], [20, 43], [14, 24], [46, 29], [19, 3], [16, 39], [23, 40], [43, 15], [44, 40], [16, 1], [6, 11], [24, 27], [14, 5], [36, 27], [42, 10], [14, 49], [15, 18], [0, 21], [34, 30], [49, 47], [36, 41], [29, 24], [16, 4], [9, 47], [15, 30], [23, 39], [48, 28], [10, 48], [14, 25], [3, 35], [43, 17], [45, 24], [47, 6], [39, 0], [41, 40], [19, 9], [42, 47], [28, 6], [36, 15], [40, 9], [40, 37], [12, 48], [0, 27], [40, 20], [44, 17], [49, 22], [27, 38], [37, 33], [15, 26], [49, 36], [32, 3], [40, 22], [32, 22], [6, 49], [46, 22], [48, 15], [2, 29], [25, 47], [3, 44], [45, 44], [25, 39], [36, 29], [45, 16], [42, 6], [21, 30], [27, 23], [14, 43], [20, 39], [44, 18], [49, 30], [7, 27], [33, 30], [35, 6], [14, 0], [4, 15], [34, 36], [47, 27], [9, 12], [27, 28], [46, 39], [13, 24], [29, 19], [4, 11], [2, 15], [30, 46], [41, 19], [48, 18], [16, 41], [18, 9], [2, 23], [18, 35], [2, 20], [10, 21], [0, 8], [10, 24], [21, 22], [15, 33], [49, 14], [42, 43], [47, 35], [22, 43], [38, 10], [36, 24], [19, 18], [36, 44], [37, 7], [15, 21], [41, 28], [14, 47], [1, 10], [17, 24], [18, 23], [15, 25], [22, 21], [28, 49], [2, 7], [9, 20], [10, 35], [36, 34], [26, 45], [21, 3], [30, 36], [15, 42], [37, 3], [31, 22], [44, 15], [7, 48], [42, 29], [21, 12], [14, 44], [47, 33], [19, 44], [13, 22], [34, 40], [10, 41], [23, 37], [32, 37], [36, 35], [25, 27], [35, 29], [29, 12], [45, 5], [37, 41], [15, 29], [23, 44], [32, 12], [26, 43], [18, 18], [11, 21], [29, 44], [24, 29], [37, 6], [45, 30], [33, 11], [2, 22], [35, 2], [15, 2], [16, 45], [5, 25], [35, 27], [47, 16], [29, 37], [10, 26], [11, 29], [46, 49], [46, 33], [48, 23], [28, 23], [1, 29], [8, 34], [23, 23], [19, 45], [34, 46], [5, 16], [45, 15], [37, 24], [43, 36], [15, 9], [44, 24], [43, 11], [3, 19], [39, 12], [41, 2], [34, 8], [40, 24], [24, 48], [49, 43], [44, 43], [9, 18], [41, 8], [49, 34], [36, 46], [2, 24], [7, 39], [1, 21], [13, 44], [21, 11], [38, 27], [30, 25], [45, 10], [16, 37], [19, 22], [42, 15], [27, 29], [6, 14], [18, 44], [40, 28], [36, 48], [21, 29], [31, 25], [16, 25], [8, 48], [15, 49], [39, 41], [47, 47], [42, 28], [8, 49], [7, 18], [0, 15], [47, 28], [43, 37], [15, 45], [36, 31], [25, 35], [10, 34], [1, 42], [46, 30], [40, 1], [46, 27], [12, 46], [45, 29], [48, 30], [41, 4], [38, 21], [26, 37], [21, 49], [3, 47], [21, 15], [39, 38], [32, 29], [36, 23], [12, 49], [31, 36], [21, 13], [20, 45], [34, 49], [14, 34], [2, 48], [11, 9], [29, 9], [10, 27], [1, 22], [10, 3], [14, 9], [22, 44], [28, 34], [48, 35], [37, 20], [47, 34], [24, 45], [43, 18], [27, 22], [25, 19], [20, 31], [47, 13], [0, 34], [46, 34], [40, 36], [43, 38], [27, 17], [22, 19], [27, 16], [33, 42], [40, 8], [4, 10], [17, 9], [16, 10], [26, 17], [11, 42], [49, 31], [28, 39], [21, 2], [14, 36], [35, 21], [30, 26], [24, 44], [7, 3], [49, 10], [31, 5], [46, 0], [46, 5], [7, 24], [28, 32], [7, 37], [8, 15], [37, 36], [3, 12], [34, 33], [25, 22], [29, 0], [47, 1], [4, 32], [28, 35], [11, 11], [45, 18], [46, 42], [21, 33], [32, 30], [46, 24], [0, 24], [11, 19], [44, 36], [9, 33], [22, 39], [23, 12], [14, 8], [35, 34], [43, 12], [23, 19], [31, 31], [26, 23], [48, 21], [41, 3], [15, 44], [31, 26], [40, 23], [4, 29], [26, 18], [14, 23], [12, 37], [43, 9], [26, 32], [16, 34], [25, 31], [39, 16], [1, 45], [41, 45], [8, 33], [33, 5], [20, 3], [29, 34], [20, 22], [23, 45], [15, 40], [42, 17], [37, 16], [38, 14], [46, 8], [24, 43], [46, 21], [9, 13], [44, 16], [35, 35], [48, 26], [5, 37], [30, 45], [27, 37], [35, 47], [7, 45], [23, 10], [12, 15], [42, 41], [8, 17], [10, 45], [26, 15], [29, 6], [2, 14], [34, 48], [34, 10], [46, 7], [49, 0], [48, 37], [43, 46], [14, 38], [6, 47], [24, 21], [24, 16], [43, 4], [49, 40], [24, 46], [10, 14], [45, 33], [1, 48], [42, 21], [8, 9], [34, 6], [7, 49], [4, 40], [44, 13], [5, 14], [22, 9], [1, 19], [12, 4], [43, 8], [4, 36], [24, 30], [33, 32], [39, 13], [19, 37], [5, 15], [14, 16], [44, 20], [22, 42], [31, 29], [24, 40], [33, 19], [11, 47], [8, 28], [1, 16], [29, 39], [8, 44], [49, 38], [23, 43], [32, 9], [42, 1], [3, 27], [24, 11], [39, 40], [8, 13], [39, 48], [19, 11], [29, 26], [41, 41], [33, 29], [29, 3], [4, 39], [30, 37], [19, 13], [36, 16], [30, 41], [15, 37], [43, 21], [38, 25], [32, 13], [37, 27], [37, 25], [44, 46], [5, 34], [17, 17], [32, 45], [22, 38], [28, 20], [10, 17], [49, 25], [43, 28], [2, 13], [47, 46], [49, 1], [12, 39], [3, 43], [47, 8], [8, 36], [48, 39], [33, 37], [1, 40], [42, 9], [45, 46], [16, 44], [21, 17], [10, 49], [35, 0], [2, 9], [48, 22], [44, 38], [24, 17], [37, 11], [33, 25], [28, 7], [47, 37], [19, 39], [37, 38], [9, 24], [47, 43], [14, 40], [9, 40], [18, 36], [9, 39], [39, 34], [22, 46], [24, 22], [40, 3], [5, 42], [40, 29], [20, 30], [36, 28], [11, 33], [23, 28], [9, 48], [26, 14], [10, 43], [2, 47], [20, 0], [45, 37], [31, 41], [46, 45], [21, 28], [6, 33], [16, 26], [13, 49], [23, 13], [0, 42], [27, 47], [25, 32], [47, 19], [41, 18], [10, 2], [44, 21], [23, 24], [29, 33], [27, 36], [13, 12], [36, 47], [8, 31], [30, 20], [47, 14], [6, 39], [30, 2], [10, 28], [41, 25], [41, 1], [22, 40], [1, 47], [41, 37], [42, 11], [10, 11], [39, 26], [5, 28], [39, 32], [9, 30], [31, 0], [13, 42], [4, 35], [28, 24], [10, 42], [40, 4], [2, 19], [7, 12], [32, 17], [29, 20], [9, 41], [36, 39], [25, 1], [41, 12], [15, 27], [1, 7], [49, 29], [47, 44], [9, 0], [18, 25], [6, 18], [21, 24], [17, 32], [48, 40], [12, 33], [8, 42], [39, 23], [45, 26], [30, 10], [0, 9], [25, 18], [30, 34], [10, 18], [42, 26], [3, 41], [44, 7], [43, 44], [46, 32], [45, 17], [1, 23], [29, 42], [43, 7], [12, 21], [39, 10], [0, 11], [19, 20], [14, 19], [42, 48], [39, 8], [46, 20], [17, 0], [21, 45], [41, 14], [36, 45], [31, 3], [27, 43], [27, 21], [18, 37], [15, 48], [47, 40], [45, 11], [12, 22], [20, 27], [32, 32], [28, 1], [37, 21], [35, 38], [6, 36], [42, 8], [41, 22], [11, 6], [45, 7], [23, 49], [21, 47], [23, 29], [47, 23], [26, 6], [42, 7], [32, 28], [3, 24], [45, 41], [15, 43], [1, 9], [48, 11], [9, 23], [31, 33], [44, 35], [34, 4], [12, 30], [37, 28], [43, 39], [9, 8], [2, 41], [20, 13], [40, 26], [33, 46], [4, 26], [1, 6], [39, 4], [32, 7], [25, 41], [21, 31], [4, 14], [40, 19], [32, 24], [23, 2], [45, 49], [41, 26], [34, 42], [42, 42], [17, 15], [16, 43], [37, 15], [28, 19], [38, 49], [36, 4], [8, 3], [0, 20], [6, 8], [35, 36], [35, 39], [27, 44], [46, 15], [7, 38], [42, 39], [19, 41], [15, 47], [2, 39], [12, 20], [38, 41], [37, 26], [20, 26], [15, 20], [20, 48], [12, 7], [28, 28], [6, 45], [27, 26], [13, 21], [6, 17], [32, 5], [8, 46], [14, 1], [4, 44], [16, 17], [0, 44], [48, 32], [20, 29], [40, 47], [6, 34], [14, 28], [21, 14], [1, 39], [39, 24], [27, 33], [12, 8], [20, 42], [12, 9], [41, 9], [48, 34], [6, 24], [48, 48], [36, 9], [23, 46], [23, 47], [30, 15], [17, 42], [43, 33], [23, 11], [25, 48], [32, 42], [20, 40], [24, 36], [17, 14], [41, 17], [21, 44], [35, 18], [31, 13], [36, 38], [48, 3], [7, 35], [26, 19], [31, 16], [5, 24], [17, 46], [44, 30], [47, 49], [13, 26], [33, 43], [11, 28], [46, 46], [33, 48], [2, 21], [27, 25], [22, 34], [42, 31], [25, 2], [4, 33], [33, 2], [17, 33], [49, 27], [41, 21], [40, 18], [1, 30], [12, 10], [44, 10], [38, 28], [45, 20], [0, 45], [24, 9], [43, 16], [42, 36], [34, 29], [14, 20], [3, 46], [19, 16], [29, 45], [9, 9], [46, 13], [44, 39], [17, 26], [28, 21], [35, 41], [37, 48], [29, 23], [49, 4], [47, 30], [41, 23], [17, 13], [45, 22], [26, 16], [47, 38], [32, 20], [41, 32], [43, 10], [18, 38], [11, 13], [22, 8], [19, 19], [17, 3], [8, 6], [40, 12], [32, 43], [31, 34], [39, 22], [9, 28], [17, 22], [10, 13], [20, 7], [1, 31], [4, 48], [14, 31], [38, 46], [1, 8], [25, 9], [17, 1], [35, 10], [18, 4], [18, 7], [47, 26], [18, 40], [17, 29], [40, 5], [30, 9], [45, 28], [3, 23], [49, 6], [33, 23], [34, 34], [3, 45], [49, 21], [25, 46], [13, 38], [11, 20], [49, 45], [20, 49], [16, 14], [45, 25], [3, 10], [42, 37], [19, 31], [27, 30], [26, 48], [6, 35], [8, 45], [48, 49], [43, 1], [18, 32], [20, 36], [28, 42], [8, 4], [42, 4], [36, 14], [38, 42], [19, 38], [32, 21], [48, 6], [30, 47], [22, 24], [24, 32], [18, 5], [31, 21], [3, 39], [30, 0], [28, 2], [49, 28], [45, 6], [3, 37], [47, 7], [14, 29], [10, 40], [22, 3], [8, 27], [11, 40], [15, 3], [25, 4], [6, 9], [37, 29], [31, 49], [49, 33], [35, 25], [43, 27], [36, 49], [1, 26], [41, 48], [18, 8], [5, 3], [34, 13], [9, 1], [29, 15], [4, 17], [20, 24], [24, 38], [41, 24], [19, 33], [13, 40]]}