{"meta": {"number_of_robots": 2374, "description": {"parameters": {"seed": 7813, "shape": [100, 100], "obstacles": {"n": 10, "mean": 7, "std": 3.5}, "clusters": {"n": 10, "mean": 40, "std": 20.0, "relative_radius": 2, "increase_factor": 1.3, "start_dist": {"generator_name": "Image", "shape": [100, 100], "min": 0.0, "max": 249.0, "mean": 30.4661, "std": 43.783120615026974, "dtype": "uint64", "parameters": {"image": "clouds.png", "transformer": {"name": "ColorChannelSelector", "channel": "s", "inverted": false}}}, "target_dist": {"generator_name": "Image", "shape": [100, 100], "min": 6.0, "max": 255.0, "mean": 224.5339, "std": 43.783120615026974, "dtype": "uint64", "parameters": {"image": "clouds.png", "transformer": {"name": "ColorChannelSelector", "channel": "s", "inverted": true}}}}, "density": 0.25, "start_dist": {"generator_name": "Image", "shape": [100, 100], "min": 0.0, "max": 249.0, "mean": 30.4661, "std": 43.783120615026974, "dtype": "uint64", "parameters": {"image": "clouds.png", "transformer": {"name": "ColorChannelSelector", "channel": "s", "inverted": false}}}, "target_dist": {"generator_name": "Image", "shape": [100, 100], "min": 6.0, "max": 255.0, "mean": 224.5339, "std": 43.783120615026974, "dtype": "uint64", "parameters": {"image": "clouds.png", "transformer": {"name": "ColorChannelSelector", "channel": "s", "inverted": true}}}}, "stats": {"date": "2020-11-17", "free_area": 9495.0, "number_of_clustered_robots": 421, "number_of_robots": 2374}}}, "name": "clouds_00006_100x100_25_2374", "obstacles": [[3, 66], [3, 67], [3, 68], [3, 69], [3, 70], [3, 71], [3, 72], [4, 66], [4, 72], [5, 37], [5, 38], [5, 39], [5, 40], [5, 66], [5, 72], [6, 37], [6, 40], [6, 66], [6, 72], [7, 37], [7, 40], [7, 66], [7, 72], [8, 24], [8, 25], [8, 26], [8, 27], [8, 28], [8, 29], [8, 30], [8, 37], [8, 40], [8, 66], [8, 72], [9, 24], [9, 30], [9, 37], [9, 40], [9, 66], [9, 72], [10, 24], [10, 30], [10, 37], [10, 40], [10, 66], [10, 72], [11, 24], [11, 30], [11, 37], [11, 40], [11, 66], [11, 72], [12, 24], [12, 30], [12, 37], [12, 40], [12, 66], [12, 72], [13, 24], [13, 30], [13, 37], [13, 40], [13, 66], [13, 72], [14, 24], [14, 30], [14, 37], [14, 40], [14, 66], [14, 67], [14, 68], [14, 69], [14, 70], [14, 71], [14, 72], [15, 24], [15, 25], [15, 26], [15, 27], [15, 28], [15, 29], [15, 30], [15, 37], [15, 38], [15, 39], [15, 40], [24, 19], [24, 20], [24, 21], [24, 22], [24, 23], [24, 24], [24, 25], [25, 19], [25, 25], [26, 19], [26, 25], [27, 19], [27, 25], [28, 19], [28, 25], [29, 19], [29, 25], [30, 19], [30, 25], [31, 19], [31, 25], [32, 19], [32, 25], [33, 19], [33, 25], [34, 19], [34, 25], [35, 19], [35, 20], [35, 21], [35, 22], [35, 23], [35, 24], [35, 25], [47, 21], [47, 22], [47, 23], [47, 24], [47, 25], [47, 26], [47, 27], [47, 28], [47, 29], [47, 30], [48, 21], [48, 30], [49, 21], [49, 30], [50, 21], [50, 30], [51, 21], [51, 30], [52, 21], [52, 30], [53, 21], [53, 30], [54, 21], [54, 22], [54, 23], [54, 24], [54, 25], [54, 26], [54, 27], [54, 28], [54, 29], [54, 30], [57, 1], [57, 2], [57, 3], [57, 4], [57, 5], [57, 6], [57, 7], [61, 56], [62, 56], [63, 56], [64, 56], [71, 17], [71, 18], [72, 17], [72, 18], [73, 17], [73, 18], [74, 17], [74, 18], [75, 17], [75, 18], [76, 17], [76, 18], [77, 17], [77, 18], [78, 17], [78, 18], [84, 44], [84, 45], [84, 46], [84, 47], [84, 48], [84, 49], [85, 44], [85, 49], [86, 44], [86, 49], [87, 44], [87, 49], [88, 44], [88, 49], [89, 44], [89, 49], [90, 44], [90, 49], [91, 44], [91, 49], [92, 44], [92, 49], [92, 73], [92, 74], [92, 75], [92, 76], [92, 77], [92, 78], [92, 79], [92, 80], [92, 81], [92, 82], [93, 44], [93, 45], [93, 46], [93, 47], [93, 48], [93, 49], [93, 73], [93, 82], [94, 73], [94, 82], [95, 73], [95, 82], [96, 73], [96, 82], [97, 73], [97, 82], [98, 73], [98, 74], [98, 75], [98, 76], [98, 77], [98, 78], [98, 79], [98, 80], [98, 81], [98, 82]], "starts": [[19, 68], [54, 76], [68, 74], [11, 76], [54, 20], [23, 64], [47, 71], [59, 99], [48, 73], [75, 84], [66, 26], [67, 78], [68, 71], [49, 99], [54, 69], [66, 31], [15, 79], [68, 84], [71, 69], [52, 94], [40, 71], [53, 19], [52, 69], [66, 78], [70, 76], [58, 32], [61, 93], [14, 59], [12, 80], [52, 64], [58, 24], [57, 73], [77, 71], [50, 98], [45, 70], [23, 62], [72, 83], [66, 27], [57, 76], [51, 61], [64, 79], [50, 95], [62, 25], [13, 78], [69, 73], [69, 76], [63, 32], [48, 71], [53, 90], [36, 73], [57, 82], [67, 31], [77, 66], [17, 63], [13, 77], [54, 97], [51, 68], [57, 21], [54, 72], [69, 67], [63, 31], [60, 99], [37, 70], [54, 82], [22, 66], [52, 68], [70, 87], [9, 81], [76, 70], [65, 20], [58, 94], [54, 86], [52, 20], [58, 72], [67, 71], [53, 73], [54, 94], [45, 75], [59, 20], [20, 60], [9, 83], [64, 80], [52, 75], [56, 21], [58, 75], [58, 96], [65, 71], [61, 21], [62, 78], [49, 74], [10, 81], [62, 98], [36, 72], [59, 29], [66, 69], [18, 65], [74, 85], [56, 78], [59, 19], [57, 93], [50, 73], [74, 78], [69, 77], [55, 18], [18, 63], [6, 80], [51, 97], [46, 74], [48, 68], [74, 76], [57, 20], [60, 81], [59, 94], [57, 27], [65, 79], [13, 80], [48, 69], [65, 80], [61, 31], [50, 94], [39, 66], [74, 67], [55, 79], [60, 24], [23, 65], [59, 64], [72, 86], [52, 91], [15, 69], [15, 76], [74, 74], [59, 27], [67, 79], [49, 75], [57, 31], [55, 97], [47, 70], [72, 74], [53, 76], [69, 33], [10, 76], [52, 72], [55, 95], [75, 81], [63, 80], [69, 25], [63, 81], [80, 78], [53, 99], [40, 73], [58, 20], [55, 69], [13, 63], [6, 78], [21, 59], [75, 88], [55, 27], [61, 73], [64, 71], [51, 91], [51, 74], [53, 32], [56, 79], [74, 75], [62, 95], [42, 67], [5, 77], [69, 17], [49, 67], [61, 82], [73, 72], [70, 30], [62, 94], [57, 72], [63, 22], [50, 69], [68, 69], [17, 60], [7, 79], [53, 96], [38, 72], [69, 23], [55, 78], [75, 73], [19, 58], [53, 72], [71, 89], [53, 92], [70, 31], [63, 78], [6, 77], [67, 72], [68, 33], [58, 98], [38, 71], [48, 70], [61, 80], [58, 29], [77, 65], [51, 92], [68, 78], [68, 28], [58, 71], [21, 62], [15, 82], [73, 76], [67, 32], [55, 96], [44, 71], [55, 71], [51, 69], [66, 68], [69, 26], [59, 84], [12, 77], [25, 65], [59, 95], [71, 82], [56, 18], [67, 67], [50, 72], [56, 76], [52, 96], [39, 70], [58, 22], [68, 76], [20, 62], [12, 81], [50, 68], [59, 24], [66, 86], [57, 91], [77, 73], [55, 19], [53, 85], [56, 68], [50, 99], [47, 75], [63, 24], [71, 65], [10, 79], [61, 81], [66, 20], [53, 93], [24, 59], [56, 75], [76, 84], [78, 77], [65, 81], [69, 28], [54, 99], [36, 71], [21, 63], [16, 77], [64, 68], [59, 65], [58, 27], [64, 82], [53, 95], [65, 25], [71, 76], [60, 82], [47, 74], [55, 17], [13, 86], [58, 91], [40, 66], [64, 74], [62, 82], [55, 25], [61, 69], [60, 93], [78, 75], [55, 72], [59, 32], [19, 62], [71, 87], [19, 63], [15, 77], [54, 75], [55, 21], [61, 97], [36, 66], [79, 80], [57, 83], [65, 29], [69, 84], [77, 79], [63, 94], [51, 72], [14, 88], [57, 29], [62, 85], [72, 68], [54, 96], [48, 65], [64, 24], [59, 66], [64, 73], [63, 29], [75, 78], [21, 68], [9, 79], [60, 91], [20, 63], [59, 73], [70, 88], [60, 25], [66, 82], [75, 76], [60, 94], [42, 70], [55, 15], [56, 82], [60, 70], [15, 78], [68, 77], [63, 33], [63, 95], [59, 79], [53, 17], [74, 71], [59, 71], [56, 97], [45, 69], [13, 59], [15, 88], [62, 30], [55, 82], [73, 79], [52, 73], [63, 92], [65, 22], [68, 83], [17, 58], [78, 86], [71, 75], [54, 17], [62, 93], [42, 64], [11, 79], [54, 66], [60, 85], [66, 30], [70, 74], [52, 97], [54, 83], [55, 30], [47, 68], [73, 69], [19, 65], [16, 76], [59, 23], [55, 94], [37, 66], [60, 80], [73, 73], [53, 63], [57, 17], [53, 79], [54, 90], [61, 23], [72, 77], [14, 78], [22, 60], [52, 71], [77, 89], [66, 77], [62, 91], [46, 68], [68, 23], [77, 80], [58, 77], [55, 28], [49, 68], [59, 92], [20, 59], [15, 85], [68, 75], [68, 27], [64, 86], [53, 91], [41, 63], [47, 73], [52, 15], [71, 74], [66, 84], [8, 77], [62, 21], [57, 99], [75, 65], [51, 71], [64, 84], [67, 25], [22, 61], [77, 87], [60, 95], [42, 75], [67, 70], [53, 83], [66, 24], [61, 68], [16, 68], [17, 76], [54, 95], [69, 19], [70, 73], [66, 71], [59, 75], [56, 30], [53, 94], [41, 69], [70, 65], [59, 81], [16, 79], [59, 21], [51, 67], [58, 93], [67, 77], [53, 87], [67, 17], [76, 81], [62, 68], [87, 72], [80, 83], [83, 41], [77, 94], [52, 6], [51, 12], [1, 65], [63, 67], [51, 63], [65, 87], [28, 2], [65, 5], [39, 72], [0, 74], [77, 72], [11, 58], [6, 50], [5, 52], [28, 71], [72, 99], [25, 77], [40, 79], [53, 16], [33, 66], [42, 74], [12, 51], [22, 73], [11, 80], [38, 92], [29, 61], [25, 60], [33, 69], [0, 45], [69, 94], [63, 79], [14, 80], [62, 79], [23, 77], [71, 38], [15, 75], [93, 14], [77, 86], [75, 50], [2, 52], [5, 53], [47, 78], [53, 97], [0, 64], [73, 99], [28, 4], [15, 58], [68, 45], [58, 40], [8, 59], [11, 65], [8, 63], [26, 67], [13, 73], [68, 0], [67, 75], [13, 8], [38, 57], [72, 98], [61, 38], [56, 83], [76, 96], [52, 80], [24, 77], [22, 64], [52, 99], [96, 5], [31, 86], [15, 71], [52, 12], [33, 76], [20, 54], [17, 72], [11, 89], [54, 91], [85, 74], [25, 54], [20, 77], [2, 93], [73, 65], [22, 68], [64, 76], [75, 96], [27, 2], [43, 88], [77, 75], [27, 77], [81, 88], [67, 41], [76, 78], [11, 47], [21, 66], [23, 86], [84, 3], [47, 15], [65, 47], [75, 37], [6, 51], [15, 72], [33, 70], [35, 76], [38, 75], [88, 85], [33, 77], [41, 86], [52, 76], [16, 58], [20, 64], [6, 53], [15, 61], [45, 86], [49, 77], [17, 59], [8, 49], [15, 87], [50, 78], [46, 23], [52, 38], [87, 63], [74, 68], [44, 81], [14, 45], [50, 6], [73, 39], [98, 5], [50, 93], [12, 11], [43, 75], [67, 84], [98, 8], [9, 74], [10, 57], [15, 86], [69, 89], [26, 55], [56, 93], [68, 49], [72, 72], [88, 77], [1, 3], [31, 69], [69, 37], [89, 72], [73, 94], [34, 72], [39, 93], [40, 68], [46, 18], [70, 93], [22, 67], [19, 70], [66, 60], [21, 57], [25, 76], [73, 88], [29, 5], [5, 50], [35, 81], [74, 86], [46, 77], [72, 96], [9, 58], [48, 44], [15, 59], [78, 97], [2, 69], [8, 56], [0, 81], [31, 63], [29, 3], [0, 61], [40, 60], [44, 80], [98, 59], [75, 66], [28, 69], [70, 32], [71, 27], [12, 63], [29, 65], [12, 75], [86, 79], [85, 83], [70, 86], [82, 92], [86, 86], [4, 55], [24, 79], [98, 0], [72, 93], [28, 3], [17, 83], [73, 67], [4, 98], [84, 86], [26, 79], [49, 96], [87, 59], [11, 64], [49, 40], [31, 44], [78, 61], [48, 20], [81, 78], [5, 78], [22, 39], [34, 70], [62, 48], [12, 52], [99, 20], [27, 64], [16, 61], [31, 70], [35, 79], [27, 78], [21, 77], [17, 65], [86, 83], [44, 22], [69, 92], [86, 62], [32, 73], [89, 79], [79, 63], [3, 48], [34, 80], [66, 25], [57, 25], [33, 75], [42, 73], [73, 36], [63, 70], [43, 74], [3, 74], [69, 45], [88, 96], [76, 43], [34, 75], [72, 87], [82, 78], [48, 19], [83, 81], [14, 61], [2, 60], [54, 18], [91, 55], [27, 74], [40, 21], [1, 25], [35, 77], [69, 13], [56, 63], [19, 72], [52, 77], [22, 63], [65, 77], [20, 58], [27, 4], [29, 2], [74, 14], [44, 76], [17, 50], [10, 53], [62, 65], [78, 96], [36, 69], [58, 95], [76, 61], [0, 6], [80, 88], [86, 80], [10, 73], [24, 87], [30, 69], [67, 83], [76, 52], [39, 69], [38, 54], [80, 87], [87, 40], [9, 59], [71, 44], [69, 29], [20, 70], [83, 90], [11, 60], [42, 68], [44, 65], [67, 22], [25, 68], [3, 79], [30, 77], [54, 16], [25, 31], [25, 78], [79, 96], [5, 51], [84, 68], [69, 40], [22, 62], [67, 53], [82, 98], [3, 65], [82, 55], [32, 76], [46, 91], [19, 66], [67, 92], [39, 75], [30, 2], [20, 88], [20, 74], [32, 70], [47, 17], [71, 88], [35, 64], [96, 61], [7, 63], [12, 59], [54, 33], [84, 22], [83, 82], [3, 46], [52, 8], [60, 22], [65, 69], [15, 64], [76, 89], [22, 82], [68, 95], [71, 13], [56, 32], [80, 85], [20, 0], [50, 84], [40, 85], [11, 54], [8, 18], [9, 55], [30, 73], [24, 66], [52, 53], [39, 22], [12, 58], [35, 28], [10, 63], [45, 71], [24, 62], [85, 36], [46, 3], [30, 7], [71, 71], [62, 96], [86, 70], [89, 83], [94, 49], [54, 88], [45, 76], [86, 78], [86, 74], [6, 63], [99, 65], [85, 64], [64, 16], [67, 36], [79, 84], [78, 39], [88, 81], [52, 84], [5, 54], [60, 39], [99, 94], [43, 79], [85, 13], [90, 28], [50, 14], [11, 52], [26, 76], [60, 90], [86, 68], [40, 88], [99, 2], [23, 80], [28, 67], [74, 93], [90, 33], [51, 20], [45, 85], [41, 80], [66, 95], [81, 84], [25, 64], [75, 92], [71, 23], [8, 52], [14, 63], [45, 73], [19, 71], [7, 32], [42, 69], [48, 78], [32, 72], [73, 92], [73, 82], [44, 3], [50, 49], [16, 62], [78, 34], [40, 69], [62, 27], [15, 62], [85, 67], [88, 59], [65, 43], [0, 82], [29, 81], [2, 74], [17, 75], [58, 9], [81, 95], [50, 18], [45, 78], [47, 19], [8, 53], [18, 67], [96, 6], [29, 6], [74, 73], [74, 5], [35, 9], [37, 82], [76, 42], [84, 66], [83, 66], [53, 33], [91, 37], [46, 78], [30, 68], [18, 74], [45, 74], [39, 10], [96, 98], [37, 80], [61, 94], [68, 29], [58, 74], [70, 13], [85, 78], [70, 45], [18, 57], [93, 68], [16, 72], [12, 18], [28, 73], [45, 37], [80, 73], [68, 90], [27, 67], [12, 20], [56, 25], [13, 83], [63, 72], [71, 21], [35, 71], [44, 61], [41, 94], [93, 89], [10, 62], [31, 68], [14, 54], [46, 19], [11, 59], [70, 14], [99, 44], [72, 75], [21, 51], [87, 62], [95, 62], [72, 97], [95, 94], [55, 84], [18, 81], [24, 84], [82, 99], [37, 75], [80, 84], [29, 72], [21, 72], [16, 70], [76, 62], [51, 33], [56, 94], [70, 84], [17, 69], [28, 65], [46, 14], [16, 15], [10, 34], [45, 92], [11, 77], [9, 51], [8, 73], [23, 63], [95, 4], [72, 90], [30, 98], [87, 99], [48, 18], [10, 83], [74, 88], [81, 82], [58, 81], [70, 42], [56, 46], [33, 67], [64, 81], [7, 57], [75, 2], [39, 79], [20, 1], [37, 64], [45, 1], [23, 78], [12, 78], [41, 71], [69, 18], [7, 59], [9, 10], [64, 92], [8, 65], [62, 74], [90, 57], [42, 16], [20, 71], [2, 72], [43, 21], [7, 54], [84, 84], [14, 58], [95, 2], [35, 57], [73, 77], [59, 9], [27, 3], [48, 37], [62, 64], [76, 30], [73, 96], [1, 60], [54, 74], [33, 47], [61, 99], [75, 93], [51, 99], [34, 61], [43, 18], [77, 4], [18, 60], [46, 92], [88, 74], [35, 70], [59, 25], [68, 17], [31, 65], [19, 16], [12, 61], [72, 73], [10, 54], [48, 88], [20, 46], [36, 65], [82, 83], [83, 70], [21, 69], [31, 55], [47, 39], [34, 71], [28, 5], [70, 64], [54, 11], [52, 93], [29, 66], [76, 79], [67, 88], [21, 42], [73, 71], [5, 74], [2, 71], [79, 92], [69, 86], [8, 55], [29, 68], [3, 99], [94, 20], [42, 71], [63, 97], [37, 58], [16, 64], [37, 86], [40, 94], [32, 69], [1, 57], [12, 62], [14, 56], [19, 60], [96, 69], [34, 58], [75, 95], [20, 76], [47, 76], [7, 83], [9, 89], [80, 90], [53, 41], [78, 92], [40, 81], [35, 73], [36, 76], [7, 51], [31, 77], [24, 54], [53, 9], [25, 84], [98, 55], [37, 39], [95, 71], [4, 65], [30, 72], [71, 90], [90, 81], [80, 93], [48, 5], [24, 69], [30, 74], [61, 92], [15, 70], [26, 64], [65, 92], [53, 82], [33, 65], [29, 69], [29, 49], [36, 80], [47, 69], [70, 21], [20, 15], [74, 82], [1, 75], [11, 82], [76, 80], [4, 64], [3, 63], [36, 79], [25, 61], [60, 46], [48, 64], [71, 86], [7, 74], [74, 47], [49, 33], [85, 82], [15, 56], [51, 86], [90, 72], [54, 71], [41, 59], [19, 55], [24, 78], [98, 18], [81, 74], [30, 71], [49, 11], [15, 84], [42, 77], [6, 60], [97, 5], [43, 70], [98, 57], [47, 16], [69, 41], [95, 58], [74, 83], [93, 57], [73, 68], [55, 29], [83, 67], [41, 88], [59, 82], [7, 58], [35, 78], [81, 94], [50, 85], [63, 93], [87, 66], [11, 73], [37, 73], [48, 74], [70, 44], [42, 53], [83, 85], [40, 87], [60, 79], [16, 63], [24, 63], [70, 11], [73, 40], [59, 67], [72, 16], [7, 9], [66, 93], [25, 9], [44, 68], [32, 71], [50, 7], [92, 71], [69, 74], [98, 62], [79, 95], [84, 89], [51, 79], [22, 77], [49, 17], [55, 33], [62, 36], [0, 37], [10, 55], [87, 74], [64, 47], [85, 76], [58, 53], [49, 73], [64, 49], [80, 92], [44, 66], [60, 76], [24, 76], [19, 79], [9, 53], [64, 67], [43, 97], [3, 78], [22, 71], [23, 75], [45, 20], [43, 90], [49, 12], [37, 57], [36, 77], [80, 86], [13, 79], [73, 93], [69, 14], [71, 99], [28, 68], [91, 79], [1, 8], [51, 78], [89, 81], [69, 11], [35, 74], [64, 18], [38, 13], [23, 70], [18, 68], [82, 97], [6, 61], [12, 44], [50, 86], [51, 16], [23, 5], [98, 10], [78, 87], [90, 79], [69, 83], [2, 61], [84, 11], [32, 65], [73, 78], [42, 88], [13, 58], [73, 11], [72, 88], [98, 2], [10, 82], [5, 65], [44, 31], [33, 60], [68, 88], [54, 40], [38, 22], [82, 21], [0, 96], [7, 61], [52, 9], [29, 32], [75, 89], [77, 92], [16, 25], [81, 83], [97, 40], [1, 68], [14, 62], [83, 87], [71, 47], [98, 67], [55, 75], [3, 73], [44, 96], [54, 92], [81, 80], [6, 23], [11, 84], [40, 28], [38, 5], [76, 88], [13, 64], [57, 67], [81, 89], [43, 76], [18, 55], [79, 8], [17, 66], [16, 81], [98, 71], [46, 76], [66, 89], [88, 76], [27, 70], [92, 69], [79, 85], [33, 73], [26, 69], [41, 85], [39, 81], [64, 50], [96, 72], [73, 97], [64, 85], [96, 96], [83, 97], [0, 62], [16, 50], [55, 98], [54, 70], [6, 54], [76, 22], [74, 30], [90, 58], [29, 73], [52, 34], [10, 77], [99, 40], [35, 8], [15, 74], [18, 69], [33, 74], [31, 5], [22, 65], [51, 77], [52, 98], [72, 89], [58, 80], [21, 85], [26, 63], [54, 68], [60, 64], [80, 65], [25, 66], [9, 64], [44, 24], [65, 90], [43, 34], [86, 64], [59, 43], [8, 76], [23, 81], [27, 63], [47, 91], [23, 61], [64, 89], [10, 75], [46, 95], [27, 66], [90, 7], [75, 35], [71, 26], [38, 50], [17, 74], [35, 69], [24, 92], [87, 84], [75, 32], [8, 54], [2, 64], [21, 60], [5, 5], [26, 54], [9, 76], [83, 89], [55, 35], [30, 75], [14, 79], [61, 24], [1, 63], [37, 74], [51, 35], [52, 10], [36, 46], [75, 68], [49, 0], [1, 52], [57, 23], [7, 94], [54, 73], [14, 57], [21, 5], [19, 77], [79, 69], [87, 77], [95, 61], [71, 91], [16, 65], [35, 58], [11, 14], [12, 90], [94, 70], [50, 41], [93, 1], [20, 75], [29, 70], [44, 16], [51, 7], [40, 67], [64, 20], [78, 88], [13, 57], [5, 57], [38, 70], [81, 85], [86, 82], [36, 57], [9, 54], [84, 67], [73, 75], [41, 14], [4, 43], [98, 7], [80, 36], [62, 32], [59, 45], [26, 65], [34, 66], [98, 69], [52, 39], [84, 73], [95, 3], [58, 19], [32, 66], [14, 86], [40, 82], [18, 61], [94, 68], [21, 61], [42, 85], [40, 62], [88, 2], [98, 68], [64, 44], [50, 10], [67, 39], [40, 78], [65, 27], [64, 93], [95, 40], [46, 75], [18, 83], [43, 69], [57, 94], [9, 61], [59, 76], [5, 79], [89, 62], [92, 94], [79, 79], [83, 98], [54, 67], [86, 97], [23, 76], [84, 87], [8, 61], [81, 58], [50, 17], [50, 20], [38, 69], [56, 44], [53, 42], [82, 82], [86, 11], [82, 76], [6, 96], [85, 75], [74, 64], [63, 91], [16, 73], [81, 87], [88, 67], [2, 39], [59, 46], [17, 91], [79, 94], [12, 85], [65, 84], [53, 69], [60, 58], [76, 91], [28, 64], [1, 61], [87, 81], [87, 75], [46, 84], [85, 72], [80, 89], [1, 83], [82, 85], [83, 69], [56, 77], [38, 80], [28, 38], [32, 1], [76, 98], [59, 41], [19, 57], [12, 57], [81, 98], [69, 90], [20, 61], [50, 76], [36, 67], [63, 27], [53, 77], [20, 67], [21, 79], [41, 76], [4, 22], [86, 98], [34, 69], [77, 85], [6, 52], [59, 30], [64, 39], [99, 67], [46, 17], [62, 34], [91, 78], [27, 65], [18, 58], [57, 90], [88, 64], [96, 71], [67, 90], [34, 77], [70, 18], [90, 64], [1, 69], [83, 73], [43, 19], [57, 68], [30, 63], [26, 60], [7, 55], [14, 83], [7, 53], [24, 61], [13, 61], [66, 91], [44, 73], [33, 71], [73, 98], [0, 69], [12, 50], [69, 97], [25, 85], [6, 75], [36, 11], [92, 72], [74, 95], [94, 35], [62, 42], [58, 82], [49, 69], [58, 30], [56, 23], [24, 93], [48, 82], [1, 70], [34, 74], [19, 59], [40, 93], [4, 79], [62, 3], [87, 78], [90, 70], [58, 65], [65, 49], [83, 92], [35, 75], [21, 54], [58, 79], [68, 67], [44, 7], [31, 71], [18, 62], [70, 99], [83, 86], [42, 10], [86, 67], [74, 77], [74, 89], [90, 83], [59, 6], [85, 93], [44, 57], [60, 21], [89, 55], [7, 52], [96, 43], [37, 77], [74, 92], [81, 31], [0, 65], [96, 32], [37, 25], [60, 83], [49, 88], [24, 58], [37, 78], [16, 59], [79, 83], [84, 81], [24, 64], [77, 97], [61, 52], [46, 86], [87, 64], [0, 63], [48, 76], [17, 98], [67, 94], [61, 95], [79, 2], [42, 27], [53, 15], [24, 74], [60, 71], [46, 13], [3, 62], [84, 71], [45, 17], [98, 41], [57, 19], [32, 74], [77, 91], [94, 43], [50, 32], [22, 74], [90, 80], [70, 90], [47, 55], [21, 58], [98, 44], [13, 18], [90, 75], [89, 27], [83, 7], [96, 97], [89, 97], [4, 57], [31, 9], [54, 43], [37, 67], [27, 68], [78, 94], [9, 48], [75, 83], [94, 63], [51, 80], [67, 45], [37, 11], [91, 73], [1, 39], [51, 10], [42, 92], [27, 95], [82, 81], [66, 94], [42, 14], [86, 71], [71, 43], [55, 99], [96, 30], [70, 70], [38, 86], [24, 73], [80, 72], [35, 72], [11, 74], [80, 91], [25, 74], [61, 96], [83, 99], [99, 0], [24, 51], [98, 95], [36, 82], [42, 89], [19, 84], [65, 88], [84, 64], [69, 88], [16, 46], [98, 64], [93, 2], [95, 91], [3, 58], [27, 60], [10, 52], [20, 79], [30, 17], [0, 71], [18, 4], [31, 79], [66, 90], [49, 81], [61, 0], [80, 98], [63, 47], [0, 94], [65, 73], [8, 45], [22, 80], [60, 42], [30, 3], [78, 95], [47, 6], [22, 53], [15, 63], [59, 11], [80, 94], [60, 66], [1, 71], [87, 71], [25, 53], [20, 65], [25, 67], [99, 64], [84, 99], [30, 55], [4, 10], [44, 82], [37, 79], [64, 22], [55, 20], [46, 93], [20, 82], [20, 85], [44, 93], [51, 84], [76, 95], [88, 75], [49, 71], [34, 60], [10, 78], [13, 76], [85, 79], [24, 71], [7, 10], [83, 94], [83, 74], [23, 3], [36, 58], [12, 65], [57, 12], [15, 60], [51, 81], [65, 70], [50, 74], [84, 27], [13, 45], [61, 30], [85, 87], [95, 0], [21, 13], [60, 97], [5, 80], [33, 37], [72, 66], [79, 86], [71, 97], [57, 81], [31, 72], [23, 66], [12, 76], [23, 60], [43, 13], [66, 92], [93, 55], [32, 78], [38, 68], [87, 76], [9, 73], [75, 82], [96, 99], [77, 47], [5, 63], [99, 63], [70, 85], [50, 83], [34, 12], [74, 84], [30, 66], [0, 72], [94, 72], [10, 58], [71, 93], [21, 76], [98, 50], [78, 84], [21, 70], [42, 54], [62, 41], [43, 87], [23, 82], [58, 92], [75, 33], [60, 40], [50, 15], [85, 96], [12, 55], [41, 87], [72, 45], [63, 62], [65, 35], [7, 75], [83, 6], [2, 63], [36, 56], [7, 18], [30, 76], [84, 82], [49, 80], [11, 42], [95, 98], [42, 72], [75, 80], [16, 91], [51, 18], [34, 81], [13, 60], [82, 44], [66, 73], [66, 4], [58, 21], [70, 28], [80, 20], [86, 66], [62, 73], [22, 87], [28, 87], [25, 75], [73, 12], [76, 35], [19, 64], [62, 6], [79, 61], [39, 80], [57, 74], [21, 73], [82, 86], [85, 94], [39, 76], [72, 52], [33, 80], [44, 75], [42, 76], [79, 7], [70, 75], [1, 74], [83, 72], [97, 55], [20, 7], [95, 96], [54, 87], [84, 80], [63, 19], [89, 84], [38, 79], [67, 5], [8, 60], [53, 75], [30, 8], [54, 98], [49, 89], [99, 7], [55, 26], [25, 57], [93, 99], [98, 89], [19, 69], [90, 62], [69, 70], [22, 85], [1, 73], [25, 52], [59, 16], [29, 67], [13, 55], [13, 52], [22, 92], [16, 74], [17, 61], [87, 79], [76, 86], [41, 78], [20, 27], [59, 72], [44, 85], [40, 65], [87, 80], [76, 3], [44, 94], [10, 56], [21, 89], [76, 87], [42, 93], [85, 95], [68, 91], [31, 73], [88, 61], [63, 96], [82, 51], [93, 70], [37, 1], [69, 15], [94, 54], [4, 53], [92, 22], [36, 78], [56, 28], [40, 92], [0, 92], [21, 71], [71, 37], [18, 73], [12, 60], [95, 41], [7, 62], [28, 39], [91, 76], [75, 87], [55, 22], [31, 75], [3, 5], [84, 88], [36, 7], [10, 60], [61, 51], [69, 59], [56, 72], [25, 79], [28, 6], [90, 77], [79, 89], [87, 85], [11, 57], [41, 70], [23, 74], [13, 14], [51, 13], [58, 86], [35, 82], [39, 85], [75, 94], [3, 25], [79, 87], [85, 18], [27, 5], [84, 70], [43, 15], [96, 2], [81, 99], [96, 31], [60, 48], [86, 85], [64, 99], [61, 37], [62, 24], [86, 63], [23, 90], [70, 16], [30, 67], [74, 87], [70, 15], [56, 67], [19, 61], [24, 75], [38, 30], [43, 53], [32, 77], [70, 82], [70, 39], [83, 14], [69, 93], [83, 91], [33, 45], [59, 37], [62, 81], [38, 6], [82, 75], [87, 0], [80, 76], [84, 79], [89, 76], [72, 21], [5, 64], [31, 76], [38, 74], [9, 62], [39, 65], [22, 89], [17, 70], [14, 77], [77, 81], [70, 20], [73, 83], [17, 73], [14, 49], [51, 90], [31, 66], [42, 78], [68, 79], [21, 64], [21, 88], [6, 58], [39, 71], [29, 39], [74, 94], [19, 73], [71, 19], [1, 4], [17, 57], [18, 71], [48, 89], [17, 78], [77, 96], [59, 31], [39, 7], [70, 49], [23, 79], [83, 68], [79, 1], [14, 76], [94, 71], [65, 89], [83, 96], [44, 6], [17, 9], [84, 77], [25, 69], [46, 70], [61, 27], [81, 29], [96, 56], [22, 99], [17, 62], [56, 57], [50, 89], [68, 92], [36, 54], [84, 85], [0, 58], [51, 19], [74, 40], [97, 2], [93, 64], [97, 15], [77, 77], [89, 59], [20, 92], [8, 51], [18, 79], [74, 96], [47, 83], [0, 60], [1, 64], [47, 84], [17, 86], [68, 35], [20, 57], [6, 55], [21, 36], [95, 46], [32, 80], [31, 60], [56, 90], [52, 44], [68, 89], [12, 79], [26, 61], [19, 92], [93, 10], [13, 74], [2, 77], [36, 8], [16, 44], [75, 67], [79, 88], [90, 63], [12, 86], [65, 93], [76, 67], [85, 81], [66, 79], [64, 90], [8, 74], [78, 76], [33, 72], [29, 4], [2, 98], [49, 76], [0, 88], [90, 60], [11, 62], [64, 83], [97, 18], [35, 80], [42, 15], [45, 14], [81, 97], [21, 67], [52, 89], [13, 75], [7, 64], [31, 67], [42, 63], [56, 96], [61, 41], [73, 84], [15, 45], [17, 64], [88, 79], [28, 63], [78, 93], [41, 89], [39, 52], [42, 80], [54, 93], [55, 88], [55, 14], [4, 89], [29, 62], [93, 18], [75, 77], [81, 72], [15, 67], [55, 39], [3, 95], [57, 42], [11, 96], [18, 77], [15, 57], [58, 67], [17, 81], [45, 18], [85, 88], [90, 76], [63, 36], [37, 76], [23, 73], [49, 78], [19, 33], [91, 51], [47, 5], [35, 84], [61, 71], [75, 99], [9, 65], [24, 67], [67, 93], [33, 48], [44, 67], [89, 8], [2, 36], [22, 69], [45, 96], [43, 20], [18, 59], [15, 80], [17, 22], [63, 63], [44, 79], [2, 62], [50, 65], [52, 40], [26, 74], [55, 83], [29, 60], [71, 92], [17, 55], [55, 43], [18, 75], [62, 70], [46, 8], [9, 4], [28, 53], [91, 36], [43, 68], [88, 62], [37, 56], [13, 87], [89, 14], [60, 75], [34, 95], [54, 89], [21, 11], [42, 84], [22, 59], [53, 98], [23, 87], [18, 70], [99, 97], [74, 2], [75, 64], [18, 78], [2, 86], [8, 58], [89, 82], [64, 77], [52, 66], [75, 86], [36, 70], [74, 10], [92, 99], [16, 82], [80, 96], [40, 83], [67, 91], [89, 23], [59, 26], [61, 12], [48, 75], [4, 17], [0, 25], [71, 15], [85, 92], [67, 86], [44, 87], [32, 68], [99, 62], [81, 86], [23, 68], [53, 13], [42, 51], [54, 8], [99, 36], [85, 32], [23, 71], [79, 76], [17, 37], [78, 82], [53, 40], [28, 88], [73, 19], [22, 79], [63, 75], [59, 96], [59, 69], [56, 42], [28, 72], [41, 74], [3, 77], [1, 35], [96, 63], [78, 65], [32, 48], [54, 35], [78, 85], [38, 83], [52, 31], [44, 74], [13, 54], [76, 83], [84, 75], [14, 73], [68, 24], [95, 53], [64, 52], [9, 18], [97, 62], [72, 95], [1, 44], [54, 84], [20, 78], [9, 98], [27, 71], [88, 0], [92, 58], [33, 68], [56, 34], [10, 59], [53, 11], [36, 83], [27, 85], [18, 31], [52, 86], [74, 43], [76, 85], [55, 66], [73, 91], [51, 15], [19, 18], [17, 52], [49, 79], [74, 38], [38, 56], [70, 10], [49, 83], [64, 88], [20, 69], [11, 61], [84, 98], [21, 74], [45, 97], [81, 81], [55, 24], [56, 91], [19, 46], [44, 46], [97, 48], [45, 68], [66, 9], [3, 64], [76, 94], [21, 78], [6, 10], [42, 66], [75, 62], [26, 50], [43, 40], [30, 11], [33, 2], [83, 83], [95, 93], [27, 76], [91, 81], [2, 47], [55, 52], [49, 98], [64, 94], [64, 17], [52, 74], [25, 95], [89, 61], [14, 16], [21, 90], [60, 32], [34, 73], [6, 41], [82, 79], [4, 77], [10, 80], [50, 1], [82, 88], [94, 51], [79, 90], [11, 44], [46, 88], [48, 10], [34, 99], [89, 64], [0, 97], [4, 16], [86, 72], [81, 1], [51, 8], [7, 56], [77, 88], [16, 47], [26, 62], [26, 68], [29, 63], [70, 27], [98, 33], [53, 45], [84, 76], [24, 13], [39, 49], [66, 19], [42, 86], [5, 81], [57, 40], [88, 63], [52, 41], [14, 85], [53, 88], [70, 17], [4, 51], [74, 33], [69, 30], [17, 79], [25, 59], [79, 98], [16, 75], [84, 90], [53, 67], [56, 17], [73, 44], [41, 25], [84, 83], [43, 17], [52, 11], [73, 74], [78, 91], [70, 92], [57, 69], [74, 35], [71, 68], [52, 43], [55, 31], [45, 33], [27, 44], [67, 6], [16, 78], [54, 32], [69, 85], [60, 98], [26, 66], [96, 57], [97, 70], [42, 13], [58, 54], [55, 34], [45, 32], [38, 60], [37, 72], [17, 43], [83, 15], [50, 58]], "targets": [[79, 33], [34, 52], [49, 64], [75, 75], [66, 47], [3, 91], [58, 50], [55, 4], [64, 84], [34, 1], [75, 46], [32, 54], [57, 52], [43, 19], [56, 40], [63, 50], [81, 74], [31, 50], [53, 53], [58, 16], [64, 74], [76, 42], [56, 43], [28, 48], [45, 55], [74, 49], [54, 6], [83, 38], [71, 73], [50, 50], [73, 39], [23, 54], [47, 62], [44, 5], [65, 84], [2, 88], [35, 6], [61, 50], [22, 54], [54, 42], [46, 52], [45, 9], [59, 34], [72, 75], [29, 51], [45, 51], [71, 39], [55, 49], [53, 14], [71, 78], [21, 47], [76, 49], [56, 58], [82, 40], [80, 69], [50, 12], [47, 41], [65, 39], [23, 49], [59, 53], [65, 52], [46, 18], [71, 82], [31, 51], [2, 96], [58, 46], [32, 5], [72, 80], [55, 56], [58, 47], [44, 18], [28, 46], [72, 45], [54, 40], [60, 58], [27, 55], [50, 3], [70, 84], [61, 48], [81, 36], [79, 75], [54, 63], [51, 44], [74, 45], [29, 57], [45, 8], [54, 50], [60, 34], [25, 51], [51, 50], [72, 81], [59, 9], [65, 73], [60, 37], [55, 58], [3, 96], [35, 3], [19, 50], [66, 42], [47, 3], [48, 49], [58, 60], [25, 56], [72, 34], [79, 32], [78, 81], [53, 13], [65, 78], [52, 49], [45, 56], [62, 39], [24, 57], [53, 10], [71, 37], [52, 51], [81, 78], [57, 43], [21, 54], [70, 40], [48, 9], [65, 77], [57, 64], [20, 52], [66, 41], [5, 93], [49, 44], [29, 7], [58, 9], [84, 35], [81, 72], [61, 62], [61, 44], [23, 53], [54, 44], [66, 49], [55, 12], [72, 77], [51, 63], [20, 44], [64, 35], [72, 76], [47, 36], [58, 14], [51, 55], [25, 47], [76, 44], [25, 54], [60, 61], [46, 6], [72, 78], [59, 38], [55, 50], [77, 36], [71, 71], [0, 94], [32, 8], [60, 49], [20, 54], [58, 63], [54, 14], [44, 41], [58, 38], [29, 55], [53, 57], [50, 11], [70, 72], [82, 79], [62, 38], [47, 37], [18, 50], [51, 57], [69, 46], [43, 6], [30, 44], [69, 38], [51, 46], [51, 58], [76, 32], [75, 70], [58, 19], [69, 72], [64, 49], [20, 49], [46, 61], [5, 95], [53, 44], [34, 3], [56, 7], [61, 39], [32, 56], [77, 78], [45, 53], [58, 43], [56, 8], [70, 82], [47, 45], [32, 59], [67, 47], [50, 62], [56, 4], [22, 49], [62, 45], [57, 48], [81, 39], [79, 76], [47, 60], [58, 44], [51, 4], [66, 73], [21, 46], [58, 48], [56, 62], [61, 46], [18, 54], [77, 81], [3, 90], [47, 18], [29, 1], [63, 41], [49, 61], [54, 47], [33, 47], [43, 3], [74, 72], [74, 35], [56, 59], [79, 36], [81, 79], [57, 37], [70, 39], [21, 50], [44, 17], [59, 56], [64, 46], [18, 44], [48, 48], [56, 11], [63, 77], [61, 40], [50, 49], [77, 69], [26, 48], [74, 42], [46, 13], [4, 90], [51, 41], [27, 1], [60, 53], [26, 54], [60, 35], [57, 12], [75, 84], [84, 40], [83, 79], [49, 50], [49, 37], [70, 51], [32, 52], [56, 19], [63, 43], [51, 51], [32, 50], [51, 47], [60, 44], [72, 74], [59, 5], [75, 82], [52, 64], [24, 56], [71, 51], [53, 36], [52, 16], [50, 58], [26, 60], [68, 38], [4, 89], [30, 9], [76, 37], [73, 79], [47, 48], [61, 51], [57, 15], [72, 72], [56, 53], [34, 56], [70, 49], [20, 55], [56, 64], [59, 12], [45, 40], [76, 80], [74, 37], [20, 51], [54, 56], [46, 12], [67, 74], [62, 34], [51, 43], [34, 53], [75, 49], [49, 59], [80, 37], [83, 70], [50, 19], [4, 95], [49, 45], [28, 8], [68, 36], [27, 52], [61, 59], [45, 14], [67, 80], [61, 45], [20, 47], [50, 46], [81, 81], [57, 50], [75, 39], [55, 9], [33, 51], [67, 50], [54, 55], [50, 40], [51, 13], [75, 83], [85, 31], [79, 80], [75, 43], [22, 48], [48, 64], [53, 47], [57, 18], [70, 38], [24, 51], [5, 96], [31, 4], [61, 61], [60, 52], [50, 4], [75, 78], [75, 72], [56, 41], [19, 57], [59, 43], [53, 52], [43, 4], [22, 50], [66, 50], [45, 48], [46, 53], [77, 38], [73, 75], [60, 46], [52, 19], [65, 82], [25, 58], [56, 48], [48, 43], [59, 50], [30, 55], [44, 13], [74, 41], [53, 55], [79, 81], [0, 88], [49, 42], [28, 1], [20, 46], [54, 9], [70, 73], [69, 42], [54, 61], [34, 44], [71, 45], [54, 46], [44, 6], [78, 30], [73, 74], [52, 56], [64, 34], [29, 49], [51, 3], [73, 72], [48, 44], [69, 47], [51, 54], [22, 52], [79, 79], [62, 51], [45, 6], [60, 50], [58, 37], [18, 55], [72, 36], [5, 94], [27, 9], [46, 14], [67, 76], [60, 60], [25, 60], [76, 47], [52, 48], [78, 38], [80, 70], [49, 11], [69, 45], [49, 52], [32, 44], [45, 43], [70, 41], [58, 5], [64, 76], [49, 51], [27, 45], [76, 73], [66, 34], [56, 49], [55, 15], [53, 50], [27, 59], [68, 49], [64, 0], [85, 22], [85, 42], [28, 94], [22, 24], [10, 33], [93, 27], [55, 29], [50, 85], [82, 90], [38, 46], [20, 94], [58, 90], [30, 97], [49, 18], [37, 77], [41, 64], [46, 71], [0, 22], [76, 22], [79, 55], [60, 0], [99, 68], [69, 7], [52, 76], [38, 99], [83, 89], [51, 38], [78, 78], [22, 20], [78, 37], [67, 19], [66, 79], [80, 16], [26, 45], [73, 1], [95, 37], [97, 94], [21, 16], [26, 30], [22, 13], [59, 89], [31, 54], [91, 0], [31, 60], [64, 72], [78, 31], [69, 85], [13, 56], [26, 92], [29, 42], [67, 77], [85, 95], [72, 88], [99, 1], [44, 88], [5, 53], [56, 12], [58, 76], [90, 30], [36, 78], [0, 63], [49, 35], [27, 8], [4, 92], [69, 65], [25, 45], [62, 87], [3, 34], [98, 94], [72, 59], [49, 34], [10, 45], [54, 10], [43, 33], [90, 51], [25, 1], [3, 83], [56, 93], [48, 89], [0, 39], [77, 97], [71, 2], [2, 9], [20, 91], [68, 66], [25, 84], [17, 20], [17, 41], [87, 16], [5, 7], [27, 85], [62, 35], [83, 0], [33, 64], [12, 10], [12, 15], [98, 84], [92, 85], [4, 91], [29, 87], [46, 5], [3, 2], [7, 32], [68, 98], [38, 57], [61, 93], [78, 15], [81, 94], [85, 4], [36, 31], [92, 71], [70, 69], [22, 74], [59, 41], [90, 21], [6, 46], [73, 76], [47, 33], [79, 47], [59, 81], [86, 92], [66, 69], [95, 52], [39, 35], [46, 39], [83, 26], [99, 13], [18, 36], [17, 40], [49, 78], [15, 93], [28, 65], [42, 51], [91, 2], [79, 20], [87, 41], [33, 58], [73, 88], [40, 34], [82, 98], [34, 68], [3, 18], [95, 36], [42, 27], [57, 77], [67, 96], [17, 15], [85, 5], [39, 52], [6, 65], [52, 0], [27, 70], [33, 98], [48, 35], [45, 37], [12, 52], [97, 9], [70, 65], [74, 22], [83, 11], [23, 29], [18, 99], [90, 57], [21, 8], [70, 12], [85, 34], [84, 72], [64, 60], [36, 35], [55, 32], [69, 75], [72, 12], [34, 36], [67, 84], [54, 3], [93, 99], [17, 21], [79, 53], [72, 42], [10, 81], [26, 67], [96, 10], [78, 2], [44, 16], [59, 65], [40, 67], [0, 0], [96, 50], [89, 69], [2, 55], [37, 38], [23, 71], [91, 94], [39, 8], [83, 36], [16, 24], [85, 85], [11, 89], [75, 45], [72, 51], [43, 64], [72, 57], [30, 31], [7, 58], [90, 9], [56, 24], [72, 47], [10, 94], [75, 60], [94, 34], [19, 23], [35, 96], [3, 4], [89, 88], [86, 72], [25, 39], [30, 14], [70, 83], [54, 7], [46, 22], [45, 94], [85, 99], [83, 45], [25, 62], [20, 6], [51, 59], [30, 99], [83, 32], [49, 6], [43, 87], [47, 50], [16, 7], [23, 97], [27, 84], [44, 98], [19, 31], [69, 2], [27, 82], [16, 17], [89, 19], [30, 26], [5, 6], [66, 76], [89, 74], [27, 56], [33, 61], [58, 86], [77, 32], [47, 20], [21, 17], [90, 36], [5, 23], [94, 0], [0, 54], [23, 28], [16, 90], [15, 78], [32, 18], [97, 47], [40, 79], [42, 82], [72, 9], [10, 58], [16, 26], [64, 4], [73, 38], [84, 36], [50, 5], [73, 59], [46, 16], [16, 55], [67, 45], [33, 92], [43, 85], [55, 48], [7, 21], [66, 85], [14, 23], [81, 33], [73, 65], [8, 92], [69, 80], [81, 17], [16, 44], [11, 9], [20, 42], [70, 63], [96, 33], [69, 89], [16, 5], [89, 39], [96, 97], [17, 92], [66, 58], [41, 20], [26, 51], [75, 37], [42, 44], [32, 11], [1, 61], [60, 88], [75, 97], [20, 73], [97, 43], [9, 42], [14, 46], [42, 81], [17, 39], [98, 24], [89, 25], [56, 90], [65, 64], [3, 58], [31, 10], [83, 97], [14, 98], [42, 50], [94, 84], [40, 19], [5, 41], [43, 1], [98, 92], [55, 60], [30, 4], [0, 19], [63, 1], [78, 28], [42, 11], [84, 77], [69, 31], [7, 12], [37, 33], [72, 60], [9, 1], [87, 39], [8, 46], [33, 91], [89, 94], [77, 73], [76, 8], [88, 91], [7, 60], [20, 8], [91, 42], [84, 62], [73, 66], [23, 12], [71, 62], [43, 59], [30, 78], [44, 20], [25, 42], [93, 57], [20, 14], [75, 14], [34, 77], [83, 18], [14, 41], [99, 36], [33, 54], [28, 42], [23, 96], [17, 88], [17, 71], [24, 45], [98, 45], [37, 89], [84, 38], [57, 94], [75, 12], [89, 21], [23, 69], [99, 20], [82, 25], [31, 12], [25, 33], [55, 61], [3, 80], [63, 32], [12, 31], [20, 7], [84, 74], [8, 90], [45, 16], [43, 17], [64, 70], [42, 87], [28, 51], [81, 44], [87, 83], [69, 62], [9, 84], [69, 19], [15, 8], [43, 54], [61, 26], [41, 6], [45, 45], [31, 41], [66, 64], [56, 78], [43, 10], [78, 58], [55, 10], [58, 8], [84, 22], [32, 32], [7, 48], [41, 86], [43, 44], [20, 3], [53, 43], [46, 65], [99, 49], [72, 19], [91, 55], [34, 14], [70, 18], [25, 8], [49, 10], [99, 44], [73, 43], [58, 85], [96, 35], [55, 93], [38, 26], [15, 49], [65, 8], [7, 15], [74, 39], [63, 79], [39, 0], [86, 51], [91, 3], [12, 87], [58, 21], [76, 3], [25, 6], [68, 8], [98, 13], [66, 32], [27, 32], [87, 1], [20, 37], [35, 94], [20, 68], [7, 46], [88, 16], [35, 90], [98, 50], [68, 22], [4, 57], [86, 91], [52, 32], [91, 14], [34, 93], [39, 57], [71, 93], [99, 52], [42, 19], [57, 71], [30, 6], [57, 14], [68, 9], [42, 71], [61, 17], [24, 27], [42, 2], [21, 13], [0, 18], [32, 69], [98, 72], [0, 13], [67, 90], [3, 41], [78, 13], [73, 92], [58, 79], [41, 89], [82, 55], [11, 90], [97, 46], [15, 53], [67, 53], [51, 62], [42, 34], [43, 24], [11, 56], [47, 66], [45, 38], [14, 16], [23, 46], [87, 34], [77, 1], [54, 82], [16, 32], [9, 33], [50, 80], [93, 11], [12, 80], [29, 30], [1, 1], [64, 6], [31, 52], [66, 72], [38, 17], [78, 64], [88, 31], [8, 65], [89, 90], [18, 39], [70, 54], [22, 80], [12, 75], [79, 61], [78, 34], [27, 33], [75, 99], [53, 94], [3, 38], [35, 39], [74, 34], [63, 11], [49, 94], [16, 97], [49, 81], [13, 16], [28, 71], [22, 89], [80, 44], [56, 65], [75, 31], [21, 34], [84, 54], [11, 91], [4, 21], [22, 97], [55, 96], [63, 0], [91, 91], [6, 21], [75, 13], [78, 27], [6, 80], [15, 46], [40, 59], [15, 47], [38, 19], [31, 6], [44, 53], [59, 64], [48, 59], [95, 3], [16, 46], [38, 72], [99, 34], [6, 60], [60, 90], [3, 60], [77, 34], [44, 8], [7, 1], [34, 46], [68, 61], [88, 32], [53, 97], [89, 14], [56, 47], [70, 80], [73, 98], [25, 26], [18, 10], [8, 33], [71, 21], [18, 16], [81, 64], [40, 0], [28, 35], [3, 8], [87, 10], [65, 69], [47, 1], [91, 50], [60, 47], [85, 66], [5, 22], [39, 89], [48, 32], [63, 28], [34, 31], [66, 26], [4, 41], [63, 40], [88, 70], [28, 9], [89, 38], [70, 26], [68, 89], [84, 91], [68, 85], [88, 1], [34, 59], [60, 21], [87, 59], [64, 45], [44, 40], [43, 23], [86, 97], [14, 3], [4, 74], [12, 82], [93, 20], [68, 92], [39, 5], [92, 6], [45, 41], [45, 49], [81, 31], [21, 43], [42, 60], [91, 52], [62, 86], [13, 41], [52, 67], [17, 42], [22, 85], [62, 65], [52, 75], [88, 95], [17, 33], [64, 2], [63, 36], [37, 79], [84, 89], [88, 51], [97, 18], [34, 9], [1, 7], [53, 40], [42, 12], [50, 10], [27, 93], [46, 82], [74, 74], [69, 51], [17, 49], [42, 28], [88, 33], [9, 44], [27, 50], [42, 52], [93, 69], [76, 15], [91, 58], [93, 65], [34, 16], [62, 70], [12, 84], [48, 53], [56, 28], [63, 46], [58, 78], [5, 52], [64, 69], [63, 30], [85, 96], [96, 14], [37, 86], [98, 9], [38, 62], [65, 99], [60, 33], [31, 39], [64, 64], [40, 70], [9, 93], [28, 29], [1, 18], [6, 44], [93, 58], [13, 22], [1, 19], [87, 99], [83, 31], [79, 58], [53, 9], [94, 72], [42, 98], [9, 53], [31, 27], [24, 92], [14, 12], [15, 50], [66, 90], [26, 4], [71, 8], [92, 10], [52, 85], [89, 27], [31, 47], [62, 5], [77, 13], [71, 26], [30, 95], [44, 42], [97, 26], [12, 78], [48, 84], [45, 24], [62, 72], [93, 19], [44, 0], [13, 14], [72, 82], [4, 9], [64, 96], [39, 26], [60, 15], [13, 98], [25, 80], [81, 7], [92, 91], [99, 50], [87, 9], [92, 0], [73, 58], [80, 18], [84, 59], [29, 37], [24, 88], [21, 56], [73, 68], [12, 95], [17, 52], [47, 0], [4, 76], [79, 26], [1, 30], [83, 10], [40, 89], [86, 83], [31, 43], [29, 78], [70, 79], [15, 23], [70, 66], [22, 18], [35, 92], [2, 16], [86, 34], [6, 48], [7, 14], [98, 52], [45, 91], [42, 63], [18, 91], [50, 36], [83, 69], [37, 61], [44, 77], [75, 98], [84, 86], [59, 49], [24, 85], [48, 11], [89, 73], [92, 69], [59, 2], [85, 98], [72, 14], [75, 30], [58, 83], [44, 91], [29, 29], [18, 37], [7, 34], [62, 47], [77, 57], [10, 41], [23, 20], [46, 76], [93, 88], [89, 43], [99, 89], [2, 77], [92, 99], [21, 44], [38, 56], [75, 33], [68, 24], [49, 90], [26, 39], [36, 94], [45, 4], [28, 59], [61, 55], [85, 93], [76, 92], [62, 63], [93, 92], [8, 12], [73, 13], [28, 98], [99, 6], [38, 3], [9, 23], [91, 83], [97, 8], [17, 13], [47, 38], [23, 73], [81, 13], [68, 99], [48, 13], [53, 81], [38, 90], [14, 51], [35, 36], [31, 87], [51, 71], [76, 54], [99, 78], [18, 4], [63, 97], [16, 10], [18, 52], [23, 14], [12, 11], [39, 83], [60, 82], [57, 32], [19, 83], [39, 86], [37, 3], [66, 53], [4, 50], [56, 31], [87, 72], [81, 21], [4, 58], [45, 44], [40, 55], [26, 82], [82, 72], [49, 8], [72, 69], [58, 4], [98, 46], [95, 94], [1, 21], [26, 36], [32, 13], [73, 29], [15, 99], [74, 71], [60, 89], [66, 5], [19, 12], [98, 48], [4, 20], [41, 24], [31, 62], [8, 32], [94, 98], [65, 18], [60, 85], [81, 5], [64, 58], [89, 60], [87, 75], [22, 25], [0, 16], [75, 57], [61, 73], [16, 41], [6, 27], [73, 16], [76, 26], [4, 40], [63, 42], [58, 73], [74, 2], [17, 25], [42, 54], [33, 78], [67, 99], [73, 12], [4, 16], [52, 53], [52, 38], [56, 68], [37, 93], [65, 89], [86, 37], [75, 53], [0, 43], [35, 32], [21, 19], [22, 2], [90, 72], [18, 0], [20, 18], [67, 20], [72, 13], [80, 47], [25, 96], [64, 30], [68, 67], [57, 83], [39, 84], [46, 38], [68, 3], [76, 58], [35, 13], [25, 79], [64, 7], [24, 70], [0, 45], [64, 18], [87, 61], [89, 41], [73, 7], [87, 40], [97, 62], [56, 27], [41, 7], [65, 37], [92, 5], [6, 99], [24, 90], [67, 49], [86, 50], [31, 3], [71, 23], [92, 34], [9, 17], [88, 81], [89, 87], [57, 90], [80, 66], [67, 89], [91, 31], [76, 62], [32, 90], [30, 8], [1, 78], [87, 17], [71, 24], [99, 66], [97, 59], [2, 24], [95, 95], [55, 78], [20, 45], [79, 63], [39, 29], [32, 49], [41, 22], [88, 0], [14, 49], [86, 98], [21, 25], [15, 43], [5, 82], [65, 67], [71, 77], [90, 52], [27, 54], [97, 84], [34, 45], [83, 73], [62, 31], [39, 77], [41, 95], [50, 87], [73, 83], [75, 85], [94, 7], [90, 18], [69, 36], [21, 98], [79, 91], [96, 18], [62, 59], [64, 66], [11, 46], [91, 88], [35, 46], [63, 5], [34, 90], [95, 4], [97, 65], [89, 55], [69, 84], [50, 33], [8, 2], [7, 42], [55, 8], [21, 20], [94, 17], [60, 55], [8, 82], [2, 64], [40, 40], [94, 85], [85, 73], [28, 60], [11, 23], [39, 4], [22, 98], [8, 61], [18, 82], [82, 82], [0, 1], [87, 89], [25, 27], [42, 67], [83, 65], [30, 92], [54, 1], [97, 57], [1, 25], [10, 97], [92, 43], [34, 94], [66, 20], [58, 98], [35, 54], [38, 30], [31, 78], [76, 27], [83, 43], [18, 53], [35, 67], [16, 70], [83, 52], [57, 0], [33, 29], [80, 55], [40, 36], [45, 34], [40, 3], [77, 77], [90, 59], [58, 68], [61, 53], [85, 61], [2, 13], [64, 51], [21, 93], [92, 89], [52, 60], [20, 41], [82, 67], [97, 17], [85, 28], [31, 95], [15, 96], [88, 89], [20, 19], [66, 66], [17, 24], [19, 93], [1, 16], [94, 6], [65, 17], [31, 99], [23, 4], [61, 77], [18, 33], [87, 5], [0, 42], [43, 92], [16, 98], [15, 74], [97, 63], [21, 55], [17, 85], [83, 35], [62, 10], [87, 24], [43, 49], [1, 3], [71, 10], [90, 71], [80, 51], [41, 71], [34, 92], [45, 68], [44, 65], [88, 57], [42, 96], [77, 62], [85, 2], [34, 7], [27, 47], [76, 72], [56, 54], [10, 22], [99, 16], [23, 36], [39, 20], [27, 94], [84, 12], [1, 95], [36, 53], [4, 51], [86, 16], [6, 55], [7, 29], [28, 95], [97, 2], [65, 15], [69, 10], [15, 14], [48, 86], [8, 8], [43, 53], [65, 68], [32, 64], [73, 40], [39, 97], [49, 19], [87, 86], [78, 21], [93, 54], [37, 40], [66, 12], [4, 75], [30, 61], [43, 73], [34, 17], [35, 31], [96, 83], [88, 42], [37, 21], [70, 97], [87, 67], [23, 22], [76, 34], [99, 72], [82, 70], [94, 62], [21, 21], [29, 18], [3, 95], [13, 80], [67, 18], [83, 94], [36, 12], [63, 58], [21, 37], [84, 76], [44, 51], [65, 85], [16, 48], [46, 46], [70, 64], [22, 39], [98, 27], [82, 13], [55, 92], [5, 3], [10, 12], [26, 11], [99, 12], [24, 31], [24, 26], [57, 30], [83, 24], [56, 91], [55, 53], [34, 83], [90, 33], [99, 30], [44, 33], [71, 19], [42, 10], [87, 64], [24, 1], [25, 37], [16, 4], [1, 45], [51, 96], [85, 6], [41, 13], [1, 93], [5, 4], [67, 12], [78, 84], [78, 29], [70, 48], [6, 74], [51, 88], [26, 79], [31, 5], [29, 2], [86, 28], [60, 13], [48, 82], [65, 14], [44, 55], [8, 9], [28, 73], [2, 11], [84, 7], [91, 5], [92, 35], [91, 24], [19, 44], [1, 38], [29, 91], [11, 10], [18, 34], [61, 97], [17, 36], [47, 55], [61, 80], [48, 14], [10, 89], [88, 4], [27, 71], [69, 44], [2, 34], [17, 27], [30, 38], [69, 81], [30, 63], [43, 90], [60, 95], [3, 78], [5, 21], [23, 80], [95, 89], [4, 46], [38, 25], [42, 13], [2, 95], [97, 28], [97, 50], [54, 79], [25, 30], [1, 42], [25, 91], [42, 22], [68, 14], [91, 71], [58, 29], [46, 19], [66, 15], [55, 86], [24, 2], [65, 91], [28, 11], [64, 48], [82, 39], [43, 31], [40, 20], [33, 36], [41, 25], [38, 94], [0, 17], [93, 60], [62, 2], [80, 74], [61, 18], [4, 33], [12, 17], [44, 14], [58, 53], [65, 98], [40, 12], [5, 48], [23, 56], [54, 57], [12, 13], [51, 48], [1, 86], [84, 32], [21, 38], [0, 80], [56, 89], [4, 94], [93, 5], [73, 48], [10, 17], [88, 72], [52, 1], [20, 53], [69, 86], [3, 3], [15, 92], [55, 44], [98, 49], [70, 67], [88, 7], [33, 27], [8, 86], [4, 98], [96, 47], [39, 55], [82, 88], [48, 99], [25, 82], [58, 96], [73, 56], [33, 55], [80, 10], [63, 24], [34, 58], [19, 24], [6, 76], [67, 17], [35, 59], [22, 84], [80, 29], [85, 13], [88, 27], [25, 3], [8, 16], [91, 17], [99, 27], [27, 58], [97, 86], [77, 48], [83, 49], [99, 69], [79, 57], [76, 16], [61, 12], [6, 91], [94, 65], [67, 60], [36, 9], [84, 42], [55, 95], [87, 18], [87, 57], [17, 78], [98, 14], [15, 81], [33, 67], [62, 52], [74, 79], [91, 97], [42, 79], [6, 10], [69, 99], [50, 51], [34, 84], [39, 67], [51, 77], [12, 35], [24, 28], [59, 44], [30, 35], [95, 70], [49, 17], [99, 22], [54, 11], [2, 84], [98, 68], [77, 20], [88, 2], [93, 59], [40, 83], [86, 18], [89, 58], [69, 96], [36, 4], [83, 47], [69, 50], [54, 54], [99, 33], [9, 73], [79, 10], [73, 27], [31, 49], [66, 24], [41, 61], [49, 41], [87, 43], [21, 53], [68, 77], [90, 99], [26, 43], [81, 11], [69, 0], [16, 36], [12, 14], [3, 76], [83, 76], [20, 1], [21, 85], [77, 99], [45, 12], [63, 78], [93, 1], [58, 2], [86, 35], [61, 78], [78, 77], [70, 37], [58, 57], [37, 59], [33, 60], [68, 62], [58, 89], [84, 53], [7, 94], [31, 7], [15, 87], [67, 48], [21, 5], [94, 92], [58, 65], [41, 15], [14, 50], [4, 96], [89, 51], [30, 64], [82, 42], [93, 64], [51, 37], [87, 25], [27, 0], [81, 92], [0, 3], [96, 27], [14, 83], [91, 1], [23, 74], [20, 88], [64, 71], [88, 8], [25, 5], [39, 71], [5, 16], [16, 79], [38, 0], [27, 92], [16, 37], [28, 36], [20, 65], [15, 80], [24, 97], [39, 75], [70, 9], [23, 34], [11, 8], [86, 70], [48, 39], [33, 16], [21, 58], [38, 92], [13, 85], [34, 85], [15, 18], [82, 5], [75, 79], [17, 64], [2, 12], [80, 79], [47, 53], [97, 31], [7, 3], [24, 87], [52, 88], [25, 85], [19, 36], [30, 62], [82, 36], [40, 46], [27, 83], [23, 39], [54, 69], [77, 7], [21, 22], [41, 18], [74, 90], [86, 13], [11, 36], [19, 17], [7, 24], [33, 87], [71, 49], [34, 89], [29, 14], [5, 90], [26, 12], [76, 60], [99, 42], [93, 40], [60, 32], [47, 69], [80, 9], [39, 98], [0, 2], [12, 96], [9, 92], [40, 23], [66, 46], [31, 26], [50, 45], [71, 99], [11, 79], [22, 30], [78, 23], [95, 0], [72, 54], [25, 35], [99, 26], [61, 54], [51, 99], [5, 30], [71, 54], [61, 94], [60, 94], [34, 42], [24, 98], [28, 79], [32, 38], [17, 84], [2, 62], [52, 2], [57, 93], [28, 63], [88, 97], [46, 92], [9, 45], [88, 82], [88, 77], [33, 34], [90, 27], [60, 36], [89, 71], [0, 86], [7, 98], [59, 77], [81, 28], [18, 97], [18, 86], [6, 11], [84, 25], [62, 49], [69, 57], [26, 89], [32, 63], [58, 87], [56, 55], [91, 56], [1, 94], [45, 63], [27, 38], [47, 12], [85, 25], [53, 37], [35, 95], [1, 72], [22, 65], [67, 55], [76, 11], [9, 8], [24, 34], [76, 93], [62, 26], [47, 39], [81, 49], [85, 35], [33, 1], [6, 25], [60, 70], [75, 38], [31, 18], [32, 85], [46, 96], [32, 37], [0, 52], [82, 68], [92, 68], [30, 53], [33, 12], [91, 27], [99, 67], [2, 46], [3, 19], [64, 5], [83, 27], [49, 5], [28, 38], [63, 21], [19, 35], [33, 89], [41, 78], [75, 81], [59, 58], [80, 20], [47, 4], [39, 14], [14, 19], [2, 15], [3, 61], [97, 24], [31, 13], [91, 81], [15, 15], [68, 63], [43, 13], [11, 92], [98, 2], [22, 32], [47, 63], [50, 99], [42, 17], [93, 63], [63, 95], [40, 65], [74, 30], [92, 64], [32, 91], [26, 14], [1, 37], [91, 25], [65, 93], [63, 20], [99, 92], [58, 32], [92, 31], [59, 55], [90, 89], [57, 54], [42, 14], [77, 25], [12, 93], [91, 69], [68, 53], [42, 24], [62, 1], [99, 82], [37, 66], [81, 0], [47, 86], [57, 74], [32, 48], [70, 0], [36, 97], [9, 32], [72, 56], [68, 59], [93, 66], [96, 65], [68, 96], [47, 17], [4, 7], [19, 66], [49, 87], [6, 20], [11, 64], [93, 93], [56, 38], [18, 95], [13, 36], [74, 57], [42, 16], [10, 43], [56, 63], [83, 22], [78, 10], [23, 51], [95, 6], [72, 43], [56, 51], [95, 40], [95, 11], [35, 80], [5, 62], [66, 40], [55, 91], [35, 17], [95, 31], [91, 20], [13, 10], [43, 82], [23, 25], [77, 3], [35, 51], [42, 31], [55, 69], [0, 91], [2, 47], [50, 0], [2, 5], [79, 84], [86, 1], [3, 24], [94, 66], [37, 42], [6, 83], [96, 40], [99, 54], [21, 45], [93, 50], [87, 27], [66, 44], [74, 96], [20, 36], [86, 88], [19, 81], [44, 72], [78, 25], [66, 81], [90, 15], [67, 39], [40, 78], [66, 7], [33, 17], [22, 22], [24, 83], [37, 7], [95, 83], [9, 75], [99, 45], [96, 64], [0, 6], [33, 46], [52, 61], [61, 23], [82, 52], [66, 65], [48, 80], [48, 2], [88, 9], [72, 11], [17, 61], [39, 48], [29, 13], [41, 83], [69, 9], [16, 23], [32, 7], [99, 98], [64, 75], [31, 37], [26, 72], [39, 37], [54, 43], [97, 58], [16, 52], [80, 86], [89, 70], [70, 21], [90, 65], [36, 17], [84, 68], [70, 59], [75, 73], [85, 41], [62, 28], [72, 92], [91, 39], [53, 42], [77, 9], [34, 43], [35, 69], [54, 62], [59, 4], [65, 24], [70, 3], [66, 38], [99, 40], [59, 78], [86, 7], [41, 48], [72, 37], [44, 4], [36, 11], [49, 97], [75, 34], [78, 75], [18, 35], [97, 11], [49, 43], [66, 61], [30, 32], [1, 27], [52, 20], [63, 10], [31, 74], [53, 31], [35, 26], [52, 90], [16, 51], [77, 60], [22, 82], [13, 4], [64, 42], [40, 48], [55, 45], [2, 70], [97, 92], [71, 76], [82, 56], [32, 15], [19, 32], [7, 6], [38, 38], [30, 87], [6, 33], [43, 38], [67, 13], [71, 46], [34, 81], [43, 26], [14, 15], [86, 39], [2, 29], [55, 57], [83, 42], [57, 61], [60, 48], [63, 45], [99, 53], [87, 20], [23, 41], [79, 9], [59, 22], [91, 30], [40, 66], [38, 73], [84, 27], [25, 98], [7, 99], [42, 56], [68, 44], [22, 79], [3, 15], [66, 51], [19, 82], [71, 34], [41, 51], [55, 87], [10, 8], [61, 89], [72, 24], [1, 53], [6, 0], [60, 67], [46, 95], [79, 0], [99, 14], [84, 60], [96, 13], [83, 56], [19, 74], [74, 91], [81, 16], [85, 69], [0, 23], [97, 21], [86, 33], [9, 43], [39, 70], [27, 29], [15, 0], [46, 33], [30, 12], [37, 51], [92, 59], [30, 50], [35, 34], [8, 11], [20, 92], [6, 47], [53, 59], [80, 94], [37, 34], [36, 38], [37, 47], [75, 58], [35, 88], [59, 54], [47, 92], [53, 8], [17, 32], [42, 25], [95, 42], [26, 15], [76, 31], [42, 93], [33, 85], [41, 84], [74, 56], [95, 43], [22, 31], [34, 79], [13, 92], [57, 63], [96, 70], [36, 48], [76, 39], [26, 56], [28, 86], [71, 94], [30, 52], [69, 70], [68, 7], [54, 35], [91, 7], [64, 90], [71, 70], [13, 8], [84, 4], [29, 65], [0, 72], [49, 62], [69, 12], [28, 41], [75, 94], [59, 70], [60, 3], [77, 39], [91, 93], [14, 96], [66, 22], [16, 66], [91, 80], [38, 48], [84, 19], [31, 29], [80, 82], [23, 18], [52, 5], [16, 71], [8, 21], [3, 12], [56, 85], [81, 59], [36, 67], [1, 8], [40, 18], [9, 18], [67, 24], [31, 8], [78, 4], [83, 96], [78, 99], [22, 43], [67, 34], [90, 77], [22, 9], [67, 59], [94, 55]]}