{"meta": {"number_of_robots": 4000, "description": {"parameters": {"seed": 8182, "shape": [100, 100], "obstacles": {"n": 0, "mean": 7, "std": 3.5}, "clusters": {"n": 50, "mean": 40, "std": 20.0, "relative_radius": 2, "increase_factor": 1.3, "start_dist": {"generator_name": "Image", "shape": [100, 100], "min": 0.0, "max": 249.0, "mean": 30.4661, "std": 43.783120615026974, "dtype": "uint64", "parameters": {"image": "clouds.png", "transformer": {"name": "ColorChannelSelector", "channel": "s", "inverted": false}}}, "target_dist": {"generator_name": "Image", "shape": [100, 100], "min": 6.0, "max": 255.0, "mean": 224.5339, "std": 43.783120615026974, "dtype": "uint64", "parameters": {"image": "clouds.png", "transformer": {"name": "ColorChannelSelector", "channel": "s", "inverted": true}}}}, "density": 0.4, "start_dist": {"generator_name": "Image", "shape": [100, 100], "min": 0.0, "max": 249.0, "mean": 30.4661, "std": 43.783120615026974, "dtype": "uint64", "parameters": {"image": "clouds.png", "transformer": {"name": "ColorChannelSelector", "channel": "s", "inverted": false}}}, "target_dist": {"generator_name": "Image", "shape": [100, 100], "min": 6.0, "max": 255.0, "mean": 224.5339, "std": 43.783120615026974, "dtype": "uint64", "parameters": {"image": "clouds.png", "transformer": {"name": "ColorChannelSelector", "channel": "s", "inverted": true}}}}, "stats": {"date": "2020-11-17", "free_area": 10000.0, "number_of_clustered_robots": 2032, "number_of_robots": 4000}}}, "name": "clouds_00007_100x100_40_4000", "obstacles": [], "starts": [[88, 77], [95, 2], [27, 3], [27, 69], [31, 97], [14, 73], [10, 59], [28, 4], [68, 39], [31, 60], [10, 62], [16, 76], [7, 61], [47, 15], [74, 34], [82, 84], [0, 71], [31, 70], [30, 71], [72, 30], [48, 71], [69, 71], [5, 54], [29, 67], [49, 75], [12, 28], [42, 78], [31, 72], [99, 8], [70, 44], [91, 79], [71, 19], [45, 71], [89, 79], [9, 55], [55, 20], [53, 91], [16, 81], [23, 64], [69, 82], [22, 51], [30, 65], [17, 73], [79, 56], [37, 76], [45, 79], [41, 81], [43, 77], [46, 75], [10, 73], [70, 46], [12, 72], [47, 78], [67, 24], [5, 56], [76, 85], [14, 82], [9, 75], [29, 63], [66, 69], [52, 69], [18, 32], [41, 77], [84, 80], [39, 74], [6, 68], [25, 71], [30, 70], [29, 4], [52, 84], [25, 94], [11, 78], [8, 59], [50, 34], [56, 16], [37, 80], [65, 52], [13, 54], [71, 42], [12, 58], [29, 65], [46, 73], [10, 54], [48, 89], [5, 69], [6, 71], [40, 67], [53, 83], [77, 23], [5, 53], [34, 70], [72, 75], [95, 0], [6, 55], [29, 73], [78, 39], [17, 70], [39, 58], [71, 70], [49, 70], [12, 18], [37, 62], [76, 44], [87, 79], [38, 79], [3, 75], [27, 66], [60, 76], [11, 74], [40, 68], [52, 78], [29, 10], [59, 90], [69, 13], [6, 65], [19, 65], [26, 95], [88, 82], [10, 77], [67, 72], [10, 60], [53, 30], [13, 80], [30, 3], [51, 17], [35, 78], [66, 39], [12, 53], [12, 67], [72, 34], [37, 58], [2, 57], [29, 72], [52, 83], [98, 8], [11, 48], [37, 82], [70, 64], [52, 76], [4, 20], [43, 75], [19, 70], [9, 72], [45, 70], [90, 78], [42, 75], [44, 74], [54, 76], [71, 21], [7, 51], [35, 71], [12, 77], [81, 83], [99, 3], [34, 74], [6, 58], [75, 49], [29, 71], [31, 77], [27, 2], [76, 42], [63, 90], [21, 89], [1, 84], [12, 73], [4, 53], [52, 25], [25, 59], [17, 75], [46, 17], [37, 78], [41, 72], [73, 68], [49, 68], [9, 18], [42, 70], [70, 15], [9, 67], [69, 42], [20, 46], [74, 72], [22, 85], [83, 86], [49, 74], [71, 35], [10, 61], [34, 71], [41, 83], [11, 55], [47, 84], [2, 74], [31, 67], [62, 80], [13, 73], [27, 77], [10, 75], [13, 79], [47, 68], [71, 48], [26, 62], [45, 75], [25, 8], [56, 90], [70, 17], [10, 52], [27, 65], [34, 88], [88, 76], [37, 72], [70, 66], [0, 74], [83, 70], [46, 78], [16, 29], [35, 75], [13, 59], [50, 22], [96, 0], [8, 52], [29, 69], [21, 1], [54, 17], [48, 73], [91, 77], [44, 70], [17, 65], [78, 35], [79, 25], [66, 46], [17, 52], [39, 79], [11, 72], [18, 69], [34, 73], [73, 13], [8, 58], [71, 39], [38, 58], [7, 55], [31, 66], [43, 72], [97, 3], [34, 78], [80, 76], [11, 52], [48, 87], [74, 67], [18, 79], [26, 6], [49, 73], [8, 21], [56, 86], [38, 72], [65, 49], [3, 74], [32, 90], [12, 81], [13, 77], [50, 80], [3, 62], [64, 33], [85, 76], [47, 76], [47, 73], [53, 75], [54, 12], [46, 79], [70, 21], [6, 54], [19, 83], [31, 74], [5, 72], [36, 58], [67, 76], [87, 75], [96, 4], [30, 69], [13, 52], [67, 50], [16, 73], [70, 84], [11, 53], [2, 66], [77, 56], [35, 69], [47, 74], [9, 32], [35, 77], [45, 67], [65, 29], [8, 57], [29, 70], [52, 85], [27, 6], [74, 36], [55, 94], [65, 28], [10, 58], [6, 50], [43, 79], [20, 70], [20, 91], [82, 82], [3, 73], [82, 83], [41, 82], [78, 53], [18, 77], [68, 69], [11, 64], [53, 25], [38, 60], [28, 75], [15, 65], [15, 70], [28, 3], [57, 16], [9, 71], [42, 80], [48, 68], [87, 84], [53, 76], [75, 69], [24, 63], [43, 76], [47, 70], [8, 28], [35, 73], [36, 76], [60, 25], [10, 64], [73, 41], [11, 42], [39, 72], [70, 76], [9, 65], [12, 68], [24, 2], [55, 83], [97, 0], [15, 59], [17, 72], [82, 77], [39, 71], [63, 41], [41, 64], [8, 61], [26, 63], [47, 77], [99, 9], [20, 90], [1, 74], [40, 73], [12, 56], [50, 88], [72, 44], [10, 56], [53, 23], [11, 75], [79, 68], [60, 23], [6, 51], [54, 24], [77, 39], [32, 72], [46, 68], [46, 72], [7, 32], [63, 84], [35, 70], [14, 70], [72, 83], [32, 69], [4, 77], [28, 70], [13, 76], [43, 70], [74, 43], [23, 50], [25, 65], [86, 79], [39, 73], [45, 77], [45, 78], [27, 4], [59, 92], [62, 21], [1, 62], [20, 72], [21, 90], [79, 85], [33, 72], [64, 66], [7, 79], [12, 74], [4, 68], [69, 41], [8, 60], [30, 64], [43, 71], [73, 78], [54, 69], [16, 19], [40, 71], [14, 62], [52, 33], [96, 5], [23, 68], [7, 50], [63, 45], [18, 70], [39, 70], [6, 53], [48, 88], [12, 78], [28, 5], [55, 18], [49, 79], [28, 68], [35, 58], [61, 26], [6, 59], [88, 74], [47, 75], [17, 68], [18, 10], [12, 71], [75, 40], [74, 32], [78, 79], [68, 44], [64, 92], [12, 51], [75, 66], [43, 78], [27, 71], [59, 66], [11, 29], [41, 75], [2, 73], [20, 97], [11, 80], [50, 83], [25, 67], [23, 62], [60, 79], [71, 13], [10, 53], [7, 62], [56, 31], [69, 37], [26, 65], [7, 57], [23, 69], [42, 85], [99, 4], [19, 74], [34, 72], [61, 43], [27, 68], [48, 18], [46, 71], [73, 83], [88, 80], [44, 67], [0, 59], [51, 80], [49, 67], [73, 67], [97, 2], [12, 59], [24, 79], [29, 6], [59, 70], [15, 18], [54, 84], [41, 76], [69, 19], [2, 63], [11, 82], [12, 64], [67, 40], [9, 52], [13, 70], [22, 63], [32, 99], [80, 85], [11, 73], [31, 63], [9, 69], [28, 65], [70, 70], [54, 66], [15, 64], [50, 32], [79, 38], [35, 72], [19, 69], [85, 82], [36, 73], [45, 74], [54, 87], [67, 59], [66, 40], [12, 61], [26, 68], [43, 85], [72, 43], [28, 6], [56, 21], [35, 82], [64, 25], [10, 66], [2, 70], [56, 78], [7, 29], [31, 68], [10, 82], [30, 72], [8, 56], [40, 87], [28, 2], [51, 94], [12, 76], [37, 59], [78, 85], [37, 66], [89, 76], [97, 7], [21, 88], [24, 64], [14, 56], [63, 49], [16, 77], [20, 66], [65, 84], [16, 54], [2, 76], [13, 67], [68, 16], [9, 59], [71, 69], [89, 82], [35, 83], [41, 78], [14, 59], [64, 20], [6, 69], [12, 79], [46, 70], [3, 19], [41, 73], [38, 65], [74, 73], [55, 14], [38, 73], [66, 48], [68, 31], [36, 55], [8, 51], [23, 66], [51, 81], [99, 6], [55, 79], [12, 75], [18, 81], [22, 8], [78, 41], [53, 90], [18, 72], [71, 16], [5, 63], [9, 56], [49, 88], [29, 68], [22, 65], [27, 97], [86, 78], [33, 69], [69, 65], [14, 74], [89, 78], [35, 80], [63, 39], [11, 54], [54, 80], [17, 77], [33, 73], [70, 77], [53, 74], [7, 19], [28, 66], [8, 63], [59, 30], [36, 57], [98, 7], [5, 58], [17, 69], [10, 68], [66, 23], [3, 68], [12, 69], [29, 3], [55, 15], [13, 71], [48, 75], [48, 69], [90, 81], [76, 53], [19, 3], [55, 86], [69, 38], [9, 57], [23, 61], [48, 78], [52, 79], [72, 64], [25, 64], [64, 79], [73, 75], [11, 81], [91, 71], [42, 76], [44, 77], [45, 85], [26, 94], [1, 75], [20, 65], [51, 72], [11, 18], [33, 64], [25, 72], [8, 62], [37, 79], [27, 70], [33, 56], [62, 24], [4, 55], [77, 42], [78, 32], [65, 44], [18, 54], [17, 61], [64, 26], [28, 67], [37, 77], [1, 72], [81, 84], [70, 67], [49, 17], [35, 79], [10, 72], [15, 71], [29, 2], [55, 88], [92, 2], [26, 61], [5, 51], [63, 46], [20, 75], [77, 15], [0, 64], [94, 75], [35, 74], [11, 77], [51, 73], [8, 23], [32, 68], [70, 32], [26, 49], [0, 58], [24, 66], [44, 73], [99, 10], [21, 71], [21, 99], [79, 84], [9, 73], [45, 65], [38, 75], [84, 74], [44, 78], [14, 72], [12, 54], [49, 82], [69, 53], [22, 49], [13, 61], [57, 29], [8, 65], [67, 56], [16, 82], [23, 81], [71, 14], [8, 68], [20, 1], [30, 2], [36, 65], [57, 20], [75, 41], [30, 67], [23, 65], [50, 75], [35, 81], [19, 33], [85, 84], [53, 88], [65, 82], [39, 68], [34, 80], [49, 76], [61, 39], [11, 71], [73, 77], [31, 71], [23, 94], [3, 82], [71, 28], [6, 60], [26, 67], [40, 80], [9, 76], [66, 25], [5, 66], [98, 1], [8, 54], [15, 78], [20, 76], [79, 62], [9, 77], [49, 78], [7, 56], [62, 32], [72, 48], [9, 51], [30, 62], [1, 52], [40, 84], [55, 69], [15, 22], [31, 64], [18, 82], [98, 73], [34, 77], [39, 78], [54, 79], [80, 84], [23, 71], [29, 5], [55, 84], [45, 16], [43, 74], [68, 13], [4, 57], [26, 82], [36, 77], [22, 75], [53, 82], [68, 41], [17, 64], [27, 89], [79, 76], [36, 75], [71, 57], [1, 73], [4, 67], [74, 41], [2, 65], [66, 38], [25, 61], [0, 52], [25, 62], [46, 80], [98, 9], [79, 82], [53, 80], [11, 30], [38, 67], [13, 74], [15, 62], [63, 32], [84, 85], [36, 80], [68, 18], [5, 65], [86, 76], [94, 4], [37, 75], [5, 52], [74, 52], [15, 74], [67, 78], [9, 53], [45, 68], [18, 11], [63, 91], [10, 57], [51, 88], [14, 78], [9, 68], [23, 4], [52, 11], [41, 70], [69, 62], [46, 77], [37, 70], [69, 76], [27, 63], [28, 92], [8, 73], [63, 47], [3, 65], [78, 23], [4, 64], [56, 69], [6, 33], [40, 70], [19, 71], [46, 67], [86, 83], [36, 70], [33, 74], [13, 68], [65, 32], [11, 61], [23, 72], [48, 80], [9, 63], [64, 27], [29, 66], [11, 76], [28, 14], [6, 70], [78, 33], [72, 26], [81, 67], [60, 44], [55, 87], [18, 44], [65, 64], [61, 23], [0, 61], [41, 61], [38, 76], [52, 16], [49, 81], [6, 56], [49, 89], [37, 73], [94, 3], [14, 52], [24, 69], [56, 73], [6, 34], [42, 69], [6, 64], [19, 66], [21, 72], [20, 94], [88, 81], [9, 81], [85, 87], [34, 82], [48, 76], [47, 86], [71, 47], [22, 82], [68, 72], [32, 67], [66, 77], [69, 22], [6, 52], [65, 69], [11, 57], [64, 34], [55, 75], [65, 35], [27, 51], [7, 52], [26, 71], [53, 72], [97, 5], [17, 78], [25, 5], [61, 82], [18, 68], [39, 69], [60, 48], [14, 44], [37, 67], [57, 65], [4, 27], [40, 66], [7, 69], [31, 3], [48, 15], [4, 66], [36, 72], [50, 68], [85, 81], [74, 79], [16, 69], [98, 72], [37, 83], [28, 95], [4, 74], [5, 57], [41, 79], [76, 29], [1, 61], [82, 31], [55, 82], [66, 67], [16, 72], [99, 7], [34, 67], [8, 55], [68, 48], [16, 79], [34, 60], [45, 83], [3, 52], [60, 33], [26, 10], [56, 72], [9, 29], [60, 90], [42, 77], [68, 74], [27, 74], [68, 40], [2, 60], [24, 73], [50, 74], [64, 21], [3, 57], [11, 69], [8, 78], [52, 80], [69, 43], [10, 48], [20, 83], [84, 81], [45, 73], [55, 17], [44, 76], [26, 84], [18, 67], [20, 93], [83, 85], [32, 73], [72, 68], [13, 75], [40, 57], [5, 67], [24, 72], [66, 84], [1, 51], [43, 87], [75, 85], [76, 45], [62, 28], [6, 57], [51, 68], [16, 28], [29, 62], [52, 73], [18, 76], [15, 61], [52, 22], [18, 74], [24, 11], [77, 33], [53, 87], [41, 65], [97, 4], [13, 58], [22, 78], [6, 72], [86, 77], [46, 74], [45, 76], [53, 77], [74, 60], [77, 36], [37, 56], [12, 52], [28, 64], [44, 71], [96, 6], [67, 49], [13, 53], [23, 0], [51, 15], [48, 70], [78, 80], [26, 96], [9, 83], [67, 23], [7, 68], [49, 72], [20, 73], [27, 62], [51, 66], [13, 32], [38, 68], [18, 75], [22, 69], [28, 63], [7, 71], [4, 62], [45, 84], [67, 51], [15, 58], [57, 33], [22, 10], [64, 81], [31, 69], [10, 74], [87, 80], [36, 82], [72, 58], [40, 58], [74, 70], [68, 19], [9, 58], [42, 66], [7, 66], [87, 76], [93, 0], [19, 72], [21, 93], [75, 33], [1, 59], [51, 11], [79, 35], [88, 85], [26, 70], [76, 32], [50, 65], [16, 58], [32, 62], [41, 71], [17, 21], [40, 75], [70, 41], [23, 74], [21, 67], [61, 79], [13, 41], [30, 68], [10, 67], [51, 77], [0, 84], [16, 78], [40, 78], [67, 25], [10, 63], [80, 83], [29, 64], [78, 58], [92, 72], [44, 75], [7, 70], [34, 75], [26, 4], [56, 92], [13, 51], [55, 27], [65, 43], [0, 54], [42, 87], [10, 76], [30, 74], [23, 80], [24, 71], [61, 74], [9, 26], [32, 70], [32, 71], [14, 79], [52, 68], [70, 29], [7, 53], [24, 89], [7, 74], [66, 70], [31, 6], [53, 13], [36, 78], [63, 50], [19, 43], [63, 30], [38, 56], [7, 58], [26, 60], [44, 79], [98, 3], [68, 67], [87, 72], [35, 76], [39, 83], [51, 84], [11, 67], [97, 1], [14, 49], [26, 74], [32, 77], [24, 10], [80, 34], [52, 87], [25, 77], [8, 53], [55, 21], [15, 77], [52, 82], [58, 79], [6, 18], [30, 75], [68, 24], [0, 60], [67, 41], [77, 71], [1, 48], [50, 93], [24, 75], [63, 79], [11, 79], [27, 58], [19, 63], [24, 93], [85, 79], [36, 68], [77, 64], [2, 75], [15, 84], [52, 13], [48, 77], [86, 82], [38, 80], [14, 80], [67, 48], [16, 50], [53, 69], [5, 75], [20, 71], [63, 21], [4, 63], [72, 35], [9, 47], [28, 71], [50, 78], [27, 72], [74, 74], [22, 12], [55, 71], [14, 20], [63, 92], [34, 66], [14, 60], [54, 20], [52, 86], [39, 56], [95, 3], [31, 73], [17, 59], [70, 42], [15, 69], [20, 68], [80, 63], [54, 68], [75, 35], [70, 12], [3, 67], [3, 61], [49, 93], [24, 91], [3, 78], [85, 83], [36, 79], [10, 78], [73, 82], [4, 70], [24, 4], [44, 17], [4, 65], [36, 71], [45, 69], [90, 79], [54, 72], [14, 30], [36, 74], [41, 67], [61, 47], [13, 44], [39, 75], [7, 67], [19, 15], [62, 81], [26, 69], [72, 37], [28, 61], [5, 60], [32, 65], [42, 81], [96, 7], [54, 78], [6, 61], [51, 33], [69, 67], [62, 25], [9, 60], [24, 65], [61, 83], [81, 81], [23, 78], [73, 44], [85, 85], [50, 73], [39, 80], [48, 79], [18, 63], [21, 87], [87, 82], [0, 85], [14, 81], [2, 69], [56, 75], [19, 22], [32, 76], [93, 1], [16, 59], [14, 71], [37, 74], [4, 52], [40, 79], [50, 17], [40, 72], [28, 69], [40, 59], [69, 26], [0, 50], [25, 9], [15, 67], [80, 33], [73, 31], [84, 79], [71, 41], [65, 92], [16, 53], [76, 66], [25, 68], [32, 75], [14, 57], [61, 24], [64, 37], [1, 60], [26, 66], [51, 82], [13, 65], [37, 69], [95, 85], [38, 77], [38, 69], [14, 69], [55, 72], [18, 25], [38, 74], [64, 24], [9, 62], [6, 66], [64, 42], [23, 91], [14, 84], [37, 64], [77, 85], [37, 68], [47, 85], [75, 63], [30, 0], [47, 10], [42, 71], [16, 66], [21, 70], [2, 62], [37, 85], [24, 7], [55, 95], [50, 72], [85, 75], [96, 8], [36, 64], [13, 57], [62, 43], [16, 80], [65, 81], [17, 44], [74, 14], [5, 62], [90, 73], [47, 71], [17, 58], [52, 34], [3, 69], [53, 66], [14, 22], [38, 70], [66, 79], [72, 39], [27, 55], [1, 57], [34, 69], [42, 74], [97, 6], [5, 71], [81, 31], [4, 71], [25, 73], [28, 96], [79, 78], [34, 63], [66, 68], [12, 80], [65, 46], [47, 67], [14, 75], [33, 78], [29, 79], [72, 17], [5, 50], [52, 14], [38, 82], [26, 12], [60, 93], [25, 74], [82, 81], [83, 87], [45, 72], [38, 78], [46, 84], [20, 79], [49, 77], [17, 27], [32, 66], [10, 55], [46, 88], [41, 52], [62, 55], [20, 53], [14, 63], [57, 34], [42, 79], [0, 70], [76, 61], [21, 74], [96, 3], [16, 57], [13, 78], [68, 22], [1, 64], [5, 68], [64, 40], [8, 50], [35, 60], [44, 85], [27, 95], [7, 83], [34, 68], [74, 77], [5, 78], [74, 53], [20, 5], [23, 5], [32, 60], [46, 20], [79, 34], [31, 65], [33, 68], [56, 66], [49, 84], [15, 19], [94, 76], [54, 92], [69, 84], [41, 62], [50, 70], [54, 71], [62, 27], [3, 66], [15, 76], [23, 70], [75, 67], [6, 78], [14, 58], [56, 26], [60, 40], [9, 50], [7, 60], [45, 86], [17, 67], [54, 83], [83, 69], [33, 66], [38, 66], [18, 64], [33, 87], [84, 83], [7, 78], [76, 40], [27, 64], [11, 58], [29, 60], [42, 72], [95, 5], [60, 67], [7, 22], [32, 74], [11, 68], [95, 74], [47, 83], [75, 13], [5, 64], [99, 2], [25, 66], [17, 54], [69, 44], [22, 73], [28, 8], [57, 90], [24, 74], [14, 77], [51, 13], [38, 71], [73, 70], [71, 83], [4, 72], [49, 69], [32, 63], [16, 64], [54, 25], [74, 33], [73, 33], [66, 47], [19, 52], [70, 25], [7, 54], [38, 63], [40, 69], [2, 53], [44, 86], [18, 84], [60, 75], [16, 33], [35, 66], [6, 80], [26, 92], [5, 76], [83, 82], [49, 80], [40, 82], [53, 78], [23, 77], [81, 78], [27, 67], [63, 81], [71, 68], [44, 72], [65, 42], [11, 56], [33, 71], [44, 83], [20, 9], [63, 93], [73, 43], [4, 69], [31, 0], [52, 23], [12, 66], [38, 84], [51, 69], [87, 83], [72, 15], [3, 64], [15, 66], [94, 1], [12, 47], [20, 84], [37, 57], [12, 57], [51, 20], [54, 75], [10, 23], [43, 67], [84, 67], [28, 72], [21, 78], [43, 80], [70, 49], [15, 50], [87, 71], [46, 83], [20, 63], [24, 98], [84, 82], [33, 65], [65, 70], [14, 76], [24, 61], [0, 51], [50, 92], [60, 28], [5, 55], [8, 74], [19, 9], [76, 34], [56, 81], [19, 78], [8, 77], [49, 87], [69, 28], [26, 57], [11, 59], [23, 73], [47, 79], [98, 10], [64, 50], [51, 12], [41, 74], [68, 82], [41, 69], [48, 67], [19, 31], [39, 62], [15, 73], [7, 72], [12, 60], [56, 20], [41, 68], [82, 85], [39, 81], [80, 66], [78, 22], [5, 59], [16, 68], [90, 75], [98, 6], [29, 92], [33, 70], [13, 56], [71, 50], [22, 76], [22, 64], [67, 84], [10, 41], [3, 77], [53, 73], [76, 83], [39, 65], [8, 67], [15, 10], [64, 91], [3, 51], [49, 83], [36, 69], [15, 83], [62, 70], [7, 18], [33, 77], [19, 77], [63, 14], [7, 63], [22, 5], [53, 20], [40, 83], [64, 48], [70, 31], [9, 61], [35, 67], [41, 84], [73, 56], [96, 87], [50, 76], [48, 81], [55, 78], [13, 69], [33, 67], [75, 39], [7, 64], [56, 27], [38, 83], [67, 77], [23, 63], [9, 79], [30, 51], [17, 63], [31, 88], [84, 78], [13, 81], [20, 80], [63, 54], [10, 47], [13, 72], [10, 79], [63, 25], [0, 63], [21, 8], [46, 69], [19, 23], [51, 85], [31, 76], [98, 0], [9, 54], [20, 77], [68, 68], [42, 68], [12, 62], [50, 82], [90, 76], [46, 76], [69, 75], [52, 19], [36, 81], [33, 76], [70, 45], [36, 67], [20, 78], [70, 38], [39, 59], [12, 49], [24, 68], [50, 81], [95, 8], [14, 64], [58, 28], [75, 29], [3, 55], [26, 64], [62, 84], [20, 67], [55, 76], [24, 90], [10, 80], [2, 67], [48, 72], [3, 26], [43, 69], [22, 70], [51, 79], [24, 1], [15, 68], [83, 42], [79, 33], [83, 83], [66, 49], [54, 90], [22, 46], [64, 64], [17, 76], [84, 86], [34, 79], [76, 17], [2, 58], [34, 57], [31, 75], [31, 2], [57, 23], [42, 73], [19, 76], [2, 61], [50, 85], [53, 67], [95, 7], [24, 62], [15, 48], [68, 42], [17, 81], [16, 60], [59, 27], [59, 71], [15, 33], [34, 76], [84, 73], [68, 33], [5, 61], [33, 60], [48, 84], [2, 72], [19, 79], [18, 65], [24, 87], [84, 84], [30, 73], [64, 60], [2, 79], [63, 29], [0, 62], [25, 10], [58, 88], [83, 78], [42, 83], [42, 82], [50, 87], [29, 61], [66, 43], [12, 43], [54, 82], [22, 79], [26, 78], [6, 67], [27, 75], [77, 81], [16, 67], [50, 15], [74, 40], [25, 75], [51, 78], [48, 82], [9, 19], [63, 80], [33, 63], [78, 24], [9, 64], [73, 65], [11, 65], [13, 50], [57, 27], [70, 40], [3, 53], [46, 92], [39, 77], [21, 94], [12, 84], [67, 37], [32, 50], [0, 57], [26, 73], [40, 85], [99, 12], [89, 80], [43, 68], [95, 1], [17, 47], [15, 85], [25, 4], [56, 87], [24, 78], [15, 79], [83, 67], [32, 64], [64, 49], [19, 51], [64, 19], [1, 63], [30, 66], [57, 79], [4, 32], [34, 65], [52, 77], [24, 70], [64, 65], [44, 81], [14, 67], [28, 1], [52, 17], [7, 76], [37, 81], [45, 66], [85, 80], [19, 80], [17, 74], [35, 51], [13, 55], [55, 30], [79, 81], [16, 71], [78, 42], [83, 80], [44, 69], [19, 73], [27, 87], [88, 75], [8, 82], [4, 51], [44, 80], [68, 27], [6, 63], [24, 5], [74, 35], [57, 94], [68, 34], [10, 51], [35, 61], [43, 73], [52, 71], [62, 79], [8, 26], [39, 63], [30, 78], [77, 70], [19, 81], [86, 74], [98, 5], [37, 71], [7, 59], [67, 46], [17, 82], [61, 81], [16, 51], [70, 75], [34, 58], [9, 78], [30, 63], [21, 68], [73, 19], [3, 63], [49, 14], [47, 82], [87, 85], [50, 67], [43, 83], [46, 86], [15, 55], [56, 28], [50, 77], [3, 71], [24, 92], [8, 76], [13, 66], [63, 43], [22, 3], [57, 75], [18, 21], [58, 83], [43, 66], [26, 77], [77, 63], [5, 48], [40, 93], [70, 68], [33, 75], [76, 33], [41, 63], [11, 51], [25, 70], [50, 84], [99, 5], [76, 24], [1, 58], [23, 75], [19, 82], [11, 66], [44, 65], [76, 41], [77, 32], [61, 46], [23, 52], [18, 71], [93, 73], [50, 69], [22, 1], [50, 16], [45, 80], [96, 1], [16, 52], [20, 69], [14, 54], [51, 34], [57, 67], [12, 23], [42, 62], [71, 76], [21, 65], [33, 88], [79, 80], [28, 73], [71, 58], [6, 73], [69, 24], [2, 52], [24, 3], [52, 90], [51, 76], [37, 55], [78, 40], [53, 70], [22, 80], [4, 75], [39, 67], [9, 70], [26, 72], [70, 85], [8, 70], [1, 49], [43, 88], [68, 28], [12, 55], [28, 62], [39, 76], [93, 74], [46, 82], [19, 85], [75, 82], [60, 42], [17, 49], [61, 15], [1, 65], [48, 74], [3, 30], [42, 67], [64, 70], [40, 76], [52, 10], [48, 83], [15, 81], [25, 63], [13, 60], [58, 31], [22, 71], [27, 96], [9, 82], [27, 7], [80, 35], [53, 94], [39, 66], [94, 7], [26, 75], [17, 48], [67, 44], [17, 80], [77, 79], [1, 69], [29, 74], [68, 21], [8, 64], [98, 74], [41, 80], [44, 82], [55, 77], [50, 66], [5, 74], [18, 66], [62, 75], [12, 22], [40, 64], [69, 70], [4, 58], [42, 88], [65, 39], [25, 60], [2, 59], [24, 67], [49, 85], [95, 4], [10, 69], [63, 48], [15, 54], [21, 3], [58, 22], [40, 81], [21, 81], [16, 62], [54, 22], [83, 84], [22, 67], [25, 89], [80, 77], [6, 81], [67, 22], [2, 64], [27, 5], [64, 87], [52, 70], [36, 66], [16, 74], [25, 69], [60, 80], [4, 76], [92, 75], [44, 68], [60, 46], [56, 76], [5, 19], [42, 65], [76, 64], [33, 61], [21, 76], [81, 33], [99, 0], [17, 50], [17, 79], [78, 75], [36, 63], [60, 21], [7, 65], [51, 75], [53, 68], [3, 72], [14, 68], [9, 48], [47, 89], [71, 30], [11, 60], [37, 60], [50, 79], [64, 43], [19, 48], [48, 22], [40, 74], [14, 61], [61, 30], [28, 94], [9, 74], [28, 10], [65, 85], [27, 76], [37, 61], [1, 70], [90, 80], [34, 81], [60, 65], [15, 20], [34, 62], [70, 69], [25, 56], [10, 70], [24, 76], [67, 80], [65, 24], [4, 54], [54, 73], [3, 76], [72, 51], [25, 78], [81, 27], [18, 58], [94, 72], [29, 52], [80, 19], [85, 21], [98, 32], [63, 15], [96, 18], [57, 73], [70, 93], [22, 38], [78, 95], [55, 74], [69, 87], [78, 59], [69, 93], [80, 93], [78, 36], [37, 16], [68, 76], [78, 82], [17, 8], [69, 20], [59, 21], [19, 62], [64, 73], [59, 47], [9, 12], [19, 50], [39, 37], [9, 94], [38, 2], [76, 76], [94, 56], [1, 86], [70, 88], [51, 8], [59, 94], [81, 76], [58, 39], [65, 66], [69, 36], [1, 71], [35, 23], [80, 78], [67, 9], [83, 90], [47, 81], [77, 92], [46, 99], [63, 37], [34, 0], [58, 81], [61, 42], [80, 99], [73, 42], [20, 62], [5, 35], [65, 93], [62, 99], [79, 96], [58, 90], [88, 0], [78, 43], [22, 60], [67, 96], [28, 30], [65, 58], [67, 92], [17, 57], [43, 14], [90, 67], [55, 11], [54, 23], [15, 8], [42, 92], [75, 74], [97, 96], [83, 99], [41, 88], [35, 25], [92, 57], [44, 58], [96, 64], [19, 88], [46, 38], [86, 88], [98, 54], [59, 44], [57, 69], [85, 64], [29, 80], [65, 14], [57, 24], [34, 56], [21, 79], [22, 66], [76, 15], [77, 99], [84, 92], [77, 97], [89, 63], [52, 20], [54, 38], [68, 32], [53, 41], [96, 29], [40, 4], [63, 8], [21, 63], [34, 2], [59, 25], [13, 91], [33, 58], [99, 94], [86, 66], [83, 94], [83, 73], [78, 86], [56, 89], [51, 14], [40, 23], [55, 97], [43, 15], [31, 44], [45, 33], [37, 54], [61, 19], [30, 50], [66, 88], [94, 57], [62, 71], [83, 81], [18, 86], [77, 89], [82, 45], [93, 69], [57, 46], [64, 93], [43, 18], [88, 63], [96, 47], [60, 77], [75, 94], [81, 93], [55, 25], [69, 39], [82, 66], [72, 71], [83, 13], [26, 15], [1, 22], [97, 78], [14, 87], [71, 94], [78, 91], [82, 99], [22, 77], [73, 72], [68, 29], [75, 76], [74, 76], [56, 43], [45, 97], [6, 93], [24, 88], [81, 99], [74, 81], [57, 0], [23, 60], [91, 74], [0, 65], [82, 3], [78, 89], [74, 0], [57, 6], [24, 81], [68, 73], [96, 60], [86, 63], [31, 35], [93, 49], [54, 21], [92, 74], [22, 61], [75, 81], [75, 32], [84, 66], [40, 65], [74, 75], [19, 75], [81, 95], [84, 68], [65, 94], [79, 93], [79, 14], [56, 79], [74, 87], [15, 56], [86, 81], [95, 60], [3, 40], [63, 73], [49, 18], [97, 60], [13, 31], [96, 67], [17, 71], [56, 67], [78, 90], [71, 64], [81, 85], [79, 91], [93, 99], [68, 65], [75, 2], [65, 26], [58, 92], [47, 36], [87, 20], [14, 29], [96, 73], [64, 89], [70, 89], [43, 94], [14, 91], [49, 64], [35, 42], [81, 98], [34, 86], [61, 95], [26, 2], [68, 83], [74, 38], [50, 11], [81, 66], [98, 70], [59, 95], [59, 43], [73, 2], [68, 90], [76, 59], [99, 64], [51, 16], [21, 13], [67, 93], [36, 21], [44, 87], [42, 98], [86, 72], [10, 83], [1, 95], [60, 97], [26, 80], [52, 12], [0, 96], [59, 0], [98, 83], [36, 5], [68, 92], [66, 50], [84, 65], [75, 98], [92, 69], [75, 99], [88, 60], [53, 9], [99, 98], [68, 71], [3, 46], [2, 4], [50, 95], [65, 67], [49, 39], [65, 80], [33, 57], [93, 19], [37, 34], [65, 11], [59, 93], [84, 69], [64, 74], [74, 95], [90, 35], [63, 13], [64, 32], [82, 86], [67, 21], [37, 49], [87, 5], [50, 28], [53, 7], [11, 62], [49, 20], [72, 97], [78, 96], [26, 1], [96, 46], [96, 80], [95, 73], [98, 42], [47, 38], [65, 86], [38, 51], [0, 41], [96, 63], [63, 64], [87, 62], [85, 4], [13, 49], [90, 60], [65, 41], [99, 96], [18, 98], [68, 0], [58, 34], [42, 14], [38, 35], [3, 17], [32, 1], [73, 99], [12, 2], [18, 89], [69, 55], [84, 94], [78, 93], [66, 95], [79, 92], [62, 37], [70, 72], [5, 37], [87, 98], [85, 78], [54, 28], [20, 61], [48, 40], [64, 80], [68, 17], [86, 6], [20, 60], [87, 77], [76, 94], [33, 20], [79, 74], [52, 44], [76, 96], [70, 78], [96, 97], [60, 39], [80, 58], [84, 25], [18, 60], [94, 90], [86, 90], [54, 32], [77, 84], [81, 97], [59, 1], [22, 81], [78, 20], [59, 78], [76, 78], [62, 6], [64, 86], [93, 63], [16, 75], [80, 95], [75, 84], [66, 0], [16, 63], [48, 19], [60, 85], [98, 77], [95, 71], [98, 90], [67, 74], [65, 50], [17, 14], [99, 63], [87, 81], [75, 80], [87, 74], [77, 72], [78, 81], [60, 98], [31, 80], [80, 79], [54, 96], [67, 68], [79, 24], [58, 75], [52, 75], [75, 77], [56, 39], [83, 74], [91, 3], [98, 25], [74, 98], [60, 37], [89, 22], [17, 9], [58, 46], [13, 62], [9, 15], [39, 1], [76, 91], [66, 90], [55, 16], [65, 22], [73, 95], [49, 97], [64, 82], [29, 42], [74, 71], [53, 12], [5, 80], [15, 51], [2, 98], [14, 8], [31, 18], [44, 16], [39, 85], [17, 53], [7, 48], [51, 10], [60, 96], [73, 86], [49, 37], [82, 93], [63, 95], [65, 79], [73, 76], [51, 71], [51, 93], [77, 3], [99, 74], [62, 68], [47, 4], [64, 41], [8, 98], [72, 73], [89, 62], [74, 90], [91, 58], [62, 95], [82, 88], [65, 16], [95, 92], [98, 50], [64, 67], [82, 90], [18, 61], [62, 98], [84, 87], [52, 9], [3, 31], [0, 19], [93, 52], [91, 73], [75, 90], [50, 91], [21, 60], [49, 15], [84, 22], [67, 33], [84, 88], [48, 86], [69, 88], [81, 90], [81, 86], [85, 97], [86, 75], [73, 15], [90, 59], [21, 62], [72, 78], [88, 84], [12, 16], [90, 98], [64, 90], [64, 88], [55, 9], [51, 41], [45, 18], [99, 62], [66, 71], [70, 39], [4, 87], [61, 25], [21, 75], [76, 77], [83, 68], [19, 61], [99, 67], [35, 91], [66, 92], [60, 89], [41, 60], [75, 92], [97, 10], [85, 30], [69, 90], [51, 38], [8, 75], [0, 17], [60, 20], [57, 53], [68, 75], [20, 88], [50, 12], [93, 61], [75, 87], [60, 45], [76, 68], [62, 97], [80, 86], [94, 52], [64, 97], [35, 29], [0, 69], [52, 45], [69, 89], [98, 68], [51, 90], [88, 8], [53, 11], [17, 56], [45, 19], [58, 77], [21, 59], [11, 17], [87, 88], [60, 95], [52, 93], [19, 54], [41, 42], [46, 12], [67, 67], [81, 23], [43, 53], [75, 93], [77, 86], [52, 30], [80, 87], [45, 54], [63, 36], [70, 96], [73, 81], [85, 63], [39, 6], [75, 83], [57, 68], [19, 60], [91, 57], [7, 98], [63, 66], [7, 9], [72, 95], [82, 65], [69, 98], [93, 54], [50, 37], [45, 17], [59, 23], [94, 68], [79, 99], [77, 91], [82, 60], [1, 76], [17, 60], [59, 84], [56, 15], [52, 91], [67, 89], [80, 90], [51, 74], [51, 99], [83, 89], [77, 60], [57, 18], [99, 45], [48, 24], [23, 83], [57, 86], [90, 74], [56, 68], [0, 93], [94, 77], [18, 62], [69, 2], [39, 5], [24, 30], [67, 90], [43, 23], [73, 12], [66, 81], [99, 49], [44, 20], [17, 88], [39, 26], [56, 98], [17, 66], [52, 8], [72, 45], [21, 18], [71, 65], [14, 66], [74, 83], [77, 90], [75, 16], [0, 9], [48, 14], [3, 9], [14, 65], [58, 95], [69, 21], [11, 98], [74, 92], [12, 19], [81, 34], [79, 89], [82, 87], [84, 60], [66, 1], [74, 86], [64, 61], [81, 92], [86, 67], [92, 43], [87, 64], [46, 18], [40, 86], [83, 91], [41, 18], [54, 88], [17, 85], [31, 84], [23, 54], [93, 77], [89, 60], [18, 43], [73, 96], [52, 72], [38, 59], [56, 38], [21, 58], [71, 88], [7, 92], [46, 25], [96, 31], [93, 75], [37, 47], [77, 74], [44, 93], [58, 69], [57, 17], [52, 6], [71, 87], [52, 98], [29, 30], [6, 9], [53, 14], [57, 97], [65, 25], [83, 75], [61, 31], [22, 62], [7, 73], [91, 51], [51, 70], [88, 96], [90, 82], [84, 99], [1, 39], [52, 95], [65, 73], [43, 4], [63, 4], [20, 58], [38, 57], [62, 47], [70, 11], [67, 38], [91, 27], [60, 50], [97, 28], [78, 98], [84, 98], [35, 8], [92, 68], [58, 82], [27, 80], [54, 98], [98, 75], [25, 76], [56, 71], [79, 86], [74, 11], [5, 36], [54, 94], [99, 48], [49, 71], [81, 5], [37, 33], [42, 61], [10, 6], [49, 22], [76, 67], [43, 59], [69, 48], [51, 42], [29, 96], [15, 75], [75, 73], [21, 49], [92, 76], [5, 86], [41, 94], [71, 11], [71, 15], [81, 77], [48, 7], [96, 59], [57, 80], [50, 21], [15, 63], [78, 76], [41, 14], [45, 1], [72, 61], [98, 63], [79, 6], [51, 61], [55, 96], [69, 83], [81, 91], [86, 28], [43, 95], [56, 83], [86, 92], [70, 18], [24, 85], [77, 80], [79, 75], [68, 88], [79, 87], [95, 62], [83, 65], [9, 95], [4, 81], [65, 87], [52, 7], [39, 24], [0, 4], [99, 61], [85, 56], [56, 95], [79, 95], [54, 99], [57, 95], [42, 11], [76, 88], [72, 96], [76, 97], [73, 45], [35, 39], [14, 45], [22, 72], [78, 69], [84, 97], [56, 24], [91, 59], [27, 78], [72, 99], [54, 27], [90, 1], [56, 96], [58, 65], [69, 29], [21, 61], [88, 68], [43, 36], [15, 60], [70, 74], [89, 81], [41, 5], [80, 98], [58, 93], [18, 56], [62, 23], [58, 41], [22, 74], [56, 36], [84, 77], [59, 76], [98, 64], [47, 6], [92, 70], [90, 36], [47, 20], [93, 91], [56, 99], [20, 44], [21, 64], [90, 47], [96, 68], [98, 62], [77, 75], [58, 23], [68, 89], [56, 54], [53, 96], [26, 76], [61, 96], [38, 62], [36, 61], [79, 97], [68, 15], [61, 80], [16, 85], [48, 20], [35, 31], [41, 57], [68, 91], [77, 88], [95, 94], [35, 65], [30, 11], [86, 68], [53, 92], [61, 45], [0, 12], [64, 84], [69, 77], [29, 37], [63, 96], [32, 26], [41, 86], [52, 94], [73, 88], [85, 1], [81, 35], [81, 87], [58, 25], [79, 88], [53, 15], [95, 89], [12, 65], [80, 88], [59, 97], [85, 19], [28, 18], [79, 94], [54, 70], [30, 5], [59, 20], [76, 81], [44, 54], [53, 8], [49, 33], [19, 90], [96, 30], [57, 41], [83, 3], [51, 18], [71, 96], [62, 5], [72, 3], [53, 26], [99, 76], [66, 85], [63, 94], [84, 62], [53, 84], [10, 33], [54, 18], [26, 31], [55, 99], [57, 11], [85, 74], [50, 89], [73, 79], [18, 83], [86, 84], [75, 37], [75, 18], [54, 26], [75, 36], [35, 92], [19, 38], [85, 67], [23, 76], [21, 57], [16, 61], [24, 0], [82, 89], [82, 74], [65, 63], [40, 90], [39, 60], [53, 0], [23, 6], [71, 24], [75, 75], [15, 57], [67, 43], [20, 64], [56, 33], [64, 62], [88, 79], [21, 9], [29, 20], [92, 77], [92, 20], [16, 87], [45, 88], [68, 46], [54, 97], [80, 92], [47, 18], [53, 4], [95, 37], [93, 64], [82, 62], [62, 1], [45, 20], [72, 88], [62, 35], [13, 35], [40, 49], [76, 54], [41, 59], [70, 43], [16, 11], [94, 78], [87, 67], [27, 61], [51, 23], [72, 14], [78, 94], [15, 36], [72, 82], [22, 58], [97, 54], [94, 46], [85, 7], [30, 39], [28, 24], [66, 41], [17, 55], [37, 51], [91, 93], [91, 12], [32, 78], [21, 66], [74, 78], [51, 92], [48, 90], [79, 67], [80, 94], [77, 87], [19, 56], [47, 69], [0, 87], [98, 59], [70, 83], [88, 66], [67, 35], [44, 18], [75, 88], [54, 93], [64, 45], [51, 7], [63, 34], [1, 77], [73, 71], [42, 93], [15, 80], [67, 58], [35, 0], [53, 95], [52, 21], [2, 44], [67, 75], [13, 13], [58, 91], [47, 19], [70, 50], [79, 77], [29, 85], [57, 82], [65, 7], [61, 94], [1, 68], [19, 68], [70, 94], [83, 64], [92, 64], [90, 5], [47, 21], [69, 30], [57, 92], [32, 96], [63, 67], [83, 34], [16, 92], [71, 43], [84, 34], [22, 21], [51, 63], [3, 38], [92, 78], [85, 86], [93, 76], [4, 37], [69, 32], [87, 55], [65, 83], [9, 27], [63, 26], [42, 16], [69, 49], [16, 41], [96, 75], [62, 60], [26, 85], [86, 69], [67, 83], [43, 92], [42, 56], [69, 91], [60, 27], [68, 49], [72, 1], [73, 69], [58, 53], [84, 4], [37, 14], [20, 59], [53, 43], [70, 87], [80, 0], [0, 10], [85, 65], [91, 96], [41, 13], [78, 97], [58, 18], [13, 82], [83, 92], [93, 58], [48, 45], [95, 76], [9, 7], [89, 19], [60, 86], [4, 89], [57, 22], [84, 56], [76, 30], [98, 20], [30, 6], [71, 3], [13, 64], [89, 74], [45, 44], [62, 46], [24, 59], [50, 14], [0, 45], [62, 2], [5, 81], [27, 14], [40, 19], [78, 92], [86, 62], [22, 91], [97, 12], [81, 88], [36, 16], [63, 75], [83, 15], [53, 98], [82, 98], [25, 54], [82, 95], [87, 65], [32, 15], [23, 20], [95, 32], [11, 63], [88, 61], [65, 40], [6, 30], [96, 2], [72, 74], [60, 91], [57, 88], [62, 29], [49, 65], [89, 85], [94, 13], [7, 30], [71, 86], [29, 53], [44, 84], [94, 0], [41, 66], [7, 77], [48, 95], [8, 81], [59, 82], [59, 29], [65, 36], [59, 26], [67, 36], [6, 77], [3, 79], [22, 9], [14, 88], [44, 26], [53, 99], [94, 48], [88, 9], [55, 91], [72, 13], [53, 32], [63, 82], [71, 75], [91, 80], [83, 98], [54, 6], [78, 4], [98, 13], [91, 55], [67, 34], [76, 37], [92, 80], [29, 34], [19, 47], [85, 0], [69, 78], [67, 5], [66, 51], [61, 89], [42, 54], [97, 92], [87, 63], [55, 28], [19, 58], [54, 41], [46, 39], [42, 86], [86, 71], [62, 58], [56, 18], [29, 99], [34, 29], [50, 97], [0, 5], [22, 87], [71, 62], [85, 66], [65, 65], [11, 36], [94, 19], [56, 97], [49, 11], [18, 13], [18, 59], [28, 11], [8, 11], [68, 45], [55, 26], [6, 8], [52, 41], [67, 47], [58, 33], [35, 4], [66, 75], [16, 88], [70, 98], [6, 62], [85, 92], [58, 42], [56, 45], [52, 15], [58, 97], [87, 78], [56, 32], [55, 90], [50, 98], [72, 92], [51, 6], [62, 38], [86, 14], [70, 65], [73, 14], [64, 95], [46, 16], [35, 37], [0, 15], [75, 95], [54, 89], [59, 86], [86, 56], [87, 73], [15, 72], [89, 77], [18, 87], [48, 36], [63, 3], [72, 54], [10, 99], [71, 46], [73, 62], [47, 16], [59, 83], [20, 36], [59, 40], [14, 27], [47, 37], [37, 86], [57, 91], [70, 16], [92, 50], [18, 55], [16, 56], [2, 5], [71, 97], [91, 75], [99, 93], [75, 96], [20, 23], [20, 16], [81, 2], [83, 32], [17, 83], [70, 14], [53, 17], [81, 72], [44, 21], [51, 89], [68, 77], [29, 9], [5, 30], [1, 8], [94, 95], [40, 29], [91, 54], [86, 65], [66, 91], [93, 95], [59, 13], [39, 46], [57, 85], [94, 74], [51, 22], [87, 46], [72, 86], [69, 27], [10, 21], [71, 95], [60, 1], [86, 64], [95, 77], [92, 56], [6, 99], [97, 41], [76, 84], [88, 64], [75, 79], [99, 53], [61, 69], [36, 33], [68, 30], [93, 51], [53, 10], [72, 94], [60, 22], [18, 92], [12, 91], [38, 0], [32, 86], [58, 76], [58, 24], [33, 18], [20, 20], [83, 6], [35, 32], [71, 4], [39, 86], [85, 96], [47, 14], [80, 23], [50, 94], [74, 18], [0, 92], [60, 92], [54, 29], [63, 97], [56, 42], [64, 83], [60, 35], [39, 9], [83, 63], [86, 25], [34, 44], [44, 88], [62, 50], [0, 7], [73, 64], [78, 78], [73, 73], [61, 22], [79, 69], [87, 59], [46, 15], [15, 27], [8, 72], [59, 89], [42, 20], [86, 80], [67, 82], [81, 58], [47, 9], [38, 10], [28, 36], [54, 74], [62, 51], [58, 40], [43, 10], [98, 27], [70, 35], [58, 66], [75, 19], [28, 16], [62, 93], [19, 67], [53, 16], [54, 16], [76, 22], [80, 89], [49, 5], [40, 5], [65, 1], [56, 94], [63, 87], [65, 31], [81, 89], [78, 1], [78, 83], [51, 95], [82, 63], [30, 25], [23, 44], [19, 24], [18, 16], [73, 39], [57, 76], [62, 96], [16, 65], [40, 95], [95, 63], [9, 99], [22, 92], [75, 89], [20, 74], [19, 86], [30, 19], [57, 71], [75, 62], [99, 84], [26, 13], [50, 36], [61, 49], [75, 1], [36, 39], [52, 38], [97, 75], [66, 63], [41, 24], [22, 11], [74, 26], [76, 71], [25, 92], [89, 75], [82, 76], [97, 74], [22, 59], [21, 21], [76, 69], [43, 91], [30, 53], [17, 62], [39, 61], [76, 27], [54, 40], [94, 10], [56, 82], [37, 27], [44, 94], [67, 71], [54, 42], [73, 74], [76, 0], [56, 70], [96, 17], [43, 64], [63, 68], [41, 85], [51, 9], [87, 6], [1, 88], [5, 5], [27, 8], [74, 94], [25, 53], [85, 98], [85, 95], [89, 92], [42, 53], [47, 95], [60, 68], [88, 65], [63, 35], [26, 86], [54, 34], [69, 73], [58, 67], [17, 20], [96, 28], [58, 20], [73, 48], [57, 72], [68, 23], [93, 53], [55, 29], [41, 8], [94, 55], [9, 3], [74, 88], [70, 8], [90, 19], [82, 92], [27, 42], [0, 89], [82, 71], [91, 61], [54, 67], [43, 13], [46, 85], [2, 96], [77, 94], [28, 39], [94, 39], [52, 27], [30, 4], [42, 15], [59, 6], [30, 76], [4, 73], [59, 81], [37, 18], [98, 91], [95, 57], [82, 27], [83, 88], [12, 33], [78, 37], [55, 62], [88, 42], [96, 14], [62, 85], [2, 91], [81, 96], [74, 96], [20, 54], [31, 96], [83, 71], [6, 75], [57, 93], [78, 38], [56, 25], [0, 99], [74, 93], [91, 78], [0, 37], [98, 18], [65, 91], [19, 2], [73, 84], [65, 88], [69, 11], [78, 99], [47, 46], [4, 12], [38, 55], [5, 24], [78, 18], [73, 89], [8, 86], [66, 80], [69, 31], [76, 80], [72, 40], [75, 60], [89, 73], [65, 96], [32, 25], [53, 57], [48, 12], [55, 22], [25, 52], [72, 98], [65, 71], [64, 39], [97, 62], [34, 90], [58, 32], [64, 36], [56, 63], [52, 42], [62, 65], [8, 71], [50, 6], [78, 84], [98, 69], [42, 21], [29, 91], [64, 23], [97, 97], [30, 7], [2, 83], [51, 21], [69, 33], [16, 37], [14, 35], [59, 88], [95, 19], [58, 38], [25, 80], [98, 66], [34, 26], [53, 21], [82, 96], [40, 94], [81, 73], [86, 89], [71, 92], [79, 4], [30, 96], [68, 20], [81, 71], [25, 40], [60, 94], [31, 57], [12, 15], [44, 30], [86, 86], [54, 14], [66, 93], [8, 83], [96, 70], [70, 33], [72, 16], [64, 5], [94, 73], [61, 84], [48, 21], [75, 71], [8, 66], [69, 96], [97, 36], [28, 80], [51, 67], [0, 66], [43, 97], [57, 35], [50, 48], [48, 98], [40, 10], [66, 22], [99, 41], [70, 86], [27, 98], [70, 19], [40, 63], [57, 32], [12, 95], [31, 45], [36, 99], [76, 98], [11, 35], [76, 92], [69, 86], [51, 91], [65, 45], [68, 37], [28, 48], [63, 57], [84, 3], [80, 22], [96, 19], [14, 47], [23, 57], [53, 93], [21, 54], [70, 55], [65, 8], [77, 96], [1, 94], [37, 5], [54, 60], [31, 20], [63, 74], [70, 90], [84, 72], [50, 90], [48, 34], [83, 25], [13, 63], [73, 38], [90, 83], [76, 86], [57, 30], [18, 78], [63, 65], [99, 95], [56, 37], [6, 76], [21, 69], [22, 86], [4, 41], [97, 91], [67, 88], [29, 43], [16, 32], [55, 89], [58, 14], [51, 87], [95, 99], [21, 73], [22, 57], [12, 24], [46, 98], [68, 95], [17, 26], [87, 61], [85, 73], [64, 35], [34, 14], [94, 71], [15, 43], [70, 82], [60, 24], [74, 99], [25, 17], [39, 15], [62, 94], [34, 24], [8, 84], [52, 18], [22, 4], [38, 95], [19, 92], [22, 89], [81, 8], [82, 78], [27, 39], [55, 73], [31, 1], [51, 35], [97, 95], [68, 26], [91, 30], [87, 69], [67, 94], [15, 52], [1, 92], [60, 71], [49, 34], [56, 93], [65, 90], [91, 0], [76, 60], [89, 83], [27, 60], [97, 66], [56, 74], [76, 39], [72, 47], [93, 57], [59, 75], [73, 6], [1, 87], [59, 79], [1, 10], [60, 99], [87, 70], [14, 24], [79, 16], [39, 57], [41, 25], [7, 39], [70, 24], [42, 91], [82, 0], [16, 39], [65, 38], [41, 91], [59, 67], [16, 47], [41, 15], [44, 60], [61, 60], [71, 81], [23, 49], [67, 65], [8, 19], [42, 17], [42, 84], [58, 72], [55, 42], [22, 68], [35, 84], [65, 27], [18, 80], [55, 66], [87, 24], [47, 98], [66, 45], [74, 89], [69, 6], [50, 62], [72, 91], [97, 73], [50, 24], [71, 84], [28, 43], [36, 8], [71, 78], [46, 62], [72, 77], [90, 94], [90, 62], [91, 72], [39, 53], [61, 66], [58, 45], [73, 94], [54, 13], [19, 14], [31, 8], [98, 2], [5, 77], [43, 17], [14, 86], [78, 64], [94, 36], [52, 92], [47, 12], [99, 65], [51, 40], [64, 78], [12, 50], [52, 43], [12, 63], [54, 91], [94, 91], [58, 55], [62, 67], [35, 38], [91, 63], [56, 44], [21, 51], [1, 53], [22, 52], [94, 96], [40, 92], [70, 92], [22, 48], [67, 73], [49, 8], [77, 93], [52, 46], [51, 25], [45, 51], [72, 66], [53, 97], [72, 85], [52, 97], [18, 27], [15, 88], [28, 28], [23, 79], [56, 17], [94, 67], [9, 80], [10, 28], [76, 75], [78, 88], [80, 96], [47, 42], [11, 44], [49, 31], [41, 33], [41, 89], [58, 71], [53, 63], [88, 62], [36, 22], [70, 73], [90, 96], [13, 26], [40, 12], [56, 77], [60, 66], [90, 85], [29, 7], [47, 3], [34, 37], [9, 66], [97, 59], [25, 85], [56, 7], [31, 4], [27, 31], [75, 91], [29, 36], [60, 81], [48, 50], [91, 65], [95, 72], [6, 10], [0, 72], [83, 2], [39, 14], [12, 89], [21, 55], [40, 89], [86, 36], [28, 76], [90, 48], [69, 17], [48, 26], [73, 11], [21, 53], [86, 70], [53, 29], [57, 99], [61, 71], [64, 71], [78, 87], [38, 6], [82, 91], [48, 55], [20, 82], [1, 23], [98, 35], [2, 77], [30, 12], [15, 49], [20, 86], [9, 84], [16, 70], [24, 22], [41, 93], [74, 56], [65, 33], [74, 19], [72, 69], [82, 12], [46, 89], [93, 36], [81, 94], [64, 18], [38, 52], [42, 27], [10, 8], [96, 48], [20, 0], [83, 66], [56, 85], [59, 37], [18, 18], [20, 85], [57, 37], [76, 87], [22, 30], [49, 95], [95, 93], [23, 3], [11, 15], [74, 91], [73, 90], [12, 44], [93, 6], [60, 47], [76, 79], [68, 25], [92, 94], [18, 24], [48, 92], [21, 4], [92, 63], [56, 30], [98, 65], [38, 23], [81, 80], [47, 11], [49, 86], [1, 89], [73, 22], [74, 24], [27, 20], [69, 18], [71, 67], [33, 54], [83, 33], [59, 85], [90, 63], [92, 55], [28, 87], [97, 18], [95, 14], [45, 11], [7, 13], [47, 7], [92, 48], [43, 46], [44, 32], [87, 66], [37, 22], [51, 52], [86, 13], [34, 11], [19, 44], [62, 19], [96, 99], [92, 45], [70, 13], [68, 78], [23, 85], [8, 37], [31, 25], [80, 60], [91, 76], [68, 36], [79, 90], [28, 82], [47, 35], [55, 19], [40, 51], [66, 12], [91, 60], [96, 57], [95, 49], [24, 77], [88, 83], [32, 52], [81, 10], [59, 12], [90, 58], [85, 49], [55, 93]], "targets": [[41, 6], [16, 11], [55, 46], [25, 23], [84, 44], [18, 47], [67, 16], [55, 20], [27, 42], [2, 9], [59, 71], [56, 58], [91, 82], [66, 92], [22, 38], [32, 19], [92, 90], [50, 95], [47, 21], [78, 57], [48, 85], [86, 3], [24, 83], [10, 7], [63, 76], [38, 46], [34, 78], [92, 5], [1, 53], [3, 88], [77, 46], [28, 95], [79, 15], [45, 99], [98, 2], [1, 14], [50, 53], [11, 66], [93, 95], [25, 71], [94, 28], [11, 4], [37, 35], [8, 82], [71, 81], [46, 20], [22, 82], [0, 32], [16, 81], [88, 47], [7, 87], [70, 57], [9, 25], [26, 98], [94, 14], [80, 9], [4, 69], [39, 32], [9, 2], [7, 83], [43, 78], [51, 46], [16, 8], [62, 41], [83, 90], [89, 89], [51, 30], [97, 15], [49, 42], [62, 54], [78, 39], [88, 51], [64, 18], [2, 15], [68, 97], [63, 72], [6, 94], [86, 26], [26, 43], [91, 86], [12, 0], [37, 78], [63, 68], [14, 81], [72, 43], [17, 52], [7, 25], [11, 83], [15, 96], [88, 10], [51, 94], [83, 15], [6, 4], [19, 80], [12, 69], [24, 34], [48, 43], [12, 1], [3, 78], [45, 73], [35, 50], [11, 0], [4, 98], [66, 41], [74, 86], [90, 96], [49, 27], [28, 70], [61, 54], [90, 14], [0, 29], [60, 41], [53, 58], [29, 95], [92, 7], [18, 27], [77, 49], [30, 13], [81, 56], [72, 17], [68, 9], [0, 16], [1, 60], [48, 18], [71, 94], [61, 65], [7, 95], [80, 31], [44, 44], [28, 56], [13, 9], [86, 87], [6, 7], [40, 80], [5, 60], [67, 72], [13, 83], [6, 79], [39, 88], [44, 46], [22, 11], [63, 49], [16, 51], [2, 37], [78, 47], [68, 77], [36, 16], [12, 80], [14, 89], [99, 5], [50, 93], [92, 92], [78, 3], [14, 1], [57, 26], [16, 80], [8, 91], [12, 56], [92, 11], [54, 34], [17, 33], [61, 53], [82, 46], [76, 46], [47, 29], [66, 19], [5, 9], [11, 5], [58, 57], [67, 98], [60, 68], [12, 21], [0, 77], [36, 83], [42, 42], [26, 3], [15, 95], [96, 8], [4, 91], [87, 18], [69, 7], [8, 68], [75, 55], [76, 79], [22, 54], [95, 84], [18, 10], [33, 86], [59, 75], [8, 85], [91, 97], [50, 26], [29, 74], [68, 48], [88, 7], [20, 56], [37, 44], [12, 28], [3, 91], [8, 3], [10, 71], [55, 47], [54, 57], [17, 91], [96, 3], [21, 29], [90, 45], [34, 19], [48, 94], [6, 86], [80, 48], [86, 8], [48, 76], [47, 41], [22, 2], [63, 10], [5, 10], [13, 0], [28, 87], [13, 65], [48, 16], [74, 90], [54, 74], [75, 48], [72, 88], [68, 53], [13, 37], [80, 57], [6, 98], [91, 20], [15, 22], [85, 93], [46, 33], [54, 29], [22, 92], [86, 5], [24, 43], [3, 2], [98, 81], [19, 9], [39, 76], [4, 62], [91, 2], [82, 4], [64, 79], [10, 76], [10, 84], [5, 56], [59, 42], [51, 89], [47, 49], [64, 52], [15, 3], [4, 80], [74, 59], [89, 48], [76, 58], [19, 45], [0, 21], [61, 19], [2, 16], [71, 53], [71, 83], [42, 17], [7, 82], [62, 96], [65, 70], [28, 89], [87, 12], [40, 44], [41, 93], [81, 99], [12, 5], [69, 11], [43, 7], [8, 8], [48, 28], [18, 91], [2, 84], [9, 68], [27, 67], [81, 20], [61, 50], [4, 82], [95, 11], [40, 87], [41, 49], [24, 9], [9, 34], [25, 55], [84, 83], [6, 9], [40, 85], [51, 47], [15, 37], [63, 47], [24, 92], [96, 1], [66, 76], [16, 86], [21, 26], [87, 44], [33, 11], [74, 54], [65, 49], [81, 80], [9, 81], [47, 35], [82, 9], [69, 23], [3, 6], [4, 5], [13, 62], [71, 58], [21, 48], [55, 19], [71, 98], [92, 89], [58, 72], [84, 12], [46, 99], [2, 20], [8, 73], [45, 24], [10, 79], [45, 75], [43, 38], [11, 6], [90, 10], [16, 98], [98, 14], [8, 93], [85, 25], [48, 92], [74, 9], [71, 60], [34, 37], [52, 33], [57, 55], [16, 5], [22, 83], [4, 70], [67, 45], [71, 84], [18, 44], [6, 3], [96, 85], [9, 1], [38, 86], [3, 54], [82, 43], [78, 46], [4, 25], [57, 67], [12, 78], [11, 80], [69, 9], [6, 16], [91, 92], [6, 83], [27, 90], [93, 15], [71, 96], [15, 38], [50, 25], [35, 84], [58, 75], [36, 50], [29, 68], [15, 6], [73, 45], [78, 15], [89, 3], [16, 48], [7, 60], [33, 37], [16, 23], [4, 90], [82, 20], [3, 7], [72, 44], [75, 80], [42, 12], [7, 81], [52, 38], [57, 57], [18, 95], [86, 6], [20, 21], [83, 44], [25, 12], [40, 93], [7, 76], [87, 59], [67, 53], [84, 93], [26, 49], [97, 88], [10, 3], [34, 84], [76, 11], [51, 83], [40, 46], [21, 2], [71, 12], [7, 15], [16, 4], [49, 30], [28, 80], [0, 98], [9, 62], [3, 29], [59, 79], [16, 78], [49, 39], [52, 23], [74, 98], [57, 66], [98, 6], [13, 1], [25, 89], [97, 14], [71, 42], [77, 78], [72, 56], [50, 40], [21, 50], [20, 31], [79, 54], [68, 12], [4, 84], [64, 58], [89, 20], [5, 79], [12, 37], [14, 60], [38, 83], [38, 45], [17, 11], [94, 91], [83, 42], [77, 59], [18, 83], [49, 38], [51, 26], [26, 71], [30, 95], [88, 3], [70, 10], [1, 15], [27, 45], [10, 9], [98, 89], [11, 13], [38, 78], [2, 61], [58, 55], [47, 94], [7, 92], [89, 5], [64, 98], [64, 66], [81, 0], [77, 55], [70, 86], [67, 76], [10, 82], [5, 34], [0, 71], [18, 5], [21, 84], [4, 57], [48, 39], [43, 79], [38, 37], [61, 44], [19, 7], [19, 97], [84, 15], [40, 33], [84, 91], [3, 82], [89, 18], [64, 61], [17, 25], [82, 41], [33, 17], [83, 50], [2, 6], [18, 51], [48, 31], [81, 15], [7, 35], [61, 22], [7, 17], [13, 34], [87, 15], [8, 57], [64, 46], [83, 84], [38, 14], [16, 74], [0, 83], [27, 44], [95, 82], [17, 0], [32, 77], [0, 84], [47, 22], [68, 94], [55, 74], [18, 97], [86, 17], [70, 61], [35, 80], [39, 49], [17, 2], [33, 39], [46, 95], [56, 67], [13, 74], [56, 36], [52, 48], [89, 91], [11, 8], [81, 1], [12, 32], [40, 7], [16, 6], [82, 47], [58, 21], [18, 84], [7, 97], [0, 70], [92, 94], [28, 76], [81, 26], [84, 59], [66, 51], [31, 94], [94, 11], [8, 81], [67, 49], [82, 90], [94, 13], [57, 20], [3, 20], [25, 44], [35, 40], [43, 80], [37, 40], [15, 4], [15, 30], [70, 0], [70, 92], [54, 62], [2, 96], [25, 42], [10, 1], [88, 89], [8, 4], [37, 75], [2, 54], [8, 74], [88, 93], [2, 65], [53, 33], [23, 30], [61, 46], [74, 49], [31, 99], [87, 7], [64, 78], [16, 84], [51, 25], [26, 20], [80, 41], [25, 19], [48, 99], [1, 85], [74, 52], [72, 45], [68, 88], [9, 89], [88, 26], [16, 26], [44, 34], [96, 14], [84, 11], [45, 89], [37, 50], [25, 6], [67, 22], [1, 12], [0, 4], [17, 4], [18, 87], [11, 71], [72, 58], [14, 96], [87, 3], [22, 55], [52, 20], [61, 91], [84, 95], [64, 69], [80, 15], [42, 97], [11, 89], [49, 47], [59, 54], [31, 46], [98, 85], [17, 5], [42, 80], [12, 36], [0, 76], [52, 19], [30, 76], [81, 11], [41, 28], [75, 50], [69, 83], [36, 13], [18, 75], [82, 51], [84, 47], [58, 61], [42, 82], [42, 51], [18, 11], [14, 64], [66, 75], [18, 86], [92, 9], [2, 2], [26, 92], [90, 4], [20, 42], [73, 55], [1, 87], [92, 24], [60, 10], [4, 19], [39, 92], [14, 33], [82, 95], [83, 5], [5, 81], [73, 99], [63, 67], [74, 57], [35, 29], [56, 41], [51, 55], [12, 6], [45, 29], [25, 83], [0, 82], [11, 64], [17, 92], [86, 12], [64, 42], [74, 80], [19, 54], [44, 77], [46, 37], [13, 11], [30, 54], [13, 8], [90, 86], [9, 4], [33, 75], [4, 59], [20, 29], [85, 41], [27, 10], [85, 54], [4, 30], [98, 8], [86, 11], [7, 75], [73, 56], [61, 70], [10, 86], [2, 81], [91, 22], [69, 16], [0, 19], [86, 94], [0, 87], [41, 38], [14, 59], [25, 92], [91, 17], [55, 41], [55, 23], [3, 8], [72, 93], [14, 38], [43, 94], [57, 32], [39, 78], [61, 68], [43, 47], [76, 42], [52, 46], [27, 71], [21, 7], [69, 79], [0, 20], [11, 85], [63, 46], [84, 4], [97, 13], [81, 38], [79, 60], [31, 50], [96, 84], [12, 8], [40, 77], [14, 52], [19, 94], [87, 8], [14, 9], [22, 91], [4, 55], [33, 41], [5, 77], [81, 98], [11, 27], [65, 15], [4, 11], [10, 81], [81, 18], [3, 5], [58, 78], [19, 78], [50, 87], [42, 48], [17, 1], [63, 45], [68, 49], [82, 78], [37, 13], [16, 72], [85, 14], [46, 18], [47, 42], [52, 56], [72, 89], [58, 66], [23, 94], [99, 9], [9, 70], [97, 10], [37, 39], [5, 32], [11, 98], [20, 26], [87, 37], [34, 11], [42, 96], [4, 73], [84, 57], [63, 58], [21, 38], [93, 92], [28, 54], [13, 3], [92, 84], [20, 12], [33, 77], [0, 53], [79, 17], [40, 73], [42, 46], [14, 3], [20, 55], [59, 22], [2, 11], [77, 50], [76, 77], [23, 97], [90, 16], [40, 1], [17, 10], [48, 23], [18, 85], [0, 92], [2, 58], [30, 74], [89, 17], [1, 37], [50, 38], [56, 54], [67, 73], [8, 87], [39, 42], [67, 58], [50, 20], [74, 93], [62, 68], [1, 78], [16, 71], [94, 16], [68, 16], [6, 0], [83, 38], [86, 51], [11, 91], [84, 99], [13, 89], [93, 14], [43, 85], [47, 47], [22, 5], [5, 57], [5, 36], [67, 51], [77, 85], [42, 93], [69, 61], [26, 48], [86, 81], [7, 0], [45, 76], [62, 10], [4, 20], [54, 22], [41, 39], [48, 45], [19, 52], [12, 33], [78, 51], [86, 4], [3, 97], [55, 57], [94, 19], [3, 72], [28, 97], [97, 16], [2, 8], [89, 7], [66, 88], [61, 74], [57, 80], [16, 82], [0, 22], [7, 7], [26, 86], [4, 71], [38, 79], [44, 51], [21, 11], [86, 96], [70, 48], [26, 25], [89, 43], [31, 13], [78, 49], [63, 48], [70, 82], [38, 20], [14, 72], [5, 91], [38, 28], [75, 3], [57, 29], [33, 68], [15, 99], [98, 5], [9, 86], [70, 22], [6, 17], [8, 22], [25, 46], [5, 6], [85, 90], [7, 10], [45, 78], [1, 59], [3, 60], [60, 37], [61, 48], [71, 47], [39, 96], [8, 92], [93, 18], [93, 7], [37, 77], [48, 47], [25, 4], [17, 51], [45, 20], [73, 89], [81, 96], [56, 66], [85, 11], [42, 99], [70, 12], [39, 29], [69, 48], [72, 91], [84, 51], [85, 48], [57, 81], [11, 77], [25, 96], [86, 14], [24, 37], [11, 35], [4, 83], [73, 46], [17, 9], [47, 19], [20, 81], [8, 89], [13, 56], [3, 9], [12, 75], [59, 12], [7, 8], [59, 43], [36, 86], [42, 53], [55, 44], [12, 11], [69, 14], [86, 13], [19, 50], [92, 86], [12, 4], [31, 81], [14, 95], [85, 7], [36, 33], [91, 95], [6, 36], [4, 88], [89, 31], [74, 61], [69, 42], [81, 86], [61, 89], [66, 67], [2, 68], [21, 28], [90, 46], [27, 16], [48, 97], [4, 77], [77, 48], [2, 3], [18, 55], [47, 18], [32, 74], [56, 72], [22, 78], [85, 1], [11, 94], [24, 95], [84, 2], [35, 81], [42, 49], [23, 5], [12, 35], [59, 56], [61, 21], [4, 8], [38, 33], [58, 41], [16, 37], [50, 48], [86, 16], [15, 7], [24, 87], [6, 58], [94, 92], [67, 42], [75, 82], [38, 13], [11, 81], [2, 76], [20, 48], [0, 8], [95, 83], [17, 7], [38, 74], [3, 58], [9, 83], [93, 17], [52, 26], [75, 94], [52, 75], [69, 17], [87, 50], [79, 55], [15, 89], [89, 9], [1, 35], [74, 55], [45, 23], [41, 87], [50, 47], [10, 4], [44, 37], [7, 59], [39, 94], [15, 52], [57, 70], [18, 76], [6, 95], [67, 15], [1, 17], [52, 45], [55, 48], [95, 7], [93, 99], [62, 51], [81, 79], [1, 75], [1, 0], [70, 7], [19, 99], [97, 2], [16, 36], [62, 50], [37, 3], [18, 3], [17, 20], [82, 40], [29, 49], [89, 78], [74, 94], [13, 39], [27, 20], [47, 28], [78, 55], [40, 89], [24, 89], [17, 3], [65, 66], [48, 37], [32, 84], [8, 98], [13, 71], [94, 96], [31, 77], [80, 29], [26, 11], [34, 33], [18, 81], [82, 53], [66, 50], [15, 34], [26, 90], [90, 8], [84, 10], [1, 4], [10, 74], [70, 47], [69, 87], [87, 92], [92, 13], [58, 47], [53, 46], [60, 14], [0, 7], [10, 92], [58, 69], [22, 85], [17, 45], [45, 94], [4, 66], [48, 41], [48, 86], [35, 44], [11, 11], [50, 18], [72, 60], [5, 21], [15, 94], [88, 15], [83, 43], [79, 57], [71, 8], [54, 20], [61, 88], [66, 66], [2, 92], [85, 23], [21, 53], [8, 2], [94, 87], [6, 5], [44, 81], [3, 56], [4, 87], [67, 55], [81, 77], [45, 14], [13, 76], [93, 96], [6, 1], [16, 85], [2, 63], [85, 5], [48, 40], [16, 32], [57, 58], [44, 31], [67, 18], [2, 10], [56, 61], [2, 31], [47, 79], [37, 45], [24, 2], [27, 98], [92, 14], [8, 80], [77, 6], [60, 76], [17, 87], [49, 21], [29, 75], [23, 46], [0, 0], [23, 23], [80, 44], [29, 11], [42, 98], [3, 77], [86, 58], [2, 59], [66, 98], [65, 65], [62, 42], [80, 79], [65, 52], [1, 92], [82, 21], [3, 19], [83, 89], [48, 38], [23, 95], [90, 3], [24, 56], [86, 84], [15, 1], [31, 83], [98, 7], [79, 4], [58, 36], [51, 74], [35, 38], [56, 55], [18, 0], [66, 23], [2, 12], [6, 78], [13, 5], [6, 10], [46, 19], [23, 82], [5, 85], [14, 71], [68, 50], [1, 81], [12, 25], [12, 40], [15, 93], [90, 11], [66, 81], [20, 84], [86, 48], [84, 46], [75, 43], [77, 79], [45, 32], [73, 17], [25, 51], [51, 21], [64, 96], [92, 96], [56, 76], [84, 14], [47, 99], [39, 86], [51, 43], [25, 3], [92, 15], [8, 95], [83, 19], [44, 98], [68, 58], [58, 34], [58, 45], [12, 66], [18, 53], [10, 6], [97, 89], [18, 2], [44, 75], [0, 58], [13, 35], [64, 12], [0, 11], [4, 85], [21, 96], [90, 12], [45, 18], [24, 69], [78, 11], [49, 41], [10, 94], [71, 46], [84, 90], [46, 15], [17, 78], [23, 20], [82, 45], [27, 17], [85, 49], [67, 61], [82, 97], [40, 78], [44, 48], [19, 4], [17, 8], [19, 87], [5, 58], [5, 31], [68, 80], [22, 77], [74, 99], [66, 74], [94, 6], [4, 3], [27, 92], [99, 6], [47, 38], [21, 52], [16, 33], [78, 52], [78, 12], [5, 98], [54, 53], [85, 18], [2, 72], [49, 32], [55, 28], [66, 17], [6, 18], [30, 49], [97, 80], [11, 14], [33, 84], [61, 56], [49, 93], [64, 43], [77, 90], [15, 20], [0, 61], [48, 84], [38, 51], [25, 10], [29, 94], [99, 0], [90, 98], [0, 95], [80, 45], [83, 47], [11, 3], [83, 0], [96, 13], [11, 74], [5, 76], [51, 22], [66, 93], [54, 66], [72, 47], [37, 28], [66, 77], [22, 75], [54, 40], [53, 48], [11, 25], [39, 3], [11, 7], [58, 19], [20, 87], [3, 86], [3, 57], [26, 76], [80, 18], [27, 99], [94, 5], [64, 44], [82, 88], [60, 11], [5, 20], [23, 44], [43, 89], [38, 47], [14, 0], [81, 12], [30, 43], [0, 2], [88, 91], [11, 9], [43, 83], [3, 55], [89, 92], [13, 32], [61, 60], [17, 23], [77, 47], [33, 18], [50, 92], [5, 83], [75, 58], [9, 95], [6, 23], [36, 35], [91, 8], [12, 63], [14, 91], [95, 4], [73, 98], [56, 69], [46, 35], [60, 51], [56, 25], [75, 17], [65, 53], [70, 85], [38, 18], [12, 81], [71, 59], [40, 86], [45, 46], [24, 6], [59, 68], [16, 79], [10, 8], [9, 92], [89, 25], [70, 19], [2, 17], [12, 30], [87, 94], [2, 82], [34, 42], [16, 9], [16, 83], [10, 63], [25, 91], [85, 16], [17, 48], [29, 52], [95, 81], [14, 2], [35, 85], [79, 39], [86, 50], [99, 13], [70, 15], [56, 60], [1, 96], [56, 42], [55, 21], [6, 6], [69, 92], [20, 40], [48, 95], [58, 20], [41, 76], [61, 69], [43, 51], [67, 52], [56, 46], [25, 77], [19, 11], [74, 91], [9, 35], [19, 90], [89, 16], [2, 55], [38, 43], [6, 82], [81, 89], [68, 14], [0, 18], [4, 97], [82, 19], [60, 74], [9, 80], [58, 48], [9, 73], [72, 7], [88, 11], [2, 36], [27, 30], [76, 49], [35, 11], [76, 53], [31, 55], [9, 5], [93, 88], [9, 3], [31, 80], [1, 58], [42, 83], [45, 41], [19, 8], [17, 46], [64, 54], [74, 82], [24, 91], [94, 8], [7, 1], [53, 22], [26, 81], [2, 90], [10, 55], [58, 35], [62, 53], [46, 29], [60, 54], [64, 92], [53, 63], [10, 83], [69, 0], [80, 95], [14, 30], [45, 92], [61, 23], [0, 14], [15, 35], [76, 54], [5, 92], [92, 26], [19, 98], [96, 2], [9, 7], [88, 16], [59, 67], [20, 80], [12, 70], [35, 88], [48, 52], [20, 7], [68, 61], [87, 47], [82, 54], [76, 51], [71, 86], [44, 21], [11, 73], [43, 28], [84, 13], [54, 25], [28, 72], [1, 79], [7, 19], [20, 53], [95, 86], [19, 2], [32, 80], [55, 37], [51, 52], [9, 84], [19, 56], [48, 25], [70, 98], [86, 89], [66, 65], [82, 16], [48, 98], [26, 99], [96, 9], [64, 55], [6, 11], [26, 84], [9, 66], [5, 2], [66, 14], [7, 20], [42, 89], [41, 47], [12, 3], [76, 14], [94, 2], [41, 30], [14, 22], [7, 84], [86, 25], [70, 50], [82, 82], [23, 25], [80, 50], [26, 10], [41, 94], [0, 80], [84, 55], [58, 18], [62, 76], [8, 78], [14, 98], [97, 12], [69, 58], [46, 42], [12, 42], [54, 49], [4, 64], [87, 93], [7, 71], [24, 44], [8, 1], [96, 80], [9, 13], [41, 74], [3, 62], [7, 89], [66, 90], [65, 68], [81, 7], [4, 31], [39, 83], [40, 45], [12, 2], [35, 43], [14, 54], [58, 14], [3, 16], [95, 13], [68, 42], [73, 92], [0, 81], [14, 92], [87, 17], [57, 49], [43, 1], [18, 1], [81, 51], [48, 32], [25, 81], [3, 98], [9, 55], [90, 97], [25, 70], [88, 30], [81, 60], [1, 30], [82, 1], [5, 7], [81, 95], [46, 47], [64, 50], [55, 73], [14, 76], [47, 93], [38, 29], [41, 81], [39, 44], [26, 9], [69, 59], [20, 95], [93, 6], [53, 19], [64, 95], [56, 63], [3, 93], [21, 55], [89, 79], [18, 8], [43, 86], [1, 73], [68, 55], [73, 81], [36, 19], [15, 73], [1, 71], [89, 14], [21, 34], [66, 13], [7, 14], [2, 19], [73, 14], [49, 24], [17, 54], [4, 2], [26, 27], [79, 48], [28, 16], [74, 60], [67, 57], [2, 80], [92, 28], [92, 95], [49, 37], [18, 98], [89, 8], [59, 34], [37, 74], [35, 52], [50, 46], [22, 0], [16, 1], [16, 89], [10, 64], [9, 82], [11, 31], [56, 68], [10, 87], [71, 48], [77, 82], [77, 14], [68, 93], [66, 73], [95, 8], [6, 84], [44, 96], [62, 55], [29, 42], [0, 3], [89, 77], [13, 10], [44, 80], [0, 60], [61, 16], [1, 6], [24, 96], [98, 11], [50, 24], [23, 71], [36, 40], [15, 74], [86, 45], [74, 50], [84, 89], [38, 84], [36, 46], [23, 11], [6, 65], [13, 20], [54, 46], [14, 48], [24, 38], [80, 54], [78, 2], [0, 97], [62, 44], [84, 23], [10, 85], [65, 55], [70, 41], [70, 89], [28, 92], [96, 7], [8, 6], [94, 10], [48, 26], [73, 95], [61, 67], [34, 36], [62, 67], [16, 77], [6, 33], [16, 7], [53, 27], [21, 81], [11, 93], [5, 61], [68, 23], [2, 14], [49, 86], [36, 38], [21, 3], [74, 3], [19, 46], [89, 87], [16, 3], [43, 72], [89, 96], [71, 45], [26, 22], [86, 49], [32, 20], [51, 97], [7, 86], [77, 60], [30, 89], [98, 16], [57, 47], [59, 53], [74, 40], [69, 85], [37, 12], [17, 76], [3, 4], [11, 90], [80, 28], [10, 25], [40, 36], [14, 65], [25, 45], [98, 4], [78, 5], [67, 60], [72, 96], [24, 31], [57, 24], [39, 80], [58, 63], [35, 42], [29, 77], [20, 10], [22, 93], [84, 0], [7, 72], [94, 99], [61, 15], [7, 13], [5, 84], [63, 73], [15, 78], [10, 28], [80, 43], [81, 50], [21, 47], [13, 2], [84, 86], [20, 3], [34, 85], [5, 63], [62, 40], [78, 83], [13, 6], [20, 83], [2, 62], [48, 36], [55, 56], [36, 37], [56, 48], [78, 10], [46, 96], [3, 94], [81, 22], [15, 90], [98, 13], [85, 8], [49, 85], [41, 48], [14, 7], [8, 71], [59, 31], [2, 85], [6, 31], [18, 48], [48, 22], [63, 99], [81, 93], [64, 65], [81, 10], [43, 96], [56, 49], [3, 59], [8, 0], [70, 23], [5, 19], [75, 0], [46, 44], [11, 88], [71, 40], [72, 81], [27, 28], [78, 50], [27, 11], [80, 52], [64, 68], [20, 74], [29, 99], [97, 8], [54, 42], [21, 32], [50, 54], [31, 56], [93, 78], [13, 7], [33, 85], [7, 27], [49, 87], [39, 37], [11, 2], [87, 13], [4, 81], [73, 58], [43, 2], [18, 9], [54, 31], [24, 88], [1, 82], [4, 65], [26, 69], [90, 18], [68, 1], [4, 9], [86, 99], [40, 96], [35, 35], [17, 98], [99, 12], [62, 97], [64, 71], [71, 51], [79, 90], [44, 19], [15, 79], [64, 16], [2, 13], [3, 25], [20, 47], [88, 40], [80, 46], [69, 47], [6, 85], [53, 36], [46, 86], [39, 48], [51, 44], [20, 8], [3, 71], [4, 78], [65, 78], [20, 86], [69, 2], [99, 3], [22, 49], [7, 2], [88, 85], [12, 12], [43, 81], [0, 62], [16, 91], [97, 9], [57, 18], [40, 35], [85, 92], [16, 27], [18, 38], [73, 53], [7, 90], [80, 17], [70, 51], [75, 45], [78, 78], [53, 20], [67, 92], [58, 67], [16, 10], [20, 91], [1, 64], [59, 20], [5, 11], [36, 81], [35, 51], [23, 9], [76, 6], [18, 23], [88, 41], [29, 17], [45, 95], [9, 74], [76, 48], [28, 90], [98, 9], [47, 45], [59, 58], [14, 74], [4, 7], [9, 90], [8, 28], [43, 35], [16, 49], [93, 10], [66, 61], [59, 23], [31, 75], [89, 98], [65, 67], [12, 85], [31, 49], [94, 77], [11, 10], [42, 84], [77, 54], [73, 86], [12, 57], [76, 5], [7, 98], [82, 29], [30, 90], [87, 4], [41, 80], [39, 41], [26, 8], [0, 72], [8, 31], [63, 91], [52, 74], [63, 50], [4, 6], [57, 17], [0, 13], [49, 44], [80, 38], [87, 53], [57, 39], [14, 41], [57, 56], [97, 3], [15, 0], [50, 30], [18, 90], [11, 92], [2, 56], [81, 6], [89, 99], [46, 94], [17, 96], [84, 1], [64, 41], [84, 85], [41, 16], [6, 73], [7, 33], [24, 54], [64, 45], [49, 76], [39, 45], [12, 7], [2, 87], [56, 74], [21, 74], [28, 42], [5, 3], [96, 83], [10, 10], [41, 85], [0, 56], [39, 30], [1, 95], [86, 21], [45, 16], [65, 96], [61, 72], [3, 67], [69, 19], [0, 15], [68, 10], [24, 25], [90, 50], [25, 15], [82, 60], [21, 93], [89, 10], [52, 39], [50, 45], [14, 31], [92, 2], [73, 47], [57, 23], [25, 68], [85, 98], [67, 54], [70, 80], [3, 83], [50, 75], [48, 53], [20, 2], [6, 74], [8, 9], [39, 36], [18, 39], [13, 4], [19, 89], [10, 70], [80, 10], [40, 92], [31, 95], [95, 1], [8, 72], [13, 30], [19, 51], [69, 45], [67, 68], [13, 84], [27, 54], [94, 82], [15, 11], [37, 73], [4, 96], [90, 27], [75, 98], [66, 62], [64, 9], [6, 12], [90, 51], [76, 56], [48, 44], [61, 47], [86, 10], [53, 28], [87, 90], [74, 43], [78, 82], [50, 82], [39, 40], [22, 7], [9, 79], [8, 5], [43, 39], [12, 64], [78, 13], [24, 97], [88, 14], [5, 37], [65, 47], [4, 89], [59, 55], [85, 55], [80, 14], [32, 59], [92, 27], [10, 37], [2, 30], [9, 27], [44, 73], [60, 65], [97, 35], [38, 96], [86, 27], [53, 62], [99, 99], [4, 21], [69, 64], [17, 15], [87, 20], [40, 12], [75, 19], [91, 54], [95, 5], [47, 90], [44, 25], [38, 6], [90, 38], [26, 46], [62, 71], [9, 36], [20, 41], [87, 41], [66, 8], [69, 40], [76, 19], [80, 25], [38, 24], [76, 35], [81, 29], [14, 24], [58, 70], [17, 29], [23, 7], [25, 72], [46, 72], [56, 7], [49, 71], [84, 38], [99, 83], [92, 37], [34, 86], [36, 17], [28, 94], [34, 60], [59, 40], [45, 15], [70, 69], [34, 82], [22, 26], [72, 72], [42, 18], [62, 22], [72, 70], [52, 79], [20, 92], [6, 2], [8, 21], [78, 81], [70, 53], [27, 80], [48, 56], [73, 37], [0, 69], [29, 92], [22, 46], [97, 32], [68, 71], [49, 45], [6, 56], [62, 0], [60, 8], [3, 14], [63, 0], [40, 70], [28, 86], [42, 94], [55, 80], [31, 20], [88, 88], [10, 99], [0, 48], [63, 54], [65, 75], [61, 71], [5, 38], [64, 20], [65, 77], [79, 65], [77, 76], [51, 3], [96, 21], [58, 60], [35, 57], [76, 23], [67, 39], [50, 56], [50, 2], [3, 15], [69, 3], [96, 57], [43, 55], [27, 46], [18, 94], [34, 62], [95, 34], [6, 91], [49, 66], [8, 11], [44, 68], [12, 98], [24, 10], [92, 65], [93, 68], [22, 52], [59, 3], [20, 75], [57, 43], [67, 79], [87, 72], [62, 56], [64, 36], [13, 40], [46, 55], [18, 82], [38, 8], [57, 8], [73, 67], [4, 99], [1, 9], [17, 14], [42, 11], [26, 38], [86, 66], [38, 36], [65, 2], [20, 30], [35, 95], [46, 54], [82, 79], [27, 47], [40, 56], [68, 26], [7, 39], [49, 17], [35, 60], [47, 69], [60, 67], [26, 53], [41, 75], [93, 98], [91, 59], [22, 99], [95, 91], [99, 67], [98, 41], [82, 73], [75, 21], [50, 3], [29, 23], [66, 18], [92, 70], [80, 72], [49, 9], [43, 14], [43, 23], [90, 37], [36, 95], [94, 88], [46, 39], [77, 25], [4, 56], [24, 68], [91, 68], [92, 38], [98, 27], [35, 37], [92, 29], [74, 48], [21, 99], [78, 73], [9, 32], [97, 90], [98, 48], [23, 49], [1, 33], [59, 81], [54, 41], [98, 33], [36, 58], [49, 91], [19, 49], [26, 82], [38, 3], [52, 92], [15, 48], [8, 15], [38, 34], [98, 36], [13, 16], [96, 20], [98, 28], [36, 5], [51, 27], [58, 99], [15, 33], [90, 21], [88, 97], [45, 53], [14, 94], [88, 39], [49, 8], [80, 66], [21, 37], [78, 23], [3, 50], [86, 70], [81, 76], [54, 64], [31, 43], [57, 90], [53, 66], [48, 78], [85, 76], [48, 6], [31, 3], [52, 17], [31, 58], [13, 91], [59, 93], [29, 34], [77, 45], [3, 51], [84, 61], [38, 2], [42, 21], [32, 27], [54, 17], [59, 35], [8, 29], [52, 37], [37, 98], [64, 0], [24, 39], [41, 92], [46, 52], [58, 23], [35, 10], [73, 85], [32, 13], [89, 81], [2, 1], [81, 73], [30, 18], [90, 82], [38, 32], [46, 73], [37, 66], [21, 1], [15, 32], [75, 79], [14, 39], [73, 83], [97, 30], [92, 1], [87, 27], [38, 1], [23, 51], [34, 4], [75, 4], [93, 58], [16, 88], [27, 25], [43, 82], [56, 45], [92, 81], [30, 93], [49, 78], [28, 57], [65, 87], [49, 22], [82, 26], [99, 16], [65, 0], [37, 19], [94, 71], [20, 14], [1, 93], [21, 91], [72, 20], [18, 96], [43, 87], [95, 94], [3, 75], [20, 50], [55, 54], [90, 34], [34, 59], [56, 38], [74, 31], [85, 75], [25, 33], [78, 17], [59, 82], [91, 37], [35, 96], [62, 89], [87, 57], [19, 38], [78, 45], [15, 83], [86, 56], [59, 95], [13, 45], [66, 58], [0, 30], [78, 64], [12, 91], [25, 98], [97, 95], [47, 74], [1, 40], [89, 35], [85, 53], [35, 55], [20, 58], [81, 54], [61, 17], [90, 85], [0, 31], [97, 43], [16, 2], [63, 28], [87, 86], [86, 54], [14, 68], [79, 93], [36, 29], [71, 24], [28, 19], [57, 10], [25, 17], [17, 6], [77, 31], [45, 37], [11, 17], [5, 70], [77, 9], [24, 78], [41, 53], [29, 84], [44, 16], [62, 46], [95, 60], [17, 34], [65, 85], [41, 35], [31, 36], [37, 10], [24, 41], [95, 77], [71, 64], [77, 18], [10, 80], [83, 53], [10, 59], [88, 24], [61, 63], [9, 88], [98, 18], [29, 46], [80, 80], [13, 86], [74, 72], [45, 10], [9, 43], [59, 38], [61, 42], [36, 39], [94, 35], [7, 48], [97, 55], [67, 11], [24, 20], [57, 38], [19, 31], [32, 45], [66, 38], [88, 64], [56, 43], [47, 53], [54, 43], [55, 81], [60, 63], [27, 52], [65, 90], [50, 0], [72, 73], [86, 75], [83, 59], [52, 18], [84, 34], [0, 49], [87, 49], [24, 28], [55, 27], [85, 32], [96, 97], [86, 1], [61, 55], [40, 31], [1, 34], [36, 57], [84, 27], [4, 92], [46, 46], [20, 57], [85, 19], [15, 17], [94, 15], [83, 64], [20, 19], [40, 49], [69, 66], [31, 34], [32, 5], [56, 87], [6, 59], [6, 67], [47, 46], [58, 98], [1, 16], [90, 77], [52, 0], [13, 19], [42, 63], [39, 93], [21, 42], [36, 74], [82, 38], [74, 29], [95, 88], [50, 15], [67, 24], [33, 92], [48, 68], [84, 98], [16, 47], [89, 50], [98, 55], [34, 55], [62, 14], [41, 52], [34, 90], [84, 60], [54, 15], [48, 54], [84, 32], [74, 41], [39, 2], [25, 79], [61, 81], [83, 79], [76, 64], [53, 85], [32, 37], [54, 39], [46, 45], [30, 52], [38, 89], [49, 49], [37, 54], [4, 44], [80, 61], [27, 18], [59, 45], [74, 5], [96, 10], [3, 11], [80, 68], [40, 62], [11, 26], [43, 95], [91, 53], [57, 88], [79, 81], [58, 38], [28, 78], [49, 10], [44, 52], [11, 32], [1, 46], [56, 11], [81, 41], [88, 90], [80, 69], [68, 95], [43, 61], [94, 12], [92, 17], [92, 97], [81, 90], [64, 28], [89, 86], [45, 61], [7, 22], [14, 97], [57, 27], [32, 52], [48, 2], [99, 31], [82, 35], [18, 42], [3, 21], [38, 93], [86, 83], [73, 63], [50, 94], [35, 0], [77, 57], [33, 0], [55, 66], [42, 56], [89, 38], [76, 72], [4, 94], [72, 21], [67, 6], [56, 92], [49, 56], [27, 50], [80, 55], [77, 24], [73, 27], [94, 25], [43, 30], [46, 88], [39, 15], [49, 62], [94, 56], [71, 34], [91, 35], [68, 78], [7, 28], [1, 67], [68, 46], [67, 32], [50, 39], [15, 28], [18, 41], [6, 37], [31, 38], [29, 73], [82, 22], [11, 50], [36, 98], [91, 3], [62, 92], [8, 39], [29, 87], [53, 84], [72, 63], [30, 37], [55, 43], [24, 40], [39, 99], [8, 38], [41, 37], [5, 35], [79, 61], [80, 42], [16, 57], [19, 66], [55, 11], [15, 91], [80, 33], [62, 69], [45, 7], [67, 83], [95, 85], [29, 96], [39, 18], [74, 69], [77, 10], [5, 33], [39, 21], [30, 8], [21, 95], [34, 61], [34, 44], [13, 24], [74, 11], [13, 77], [52, 36], [79, 21], [6, 76], [9, 17], [65, 26], [58, 12], [39, 66], [31, 76], [96, 82], [22, 96], [83, 61], [21, 90], [76, 95], [23, 18], [43, 9], [50, 17], [67, 25], [65, 81], [4, 48], [83, 95], [75, 77], [80, 20], [64, 14], [27, 56], [53, 51], [6, 81], [11, 59], [66, 78], [47, 97], [68, 15], [59, 85], [35, 28], [79, 22], [29, 10], [72, 42], [85, 24], [83, 73], [41, 15], [98, 90], [3, 18], [34, 3], [17, 49], [92, 31], [29, 47], [52, 49], [66, 35], [97, 74], [64, 51], [23, 10], [2, 48], [2, 86], [86, 24], [75, 66], [9, 94], [89, 85], [22, 13], [63, 89], [96, 77], [66, 16], [82, 49], [5, 41], [96, 60], [66, 28], [22, 34], [47, 56], [51, 95], [24, 33], [67, 21], [62, 74], [35, 7], [76, 3], [16, 87], [55, 12], [11, 49], [9, 41], [33, 44], [55, 51], [46, 8], [61, 58], [96, 67], [68, 64], [85, 99], [38, 76], [33, 65], [19, 44], [88, 36], [6, 63], [31, 28], [28, 24], [88, 73], [16, 16], [65, 33], [5, 26], [11, 16], [95, 43], [47, 58], [41, 27], [29, 33], [92, 85], [59, 69], [29, 60], [79, 42], [91, 90], [81, 69], [16, 12], [0, 27], [81, 43], [96, 27], [65, 71], [85, 28], [51, 42], [19, 85], [76, 44], [44, 1], [40, 95], [74, 23], [36, 23], [8, 30], [68, 73], [31, 22], [47, 40], [20, 98], [45, 25], [82, 57], [67, 71], [33, 81], [13, 81], [23, 69], [48, 69], [65, 48], [62, 4], [70, 83], [94, 23], [0, 59], [56, 73], [93, 82], [33, 7], [54, 51], [95, 68], [28, 99], [43, 25], [39, 95], [94, 40], [81, 92], [1, 98], [92, 47], [21, 46], [24, 94], [6, 43], [32, 97], [73, 23], [37, 99], [53, 38], [75, 26], [21, 89], [59, 91], [12, 73], [95, 17], [47, 72], [64, 27], [53, 9], [93, 48], [67, 59], [63, 61], [6, 44], [38, 59], [15, 39], [30, 3], [35, 82], [52, 81], [11, 18], [39, 50], [94, 66], [93, 74], [72, 69], [64, 8], [87, 58], [0, 54], [26, 14], [14, 23], [73, 20], [41, 60], [96, 78], [34, 81], [2, 94], [31, 51], [73, 42], [20, 44], [32, 63], [67, 44], [45, 91], [91, 60], [61, 93], [74, 77], [31, 93], [15, 69], [21, 97], [15, 98], [25, 31], [70, 9], [52, 73], [12, 90], [30, 42], [85, 2], [2, 32], [53, 25], [0, 10], [12, 29], [12, 97], [90, 42], [77, 0], [41, 43], [46, 97], [91, 10], [96, 39], [7, 47], [40, 27], [0, 47], [37, 81], [8, 12], [35, 14], [27, 61], [31, 89], [8, 99], [80, 37], [83, 76], [20, 18], [3, 31], [0, 24], [8, 51], [43, 27], [36, 25], [76, 84], [63, 51], [86, 68], [37, 33], [2, 95], [45, 68], [25, 38], [37, 80], [98, 19], [79, 41], [62, 15], [28, 9], [28, 66], [11, 84], [17, 26], [26, 91], [94, 47], [57, 91], [54, 36], [16, 94], [72, 12], [55, 91], [82, 13], [5, 4], [25, 28], [58, 25], [57, 98], [3, 27], [19, 30], [51, 24], [68, 27], [90, 89], [46, 50], [68, 3], [2, 33], [58, 76], [36, 63], [16, 38], [95, 51], [48, 75], [64, 93], [6, 87], [42, 26], [1, 26], [83, 31], [77, 94], [86, 18], [65, 12], [29, 79], [31, 86], [42, 9], [43, 22], [84, 94], [64, 59], [41, 20], [0, 50], [35, 56], [52, 99], [27, 77], [84, 42], [72, 24], [11, 41], [34, 39], [35, 58], [10, 48], [66, 15], [69, 20], [42, 52], [14, 13], [79, 9], [71, 85], [60, 22], [70, 67], [51, 88], [34, 17], [70, 28], [65, 4], [95, 54], [91, 44], [69, 21], [13, 12], [49, 73], [79, 33], [60, 38], [36, 49], [31, 98], [16, 45], [43, 36], [13, 14], [24, 30], [76, 47], [37, 27], [67, 3], [13, 92], [21, 72], [13, 58], [34, 54], [99, 58], [18, 49], [20, 70], [58, 10], [13, 25], [33, 35], [36, 31], [45, 80], [96, 11], [63, 30], [93, 2], [47, 32], [99, 10], [64, 48], [9, 71], [23, 42], [99, 80], [50, 5], [2, 83], [10, 89], [51, 91], [5, 86], [92, 39], [6, 25], [52, 34], [67, 4], [83, 29], [11, 47], [61, 32], [78, 32], [44, 82], [51, 56], [50, 28], [61, 7], [77, 53], [99, 76], [65, 54], [83, 51], [4, 43], [21, 49], [10, 30], [92, 44], [23, 66], [55, 36], [0, 41], [9, 14], [65, 57], [99, 33], [12, 24], [14, 17], [50, 43], [54, 71], [98, 74], [6, 70], [33, 21], [67, 26], [14, 34], [57, 21], [87, 82], [2, 91], [33, 52], [17, 67], [2, 51], [92, 49], [76, 28], [66, 44], [4, 13], [6, 89], [76, 50], [43, 44], [15, 46], [11, 87], [84, 30], [51, 62], [33, 1], [54, 10], [67, 95], [76, 24], [71, 99], [62, 86], [80, 81], [30, 1], [93, 20], [4, 38], [64, 29], [55, 94], [20, 97], [87, 74], [58, 42], [81, 40], [18, 92], [59, 6], [64, 64], [21, 24], [60, 24], [85, 15], [74, 62], [88, 87], [19, 70], [8, 60], [91, 85], [32, 30], [89, 46], [23, 12], [54, 58], [30, 39], [77, 1], [51, 93], [55, 34], [78, 76], [4, 53], [31, 64], [93, 56], [32, 96], [83, 22], [9, 30], [60, 0], [56, 52], [43, 17], [65, 73], [99, 37], [35, 66], [61, 41], [40, 20], [70, 16], [94, 30], [88, 9], [84, 37], [47, 70], [86, 72], [24, 82], [35, 64], [99, 4], [53, 98], [35, 86], [21, 18], [66, 96], [96, 86], [98, 31], [24, 19], [95, 15], [5, 97], [16, 0], [87, 33], [65, 59], [3, 80], [81, 57], [6, 30], [1, 28], [14, 50], [42, 36], [79, 72], [19, 17], [99, 1], [65, 61], [86, 91], [80, 34], [43, 6], [63, 37], [67, 90], [20, 6], [85, 69], [55, 89], [73, 64], [44, 83], [97, 77], [77, 44], [30, 4], [70, 56], [1, 5], [86, 15], [83, 13], [33, 98], [97, 51], [51, 19], [34, 21], [34, 83], [45, 1], [28, 51], [2, 45], [11, 21], [17, 56], [77, 66], [56, 33], [62, 39], [73, 32], [41, 2], [42, 13], [17, 17], [13, 88], [53, 32], [48, 62], [16, 70], [32, 88], [72, 74], [30, 20], [3, 0], [65, 69], [90, 92], [70, 78], [73, 62], [4, 42], [82, 76], [12, 74], [30, 56], [85, 74], [37, 18], [2, 71], [44, 58], [31, 23], [73, 61], [78, 61], [69, 38], [44, 94], [6, 46], [94, 86], [53, 21], [38, 88], [65, 56], [53, 6], [31, 48], [81, 28], [73, 4], [19, 96], [18, 88], [15, 9], [79, 71], [95, 53], [47, 14], [42, 74], [97, 36], [76, 8], [4, 27], [57, 86], [29, 24], [20, 51], [94, 64], [59, 59], [41, 79], [8, 10], [70, 43], [15, 2], [28, 61], [24, 17], [89, 84], [33, 15], [59, 47], [28, 13], [9, 61], [69, 68], [8, 75], [59, 13], [79, 47], [45, 34], [73, 9], [17, 83], [26, 35], [92, 35], [67, 2], [78, 96], [86, 32], [33, 47], [53, 30], [87, 32], [41, 26], [74, 79], [13, 93], [55, 85], [14, 37], [2, 89], [30, 73], [84, 75], [37, 52], [90, 29], [26, 37], [55, 35], [36, 34], [35, 3], [94, 80], [68, 79], [58, 94], [80, 93], [83, 21], [30, 48], [23, 53], [99, 52], [68, 44], [37, 85], [68, 6], [28, 1], [37, 64], [35, 32], [28, 37], [97, 69], [8, 42], [6, 29], [0, 66], [98, 62], [40, 18], [39, 61], [58, 33], [60, 23], [76, 97], [92, 63], [47, 85], [50, 71], [87, 6], [10, 45], [23, 31], [77, 36], [55, 49], [23, 98], [36, 93], [88, 75], [35, 63], [58, 89], [39, 77], [67, 82], [68, 37], [74, 88], [99, 24], [32, 81], [14, 82], [99, 59], [37, 25], [93, 89], [9, 75], [96, 64], [95, 57], [81, 71], [42, 22], [89, 51], [78, 68], [3, 76], [77, 26], [37, 94], [67, 40], [93, 60], [43, 59], [94, 81], [80, 87], [57, 83], [34, 22], [53, 82], [57, 68], [75, 33], [34, 96], [23, 32], [9, 78], [84, 35], [41, 61], [22, 57], [21, 94], [97, 87], [55, 32], [75, 31], [72, 64], [59, 60], [97, 45], [99, 71], [52, 52], [23, 86], [78, 67], [50, 11], [66, 39], [94, 49], [79, 31], [47, 3], [77, 87], [25, 20], [46, 49], [96, 0], [97, 24], [76, 17], [60, 39], [55, 26], [56, 59], [30, 41], [68, 47], [1, 49], [92, 41], [82, 7], [8, 50], [97, 17], [99, 29], [19, 58], [35, 45], [15, 67], [87, 95], [49, 34], [77, 28], [51, 92], [65, 63], [8, 49], [4, 93], [73, 13], [26, 4], [68, 54], [99, 22], [54, 61], [83, 28], [14, 20], [35, 12], [11, 79], [32, 50], [29, 85], [48, 72], [17, 43], [24, 15], [75, 15], [59, 7], [16, 19], [65, 46], [20, 68], [5, 28], [56, 28], [43, 88], [56, 15], [56, 20], [36, 62], [29, 97], [28, 40], [17, 85], [47, 7], [0, 52], [16, 99], [93, 21], [47, 91], [41, 41], [7, 24], [34, 97], [48, 64], [10, 23], [72, 57], [60, 7], [76, 60], [1, 11], [85, 42], [29, 44], [11, 46], [79, 75], [54, 97], [19, 25], [42, 6], [36, 12], [40, 59], [43, 4], [42, 0], [14, 42], [85, 61], [61, 79], [64, 11], [43, 40], [65, 93], [26, 33], [74, 22], [91, 14], [59, 44], [98, 70], [36, 26], [83, 66], [77, 68], [85, 84], [89, 93], [86, 62], [13, 67], [75, 89], [32, 60], [11, 36], [22, 59], [95, 41], [91, 66], [79, 29], [12, 82], [87, 29], [1, 94], [53, 43], [89, 29], [14, 12], [15, 45], [10, 34], [37, 30], [62, 62], [9, 85], [22, 25], [79, 18], [82, 64], [48, 7], [90, 9], [62, 8], [89, 34], [76, 80], [96, 33], [52, 27], [88, 12], [59, 77], [91, 94], [53, 75], [32, 10], [41, 77], [66, 24], [99, 19], [74, 36], [76, 38], [27, 41], [76, 91], [1, 86], [27, 26], [41, 45], [38, 57], [56, 27], [88, 63], [68, 87], [54, 70], [55, 13], [8, 86], [34, 24], [98, 45], [87, 30], [44, 18], [63, 29], [36, 47], [92, 73], [44, 57], [75, 61], [26, 7], [25, 93], [58, 91], [97, 41], [58, 68], [31, 32], [90, 74], [2, 41], [99, 66], [30, 65], [84, 79], [44, 47], [94, 84], [41, 67], [19, 35], [82, 18], [75, 40], [75, 18], [9, 37], [56, 29], [75, 28], [40, 37], [94, 89], [31, 79], [64, 33], [81, 33], [72, 85], [90, 70], [59, 27], [2, 88], [70, 72], [66, 25], [20, 38], [76, 15], [99, 14], [60, 84], [48, 30], [21, 65], [89, 70], [74, 74], [8, 25], [39, 28], [35, 9], [77, 80], [48, 11], [15, 47], [39, 60], [22, 9], [28, 14], [50, 6], [10, 32], [86, 39], [34, 91], [44, 86], [82, 23], [90, 31], [92, 45], [59, 8], [81, 67], [46, 31], [44, 67], [93, 79], [51, 8], [5, 14], [96, 32], [33, 48], [23, 85], [68, 31], [14, 78], [66, 82], [91, 96], [44, 61], [7, 49], [23, 77], [33, 79], [98, 52], [43, 24], [94, 17], [7, 32], [48, 89], [84, 80], [17, 99], [66, 5], [95, 66], [32, 87], [96, 66], [1, 18], [40, 39], [94, 55], [29, 56], [85, 97], [71, 15], [69, 49], [90, 58], [3, 96], [22, 94], [87, 88], [25, 18], [61, 45], [21, 86], [77, 20], [50, 90], [93, 75], [43, 34], [98, 72], [40, 8], [5, 5], [83, 11], [10, 24], [90, 99], [88, 53], [98, 30], [60, 94], [67, 33], [56, 84], [65, 35], [5, 71], [83, 57], [14, 83], [97, 97], [75, 92], [19, 23], [84, 97], [67, 37], [91, 61], [70, 37], [77, 40], [58, 46], [84, 9], [48, 87], [71, 27], [81, 88], [90, 84], [71, 67], [32, 39], [32, 32], [60, 58], [13, 33], [52, 89], [38, 75], [82, 74], [63, 90], [62, 58], [37, 24], [24, 57], [30, 51], [87, 10], [17, 30], [91, 64], [47, 61], [46, 85], [4, 50], [69, 82], [9, 19], [89, 49], [54, 92], [26, 13], [71, 57], [81, 85], [77, 72], [28, 62], [12, 79], [89, 88], [42, 30], [38, 39], [57, 50], [64, 23], [51, 66], [93, 19], [91, 77], [62, 36], [78, 42], [54, 85], [39, 97], [44, 84], [64, 87], [69, 65], [91, 26], [37, 7], [23, 28], [53, 95], [22, 37], [5, 1], [27, 49], [76, 71], [97, 21], [69, 57], [31, 85], [48, 19], [80, 49], [75, 2], [95, 71], [19, 36], [9, 0], [94, 3], [34, 40], [94, 38], [62, 29], [75, 57], [66, 33], [12, 27], [28, 96], [20, 16], [57, 72], [8, 13], [90, 43], [82, 70], [61, 11], [8, 48], [75, 7], [46, 51], [37, 26], [8, 96], [61, 38], [63, 40], [27, 51], [50, 81], [18, 78], [3, 12], [5, 22], [2, 69], [61, 6], [27, 89], [95, 38], [29, 35], [77, 5], [80, 6], [47, 60], [17, 18], [30, 19], [96, 25], [62, 98], [98, 77], [91, 50], [82, 28], [99, 55], [26, 78], [31, 92], [32, 1], [37, 79], [10, 72], [13, 44], [61, 10], [51, 1], [32, 99], [27, 32], [57, 96], [55, 63], [39, 67], [41, 29], [29, 48], [4, 39], [23, 27], [40, 98], [5, 45], [64, 3], [82, 3], [15, 81], [43, 12], [93, 30], [27, 37], [30, 77], [95, 99], [60, 78], [4, 0], [69, 36], [17, 50], [12, 20], [28, 77], [2, 74], [47, 65], [57, 74], [12, 95], [50, 13], [53, 34], [18, 50], [79, 58], [49, 46], [17, 80], [30, 84], [93, 61], [43, 53], [12, 72], [15, 19], [55, 16], [25, 52], [46, 69], [30, 26], [21, 8], [42, 7], [70, 84], [28, 36], [68, 17], [65, 13], [45, 21], [91, 48], [74, 13], [99, 60], [56, 12], [64, 2], [2, 21], [41, 55], [86, 33], [52, 30], [44, 89], [36, 22], [98, 3], [54, 0], [53, 79], [49, 35], [70, 26], [28, 26], [73, 11], [72, 55], [84, 50], [57, 13], [17, 65], [68, 7], [96, 49], [20, 49], [23, 54], [90, 35], [39, 85], [62, 16], [31, 12], [57, 51], [28, 44], [86, 44], [46, 83], [26, 85], [88, 49], [34, 41], [54, 12], [47, 44], [19, 3], [32, 56], [74, 37], [45, 40], [22, 53], [8, 43], [29, 40], [91, 30], [64, 91], [9, 54], [57, 2], [39, 35], [87, 0], [66, 0], [19, 75], [98, 32], [38, 64], [8, 66], [48, 79], [72, 13], [21, 14], [12, 52], [20, 37], [34, 27], [33, 9], [96, 79], [49, 50], [94, 21], [40, 17], [47, 62], [24, 11], [39, 52], [17, 63], [96, 12], [99, 51], [43, 19], [44, 87], [24, 4], [42, 33], [28, 50], [2, 75], [76, 39], [98, 97], [71, 13], [45, 35], [82, 93], [66, 64], [78, 95], [68, 83], [1, 44], [54, 26], [23, 8], [98, 78], [93, 31], [24, 14], [68, 72], [81, 37], [50, 85], [69, 80], [40, 2], [87, 55], [35, 36], [73, 33], [5, 43], [53, 56], [79, 32], [7, 4], [93, 42], [77, 23], [58, 2], [67, 38], [48, 48], [59, 33], [69, 41], [18, 22], [45, 58], [25, 16], [34, 79], [76, 21], [24, 16], [40, 48], [91, 19], [64, 34], [88, 45], [98, 17], [52, 44], [12, 53], [0, 94], [69, 10], [85, 51], [69, 37], [34, 1], [30, 85], [62, 85], [72, 78], [89, 37], [82, 11], [67, 5], [53, 42], [66, 2], [54, 63], [88, 86], [86, 88], [64, 72], [17, 58], [30, 24], [64, 49], [63, 25], [24, 7], [12, 48], [92, 4], [59, 61], [49, 68], [86, 86], [3, 43], [62, 99], [75, 37], [5, 54], [24, 42], [97, 70], [47, 77], [9, 29], [51, 20], [21, 39], [72, 3], [50, 7], [28, 63], [83, 2], [91, 27], [52, 51], [26, 94], [64, 89], [57, 63], [54, 73], [22, 48], [91, 79], [98, 26], [21, 23], [2, 7], [86, 67], [26, 15], [91, 84], [36, 4], [32, 95], [83, 40], [85, 66], [14, 28], [81, 14], [20, 59], [98, 96], [4, 24], [2, 42], [37, 87], [83, 34], [93, 70], [98, 63], [57, 34], [24, 26], [81, 48], [40, 25], [23, 57], [47, 34], [44, 28], [36, 0], [61, 82], [41, 54], [35, 6], [42, 73], [30, 78], [12, 18], [59, 90], [85, 29], [88, 84], [54, 55], [28, 49], [14, 77], [98, 35], [90, 63]]}