{"meta": {"number_of_robots": 160, "description": {"parameters": {"seed": 7700, "shape": [20, 20], "obstacles": {"n": 0, "mean": 3, "std": 1.5}, "clusters": {"n": 5, "mean": 40, "std": 20.0, "relative_radius": 2, "increase_factor": 1.3, "start_dist": {"generator_name": "Image", "shape": [20, 20], "min": 5.0, "max": 195.0, "mean": 115.0, "std": 30.23127519639223, "dtype": "uint64", "parameters": {"image": "clouds.png", "transformer": {"name": "ColorChannelSelector", "channel": "v", "inverted": false}}}, "target_dist": {"generator_name": "Image", "shape": [20, 20], "min": 5.0, "max": 195.0, "mean": 115.0, "std": 30.23127519639223, "dtype": "uint64", "parameters": {"image": "clouds.png", "transformer": {"name": "ColorChannelSelector", "channel": "v", "inverted": false}}}}, "density": 0.4, "start_dist": {"generator_name": "Image", "shape": [20, 20], "min": 5.0, "max": 195.0, "mean": 115.0, "std": 30.23127519639223, "dtype": "uint64", "parameters": {"image": "clouds.png", "transformer": {"name": "ColorChannelSelector", "channel": "v", "inverted": false}}}, "target_dist": {"generator_name": "Image", "shape": [20, 20], "min": 5.0, "max": 195.0, "mean": 115.0, "std": 30.23127519639223, "dtype": "uint64", "parameters": {"image": "clouds.png", "transformer": {"name": "ColorChannelSelector", "channel": "v", "inverted": false}}}}, "stats": {"date": "2020-11-17", "free_area": 400.0, "number_of_clustered_robots": 160, "number_of_robots": 160}}}, "name": "clouds_00000_20x20_40_160", "obstacles": [], "starts": [[0, 15], [18, 12], [9, 9], [6, 11], [2, 7], [14, 14], [9, 12], [15, 9], [9, 15], [7, 6], [19, 4], [0, 19], [5, 4], [10, 14], [17, 8], [9, 14], [15, 10], [0, 13], [8, 8], [17, 14], [4, 17], [14, 15], [13, 19], [13, 2], [10, 0], [8, 19], [3, 6], [18, 2], [13, 15], [6, 19], [15, 7], [16, 4], [11, 13], [11, 4], [19, 8], [2, 19], [10, 3], [2, 14], [15, 1], [2, 18], [11, 0], [5, 0], [1, 10], [19, 13], [9, 18], [5, 7], [11, 12], [15, 5], [5, 3], [3, 17], [7, 11], [15, 6], [7, 19], [2, 17], [19, 1], [5, 1], [1, 6], [5, 11], [1, 15], [13, 4], [1, 13], [5, 15], [6, 15], [18, 4], [7, 7], [1, 7], [12, 12], [18, 5], [8, 14], [8, 5], [19, 2], [8, 16], [10, 9], [5, 18], [15, 4], [13, 6], [6, 17], [8, 15], [17, 6], [10, 7], [2, 13], [3, 15], [8, 17], [18, 8], [3, 2], [9, 16], [9, 19], [13, 1], [11, 2], [12, 14], [3, 13], [6, 18], [11, 7], [6, 9], [12, 0], [14, 12], [8, 18], [13, 12], [4, 1], [13, 13], [5, 12], [2, 11], [11, 1], [12, 4], [6, 10], [1, 12], [3, 11], [17, 15], [10, 12], [6, 12], [4, 8], [12, 13], [18, 9], [2, 0], [1, 14], [16, 15], [2, 15], [11, 5], [5, 10], [8, 13], [12, 6], [13, 11], [5, 8], [5, 19], [17, 10], [6, 1], [10, 10], [17, 5], [9, 11], [7, 2], [7, 18], [12, 1], [1, 18], [8, 7], [4, 3], [9, 17], [19, 15], [7, 17], [14, 8], [16, 9], [10, 15], [2, 6], [1, 16], [11, 10], [16, 10], [10, 19], [4, 13], [7, 13], [12, 3], [2, 8], [2, 12], [3, 16], [17, 12], [14, 3], [11, 16], [3, 12], [16, 0], [3, 8], [15, 0], [15, 2]], "targets": [[7, 7], [18, 13], [11, 15], [9, 6], [10, 9], [18, 17], [11, 0], [18, 16], [6, 4], [19, 16], [10, 12], [6, 3], [8, 13], [9, 2], [19, 18], [14, 6], [15, 4], [18, 4], [8, 12], [18, 19], [6, 13], [9, 19], [17, 6], [13, 14], [15, 16], [5, 1], [4, 12], [14, 13], [13, 3], [3, 12], [17, 18], [11, 9], [15, 2], [11, 18], [16, 14], [14, 7], [17, 12], [15, 1], [17, 14], [3, 5], [13, 18], [7, 6], [5, 3], [13, 11], [5, 13], [12, 9], [16, 6], [11, 11], [16, 12], [1, 6], [11, 5], [19, 15], [10, 6], [12, 4], [11, 12], [13, 4], [19, 14], [18, 6], [8, 9], [11, 13], [8, 5], [15, 8], [7, 9], [12, 13], [16, 17], [17, 17], [6, 8], [12, 14], [9, 9], [7, 19], [10, 15], [3, 9], [17, 13], [3, 3], [19, 11], [19, 12], [17, 8], [13, 10], [18, 12], [18, 14], [8, 3], [7, 2], [11, 2], [14, 17], [7, 3], [13, 13], [7, 5], [19, 17], [17, 16], [16, 19], [10, 1], [5, 4], [15, 17], [14, 11], [17, 19], [10, 19], [8, 0], [16, 8], [12, 8], [14, 19], [5, 2], [17, 5], [11, 17], [14, 14], [6, 6], [0, 8], [3, 6], [15, 18], [4, 10], [6, 12], [18, 15], [18, 5], [15, 19], [17, 9], [3, 4], [15, 12], [13, 0], [13, 16], [12, 11], [6, 2], [10, 14], [8, 4], [9, 16], [6, 5], [11, 16], [13, 15], [16, 3], [16, 11], [14, 0], [15, 15], [5, 5], [16, 15], [0, 6], [4, 17], [16, 18], [15, 3], [18, 18], [10, 11], [9, 3], [10, 13], [18, 3], [14, 15], [2, 5], [9, 11], [11, 19], [11, 4], [1, 2], [8, 10], [18, 11], [16, 16], [13, 9], [2, 11], [12, 19], [7, 8], [11, 7], [10, 7], [12, 16], [8, 14], [13, 17], [15, 14]]}