{"meta": {"number_of_robots": 912, "description": {"parameters": {"seed": 7527, "shape": [50, 50], "obstacles": {"n": 30, "mean": 3, "std": 1.5}, "clusters": {"n": 30, "mean": 20, "std": 10.0, "relative_radius": 2, "increase_factor": 1.3, "start_dist": {"generator_name": "Image", "shape": [50, 50], "min": 1.0, "max": 210.0, "mean": 115.1884, "std": 31.750365437896928, "dtype": "uint64", "parameters": {"image": "clouds.png", "transformer": {"name": "ColorChannelSelector", "channel": "v", "inverted": false}}}, "target_dist": {"generator_name": "Image", "shape": [50, 50], "min": 1.0, "max": 210.0, "mean": 115.1884, "std": 31.750365437896928, "dtype": "uint64", "parameters": {"image": "clouds.png", "transformer": {"name": "ColorChannelSelector", "channel": "v", "inverted": false}}}}, "density": 0.4, "start_dist": {"generator_name": "Image", "shape": [50, 50], "min": 1.0, "max": 210.0, "mean": 115.1884, "std": 31.750365437896928, "dtype": "uint64", "parameters": {"image": "clouds.png", "transformer": {"name": "ColorChannelSelector", "channel": "v", "inverted": false}}}, "target_dist": {"generator_name": "Image", "shape": [50, 50], "min": 1.0, "max": 210.0, "mean": 115.1884, "std": 31.750365437896928, "dtype": "uint64", "parameters": {"image": "clouds.png", "transformer": {"name": "ColorChannelSelector", "channel": "v", "inverted": false}}}}, "stats": {"date": "2020-11-17", "free_area": 2280.0, "number_of_clustered_robots": 613, "number_of_robots": 912}}}, "name": "clouds_00001_50x50_40_912", "obstacles": [[3, 33], [3, 34], [3, 35], [3, 36], [3, 49], [4, 49], [5, 6], [5, 7], [5, 49], [6, 6], [6, 7], [7, 35], [7, 36], [8, 35], [8, 36], [9, 18], [9, 19], [9, 20], [9, 21], [10, 18], [10, 21], [11, 18], [11, 19], [11, 20], [11, 21], [16, 14], [16, 15], [16, 16], [16, 17], [16, 18], [16, 19], [17, 17], [17, 19], [17, 21], [17, 22], [17, 23], [17, 24], [17, 35], [17, 36], [18, 10], [18, 11], [18, 17], [18, 19], [18, 21], [18, 22], [18, 24], [18, 32], [18, 35], [18, 36], [19, 9], [19, 11], [19, 17], [19, 19], [19, 23], [19, 24], [19, 32], [20, 9], [20, 11], [20, 17], [20, 18], [20, 19], [20, 20], [20, 21], [20, 22], [20, 24], [20, 36], [20, 38], [20, 39], [20, 40], [20, 41], [21, 9], [21, 11], [21, 20], [21, 24], [21, 36], [21, 38], [21, 41], [22, 9], [22, 11], [22, 20], [22, 24], [22, 36], [22, 38], [22, 41], [23, 7], [23, 8], [23, 12], [23, 20], [23, 21], [23, 22], [23, 23], [23, 24], [23, 36], [23, 38], [23, 41], [24, 7], [24, 12], [24, 36], [24, 38], [24, 39], [24, 40], [24, 41], [25, 7], [25, 13], [25, 14], [25, 15], [25, 36], [26, 7], [26, 8], [26, 9], [26, 10], [26, 11], [26, 12], [26, 15], [27, 13], [27, 15], [27, 35], [27, 36], [27, 37], [27, 38], [27, 39], [28, 13], [28, 15], [28, 35], [28, 39], [29, 0], [29, 1], [29, 13], [29, 15], [29, 35], [29, 36], [29, 37], [29, 38], [29, 39], [30, 13], [30, 14], [30, 15], [31, 45], [32, 45], [40, 27], [40, 28], [40, 29], [40, 30], [40, 47], [41, 37], [41, 38], [41, 47], [42, 37], [42, 38], [42, 47], [43, 47], [44, 32], [44, 35], [44, 36], [44, 47], [45, 32], [45, 35], [45, 36], [45, 47], [45, 48], [45, 49], [46, 6], [46, 32], [46, 33], [46, 35], [46, 36], [46, 47], [46, 48], [46, 49], [47, 6], [47, 32], [47, 34], [47, 35], [48, 6], [48, 32], [48, 33]], "starts": [[7, 32], [23, 32], [1, 42], [13, 36], [12, 37], [30, 37], [47, 42], [49, 27], [42, 19], [42, 24], [0, 17], [44, 11], [20, 3], [41, 32], [45, 21], [21, 49], [36, 13], [44, 30], [46, 41], [8, 12], [21, 37], [17, 13], [44, 15], [34, 39], [11, 41], [49, 32], [49, 45], [46, 46], [19, 20], [10, 33], [42, 27], [6, 28], [39, 37], [44, 6], [46, 10], [23, 16], [36, 30], [25, 2], [25, 41], [12, 39], [43, 34], [43, 22], [44, 38], [48, 43], [46, 20], [6, 21], [49, 26], [3, 10], [5, 29], [5, 45], [32, 40], [17, 44], [46, 12], [42, 20], [27, 43], [38, 41], [7, 42], [24, 15], [41, 22], [26, 1], [42, 30], [22, 35], [23, 43], [42, 31], [41, 17], [34, 29], [48, 45], [47, 15], [13, 37], [0, 26], [28, 48], [1, 14], [39, 13], [41, 26], [15, 10], [47, 45], [43, 12], [4, 11], [45, 20], [27, 10], [37, 26], [18, 1], [46, 30], [10, 26], [26, 34], [24, 48], [39, 39], [37, 15], [35, 40], [39, 48], [3, 42], [35, 46], [20, 47], [48, 12], [45, 29], [4, 21], [46, 14], [10, 28], [36, 29], [42, 14], [23, 44], [35, 39], [10, 44], [24, 18], [13, 34], [38, 40], [43, 23], [22, 6], [47, 30], [21, 43], [20, 49], [49, 35], [36, 22], [40, 37], [42, 43], [4, 10], [47, 17], [16, 32], [9, 37], [46, 15], [44, 20], [2, 46], [32, 42], [19, 47], [45, 11], [19, 12], [1, 12], [38, 21], [23, 0], [28, 34], [12, 45], [49, 36], [41, 16], [42, 36], [47, 47], [10, 37], [44, 12], [35, 15], [44, 23], [21, 5], [45, 46], [34, 49], [44, 16], [8, 10], [48, 17], [28, 43], [36, 43], [13, 47], [31, 13], [43, 31], [22, 7], [49, 31], [42, 29], [7, 21], [0, 38], [26, 38], [13, 43], [45, 34], [39, 19], [40, 36], [45, 42], [5, 47], [27, 42], [22, 46], [48, 14], [44, 14], [16, 36], [41, 15], [40, 20], [29, 22], [4, 26], [43, 25], [21, 7], [1, 13], [30, 49], [24, 37], [16, 49], [44, 43], [42, 13], [36, 34], [49, 43], [2, 20], [48, 26], [45, 13], [46, 13], [6, 27], [38, 30], [49, 18], [23, 37], [36, 38], [7, 47], [20, 14], [11, 33], [0, 39], [33, 47], [14, 47], [39, 20], [27, 6], [36, 17], [40, 25], [18, 13], [45, 45], [22, 31], [17, 45], [41, 41], [46, 24], [37, 38], [41, 43], [47, 10], [4, 32], [8, 14], [0, 22], [44, 18], [48, 13], [29, 12], [39, 44], [43, 32], [17, 31], [40, 19], [28, 7], [48, 30], [7, 33], [45, 9], [20, 35], [23, 48], [47, 37], [43, 20], [46, 29], [44, 42], [41, 20], [5, 38], [39, 40], [14, 43], [47, 14], [28, 42], [37, 41], [12, 42], [24, 22], [48, 15], [7, 12], [6, 15], [39, 27], [26, 2], [12, 29], [48, 23], [44, 10], [39, 49], [26, 33], [19, 37], [48, 34], [43, 13], [35, 34], [41, 40], [48, 16], [24, 17], [9, 26], [48, 21], [37, 17], [43, 29], [13, 6], [44, 48], [45, 27], [24, 0], [0, 21], [0, 45], [38, 39], [16, 45], [48, 9], [20, 34], [7, 8], [22, 32], [17, 42], [43, 37], [41, 14], [42, 39], [41, 46], [48, 29], [4, 27], [38, 27], [41, 10], [21, 44], [40, 35], [7, 41], [23, 13], [12, 33], [43, 17], [37, 44], [43, 30], [29, 4], [49, 33], [42, 10], [49, 28], [3, 15], [11, 32], [24, 31], [15, 42], [41, 34], [35, 18], [34, 38], [39, 47], [43, 16], [21, 19], [4, 48], [31, 46], [15, 49], [7, 13], [47, 31], [49, 13], [44, 22], [29, 7], [42, 11], [11, 28], [28, 33], [20, 31], [13, 44], [32, 44], [46, 42], [47, 29], [37, 19], [3, 19], [47, 12], [36, 16], [39, 33], [36, 39], [26, 40], [15, 13], [32, 43], [5, 46], [48, 47], [45, 44], [28, 20], [5, 32], [47, 16], [39, 23], [28, 5], [47, 18], [48, 27], [3, 17], [1, 41], [37, 46], [16, 40], [46, 21], [30, 18], [20, 32], [16, 47], [48, 35], [34, 22], [45, 40], [42, 44], [9, 30], [0, 13], [45, 22], [45, 14], [36, 24], [20, 5], [45, 31], [32, 41], [45, 17], [5, 28], [38, 29], [45, 19], [25, 40], [36, 36], [13, 45], [26, 22], [15, 39], [40, 32], [22, 43], [19, 43], [47, 43], [38, 17], [46, 31], [43, 44], [5, 13], [14, 35], [43, 11], [2, 48], [34, 47], [18, 48], [1, 16], [35, 26], [29, 2], [6, 38], [48, 19], [35, 16], [42, 33], [13, 13], [48, 48], [41, 21], [28, 10], [30, 39], [14, 39], [39, 36], [39, 17], [35, 41], [39, 41], [29, 45], [43, 10], [40, 24], [1, 29], [34, 27], [29, 3], [8, 17], [7, 18], [47, 11], [49, 15], [26, 45], [40, 43], [8, 43], [21, 17], [2, 39], [35, 45], [21, 46], [46, 25], [26, 37], [14, 40], [39, 35], [36, 21], [35, 30], [43, 43], [43, 15], [1, 31], [17, 37], [37, 28], [22, 5], [45, 28], [40, 22], [38, 46], [48, 11], [27, 12], [49, 17], [6, 19], [2, 16], [4, 35], [42, 18], [28, 31], [18, 49], [42, 40], [40, 18], [40, 33], [49, 41], [34, 18], [39, 24], [16, 12], [47, 49], [41, 30], [19, 3], [4, 39], [38, 38], [22, 42], [0, 31], [37, 29], [46, 17], [25, 45], [34, 40], [9, 41], [27, 20], [14, 34], [44, 17], [42, 9], [40, 23], [4, 22], [30, 34], [12, 49], [40, 40], [39, 22], [39, 29], [47, 46], [33, 37], [3, 12], [38, 22], [17, 1], [8, 28], [14, 37], [43, 9], [49, 25], [23, 17], [42, 15], [43, 21], [5, 48], [36, 44], [12, 44], [18, 37], [24, 45], [43, 33], [41, 25], [42, 35], [45, 43], [4, 28], [2, 13], [47, 22], [37, 25], [25, 4], [44, 33], [41, 9], [27, 41], [40, 42], [9, 44], [21, 14], [8, 18], [45, 18], [29, 42], [2, 32], [43, 14], [38, 13], [47, 23], [16, 5], [44, 46], [29, 31], [23, 46], [40, 31], [35, 19], [45, 39], [40, 41], [38, 23], [18, 7], [7, 20], [42, 21], [20, 12], [3, 47], [33, 45], [19, 46], [44, 24], [45, 15], [10, 34], [12, 38], [47, 20], [2, 17], [24, 32], [15, 43], [43, 36], [35, 22], [44, 29], [47, 44], [49, 20], [34, 26], [27, 3], [30, 43], [2, 33], [38, 31], [45, 16], [26, 43], [32, 35], [13, 40], [22, 14], [16, 39], [45, 10], [0, 12], [49, 21], [49, 19], [0, 48], [35, 43], [22, 48], [18, 33], [15, 41], [46, 40], [46, 19], [43, 39], [43, 42], [3, 28], [41, 27], [26, 5], [46, 28], [41, 11], [29, 17], [0, 18], [44, 8], [38, 12], [40, 34], [19, 7], [49, 47], [2, 14], [30, 40], [0, 36], [15, 38], [48, 18], [23, 31], [14, 46], [39, 34], [44, 25], [40, 39], [40, 48], [41, 23], [37, 30], [26, 0], [46, 18], [21, 42], [33, 43], [11, 44], [27, 21], [45, 6], [1, 44], [36, 40], [18, 47], [8, 27], [3, 14], [39, 28], [7, 22], [43, 18], [26, 35], [13, 49], [48, 37], [40, 15], [43, 35], [48, 44], [45, 25], [27, 4], [41, 19], [30, 22], [46, 16], [33, 42], [9, 35], [48, 25], [36, 12], [26, 23], [16, 1], [11, 26], [0, 20], [44, 5], [41, 42], [34, 42], [25, 27], [33, 33], [40, 10], [4, 43], [49, 29], [1, 26], [2, 23], [8, 47], [33, 39], [19, 48], [27, 26], [0, 24], [32, 27], [0, 14], [9, 28], [31, 29], [33, 20], [38, 3], [0, 40], [48, 5], [16, 31], [7, 17], [26, 31], [32, 23], [24, 28], [26, 6], [10, 27], [2, 18], [41, 45], [10, 24], [29, 23], [37, 42], [17, 48], [38, 16], [35, 47], [34, 24], [3, 21], [42, 48], [6, 49], [44, 21], [49, 9], [30, 11], [13, 22], [4, 20], [26, 28], [45, 2], [40, 21], [34, 20], [2, 30], [30, 28], [30, 19], [37, 9], [16, 28], [49, 16], [20, 25], [31, 32], [37, 49], [48, 39], [26, 30], [28, 1], [30, 30], [13, 5], [2, 8], [14, 38], [42, 28], [25, 30], [46, 11], [33, 13], [47, 25], [14, 45], [6, 20], [9, 17], [13, 1], [5, 19], [32, 5], [38, 0], [25, 19], [45, 41], [8, 48], [7, 37], [38, 4], [18, 39], [40, 8], [25, 37], [15, 23], [11, 47], [43, 0], [29, 41], [11, 15], [13, 20], [27, 8], [43, 6], [31, 34], [23, 18], [36, 7], [10, 36], [27, 24], [31, 43], [18, 27], [38, 32], [29, 6], [48, 46], [35, 8], [0, 42], [24, 49], [44, 41], [25, 20], [48, 22], [22, 26], [0, 16], [30, 20], [34, 34], [11, 7], [11, 16], [11, 43], [48, 2], [30, 46], [44, 31], [40, 14], [18, 34], [22, 2], [5, 36], [44, 49], [48, 49], [22, 12], [38, 24], [28, 22], [14, 42], [49, 10], [15, 34], [8, 21], [45, 1], [18, 43], [12, 34], [35, 49], [41, 4], [21, 30], [46, 1], [11, 42], [49, 6], [29, 40], [2, 40], [6, 17], [32, 39], [8, 40], [31, 38], [4, 36], [3, 13], [29, 28], [45, 4], [20, 0], [33, 3], [25, 24], [43, 19], [21, 26], [39, 6], [35, 6], [37, 3], [42, 7], [1, 21], [27, 27], [45, 26], [25, 17], [49, 38], [7, 14], [37, 40], [33, 40], [26, 32], [38, 25], [30, 33], [27, 32], [24, 16], [0, 10], [21, 45], [41, 49], [13, 14], [14, 19], [31, 2], [28, 40], [48, 4], [30, 2], [32, 46], [48, 20], [30, 41], [28, 32], [13, 21], [33, 2], [2, 19], [14, 28], [10, 9], [5, 42], [2, 42], [1, 49], [32, 16], [11, 27], [33, 0], [32, 47], [7, 4], [15, 45], [46, 0], [14, 16], [17, 41], [7, 31], [15, 44], [27, 16], [6, 48], [48, 7], [31, 3], [27, 40], [24, 35], [35, 25], [21, 33], [49, 22], [33, 30], [29, 34], [29, 48], [9, 40], [37, 36], [26, 18], [31, 23], [41, 33], [32, 12], [27, 28], [17, 3], [24, 13], [36, 15], [4, 34], [5, 11], [0, 30], [3, 48], [29, 43], [36, 33], [12, 46], [9, 24], [7, 15], [15, 18], [11, 49], [19, 41], [7, 48], [9, 25], [40, 12], [5, 24], [27, 31], [49, 40], [43, 28], [12, 15], [22, 49], [32, 33], [32, 36], [32, 26], [26, 16], [7, 19], [0, 46], [8, 23], [33, 22], [19, 21], [12, 20], [5, 39], [4, 5], [14, 29], [49, 11], [47, 40], [9, 43], [35, 11], [35, 12], [6, 31], [28, 45], [34, 32], [41, 2], [41, 39], [35, 29], [8, 5], [3, 24], [32, 14], [35, 32], [25, 31], [10, 11], [12, 31], [24, 25], [22, 25], [17, 15], [36, 4], [30, 16], [5, 41], [42, 45], [15, 15], [26, 42], [40, 38], [31, 30], [7, 7], [20, 44]], "targets": [[14, 28], [23, 17], [48, 38], [40, 0], [36, 31], [47, 22], [47, 40], [8, 13], [44, 12], [10, 10], [0, 19], [20, 31], [37, 29], [15, 18], [8, 7], [33, 11], [28, 31], [13, 42], [35, 11], [16, 37], [3, 11], [29, 45], [33, 45], [7, 45], [41, 17], [36, 25], [37, 33], [35, 35], [3, 25], [14, 29], [17, 48], [14, 16], [40, 14], [38, 34], [16, 6], [9, 15], [13, 17], [45, 28], [28, 11], [36, 28], [43, 36], [45, 16], [29, 11], [27, 29], [26, 26], [4, 23], [14, 47], [17, 42], [4, 26], [48, 48], [37, 21], [35, 12], [32, 39], [15, 7], [3, 13], [8, 46], [41, 23], [10, 22], [18, 15], [45, 24], [15, 43], [25, 18], [33, 23], [47, 44], [43, 15], [35, 16], [25, 34], [23, 32], [42, 4], [6, 21], [44, 21], [2, 16], [31, 35], [11, 43], [26, 48], [35, 39], [40, 44], [16, 34], [8, 1], [5, 18], [10, 11], [47, 21], [42, 24], [15, 20], [23, 14], [28, 32], [49, 46], [34, 18], [32, 14], [28, 34], [47, 41], [39, 20], [32, 16], [25, 29], [15, 46], [0, 22], [29, 42], [9, 25], [15, 23], [13, 12], [7, 11], [15, 48], [40, 22], [7, 20], [15, 32], [40, 11], [7, 7], [46, 21], [14, 49], [23, 13], [29, 28], [47, 43], [43, 22], [26, 18], [30, 34], [16, 41], [23, 26], [39, 2], [6, 20], [31, 44], [21, 49], [40, 46], [45, 18], [35, 14], [10, 1], [7, 21], [4, 22], [16, 7], [49, 29], [17, 9], [34, 23], [43, 42], [45, 20], [24, 16], [32, 30], [8, 18], [18, 27], [33, 33], [20, 49], [31, 43], [39, 33], [45, 15], [31, 34], [14, 39], [9, 10], [6, 13], [10, 47], [38, 19], [1, 14], [15, 8], [40, 24], [36, 26], [17, 46], [2, 21], [15, 16], [25, 21], [29, 25], [48, 43], [42, 19], [30, 17], [30, 28], [42, 43], [45, 21], [37, 11], [19, 35], [33, 40], [42, 3], [15, 4], [18, 47], [3, 14], [4, 27], [7, 9], [44, 28], [20, 43], [43, 19], [26, 20], [30, 30], [45, 45], [39, 13], [29, 8], [25, 25], [3, 15], [16, 43], [41, 45], [22, 27], [10, 24], [15, 24], [13, 2], [9, 14], [13, 46], [37, 16], [11, 24], [16, 33], [47, 38], [39, 22], [31, 10], [12, 18], [42, 26], [30, 33], [12, 45], [23, 47], [34, 37], [28, 9], [29, 27], [49, 40], [41, 19], [31, 7], [26, 28], [29, 40], [10, 26], [18, 37], [0, 23], [24, 33], [14, 6], [0, 18], [44, 22], [11, 42], [42, 6], [10, 12], [49, 26], [37, 26], [15, 17], [30, 39], [21, 12], [37, 32], [45, 44], [43, 20], [23, 16], [29, 33], [9, 46], [39, 40], [38, 10], [30, 8], [15, 9], [10, 14], [15, 40], [34, 22], [8, 16], [17, 29], [2, 22], [19, 41], [13, 18], [41, 32], [8, 25], [21, 44], [34, 42], [45, 22], [25, 17], [31, 21], [45, 42], [36, 14], [32, 6], [24, 32], [5, 2], [7, 13], [7, 25], [24, 35], [31, 37], [16, 48], [30, 45], [34, 40], [7, 6], [44, 23], [1, 16], [40, 39], [48, 12], [39, 16], [36, 40], [41, 0], [22, 34], [27, 16], [34, 25], [46, 46], [41, 21], [31, 16], [27, 32], [18, 41], [12, 17], [16, 20], [12, 9], [6, 11], [7, 43], [35, 20], [5, 17], [14, 32], [25, 35], [44, 16], [8, 11], [47, 27], [37, 24], [41, 34], [13, 43], [0, 21], [4, 24], [22, 19], [28, 22], [43, 39], [33, 13], [30, 9], [30, 25], [12, 12], [9, 17], [39, 41], [42, 12], [32, 12], [16, 35], [17, 47], [21, 32], [8, 15], [44, 30], [30, 35], [8, 27], [18, 16], [37, 4], [31, 32], [39, 15], [44, 44], [5, 15], [37, 18], [1, 19], [14, 1], [33, 34], [16, 44], [27, 11], [2, 11], [23, 42], [8, 48], [34, 21], [36, 37], [34, 28], [1, 24], [11, 26], [38, 41], [12, 7], [39, 32], [25, 33], [8, 49], [18, 39], [43, 38], [49, 12], [33, 12], [9, 5], [4, 19], [26, 16], [36, 32], [46, 37], [45, 14], [35, 6], [31, 28], [13, 25], [3, 16], [16, 46], [37, 34], [9, 13], [38, 24], [42, 28], [47, 18], [18, 31], [3, 17], [17, 20], [15, 2], [7, 15], [8, 42], [38, 21], [5, 22], [13, 33], [9, 47], [27, 12], [31, 25], [46, 41], [36, 22], [28, 16], [23, 31], [24, 42], [41, 3], [39, 43], [41, 39], [49, 17], [32, 15], [0, 17], [14, 11], [37, 23], [10, 27], [26, 35], [35, 36], [22, 42], [30, 46], [34, 36], [11, 4], [7, 14], [18, 12], [29, 30], [47, 46], [40, 19], [33, 8], [27, 33], [39, 21], [33, 41], [11, 46], [14, 24], [11, 12], [47, 29], [19, 34], [1, 13], [20, 27], [11, 13], [5, 10], [14, 42], [34, 17], [8, 14], [40, 38], [48, 21], [35, 8], [19, 44], [20, 12], [35, 24], [46, 40], [43, 16], [24, 13], [23, 27], [30, 36], [11, 23], [39, 1], [9, 9], [47, 26], [38, 29], [21, 42], [41, 14], [13, 10], [9, 24], [16, 29], [3, 22], [15, 42], [13, 16], [34, 39], [28, 10], [29, 31], [45, 43], [41, 13], [30, 12], [34, 34], [31, 39], [20, 45], [23, 48], [38, 33], [14, 12], [39, 24], [39, 44], [46, 10], [40, 9], [3, 18], [12, 19], [14, 13], [3, 12], [9, 43], [33, 15], [5, 16], [15, 30], [26, 33], [36, 33], [13, 48], [4, 15], [16, 10], [31, 33], [49, 44], [43, 12], [34, 12], [32, 27], [49, 13], [19, 42], [15, 11], [42, 23], [15, 27], [40, 4], [15, 5], [19, 47], [3, 19], [41, 33], [23, 30], [48, 41], [48, 18], [37, 8], [17, 16], [27, 28], [49, 38], [39, 11], [23, 6], [32, 25], [10, 16], [5, 20], [22, 49], [10, 7], [41, 30], [37, 28], [8, 6], [9, 7], [9, 40], [35, 18], [9, 16], [24, 44], [38, 39], [38, 11], [12, 28], [22, 33], [28, 33], [9, 44], [27, 43], [38, 37], [24, 14], [36, 27], [46, 43], [42, 18], [34, 9], [26, 36], [6, 18], [38, 26], [3, 23], [12, 11], [10, 25], [49, 39], [42, 21], [37, 7], [10, 42], [39, 39], [6, 27], [45, 3], [26, 30], [14, 44], [24, 20], [25, 32], [45, 39], [40, 13], [35, 7], [35, 26], [14, 41], [14, 14], [44, 29], [46, 19], [5, 21], [14, 23], [8, 8], [2, 7], [14, 40], [36, 21], [4, 25], [18, 33], [38, 38], [4, 17], [11, 47], [19, 36], [49, 47], [44, 19], [38, 8], [17, 15], [33, 30], [46, 42], [35, 17], [31, 14], [32, 32], [7, 18], [8, 17], [44, 26], [41, 27], [13, 7], [1, 20], [20, 34], [30, 40], [29, 32], [21, 48], [28, 46], [35, 37], [1, 15], [37, 15], [5, 27], [44, 6], [16, 32], [26, 19], [27, 31], [47, 37], [33, 14], [29, 6], [24, 31], [10, 43], [11, 10], [38, 25], [5, 4], [6, 10], [10, 45], [36, 23], [8, 20], [36, 43], [42, 41], [37, 20], [30, 7], [14, 20], [19, 37], [12, 44], [0, 14], [22, 29], [24, 15], [31, 22], [49, 45], [37, 10], [31, 6], [32, 31], [16, 13], [43, 21], [7, 3], [1, 22], [30, 37], [43, 11], [11, 25], [18, 49], [9, 34], [12, 21], [0, 46], [48, 14], [19, 13], [32, 22], [8, 24], [27, 9], [37, 27], [23, 28], [6, 25], [43, 24], [35, 30], [29, 2], [8, 44], [48, 4], [48, 19], [49, 5], [42, 25], [33, 16], [30, 26], [32, 38], [17, 30], [7, 28], [44, 39], [39, 27], [32, 47], [4, 41], [3, 39], [17, 6], [24, 26], [9, 35], [39, 34], [35, 25], [6, 46], [0, 32], [12, 47], [47, 36], [8, 39], [11, 9], [32, 44], [13, 22], [49, 49], [6, 17], [16, 30], [5, 24], [42, 32], [36, 44], [36, 20], [20, 8], [18, 46], [26, 44], [31, 2], [41, 20], [10, 15], [6, 34], [1, 7], [2, 24], [30, 41], [44, 24], [5, 12], [43, 34], [19, 5], [11, 5], [47, 24], [25, 24], [49, 20], [1, 18], [28, 24], [7, 17], [22, 1], [36, 42], [4, 31], [0, 11], [12, 36], [36, 18], [38, 46], [45, 13], [5, 9], [14, 22], [21, 13], [6, 35], [48, 22], [29, 41], [16, 38], [48, 20], [3, 46], [44, 8], [45, 8], [27, 10], [33, 43], [28, 49], [30, 31], [19, 29], [29, 16], [46, 14], [3, 30], [6, 16], [9, 6], [24, 28], [27, 46], [38, 18], [18, 7], [45, 11], [19, 31], [45, 26], [40, 33], [44, 40], [40, 48], [40, 34], [18, 20], [39, 45], [49, 27], [15, 21], [24, 49], [40, 23], [10, 34], [47, 12], [39, 37], [42, 30], [44, 33], [33, 1], [32, 0], [10, 29], [19, 25], [48, 39], [32, 4], [8, 34], [14, 15], [27, 30], [24, 47], [3, 47], [3, 40], [20, 35], [7, 22], [49, 32], [1, 32], [40, 43], [11, 15], [37, 22], [48, 42], [35, 21], [22, 44], [31, 42], [12, 0], [45, 30], [7, 37], [4, 10], [43, 10], [30, 38], [48, 34], [43, 48], [21, 15], [35, 33], [3, 28], [11, 40], [48, 44], [4, 3], [12, 24], [41, 46], [38, 28], [8, 29], [48, 45], [14, 33], [17, 32], [46, 22], [43, 17], [18, 29], [2, 37], [48, 35], [7, 38], [20, 25], [48, 40], [40, 16], [41, 31], [43, 33], [33, 9], [19, 28], [41, 9], [28, 1], [18, 25], [33, 48], [34, 33], [30, 0], [2, 46], [27, 3], [35, 45], [30, 6], [10, 40], [42, 46], [14, 37], [46, 27], [0, 49], [42, 11], [12, 6], [6, 9], [29, 4], [4, 30], [17, 25], [7, 46], [15, 33], [20, 15], [46, 16], [39, 42], [42, 1], [30, 5], [33, 31], [28, 7], [3, 48], [11, 3], [10, 17], [42, 44], [24, 24], [34, 24], [48, 30], [10, 49], [49, 33], [32, 5], [4, 13], [0, 31], [11, 49], [7, 27], [24, 37], [37, 25], [22, 45], [28, 3], [6, 41], [43, 8], [21, 2], [2, 44], [25, 31], [49, 48], [9, 3], [20, 42], [6, 14], [4, 47], [23, 34], [24, 27], [6, 32], [35, 29], [13, 41], [25, 48], [25, 30], [30, 24], [12, 26], [5, 46], [15, 19], [23, 18], [4, 12], [29, 49], [43, 4], [12, 46], [44, 49], [2, 25], [2, 29], [43, 5], [13, 37], [24, 46], [12, 23], [18, 14], [9, 42], [25, 44], [28, 45], [37, 40], [35, 38], [43, 31], [34, 38], [33, 46], [25, 0], [47, 45], [17, 5], [23, 33], [36, 36], [6, 39], [5, 39], [47, 19], [39, 12], [10, 13], [40, 25], [22, 3], [31, 1], [2, 18], [20, 29], [30, 1], [33, 47], [37, 2], [9, 49], [26, 1], [47, 28], [8, 12], [19, 46], [37, 3], [28, 44], [7, 10], [1, 43], [23, 29], [17, 43], [34, 26], [0, 25]]}