{"meta": {"number_of_robots": 669, "description": {"parameters": {"seed": 147, "shape": [50, 50], "obstacles": {"n": 10, "mean": 5, "std": 2.5}, "clusters": {"n": 20, "mean": 40, "std": 20.0, "relative_radius": 2, "increase_factor": 1.3, "start_dist": {"generator_name": "Image", "shape": [50, 50], "min": 11.0, "max": 242.0, "mean": 211.0968, "std": 38.60726654089875, "dtype": "uint64", "parameters": {"image": "galaxy_cluster.png", "transformer": {"name": "ColorChannelSelector", "channel": "v", "inverted": true}}}, "target_dist": {"generator_name": "Image", "shape": [50, 50], "min": 13.0, "max": 244.0, "mean": 43.9032, "std": 38.60726654089875, "dtype": "uint64", "parameters": {"image": "galaxy_cluster.png", "transformer": {"name": "ColorChannelSelector", "channel": "v", "inverted": false}}}}, "density": 0.3, "start_dist": {"generator_name": "Image", "shape": [50, 50], "min": 11.0, "max": 242.0, "mean": 211.0968, "std": 38.60726654089875, "dtype": "uint64", "parameters": {"image": "galaxy_cluster.png", "transformer": {"name": "ColorChannelSelector", "channel": "v", "inverted": true}}}, "target_dist": {"generator_name": "Image", "shape": [50, 50], "min": 13.0, "max": 244.0, "mean": 43.9032, "std": 38.60726654089875, "dtype": "uint64", "parameters": {"image": "galaxy_cluster.png", "transformer": {"name": "ColorChannelSelector", "channel": "v", "inverted": false}}}}, "stats": {"date": "2020-11-17", "free_area": 2229.0, "number_of_clustered_robots": 669, "number_of_robots": 669}}}, "name": "galaxy_cluster_00003_50x50_30_669", "obstacles": [[15, 5], [15, 6], [15, 7], [15, 8], [15, 9], [15, 10], [16, 5], [16, 10], [17, 5], [17, 6], [17, 7], [17, 8], [17, 9], [17, 10], [18, 14], [18, 15], [18, 16], [18, 17], [19, 14], [19, 17], [20, 14], [20, 17], [21, 14], [21, 17], [21, 27], [21, 28], [21, 29], [22, 1], [22, 2], [22, 3], [22, 4], [22, 14], [22, 17], [22, 27], [22, 29], [23, 1], [23, 4], [23, 14], [23, 17], [23, 27], [23, 29], [24, 1], [24, 4], [24, 14], [24, 17], [24, 27], [24, 29], [24, 34], [25, 1], [25, 4], [25, 14], [25, 15], [25, 16], [25, 17], [25, 27], [25, 29], [25, 34], [26, 1], [26, 4], [26, 27], [26, 28], [26, 29], [26, 34], [27, 1], [27, 4], [27, 34], [28, 1], [28, 4], [28, 34], [29, 1], [29, 4], [29, 34], [30, 1], [30, 2], [30, 3], [30, 4], [30, 34], [31, 34], [31, 37], [31, 38], [31, 39], [31, 40], [31, 41], [31, 42], [31, 43], [31, 44], [31, 45], [31, 46], [32, 37], [32, 46], [33, 37], [33, 46], [34, 37], [34, 46], [35, 37], [35, 38], [35, 39], [35, 40], [35, 41], [35, 42], [35, 43], [35, 44], [35, 45], [35, 46], [36, 21], [36, 22], [36, 23], [36, 24], [36, 25], [36, 26], [36, 27], [36, 28], [36, 29], [37, 17], [37, 18], [37, 19], [37, 21], [37, 29], [38, 17], [38, 19], [38, 21], [38, 29], [39, 17], [39, 18], [39, 19], [39, 21], [39, 29], [40, 21], [40, 29], [41, 21], [41, 29], [42, 21], [42, 29], [42, 47], [43, 21], [43, 22], [43, 23], [43, 24], [43, 25], [43, 26], [43, 27], [43, 28], [43, 29], [43, 43], [43, 44], [43, 45], [43, 46], [43, 47], [44, 43], [44, 47], [45, 43], [45, 47], [46, 43], [46, 47], [47, 43], [47, 44], [47, 45], [47, 46], [47, 47], [48, 47], [49, 47]], "starts": [[9, 23], [31, 47], [2, 38], [13, 13], [7, 28], [23, 41], [46, 16], [45, 11], [18, 37], [10, 21], [41, 43], [27, 0], [16, 25], [49, 43], [14, 40], [16, 3], [43, 15], [14, 7], [37, 11], [3, 34], [37, 15], [9, 14], [21, 7], [42, 19], [47, 10], [2, 32], [44, 29], [7, 37], [43, 48], [11, 28], [22, 48], [28, 24], [12, 0], [41, 46], [45, 1], [25, 8], [11, 17], [18, 8], [21, 45], [5, 21], [16, 28], [44, 20], [46, 0], [46, 12], [17, 30], [0, 17], [33, 1], [38, 43], [21, 12], [6, 28], [48, 49], [22, 32], [25, 40], [17, 26], [18, 5], [36, 49], [40, 15], [24, 13], [9, 28], [17, 14], [47, 21], [43, 2], [26, 36], [10, 30], [3, 19], [48, 37], [38, 2], [16, 16], [17, 17], [1, 36], [32, 12], [49, 44], [12, 34], [8, 21], [49, 21], [41, 12], [24, 49], [20, 23], [21, 10], [33, 48], [39, 1], [24, 11], [7, 34], [11, 25], [32, 6], [44, 30], [18, 3], [24, 41], [6, 14], [47, 0], [43, 12], [42, 2], [5, 19], [8, 28], [43, 42], [22, 31], [11, 2], [5, 23], [28, 38], [24, 18], [13, 3], [45, 48], [48, 35], [42, 7], [30, 14], [3, 21], [16, 18], [15, 13], [48, 20], [48, 7], [24, 32], [1, 25], [43, 10], [16, 30], [44, 49], [21, 37], [0, 29], [14, 23], [27, 7], [39, 31], [21, 8], [21, 41], [22, 23], [15, 3], [32, 49], [49, 10], [45, 8], [49, 11], [16, 17], [14, 15], [12, 10], [28, 40], [2, 25], [1, 29], [34, 12], [38, 6], [47, 49], [19, 27], [48, 44], [15, 18], [7, 18], [44, 11], [44, 10], [22, 46], [12, 19], [27, 26], [22, 6], [15, 11], [43, 41], [48, 9], [17, 3], [13, 18], [5, 15], [33, 4], [7, 30], [46, 29], [19, 1], [47, 20], [39, 2], [22, 38], [42, 43], [24, 30], [39, 15], [2, 29], [27, 40], [25, 20], [25, 11], [11, 30], [33, 49], [29, 6], [9, 25], [7, 26], [40, 4], [21, 4], [42, 15], [43, 14], [38, 38], [13, 14], [7, 33], [45, 42], [17, 36], [27, 8], [25, 32], [49, 8], [10, 32], [15, 30], [22, 47], [28, 12], [19, 3], [35, 2], [42, 16], [41, 8], [39, 41], [46, 37], [29, 11], [38, 4], [5, 37], [14, 19], [18, 11], [38, 13], [12, 27], [42, 45], [24, 39], [11, 18], [2, 21], [41, 14], [23, 5], [48, 11], [49, 9], [26, 37], [23, 39], [16, 21], [20, 7], [0, 25], [45, 33], [36, 48], [4, 29], [47, 7], [14, 12], [25, 6], [9, 18], [43, 49], [18, 39], [0, 28], [41, 10], [48, 13], [3, 26], [31, 5], [46, 15], [48, 43], [11, 8], [18, 33], [20, 40], [16, 23], [13, 7], [4, 30], [12, 20], [37, 47], [0, 36], [9, 33], [48, 18], [45, 5], [40, 12], [22, 12], [46, 42], [12, 31], [27, 14], [17, 27], [37, 41], [3, 25], [48, 4], [28, 42], [26, 25], [21, 2], [15, 1], [45, 21], [42, 14], [23, 42], [12, 26], [7, 22], [9, 39], [32, 13], [39, 43], [30, 7], [47, 2], [48, 46], [14, 35], [49, 39], [17, 15], [13, 20], [20, 6], [3, 29], [48, 19], [41, 6], [14, 27], [40, 1], [23, 48], [10, 16], [16, 14], [24, 6], [10, 27], [12, 11], [24, 40], [14, 31], [34, 48], [47, 30], [49, 49], [17, 37], [49, 0], [43, 19], [49, 3], [23, 12], [9, 19], [28, 13], [7, 14], [36, 3], [39, 9], [26, 42], [17, 16], [24, 8], [6, 17], [5, 26], [36, 40], [11, 23], [26, 14], [43, 9], [48, 5], [29, 33], [10, 17], [39, 39], [48, 42], [13, 27], [1, 23], [45, 3], [26, 10], [17, 19], [2, 18], [2, 33], [19, 47], [43, 13], [39, 7], [47, 40], [17, 22], [38, 3], [19, 4], [38, 14], [7, 21], [47, 42], [19, 31], [37, 42], [1, 15], [16, 19], [15, 45], [2, 23], [6, 16], [42, 10], [35, 0], [24, 10], [42, 17], [46, 8], [44, 36], [13, 31], [25, 7], [3, 38], [27, 45], [17, 13], [13, 4], [43, 3], [16, 26], [46, 49], [24, 38], [42, 48], [7, 27], [11, 5], [46, 21], [39, 10], [16, 44], [45, 13], [11, 19], [44, 42], [16, 15], [13, 22], [3, 28], [14, 18], [4, 32], [19, 44], [19, 21], [12, 7], [12, 17], [47, 12], [28, 5], [46, 24], [42, 8], [45, 49], [19, 40], [36, 45], [44, 34], [6, 26], [11, 11], [22, 41], [37, 4], [15, 34], [1, 34], [13, 21], [16, 11], [32, 10], [42, 20], [42, 12], [27, 38], [19, 23], [14, 5], [4, 25], [43, 4], [29, 9], [42, 46], [19, 38], [48, 45], [5, 18], [39, 44], [8, 19], [3, 16], [44, 0], [20, 4], [44, 15], [49, 1], [18, 42], [9, 30], [30, 5], [30, 6], [30, 40], [3, 23], [23, 26], [17, 0], [15, 32], [44, 38], [47, 48], [20, 38], [40, 0], [4, 21], [16, 12], [44, 9], [47, 14], [36, 42], [14, 16], [10, 33], [40, 6], [21, 13], [26, 38], [7, 20], [21, 11], [36, 32], [27, 42], [21, 20], [14, 11], [10, 22], [42, 49], [21, 40], [1, 26], [45, 16], [41, 1], [45, 10], [8, 17], [19, 11], [36, 0], [41, 48], [5, 33], [36, 17], [10, 18], [41, 15], [42, 42], [11, 21], [12, 16], [47, 23], [48, 8], [21, 36], [27, 17], [19, 49], [28, 22], [21, 1], [44, 48], [13, 32], [3, 15], [38, 5], [10, 23], [14, 14], [14, 8], [40, 42], [5, 38], [44, 32], [3, 20], [46, 22], [46, 10], [8, 29], [46, 4], [28, 16], [27, 49], [26, 41], [31, 1], [22, 18], [49, 45], [24, 35], [23, 10], [14, 3], [45, 7], [7, 24], [49, 15], [45, 4], [13, 19], [38, 41], [7, 25], [31, 49], [18, 4], [10, 15], [17, 21], [40, 7], [5, 22], [49, 42], [17, 33], [29, 45], [25, 22], [13, 2], [28, 8], [16, 1], [45, 22], [40, 14], [24, 33], [11, 20], [47, 39], [48, 10], [3, 17], [10, 25], [33, 12], [39, 46], [35, 5], [17, 18], [9, 24], [46, 5], [46, 20], [46, 9], [8, 31], [42, 44], [15, 27], [3, 24], [30, 45], [29, 24], [19, 2], [36, 41], [22, 13], [15, 24], [11, 10], [24, 31], [5, 39], [45, 2], [5, 24], [34, 49], [41, 13], [44, 12], [11, 1], [1, 27], [37, 9], [48, 48], [18, 28], [43, 36], [12, 23], [28, 46], [14, 17], [18, 23], [12, 3], [23, 8], [32, 3], [0, 35], [27, 6], [49, 23], [44, 3], [21, 34], [41, 4], [6, 15], [16, 27], [40, 43], [17, 25], [38, 30], [49, 46], [19, 35], [20, 19], [46, 6], [4, 19], [26, 45], [15, 21], [15, 2], [43, 17], [49, 2], [9, 38], [5, 20], [19, 10], [36, 10], [6, 34], [37, 14], [13, 1], [21, 38], [12, 30], [44, 37], [41, 45], [49, 48], [16, 34], [46, 23], [49, 7], [36, 1], [47, 3], [19, 9], [26, 40], [25, 25], [17, 2], [3, 22], [16, 22], [4, 26], [16, 31], [18, 9], [49, 41], [5, 16], [48, 2], [12, 1], [49, 22], [42, 5], [29, 31], [0, 27], [34, 47], [46, 48], [19, 28], [10, 24], [44, 8], [29, 48], [15, 20], [19, 8], [3, 36], [11, 4], [0, 15], [38, 34], [41, 9], [49, 14], [20, 3], [36, 2], [42, 0], [12, 21], [11, 14], [18, 6], [17, 45], [16, 32], [32, 47], [41, 40], [25, 37], [8, 18], [5, 25], [27, 41], [46, 18], [44, 6], [47, 41], [18, 19], [45, 12], [19, 6], [34, 14], [2, 31], [12, 4], [28, 14], [39, 5], [3, 27], [40, 49], [16, 40], [37, 44], [15, 23], [22, 8], [49, 18], [39, 3], [29, 44], [10, 14], [46, 36], [8, 37], [8, 24], [23, 46], [21, 18], [21, 9], [41, 3], [33, 2], [1, 32], [11, 3], [17, 28], [29, 15], [47, 16], [46, 3], [40, 2]], "targets": [[22, 21], [1, 18], [30, 46], [5, 25], [32, 24], [30, 29], [6, 38], [1, 5], [35, 14], [9, 46], [41, 20], [9, 23], [41, 19], [42, 1], [6, 39], [10, 48], [2, 49], [30, 21], [47, 26], [40, 49], [10, 43], [34, 21], [19, 38], [1, 39], [5, 4], [39, 46], [47, 30], [22, 48], [37, 10], [7, 42], [30, 28], [39, 8], [35, 29], [4, 21], [10, 47], [10, 46], [32, 19], [12, 27], [43, 18], [15, 39], [28, 25], [6, 40], [7, 3], [7, 43], [43, 39], [28, 27], [17, 27], [49, 23], [9, 37], [19, 36], [36, 10], [9, 43], [30, 32], [48, 14], [38, 20], [7, 18], [11, 33], [11, 42], [28, 20], [13, 36], [12, 46], [10, 4], [32, 23], [46, 40], [9, 44], [41, 32], [10, 39], [33, 23], [17, 39], [25, 40], [47, 25], [45, 1], [2, 44], [31, 21], [15, 44], [10, 11], [32, 25], [43, 10], [27, 15], [0, 20], [3, 34], [13, 38], [41, 48], [23, 24], [18, 20], [39, 35], [8, 41], [38, 13], [3, 39], [3, 37], [13, 40], [0, 5], [39, 31], [26, 41], [40, 4], [1, 37], [4, 38], [42, 40], [35, 26], [46, 14], [32, 27], [9, 17], [39, 20], [11, 37], [12, 37], [34, 32], [29, 21], [19, 41], [8, 44], [11, 7], [32, 17], [29, 39], [5, 46], [40, 43], [40, 9], [11, 36], [36, 19], [8, 43], [11, 31], [46, 25], [19, 33], [43, 36], [40, 10], [36, 20], [4, 24], [14, 39], [6, 5], [12, 44], [7, 40], [35, 20], [14, 28], [33, 13], [40, 46], [24, 43], [47, 27], [12, 34], [48, 10], [9, 45], [49, 29], [30, 24], [35, 22], [13, 39], [9, 4], [39, 33], [14, 41], [45, 13], [33, 27], [9, 26], [0, 21], [10, 45], [6, 36], [41, 44], [27, 23], [15, 31], [26, 40], [49, 27], [20, 32], [2, 45], [9, 6], [34, 19], [45, 9], [8, 37], [8, 33], [29, 29], [32, 28], [49, 19], [26, 22], [42, 42], [3, 17], [14, 38], [11, 48], [22, 22], [6, 32], [7, 46], [9, 39], [12, 0], [46, 30], [26, 20], [19, 45], [37, 9], [8, 45], [12, 31], [35, 21], [3, 45], [49, 39], [31, 26], [31, 25], [40, 19], [26, 26], [10, 28], [15, 38], [10, 3], [2, 26], [47, 31], [18, 25], [2, 33], [28, 38], [15, 40], [13, 37], [47, 28], [23, 20], [38, 10], [0, 44], [20, 26], [45, 42], [8, 35], [19, 29], [4, 43], [0, 9], [32, 22], [35, 32], [42, 8], [26, 24], [26, 17], [49, 25], [9, 13], [27, 39], [8, 34], [17, 24], [12, 42], [42, 41], [48, 0], [9, 48], [26, 23], [8, 42], [10, 7], [4, 46], [10, 31], [11, 35], [45, 27], [14, 34], [34, 18], [37, 30], [47, 21], [29, 19], [28, 21], [28, 26], [2, 25], [25, 42], [49, 48], [9, 38], [13, 11], [7, 33], [10, 30], [45, 4], [11, 44], [11, 49], [27, 26], [44, 28], [12, 41], [9, 42], [36, 31], [44, 10], [28, 18], [4, 31], [12, 38], [6, 0], [34, 17], [39, 49], [31, 33], [25, 41], [46, 23], [5, 12], [21, 25], [1, 49], [49, 2], [5, 44], [44, 25], [10, 40], [21, 18], [17, 25], [25, 21], [11, 43], [7, 11], [46, 39], [10, 41], [38, 30], [7, 49], [43, 15], [35, 16], [18, 38], [17, 29], [33, 24], [34, 34], [7, 25], [45, 26], [38, 8], [1, 46], [12, 36], [17, 45], [5, 3], [11, 39], [34, 49], [17, 37], [35, 34], [15, 32], [7, 44], [44, 26], [40, 13], [29, 16], [31, 18], [30, 41], [43, 35], [8, 47], [7, 23], [4, 39], [13, 1], [45, 19], [36, 32], [5, 13], [38, 1], [10, 44], [40, 38], [2, 39], [0, 48], [9, 35], [33, 18], [25, 43], [37, 32], [11, 38], [8, 2], [48, 25], [49, 12], [10, 32], [32, 18], [46, 27], [44, 42], [40, 5], [0, 37], [3, 19], [35, 33], [10, 35], [42, 18], [13, 48], [31, 24], [11, 45], [18, 32], [5, 38], [1, 38], [7, 6], [44, 35], [35, 24], [8, 36], [18, 42], [34, 36], [47, 12], [27, 24], [0, 40], [41, 42], [44, 9], [10, 36], [1, 15], [33, 30], [9, 32], [2, 38], [5, 7], [44, 18], [3, 44], [13, 46], [49, 35], [2, 40], [41, 38], [23, 47], [25, 25], [35, 31], [34, 31], [37, 14], [33, 16], [9, 30], [5, 34], [13, 24], [16, 48], [6, 4], [46, 7], [9, 41], [1, 17], [41, 34], [25, 24], [15, 35], [34, 27], [3, 46], [48, 45], [30, 43], [9, 47], [6, 48], [45, 23], [16, 42], [7, 0], [44, 33], [37, 15], [33, 19], [29, 22], [8, 46], [10, 29], [49, 8], [4, 42], [44, 24], [28, 19], [1, 22], [44, 39], [27, 35], [6, 35], [22, 33], [15, 42], [3, 3], [46, 26], [22, 38], [17, 28], [11, 40], [44, 31], [3, 42], [39, 9], [29, 27], [27, 25], [39, 32], [41, 10], [7, 45], [4, 34], [43, 41], [5, 35], [5, 47], [5, 5], [6, 15], [34, 22], [20, 45], [5, 43], [18, 36], [36, 17], [22, 19], [9, 36], [48, 22], [43, 34], [46, 16], [31, 15], [42, 46], [49, 10], [1, 48], [30, 33], [3, 41], [11, 1], [3, 32], [13, 45], [16, 35], [19, 20], [6, 16], [30, 35], [48, 27], [31, 23], [12, 32], [45, 20], [38, 39], [17, 35], [12, 43], [12, 4], [39, 13], [0, 38], [34, 30], [36, 9], [35, 25], [43, 7], [2, 43], [33, 35], [4, 44], [30, 25], [13, 49], [4, 32], [2, 14], [23, 48], [43, 31], [48, 38], [6, 46], [3, 0], [41, 17], [6, 44], [20, 29], [40, 31], [37, 20], [14, 29], [48, 15], [44, 5], [11, 46], [13, 41], [33, 20], [5, 37], [30, 22], [17, 40], [12, 11], [48, 39], [44, 27], [19, 34], [9, 22], [6, 30], [12, 39], [31, 22], [9, 34], [33, 25], [41, 9], [8, 49], [35, 28], [42, 15], [32, 26], [6, 42], [15, 41], [8, 39], [4, 0], [34, 24], [45, 40], [49, 34], [5, 32], [23, 23], [20, 43], [42, 30], [6, 14], [19, 32], [5, 26], [12, 45], [6, 45], [14, 40], [13, 0], [25, 26], [39, 10], [1, 36], [36, 47], [36, 30], [42, 20], [29, 26], [40, 32], [3, 48], [29, 18], [8, 30], [42, 19], [23, 40], [10, 34], [24, 23], [0, 19], [3, 43], [11, 8], [12, 30], [40, 48], [7, 34], [45, 6], [6, 43], [49, 22], [35, 19], [42, 37], [15, 43], [44, 22], [34, 15], [1, 42], [13, 31], [24, 46], [15, 37], [12, 40], [12, 1], [36, 15], [5, 33], [38, 31], [46, 41], [9, 18], [31, 30], [46, 31], [47, 6], [1, 47], [18, 41], [1, 32], [26, 21], [37, 33], [37, 16], [36, 18], [15, 45], [0, 0], [22, 45], [14, 47], [6, 37], [46, 24], [39, 39], [2, 32], [7, 37], [33, 22], [29, 23], [49, 24], [5, 21], [47, 0], [3, 36], [16, 45], [4, 3], [13, 26], [10, 42], [14, 24], [40, 35], [49, 9], [29, 15], [31, 29], [30, 18], [27, 48], [33, 48], [6, 47], [48, 28], [7, 47], [11, 32], [7, 29], [16, 47], [4, 11], [44, 17], [27, 33], [1, 20], [43, 8], [2, 42], [37, 41], [8, 40], [40, 39], [38, 9], [34, 23], [18, 34], [5, 24], [40, 33], [48, 26], [6, 49], [6, 9], [9, 40], [12, 28], [7, 35], [30, 23], [11, 41], [19, 28], [40, 20], [30, 26], [5, 20], [42, 9], [0, 45], [39, 48], [29, 42], [30, 38], [10, 49], [7, 5], [42, 34], [39, 16], [10, 38], [34, 20], [45, 25], [35, 18], [20, 38], [13, 44], [0, 39], [46, 42], [36, 1], [7, 38], [1, 19], [29, 31], [21, 40], [17, 41], [1, 2], [42, 13], [5, 40], [45, 28], [20, 48], [31, 28], [30, 39], [46, 18], [27, 17], [0, 49], [14, 32], [26, 18], [21, 24], [41, 45], [2, 46], [1, 44], [5, 2], [12, 35]]}