{"meta": {"number_of_robots": 80, "description": {"parameters": {"seed": 8979, "shape": [20, 20], "obstacles": {"n": 0, "mean": 3, "std": 1.5}, "clusters": {"n": 3, "mean": 10, "std": 5.0, "relative_radius": 2, "increase_factor": 1.3, "start_dist": {"generator_name": "Image", "shape": [20, 20], "min": 13.0, "max": 213.0, "mean": 49.8375, "std": 34.392747691192106, "dtype": "uint64", "parameters": {"image": "galaxy_cluster2.png", "transformer": {"name": "ColorChannelSelector", "channel": "v", "inverted": false}}}, "target_dist": {"generator_name": "Image", "shape": [20, 20], "min": 13.0, "max": 213.0, "mean": 49.8375, "std": 34.392747691192106, "dtype": "uint64", "parameters": {"image": "galaxy_cluster2.png", "transformer": {"name": "ColorChannelSelector", "channel": "v", "inverted": false}}}}, "density": 0.2, "start_dist": {"generator_name": "Image", "shape": [20, 20], "min": 13.0, "max": 213.0, "mean": 49.8375, "std": 34.392747691192106, "dtype": "uint64", "parameters": {"image": "galaxy_cluster2.png", "transformer": {"name": "ColorChannelSelector", "channel": "v", "inverted": false}}}, "target_dist": {"generator_name": "Image", "shape": [20, 20], "min": 13.0, "max": 213.0, "mean": 49.8375, "std": 34.392747691192106, "dtype": "uint64", "parameters": {"image": "galaxy_cluster2.png", "transformer": {"name": "ColorChannelSelector", "channel": "v", "inverted": false}}}}, "stats": {"date": "2020-11-17", "free_area": 400.0, "number_of_clustered_robots": 35, "number_of_robots": 80}}}, "name": "galaxy_cluster2_00000_20x20_20_80", "obstacles": [], "starts": [[5, 14], [1, 7], [9, 3], [5, 4], [5, 13], [6, 4], [2, 6], [3, 13], [0, 6], [6, 16], [9, 6], [5, 7], [4, 14], [5, 6], [7, 4], [1, 15], [2, 2], [7, 15], [2, 4], [7, 6], [3, 14], [0, 5], [3, 19], [7, 7], [2, 5], [8, 13], [2, 7], [6, 2], [4, 13], [0, 2], [2, 13], [1, 9], [6, 3], [5, 16], [5, 9], [4, 12], [3, 1], [7, 16], [8, 11], [5, 5], [16, 18], [4, 1], [12, 5], [3, 8], [7, 0], [6, 10], [3, 15], [11, 1], [14, 16], [10, 9], [11, 17], [9, 17], [15, 6], [2, 10], [13, 0], [11, 18], [2, 15], [11, 13], [9, 18], [7, 19], [10, 6], [14, 3], [2, 12], [15, 18], [6, 9], [0, 9], [3, 10], [3, 17], [6, 14], [7, 3], [11, 14], [8, 0], [14, 5], [13, 15], [3, 7], [0, 18], [7, 11], [12, 13], [1, 13], [9, 12]], "targets": [[19, 5], [16, 13], [8, 12], [14, 18], [18, 8], [13, 13], [13, 18], [14, 11], [15, 15], [14, 4], [11, 8], [9, 12], [19, 9], [14, 16], [9, 11], [14, 7], [15, 17], [14, 5], [16, 12], [8, 11], [14, 6], [13, 15], [13, 5], [12, 8], [16, 16], [13, 3], [10, 17], [11, 11], [18, 11], [10, 15], [17, 7], [15, 13], [12, 14], [19, 10], [11, 14], [11, 5], [16, 19], [19, 13], [2, 7], [15, 3], [11, 18], [11, 15], [13, 12], [18, 19], [12, 6], [0, 2], [6, 4], [18, 4], [19, 8], [6, 15], [14, 3], [5, 13], [6, 10], [11, 4], [3, 9], [3, 14], [19, 7], [7, 1], [1, 9], [3, 13], [15, 8], [12, 4], [13, 11], [4, 15], [9, 14], [9, 8], [5, 6], [1, 13], [3, 10], [19, 4], [6, 8], [11, 17], [17, 13], [1, 4], [1, 11], [7, 13], [8, 19], [16, 14], [10, 13], [2, 17]]}