{"meta": {"number_of_robots": 750, "description": {"parameters": {"seed": 5317, "shape": [50, 50], "obstacles": {"n": 0, "mean": 3, "std": 1.5}, "clusters": {"n": 5, "mean": 20, "std": 10.0, "relative_radius": 2, "increase_factor": 1.3, "start_dist": {"generator_name": "Image", "shape": [50, 50], "min": 13.0, "max": 244.0, "mean": 43.9032, "std": 38.60726654089875, "dtype": "uint64", "parameters": {"image": "galaxy_cluster.png", "transformer": {"name": "ColorChannelSelector", "channel": "v", "inverted": false}}}, "target_dist": {"generator_name": "Image", "shape": [50, 50], "min": 11.0, "max": 242.0, "mean": 211.0968, "std": 38.60726654089875, "dtype": "uint64", "parameters": {"image": "galaxy_cluster.png", "transformer": {"name": "ColorChannelSelector", "channel": "v", "inverted": true}}}}, "density": 0.3, "start_dist": {"generator_name": "Image", "shape": [50, 50], "min": 13.0, "max": 244.0, "mean": 43.9032, "std": 38.60726654089875, "dtype": "uint64", "parameters": {"image": "galaxy_cluster.png", "transformer": {"name": "ColorChannelSelector", "channel": "v", "inverted": false}}}, "target_dist": {"generator_name": "Image", "shape": [50, 50], "min": 11.0, "max": 242.0, "mean": 211.0968, "std": 38.60726654089875, "dtype": "uint64", "parameters": {"image": "galaxy_cluster.png", "transformer": {"name": "ColorChannelSelector", "channel": "v", "inverted": true}}}}, "stats": {"date": "2020-11-17", "free_area": 2500.0, "number_of_clustered_robots": 98, "number_of_robots": 750}}}, "name": "galaxy_cluster_00005_50x50_30_750", "obstacles": [], "starts": [[4, 5], [36, 19], [5, 32], [2, 34], [46, 38], [1, 39], [1, 1], [5, 30], [45, 40], [0, 37], [6, 0], [3, 25], [35, 22], [3, 37], [5, 4], [47, 39], [2, 27], [7, 37], [2, 3], [0, 43], [1, 28], [34, 22], [49, 39], [1, 40], [6, 5], [1, 34], [2, 46], [3, 2], [49, 36], [2, 25], [4, 37], [40, 23], [3, 5], [5, 33], [6, 39], [46, 40], [5, 3], [7, 46], [2, 29], [6, 4], [6, 36], [38, 20], [47, 37], [1, 33], [5, 41], [5, 5], [1, 25], [2, 45], [45, 41], [1, 4], [35, 18], [3, 33], [4, 38], [4, 3], [46, 43], [3, 44], [4, 34], [0, 1], [3, 36], [2, 33], [37, 18], [48, 39], [5, 40], [5, 0], [2, 32], [6, 43], [0, 5], [44, 42], [4, 40], [4, 28], [4, 4], [38, 16], [5, 46], [4, 33], [45, 42], [3, 1], [0, 35], [5, 34], [1, 0], [2, 39], [34, 16], [48, 38], [0, 25], [0, 38], [5, 1], [4, 36], [3, 26], [49, 38], [2, 1], [6, 44], [35, 21], [3, 35], [6, 2], [4, 42], [44, 38], [5, 25], [4, 0], [7, 44], [40, 10], [2, 49], [46, 18], [15, 37], [35, 24], [47, 17], [22, 16], [34, 34], [5, 29], [15, 15], [34, 31], [12, 39], [7, 19], [35, 34], [20, 0], [33, 20], [13, 36], [26, 11], [49, 32], [19, 16], [8, 43], [27, 4], [21, 22], [36, 24], [47, 24], [9, 26], [27, 37], [15, 33], [8, 44], [15, 46], [15, 32], [8, 25], [9, 35], [14, 22], [11, 33], [49, 34], [39, 13], [39, 18], [38, 23], [12, 32], [43, 13], [26, 35], [12, 23], [49, 21], [39, 20], [16, 6], [22, 45], [48, 21], [0, 16], [21, 37], [10, 29], [24, 30], [9, 36], [40, 6], [29, 23], [25, 23], [25, 33], [16, 20], [34, 25], [13, 35], [31, 13], [30, 15], [13, 37], [35, 30], [24, 35], [35, 19], [41, 22], [14, 32], [17, 20], [49, 16], [42, 14], [23, 33], [5, 37], [32, 22], [17, 33], [36, 20], [22, 23], [37, 31], [27, 24], [48, 17], [36, 31], [41, 20], [16, 37], [1, 15], [44, 32], [42, 29], [38, 18], [7, 29], [0, 20], [25, 10], [46, 47], [43, 8], [8, 41], [21, 6], [31, 23], [19, 33], [47, 3], [40, 3], [4, 25], [3, 28], [5, 6], [33, 15], [19, 7], [13, 39], [31, 36], [14, 48], [44, 18], [19, 27], [46, 24], [35, 23], [46, 15], [38, 21], [28, 40], [31, 0], [49, 5], [22, 19], [7, 31], [38, 38], [1, 49], [32, 20], [11, 2], [0, 49], [20, 39], [1, 20], [9, 44], [33, 25], [19, 8], [38, 0], [36, 21], [36, 16], [31, 27], [14, 26], [20, 10], [33, 24], [24, 14], [37, 23], [43, 22], [30, 17], [38, 15], [16, 32], [18, 6], [38, 13], [28, 19], [14, 33], [21, 40], [40, 26], [19, 5], [42, 8], [9, 37], [46, 41], [34, 30], [46, 25], [35, 13], [48, 13], [43, 21], [43, 20], [25, 9], [35, 29], [31, 22], [7, 33], [15, 3], [31, 28], [31, 25], [14, 36], [43, 10], [8, 28], [23, 6], [49, 19], [30, 0], [44, 19], [12, 38], [45, 11], [34, 9], [29, 20], [19, 32], [6, 29], [9, 45], [11, 31], [41, 12], [28, 32], [30, 30], [47, 31], [33, 26], [48, 10], [49, 10], [28, 2], [47, 29], [39, 17], [40, 20], [26, 17], [37, 24], [27, 25], [20, 19], [26, 48], [12, 37], [43, 31], [24, 31], [9, 23], [10, 36], [34, 27], [44, 5], [17, 34], [6, 41], [38, 26], [30, 22], [24, 15], [3, 10], [8, 26], [33, 0], [35, 26], [11, 43], [29, 14], [37, 25], [30, 24], [31, 21], [25, 24], [12, 36], [24, 7], [7, 30], [18, 31], [38, 9], [37, 26], [8, 30], [15, 38], [32, 27], [14, 31], [27, 42], [27, 18], [40, 29], [0, 30], [34, 18], [30, 37], [11, 44], [30, 23], [26, 3], [3, 18], [11, 24], [27, 0], [26, 22], [19, 9], [35, 20], [19, 21], [46, 28], [35, 8], [31, 14], [8, 33], [33, 38], [20, 41], [13, 3], [20, 38], [39, 30], [14, 40], [8, 12], [20, 21], [29, 24], [14, 20], [9, 38], [44, 46], [42, 45], [47, 28], [10, 37], [42, 24], [12, 16], [28, 21], [17, 44], [46, 12], [35, 35], [34, 14], [20, 47], [32, 43], [26, 39], [11, 34], [34, 21], [2, 12], [41, 6], [39, 9], [30, 16], [17, 30], [1, 21], [16, 40], [20, 30], [33, 22], [37, 45], [36, 30], [27, 11], [4, 31], [15, 36], [18, 24], [11, 35], [11, 40], [4, 21], [30, 20], [32, 21], [4, 41], [36, 32], [42, 39], [23, 27], [2, 28], [37, 17], [33, 46], [10, 34], [43, 41], [32, 45], [39, 28], [17, 14], [37, 6], [22, 27], [41, 13], [41, 27], [8, 46], [16, 31], [14, 38], [36, 9], [5, 26], [47, 49], [47, 0], [6, 32], [19, 38], [13, 33], [8, 19], [15, 18], [41, 16], [8, 2], [37, 19], [29, 42], [5, 14], [12, 22], [10, 44], [14, 34], [33, 27], [45, 36], [18, 8], [14, 17], [22, 7], [9, 22], [13, 5], [46, 34], [29, 37], [33, 18], [1, 19], [42, 28], [37, 7], [27, 23], [33, 21], [11, 28], [12, 46], [26, 24], [29, 44], [7, 34], [34, 20], [10, 33], [29, 4], [34, 33], [24, 20], [13, 26], [39, 34], [46, 26], [4, 20], [30, 25], [17, 41], [20, 11], [0, 8], [24, 47], [31, 24], [0, 39], [43, 28], [49, 13], [29, 39], [42, 21], [43, 25], [13, 24], [15, 13], [20, 33], [10, 40], [32, 1], [34, 24], [37, 22], [18, 37], [30, 32], [18, 14], [44, 39], [26, 7], [45, 15], [19, 39], [44, 1], [42, 6], [21, 29], [10, 49], [47, 19], [24, 23], [12, 35], [26, 10], [48, 27], [35, 44], [37, 29], [45, 25], [36, 15], [10, 35], [42, 37], [26, 23], [27, 31], [15, 21], [26, 9], [2, 21], [11, 32], [15, 39], [16, 33], [44, 35], [43, 18], [10, 12], [44, 49], [9, 30], [4, 10], [34, 19], [43, 32], [5, 44], [19, 31], [18, 41], [25, 5], [31, 15], [16, 15], [30, 27], [47, 47], [14, 44], [45, 14], [13, 48], [19, 12], [23, 34], [0, 47], [45, 16], [6, 45], [13, 21], [39, 23], [44, 40], [5, 28], [32, 32], [17, 8], [44, 28], [17, 39], [10, 17], [36, 28], [10, 38], [19, 20], [20, 34], [1, 7], [16, 46], [9, 11], [13, 28], [39, 31], [1, 23], [38, 7], [49, 12], [45, 21], [35, 28], [28, 20], [44, 21], [47, 12], [43, 38], [49, 11], [14, 11], [41, 24], [11, 38], [41, 11], [30, 21], [29, 0], [16, 34], [38, 19], [13, 25], [42, 15], [36, 18], [12, 34], [38, 24], [48, 12], [41, 7], [28, 39], [31, 31], [8, 27], [27, 6], [18, 32], [39, 7], [19, 13], [40, 13], [5, 27], [5, 38], [23, 49], [31, 19], [47, 26], [40, 32], [33, 49], [29, 17], [28, 27], [15, 22], [37, 30], [14, 30], [41, 18], [21, 35], [41, 14], [18, 19], [15, 24], [43, 45], [13, 17], [16, 7], [35, 17], [5, 23], [19, 36], [33, 14], [4, 35], [35, 6], [32, 17], [39, 24], [24, 42], [2, 19], [47, 14], [23, 10], [38, 12], [40, 27], [20, 15], [11, 36], [32, 25], [14, 37], [16, 2], [32, 13], [12, 33], [35, 15], [27, 17], [31, 12], [17, 36], [10, 8], [39, 16], [2, 43], [16, 8], [48, 1], [32, 29], [17, 38], [41, 35], [19, 34], [17, 37], [5, 24], [11, 37], [30, 26], [3, 29], [25, 0], [32, 26], [31, 11], [49, 22], [34, 15], [8, 29], [10, 43], [49, 17], [11, 46], [47, 27], [46, 29], [5, 22], [0, 9], [1, 12], [35, 27], [7, 35], [14, 39], [26, 14], [6, 33], [48, 48], [14, 29], [28, 31], [18, 36], [33, 23], [47, 18], [16, 13], [27, 21], [2, 20], [38, 25], [6, 6], [16, 29], [0, 17], [27, 19], [8, 49], [41, 37], [41, 19], [16, 9], [22, 29], [19, 25], [36, 27], [6, 31], [42, 36], [46, 21], [33, 19], [29, 16], [32, 10], [46, 9], [14, 2], [1, 27], [25, 19], [45, 26], [46, 13], [34, 28], [41, 17], [39, 21], [39, 48], [0, 48], [34, 23], [26, 40], [3, 6], [34, 26], [10, 31], [48, 3], [5, 21], [20, 31], [8, 47], [41, 8], [12, 7], [27, 35], [15, 12], [23, 24], [39, 25], [42, 19], [21, 46], [23, 17], [33, 29], [7, 4], [39, 33], [25, 35], [24, 19], [13, 23], [7, 15], [18, 42], [44, 10], [42, 43], [40, 43], [13, 34], [37, 3], [9, 29], [17, 49], [37, 5], [35, 9], [43, 29], [0, 11], [23, 30], [36, 13], [38, 8], [48, 8], [41, 4], [22, 49], [23, 20], [40, 18], [27, 15], [42, 4], [5, 17], [26, 25], [23, 12], [40, 24], [48, 28], [24, 43], [22, 28]], "targets": [[33, 33], [45, 46], [40, 12], [36, 8], [25, 1], [36, 11], [29, 30], [31, 12], [23, 3], [37, 1], [25, 26], [35, 15], [42, 46], [48, 8], [28, 30], [23, 6], [37, 17], [41, 7], [33, 30], [38, 1], [39, 15], [45, 47], [24, 6], [36, 2], [24, 25], [39, 19], [39, 6], [23, 23], [28, 6], [33, 18], [36, 9], [46, 45], [30, 32], [33, 14], [48, 3], [26, 2], [30, 30], [47, 0], [34, 12], [23, 32], [42, 0], [43, 46], [26, 3], [32, 14], [40, 6], [29, 28], [34, 14], [41, 1], [28, 4], [29, 31], [43, 48], [31, 19], [36, 7], [32, 33], [20, 4], [37, 4], [32, 13], [31, 26], [42, 4], [37, 15], [39, 45], [22, 3], [47, 11], [28, 25], [37, 13], [46, 4], [23, 30], [21, 6], [44, 6], [30, 14], [24, 33], [38, 47], [48, 5], [35, 12], [28, 5], [31, 30], [42, 12], [34, 17], [32, 31], [37, 2], [44, 45], [24, 2], [35, 13], [43, 2], [30, 28], [37, 0], [30, 17], [23, 2], [25, 31], [44, 2], [46, 47], [32, 10], [26, 25], [46, 1], [21, 5], [37, 10], [24, 29], [38, 3], [0, 14], [25, 47], [9, 48], [49, 23], [8, 28], [7, 47], [14, 28], [17, 2], [0, 45], [20, 31], [28, 37], [1, 34], [33, 39], [23, 7], [9, 26], [3, 39], [2, 27], [12, 27], [3, 38], [23, 19], [21, 35], [27, 10], [25, 35], [45, 6], [43, 5], [31, 9], [31, 36], [14, 5], [7, 5], [22, 13], [32, 29], [12, 11], [11, 37], [19, 47], [3, 32], [4, 41], [15, 17], [32, 2], [43, 29], [40, 16], [17, 13], [24, 11], [4, 46], [25, 24], [6, 19], [25, 48], [25, 36], [25, 7], [21, 20], [5, 29], [39, 2], [28, 49], [3, 19], [33, 27], [29, 13], [5, 4], [6, 34], [3, 26], [48, 29], [30, 19], [11, 49], [32, 0], [10, 27], [14, 3], [40, 43], [17, 24], [46, 5], [36, 10], [38, 48], [20, 29], [35, 28], [27, 5], [10, 5], [25, 32], [30, 29], [37, 36], [6, 18], [20, 25], [20, 41], [41, 35], [6, 47], [32, 49], [2, 40], [17, 19], [7, 42], [26, 11], [43, 31], [3, 28], [37, 24], [20, 46], [38, 15], [9, 18], [42, 7], [23, 8], [24, 1], [6, 1], [39, 41], [25, 14], [34, 30], [37, 49], [28, 10], [7, 19], [24, 47], [17, 38], [17, 47], [43, 8], [43, 9], [12, 39], [16, 43], [27, 3], [1, 40], [6, 4], [22, 44], [14, 0], [38, 42], [8, 42], [38, 28], [35, 8], [38, 37], [18, 13], [5, 24], [12, 6], [49, 10], [2, 6], [32, 23], [15, 42], [6, 31], [37, 39], [31, 0], [25, 39], [47, 1], [1, 0], [16, 16], [10, 40], [23, 28], [5, 28], [0, 21], [45, 30], [26, 17], [18, 2], [1, 46], [36, 45], [3, 12], [45, 8], [1, 11], [20, 21], [15, 30], [9, 22], [2, 47], [40, 1], [49, 12], [27, 48], [21, 21], [17, 48], [46, 31], [24, 0], [29, 46], [22, 12], [32, 37], [48, 21], [39, 39], [10, 48], [3, 33], [11, 35], [3, 25], [43, 7], [21, 26], [47, 13], [23, 40], [16, 1], [4, 40], [8, 48], [46, 39], [0, 31], [49, 30], [44, 20], [20, 47], [26, 7], [49, 40], [44, 23], [13, 15], [26, 0], [31, 35], [48, 36], [12, 23], [5, 38], [2, 36], [2, 4], [19, 13], [39, 49], [1, 28], [22, 9], [15, 13], [35, 35], [23, 20], [48, 1], [25, 20], [12, 22], [18, 16], [30, 48], [33, 47], [28, 23], [18, 18], [3, 2], [28, 15], [3, 31], [0, 40], [27, 6], [11, 13], [34, 29], [43, 28], [24, 5], [25, 46], [35, 37], [18, 9], [18, 42], [44, 17], [24, 36], [41, 25], [19, 24], [34, 36], [38, 46], [35, 29], [39, 5], [29, 47], [47, 33], [9, 37], [34, 26], [16, 18], [24, 44], [4, 24], [41, 18], [6, 7], [30, 36], [23, 10], [32, 48], [12, 32], [7, 12], [29, 34], [5, 20], [48, 42], [26, 20], [1, 30], [41, 42], [39, 28], [18, 31], [22, 29], [47, 14], [49, 22], [15, 15], [39, 13], [18, 7], [2, 49], [10, 31], [9, 32], [9, 19], [12, 24], [1, 17], [49, 49], [25, 10], [49, 47], [6, 25], [19, 2], [3, 22], [33, 37], [32, 40], [10, 32], [16, 27], [44, 31], [46, 3], [16, 44], [2, 21], [47, 9], [42, 35], [41, 37], [24, 40], [21, 8], [44, 27], [28, 24], [17, 41], [28, 3], [31, 28], [24, 18], [16, 17], [6, 45], [36, 49], [27, 30], [14, 10], [10, 19], [5, 18], [39, 40], [15, 33], [29, 42], [0, 10], [7, 9], [10, 14], [10, 21], [1, 37], [33, 31], [46, 15], [37, 40], [11, 40], [9, 20], [8, 11], [3, 37], [37, 42], [9, 49], [19, 15], [28, 40], [47, 36], [15, 21], [44, 13], [47, 38], [5, 32], [5, 9], [4, 22], [6, 27], [8, 18], [32, 42], [20, 49], [46, 48], [27, 34], [20, 14], [15, 4], [13, 10], [13, 7], [46, 12], [27, 22], [38, 13], [44, 39], [14, 44], [34, 42], [6, 32], [34, 43], [39, 48], [29, 0], [38, 11], [31, 33], [38, 26], [44, 48], [4, 30], [8, 22], [42, 2], [17, 42], [35, 32], [7, 41], [26, 14], [45, 22], [49, 28], [22, 15], [48, 32], [14, 49], [41, 43], [17, 43], [26, 48], [9, 5], [11, 11], [48, 24], [22, 2], [15, 24], [6, 42], [7, 16], [40, 4], [31, 43], [22, 28], [11, 12], [28, 46], [23, 46], [33, 6], [18, 23], [42, 41], [25, 3], [42, 5], [49, 44], [1, 39], [23, 26], [47, 46], [14, 12], [9, 23], [30, 2], [2, 1], [34, 1], [10, 20], [0, 41], [12, 48], [27, 7], [0, 30], [16, 19], [30, 9], [41, 23], [47, 25], [14, 37], [15, 11], [39, 16], [49, 7], [34, 0], [34, 4], [47, 43], [4, 32], [8, 16], [7, 40], [9, 8], [2, 22], [40, 45], [40, 36], [47, 3], [24, 39], [18, 40], [31, 42], [35, 10], [15, 43], [8, 26], [3, 17], [45, 18], [6, 11], [15, 2], [6, 39], [37, 3], [8, 10], [45, 11], [33, 48], [10, 25], [37, 25], [1, 41], [4, 21], [11, 19], [24, 21], [1, 10], [34, 48], [21, 1], [6, 48], [23, 36], [4, 31], [45, 44], [11, 5], [44, 47], [38, 30], [22, 19], [0, 2], [41, 20], [40, 46], [12, 2], [9, 10], [30, 20], [16, 28], [6, 24], [15, 22], [36, 36], [8, 20], [7, 6], [17, 14], [48, 44], [29, 6], [14, 4], [48, 26], [37, 31], [22, 17], [40, 35], [19, 45], [46, 33], [7, 11], [3, 40], [27, 32], [31, 29], [18, 48], [9, 1], [43, 11], [21, 15], [19, 14], [42, 11], [27, 49], [45, 16], [1, 2], [14, 43], [36, 48], [7, 36], [47, 10], [17, 5], [23, 45], [1, 31], [14, 31], [13, 19], [13, 12], [43, 23], [34, 27], [13, 49], [34, 41], [20, 19], [16, 25], [44, 16], [14, 24], [33, 34], [30, 31], [41, 41], [31, 11], [5, 21], [11, 29], [11, 48], [1, 14], [42, 42], [18, 11], [33, 41], [45, 41], [44, 14], [4, 11], [49, 37], [8, 3], [12, 10], [31, 2], [14, 25], [35, 11], [44, 4], [33, 8], [2, 7], [4, 27], [6, 36], [27, 42], [10, 4], [27, 33], [17, 12], [29, 4], [27, 29], [21, 36], [16, 3], [19, 3], [43, 38], [6, 16], [11, 24], [18, 36], [41, 10], [46, 22], [39, 44], [47, 29], [49, 0], [34, 6], [48, 43], [43, 34], [38, 4], [33, 10], [47, 34], [38, 43], [11, 10], [2, 3], [42, 24], [27, 18], [39, 4], [5, 35], [46, 23], [17, 31], [42, 10], [44, 44], [2, 32], [18, 4], [45, 1], [6, 26], [40, 10], [26, 23], [44, 43], [40, 40], [38, 14], [18, 39], [7, 22], [35, 6], [18, 41], [40, 23], [19, 29], [1, 21], [22, 7], [10, 8], [19, 20], [22, 16], [13, 4], [7, 30], [32, 26], [2, 15], [19, 19], [16, 7], [26, 6], [20, 33], [46, 17], [48, 31], [19, 43], [18, 49], [48, 13], [33, 26], [32, 8], [1, 43], [8, 7], [0, 19], [12, 43], [44, 19], [29, 41], [28, 1], [29, 36], [5, 14], [34, 15], [0, 20], [2, 25], [6, 13], [40, 18], [29, 8], [17, 44], [12, 3], [9, 29], [12, 26], [43, 36], [43, 25], [22, 26], [16, 2], [30, 46], [36, 43], [13, 47], [44, 46], [39, 34], [49, 2], [37, 8], [27, 19], [48, 12], [3, 47], [38, 31], [12, 28], [20, 37], [46, 16], [24, 31], [33, 17], [40, 15], [6, 40], [48, 28], [32, 35], [1, 20], [42, 25], [4, 38], [27, 35], [36, 38], [44, 29], [15, 8], [49, 39], [8, 41], [17, 3], [21, 22], [15, 19], [33, 11], [44, 12], [0, 46], [34, 37], [48, 9], [10, 22], [1, 7], [48, 4], [49, 4], [15, 40], [27, 2]]}