{"meta": {"number_of_robots": 2000, "description": {"parameters": {"seed": 9022, "shape": [100, 100], "obstacles": {"n": 0, "mean": 10, "std": 5.0}, "clusters": {"n": 5, "mean": 20, "std": 10.0, "relative_radius": 2, "increase_factor": 1.3, "start_dist": {"generator_name": "Image", "shape": [100, 100], "min": 7.0, "max": 252.0, "mean": 50.7035, "std": 43.12284763034557, "dtype": "uint64", "parameters": {"image": "galaxy_cluster2.png", "transformer": {"name": "ColorChannelSelector", "channel": "v", "inverted": false}}}, "target_dist": {"generator_name": "Image", "shape": [100, 100], "min": 7.0, "max": 252.0, "mean": 50.7035, "std": 43.12284763034557, "dtype": "uint64", "parameters": {"image": "galaxy_cluster2.png", "transformer": {"name": "ColorChannelSelector", "channel": "v", "inverted": false}}}}, "density": 0.2, "start_dist": {"generator_name": "Image", "shape": [100, 100], "min": 7.0, "max": 252.0, "mean": 50.7035, "std": 43.12284763034557, "dtype": "uint64", "parameters": {"image": "galaxy_cluster2.png", "transformer": {"name": "ColorChannelSelector", "channel": "v", "inverted": false}}}, "target_dist": {"generator_name": "Image", "shape": [100, 100], "min": 7.0, "max": 252.0, "mean": 50.7035, "std": 43.12284763034557, "dtype": "uint64", "parameters": {"image": "galaxy_cluster2.png", "transformer": {"name": "ColorChannelSelector", "channel": "v", "inverted": false}}}}, "stats": {"date": "2020-11-17", "free_area": 10000.0, "number_of_clustered_robots": 97, "number_of_robots": 2000}}}, "name": "galaxy_cluster2_00006_100x100_20_2000", "obstacles": [], "starts": [[14, 14], [25, 73], [76, 80], [65, 33], [94, 57], [12, 11], [93, 62], [21, 66], [70, 31], [73, 83], [15, 14], [89, 59], [18, 68], [72, 24], [15, 10], [92, 62], [71, 84], [19, 65], [66, 31], [10, 14], [93, 59], [27, 68], [65, 25], [69, 81], [19, 12], [89, 61], [10, 15], [19, 68], [67, 31], [92, 64], [75, 80], [14, 10], [21, 64], [69, 26], [90, 66], [11, 11], [74, 85], [89, 64], [26, 73], [64, 27], [16, 9], [96, 58], [19, 69], [70, 33], [70, 87], [10, 10], [90, 62], [19, 64], [68, 33], [13, 11], [72, 82], [93, 63], [9, 9], [26, 71], [72, 29], [94, 60], [13, 12], [70, 80], [28, 72], [73, 28], [91, 63], [11, 12], [21, 65], [74, 27], [98, 60], [69, 87], [14, 11], [94, 62], [24, 66], [74, 29], [16, 12], [75, 81], [94, 64], [23, 72], [65, 30], [9, 8], [92, 61], [19, 15], [75, 85], [18, 72], [69, 32], [89, 65], [15, 13], [22, 65], [68, 26], [76, 86], [98, 63], [9, 18], [23, 70], [70, 27], [91, 62], [13, 10], [76, 81], [26, 68], [68, 23], [89, 62], [16, 10], [66, 69], [88, 42], [9, 27], [42, 45], [69, 86], [23, 53], [61, 69], [52, 91], [4, 29], [40, 68], [62, 62], [10, 77], [10, 68], [0, 25], [43, 80], [15, 61], [11, 61], [68, 34], [67, 99], [75, 56], [77, 43], [52, 73], [15, 11], [66, 93], [95, 26], [55, 91], [77, 58], [37, 68], [70, 78], [85, 20], [11, 5], [44, 26], [76, 28], [24, 77], [24, 57], [55, 57], [20, 66], [77, 1], [44, 3], [53, 40], [16, 67], [12, 27], [39, 68], [10, 31], [16, 23], [17, 27], [64, 1], [46, 51], [22, 85], [24, 74], [10, 34], [69, 68], [91, 41], [10, 35], [55, 25], [39, 57], [86, 20], [97, 41], [28, 56], [76, 67], [41, 96], [49, 13], [31, 22], [31, 45], [17, 62], [84, 71], [11, 46], [20, 87], [83, 91], [88, 60], [55, 86], [32, 56], [51, 90], [13, 51], [84, 92], [37, 38], [42, 27], [49, 66], [40, 95], [33, 88], [79, 78], [66, 27], [88, 65], [53, 70], [66, 75], [97, 59], [45, 36], [77, 85], [60, 85], [85, 6], [97, 82], [10, 37], [50, 51], [48, 0], [51, 49], [23, 63], [48, 50], [41, 44], [32, 31], [18, 16], [28, 78], [99, 82], [51, 36], [92, 38], [86, 75], [61, 12], [45, 44], [52, 19], [26, 77], [74, 63], [30, 27], [76, 69], [45, 1], [45, 77], [21, 67], [3, 4], [14, 61], [91, 33], [46, 71], [20, 69], [60, 68], [58, 23], [81, 49], [17, 55], [61, 30], [92, 19], [31, 84], [20, 60], [90, 65], [42, 62], [82, 22], [11, 54], [38, 84], [85, 80], [39, 16], [4, 44], [57, 57], [38, 30], [35, 38], [63, 40], [40, 74], [29, 67], [79, 28], [38, 98], [40, 44], [12, 22], [11, 50], [48, 75], [57, 49], [14, 84], [74, 82], [51, 87], [48, 21], [85, 92], [70, 16], [28, 24], [0, 46], [24, 35], [98, 40], [20, 53], [86, 94], [52, 85], [21, 68], [35, 77], [43, 66], [6, 86], [45, 66], [27, 72], [22, 64], [91, 84], [8, 62], [42, 56], [51, 91], [64, 75], [77, 28], [21, 85], [69, 31], [59, 30], [14, 56], [69, 40], [71, 73], [42, 84], [7, 47], [38, 0], [55, 12], [79, 79], [20, 84], [38, 75], [50, 32], [26, 33], [0, 27], [69, 42], [60, 52], [84, 0], [78, 77], [8, 47], [80, 58], [65, 77], [78, 9], [5, 21], [81, 52], [9, 87], [39, 76], [98, 30], [55, 13], [69, 66], [80, 85], [23, 64], [80, 49], [41, 42], [28, 74], [57, 55], [62, 91], [51, 29], [18, 79], [77, 66], [83, 53], [85, 1], [12, 55], [41, 50], [42, 78], [31, 55], [81, 66], [3, 46], [26, 67], [45, 61], [79, 12], [48, 58], [40, 57], [41, 77], [97, 21], [15, 62], [13, 69], [96, 40], [61, 70], [7, 67], [41, 78], [23, 61], [8, 77], [51, 52], [7, 50], [39, 91], [80, 23], [9, 40], [32, 35], [18, 81], [55, 1], [24, 65], [19, 7], [63, 75], [5, 69], [16, 60], [14, 67], [65, 92], [14, 65], [11, 72], [82, 77], [67, 64], [7, 38], [75, 17], [71, 71], [7, 46], [47, 60], [55, 94], [17, 22], [96, 73], [53, 55], [56, 84], [17, 68], [27, 26], [42, 44], [49, 83], [55, 33], [8, 74], [97, 99], [40, 93], [11, 4], [20, 93], [57, 60], [65, 27], [71, 75], [1, 23], [24, 72], [39, 4], [74, 89], [27, 27], [25, 40], [76, 85], [39, 44], [79, 81], [11, 45], [58, 53], [61, 60], [84, 48], [10, 47], [47, 15], [31, 33], [49, 11], [54, 60], [34, 79], [35, 86], [72, 31], [12, 59], [95, 88], [62, 25], [31, 63], [62, 19], [69, 11], [31, 92], [44, 70], [0, 61], [12, 56], [29, 72], [43, 17], [58, 25], [99, 90], [24, 48], [66, 99], [89, 66], [22, 55], [2, 70], [75, 23], [77, 6], [92, 65], [30, 81], [73, 24], [56, 10], [82, 70], [45, 95], [83, 17], [16, 83], [1, 28], [55, 27], [91, 5], [66, 29], [23, 49], [51, 67], [4, 79], [90, 92], [71, 76], [83, 69], [5, 0], [44, 48], [14, 58], [71, 91], [80, 13], [68, 78], [76, 83], [28, 60], [59, 47], [35, 60], [74, 78], [71, 50], [11, 82], [16, 69], [78, 67], [20, 90], [32, 26], [26, 64], [43, 42], [78, 35], [92, 87], [55, 64], [79, 76], [95, 97], [93, 25], [91, 86], [83, 88], [77, 78], [23, 56], [60, 15], [74, 54], [76, 77], [70, 65], [3, 73], [66, 73], [86, 70], [21, 73], [18, 67], [33, 80], [41, 23], [90, 33], [12, 39], [83, 73], [89, 5], [60, 39], [74, 80], [54, 13], [17, 82], [86, 56], [47, 45], [20, 73], [74, 99], [43, 39], [40, 75], [79, 86], [99, 94], [33, 3], [6, 42], [27, 64], [45, 96], [60, 37], [4, 37], [74, 77], [24, 9], [21, 60], [5, 97], [46, 58], [13, 63], [81, 28], [71, 15], [28, 29], [17, 69], [89, 41], [49, 62], [86, 87], [58, 29], [16, 52], [43, 40], [54, 18], [36, 66], [3, 90], [24, 33], [48, 26], [53, 86], [68, 62], [20, 80], [34, 27], [30, 52], [77, 80], [16, 34], [26, 32], [31, 5], [98, 13], [73, 84], [93, 36], [15, 34], [39, 2], [20, 65], [25, 1], [72, 32], [65, 45], [44, 38], [61, 44], [63, 66], [20, 67], [83, 86], [42, 2], [78, 86], [18, 36], [96, 21], [81, 73], [67, 74], [13, 68], [30, 4], [53, 61], [0, 32], [22, 48], [5, 40], [62, 70], [47, 29], [57, 8], [57, 89], [36, 30], [20, 82], [73, 18], [71, 80], [65, 69], [74, 48], [71, 62], [40, 14], [38, 17], [3, 39], [51, 53], [65, 7], [1, 24], [77, 26], [21, 71], [27, 60], [91, 61], [79, 53], [58, 50], [64, 66], [40, 71], [79, 47], [81, 50], [17, 53], [28, 35], [32, 72], [74, 69], [62, 28], [4, 46], [26, 70], [16, 17], [85, 28], [64, 5], [79, 74], [13, 84], [2, 21], [9, 51], [60, 66], [66, 11], [66, 70], [58, 34], [40, 2], [80, 68], [54, 84], [79, 88], [57, 68], [21, 78], [80, 73], [41, 26], [45, 99], [27, 5], [86, 99], [45, 79], [43, 79], [23, 62], [13, 3], [37, 20], [26, 79], [16, 53], [93, 2], [21, 63], [19, 46], [53, 85], [18, 40], [9, 47], [63, 58], [75, 28], [49, 76], [70, 19], [69, 33], [54, 28], [25, 74], [53, 22], [87, 87], [31, 36], [63, 98], [47, 56], [73, 20], [10, 57], [4, 74], [68, 80], [25, 57], [96, 97], [4, 17], [37, 87], [83, 52], [18, 75], [19, 75], [23, 60], [52, 52], [3, 85], [65, 80], [29, 62], [23, 39], [55, 65], [72, 91], [49, 57], [47, 73], [54, 62], [34, 61], [46, 60], [23, 32], [86, 72], [80, 53], [16, 55], [4, 28], [31, 31], [11, 28], [54, 81], [57, 36], [13, 80], [64, 53], [79, 85], [31, 23], [83, 68], [6, 19], [26, 10], [11, 25], [10, 80], [76, 84], [73, 85], [79, 72], [49, 80], [17, 91], [75, 96], [21, 11], [12, 57], [3, 89], [97, 71], [69, 69], [82, 76], [41, 28], [22, 75], [34, 20], [68, 63], [15, 77], [44, 2], [6, 45], [36, 20], [14, 15], [70, 30], [83, 79], [82, 83], [13, 67], [62, 11], [63, 84], [56, 55], [92, 72], [57, 33], [74, 19], [7, 33], [8, 87], [91, 40], [55, 31], [81, 22], [51, 62], [78, 85], [18, 58], [25, 61], [12, 35], [21, 77], [14, 60], [13, 22], [99, 42], [90, 71], [84, 14], [2, 6], [99, 21], [41, 61], [97, 22], [42, 26], [35, 87], [2, 29], [71, 95], [33, 34], [59, 44], [85, 10], [4, 80], [81, 38], [66, 48], [33, 14], [9, 77], [82, 11], [98, 91], [22, 12], [50, 65], [88, 5], [79, 18], [72, 76], [8, 10], [72, 19], [5, 95], [94, 20], [50, 81], [48, 71], [79, 26], [90, 67], [77, 25], [5, 41], [23, 74], [66, 49], [51, 85], [13, 62], [59, 17], [46, 10], [52, 92], [29, 64], [70, 74], [32, 42], [20, 75], [78, 19], [81, 75], [26, 19], [33, 20], [0, 23], [27, 87], [51, 64], [13, 43], [58, 54], [70, 12], [20, 74], [29, 0], [85, 23], [40, 62], [12, 52], [22, 71], [64, 95], [47, 77], [37, 67], [64, 71], [45, 7], [33, 18], [32, 86], [57, 71], [22, 19], [70, 25], [5, 50], [50, 6], [40, 65], [38, 19], [21, 39], [25, 65], [42, 65], [12, 65], [81, 12], [68, 13], [60, 45], [45, 50], [93, 69], [20, 32], [0, 52], [8, 70], [15, 74], [57, 53], [92, 3], [45, 80], [18, 38], [6, 20], [26, 66], [53, 99], [96, 55], [53, 95], [89, 19], [8, 99], [27, 71], [43, 74], [33, 45], [5, 29], [46, 32], [20, 54], [18, 42], [77, 82], [90, 12], [73, 75], [44, 16], [19, 66], [48, 7], [52, 22], [77, 29], [79, 51], [41, 21], [67, 30], [94, 24], [52, 58], [58, 61], [94, 68], [72, 74], [45, 64], [40, 32], [55, 74], [88, 59], [31, 74], [24, 99], [10, 48], [19, 29], [9, 78], [53, 88], [38, 70], [13, 24], [11, 48], [59, 95], [31, 69], [56, 85], [49, 50], [59, 29], [76, 29], [95, 53], [42, 63], [25, 34], [97, 73], [12, 76], [81, 9], [10, 29], [15, 81], [32, 38], [62, 50], [8, 8], [77, 64], [70, 40], [27, 31], [36, 7], [94, 86], [50, 56], [19, 85], [57, 95], [99, 69], [80, 81], [62, 49], [87, 58], [39, 51], [7, 97], [54, 34], [41, 49], [24, 79], [20, 28], [41, 57], [53, 59], [56, 69], [33, 29], [39, 17], [30, 25], [22, 46], [23, 42], [45, 69], [48, 14], [29, 57], [42, 28], [2, 83], [39, 43], [57, 7], [12, 25], [47, 12], [49, 68], [60, 23], [45, 45], [88, 87], [86, 82], [3, 68], [33, 40], [54, 69], [75, 75], [47, 44], [49, 69], [51, 61], [12, 41], [53, 9], [32, 54], [74, 49], [13, 57], [79, 27], [75, 12], [81, 31], [61, 78], [19, 54], [86, 4], [64, 67], [91, 55], [39, 59], [73, 79], [95, 4], [23, 59], [98, 72], [64, 13], [69, 4], [15, 91], [4, 49], [7, 22], [54, 49], [65, 23], [15, 60], [93, 15], [75, 77], [24, 69], [26, 28], [34, 42], [61, 87], [53, 51], [22, 8], [12, 24], [26, 0], [98, 44], [45, 74], [7, 44], [95, 47], [94, 67], [67, 60], [67, 97], [31, 80], [28, 92], [20, 64], [15, 65], [10, 44], [8, 35], [6, 73], [60, 61], [64, 63], [70, 29], [18, 22], [96, 39], [19, 59], [98, 42], [44, 54], [20, 36], [38, 51], [54, 58], [69, 48], [66, 59], [44, 68], [46, 56], [41, 66], [76, 90], [34, 35], [33, 12], [30, 35], [40, 63], [31, 21], [54, 79], [57, 22], [97, 52], [52, 95], [63, 13], [31, 54], [85, 96], [49, 58], [14, 19], [54, 59], [58, 77], [24, 30], [30, 41], [99, 41], [13, 88], [95, 77], [40, 24], [29, 27], [60, 25], [24, 70], [52, 60], [36, 68], [81, 84], [90, 42], [29, 52], [55, 87], [28, 54], [72, 56], [77, 83], [94, 25], [39, 42], [80, 52], [36, 67], [35, 93], [67, 73], [82, 24], [98, 32], [38, 77], [79, 83], [89, 68], [57, 96], [99, 18], [43, 41], [53, 69], [71, 35], [74, 17], [23, 81], [49, 1], [67, 27], [2, 51], [55, 93], [33, 26], [0, 41], [3, 26], [81, 64], [34, 70], [11, 73], [76, 64], [6, 56], [38, 8], [73, 69], [74, 55], [71, 78], [84, 88], [7, 71], [69, 90], [26, 62], [81, 85], [31, 27], [56, 86], [47, 61], [96, 61], [5, 48], [16, 58], [78, 83], [30, 29], [17, 66], [34, 11], [42, 73], [43, 35], [25, 89], [97, 88], [76, 82], [47, 30], [70, 95], [20, 81], [95, 90], [50, 89], [23, 83], [29, 55], [61, 28], [26, 74], [14, 30], [38, 71], [91, 45], [82, 62], [21, 1], [83, 55], [73, 22], [31, 9], [25, 70], [29, 9], [19, 14], [91, 68], [76, 71], [25, 75], [61, 75], [64, 11], [96, 51], [70, 59], [51, 78], [0, 55], [37, 62], [85, 59], [10, 50], [24, 25], [13, 26], [80, 75], [50, 90], [59, 28], [89, 34], [59, 48], [67, 28], [71, 44], [75, 57], [83, 80], [78, 63], [14, 68], [97, 42], [47, 1], [73, 56], [16, 90], [41, 71], [46, 81], [45, 47], [24, 52], [94, 46], [17, 28], [19, 67], [42, 19], [96, 64], [46, 62], [72, 33], [16, 62], [15, 0], [92, 54], [6, 74], [52, 16], [49, 70], [54, 64], [5, 67], [53, 57], [55, 99], [49, 63], [71, 77], [78, 82], [61, 0], [47, 48], [87, 71], [38, 63], [50, 85], [65, 72], [96, 52], [31, 28], [48, 32], [79, 91], [70, 76], [96, 70], [24, 32], [56, 31], [13, 27], [31, 78], [67, 88], [69, 18], [59, 12], [80, 55], [44, 49], [47, 63], [59, 86], [61, 27], [97, 87], [69, 34], [9, 46], [48, 95], [89, 70], [22, 56], [23, 97], [11, 84], [76, 87], [23, 66], [98, 85], [51, 89], [53, 91], [33, 35], [54, 39], [78, 72], [67, 20], [86, 78], [74, 64], [48, 19], [31, 41], [28, 77], [31, 49], [71, 17], [47, 46], [32, 65], [77, 40], [17, 61], [18, 62], [91, 52], [9, 68], [6, 10], [56, 62], [61, 24], [15, 70], [72, 81], [86, 95], [37, 57], [76, 38], [62, 74], [89, 74], [25, 58], [50, 79], [24, 10], [6, 49], [79, 32], [76, 66], [82, 75], [76, 27], [9, 45], [27, 74], [52, 29], [74, 31], [51, 57], [55, 88], [81, 59], [49, 95], [60, 54], [63, 77], [14, 79], [84, 91], [78, 37], [89, 43], [7, 83], [82, 88], [48, 1], [15, 18], [63, 20], [85, 4], [32, 74], [57, 62], [82, 74], [79, 60], [30, 24], [88, 44], [71, 56], [69, 88], [96, 96], [8, 56], [42, 81], [9, 48], [63, 25], [6, 7], [8, 50], [16, 95], [11, 59], [45, 57], [63, 80], [44, 92], [64, 73], [74, 79], [32, 24], [23, 55], [19, 28], [64, 12], [77, 84], [73, 78], [3, 59], [68, 44], [62, 68], [62, 3], [51, 58], [96, 95], [78, 74], [98, 90], [26, 55], [89, 23], [2, 77], [14, 74], [42, 59], [48, 61], [46, 23], [22, 59], [47, 81], [46, 63], [89, 67], [18, 63], [67, 85], [56, 75], [81, 80], [26, 57], [16, 59], [26, 35], [33, 17], [53, 11], [59, 6], [16, 65], [18, 5], [81, 56], [42, 8], [3, 71], [96, 24], [22, 87], [6, 69], [75, 98], [71, 19], [48, 65], [57, 59], [6, 79], [21, 31], [8, 58], [75, 92], [7, 40], [75, 54], [94, 23], [43, 55], [82, 16], [48, 55], [54, 88], [58, 67], [44, 79], [46, 59], [65, 68], [14, 53], [12, 87], [14, 42], [28, 52], [1, 41], [48, 33], [32, 66], [80, 47], [68, 66], [47, 62], [64, 76], [49, 81], [67, 75], [75, 86], [85, 79], [14, 20], [91, 66], [5, 42], [60, 29], [48, 12], [10, 60], [66, 79], [54, 21], [22, 70], [77, 94], [9, 44], [68, 70], [4, 57], [73, 60], [32, 63], [80, 76], [50, 67], [43, 92], [59, 27], [24, 64], [87, 69], [40, 58], [92, 81], [88, 43], [62, 21], [53, 89], [32, 79], [17, 92], [67, 24], [24, 91], [31, 32], [47, 33], [30, 34], [72, 99], [84, 32], [29, 79], [86, 28], [66, 52], [87, 86], [89, 42], [68, 84], [69, 75], [83, 6], [82, 82], [92, 53], [79, 42], [37, 96], [59, 65], [34, 78], [49, 61], [42, 79], [68, 6], [46, 2], [30, 56], [17, 95], [53, 66], [87, 92], [32, 52], [63, 28], [71, 98], [15, 46], [23, 27], [15, 12], [8, 78], [29, 31], [49, 9], [33, 49], [67, 69], [67, 77], [67, 25], [11, 67], [46, 1], [21, 6], [89, 30], [9, 80], [96, 42], [44, 67], [96, 25], [71, 22], [94, 41], [38, 18], [60, 80], [80, 71], [34, 26], [69, 35], [85, 90], [12, 54], [49, 56], [2, 79], [89, 6], [55, 16], [76, 41], [6, 39], [8, 42], [46, 96], [15, 93], [69, 27], [55, 82], [50, 64], [61, 39], [80, 91], [22, 10], [94, 16], [68, 75], [27, 77], [82, 71], [67, 41], [31, 72], [35, 98], [36, 80], [2, 67], [26, 83], [4, 90], [19, 97], [62, 86], [35, 7], [29, 81], [17, 75], [56, 57], [73, 87], [92, 17], [36, 42], [19, 92], [67, 42], [17, 70], [65, 87], [78, 29], [73, 4], [56, 81], [10, 23], [8, 60], [44, 59], [68, 20], [74, 70], [13, 73], [60, 60], [99, 31], [94, 98], [60, 59], [33, 32], [12, 51], [65, 57], [49, 41], [85, 43], [68, 24], [98, 22], [88, 68], [34, 19], [72, 92], [10, 59], [16, 49], [19, 60], [92, 33], [45, 13], [56, 35], [84, 76], [49, 48], [36, 87], [40, 15], [74, 32], [72, 50], [80, 78], [72, 68], [87, 3], [48, 83], [91, 42], [1, 47], [27, 73], [55, 22], [83, 29], [68, 82], [42, 82], [39, 13], [52, 66], [22, 61], [76, 47], [85, 3], [94, 42], [65, 64], [31, 18], [31, 71], [55, 90], [8, 41], [8, 23], [21, 62], [52, 45], [30, 72], [47, 2], [25, 8], [53, 37], [8, 76], [16, 64], [6, 44], [95, 51], [68, 88], [86, 69], [34, 54], [61, 2], [34, 16], [54, 71], [21, 84], [87, 24], [50, 61], [98, 99], [89, 72], [4, 85], [18, 76], [58, 94], [13, 71], [84, 90], [22, 26], [20, 78], [20, 52], [85, 91], [11, 33], [8, 89], [52, 70], [65, 63], [54, 37], [8, 81], [45, 58], [95, 78], [84, 77], [57, 90], [78, 61], [12, 67], [32, 75], [58, 92], [29, 36], [9, 59], [51, 59], [65, 21], [83, 90], [74, 87], [28, 45], [78, 65], [27, 89], [18, 53], [21, 21], [72, 48], [5, 8], [75, 76], [45, 93], [55, 92], [62, 82], [8, 55], [10, 92], [78, 52], [25, 22], [2, 46], [73, 67], [9, 32], [8, 59], [42, 64], [30, 57], [90, 87], [26, 47], [15, 82], [60, 8], [18, 66], [84, 57], [5, 49], [56, 23], [43, 61], [6, 96], [63, 10], [45, 63], [35, 85], [65, 74], [41, 75], [13, 52], [16, 78], [97, 95], [63, 11], [54, 90], [9, 16], [62, 26], [21, 75], [43, 60], [53, 78], [46, 68], [81, 70], [47, 24], [31, 68], [20, 21], [49, 89], [58, 70], [83, 82], [89, 22], [11, 43], [22, 73], [5, 84], [5, 22], [83, 26], [91, 90], [28, 53], [12, 13], [56, 14], [95, 61], [7, 45], [45, 68], [18, 80], [43, 65], [79, 20], [36, 29], [17, 60], [15, 83], [35, 71], [12, 34], [59, 2], [55, 47], [15, 50], [78, 17], [33, 5], [63, 51], [10, 55], [9, 72], [53, 20], [6, 21], [7, 75], [91, 58], [58, 22], [59, 69], [31, 37], [12, 44], [13, 23], [56, 92], [48, 90], [35, 48], [20, 71], [69, 20], [8, 73], [11, 70], [44, 65], [36, 86], [1, 16], [16, 46], [73, 81], [75, 69], [61, 29], [11, 64], [15, 45], [92, 12], [95, 38], [16, 42], [6, 67], [55, 85], [44, 55], [70, 60], [69, 56], [92, 83], [88, 94], [35, 40], [30, 65], [65, 81], [50, 66], [81, 20], [18, 44], [2, 33], [53, 75], [66, 37], [24, 73], [82, 29], [1, 73], [95, 37], [17, 96], [47, 4], [73, 46], [42, 47], [3, 48], [12, 79], [58, 26], [74, 74], [84, 28], [22, 79], [45, 34], [54, 52], [34, 22], [71, 27], [72, 36], [96, 81], [14, 23], [66, 74], [92, 91], [16, 72], [29, 58], [56, 74], [25, 26], [77, 90], [8, 48], [35, 5], [58, 81], [3, 66], [35, 88], [39, 20], [20, 39], [29, 23], [17, 81], [33, 97], [46, 69], [8, 75], [14, 33], [75, 62], [62, 24], [60, 74], [5, 55], [75, 70], [17, 67], [59, 21], [30, 5], [24, 82], [88, 7], [58, 88], [88, 70], [12, 45], [7, 59], [40, 5], [59, 9], [28, 70], [86, 23], [22, 67], [46, 80], [11, 35], [56, 15], [34, 66], [48, 52], [44, 63], [53, 67], [98, 84], [14, 52], [49, 71], [72, 89], [24, 62], [5, 35], [26, 23], [54, 17], [45, 60], [9, 66], [38, 57], [94, 43], [38, 62], [34, 76], [48, 30], [78, 68], [90, 70], [63, 56], [44, 75], [59, 89], [91, 31], [36, 99], [34, 56], [11, 26], [14, 82], [82, 84], [56, 33], [27, 23], [54, 11], [48, 57], [37, 54], [5, 43], [97, 93], [54, 32], [80, 54], [16, 77], [14, 49], [45, 22], [3, 50], [77, 49], [49, 55], [59, 71], [65, 35], [75, 19], [45, 26], [41, 72], [90, 64], [59, 22], [2, 30], [43, 91], [40, 52], [72, 46], [2, 1], [2, 40], [19, 61], [85, 76], [33, 66], [52, 61], [26, 46], [30, 71], [18, 59], [2, 31], [38, 97], [9, 55], [57, 91], [91, 81], [65, 14], [45, 8], [1, 54], [41, 81], [29, 15], [0, 15], [74, 34], [44, 78], [26, 24], [67, 61], [53, 58], [74, 46], [12, 26], [54, 12], [12, 36], [92, 89], [49, 67], [62, 71], [55, 9], [6, 8], [63, 63], [43, 13], [76, 17], [22, 62], [56, 94], [21, 14], [46, 45], [27, 58], [98, 56], [70, 86], [27, 42], [56, 70], [49, 75], [11, 30], [58, 89], [91, 88], [1, 35], [76, 75], [11, 66], [7, 66], [58, 76], [36, 84], [59, 41], [24, 59], [76, 79], [57, 87], [60, 32], [15, 41], [19, 99], [66, 77], [21, 70], [40, 26], [69, 37], [37, 8], [88, 76], [72, 5], [57, 58], [39, 36], [51, 19], [14, 51], [62, 22], [81, 15], [5, 52], [31, 25], [71, 81], [3, 62], [90, 23], [17, 50], [54, 66], [91, 83], [37, 98], [54, 35], [33, 74], [68, 30], [43, 52], [27, 59], [73, 30], [84, 58], [22, 81], [10, 33], [60, 72], [68, 69], [32, 23], [81, 53], [67, 26], [16, 51], [53, 31], [63, 74], [26, 78], [30, 33], [68, 17], [10, 42], [21, 56], [56, 80], [13, 34], [64, 21], [23, 21], [48, 62], [74, 11], [43, 56], [17, 64], [78, 80], [69, 73], [45, 24], [42, 72], [78, 20], [93, 24], [29, 63], [87, 29], [22, 91], [86, 1], [47, 58], [62, 88], [75, 84], [61, 41], [54, 80], [76, 10], [50, 33], [60, 18], [70, 67], [99, 65], [70, 35], [61, 42], [98, 89], [34, 0], [76, 48], [1, 37], [32, 19], [9, 50], [47, 20], [43, 25], [4, 75], [67, 62], [28, 55], [30, 76], [19, 58], [17, 77], [38, 60], [62, 66], [30, 74], [38, 89], [39, 55], [17, 88], [32, 58], [35, 42], [18, 32], [32, 78], [18, 2], [40, 60], [93, 38], [9, 57], [8, 40], [39, 74], [55, 43], [47, 64], [72, 38], [33, 96], [47, 96], [63, 43], [60, 26], [40, 66], [16, 21]], "targets": [[61, 63], [16, 91], [36, 82], [14, 64], [35, 98], [51, 62], [36, 96], [15, 90], [9, 54], [38, 75], [58, 64], [33, 93], [16, 87], [14, 59], [51, 65], [40, 94], [37, 75], [14, 93], [16, 61], [60, 63], [38, 91], [18, 90], [17, 64], [33, 78], [51, 63], [40, 89], [58, 70], [19, 87], [15, 64], [33, 88], [35, 77], [56, 65], [13, 91], [11, 59], [35, 90], [51, 61], [32, 74], [33, 96], [18, 91], [16, 64], [61, 69], [40, 96], [23, 92], [15, 55], [34, 81], [54, 66], [36, 98], [20, 87], [8, 60], [53, 64], [35, 75], [36, 93], [51, 68], [21, 89], [14, 55], [34, 88], [52, 63], [36, 76], [14, 90], [13, 61], [32, 95], [56, 63], [17, 90], [15, 54], [34, 97], [33, 79], [57, 62], [39, 98], [15, 91], [13, 56], [55, 63], [35, 79], [36, 95], [20, 86], [8, 61], [58, 67], [37, 91], [59, 70], [38, 82], [20, 94], [17, 61], [32, 91], [55, 68], [15, 94], [7, 62], [35, 76], [39, 88], [55, 62], [17, 92], [8, 59], [41, 97], [52, 64], [30, 80], [21, 87], [10, 61], [38, 95], [60, 66], [79, 82], [31, 26], [18, 69], [2, 28], [80, 14], [24, 13], [42, 73], [35, 5], [50, 63], [60, 23], [33, 52], [79, 80], [73, 89], [24, 66], [89, 32], [57, 23], [49, 36], [41, 54], [89, 68], [83, 91], [34, 18], [25, 66], [49, 66], [61, 68], [23, 79], [26, 99], [51, 76], [74, 84], [63, 28], [15, 95], [46, 23], [45, 59], [44, 29], [29, 89], [99, 55], [45, 95], [49, 72], [81, 71], [94, 37], [89, 85], [12, 24], [9, 47], [96, 99], [48, 29], [35, 87], [52, 58], [26, 28], [43, 73], [39, 3], [63, 26], [55, 66], [91, 75], [39, 65], [30, 75], [48, 61], [72, 33], [2, 30], [19, 65], [8, 47], [82, 80], [63, 58], [2, 68], [25, 61], [21, 67], [86, 67], [80, 75], [0, 26], [91, 85], [23, 62], [12, 22], [53, 44], [49, 30], [94, 77], [68, 33], [98, 23], [59, 29], [59, 66], [8, 71], [32, 19], [38, 62], [20, 72], [5, 51], [28, 67], [56, 44], [34, 34], [94, 25], [56, 83], [57, 28], [12, 79], [58, 59], [54, 82], [12, 51], [47, 57], [53, 67], [26, 5], [78, 74], [17, 72], [99, 42], [66, 50], [26, 18], [43, 93], [90, 23], [63, 21], [6, 53], [30, 30], [32, 75], [78, 35], [90, 34], [51, 86], [70, 84], [18, 94], [9, 37], [17, 81], [49, 59], [0, 66], [10, 65], [55, 81], [4, 6], [76, 33], [53, 63], [14, 28], [15, 72], [89, 78], [80, 73], [56, 32], [45, 69], [41, 43], [25, 95], [5, 0], [14, 56], [60, 15], [56, 88], [41, 24], [37, 77], [61, 91], [70, 20], [34, 83], [76, 55], [83, 35], [43, 79], [28, 19], [76, 90], [23, 87], [52, 7], [20, 61], [85, 69], [47, 27], [24, 67], [8, 19], [23, 67], [98, 24], [3, 90], [27, 36], [50, 62], [32, 24], [57, 89], [53, 21], [8, 9], [62, 25], [2, 51], [15, 67], [13, 47], [18, 82], [91, 87], [13, 10], [44, 94], [76, 94], [51, 57], [51, 64], [54, 20], [78, 82], [51, 88], [78, 15], [70, 34], [41, 44], [41, 79], [11, 91], [69, 65], [28, 15], [28, 5], [55, 91], [79, 51], [94, 61], [53, 62], [81, 22], [55, 84], [59, 65], [90, 5], [63, 70], [80, 27], [55, 14], [46, 54], [88, 64], [54, 63], [30, 65], [61, 43], [46, 75], [57, 74], [89, 24], [21, 47], [30, 74], [68, 74], [77, 85], [38, 79], [11, 43], [85, 29], [82, 52], [34, 46], [66, 91], [53, 22], [67, 1], [56, 45], [20, 58], [33, 62], [58, 86], [76, 5], [89, 66], [4, 90], [29, 77], [62, 60], [26, 57], [25, 74], [43, 48], [8, 40], [68, 16], [48, 60], [39, 93], [11, 35], [70, 87], [66, 43], [67, 69], [61, 33], [82, 69], [11, 34], [21, 74], [9, 61], [22, 85], [26, 24], [25, 68], [91, 43], [29, 78], [35, 11], [5, 75], [24, 87], [55, 92], [70, 26], [66, 67], [67, 21], [65, 69], [17, 82], [18, 64], [87, 34], [35, 18], [30, 58], [72, 67], [63, 54], [21, 63], [64, 91], [24, 63], [74, 82], [17, 7], [83, 85], [86, 9], [54, 94], [33, 43], [39, 99], [2, 69], [11, 80], [23, 77], [80, 28], [92, 96], [40, 51], [19, 71], [55, 29], [91, 23], [75, 45], [20, 32], [0, 94], [53, 28], [88, 49], [76, 76], [61, 31], [41, 28], [42, 93], [96, 44], [89, 25], [66, 93], [60, 88], [0, 78], [19, 60], [93, 54], [91, 25], [83, 32], [14, 53], [52, 91], [55, 80], [46, 35], [60, 34], [51, 95], [34, 15], [71, 20], [95, 48], [31, 67], [61, 47], [32, 34], [45, 60], [26, 61], [18, 70], [92, 53], [43, 63], [38, 58], [77, 82], [74, 76], [94, 42], [55, 60], [7, 74], [57, 40], [40, 28], [43, 76], [48, 12], [58, 19], [52, 72], [19, 62], [69, 73], [39, 73], [99, 46], [53, 74], [40, 74], [14, 48], [39, 58], [74, 15], [14, 45], [59, 68], [14, 66], [51, 28], [48, 25], [56, 86], [34, 69], [90, 2], [66, 70], [70, 6], [54, 79], [56, 82], [53, 86], [25, 63], [44, 63], [39, 38], [61, 80], [49, 29], [1, 56], [15, 86], [85, 84], [95, 89], [23, 64], [12, 15], [46, 60], [58, 90], [53, 11], [50, 44], [43, 42], [21, 70], [80, 58], [84, 83], [28, 32], [56, 68], [69, 87], [33, 60], [9, 53], [19, 79], [62, 32], [12, 49], [86, 28], [45, 67], [84, 62], [59, 24], [80, 77], [50, 25], [45, 71], [78, 80], [46, 32], [59, 28], [23, 63], [20, 53], [80, 50], [61, 81], [30, 71], [30, 61], [53, 89], [11, 48], [42, 74], [3, 40], [6, 2], [93, 42], [67, 30], [11, 19], [73, 28], [98, 71], [36, 62], [28, 77], [94, 21], [54, 57], [56, 54], [87, 74], [36, 53], [37, 53], [35, 69], [95, 1], [20, 45], [78, 34], [21, 13], [55, 64], [52, 13], [33, 81], [31, 51], [50, 59], [44, 43], [2, 94], [6, 9], [21, 73], [38, 28], [10, 50], [83, 22], [50, 60], [25, 62], [66, 25], [82, 23], [59, 78], [52, 87], [76, 87], [16, 8], [25, 33], [13, 57], [62, 76], [83, 54], [54, 37], [37, 67], [24, 77], [51, 22], [77, 3], [68, 78], [36, 30], [58, 56], [81, 86], [66, 72], [33, 68], [3, 98], [91, 84], [57, 27], [15, 37], [44, 28], [84, 63], [91, 5], [88, 56], [71, 30], [48, 70], [50, 64], [32, 65], [17, 67], [63, 24], [29, 3], [40, 23], [13, 38], [88, 52], [13, 59], [3, 62], [45, 51], [64, 2], [52, 12], [64, 73], [25, 31], [20, 69], [92, 28], [52, 51], [15, 77], [50, 65], [25, 88], [55, 79], [54, 56], [5, 40], [24, 10], [23, 44], [12, 46], [67, 20], [52, 3], [7, 13], [9, 43], [41, 47], [65, 92], [29, 8], [27, 65], [81, 72], [44, 34], [72, 89], [33, 0], [29, 45], [32, 73], [91, 7], [50, 78], [10, 78], [86, 2], [24, 9], [27, 71], [5, 47], [35, 67], [56, 43], [73, 48], [29, 48], [75, 83], [43, 71], [94, 54], [64, 21], [20, 77], [12, 54], [62, 80], [12, 90], [59, 18], [60, 27], [61, 27], [10, 52], [64, 0], [46, 72], [75, 74], [10, 83], [38, 32], [4, 72], [12, 45], [73, 87], [72, 86], [41, 69], [81, 23], [79, 62], [62, 12], [65, 43], [73, 26], [6, 44], [89, 67], [47, 79], [29, 71], [52, 22], [50, 83], [73, 23], [77, 63], [28, 75], [23, 74], [49, 78], [82, 29], [71, 42], [75, 64], [13, 41], [84, 41], [28, 14], [57, 82], [66, 82], [83, 36], [21, 50], [74, 63], [99, 90], [43, 2], [11, 78], [47, 73], [18, 62], [67, 72], [88, 39], [60, 8], [74, 10], [52, 31], [43, 28], [96, 3], [56, 97], [96, 53], [13, 90], [85, 14], [24, 58], [7, 49], [84, 77], [27, 31], [39, 23], [27, 68], [62, 57], [28, 99], [14, 77], [33, 61], [45, 44], [10, 88], [46, 33], [96, 97], [76, 30], [55, 55], [19, 94], [59, 61], [22, 67], [94, 60], [3, 23], [10, 96], [10, 81], [67, 18], [2, 72], [6, 93], [53, 60], [35, 49], [27, 63], [61, 16], [90, 11], [81, 27], [84, 82], [25, 83], [85, 91], [21, 61], [56, 80], [84, 35], [62, 24], [54, 32], [78, 28], [17, 74], [61, 56], [22, 70], [54, 71], [56, 92], [53, 58], [26, 75], [65, 27], [74, 69], [11, 52], [82, 49], [4, 46], [51, 4], [45, 30], [64, 77], [50, 85], [3, 84], [6, 72], [4, 55], [19, 66], [70, 86], [68, 92], [61, 29], [42, 64], [41, 31], [81, 80], [49, 61], [91, 3], [48, 67], [12, 47], [76, 82], [18, 14], [37, 13], [62, 31], [27, 69], [30, 15], [4, 74], [75, 67], [30, 69], [73, 21], [31, 77], [19, 55], [13, 79], [43, 15], [56, 98], [54, 93], [75, 82], [87, 53], [71, 28], [83, 70], [71, 40], [73, 77], [60, 19], [58, 38], [68, 71], [54, 47], [33, 5], [33, 70], [67, 68], [69, 74], [37, 32], [38, 23], [78, 67], [58, 10], [2, 67], [90, 25], [53, 50], [10, 15], [39, 36], [11, 87], [99, 91], [71, 82], [68, 32], [44, 57], [12, 21], [73, 19], [66, 9], [58, 47], [55, 25], [30, 87], [26, 69], [54, 65], [44, 67], [45, 57], [9, 35], [11, 82], [16, 45], [19, 51], [73, 27], [83, 73], [88, 67], [57, 66], [73, 84], [97, 26], [15, 51], [80, 49], [31, 37], [15, 42], [33, 10], [26, 83], [80, 86], [69, 19], [20, 66], [41, 18], [46, 64], [59, 42], [78, 44], [57, 91], [16, 42], [77, 78], [43, 56], [99, 58], [11, 21], [48, 35], [88, 2], [1, 23], [71, 85], [11, 68], [31, 86], [25, 54], [47, 60], [48, 89], [59, 15], [51, 55], [15, 83], [8, 80], [17, 39], [28, 60], [54, 16], [2, 29], [83, 81], [94, 63], [24, 31], [59, 92], [82, 21], [68, 64], [25, 1], [35, 23], [24, 71], [22, 58], [88, 43], [30, 45], [49, 65], [19, 68], [83, 78], [15, 62], [30, 53], [31, 55], [42, 32], [17, 50], [2, 85], [14, 40], [56, 96], [72, 83], [54, 91], [12, 26], [20, 51], [92, 73], [88, 25], [14, 85], [21, 82], [86, 53], [27, 82], [43, 89], [16, 94], [50, 38], [91, 14], [9, 25], [28, 68], [92, 62], [62, 93], [95, 95], [98, 70], [98, 91], [26, 8], [91, 61], [54, 59], [61, 71], [76, 79], [97, 40], [31, 24], [37, 59], [92, 11], [28, 56], [1, 70], [95, 27], [74, 95], [93, 21], [27, 6], [88, 87], [76, 27], [44, 66], [10, 70], [12, 35], [49, 64], [75, 2], [90, 68], [72, 80], [69, 59], [20, 39], [12, 88], [50, 28], [40, 46], [12, 85], [97, 41], [63, 2], [10, 35], [72, 21], [73, 2], [68, 51], [6, 39], [45, 91], [62, 87], [57, 61], [60, 86], [69, 39], [18, 50], [51, 77], [80, 38], [32, 35], [44, 0], [12, 71], [36, 20], [8, 74], [39, 2], [64, 74], [78, 87], [57, 99], [61, 96], [34, 68], [53, 93], [98, 72], [26, 70], [10, 49], [30, 34], [93, 55], [13, 43], [75, 76], [10, 46], [32, 16], [75, 88], [70, 91], [5, 88], [18, 76], [49, 58], [55, 89], [12, 56], [52, 78], [11, 37], [68, 57], [91, 51], [48, 62], [13, 73], [95, 38], [16, 66], [95, 61], [59, 32], [39, 92], [80, 18], [25, 24], [79, 59], [89, 70], [22, 61], [7, 42], [92, 87], [40, 47], [80, 79], [67, 81], [16, 72], [49, 69], [33, 25], [50, 47], [81, 47], [6, 48], [4, 86], [77, 25], [56, 85], [5, 98], [9, 30], [75, 63], [46, 47], [71, 89], [22, 13], [40, 64], [19, 73], [73, 85], [44, 82], [1, 29], [92, 1], [25, 58], [57, 8], [17, 65], [41, 37], [53, 90], [98, 47], [97, 82], [84, 32], [78, 85], [28, 2], [61, 4], [32, 22], [3, 59], [74, 80], [34, 35], [65, 73], [21, 65], [71, 87], [10, 63], [20, 56], [69, 31], [59, 82], [66, 71], [67, 77], [73, 59], [9, 50], [62, 21], [34, 36], [58, 79], [44, 41], [27, 66], [31, 75], [32, 1], [56, 58], [96, 43], [22, 37], [81, 70], [56, 81], [94, 52], [99, 71], [48, 4], [5, 66], [40, 43], [3, 68], [39, 34], [8, 49], [12, 68], [70, 28], [60, 79], [88, 69], [13, 46], [69, 97], [94, 73], [48, 97], [18, 71], [29, 18], [52, 40], [31, 34], [2, 20], [68, 86], [87, 38], [35, 27], [18, 49], [54, 12], [95, 88], [57, 50], [95, 53], [44, 85], [48, 92], [15, 57], [69, 20], [56, 46], [22, 1], [25, 73], [45, 63], [57, 30], [72, 23], [74, 23], [27, 85], [40, 69], [92, 5], [33, 57], [93, 25], [6, 27], [60, 3], [68, 19], [59, 63], [63, 87], [23, 61], [91, 57], [27, 32], [62, 11], [71, 46], [52, 70], [97, 14], [80, 93], [4, 73], [81, 81], [63, 32], [8, 25], [61, 21], [44, 96], [68, 65], [2, 82], [14, 95], [18, 83], [16, 75], [52, 20], [27, 46], [56, 14], [64, 75], [64, 13], [13, 30], [45, 8], [53, 23], [47, 63], [54, 73], [69, 33], [66, 74], [81, 53], [13, 36], [64, 25], [19, 21], [76, 81], [38, 14], [32, 5], [41, 5], [7, 48], [57, 58], [64, 23], [68, 28], [57, 55], [2, 62], [14, 62], [17, 83], [7, 47], [80, 11], [32, 32], [48, 10], [36, 22], [26, 56], [86, 41], [68, 42], [84, 30], [1, 40], [14, 46], [32, 23], [21, 77], [11, 61], [22, 68], [79, 85], [58, 9], [22, 59], [6, 94], [5, 4], [23, 49], [41, 98], [28, 11], [25, 6], [47, 90], [96, 41], [62, 72], [41, 99], [68, 75], [58, 85], [96, 2], [74, 66], [83, 77], [91, 56], [88, 66], [14, 5], [57, 81], [45, 65], [17, 73], [47, 62], [51, 78], [19, 80], [63, 50], [93, 23], [73, 81], [71, 66], [26, 64], [92, 92], [71, 16], [5, 91], [21, 68], [6, 12], [75, 56], [43, 80], [57, 96], [94, 72], [80, 66], [72, 75], [19, 27], [0, 51], [63, 60], [37, 68], [18, 78], [32, 36], [67, 39], [6, 61], [97, 72], [38, 72], [76, 80], [92, 88], [72, 84], [13, 27], [77, 80], [53, 87], [5, 80], [46, 78], [90, 31], [96, 40], [27, 62], [49, 60], [53, 16], [11, 72], [41, 80], [98, 40], [53, 59], [23, 60], [14, 63], [10, 36], [84, 31], [97, 99], [65, 26], [73, 66], [55, 38], [26, 85], [47, 77], [34, 22], [15, 76], [86, 73], [58, 21], [63, 84], [85, 35], [46, 77], [51, 23], [73, 30], [12, 14], [80, 8], [31, 17], [36, 80], [73, 91], [82, 67], [18, 7], [0, 67], [7, 52], [70, 47], [49, 82], [59, 76], [56, 52], [29, 70], [74, 32], [19, 88], [76, 71], [52, 69], [60, 29], [26, 89], [16, 71], [35, 86], [39, 90], [2, 88], [96, 92], [96, 69], [45, 53], [70, 12], [79, 90], [23, 10], [51, 31], [52, 10], [69, 38], [16, 79], [80, 24], [57, 87], [20, 64], [67, 37], [53, 37], [79, 52], [93, 41], [83, 33], [97, 53], [64, 68], [72, 35], [4, 77], [64, 66], [14, 52], [55, 99], [44, 46], [25, 57], [33, 32], [50, 30], [3, 65], [71, 67], [42, 82], [51, 58], [56, 16], [10, 68], [56, 69], [9, 55], [25, 11], [70, 40], [33, 38], [79, 31], [9, 49], [4, 44], [80, 88], [65, 74], [10, 14], [86, 69], [20, 25], [63, 94], [64, 52], [60, 91], [16, 65], [53, 48], [54, 13], [73, 70], [53, 72], [14, 68], [61, 28], [29, 29], [7, 27], [56, 57], [3, 58], [45, 64], [36, 91], [52, 82], [67, 73], [59, 93], [11, 46], [18, 67], [72, 40], [53, 83], [63, 67], [59, 47], [73, 75], [27, 27], [39, 64], [69, 52], [92, 64], [11, 38], [36, 4], [75, 9], [18, 3], [73, 65], [15, 45], [78, 65], [80, 19], [37, 41], [3, 55], [54, 5], [87, 35], [56, 62], [23, 65], [11, 88], [33, 55], [29, 73], [47, 0], [50, 95], [76, 28], [55, 0], [57, 72], [73, 76], [98, 36], [98, 39], [8, 82], [2, 42], [39, 47], [76, 72], [0, 53], [69, 91], [59, 48], [60, 17], [27, 67], [4, 76], [11, 65], [37, 65], [59, 96], [45, 62], [94, 51], [63, 76], [77, 77], [17, 96], [0, 92], [5, 68], [9, 18], [31, 3], [38, 63], [27, 8], [98, 2], [82, 22], [35, 37], [11, 5], [23, 70], [17, 53], [38, 19], [69, 32], [49, 90], [50, 80], [48, 65], [80, 85], [87, 83], [22, 51], [75, 96], [90, 50], [82, 66], [10, 79], [42, 85], [53, 20], [20, 95], [97, 7], [6, 10], [16, 82], [59, 57], [82, 56], [59, 25], [75, 91], [12, 23], [49, 62], [49, 12], [78, 84], [76, 64], [7, 57], [34, 57], [44, 65], [83, 41], [53, 65], [10, 89], [18, 77], [16, 53], [52, 66], [64, 28], [90, 62], [11, 79], [64, 11], [41, 78], [61, 84], [11, 62], [78, 92], [44, 80], [96, 42], [24, 53], [11, 27], [59, 75], [47, 34], [90, 42], [39, 71], [57, 29], [86, 70], [11, 53], [76, 25], [50, 84], [40, 53], [78, 21], [60, 47], [89, 19], [48, 46], [1, 26], [96, 71], [1, 79], [10, 69], [94, 94], [72, 43], [14, 72], [74, 21], [50, 81], [45, 1], [74, 27], [25, 46], [33, 20], [73, 55], [6, 58], [32, 17], [69, 30], [93, 59], [62, 26], [80, 52], [73, 60], [84, 91], [91, 60], [18, 21], [49, 81], [81, 10], [44, 42], [13, 24], [44, 47], [46, 65], [73, 78], [71, 39], [60, 31], [95, 79], [71, 21], [95, 40], [80, 31], [96, 5], [22, 71], [97, 51], [94, 44], [99, 18], [18, 65], [40, 54], [21, 59], [69, 75], [77, 32], [34, 66], [68, 26], [48, 59], [14, 71], [74, 81], [20, 41], [41, 82], [40, 60], [89, 37], [56, 84], [32, 64], [80, 57], [24, 81], [71, 18], [82, 26], [11, 26], [43, 64], [91, 67], [50, 46], [74, 75], [18, 88], [92, 7], [12, 3], [90, 84], [85, 33], [20, 70], [80, 4], [62, 84], [19, 12], [19, 63], [49, 67], [24, 70], [65, 45], [19, 76], [63, 31], [57, 24], [40, 15], [41, 17], [93, 61], [79, 53], [44, 14], [69, 90], [78, 53], [32, 86], [15, 59], [0, 12], [52, 28], [7, 46], [26, 88], [22, 88], [13, 52], [42, 79], [87, 49], [96, 88], [53, 94], [69, 47], [81, 73], [93, 47], [82, 86], [30, 67], [41, 81], [53, 85], [34, 70], [68, 35], [87, 69], [15, 12], [38, 9], [4, 91], [84, 42], [74, 40], [6, 52], [98, 12], [93, 95], [58, 48], [29, 74], [41, 59], [22, 93], [16, 52], [44, 50], [37, 8], [81, 77], [52, 81], [1, 59], [32, 66], [24, 91], [46, 2], [89, 4], [44, 56], [79, 75], [12, 55], [29, 24], [47, 30], [98, 43], [32, 79], [38, 13], [87, 91], [24, 73], [32, 33], [80, 44], [97, 12], [82, 48], [61, 41], [98, 93], [56, 8], [39, 18], [78, 6], [12, 60], [60, 78], [61, 50], [46, 53], [98, 38], [60, 2], [77, 14], [2, 64], [87, 86], [12, 48], [76, 8], [22, 69], [28, 27], [94, 30], [31, 32], [62, 53], [87, 82], [14, 26], [16, 86], [36, 48], [79, 74], [74, 37], [79, 33], [20, 81], [19, 39], [77, 79], [38, 20], [10, 58], [30, 72], [88, 89], [59, 44], [25, 35], [54, 60], [63, 99], [7, 56], [67, 71], [27, 84], [39, 15], [41, 26], [29, 11], [21, 86], [54, 84], [25, 41], [7, 4], [13, 60], [8, 81], [13, 69], [62, 40], [86, 78], [78, 90], [3, 53], [1, 67], [72, 29], [58, 39], [36, 69], [92, 54], [32, 56], [94, 64], [22, 33], [21, 55], [30, 4], [14, 83], [93, 84], [25, 75], [38, 80], [32, 21], [3, 71], [35, 52], [6, 46], [99, 17], [78, 17], [75, 21], [59, 26], [53, 69], [54, 55], [11, 64], [55, 37], [9, 63], [25, 60], [45, 2], [42, 46], [26, 32], [54, 90], [46, 51], [57, 92], [27, 72], [64, 76], [80, 78], [89, 23], [69, 67], [58, 95], [92, 82], [40, 58], [12, 38], [78, 66], [56, 64], [37, 78], [55, 52], [35, 88], [39, 40], [65, 19], [84, 7], [95, 50], [13, 8], [6, 66], [24, 60], [73, 41], [83, 45], [46, 8], [15, 49], [42, 75], [88, 65], [32, 57], [69, 81], [50, 68], [39, 26], [92, 61], [83, 6], [48, 36], [83, 23], [76, 73], [9, 57], [54, 50], [75, 10], [26, 55], [19, 84], [55, 24], [55, 47], [27, 99], [58, 84], [35, 60], [26, 63], [40, 2], [75, 29], [43, 61], [73, 73], [60, 61], [37, 11], [94, 22], [60, 71], [10, 45], [78, 29], [29, 13], [63, 35], [43, 10], [30, 85], [23, 85], [9, 95], [86, 57], [6, 73], [0, 30], [57, 13], [95, 43], [54, 99], [9, 75], [38, 64], [28, 57], [86, 31], [96, 51], [88, 78], [38, 60], [52, 84], [34, 56], [45, 14], [1, 96], [55, 88], [54, 96], [92, 79], [59, 45], [76, 42], [85, 78], [92, 85], [12, 70], [78, 89], [92, 43], [31, 83], [3, 19], [56, 13], [28, 66], [73, 79], [57, 36], [91, 32], [5, 82], [33, 22], [43, 22], [22, 42], [77, 12], [35, 21], [63, 4], [12, 57], [23, 14], [46, 17], [42, 52], [65, 7], [90, 19], [82, 75], [72, 31], [16, 47], [32, 53], [40, 63], [57, 52], [58, 93], [16, 26], [9, 59], [40, 39], [72, 90], [67, 75], [48, 57], [18, 51], [21, 62], [43, 69], [20, 48], [58, 73], [84, 2], [67, 23], [9, 33], [37, 87], [4, 68], [90, 69], [74, 26], [12, 62], [76, 41], [67, 44], [11, 22], [18, 35], [88, 75], [18, 63], [53, 71], [36, 87], [26, 53], [93, 73], [67, 29], [37, 64], [95, 26], [44, 61], [85, 99], [28, 80], [48, 24], [42, 62], [47, 59], [15, 56], [28, 73], [88, 42], [89, 36], [50, 90], [70, 67], [31, 72], [44, 40], [67, 91], [22, 36], [1, 51], [14, 51], [34, 89], [84, 34], [13, 53], [43, 92], [73, 20], [63, 64], [70, 65], [10, 73], [36, 19], [36, 9], [2, 47], [36, 86], [54, 86], [89, 5], [55, 17], [62, 23], [45, 35], [73, 62], [86, 47], [67, 84], [32, 41], [29, 1], [81, 39], [76, 78], [85, 4], [15, 71], [69, 18], [83, 90], [3, 54], [65, 80], [28, 76], [42, 78], [93, 24], [49, 52], [25, 71], [30, 14], [45, 54], [67, 74], [79, 87], [48, 81], [90, 49], [19, 64], [27, 29], [81, 78], [37, 69], [62, 69], [37, 62], [60, 83], [8, 21], [90, 30], [11, 47], [87, 66], [77, 83], [26, 93], [22, 14], [20, 67], [32, 40], [91, 42], [46, 63], [66, 69], [69, 76], [70, 78], [80, 87], [74, 34], [54, 67], [48, 20], [71, 74], [57, 51], [22, 47], [45, 66], [30, 18], [74, 70], [54, 85], [30, 59], [61, 54], [52, 92], [22, 38], [25, 65], [73, 86], [3, 30], [50, 58], [80, 53], [65, 75], [93, 62], [59, 46], [44, 95], [50, 66], [88, 3], [26, 37], [51, 83], [31, 89], [4, 82], [29, 25], [36, 81], [17, 51], [25, 32], [68, 81], [24, 75], [89, 14], [60, 53], [82, 82], [89, 43], [33, 17], [8, 43], [60, 48], [23, 12], [5, 30], [52, 76], [96, 25], [76, 22], [25, 50], [13, 74], [78, 37], [57, 12], [46, 68], [20, 68], [33, 33], [69, 7], [62, 34], [34, 76], [18, 61], [38, 10], [63, 66], [98, 42], [3, 7], [49, 68], [63, 25], [59, 21], [58, 96], [27, 50], [63, 57], [73, 82], [48, 5], [2, 91], [9, 93], [0, 24], [41, 22], [80, 42]]}