{"meta": {"number_of_robots": 251, "description": {"parameters": {"seed": 9920, "shape": [20, 20], "obstacles": {"n": 10, "mean": 3, "std": 1.5}, "clusters": {"n": 10, "mean": 40, "std": 20.0, "relative_radius": 2, "increase_factor": 1.3, "start_dist": {"generator_name": "Image", "shape": [20, 20], "min": 13.0, "max": 213.0, "mean": 49.8375, "std": 34.392747691192106, "dtype": "uint64", "parameters": {"image": "galaxy_cluster2.png", "transformer": {"name": "ColorChannelSelector", "channel": "v", "inverted": false}}}, "target_dist": {"generator_name": "Image", "shape": [20, 20], "min": 42.0, "max": 242.0, "mean": 205.1625, "std": 34.392747691192106, "dtype": "uint64", "parameters": {"image": "galaxy_cluster2.png", "transformer": {"name": "ColorChannelSelector", "channel": "v", "inverted": true}}}}, "density": 0.75, "start_dist": {"generator_name": "Image", "shape": [20, 20], "min": 13.0, "max": 213.0, "mean": 49.8375, "std": 34.392747691192106, "dtype": "uint64", "parameters": {"image": "galaxy_cluster2.png", "transformer": {"name": "ColorChannelSelector", "channel": "v", "inverted": false}}}, "target_dist": {"generator_name": "Image", "shape": [20, 20], "min": 42.0, "max": 242.0, "mean": 205.1625, "std": 34.392747691192106, "dtype": "uint64", "parameters": {"image": "galaxy_cluster2.png", "transformer": {"name": "ColorChannelSelector", "channel": "v", "inverted": true}}}}, "stats": {"date": "2020-11-17", "free_area": 334.0, "number_of_clustered_robots": 251, "number_of_robots": 251}}}, "name": "galaxy_cluster2_00002_20x20_75_251", "obstacles": [[2, 4], [2, 5], [3, 4], [3, 5], [7, 5], [7, 6], [7, 9], [7, 14], [7, 15], [7, 16], [8, 2], [8, 3], [8, 9], [8, 14], [8, 16], [9, 2], [9, 3], [9, 13], [9, 17], [10, 2], [10, 3], [10, 13], [10, 17], [11, 13], [11, 16], [12, 13], [12, 14], [12, 15], [12, 16], [13, 4], [13, 5], [13, 6], [13, 7], [14, 4], [14, 8], [14, 9], [14, 10], [14, 11], [15, 4], [15, 5], [15, 6], [15, 7], [15, 11], [16, 8], [16, 9], [16, 10], [16, 11], [18, 0], [18, 1], [18, 2], [18, 3]], "starts": [[1, 4], [12, 12], [11, 11], [4, 15], [3, 12], [8, 5], [10, 19], [11, 5], [19, 13], [3, 13], [12, 10], [7, 3], [14, 18], [5, 12], [5, 9], [1, 13], [6, 9], [11, 17], [9, 5], [18, 17], [6, 12], [6, 11], [12, 11], [13, 16], [12, 6], [1, 9], [4, 13], [15, 16], [8, 13], [9, 12], [13, 13], [7, 10], [5, 13], [11, 7], [13, 18], [11, 10], [9, 18], [2, 15], [19, 18], [0, 8], [4, 12], [7, 12], [15, 15], [4, 11], [6, 5], [6, 7], [1, 14], [2, 12], [10, 12], [3, 15], [19, 12], [6, 15], [3, 19], [4, 14], [5, 11], [17, 18], [10, 11], [16, 14], [4, 10], [5, 16], [2, 13], [11, 8], [15, 18], [1, 5], [12, 7], [8, 18], [6, 8], [5, 14], [6, 3], [14, 16], [3, 10], [19, 16], [9, 19], [0, 14], [2, 18], [19, 8], [13, 8], [15, 17], [5, 10], [3, 14], [16, 6], [14, 15], [13, 14], [6, 13], [1, 10], [12, 1], [8, 12], [2, 6], [18, 12], [7, 18], [0, 18], [12, 5], [2, 7], [10, 9], [5, 15], [18, 10], [11, 19], [2, 14], [5, 17], [3, 9], [14, 13], [18, 11], [6, 6], [7, 17], [8, 19], [10, 10], [8, 10], [16, 12], [19, 14], [10, 6], [4, 18], [0, 10], [12, 18], [2, 10], [13, 1], [13, 11], [15, 12], [10, 5], [8, 6], [17, 13], [0, 11], [1, 7], [14, 1], [17, 10], [2, 19], [1, 11], [11, 18], [7, 11], [9, 11], [14, 14], [2, 9], [5, 7], [11, 12], [18, 8], [8, 11], [2, 2], [16, 16], [3, 18], [3, 17], [19, 17], [14, 17], [5, 5], [7, 13], [1, 6], [14, 12], [1, 19], [18, 9], [4, 16], [3, 11], [12, 0], [19, 15], [7, 19], [4, 4], [0, 12], [18, 13], [1, 17], [2, 0], [18, 16], [16, 13], [13, 15], [1, 15], [8, 17], [3, 7], [6, 16], [0, 13], [17, 14], [15, 14], [3, 16], [6, 10], [2, 16], [1, 16], [9, 9], [12, 17], [0, 2], [9, 8], [9, 10], [8, 8], [15, 13], [11, 6], [13, 9], [13, 12], [5, 3], [10, 18], [4, 9], [9, 7], [18, 15], [4, 17], [11, 2], [19, 10], [8, 7], [12, 19], [16, 18], [1, 12], [7, 8], [12, 9], [16, 17], [19, 6], [6, 17], [5, 18], [14, 19], [6, 14], [11, 3], [17, 15], [0, 9], [0, 16], [17, 16], [2, 17], [2, 8], [3, 1], [10, 7], [11, 9], [16, 7], [9, 6], [5, 19], [0, 17], [8, 4], [12, 4], [17, 12], [16, 19], [13, 17], [3, 8], [2, 11], [2, 1], [12, 8], [17, 7], [0, 4], [4, 5], [6, 18], [5, 6], [4, 19], [13, 10], [10, 4], [7, 7], [7, 4], [10, 8], [17, 9], [4, 7], [0, 15], [4, 8], [5, 0], [18, 18], [6, 19], [17, 17], [1, 18], [5, 4], [3, 6], [5, 1], [17, 11], [5, 8], [1, 8], [17, 6]], "targets": [[1, 11], [0, 13], [17, 16], [6, 4], [0, 9], [15, 12], [18, 15], [8, 12], [6, 16], [17, 1], [19, 13], [14, 18], [4, 15], [13, 11], [14, 12], [6, 17], [2, 8], [17, 9], [12, 10], [8, 7], [4, 8], [9, 19], [19, 16], [15, 14], [5, 17], [1, 8], [1, 12], [1, 7], [15, 19], [0, 6], [13, 14], [12, 8], [5, 11], [12, 18], [7, 12], [7, 4], [17, 19], [3, 2], [11, 12], [13, 9], [5, 14], [3, 18], [9, 9], [11, 11], [4, 6], [7, 0], [18, 14], [5, 10], [6, 14], [0, 4], [19, 9], [17, 11], [5, 16], [16, 1], [8, 5], [0, 19], [2, 12], [18, 8], [16, 7], [8, 11], [7, 10], [10, 9], [4, 16], [11, 10], [6, 19], [3, 16], [17, 17], [12, 19], [9, 5], [15, 15], [8, 6], [3, 6], [8, 17], [17, 6], [8, 8], [17, 7], [5, 15], [1, 13], [1, 5], [0, 12], [4, 11], [9, 10], [16, 3], [11, 17], [4, 17], [2, 17], [0, 11], [9, 8], [19, 18], [12, 7], [19, 7], [2, 7], [5, 8], [4, 19], [0, 10], [18, 7], [6, 18], [5, 1], [18, 4], [11, 19], [1, 15], [9, 11], [2, 6], [18, 6], [16, 12], [4, 13], [8, 13], [5, 13], [19, 14], [15, 16], [6, 13], [1, 10], [6, 12], [16, 16], [16, 14], [4, 10], [16, 17], [10, 7], [3, 12], [17, 8], [10, 8], [7, 7], [8, 18], [6, 5], [10, 6], [19, 5], [18, 19], [17, 15], [13, 8], [4, 5], [3, 7], [6, 15], [2, 14], [13, 16], [19, 4], [7, 17], [2, 15], [12, 12], [4, 9], [13, 18], [2, 3], [3, 3], [19, 6], [1, 18], [3, 17], [5, 12], [19, 12], [4, 7], [19, 3], [1, 19], [8, 10], [13, 13], [1, 2], [16, 15], [10, 10], [0, 8], [16, 6], [7, 18], [3, 9], [13, 12], [14, 3], [18, 9], [1, 3], [3, 1], [14, 14], [6, 7], [14, 19], [12, 11], [14, 15], [11, 5], [9, 6], [2, 11], [16, 19], [0, 7], [1, 6], [8, 19], [18, 17], [17, 12], [5, 7], [6, 8], [6, 9], [8, 1], [7, 8], [3, 11], [3, 10], [18, 13], [10, 4], [14, 13], [7, 19], [6, 3], [16, 13], [19, 10], [0, 3], [15, 3], [13, 19], [2, 16], [9, 18], [5, 5], [16, 18], [0, 5], [16, 5], [2, 9], [1, 16], [18, 11], [5, 2], [10, 18], [14, 17], [4, 3], [3, 13], [3, 8], [5, 9], [13, 10], [15, 13], [10, 5], [10, 11], [2, 2], [2, 18], [6, 6], [18, 16], [9, 4], [11, 7], [12, 5], [6, 11], [4, 14], [11, 9], [6, 2], [5, 6], [3, 14], [13, 15], [19, 19], [18, 12], [5, 19], [2, 13], [8, 4], [1, 14], [10, 19], [17, 5], [18, 10], [0, 16], [0, 17], [0, 14], [12, 6], [15, 18], [19, 15], [4, 0], [11, 3], [5, 18], [7, 13], [7, 3], [19, 1], [17, 13]]}