{"meta": {"number_of_robots": 860, "description": {"parameters": {"seed": 1969, "shape": [50, 50], "obstacles": {"n": 10, "mean": 10, "std": 5.0}, "clusters": {"n": 5, "mean": 20, "std": 10.0, "relative_radius": 2, "increase_factor": 1.3, "start_dist": {"generator_name": "Image", "shape": [50, 50], "min": 7.0, "max": 247.0, "mean": 204.5808, "std": 40.22294210223812, "dtype": "uint64", "parameters": {"image": "galaxy_cluster2.png", "transformer": {"name": "ColorChannelSelector", "channel": "v", "inverted": true}}}, "target_dist": {"generator_name": "Image", "shape": [50, 50], "min": 8.0, "max": 248.0, "mean": 50.4192, "std": 40.22294210223812, "dtype": "uint64", "parameters": {"image": "galaxy_cluster2.png", "transformer": {"name": "ColorChannelSelector", "channel": "v", "inverted": false}}}}, "density": 0.5, "start_dist": {"generator_name": "Image", "shape": [50, 50], "min": 7.0, "max": 247.0, "mean": 204.5808, "std": 40.22294210223812, "dtype": "uint64", "parameters": {"image": "galaxy_cluster2.png", "transformer": {"name": "ColorChannelSelector", "channel": "v", "inverted": true}}}, "target_dist": {"generator_name": "Image", "shape": [50, 50], "min": 8.0, "max": 248.0, "mean": 50.4192, "std": 40.22294210223812, "dtype": "uint64", "parameters": {"image": "galaxy_cluster2.png", "transformer": {"name": "ColorChannelSelector", "channel": "v", "inverted": false}}}}, "stats": {"date": "2020-11-17", "free_area": 1719.0, "number_of_clustered_robots": 124, "number_of_robots": 860}}}, "name": "galaxy_cluster2_00005_50x50_50_860", "obstacles": [[4, 12], [4, 13], [4, 14], [4, 15], [4, 16], [4, 17], [4, 18], [4, 19], [4, 20], [4, 21], [4, 22], [4, 23], [4, 24], [5, 12], [5, 24], [6, 12], [6, 24], [7, 12], [7, 24], [7, 35], [7, 36], [7, 37], [7, 38], [7, 39], [7, 40], [7, 41], [7, 42], [7, 43], [7, 44], [7, 45], [8, 12], [8, 24], [8, 35], [8, 45], [9, 12], [9, 24], [9, 35], [9, 45], [10, 12], [10, 24], [10, 35], [10, 45], [11, 12], [11, 24], [11, 35], [11, 45], [12, 12], [12, 24], [12, 35], [12, 45], [13, 12], [13, 13], [13, 14], [13, 15], [13, 16], [13, 17], [13, 18], [13, 19], [13, 20], [13, 21], [13, 22], [13, 23], [13, 24], [13, 35], [13, 45], [14, 35], [14, 45], [15, 35], [15, 45], [16, 35], [16, 45], [17, 35], [17, 45], [18, 35], [18, 45], [19, 19], [19, 20], [19, 21], [19, 22], [19, 23], [19, 24], [19, 25], [19, 26], [19, 27], [19, 28], [19, 29], [19, 35], [19, 45], [20, 19], [20, 29], [20, 35], [20, 36], [20, 37], [20, 38], [20, 39], [20, 40], [20, 41], [20, 42], [20, 43], [20, 44], [20, 45], [21, 19], [21, 29], [22, 19], [22, 29], [23, 19], [23, 29], [24, 19], [24, 29], [24, 40], [24, 41], [24, 42], [24, 43], [24, 44], [24, 45], [24, 46], [24, 47], [24, 48], [25, 19], [25, 29], [25, 40], [25, 48], [26, 14], [26, 15], [26, 16], [26, 17], [26, 18], [26, 30], [26, 31], [26, 32], [26, 33], [26, 34], [26, 35], [26, 36], [26, 37], [26, 38], [26, 39], [26, 48], [27, 19], [27, 48], [28, 19], [28, 48], [29, 19], [29, 48], [30, 19], [30, 48], [31, 18], [31, 31], [31, 32], [31, 33], [31, 34], [31, 35], [31, 36], [31, 37], [31, 38], [31, 39], [31, 48], [32, 18], [32, 30], [32, 40], [32, 48], [33, 18], [33, 31], [33, 40], [33, 48], [34, 18], [34, 31], [34, 40], [34, 48], [35, 18], [35, 31], [35, 40], [35, 48], [36, 18], [36, 31], [36, 40], [36, 48], [37, 18], [37, 19], [37, 31], [37, 40], [37, 48], [38, 20], [38, 31], [38, 40], [38, 41], [38, 42], [38, 43], [38, 44], [38, 45], [38, 46], [38, 47], [38, 48], [39, 20], [39, 31], [40, 20], [40, 31], [41, 20], [41, 31], [42, 20], [42, 30], [43, 20], [43, 21], [43, 22], [43, 23], [43, 24], [43, 25], [43, 26], [43, 27], [43, 28], [43, 29], [43, 30]], "starts": [[14, 3], [10, 1], [39, 5], [6, 4], [0, 10], [9, 0], [42, 1], [7, 10], [16, 2], [4, 11], [34, 6], [2, 8], [7, 5], [9, 7], [17, 5], [33, 13], [2, 9], [6, 1], [33, 11], [1, 8], [16, 3], [1, 5], [7, 1], [38, 11], [7, 7], [9, 3], [12, 9], [36, 9], [0, 1], [5, 2], [14, 5], [43, 12], [10, 3], [13, 7], [2, 5], [37, 7], [0, 7], [4, 1], [13, 9], [35, 6], [10, 4], [14, 7], [0, 6], [39, 1], [3, 6], [1, 4], [17, 10], [31, 11], [10, 5], [6, 6], [11, 0], [17, 6], [32, 2], [2, 3], [3, 0], [35, 11], [11, 3], [13, 2], [3, 5], [12, 7], [42, 9], [5, 8], [10, 9], [21, 4], [38, 8], [2, 1], [4, 8], [38, 2], [2, 7], [13, 4], [11, 1], [11, 6], [5, 0], [42, 12], [2, 6], [14, 11], [36, 10], [4, 9], [5, 1], [11, 2], [9, 4], [34, 2], [19, 10], [8, 2], [34, 1], [4, 2], [0, 2], [9, 2], [8, 0], [20, 7], [43, 5], [5, 5], [40, 9], [5, 6], [10, 0], [14, 9], [0, 9], [41, 13], [14, 6], [2, 0], [18, 10], [37, 12], [7, 8], [1, 1], [6, 9], [43, 11], [13, 0], [8, 1], [18, 9], [31, 9], [6, 7], [0, 8], [11, 9], [15, 7], [31, 2], [5, 7], [12, 6], [37, 2], [4, 7], [7, 4], [15, 9], [11, 10], [34, 13], [7, 6], [23, 34], [46, 27], [46, 11], [35, 37], [36, 2], [9, 9], [44, 43], [48, 14], [6, 2], [23, 11], [1, 16], [46, 29], [49, 39], [49, 17], [36, 3], [41, 5], [43, 1], [3, 3], [46, 16], [17, 0], [39, 18], [48, 2], [18, 32], [2, 44], [35, 14], [4, 47], [1, 24], [3, 49], [41, 32], [1, 32], [25, 17], [47, 32], [10, 8], [39, 6], [27, 12], [22, 48], [38, 39], [46, 30], [35, 5], [1, 23], [25, 16], [39, 46], [31, 16], [3, 27], [1, 28], [43, 42], [4, 45], [4, 3], [2, 28], [3, 8], [43, 8], [35, 7], [3, 14], [34, 12], [4, 38], [0, 22], [4, 34], [14, 19], [12, 47], [47, 26], [40, 0], [5, 32], [46, 13], [47, 34], [17, 13], [40, 3], [12, 1], [18, 23], [3, 43], [23, 13], [21, 11], [46, 24], [44, 7], [4, 10], [0, 39], [45, 38], [22, 49], [41, 2], [38, 19], [46, 21], [45, 20], [43, 36], [42, 42], [6, 34], [41, 47], [0, 41], [10, 2], [14, 4], [22, 8], [20, 1], [47, 33], [5, 45], [31, 7], [2, 38], [47, 7], [46, 17], [2, 48], [46, 38], [48, 24], [10, 26], [6, 0], [26, 6], [20, 31], [1, 9], [8, 25], [38, 6], [48, 12], [9, 46], [42, 15], [44, 3], [18, 28], [30, 11], [38, 49], [28, 6], [45, 19], [19, 2], [40, 49], [12, 3], [28, 7], [49, 36], [33, 39], [30, 4], [5, 47], [36, 1], [16, 1], [14, 8], [3, 16], [25, 12], [22, 6], [37, 5], [13, 3], [6, 30], [39, 34], [18, 30], [22, 14], [47, 10], [8, 49], [19, 48], [35, 0], [12, 28], [44, 27], [27, 1], [19, 9], [27, 3], [25, 36], [45, 7], [15, 27], [33, 34], [21, 9], [27, 49], [48, 47], [25, 9], [49, 43], [27, 10], [10, 11], [47, 28], [0, 32], [34, 11], [47, 29], [37, 16], [22, 37], [39, 10], [44, 0], [17, 30], [40, 1], [0, 18], [37, 38], [39, 0], [21, 18], [18, 17], [40, 13], [47, 24], [7, 0], [34, 8], [2, 14], [7, 2], [16, 10], [39, 49], [24, 6], [0, 24], [2, 37], [24, 3], [49, 5], [38, 12], [17, 1], [42, 5], [2, 15], [2, 18], [14, 26], [1, 6], [17, 24], [39, 2], [15, 32], [22, 5], [48, 6], [47, 35], [13, 33], [47, 40], [25, 35], [47, 13], [13, 5], [49, 6], [44, 38], [43, 37], [48, 23], [21, 47], [45, 47], [42, 39], [1, 14], [48, 46], [49, 22], [47, 1], [13, 27], [42, 4], [10, 47], [34, 49], [41, 8], [23, 10], [38, 32], [21, 17], [8, 48], [0, 33], [46, 39], [2, 29], [18, 4], [43, 3], [49, 27], [16, 4], [44, 41], [40, 18], [44, 25], [48, 45], [1, 29], [16, 30], [36, 6], [25, 4], [3, 40], [3, 45], [0, 21], [3, 2], [22, 7], [18, 22], [1, 31], [21, 44], [36, 12], [33, 7], [43, 4], [7, 49], [23, 49], [47, 0], [4, 42], [45, 1], [42, 11], [4, 39], [17, 49], [33, 38], [10, 48], [4, 6], [47, 4], [41, 34], [47, 14], [9, 6], [23, 5], [3, 42], [14, 21], [38, 38], [2, 27], [25, 7], [14, 10], [15, 17], [2, 42], [46, 47], [3, 31], [27, 4], [43, 0], [26, 12], [0, 5], [43, 6], [2, 40], [0, 34], [19, 30], [33, 6], [44, 32], [16, 18], [17, 23], [3, 44], [36, 7], [24, 0], [21, 14], [41, 18], [10, 10], [1, 48], [32, 4], [41, 33], [43, 46], [4, 0], [47, 43], [39, 7], [22, 4], [5, 46], [11, 47], [46, 45], [8, 5], [40, 44], [19, 14], [35, 2], [25, 38], [13, 48], [13, 10], [22, 36], [18, 19], [3, 15], [8, 9], [16, 24], [18, 25], [47, 6], [41, 19], [14, 1], [17, 26], [36, 14], [41, 35], [22, 16], [46, 22], [27, 14], [28, 0], [24, 15], [9, 48], [47, 31], [44, 47], [44, 18], [3, 38], [13, 30], [0, 47], [20, 46], [31, 10], [23, 37], [0, 13], [5, 34], [12, 29], [16, 11], [5, 39], [11, 48], [22, 3], [44, 13], [41, 4], [0, 49], [5, 27], [45, 4], [44, 40], [1, 37], [2, 16], [48, 19], [24, 9], [3, 1], [10, 28], [21, 43], [6, 43], [41, 16], [1, 42], [45, 26], [15, 29], [19, 18], [1, 3], [29, 8], [36, 32], [23, 16], [20, 10], [12, 48], [6, 35], [2, 47], [47, 47], [41, 45], [29, 18], [45, 14], [3, 9], [18, 31], [32, 12], [45, 22], [48, 1], [46, 8], [29, 11], [46, 43], [44, 16], [14, 14], [18, 26], [20, 48], [1, 2], [14, 28], [12, 4], [48, 27], [37, 33], [27, 9], [4, 44], [40, 43], [20, 0], [21, 13], [1, 26], [21, 49], [16, 46], [27, 17], [16, 8], [7, 11], [48, 32], [26, 8], [16, 7], [2, 22], [43, 13], [25, 37], [39, 41], [35, 33], [35, 12], [9, 5], [15, 25], [10, 49], [22, 46], [38, 34], [1, 39], [25, 32], [14, 20], [43, 48], [19, 0], [26, 13], [32, 32], [21, 48], [17, 46], [45, 16], [48, 22], [41, 37], [42, 49], [44, 19], [24, 12], [32, 34], [47, 41], [19, 7], [37, 32], [18, 34], [37, 37], [7, 28], [3, 46], [1, 46], [16, 14], [34, 35], [28, 9], [2, 39], [14, 22], [13, 47], [46, 7], [31, 17], [47, 46], [0, 20], [18, 7], [48, 13], [19, 49], [27, 16], [35, 3], [0, 43], [22, 17], [19, 8], [18, 5], [20, 17], [22, 42], [48, 43], [32, 11], [39, 43], [18, 12], [0, 42], [45, 29], [2, 43], [25, 6], [0, 0], [16, 19], [14, 12], [37, 49], [16, 47], [15, 2], [3, 28], [44, 46], [44, 5], [20, 47], [40, 38], [9, 27], [24, 34], [39, 8], [46, 41], [1, 17], [19, 1], [25, 18], [42, 3], [46, 4], [3, 32], [42, 46], [49, 31], [29, 3], [0, 45], [32, 7], [34, 4], [23, 18], [6, 8], [37, 4], [29, 2], [38, 0], [39, 17], [8, 27], [4, 49], [41, 46], [37, 10], [45, 11], [43, 33], [44, 29], [33, 33], [11, 8], [22, 13], [6, 42], [49, 1], [5, 48], [44, 9], [30, 18], [15, 48], [17, 22], [32, 31], [1, 15], [14, 0], [23, 6], [40, 32], [48, 48], [9, 49], [22, 33], [11, 46], [2, 17], [39, 11], [21, 16], [45, 31], [44, 14], [21, 34], [17, 14], [34, 7], [40, 8], [32, 33], [42, 19], [19, 13], [35, 4], [30, 1], [16, 23], [47, 16], [0, 26], [23, 33], [20, 15], [34, 15], [46, 28], [23, 35], [18, 16], [24, 36], [21, 15], [41, 49], [4, 27], [47, 9], [48, 26], [29, 6], [22, 15], [14, 33], [20, 5], [27, 2], [23, 39], [15, 28], [3, 34], [5, 41], [11, 28], [18, 48], [5, 9], [36, 49], [33, 2], [6, 49], [10, 7], [46, 3], [44, 42], [48, 39], [46, 6], [49, 46], [19, 3], [45, 9], [23, 40], [17, 4], [42, 32], [45, 5], [18, 33], [3, 17], [21, 3], [25, 5], [48, 41], [27, 11], [5, 28], [46, 36], [40, 36], [15, 24], [25, 34], [43, 16], [44, 30], [17, 16], [2, 31], [5, 4], [14, 47], [12, 8], [49, 10], [49, 15], [46, 15], [43, 47], [18, 13], [30, 10], [0, 23], [17, 29], [8, 4], [35, 39], [43, 40], [34, 34], [43, 7], [16, 26], [34, 17], [13, 11], [18, 6], [34, 9], [48, 8], [32, 5], [3, 12], [15, 14], [48, 44], [26, 3], [24, 39], [4, 28], [15, 0], [16, 15], [25, 33], [35, 1], [23, 45], [45, 33], [21, 45], [30, 16], [42, 38], [3, 22], [25, 1], [28, 15], [41, 6], [1, 10], [5, 42], [45, 36], [4, 5], [35, 10], [17, 9], [47, 21], [47, 30], [46, 49], [21, 35], [22, 47], [48, 37], [4, 33], [39, 32], [38, 1], [44, 12], [40, 47], [33, 4], [44, 36], [22, 18], [39, 9], [45, 13], [41, 7], [23, 47], [1, 41], [15, 12], [49, 32], [36, 4], [40, 4], [40, 45], [42, 2], [27, 8], [31, 1], [24, 11], [1, 30], [18, 15], [30, 6], [48, 10], [32, 1], [49, 19], [26, 4], [39, 19], [17, 31], [26, 9], [49, 29], [47, 36], [47, 2], [30, 7], [29, 0], [46, 48], [17, 8], [48, 30], [29, 17], [3, 36], [11, 7], [37, 15], [22, 41], [14, 34], [15, 31], [49, 37], [23, 46], [3, 23], [42, 10], [17, 20], [45, 23], [40, 48], [20, 11], [23, 1], [45, 12], [42, 44], [45, 15], [21, 5], [1, 35], [44, 22], [19, 12], [44, 15], [39, 12], [17, 34], [26, 1], [12, 30], [45, 43], [40, 35], [42, 48], [21, 37], [0, 48], [47, 3], [15, 5], [6, 46], [49, 41], [39, 44], [46, 32], [4, 30], [47, 38], [29, 9], [36, 35]], "targets": [[29, 9], [17, 9], [5, 39], [20, 30], [15, 27], [15, 17], [4, 36], [14, 19], [35, 10], [14, 17], [0, 29], [22, 30], [17, 16], [13, 26], [36, 11], [5, 31], [14, 27], [15, 28], [4, 28], [17, 30], [31, 6], [19, 15], [16, 16], [6, 35], [24, 16], [11, 29], [35, 8], [3, 36], [22, 33], [10, 27], [20, 13], [2, 29], [16, 20], [30, 12], [18, 27], [4, 29], [18, 29], [21, 15], [33, 4], [6, 29], [22, 15], [15, 16], [18, 26], [6, 30], [17, 28], [11, 27], [31, 11], [3, 28], [17, 18], [18, 15], [15, 26], [34, 7], [6, 37], [19, 32], [16, 17], [5, 28], [14, 28], [31, 7], [12, 28], [15, 14], [5, 34], [20, 31], [10, 29], [36, 7], [1, 28], [16, 21], [20, 18], [3, 30], [21, 32], [16, 9], [13, 29], [34, 9], [12, 25], [5, 32], [17, 17], [29, 7], [4, 35], [24, 31], [18, 19], [14, 15], [17, 29], [6, 31], [31, 5], [10, 25], [6, 36], [23, 31], [18, 17], [19, 9], [21, 17], [30, 11], [5, 30], [18, 28], [2, 32], [17, 27], [10, 26], [32, 12], [12, 27], [2, 28], [22, 13], [15, 23], [33, 11], [5, 37], [19, 30], [15, 22], [23, 17], [4, 37], [20, 14], [18, 20], [38, 6], [2, 34], [24, 30], [15, 20], [23, 18], [28, 7], [2, 33], [18, 23], [16, 12], [2, 37], [21, 30], [15, 25], [33, 12], [20, 16], [3, 35], [13, 28], [47, 33], [9, 28], [32, 16], [5, 10], [17, 11], [13, 9], [40, 3], [44, 33], [7, 28], [10, 32], [31, 13], [44, 37], [6, 38], [3, 25], [29, 12], [36, 16], [37, 10], [22, 35], [6, 46], [41, 37], [9, 48], [21, 7], [23, 44], [47, 31], [39, 42], [48, 35], [35, 39], [15, 34], [9, 27], [5, 35], [16, 19], [45, 17], [4, 40], [6, 43], [29, 15], [20, 8], [44, 12], [7, 47], [47, 47], [27, 17], [45, 10], [28, 12], [46, 42], [24, 6], [22, 0], [44, 31], [14, 29], [45, 41], [28, 6], [37, 37], [12, 30], [36, 4], [8, 49], [18, 10], [1, 45], [24, 32], [16, 15], [25, 12], [25, 30], [46, 30], [47, 14], [3, 37], [32, 35], [44, 20], [7, 48], [49, 46], [41, 40], [45, 48], [13, 0], [43, 1], [13, 34], [22, 16], [8, 31], [32, 4], [33, 49], [29, 14], [30, 14], [46, 11], [5, 29], [24, 35], [4, 42], [48, 38], [1, 3], [42, 37], [42, 44], [7, 46], [33, 15], [17, 46], [39, 33], [9, 33], [22, 41], [19, 11], [4, 27], [10, 31], [8, 27], [38, 34], [33, 37], [16, 14], [0, 42], [24, 13], [28, 13], [8, 25], [4, 7], [2, 22], [38, 7], [39, 36], [14, 26], [41, 39], [3, 21], [4, 32], [47, 12], [7, 26], [33, 13], [49, 38], [39, 34], [8, 46], [32, 9], [36, 49], [34, 35], [17, 33], [9, 46], [42, 19], [3, 10], [39, 40], [46, 31], [10, 7], [41, 6], [31, 12], [35, 9], [5, 26], [6, 33], [1, 34], [12, 47], [1, 15], [45, 39], [18, 0], [1, 40], [34, 15], [32, 37], [34, 10], [23, 3], [30, 13], [11, 34], [36, 6], [46, 21], [42, 8], [4, 30], [45, 42], [14, 10], [33, 39], [15, 2], [8, 29], [44, 34], [49, 20], [19, 2], [14, 2], [11, 33], [23, 30], [34, 17], [4, 26], [43, 12], [23, 1], [4, 5], [39, 5], [36, 1], [48, 19], [36, 15], [14, 33], [14, 12], [38, 36], [16, 8], [11, 31], [6, 25], [44, 26], [38, 15], [6, 4], [14, 22], [28, 17], [32, 14], [47, 3], [45, 12], [36, 38], [17, 31], [38, 33], [12, 5], [10, 33], [0, 26], [3, 22], [7, 32], [6, 26], [21, 2], [9, 26], [47, 35], [49, 36], [45, 44], [11, 47], [12, 8], [13, 32], [15, 18], [6, 10], [7, 29], [14, 34], [37, 17], [28, 2], [37, 14], [29, 11], [4, 44], [37, 9], [47, 11], [6, 28], [12, 32], [16, 28], [24, 10], [45, 33], [22, 49], [16, 24], [46, 27], [3, 16], [48, 43], [6, 45], [8, 28], [31, 15], [16, 26], [20, 17], [6, 11], [33, 33], [12, 10], [44, 8], [10, 6], [48, 34], [33, 9], [25, 31], [36, 14], [37, 8], [47, 32], [16, 48], [30, 15], [20, 46], [37, 12], [32, 15], [16, 29], [3, 33], [36, 13], [9, 32], [6, 42], [15, 10], [35, 36], [1, 29], [3, 29], [28, 9], [37, 32], [36, 10], [41, 45], [24, 0], [39, 41], [33, 14], [3, 43], [34, 37], [30, 10], [1, 35], [0, 10], [18, 32], [3, 32], [40, 43], [36, 39], [5, 33], [39, 39], [12, 3], [27, 7], [9, 34], [48, 20], [31, 14], [48, 44], [6, 40], [28, 16], [19, 18], [22, 14], [25, 33], [10, 8], [11, 30], [40, 36], [47, 45], [12, 29], [6, 34], [37, 39], [16, 32], [4, 2], [0, 31], [13, 30], [12, 0], [5, 40], [46, 12], [44, 7], [45, 34], [34, 16], [35, 14], [46, 34], [11, 32], [40, 5], [36, 37], [43, 18], [46, 23], [22, 48], [22, 32], [48, 49], [8, 32], [44, 27], [34, 12], [13, 27], [46, 18], [15, 21], [21, 31], [45, 21], [3, 19], [36, 32], [28, 49], [32, 17], [48, 22], [43, 42], [41, 12], [38, 2], [19, 48], [5, 8], [32, 36], [29, 4], [38, 8], [43, 49], [0, 43], [0, 33], [44, 32], [32, 31], [16, 13], [37, 35], [16, 47], [42, 40], [42, 12], [13, 31], [44, 41], [2, 12], [12, 26], [42, 14], [15, 8], [1, 39], [12, 34], [21, 40], [18, 7], [35, 34], [2, 21], [44, 3], [47, 42], [35, 38], [29, 10], [48, 12], [48, 21], [22, 45], [17, 12], [34, 1], [9, 7], [46, 29], [9, 30], [43, 13], [37, 11], [21, 36], [22, 37], [33, 36], [10, 5], [8, 47], [34, 33], [20, 3], [24, 3], [38, 35], [45, 27], [45, 20], [26, 1], [31, 9], [7, 49], [10, 34], [44, 11], [42, 1], [0, 46], [41, 9], [48, 47], [43, 11], [47, 9], [5, 42], [2, 6], [49, 22], [20, 11], [25, 15], [35, 13], [44, 48], [2, 16], [48, 11], [19, 13], [42, 38], [38, 14], [21, 10], [2, 36], [21, 14], [17, 0], [36, 0], [18, 16], [3, 24], [49, 14], [8, 10], [30, 8], [15, 6], [47, 25], [19, 17], [12, 6], [29, 8], [10, 28], [25, 32], [45, 35], [3, 49], [43, 41], [26, 11], [10, 30], [7, 31], [47, 20], [17, 10], [44, 1], [1, 10], [49, 49], [36, 9], [45, 8], [0, 15], [6, 9], [27, 12], [36, 36], [38, 38], [45, 30], [49, 19], [47, 41], [7, 30], [22, 34], [39, 32], [16, 7], [3, 15], [7, 33], [22, 6], [18, 22], [40, 9], [26, 5], [37, 34], [23, 39], [42, 33], [47, 43], [20, 47], [48, 48], [8, 34], [21, 1], [3, 5], [45, 11], [49, 23], [13, 3], [49, 41], [9, 25], [39, 10], [29, 13], [48, 24], [2, 11], [7, 0], [43, 5], [22, 10], [31, 1], [43, 34], [15, 24], [11, 9], [1, 49], [34, 8], [34, 36], [14, 11], [40, 14], [46, 44], [26, 10], [48, 33], [21, 11], [49, 16], [5, 36], [18, 34], [33, 16], [24, 17], [21, 35], [26, 12], [22, 31], [14, 23], [47, 0], [45, 23], [42, 4], [14, 49], [41, 42], [2, 25], [4, 39], [32, 34], [44, 44], [39, 47], [15, 32], [6, 3], [3, 20], [38, 32], [20, 33], [1, 6], [29, 3], [17, 7], [16, 0], [19, 10], [40, 32], [16, 33], [49, 3], [38, 39], [7, 25], [0, 22], [35, 37], [49, 45], [34, 14], [36, 5], [20, 9], [0, 39], [35, 2], [17, 5], [32, 6], [5, 11], [19, 47], [17, 32], [35, 15], [18, 25], [19, 34], [46, 43], [4, 25], [49, 11], [2, 24], [44, 43], [35, 1], [49, 33], [13, 33], [5, 41], [14, 13], [18, 13], [32, 0], [15, 9], [44, 14], [17, 2], [35, 33], [48, 26], [20, 32], [7, 34], [22, 1], [21, 33], [8, 11], [17, 48], [22, 36], [3, 23], [2, 41], [48, 36], [49, 47], [15, 7], [19, 1], [7, 9], [1, 27], [41, 17], [41, 32], [3, 48], [23, 33], [12, 33], [27, 16], [46, 19], [21, 39], [49, 5], [14, 14], [38, 11], [47, 8], [40, 6], [46, 35], [19, 7], [14, 31], [18, 33], [42, 7], [43, 45], [15, 11], [36, 2], [43, 33], [3, 1], [11, 28], [35, 35], [1, 17], [40, 39], [39, 9], [22, 40], [0, 25], [4, 33], [0, 11], [42, 0], [18, 49], [0, 30], [16, 2], [18, 8], [45, 47], [4, 38], [48, 13], [1, 20], [36, 17], [26, 8], [2, 44], [42, 42], [25, 35], [45, 25], [47, 2], [39, 38], [4, 1], [33, 35], [32, 39], [25, 16], [23, 43], [23, 42], [22, 7], [25, 6], [49, 2], [27, 5], [48, 25], [40, 35], [1, 44], [39, 35], [38, 16], [20, 12], [14, 32], [2, 40], [23, 49], [19, 0], [45, 29], [37, 3], [41, 13], [23, 16], [20, 1], [18, 11], [12, 31], [14, 16], [46, 10], [42, 35], [3, 7], [0, 4], [45, 15], [33, 34], [13, 48], [2, 15], [48, 41], [19, 16], [32, 33], [5, 44], [49, 28], [32, 1], [15, 1], [23, 45], [11, 49], [49, 40], [2, 23], [6, 32], [30, 9], [36, 35], [41, 11], [44, 18], [38, 13], [3, 38], [15, 49], [42, 36], [38, 18], [2, 46], [46, 37], [2, 2], [9, 0], [21, 6], [8, 30], [33, 38], [34, 4], [42, 39], [6, 41], [27, 49], [21, 13], [40, 10], [49, 34], [6, 44], [47, 29], [15, 31], [2, 19], [44, 39], [46, 33], [18, 21], [44, 30], [30, 4], [49, 21], [42, 32], [46, 0], [44, 5], [38, 4], [4, 31], [0, 12], [21, 18], [22, 3], [24, 2], [12, 1], [38, 10], [16, 11], [34, 39], [33, 8], [13, 47], [32, 7], [27, 10], [1, 25], [49, 4], [41, 15], [39, 37], [44, 35], [4, 47], [43, 39], [19, 3], [44, 42], [40, 7], [20, 49], [14, 30], [28, 4], [47, 19], [25, 39], [17, 25], [9, 31], [28, 14], [23, 32], [24, 33], [47, 26], [40, 12], [43, 14], [4, 34], [48, 27], [49, 7], [47, 30], [47, 34], [2, 45]]}