{"meta": {"number_of_robots": 750, "description": {"parameters": {"seed": 5835, "shape": [50, 50], "obstacles": {"n": 0, "mean": 10, "std": 5.0}, "clusters": {"n": 5, "mean": 20, "std": 10.0, "relative_radius": 2, "increase_factor": 1.3, "start_dist": {"generator_name": "Image", "shape": [50, 50], "min": 13.0, "max": 244.0, "mean": 43.9032, "std": 38.60726654089875, "dtype": "uint64", "parameters": {"image": "galaxy_cluster.png", "transformer": {"name": "ColorChannelSelector", "channel": "v", "inverted": false}}}, "target_dist": {"generator_name": "Image", "shape": [50, 50], "min": 11.0, "max": 242.0, "mean": 211.0968, "std": 38.60726654089875, "dtype": "uint64", "parameters": {"image": "galaxy_cluster.png", "transformer": {"name": "ColorChannelSelector", "channel": "v", "inverted": true}}}}, "density": 0.3, "start_dist": {"generator_name": "Image", "shape": [50, 50], "min": 13.0, "max": 244.0, "mean": 43.9032, "std": 38.60726654089875, "dtype": "uint64", "parameters": {"image": "galaxy_cluster.png", "transformer": {"name": "ColorChannelSelector", "channel": "v", "inverted": false}}}, "target_dist": {"generator_name": "Image", "shape": [50, 50], "min": 11.0, "max": 242.0, "mean": 211.0968, "std": 38.60726654089875, "dtype": "uint64", "parameters": {"image": "galaxy_cluster.png", "transformer": {"name": "ColorChannelSelector", "channel": "v", "inverted": true}}}}, "stats": {"date": "2020-11-17", "free_area": 2500.0, "number_of_clustered_robots": 136, "number_of_robots": 750}}}, "name": "galaxy_cluster_00004_50x50_30_750", "obstacles": [], "starts": [[4, 46], [31, 28], [31, 17], [0, 20], [35, 9], [11, 42], [36, 19], [2, 20], [37, 20], [37, 8], [7, 44], [29, 27], [2, 22], [40, 18], [2, 42], [29, 17], [35, 7], [1, 15], [39, 21], [10, 44], [38, 21], [5, 26], [34, 12], [36, 20], [13, 45], [32, 18], [3, 20], [8, 48], [29, 19], [32, 20], [33, 10], [1, 19], [4, 49], [33, 23], [38, 22], [6, 22], [38, 10], [7, 45], [36, 21], [5, 14], [34, 25], [6, 41], [36, 23], [36, 10], [7, 14], [35, 22], [2, 46], [34, 22], [1, 21], [38, 4], [6, 44], [33, 19], [34, 20], [1, 18], [9, 45], [32, 29], [40, 20], [40, 11], [5, 24], [5, 43], [41, 20], [35, 23], [1, 20], [40, 10], [8, 44], [31, 27], [40, 23], [7, 17], [9, 46], [29, 21], [38, 14], [14, 44], [41, 21], [2, 14], [34, 26], [9, 43], [31, 19], [40, 12], [2, 21], [40, 22], [11, 44], [35, 28], [7, 21], [31, 21], [32, 14], [10, 45], [32, 25], [3, 18], [30, 25], [8, 42], [38, 25], [32, 12], [2, 16], [10, 43], [34, 23], [39, 20], [4, 21], [39, 7], [2, 48], [34, 29], [37, 19], [1, 17], [3, 45], [34, 21], [33, 5], [0, 16], [39, 16], [14, 48], [35, 25], [2, 19], [35, 19], [38, 6], [13, 46], [32, 23], [0, 18], [14, 45], [40, 21], [36, 16], [39, 6], [0, 19], [11, 46], [36, 26], [39, 24], [7, 24], [38, 11], [7, 41], [35, 26], [30, 23], [4, 20], [7, 47], [41, 25], [36, 11], [37, 21], [6, 24], [13, 47], [32, 21], [13, 36], [4, 13], [13, 33], [12, 34], [33, 13], [24, 1], [4, 41], [25, 28], [32, 8], [13, 22], [23, 35], [39, 49], [42, 36], [44, 26], [37, 26], [26, 19], [31, 18], [12, 40], [20, 10], [42, 37], [38, 12], [3, 35], [17, 33], [26, 39], [46, 28], [38, 8], [10, 36], [49, 34], [33, 21], [29, 29], [26, 28], [9, 29], [36, 22], [7, 30], [6, 14], [43, 31], [19, 35], [43, 35], [22, 46], [10, 3], [6, 20], [45, 15], [39, 19], [37, 4], [46, 6], [8, 29], [13, 30], [43, 38], [33, 34], [21, 8], [6, 23], [44, 18], [5, 1], [17, 17], [41, 23], [25, 24], [43, 26], [42, 34], [20, 24], [46, 12], [35, 30], [24, 37], [45, 13], [48, 34], [44, 5], [44, 9], [46, 35], [21, 27], [40, 16], [5, 35], [43, 37], [48, 22], [46, 25], [24, 6], [21, 5], [22, 26], [40, 15], [30, 13], [42, 1], [44, 45], [10, 35], [39, 37], [47, 27], [42, 48], [30, 29], [10, 39], [13, 13], [2, 2], [38, 16], [31, 36], [35, 18], [36, 31], [48, 12], [10, 46], [49, 11], [12, 38], [44, 13], [21, 17], [3, 48], [30, 28], [38, 7], [14, 36], [43, 48], [18, 34], [17, 40], [49, 12], [15, 30], [31, 3], [5, 8], [44, 27], [24, 17], [11, 38], [8, 43], [33, 22], [8, 24], [32, 19], [16, 7], [19, 41], [46, 31], [8, 40], [9, 27], [43, 25], [37, 16], [18, 40], [40, 27], [36, 42], [1, 4], [22, 36], [33, 28], [39, 18], [20, 48], [27, 20], [21, 7], [40, 30], [16, 42], [14, 21], [11, 36], [39, 34], [48, 44], [23, 31], [15, 29], [43, 5], [16, 33], [27, 35], [5, 0], [46, 27], [46, 21], [41, 14], [19, 21], [48, 25], [35, 20], [29, 33], [34, 9], [5, 34], [29, 20], [7, 39], [36, 30], [11, 17], [35, 32], [19, 0], [46, 36], [30, 18], [29, 16], [6, 13], [47, 28], [11, 37], [14, 35], [48, 26], [6, 43], [20, 21], [7, 25], [41, 10], [39, 2], [39, 0], [16, 38], [27, 23], [31, 22], [11, 20], [47, 16], [18, 2], [25, 10], [47, 25], [32, 27], [23, 24], [37, 24], [43, 34], [1, 1], [39, 10], [22, 44], [42, 19], [49, 0], [45, 49], [47, 26], [31, 25], [8, 31], [29, 37], [37, 15], [42, 15], [29, 25], [45, 10], [47, 48], [20, 22], [48, 17], [24, 20], [33, 8], [44, 33], [16, 19], [23, 26], [13, 23], [35, 44], [9, 33], [20, 33], [46, 11], [11, 16], [47, 13], [12, 43], [7, 37], [27, 25], [27, 27], [10, 12], [27, 24], [48, 15], [15, 7], [36, 27], [13, 26], [6, 7], [48, 24], [10, 48], [9, 42], [14, 33], [23, 25], [29, 32], [29, 24], [42, 11], [8, 25], [30, 41], [12, 7], [40, 19], [12, 37], [5, 46], [15, 35], [2, 45], [7, 38], [24, 14], [45, 44], [21, 22], [26, 9], [17, 28], [16, 3], [44, 30], [18, 14], [40, 24], [19, 46], [18, 35], [42, 8], [13, 40], [34, 19], [45, 32], [32, 41], [3, 38], [34, 27], [6, 33], [39, 23], [45, 27], [16, 34], [25, 48], [48, 18], [9, 21], [39, 17], [0, 9], [17, 7], [46, 26], [10, 33], [45, 16], [20, 19], [12, 32], [21, 20], [15, 40], [24, 42], [23, 17], [29, 31], [19, 8], [25, 19], [23, 18], [9, 44], [18, 38], [41, 33], [44, 19], [11, 27], [18, 15], [12, 21], [41, 15], [35, 21], [5, 32], [14, 23], [6, 25], [38, 19], [2, 49], [42, 30], [8, 38], [26, 45], [13, 35], [47, 12], [24, 26], [36, 18], [23, 15], [17, 6], [28, 14], [32, 17], [20, 5], [42, 12], [20, 45], [33, 33], [5, 42], [36, 24], [13, 29], [5, 47], [24, 9], [30, 21], [16, 41], [18, 43], [28, 21], [41, 24], [14, 15], [39, 29], [22, 12], [17, 34], [40, 26], [36, 36], [18, 28], [11, 43], [48, 13], [42, 27], [34, 18], [23, 36], [28, 16], [22, 40], [0, 14], [32, 10], [43, 23], [15, 26], [7, 36], [39, 5], [5, 31], [9, 25], [20, 36], [0, 47], [42, 10], [38, 3], [43, 43], [35, 29], [35, 24], [8, 36], [16, 32], [2, 44], [11, 32], [42, 45], [39, 30], [22, 11], [18, 39], [24, 39], [49, 15], [32, 30], [49, 47], [49, 10], [41, 17], [41, 22], [20, 27], [23, 49], [2, 9], [34, 24], [4, 23], [14, 38], [20, 15], [43, 21], [42, 22], [14, 30], [29, 23], [34, 30], [19, 7], [42, 16], [46, 20], [48, 14], [19, 19], [33, 18], [34, 31], [43, 14], [37, 17], [16, 37], [20, 31], [33, 20], [10, 5], [31, 1], [16, 36], [48, 36], [25, 3], [11, 35], [3, 33], [30, 26], [49, 21], [19, 39], [11, 34], [20, 6], [9, 26], [49, 14], [39, 31], [25, 9], [14, 2], [29, 46], [16, 25], [15, 31], [39, 33], [40, 35], [28, 3], [0, 8], [13, 24], [23, 42], [8, 35], [37, 12], [29, 45], [12, 39], [23, 33], [37, 25], [0, 21], [8, 13], [5, 3], [10, 37], [44, 42], [22, 33], [38, 40], [28, 25], [7, 33], [21, 21], [19, 22], [15, 5], [16, 35], [11, 31], [45, 33], [10, 40], [32, 24], [44, 3], [9, 34], [24, 15], [11, 47], [6, 35], [20, 30], [41, 32], [10, 13], [35, 31], [33, 41], [23, 38], [38, 5], [39, 47], [21, 25], [3, 44], [45, 31], [47, 20], [49, 13], [31, 24], [43, 24], [32, 0], [49, 36], [20, 7], [2, 11], [19, 40], [33, 14], [11, 40], [3, 26], [47, 14], [28, 35], [44, 0], [35, 37], [47, 19], [43, 6], [34, 2], [34, 46], [25, 25], [36, 28], [12, 30], [42, 25], [42, 21], [7, 15], [45, 8], [27, 46], [38, 26], [30, 39], [0, 7], [49, 48], [8, 23], [2, 41], [2, 29], [15, 21], [8, 30], [31, 12], [36, 25], [47, 33], [24, 28], [49, 25], [26, 23], [25, 27], [27, 19], [28, 24], [17, 22], [32, 11], [45, 41], [39, 8], [49, 19], [10, 23], [10, 41], [17, 36], [46, 40], [13, 0], [1, 34], [46, 44], [13, 38], [16, 9], [13, 6], [39, 26], [44, 32], [25, 23], [15, 8], [23, 14], [44, 6], [23, 21], [42, 9], [23, 34], [24, 44], [3, 8], [46, 10], [23, 43], [14, 1], [23, 6], [38, 29], [39, 25], [9, 12], [16, 27], [11, 33], [36, 29], [49, 40], [17, 38], [20, 39], [37, 30], [27, 40], [23, 10], [8, 0], [14, 4], [16, 6], [18, 19], [25, 26], [48, 19], [16, 16], [31, 29], [40, 37], [26, 12], [15, 0], [44, 20], [32, 36], [45, 35], [20, 9], [12, 23], [26, 13], [4, 3], [26, 48], [15, 22], [19, 10], [9, 40], [39, 13], [15, 41], [6, 48], [44, 10], [40, 47], [19, 49], [34, 28], [35, 12], [37, 10], [33, 11], [49, 43], [4, 10], [36, 14], [22, 34], [10, 26], [34, 10], [1, 5], [41, 8], [29, 28], [38, 45], [26, 15], [12, 36], [1, 14], [47, 21], [49, 20], [14, 28], [8, 28], [42, 49], [16, 5], [42, 28], [36, 17], [18, 33], [45, 29], [20, 37], [15, 3], [2, 37], [13, 12], [14, 37], [21, 11], [17, 10], [23, 11], [42, 23], [40, 34], [31, 30], [9, 38], [30, 19], [46, 29], [30, 22]], "targets": [[43, 0], [7, 26], [26, 35], [19, 32], [43, 29], [37, 5], [11, 25], [20, 25], [24, 35], [40, 30], [37, 6], [8, 26], [23, 30], [26, 36], [37, 8], [8, 27], [44, 28], [17, 24], [25, 26], [37, 12], [4, 26], [26, 31], [40, 27], [22, 35], [37, 7], [11, 27], [23, 25], [39, 3], [16, 24], [26, 27], [41, 31], [26, 32], [32, 12], [4, 24], [20, 27], [16, 30], [44, 32], [35, 7], [12, 31], [18, 24], [27, 27], [35, 9], [15, 32], [45, 29], [19, 24], [26, 29], [41, 0], [5, 24], [27, 24], [45, 24], [31, 12], [16, 23], [22, 28], [26, 26], [41, 6], [14, 27], [22, 33], [44, 33], [23, 29], [32, 11], [16, 22], [27, 31], [17, 29], [44, 24], [40, 6], [10, 26], [29, 26], [25, 23], [31, 6], [10, 22], [41, 23], [43, 6], [8, 28], [17, 32], [25, 30], [38, 4], [6, 28], [48, 27], [22, 29], [25, 32], [36, 11], [4, 22], [25, 33], [25, 31], [47, 33], [35, 3], [16, 31], [16, 26], [30, 36], [40, 0], [7, 30], [45, 25], [19, 33], [41, 8], [12, 26], [27, 29], [16, 28], [49, 25], [35, 5], [10, 30], [23, 31], [23, 35], [34, 3], [8, 32], [41, 24], [21, 28], [22, 26], [41, 2], [8, 31], [19, 35], [30, 31], [40, 31], [38, 2], [12, 32], [28, 28], [36, 8], [14, 32], [30, 32], [42, 23], [28, 31], [38, 6], [12, 23], [23, 33], [18, 35], [49, 33], [35, 8], [9, 33], [25, 34], [18, 33], [39, 10], [14, 30], [47, 31], [20, 26], [18, 34], [34, 10], [7, 28], [3, 31], [23, 9], [41, 29], [7, 41], [1, 47], [16, 9], [21, 46], [19, 27], [34, 25], [43, 5], [18, 10], [5, 41], [27, 18], [18, 42], [4, 3], [25, 14], [24, 19], [16, 42], [15, 1], [8, 49], [38, 48], [22, 9], [40, 41], [32, 32], [37, 29], [24, 49], [37, 9], [25, 43], [3, 10], [5, 32], [35, 18], [18, 43], [3, 26], [38, 26], [19, 37], [19, 11], [12, 12], [30, 29], [29, 3], [32, 36], [19, 16], [46, 18], [14, 29], [11, 18], [16, 25], [12, 3], [1, 33], [14, 0], [31, 44], [5, 22], [44, 15], [32, 16], [33, 34], [8, 48], [43, 44], [4, 48], [10, 19], [11, 21], [38, 10], [12, 42], [17, 3], [19, 4], [47, 38], [14, 17], [28, 17], [4, 31], [48, 40], [9, 14], [27, 2], [32, 3], [32, 47], [35, 13], [42, 28], [20, 17], [34, 44], [17, 13], [10, 35], [6, 18], [1, 22], [38, 43], [29, 28], [44, 43], [4, 21], [48, 39], [37, 11], [25, 5], [36, 46], [3, 4], [17, 25], [3, 17], [8, 40], [43, 21], [8, 22], [13, 26], [32, 41], [49, 38], [16, 1], [46, 16], [32, 13], [49, 36], [33, 36], [12, 9], [2, 14], [33, 48], [8, 21], [6, 0], [18, 9], [33, 41], [49, 45], [35, 32], [26, 15], [22, 48], [28, 32], [0, 11], [20, 1], [17, 11], [38, 44], [9, 37], [16, 18], [7, 0], [17, 22], [4, 49], [40, 34], [5, 45], [28, 47], [17, 26], [10, 38], [46, 38], [2, 33], [21, 26], [30, 26], [12, 20], [19, 49], [7, 35], [23, 8], [10, 3], [44, 23], [5, 21], [37, 15], [23, 26], [8, 14], [3, 18], [0, 10], [31, 20], [20, 31], [3, 35], [7, 4], [17, 0], [40, 16], [39, 49], [1, 49], [12, 27], [40, 13], [1, 11], [34, 42], [33, 37], [23, 23], [35, 27], [45, 17], [30, 39], [43, 47], [14, 43], [14, 47], [33, 43], [3, 3], [36, 10], [22, 45], [8, 6], [49, 37], [22, 23], [27, 30], [30, 2], [6, 31], [10, 9], [31, 26], [41, 7], [35, 38], [36, 2], [38, 21], [26, 18], [37, 47], [46, 34], [29, 19], [21, 8], [39, 39], [27, 9], [42, 38], [34, 21], [24, 43], [45, 33], [48, 18], [22, 0], [10, 21], [16, 17], [2, 30], [39, 41], [17, 16], [37, 30], [0, 2], [7, 22], [48, 36], [42, 1], [29, 30], [24, 11], [1, 17], [38, 49], [36, 38], [29, 39], [28, 12], [42, 37], [9, 39], [46, 17], [47, 23], [8, 3], [10, 41], [1, 23], [48, 17], [29, 42], [1, 38], [47, 18], [26, 12], [30, 38], [26, 1], [10, 2], [10, 17], [30, 37], [5, 9], [7, 37], [44, 36], [2, 18], [27, 33], [44, 45], [14, 16], [37, 44], [32, 48], [15, 15], [20, 40], [26, 25], [20, 13], [24, 16], [14, 15], [42, 20], [36, 5], [21, 27], [3, 21], [46, 3], [18, 44], [16, 14], [23, 37], [4, 38], [19, 1], [13, 48], [10, 16], [40, 10], [2, 15], [21, 4], [34, 43], [33, 14], [40, 49], [45, 47], [19, 46], [8, 4], [17, 12], [5, 38], [14, 41], [14, 38], [49, 42], [9, 27], [2, 4], [44, 48], [36, 41], [13, 45], [11, 6], [27, 10], [44, 46], [43, 8], [5, 37], [43, 45], [19, 5], [15, 11], [4, 1], [35, 28], [20, 45], [13, 39], [28, 13], [3, 36], [42, 33], [33, 47], [38, 38], [34, 48], [9, 2], [2, 11], [32, 15], [32, 6], [42, 49], [38, 0], [31, 7], [23, 38], [31, 5], [0, 4], [47, 36], [31, 32], [15, 27], [46, 22], [43, 17], [46, 21], [16, 13], [1, 34], [12, 44], [28, 5], [47, 29], [42, 30], [39, 31], [44, 20], [35, 0], [35, 11], [8, 19], [14, 12], [29, 12], [46, 2], [2, 27], [27, 35], [14, 6], [21, 24], [31, 19], [7, 42], [23, 41], [20, 2], [9, 18], [20, 4], [46, 14], [22, 22], [48, 21], [10, 42], [12, 10], [33, 24], [1, 25], [26, 42], [27, 38], [40, 46], [44, 13], [4, 42], [39, 21], [10, 31], [11, 22], [29, 32], [16, 49], [0, 8], [32, 27], [18, 14], [27, 44], [31, 11], [15, 12], [46, 45], [48, 1], [7, 16], [47, 5], [4, 17], [44, 12], [42, 16], [29, 14], [14, 48], [42, 13], [38, 47], [26, 47], [48, 11], [0, 6], [32, 31], [1, 42], [8, 30], [11, 17], [35, 47], [30, 12], [29, 38], [48, 15], [23, 0], [25, 37], [14, 26], [35, 34], [18, 17], [25, 15], [38, 14], [18, 19], [45, 5], [5, 14], [9, 16], [18, 46], [19, 13], [38, 1], [49, 6], [2, 23], [23, 34], [21, 1], [38, 41], [16, 45], [5, 29], [19, 45], [17, 18], [42, 43], [32, 9], [22, 32], [36, 4], [25, 42], [37, 10], [0, 5], [48, 49], [32, 30], [33, 42], [15, 42], [24, 17], [18, 40], [31, 0], [46, 6], [22, 47], [6, 14], [22, 10], [28, 6], [40, 37], [3, 13], [38, 40], [35, 37], [31, 38], [21, 44], [5, 0], [20, 48], [31, 15], [14, 45], [21, 16], [7, 38], [14, 2], [48, 46], [38, 20], [42, 26], [33, 6], [18, 47], [34, 1], [37, 42], [37, 48], [45, 15], [31, 28], [6, 4], [1, 45], [41, 13], [5, 4], [48, 2], [21, 0], [31, 36], [41, 33], [12, 14], [47, 47], [36, 9], [41, 15], [23, 39], [2, 34], [42, 11], [40, 44], [18, 23], [10, 46], [22, 20], [6, 36], [2, 39], [49, 48], [8, 42], [28, 48], [21, 9], [30, 18], [22, 41], [14, 24], [41, 26], [14, 35], [34, 8], [2, 36], [47, 32], [28, 7], [37, 27], [37, 41], [35, 17], [20, 44], [47, 35], [42, 34], [21, 40], [32, 4], [24, 1], [22, 49], [31, 46], [0, 17], [44, 41], [29, 37], [24, 48], [5, 44], [25, 44], [18, 2], [8, 17], [29, 36], [19, 31], [2, 48], [20, 11], [23, 43], [4, 33], [9, 0], [30, 0], [27, 39], [44, 35], [35, 29], [22, 44], [21, 23], [9, 11], [28, 39], [28, 19], [29, 47], [2, 2], [49, 7], [4, 10], [42, 12], [35, 33], [36, 39], [13, 43], [13, 18], [14, 20], [27, 21], [0, 41], [5, 12], [20, 18], [48, 7], [17, 10], [7, 1], [47, 46], [8, 18], [32, 43], [32, 5], [11, 0], [48, 47], [31, 8], [23, 11], [18, 39], [6, 16], [47, 30], [37, 34], [24, 29], [4, 28], [26, 16], [34, 0], [27, 5], [43, 41], [13, 42], [13, 2], [23, 24], [46, 44], [26, 0], [7, 27], [34, 29], [22, 16], [9, 49], [32, 17], [39, 34], [4, 15], [35, 15], [43, 46], [21, 33], [39, 6], [26, 30], [25, 3], [16, 19], [34, 31], [36, 49], [32, 33], [2, 26], [44, 39], [4, 16], [12, 0], [16, 37], [16, 32], [20, 42], [14, 4], [3, 22], [18, 31], [9, 38], [9, 1], [3, 9], [21, 35], [27, 8], [41, 10], [14, 40], [6, 2], [0, 44], [28, 9], [13, 22], [32, 42], [30, 6], [0, 21], [3, 1], [4, 0], [47, 6], [43, 38], [29, 7], [33, 15], [29, 31], [25, 0], [0, 38], [37, 31], [26, 20], [19, 2], [0, 31], [41, 49], [20, 32], [27, 16], [4, 14], [15, 17], [33, 35], [25, 2], [36, 44], [16, 46], [48, 5], [45, 31]]}