{"meta": {"number_of_robots": 172, "description": {"parameters": {"seed": 4685, "shape": [20, 20], "obstacles": {"n": 5, "mean": 7, "std": 3.5}, "clusters": {"n": 3, "mean": 20, "std": 10.0, "relative_radius": 2, "increase_factor": 1.3, "start_dist": {"generator_name": "Image", "shape": [20, 20], "min": 36.0, "max": 240.0, "mean": 211.145, "std": 35.04117542263673, "dtype": "uint64", "parameters": {"image": "galaxy_cluster.png", "transformer": {"name": "ColorChannelSelector", "channel": "v", "inverted": true}}}, "target_dist": {"generator_name": "Image", "shape": [20, 20], "min": 15.0, "max": 219.0, "mean": 43.855, "std": 35.04117542263673, "dtype": "uint64", "parameters": {"image": "galaxy_cluster.png", "transformer": {"name": "ColorChannelSelector", "channel": "v", "inverted": false}}}}, "density": 0.8, "start_dist": {"generator_name": "Image", "shape": [20, 20], "min": 36.0, "max": 240.0, "mean": 211.145, "std": 35.04117542263673, "dtype": "uint64", "parameters": {"image": "galaxy_cluster.png", "transformer": {"name": "ColorChannelSelector", "channel": "v", "inverted": true}}}, "target_dist": {"generator_name": "Image", "shape": [20, 20], "min": 15.0, "max": 219.0, "mean": 43.855, "std": 35.04117542263673, "dtype": "uint64", "parameters": {"image": "galaxy_cluster.png", "transformer": {"name": "ColorChannelSelector", "channel": "v", "inverted": false}}}}, "stats": {"date": "2020-11-17", "free_area": 215.0, "number_of_clustered_robots": 67, "number_of_robots": 172}}}, "name": "galaxy_cluster_00001_20x20_80_172", "obstacles": [[0, 8], [0, 9], [0, 10], [0, 11], [0, 12], [0, 13], [0, 14], [1, 8], [1, 14], [2, 6], [2, 7], [2, 15], [2, 16], [3, 5], [3, 16], [4, 5], [4, 16], [5, 5], [5, 16], [6, 5], [6, 16], [7, 5], [7, 14], [7, 15], [7, 16], [8, 5], [8, 13], [9, 5], [9, 13], [10, 5], [10, 13], [11, 5], [11, 13], [12, 5], [12, 13], [13, 5], [13, 13], [14, 5], [14, 13], [15, 5], [15, 13], [16, 5], [16, 13], [17, 5], [17, 13], [18, 5], [18, 6], [18, 7], [18, 8], [18, 9], [18, 10], [18, 11], [18, 12], [18, 13], [19, 15]], "starts": [[12, 1], [16, 19], [6, 18], [19, 4], [16, 1], [3, 19], [18, 18], [10, 0], [9, 2], [6, 17], [14, 19], [16, 3], [19, 0], [2, 17], [12, 0], [17, 17], [11, 0], [0, 19], [14, 3], [15, 15], [17, 3], [5, 17], [14, 0], [15, 18], [17, 0], [0, 16], [15, 1], [18, 1], [17, 18], [0, 15], [10, 1], [19, 5], [17, 15], [1, 17], [8, 4], [9, 4], [3, 18], [17, 16], [12, 2], [11, 1], [5, 18], [19, 1], [19, 14], [15, 0], [1, 15], [9, 0], [14, 15], [13, 2], [0, 17], [18, 0], [19, 12], [13, 0], [1, 18], [8, 3], [8, 0], [13, 15], [5, 19], [11, 3], [10, 2], [13, 19], [0, 18], [16, 2], [14, 1], [18, 19], [4, 17], [17, 2], [9, 1], [19, 16], [8, 15], [15, 4], [3, 4], [3, 1], [8, 17], [5, 1], [0, 4], [16, 18], [2, 19], [2, 5], [7, 4], [7, 0], [15, 3], [2, 18], [10, 16], [15, 19], [19, 19], [7, 18], [0, 3], [17, 1], [6, 1], [4, 18], [7, 2], [12, 3], [19, 3], [8, 18], [12, 19], [4, 19], [4, 3], [14, 14], [10, 14], [16, 14], [2, 3], [9, 18], [9, 17], [18, 3], [14, 2], [6, 2], [4, 0], [11, 4], [0, 0], [1, 2], [13, 18], [13, 3], [15, 14], [13, 1], [4, 1], [14, 16], [19, 11], [10, 3], [7, 1], [15, 17], [0, 6], [6, 0], [4, 2], [11, 19], [19, 6], [14, 17], [19, 10], [13, 14], [18, 2], [0, 5], [3, 2], [11, 14], [11, 15], [9, 3], [2, 4], [19, 9], [18, 16], [15, 16], [19, 8], [12, 4], [13, 17], [19, 2], [12, 14], [5, 4], [8, 19], [7, 3], [12, 15], [16, 16], [19, 13], [19, 17], [10, 4], [18, 14], [12, 17], [3, 0], [16, 4], [18, 15], [7, 17], [5, 0], [0, 7], [1, 3], [7, 19], [8, 1], [1, 5], [10, 19], [1, 6], [11, 17], [1, 4], [12, 16], [11, 18], [19, 18], [2, 2], [16, 15]], "targets": [[8, 14], [0, 19], [4, 17], [16, 16], [14, 14], [1, 17], [8, 17], [15, 18], [6, 19], [3, 18], [8, 18], [15, 14], [15, 19], [1, 18], [6, 17], [8, 16], [13, 15], [3, 17], [7, 19], [4, 19], [9, 18], [0, 16], [8, 19], [1, 19], [16, 14], [0, 15], [8, 15], [11, 18], [0, 18], [2, 17], [10, 16], [16, 18], [1, 16], [1, 15], [16, 15], [5, 17], [5, 18], [3, 19], [13, 14], [14, 19], [4, 18], [17, 17], [7, 17], [9, 17], [2, 18], [15, 15], [0, 17], [9, 14], [2, 19], [9, 16], [7, 18], [10, 14], [5, 19], [9, 15], [13, 16], [6, 18], [10, 17], [12, 14], [17, 16], [10, 15], [10, 18], [17, 14], [12, 15], [9, 19], [10, 19], [11, 15], [12, 17], [19, 6], [15, 16], [19, 5], [17, 4], [14, 1], [16, 4], [13, 3], [2, 2], [0, 0], [18, 2], [19, 11], [16, 3], [17, 2], [4, 4], [13, 0], [19, 4], [2, 1], [19, 8], [19, 10], [19, 3], [0, 1], [6, 3], [15, 3], [7, 2], [9, 0], [15, 2], [10, 2], [18, 15], [10, 3], [17, 18], [14, 2], [1, 2], [12, 19], [11, 0], [11, 17], [15, 4], [18, 1], [14, 15], [11, 14], [18, 16], [3, 0], [9, 3], [18, 3], [16, 19], [4, 3], [14, 4], [12, 0], [13, 4], [6, 2], [17, 15], [12, 1], [9, 1], [16, 2], [5, 0], [5, 1], [0, 7], [3, 2], [7, 3], [19, 16], [4, 1], [13, 17], [14, 3], [3, 3], [7, 4], [17, 0], [1, 0], [12, 16], [17, 19], [18, 4], [12, 3], [19, 9], [5, 4], [1, 1], [15, 0], [11, 4], [10, 4], [3, 1], [19, 1], [2, 0], [6, 4], [2, 5], [19, 13], [14, 18], [8, 0], [18, 17], [6, 0], [0, 4], [19, 17], [12, 4], [19, 7], [15, 17], [19, 19], [1, 6], [1, 4], [0, 3], [1, 7], [10, 1], [11, 1], [19, 0], [3, 4], [13, 19], [4, 0], [19, 14], [8, 3], [17, 3]]}