{"meta": {"number_of_robots": 2871, "description": {"parameters": {"seed": 2917, "shape": [100, 100], "obstacles": {"n": 5, "mean": 10, "std": 5.0}, "clusters": {"n": 30, "mean": 40, "std": 20.0, "relative_radius": 2, "increase_factor": 1.3, "start_dist": {"generator_name": "Image", "shape": [100, 100], "min": 13.0, "max": 251.0, "mean": 44.0273, "std": 39.78760805464435, "dtype": "uint64", "parameters": {"image": "galaxy_cluster.png", "transformer": {"name": "ColorChannelSelector", "channel": "v", "inverted": false}}}, "target_dist": {"generator_name": "Image", "shape": [100, 100], "min": 4.0, "max": 242.0, "mean": 210.9727, "std": 39.78760805464435, "dtype": "uint64", "parameters": {"image": "galaxy_cluster.png", "transformer": {"name": "ColorChannelSelector", "channel": "v", "inverted": true}}}}, "density": 0.3, "start_dist": {"generator_name": "Image", "shape": [100, 100], "min": 13.0, "max": 251.0, "mean": 44.0273, "std": 39.78760805464435, "dtype": "uint64", "parameters": {"image": "galaxy_cluster.png", "transformer": {"name": "ColorChannelSelector", "channel": "v", "inverted": false}}}, "target_dist": {"generator_name": "Image", "shape": [100, 100], "min": 4.0, "max": 242.0, "mean": 210.9727, "std": 39.78760805464435, "dtype": "uint64", "parameters": {"image": "galaxy_cluster.png", "transformer": {"name": "ColorChannelSelector", "channel": "v", "inverted": true}}}}, "stats": {"date": "2020-11-17", "free_area": 9568.0, "number_of_clustered_robots": 1292, "number_of_robots": 2871}}}, "name": "galaxy_cluster_00007_100x100_30_2871", "obstacles": [[3, 51], [3, 52], [3, 53], [3, 54], [3, 55], [3, 56], [3, 57], [4, 51], [4, 52], [4, 53], [4, 54], [4, 55], [4, 56], [4, 57], [26, 9], [26, 10], [27, 9], [27, 10], [28, 9], [28, 10], [29, 9], [29, 10], [30, 9], [30, 10], [31, 9], [31, 10], [32, 9], [32, 10], [33, 9], [33, 10], [34, 9], [34, 10], [35, 67], [35, 68], [35, 69], [35, 70], [35, 71], [35, 72], [36, 67], [36, 72], [37, 67], [37, 72], [38, 67], [38, 72], [39, 67], [39, 72], [40, 67], [40, 72], [41, 67], [41, 72], [42, 67], [42, 72], [42, 74], [42, 75], [42, 76], [42, 77], [43, 67], [43, 72], [43, 74], [43, 77], [44, 67], [44, 72], [44, 74], [44, 77], [45, 67], [45, 68], [45, 69], [45, 70], [45, 71], [45, 72], [45, 74], [45, 77], [46, 74], [46, 77], [47, 74], [47, 77], [48, 74], [48, 75], [48, 76], [48, 77], [65, 34], [65, 35], [65, 36], [65, 37], [65, 38], [65, 39], [65, 40], [65, 41], [65, 42], [65, 43], [65, 44], [65, 45], [65, 46], [65, 47], [65, 48], [65, 49], [65, 50], [66, 34], [66, 50], [67, 34], [67, 50], [68, 34], [68, 50], [69, 34], [69, 50], [70, 34], [70, 50], [71, 34], [71, 50], [72, 34], [72, 50], [73, 34], [73, 50], [74, 34], [74, 50], [75, 34], [75, 50], [76, 34], [76, 50], [77, 34], [77, 50], [78, 34], [78, 50], [79, 34], [79, 50], [80, 34], [80, 50], [81, 34], [81, 50], [82, 34], [82, 35], [82, 36], [82, 37], [82, 38], [82, 39], [82, 40], [82, 41], [82, 42], [82, 43], [82, 44], [82, 45], [82, 46], [82, 47], [82, 48], [82, 49], [82, 50]], "starts": [[4, 26], [68, 62], [30, 85], [82, 7], [58, 49], [94, 8], [93, 55], [6, 32], [15, 87], [26, 75], [34, 20], [23, 7], [65, 54], [69, 59], [55, 29], [86, 34], [72, 59], [13, 12], [92, 56], [75, 16], [11, 84], [75, 62], [71, 64], [64, 82], [5, 62], [72, 52], [55, 40], [15, 90], [87, 72], [60, 21], [53, 78], [75, 66], [61, 37], [62, 54], [17, 87], [25, 26], [3, 42], [10, 24], [62, 52], [93, 57], [25, 83], [25, 72], [51, 15], [55, 41], [99, 8], [57, 85], [13, 63], [73, 18], [60, 49], [0, 31], [70, 65], [90, 84], [58, 36], [13, 80], [64, 47], [56, 21], [19, 88], [34, 34], [57, 82], [13, 33], [11, 20], [22, 3], [62, 53], [87, 60], [71, 63], [62, 60], [90, 61], [20, 91], [64, 32], [35, 82], [78, 11], [22, 73], [70, 60], [58, 19], [56, 38], [89, 0], [66, 74], [86, 29], [7, 61], [71, 56], [84, 11], [78, 61], [4, 33], [75, 64], [19, 86], [35, 33], [96, 76], [4, 31], [11, 11], [70, 66], [57, 40], [3, 80], [50, 87], [95, 55], [13, 82], [75, 60], [15, 70], [73, 61], [57, 32], [59, 24], [59, 49], [92, 2], [23, 88], [35, 34], [57, 38], [63, 85], [2, 42], [9, 19], [11, 64], [23, 8], [56, 55], [85, 67], [74, 62], [78, 20], [71, 61], [66, 51], [8, 33], [68, 64], [86, 73], [95, 53], [25, 80], [64, 78], [64, 54], [69, 27], [1, 76], [25, 76], [77, 16], [18, 93], [30, 27], [24, 79], [1, 39], [8, 13], [73, 62], [74, 61], [48, 23], [58, 63], [56, 46], [90, 5], [55, 88], [94, 37], [7, 57], [54, 40], [92, 50], [62, 49], [57, 30], [83, 24], [12, 85], [61, 55], [3, 35], [69, 60], [17, 88], [37, 23], [86, 74], [66, 76], [2, 37], [13, 13], [25, 73], [25, 0], [54, 59], [88, 67], [77, 63], [61, 39], [49, 26], [11, 82], [69, 52], [64, 37], [89, 4], [62, 59], [56, 82], [10, 69], [99, 58], [19, 87], [17, 90], [39, 35], [1, 35], [13, 18], [76, 17], [58, 42], [72, 53], [56, 81], [55, 62], [32, 77], [79, 16], [1, 36], [72, 55], [90, 73], [15, 76], [60, 53], [50, 32], [74, 69], [50, 19], [54, 48], [86, 3], [89, 50], [16, 93], [36, 36], [61, 40], [66, 64], [52, 81], [6, 36], [91, 37], [0, 15], [8, 84], [14, 66], [15, 88], [22, 7], [57, 56], [86, 58], [72, 63], [66, 55], [81, 25], [63, 76], [70, 63], [71, 58], [58, 34], [23, 82], [0, 34], [73, 64], [25, 95], [27, 23], [91, 73], [50, 18], [93, 63], [1, 47], [4, 14], [63, 39], [87, 6], [18, 90], [52, 78], [60, 50], [65, 59], [49, 24], [14, 68], [77, 55], [69, 25], [13, 73], [34, 76], [73, 14], [83, 19], [16, 80], [25, 32], [54, 76], [12, 80], [12, 36], [6, 26], [72, 57], [88, 51], [69, 65], [48, 15], [52, 39], [61, 50], [23, 78], [0, 28], [75, 55], [90, 83], [30, 4], [60, 56], [95, 56], [78, 64], [54, 39], [89, 5], [50, 82], [90, 37], [14, 67], [67, 56], [15, 84], [38, 28], [3, 43], [2, 19], [54, 29], [97, 50], [21, 70], [62, 58], [53, 25], [82, 23], [7, 78], [52, 84], [70, 53], [18, 86], [46, 15], [69, 62], [59, 37], [94, 4], [4, 23], [65, 63], [14, 89], [23, 28], [96, 77], [59, 36], [58, 77], [1, 41], [0, 12], [2, 65], [59, 62], [26, 79], [78, 15], [75, 51], [99, 64], [22, 79], [29, 3], [54, 61], [95, 57], [69, 66], [66, 72], [14, 87], [75, 18], [62, 37], [69, 64], [50, 15], [17, 81], [29, 33], [2, 76], [71, 57], [73, 55], [3, 38], [6, 10], [60, 48], [92, 8], [67, 61], [53, 20], [64, 91], [6, 25], [64, 59], [86, 76], [85, 31], [1, 64], [56, 42], [90, 54], [55, 54], [63, 56], [24, 77], [25, 77], [21, 79], [27, 33], [64, 74], [6, 31], [61, 58], [11, 12], [76, 23], [47, 26], [51, 39], [57, 46], [88, 8], [68, 52], [2, 78], [61, 75], [26, 1], [64, 63], [96, 56], [71, 65], [89, 60], [33, 83], [72, 16], [13, 68], [6, 35], [66, 62], [21, 84], [28, 23], [90, 85], [12, 87], [21, 75], [62, 50], [61, 31], [54, 42], [10, 36], [3, 10], [73, 53], [47, 81], [76, 65], [48, 20], [76, 16], [64, 65], [63, 36], [98, 8], [93, 53], [26, 90], [36, 31], [63, 37], [60, 55], [49, 87], [72, 58], [10, 38], [85, 36], [3, 21], [11, 75], [4, 68], [23, 86], [20, 70], [8, 27], [65, 62], [90, 74], [61, 81], [68, 53], [51, 18], [57, 35], [25, 7], [67, 52], [93, 58], [67, 68], [22, 88], [27, 35], [91, 64], [72, 51], [49, 28], [80, 22], [56, 49], [90, 1], [7, 31], [6, 18], [34, 79], [75, 15], [59, 72], [14, 86], [71, 62], [74, 57], [13, 65], [60, 37], [20, 75], [9, 74], [61, 59], [5, 35], [72, 61], [20, 81], [37, 32], [98, 77], [71, 53], [67, 80], [72, 65], [50, 20], [96, 55], [67, 60], [9, 33], [10, 22], [59, 32], [80, 11], [63, 43], [88, 5], [18, 89], [58, 73], [23, 80], [19, 70], [28, 28], [31, 4], [59, 55], [65, 58], [53, 22], [84, 35], [86, 59], [67, 69], [0, 57], [76, 53], [61, 25], [12, 44], [5, 17], [92, 52], [50, 17], [64, 92], [8, 29], [67, 62], [88, 86], [12, 83], [60, 61], [24, 85], [35, 80], [77, 15], [55, 48], [96, 7], [67, 53], [74, 19], [17, 93], [23, 26], [58, 51], [63, 28], [50, 75], [21, 82], [10, 44], [15, 15], [8, 61], [77, 53], [94, 63], [73, 69], [55, 21], [48, 84], [62, 30], [64, 50], [52, 27], [16, 91], [9, 36], [68, 67], [23, 79], [23, 31], [95, 80], [21, 1], [54, 54], [85, 61], [79, 60], [5, 78], [61, 49], [58, 41], [94, 7], [5, 41], [8, 17], [78, 13], [64, 73], [19, 84], [98, 54], [56, 34], [91, 29], [7, 68], [68, 57], [70, 61], [69, 67], [27, 83], [25, 34], [57, 14], [24, 91], [66, 78], [55, 50], [32, 78], [81, 10], [2, 32], [1, 18], [60, 29], [8, 26], [68, 63], [92, 80], [59, 39], [95, 5], [75, 58], [95, 52], [24, 76], [65, 51], [59, 27], [73, 15], [12, 81], [66, 90], [27, 93], [25, 20], [5, 59], [27, 0], [57, 50], [91, 60], [68, 61], [22, 91], [58, 39], [68, 66], [46, 16], [69, 58], [0, 37], [16, 22], [53, 91], [68, 59], [63, 45], [94, 0], [88, 49], [9, 23], [66, 63], [22, 83], [25, 21], [85, 73], [26, 84], [68, 24], [73, 56], [55, 83], [78, 16], [69, 63], [2, 38], [88, 29], [2, 15], [1, 83], [10, 64], [23, 84], [48, 27], [62, 63], [51, 24], [31, 77], [82, 6], [65, 74], [62, 61], [54, 31], [19, 85], [26, 31], [96, 54], [64, 48], [91, 1], [23, 73], [25, 2], [70, 56], [90, 56], [79, 68], [5, 45], [7, 22], [65, 90], [3, 30], [67, 64], [90, 82], [64, 58], [20, 88], [73, 58], [85, 16], [63, 34], [13, 67], [78, 68], [49, 18], [25, 81], [31, 22], [3, 79], [51, 83], [94, 53], [66, 58], [72, 56], [66, 52], [13, 32], [4, 17], [63, 26], [58, 48], [92, 6], [17, 75], [59, 61], [50, 30], [20, 90], [63, 88], [4, 34], [71, 55], [18, 91], [29, 28], [85, 74], [77, 52], [84, 21], [89, 36], [11, 57], [52, 24], [33, 80], [78, 14], [64, 41], [94, 54], [21, 7], [54, 52], [90, 55], [75, 61], [2, 40], [1, 15], [57, 76], [57, 62], [13, 85], [65, 55], [63, 44], [87, 4], [19, 76], [16, 82], [18, 79], [23, 22], [59, 34], [66, 88], [4, 36], [66, 57], [93, 54], [0, 38], [60, 58], [56, 56], [53, 26], [7, 11], [73, 22], [76, 60], [12, 66], [62, 62], [95, 75], [51, 16], [51, 86], [60, 36], [26, 91], [32, 33], [18, 87], [23, 83], [54, 44], [85, 1], [74, 64], [3, 76], [68, 51], [49, 81], [5, 44], [11, 15], [21, 8], [68, 60], [89, 56], [70, 67], [97, 55], [60, 32], [35, 84], [75, 12], [47, 17], [89, 38], [10, 70], [77, 13], [77, 51], [6, 28], [75, 54], [17, 85], [27, 28], [96, 80], [64, 79], [21, 87], [25, 74], [72, 62], [61, 32], [58, 40], [90, 2], [64, 34], [11, 41], [12, 26], [58, 52], [73, 57], [63, 51], [89, 52], [62, 74], [10, 78], [13, 79], [31, 26], [73, 60], [49, 27], [11, 58], [61, 29], [64, 62], [79, 22], [15, 77], [64, 64], [1, 24], [69, 55], [91, 81], [67, 84], [2, 43], [12, 11], [20, 73], [19, 3], [55, 53], [96, 59], [69, 61], [58, 47], [99, 0], [96, 53], [26, 82], [23, 24], [51, 27], [69, 56], [62, 85], [28, 79], [79, 15], [61, 56], [58, 24], [60, 20], [3, 37], [92, 38], [11, 17], [8, 73], [14, 65], [23, 85], [66, 53], [75, 19], [61, 85], [70, 57], [62, 31], [24, 73], [2, 33], [65, 67], [20, 89], [31, 33], [87, 77], [97, 56], [58, 44], [85, 5], [59, 50], [54, 86], [12, 41], [7, 23], [75, 52], [70, 62], [46, 26], [60, 38], [13, 77], [30, 5], [59, 52], [92, 65], [76, 71], [7, 65], [18, 84], [24, 24], [97, 58], [26, 71], [73, 51], [61, 20], [83, 21], [7, 73], [50, 74], [70, 64], [58, 38], [98, 7], [1, 33], [75, 68], [91, 78], [56, 30], [3, 39], [16, 18], [29, 80], [72, 15], [69, 54], [47, 80], [24, 89], [54, 13], [21, 83], [36, 34], [74, 63], [74, 54], [62, 57], [89, 29], [14, 63], [63, 24], [91, 54], [15, 72], [51, 72], [2, 36], [10, 11], [83, 25], [63, 46], [87, 8], [61, 57], [6, 75], [28, 8], [66, 54], [87, 55], [73, 65], [5, 29], [67, 58], [15, 91], [39, 29], [91, 80], [19, 91], [73, 63], [54, 23], [61, 30], [49, 82], [74, 70], [47, 16], [98, 55], [60, 51], [1, 44], [1, 17], [10, 65], [25, 71], [52, 75], [61, 38], [61, 64], [13, 90], [32, 27], [64, 60], [84, 24], [62, 45], [86, 6], [27, 84], [80, 9], [21, 77], [65, 57], [5, 76], [0, 23], [70, 58], [99, 79], [47, 83], [52, 23], [91, 58], [5, 37], [10, 17], [59, 41], [15, 82], [26, 72], [31, 35], [19, 4], [57, 49], [61, 51], [59, 29], [85, 35], [93, 56], [72, 60], [6, 63], [74, 58], [62, 73], [20, 78], [64, 38], [89, 6], [73, 19], [60, 39], [2, 39], [12, 15], [78, 60], [91, 55], [70, 68], [49, 15], [52, 72], [59, 57], [9, 24], [66, 65], [24, 81], [27, 32], [85, 77], [61, 53], [5, 85], [24, 75], [60, 42], [4, 59], [66, 59], [72, 67], [23, 91], [49, 85], [28, 82], [74, 10], [13, 45], [15, 24], [57, 42], [97, 5], [95, 51], [73, 59], [50, 24], [82, 15], [24, 84], [26, 35], [25, 1], [64, 51], [94, 55], [78, 71], [66, 27], [60, 26], [61, 63], [66, 81], [8, 24], [78, 63], [90, 86], [17, 70], [13, 40], [85, 29], [10, 25], [11, 74], [13, 66], [13, 88], [58, 62], [63, 81], [70, 51], [64, 40], [12, 88], [26, 32], [92, 55], [54, 47], [91, 6], [64, 55], [76, 19], [68, 69], [56, 13], [47, 85], [74, 66], [12, 38], [8, 21], [53, 34], [20, 71], [68, 56], [49, 29], [24, 82], [3, 36], [64, 66], [16, 83], [24, 22], [99, 75], [5, 66], [28, 77], [76, 15], [94, 65], [26, 0], [67, 65], [88, 58], [74, 71], [56, 85], [9, 84], [72, 54], [64, 43], [96, 2], [66, 28], [13, 42], [57, 51], [13, 14], [81, 20], [57, 27], [48, 87], [16, 87], [37, 35], [18, 80], [18, 81], [68, 58], [59, 51], [90, 52], [62, 39], [86, 38], [14, 60], [9, 22], [67, 57], [92, 79], [66, 82], [63, 50], [58, 30], [57, 48], [96, 8], [8, 42], [12, 13], [68, 65], [74, 53], [1, 79], [17, 91], [31, 27], [76, 68], [51, 19], [57, 41], [86, 24], [17, 78], [59, 86], [22, 82], [23, 5], [67, 55], [96, 63], [71, 60], [95, 58], [76, 54], [31, 78], [77, 12], [63, 49], [9, 41], [2, 17], [12, 68], [48, 91], [64, 42], [7, 29], [78, 58], [22, 89], [35, 22], [89, 73], [59, 46], [88, 4], [60, 52], [53, 18], [14, 80], [55, 55], [90, 51], [21, 71], [69, 51], [59, 28], [73, 13], [13, 84], [65, 83], [58, 32], [1, 38], [0, 10], [12, 93], [28, 30], [61, 54], [86, 36], [12, 67], [54, 82], [57, 43], [92, 5], [20, 8], [55, 59], [91, 66], [74, 72], [3, 34], [71, 54], [99, 86], [17, 86], [63, 59], [63, 42], [74, 65], [51, 14], [89, 54], [71, 52], [0, 42], [6, 21], [15, 83], [53, 89], [15, 86], [33, 21], [76, 25], [27, 77], [77, 10], [4, 77], [68, 29], [60, 54], [59, 56], [55, 30], [14, 58], [62, 55], [55, 87], [23, 90], [55, 47], [99, 7], [9, 42], [16, 16], [91, 50], [54, 15], [3, 32], [66, 56], [11, 85], [27, 25], [93, 77], [16, 73], [67, 32], [74, 59], [72, 64], [51, 76], [63, 61], [81, 22], [24, 8], [56, 59], [86, 55], [79, 70], [1, 46], [94, 29], [9, 10], [3, 83], [5, 67], [15, 89], [60, 79], [63, 62], [54, 38], [15, 80], [38, 29], [91, 53], [63, 47], [87, 2], [77, 64], [57, 24], [14, 79], [61, 60], [53, 28], [7, 32], [77, 67], [96, 79], [28, 76], [78, 8], [56, 54], [63, 77], [75, 56], [62, 33], [11, 31], [14, 15], [76, 14], [26, 80], [33, 22], [25, 91], [88, 54], [8, 60], [55, 82], [59, 54], [55, 45], [94, 2], [65, 65], [9, 79], [52, 21], [53, 36], [22, 81], [31, 3], [62, 66], [93, 60], [70, 69], [1, 40], [2, 20], [58, 83], [6, 30], [77, 54], [17, 82], [38, 21], [93, 79], [77, 58], [14, 82], [92, 58], [57, 63], [55, 28], [74, 16], [55, 38], [92, 33], [12, 70], [61, 91], [62, 41], [95, 8], [70, 55], [77, 62], [47, 15], [63, 66], [12, 31], [13, 20], [22, 71], [19, 95], [28, 25], [31, 80], [79, 9], [3, 77], [68, 30], [57, 60], [59, 75], [15, 78], [97, 53], [2, 29], [78, 54], [90, 77], [70, 59], [73, 52], [83, 18], [28, 1], [56, 61], [87, 59], [79, 64], [9, 44], [15, 11], [0, 67], [60, 81], [64, 35], [16, 92], [36, 32], [60, 45], [93, 6], [55, 26], [21, 74], [62, 51], [49, 30], [66, 60], [16, 88], [94, 64], [52, 77], [3, 78], [51, 29], [68, 54], [13, 46], [9, 25], [2, 24], [74, 60], [13, 89], [26, 28], [90, 81], [69, 53], [65, 52], [86, 16], [90, 29], [13, 69], [61, 80], [59, 48], [85, 8], [75, 67], [57, 26], [25, 78], [27, 76], [79, 13], [62, 35], [14, 90], [97, 59], [77, 65], [22, 1], [55, 60], [86, 65], [76, 61], [3, 47], [11, 10], [49, 74], [19, 90], [30, 31], [65, 60], [60, 30], [3, 82], [53, 39], [7, 30], [76, 62], [85, 72], [67, 66], [75, 25], [14, 57], [48, 90], [62, 40], [97, 3], [57, 15], [23, 76], [18, 78], [98, 57], [55, 66], [2, 35], [13, 22], [27, 89], [38, 20], [64, 53], [59, 35], [60, 59], [56, 92], [20, 98], [96, 58], [34, 82], [48, 54], [84, 74], [27, 67], [61, 71], [67, 25], [47, 94], [70, 52], [31, 21], [33, 81], [44, 36], [23, 75], [23, 71], [85, 21], [26, 70], [95, 22], [92, 22], [50, 92], [96, 49], [77, 18], [12, 47], [48, 94], [28, 65], [29, 0], [87, 36], [90, 42], [53, 85], [33, 89], [13, 60], [71, 66], [33, 50], [48, 25], [5, 97], [76, 6], [32, 14], [1, 53], [65, 11], [89, 84], [91, 68], [27, 71], [27, 72], [92, 53], [83, 41], [87, 40], [98, 40], [73, 32], [58, 35], [50, 46], [58, 11], [13, 64], [30, 22], [40, 17], [70, 96], [7, 41], [93, 92], [63, 65], [45, 46], [88, 82], [45, 18], [14, 45], [31, 68], [7, 60], [43, 65], [97, 48], [91, 30], [42, 94], [8, 77], [11, 52], [23, 61], [11, 68], [0, 18], [71, 67], [39, 15], [27, 44], [29, 97], [79, 58], [65, 96], [67, 70], [35, 18], [29, 81], [50, 64], [62, 67], [53, 68], [34, 70], [75, 74], [48, 30], [86, 98], [78, 1], [19, 24], [60, 1], [27, 68], [9, 14], [51, 80], [69, 69], [84, 38], [37, 74], [87, 95], [64, 45], [70, 10], [32, 86], [72, 30], [20, 93], [29, 76], [29, 74], [5, 36], [90, 38], [76, 51], [73, 67], [52, 54], [8, 67], [50, 0], [58, 54], [3, 9], [49, 65], [63, 38], [23, 38], [91, 44], [79, 28], [8, 94], [24, 74], [69, 70], [48, 65], [86, 63], [49, 62], [24, 64], [0, 20], [42, 25], [71, 51], [56, 57], [30, 21], [16, 99], [31, 50], [88, 22], [95, 24], [66, 70], [64, 27], [40, 81], [52, 48], [90, 65], [35, 13], [9, 6], [5, 99], [91, 16], [80, 18], [17, 51], [21, 68], [98, 53], [39, 37], [31, 76], [99, 25], [16, 95], [54, 49], [32, 73], [27, 47], [72, 13], [96, 40], [60, 47], [85, 59], [84, 26], [48, 53], [95, 26], [30, 62], [90, 21], [34, 68], [26, 69], [48, 63], [65, 81], [95, 20], [42, 23], [91, 63], [13, 74], [7, 51], [93, 28], [51, 85], [26, 68], [0, 3], [67, 0], [4, 67], [26, 26], [93, 40], [98, 37], [19, 69], [31, 84], [74, 20], [46, 27], [84, 76], [17, 67], [95, 50], [42, 56], [81, 27], [61, 94], [94, 52], [23, 54], [7, 98], [87, 50], [85, 52], [76, 89], [2, 96], [8, 97], [9, 4], [31, 90], [94, 77], [15, 59], [28, 36], [25, 47], [96, 48], [88, 19], [81, 17], [63, 74], [1, 66], [87, 31], [90, 23], [20, 67], [17, 98], [36, 75], [99, 45], [23, 72], [20, 61], [7, 87], [30, 43], [33, 74], [31, 20], [35, 55], [48, 22], [72, 71], [80, 13], [28, 99], [38, 66], [27, 69], [28, 64], [94, 57], [53, 19], [64, 44], [89, 55], [10, 97], [97, 44], [82, 88], [26, 77], [59, 77], [35, 83], [73, 93], [49, 48], [27, 45], [99, 27], [81, 77], [18, 0], [98, 20], [36, 63], [57, 6], [84, 58], [11, 66], [80, 79], [62, 86], [81, 66], [98, 26], [0, 45], [22, 38], [47, 58], [46, 58], [53, 94], [30, 69], [7, 28], [1, 50], [75, 59], [84, 53], [73, 82], [16, 53], [50, 70], [97, 93], [84, 65], [47, 97], [80, 53], [29, 65], [21, 91], [16, 65], [13, 58], [56, 58], [54, 73], [30, 71], [75, 24], [63, 52], [82, 68], [87, 81], [31, 99], [40, 40], [37, 43], [9, 70], [41, 17], [91, 69], [20, 50], [46, 44], [38, 91], [72, 66], [0, 84], [86, 46], [66, 1], [70, 7], [23, 47], [11, 65], [87, 58], [61, 42], [77, 6], [63, 84], [1, 74], [95, 70], [91, 52], [19, 71], [30, 67], [25, 44], [28, 73], [56, 67], [62, 46], [93, 48], [27, 13], [59, 85], [92, 59], [28, 39], [33, 88], [17, 63], [59, 17], [76, 31], [43, 52], [86, 49], [44, 16], [96, 26], [11, 67], [26, 49], [71, 17], [42, 55], [49, 47], [67, 20], [68, 72], [6, 22], [30, 61], [47, 29], [14, 97], [75, 99], [86, 39], [45, 15], [24, 71], [98, 78], [83, 54], [80, 28], [52, 18], [60, 13], [80, 90], [6, 48], [33, 71], [14, 78], [46, 22], [82, 4], [94, 41], [1, 42], [23, 70], [4, 70], [24, 53], [82, 31], [67, 97], [38, 34], [57, 67], [40, 46], [53, 16], [51, 52], [3, 65], [7, 2], [16, 89], [93, 52], [34, 50], [98, 95], [77, 9], [12, 76], [16, 12], [14, 28], [88, 41], [33, 75], [77, 24], [63, 35], [72, 14], [80, 31], [86, 41], [35, 81], [28, 17], [70, 25], [95, 59], [50, 51], [85, 75], [84, 32], [0, 87], [10, 8], [38, 57], [33, 82], [14, 48], [31, 34], [34, 71], [65, 53], [68, 15], [77, 93], [28, 96], [37, 57], [79, 24], [17, 62], [51, 57], [89, 13], [17, 77], [8, 92], [1, 30], [82, 58], [43, 26], [44, 49], [21, 88], [2, 95], [88, 30], [21, 31], [68, 14], [54, 51], [51, 58], [24, 93], [44, 94], [64, 3], [97, 12], [84, 41], [32, 83], [30, 65], [49, 44], [80, 55], [37, 79], [59, 96], [63, 48], [56, 79], [5, 34], [45, 21], [22, 93], [31, 0], [17, 89], [46, 30], [84, 37], [92, 44], [77, 33], [49, 40], [55, 33], [90, 46], [33, 7], [55, 86], [54, 43], [69, 85], [68, 19], [24, 61], [73, 31], [97, 57], [88, 28], [76, 95], [3, 45], [86, 33], [97, 40], [30, 80], [53, 61], [27, 64], [28, 49], [48, 46], [18, 77], [60, 35], [43, 61], [98, 47], [18, 92], [96, 1], [30, 78], [16, 75], [87, 17], [42, 15], [20, 76], [99, 71], [27, 73], [52, 52], [30, 74], [37, 14], [95, 62], [98, 33], [50, 66], [77, 56], [7, 3], [90, 41], [45, 65], [22, 77], [38, 2], [45, 5], [20, 26], [68, 89], [49, 59], [1, 63], [36, 37], [84, 45], [88, 83], [64, 4], [77, 32], [20, 92], [44, 95], [34, 30], [40, 45], [44, 5], [19, 68], [35, 35], [10, 39], [35, 59], [90, 15], [33, 61], [93, 41], [13, 59], [7, 94], [16, 90], [28, 54], [28, 11], [3, 81], [99, 38], [13, 70], [75, 26], [39, 63], [26, 39], [33, 13], [51, 0], [0, 81], [93, 76], [90, 68], [32, 45], [1, 5], [65, 93], [67, 22], [84, 47], [92, 54], [61, 52], [98, 24], [35, 62], [48, 0], [67, 74], [51, 49], [30, 81], [74, 25], [82, 8], [41, 89], [2, 77], [77, 30], [12, 63], [7, 47], [88, 64], [12, 37], [67, 12], [70, 98], [48, 36], [53, 46], [29, 44], [84, 48], [96, 30], [78, 9], [87, 37], [94, 24], [96, 23], [86, 84], [96, 38], [45, 78], [39, 45], [86, 17], [85, 41], [82, 24], [95, 68], [44, 14], [61, 41], [71, 83], [6, 76], [22, 87], [98, 22], [48, 89], [26, 45], [60, 96], [64, 52], [17, 80], [25, 68], [61, 46], [5, 52], [36, 29], [7, 89], [4, 62], [34, 36], [25, 65], [22, 21], [54, 79], [83, 31], [62, 14], [8, 7], [29, 25], [88, 46], [13, 31], [37, 15], [81, 4], [88, 23], [92, 99], [19, 79], [15, 0], [75, 13], [28, 70], [84, 28], [97, 21], [56, 35], [93, 21], [85, 25], [8, 53], [33, 44], [29, 42], [3, 71], [97, 52], [85, 48], [27, 74], [59, 31], [31, 75], [85, 82], [68, 55], [28, 74], [78, 23], [66, 17], [98, 27], [79, 23], [22, 94], [26, 2], [16, 38], [33, 60], [21, 67], [15, 42], [15, 94], [84, 29], [4, 91], [21, 86], [48, 43], [59, 60], [34, 75], [47, 42], [29, 75], [61, 68], [93, 30], [63, 11], [97, 36], [31, 43], [59, 95], [25, 94], [94, 92], [50, 59], [26, 93], [28, 60], [80, 72], [47, 56], [52, 49], [97, 17], [23, 16], [28, 67], [54, 78], [42, 13], [63, 55], [56, 36], [94, 43], [86, 15], [60, 82], [83, 34], [46, 0], [63, 87], [99, 24], [92, 57], [98, 58], [52, 47], [97, 22], [42, 53], [48, 81], [62, 47], [10, 10], [59, 58], [3, 27], [88, 84], [72, 33], [99, 9], [83, 93], [61, 45], [82, 77], [47, 82], [55, 49], [49, 61], [24, 72], [87, 88], [15, 74], [38, 81], [42, 90], [77, 78], [92, 48], [19, 52], [65, 19], [88, 42], [43, 98], [27, 58], [97, 33], [67, 19], [56, 40], [74, 18], [12, 78], [37, 44], [77, 81], [41, 30], [90, 25], [36, 92], [81, 56], [38, 96], [85, 78], [59, 26], [12, 20], [45, 25], [89, 35], [9, 5], [23, 64], [45, 31], [56, 31], [33, 78], [91, 85], [79, 67], [32, 76], [30, 75], [12, 62], [31, 39], [27, 78], [34, 67], [49, 2], [92, 39], [14, 26], [96, 22], [97, 23], [91, 22], [71, 85], [67, 83], [71, 59], [89, 44], [51, 98], [85, 22], [26, 48], [35, 24], [78, 33], [50, 49], [46, 84], [37, 77], [31, 73], [11, 8], [64, 31], [22, 50], [31, 86], [52, 17], [89, 16], [97, 51], [79, 17], [82, 70], [70, 26], [8, 47], [61, 1], [16, 0], [56, 37], [16, 81], [39, 41], [35, 63], [28, 22], [52, 62], [51, 36], [24, 1], [52, 85], [43, 12], [91, 99], [81, 24], [35, 21], [7, 92], [15, 61], [99, 59], [60, 11], [30, 70], [19, 66], [2, 48], [43, 80], [90, 30], [18, 83], [87, 53], [35, 44], [29, 71], [74, 22], [16, 62], [78, 55], [89, 51], [18, 61], [78, 28], [63, 1], [40, 15], [99, 32], [42, 43], [83, 76], [46, 85], [73, 78], [37, 20], [20, 68], [37, 16], [2, 93], [80, 94], [68, 16], [40, 52], [26, 30], [69, 19], [87, 93], [99, 30], [56, 53], [95, 71], [31, 44], [81, 28], [20, 55], [28, 14], [84, 61], [96, 28], [76, 52], [59, 45], [99, 21], [26, 67], [98, 71], [99, 22], [64, 46], [98, 98], [15, 93], [66, 22], [59, 2], [26, 83], [22, 72], [20, 74], [69, 6], [48, 28], [98, 13], [98, 59], [18, 62], [56, 20], [33, 42], [26, 74], [58, 55], [41, 16], [49, 36], [41, 48], [56, 43], [58, 75], [73, 24], [98, 79], [38, 42], [17, 52], [32, 71], [43, 49], [51, 3], [25, 15], [42, 22], [89, 58], [94, 3], [98, 14], [80, 15], [88, 59], [38, 14], [48, 34], [74, 12], [3, 40], [61, 73], [5, 4], [97, 7], [5, 8], [4, 63], [74, 6], [9, 96], [18, 63], [16, 28], [45, 98], [91, 31], [76, 63], [15, 57], [35, 46], [51, 94], [57, 65], [18, 42], [82, 1], [89, 61], [50, 84], [97, 18], [50, 44], [86, 45], [16, 60], [42, 50], [32, 89], [38, 64], [26, 8], [43, 41], [25, 48], [25, 27], [25, 31], [41, 12], [55, 46], [81, 90], [21, 66], [64, 30], [85, 40], [8, 56], [30, 63], [36, 16], [92, 41], [14, 22], [0, 55], [58, 22], [97, 24], [65, 21], [55, 34], [81, 70], [4, 99], [33, 67], [24, 48], [80, 10], [16, 67], [33, 14], [53, 41], [14, 51], [83, 48], [24, 35], [50, 72], [68, 93], [32, 26], [25, 42], [90, 27], [75, 83], [41, 93], [21, 78], [48, 29], [72, 32], [46, 45], [8, 4], [15, 45], [91, 45], [62, 20], [38, 80], [41, 83], [44, 59], [7, 79], [32, 94], [80, 14], [98, 25], [52, 25], [26, 64], [16, 59], [91, 27], [39, 51], [84, 79], [26, 47], [45, 88], [33, 37], [14, 83], [34, 80], [83, 44], [77, 75], [25, 45], [33, 18], [30, 28], [52, 50], [96, 25], [18, 65], [25, 86], [86, 50], [90, 26], [50, 91], [82, 61], [63, 2], [74, 68], [5, 39], [21, 28], [52, 42], [54, 9], [43, 43], [35, 50], [62, 48], [14, 40], [83, 39], [87, 89], [8, 0], [93, 72], [19, 72], [23, 89], [18, 72], [62, 16], [32, 98], [52, 60], [29, 73], [23, 98], [80, 32], [79, 25], [15, 54], [5, 87], [50, 27], [32, 75], [3, 93], [62, 19], [48, 16], [94, 74], [54, 80], [95, 78], [64, 22], [75, 31], [98, 32], [56, 44], [71, 32], [40, 53], [54, 56], [35, 76], [46, 51], [40, 51], [44, 99], [30, 15], [25, 79], [87, 13], [38, 41], [5, 27], [29, 62], [15, 64], [99, 33], [92, 26], [28, 45], [3, 74], [95, 54], [69, 21], [60, 40], [71, 22], [3, 61], [1, 43], [19, 25], [82, 86], [28, 69], [9, 48], [16, 86], [18, 74], [14, 92], [52, 22], [38, 18], [24, 44], [53, 51], [53, 97], [62, 29], [9, 53], [77, 25], [72, 78], [61, 22], [33, 45], [13, 56], [47, 49], [91, 11], [49, 17], [43, 15], [76, 56], [18, 64], [90, 59], [50, 62], [92, 16], [80, 2], [89, 23], [28, 47], [42, 19], [18, 66], [94, 23], [4, 89], [97, 70], [69, 2], [84, 82], [19, 10], [18, 98], [38, 58], [88, 3], [87, 34], [84, 97], [5, 22], [42, 57], [30, 38], [30, 73], [19, 54], [16, 47], [8, 59], [0, 49], [55, 39], [4, 39], [45, 86], [93, 10], [21, 53], [20, 3], [72, 77], [85, 54], [21, 95], [18, 33], [26, 59], [21, 63], [39, 66], [46, 62], [49, 73], [20, 5], [29, 69], [10, 66], [48, 78], [48, 10], [53, 49], [75, 30], [28, 75], [98, 23], [78, 22], [52, 46], [84, 42], [8, 69], [11, 23], [4, 64], [59, 1], [18, 13], [94, 99], [88, 18], [83, 17], [89, 18], [67, 51], [62, 36], [39, 83], [14, 19], [67, 24], [14, 9], [99, 39], [34, 46], [16, 76], [84, 40], [11, 16], [52, 68], [89, 87], [29, 6], [47, 53], [78, 56], [19, 89], [2, 55], [10, 60], [28, 71], [84, 46], [31, 65], [96, 31], [89, 83], [88, 34], [46, 47], [15, 97], [54, 66], [29, 89], [18, 71], [79, 66], [33, 99], [85, 64], [39, 20], [68, 11], [38, 88], [16, 14], [80, 61], [63, 15], [69, 86], [4, 97], [70, 18], [69, 78], [63, 64], [61, 9], [17, 23], [56, 47], [21, 21], [63, 41], [27, 66], [88, 37], [79, 53], [33, 62], [58, 84], [78, 31], [44, 48], [70, 33], [79, 18], [52, 97], [90, 43], [77, 14], [31, 45], [53, 95], [25, 54], [91, 79], [50, 90], [54, 64], [63, 33], [32, 19], [10, 75], [96, 37], [6, 5], [28, 56], [12, 61], [20, 24], [26, 44], [68, 32], [99, 3], [78, 18], [28, 98], [39, 42], [68, 17], [87, 45], [86, 78], [19, 73], [63, 29], [36, 83], [96, 68], [25, 46], [15, 68], [60, 99], [40, 28], [79, 54], [26, 13], [72, 25], [82, 52], [84, 54], [9, 99], [84, 50], [43, 78], [9, 8], [45, 0], [15, 67], [62, 32], [19, 47], [42, 36], [47, 10], [21, 46], [71, 18], [21, 3], [44, 52], [36, 21], [27, 49], [14, 33], [53, 48], [53, 29], [86, 62], [63, 96], [52, 20], [83, 4], [18, 26], [42, 35], [35, 90], [40, 13], [34, 72], [62, 7], [78, 27], [42, 17], [86, 27], [9, 78], [39, 28], [91, 94], [73, 11], [79, 86], [38, 83], [85, 43], [24, 20], [49, 21], [72, 85], [82, 25], [81, 15], [60, 0], [91, 32], [25, 67], [94, 80], [62, 93], [73, 95], [21, 23], [2, 53], [35, 3], [42, 42], [54, 35], [71, 96], [3, 75], [77, 72], [92, 51], [32, 11], [28, 72], [64, 67], [33, 79], [26, 78], [47, 2], [52, 8], [70, 32], [5, 32], [23, 52], [86, 37], [99, 31], [45, 16], [86, 66], [77, 7], [18, 52], [30, 52], [71, 13], [95, 40], [84, 2], [98, 61], [37, 73], [6, 95], [4, 38], [5, 40], [19, 59], [66, 11], [87, 87], [10, 16], [39, 43], [28, 42], [80, 29], [16, 57], [64, 77], [43, 90], [37, 29], [10, 15], [82, 28], [6, 44], [65, 10], [16, 69], [60, 33], [43, 62], [91, 43], [47, 37], [21, 59], [42, 9], [44, 12], [30, 77], [1, 37], [20, 66], [43, 46], [78, 2], [72, 73], [69, 32], [65, 71], [47, 50], [31, 72], [11, 62], [23, 60], [93, 44], [79, 79], [51, 47], [79, 87], [43, 16], [67, 17], [50, 93], [29, 57], [99, 62], [27, 51], [55, 67], [89, 40], [58, 17], [73, 84], [41, 87], [72, 6], [64, 0], [82, 20], [53, 63], [36, 17], [87, 25], [89, 95], [20, 58], [31, 51], [72, 3], [46, 54], [33, 15], [92, 70], [18, 53], [72, 82], [43, 60], [1, 65], [93, 64], [60, 43], [12, 9], [11, 36], [46, 19], [20, 84], [37, 87], [59, 73], [35, 88], [91, 23], [93, 68], [58, 76], [20, 37], [78, 21], [71, 5], [87, 23], [71, 20], [1, 68], [39, 77], [40, 79], [70, 54], [1, 4], [50, 69], [55, 31], [86, 51], [1, 62], [26, 50], [62, 5], [55, 58], [34, 74], [44, 81], [46, 81], [15, 48], [10, 52], [29, 83], [38, 51], [40, 44], [7, 66], [71, 15], [32, 72], [73, 54], [86, 77], [44, 25], [26, 73], [11, 7], [70, 90], [66, 33], [36, 78], [95, 48], [28, 43], [31, 79], [73, 21], [88, 20], [72, 70], [67, 33], [25, 64], [31, 64], [70, 21], [8, 74], [99, 82], [29, 92], [27, 85], [42, 65], [41, 49], [74, 52], [87, 80], [38, 26], [15, 62], [53, 8], [10, 6], [51, 60], [34, 69], [24, 25], [91, 42], [24, 83], [98, 76], [30, 79], [75, 53], [16, 94], [48, 51], [92, 1], [19, 65], [61, 69], [24, 39], [41, 58], [22, 17], [32, 38], [13, 78], [52, 70], [10, 7], [36, 27], [83, 7], [21, 10], [48, 79], [23, 58], [38, 50], [15, 47], [63, 0], [68, 86], [40, 38], [78, 32], [95, 85], [58, 18], [75, 71], [21, 76], [26, 42], [61, 10], [36, 74], [7, 82], [40, 36], [52, 11], [61, 95], [98, 65], [76, 29], [93, 11], [39, 57], [31, 98], [58, 21], [81, 32], [76, 18], [13, 55], [60, 46], [72, 80], [10, 58], [23, 67], [44, 34], [54, 87], [1, 6], [58, 74], [54, 50], [36, 46], [50, 60], [96, 72], [59, 63], [90, 12], [10, 77], [37, 45], [73, 20], [75, 70], [32, 70], [1, 77], [29, 90], [55, 72], [47, 46], [65, 33], [47, 73], [16, 77], [35, 52], [37, 34], [58, 87], [78, 51], [79, 94], [39, 14], [28, 87], [35, 60], [74, 55], [83, 75], [25, 66], [77, 61], [53, 55], [47, 31], [4, 0], [47, 71], [97, 16], [24, 92], [7, 13], [95, 79], [94, 47], [6, 87], [68, 85], [95, 72], [16, 30], [92, 24], [97, 27], [92, 27], [99, 35], [87, 43], [93, 46], [72, 89], [45, 99], [35, 98], [17, 27], [95, 45], [59, 47], [88, 32], [37, 22], [21, 49], [97, 78], [30, 34], [82, 75], [49, 98], [88, 44], [72, 74], [78, 91], [72, 31], [70, 20], [76, 57], [47, 59], [27, 42], [86, 2], [37, 81], [58, 7], [11, 0], [27, 70], [80, 58], [30, 16], [19, 53], [51, 12], [57, 37], [25, 41], [19, 35], [83, 45], [72, 20], [9, 30], [24, 43]], "targets": [[40, 1], [25, 37], [94, 18], [68, 59], [45, 87], [15, 43], [88, 3], [42, 89], [94, 77], [59, 79], [80, 68], [79, 19], [43, 81], [12, 54], [68, 93], [43, 83], [66, 78], [12, 58], [53, 87], [34, 20], [1, 6], [50, 69], [51, 23], [71, 66], [88, 11], [35, 39], [83, 89], [62, 44], [25, 16], [43, 51], [85, 59], [42, 49], [84, 78], [46, 83], [89, 86], [81, 64], [43, 84], [9, 61], [13, 49], [89, 0], [60, 32], [60, 78], [50, 56], [49, 80], [14, 42], [85, 73], [85, 9], [34, 23], [34, 41], [41, 8], [27, 39], [25, 13], [71, 84], [4, 2], [52, 79], [67, 96], [94, 88], [75, 66], [72, 56], [35, 84], [8, 61], [76, 19], [10, 54], [56, 93], [49, 76], [35, 40], [90, 4], [60, 34], [73, 85], [89, 8], [67, 65], [62, 77], [52, 16], [54, 47], [43, 86], [9, 46], [83, 53], [41, 82], [91, 16], [54, 77], [29, 24], [39, 43], [48, 8], [31, 46], [88, 75], [79, 75], [27, 17], [29, 97], [5, 64], [2, 42], [73, 91], [9, 6], [71, 61], [87, 2], [55, 42], [33, 46], [64, 73], [47, 71], [74, 97], [51, 56], [50, 86], [6, 50], [98, 77], [76, 66], [83, 86], [75, 70], [33, 86], [11, 55], [95, 10], [76, 20], [1, 50], [47, 86], [52, 76], [30, 24], [67, 71], [40, 38], [38, 8], [18, 42], [23, 19], [79, 6], [58, 33], [75, 57], [54, 75], [78, 91], [0, 3], [97, 16], [72, 67], [92, 82], [78, 78], [68, 69], [30, 95], [14, 55], [26, 41], [48, 19], [53, 55], [2, 47], [40, 84], [8, 43], [89, 60], [46, 84], [92, 5], [68, 90], [81, 6], [46, 69], [76, 98], [29, 34], [69, 31], [30, 48], [49, 6], [25, 44], [92, 76], [88, 66], [15, 9], [76, 65], [43, 87], [14, 48], [72, 74], [77, 23], [4, 44], [50, 95], [53, 67], [76, 89], [41, 50], [6, 1], [39, 50], [48, 86], [1, 51], [50, 67], [71, 69], [87, 6], [76, 5], [62, 37], [85, 82], [83, 77], [30, 88], [10, 51], [34, 28], [72, 86], [42, 44], [81, 72], [13, 56], [98, 17], [70, 67], [41, 4], [26, 32], [17, 20], [68, 68], [55, 73], [71, 97], [44, 25], [50, 52], [51, 88], [10, 49], [82, 7], [84, 81], [80, 76], [79, 87], [37, 40], [86, 59], [41, 98], [40, 88], [13, 54], [3, 6], [90, 11], [56, 30], [79, 29], [12, 41], [58, 93], [56, 74], [51, 82], [24, 30], [84, 54], [66, 70], [34, 49], [71, 93], [69, 76], [41, 2], [22, 36], [83, 76], [84, 76], [19, 8], [50, 57], [77, 8], [36, 83], [14, 52], [51, 78], [4, 42], [68, 32], [81, 70], [54, 69], [0, 44], [76, 94], [90, 12], [24, 50], [71, 91], [9, 1], [98, 11], [65, 65], [21, 27], [89, 74], [87, 75], [82, 65], [64, 77], [44, 97], [13, 60], [33, 38], [92, 6], [53, 16], [42, 48], [77, 87], [47, 78], [59, 30], [40, 3], [24, 32], [19, 15], [76, 18], [6, 55], [58, 95], [54, 67], [42, 81], [5, 47], [76, 54], [41, 83], [94, 6], [34, 40], [95, 83], [85, 65], [31, 88], [3, 50], [73, 88], [90, 2], [58, 72], [58, 75], [79, 93], [26, 23], [8, 2], [82, 73], [5, 51], [57, 32], [43, 46], [41, 54], [53, 86], [2, 41], [50, 1], [28, 46], [84, 83], [82, 66], [23, 15], [75, 79], [79, 56], [44, 95], [2, 58], [86, 6], [50, 76], [95, 17], [68, 65], [26, 53], [88, 4], [63, 78], [73, 26], [14, 43], [52, 89], [48, 66], [88, 69], [58, 31], [30, 33], [68, 94], [45, 15], [49, 44], [91, 75], [79, 76], [9, 5], [65, 76], [40, 47], [44, 83], [0, 48], [50, 82], [9, 52], [48, 80], [67, 94], [77, 57], [44, 6], [20, 37], [25, 9], [46, 82], [85, 6], [78, 90], [92, 1], [7, 40], [35, 49], [68, 73], [57, 44], [85, 83], [81, 65], [84, 61], [38, 87], [53, 70], [9, 49], [26, 20], [47, 56], [79, 89], [49, 86], [8, 44], [29, 42], [6, 0], [74, 53], [84, 27], [13, 52], [52, 87], [52, 77], [88, 0], [98, 14], [66, 60], [85, 7], [52, 4], [25, 35], [97, 82], [87, 62], [24, 15], [61, 36], [62, 70], [54, 83], [76, 96], [73, 90], [39, 98], [11, 58], [32, 55], [81, 63], [48, 16], [50, 53], [26, 33], [6, 44], [44, 80], [8, 49], [79, 3], [90, 85], [76, 70], [69, 95], [39, 48], [72, 68], [43, 80], [41, 94], [45, 82], [9, 56], [7, 6], [87, 18], [58, 40], [62, 74], [42, 1], [27, 42], [28, 16], [80, 66], [33, 49], [52, 53], [66, 83], [79, 21], [14, 44], [54, 86], [50, 77], [85, 87], [86, 65], [92, 8], [56, 70], [72, 97], [21, 23], [39, 81], [3, 48], [36, 85], [11, 60], [93, 14], [73, 68], [79, 73], [58, 38], [64, 71], [24, 40], [94, 12], [77, 82], [70, 69], [2, 5], [9, 40], [47, 6], [31, 39], [98, 90], [73, 62], [24, 7], [45, 80], [88, 57], [48, 18], [46, 55], [82, 4], [40, 50], [30, 84], [14, 59], [70, 82], [28, 32], [51, 89], [1, 42], [56, 42], [70, 57], [84, 90], [70, 77], [76, 72], [78, 26], [58, 79], [13, 50], [77, 94], [39, 86], [46, 91], [50, 73], [81, 14], [37, 48], [70, 95], [40, 97], [9, 63], [81, 5], [49, 47], [86, 67], [39, 7], [19, 42], [26, 16], [6, 5], [27, 48], [66, 31], [95, 8], [64, 61], [45, 78], [1, 53], [58, 76], [28, 26], [87, 90], [88, 72], [7, 49], [72, 94], [70, 70], [61, 76], [45, 96], [8, 58], [92, 10], [37, 50], [78, 5], [44, 22], [47, 52], [81, 73], [77, 93], [48, 68], [79, 95], [63, 36], [49, 4], [29, 40], [83, 79], [79, 65], [17, 12], [83, 24], [5, 48], [53, 95], [47, 69], [6, 2], [35, 52], [49, 81], [2, 43], [36, 92], [1, 54], [27, 30], [86, 73], [67, 70], [79, 5], [75, 95], [46, 80], [88, 15], [54, 78], [70, 78], [34, 39], [95, 75], [72, 69], [49, 48], [64, 32], [73, 72], [9, 53], [98, 9], [64, 59], [29, 88], [9, 62], [78, 88], [47, 0], [24, 39], [15, 15], [53, 80], [8, 51], [28, 39], [80, 7], [62, 66], [57, 71], [69, 94], [32, 33], [4, 6], [76, 73], [96, 78], [74, 67], [83, 6], [84, 21], [12, 43], [48, 92], [49, 73], [57, 39], [84, 93], [50, 16], [45, 49], [39, 47], [42, 93], [0, 51], [70, 59], [45, 79], [42, 90], [11, 53], [84, 0], [50, 0], [27, 33], [93, 90], [76, 69], [28, 13], [59, 71], [81, 80], [28, 49], [77, 59], [35, 30], [11, 41], [38, 98], [44, 79], [7, 59], [5, 5], [89, 18], [55, 31], [47, 54], [49, 72], [67, 95], [95, 12], [64, 66], [77, 60], [36, 40], [75, 91], [85, 85], [85, 64], [90, 8], [43, 89], [15, 42], [61, 66], [77, 22], [12, 51], [49, 92], [54, 76], [43, 95], [11, 49], [80, 60], [44, 0], [30, 40], [15, 19], [26, 54], [65, 33], [42, 79], [27, 28], [68, 81], [89, 9], [49, 18], [52, 50], [86, 77], [78, 65], [5, 2], [87, 73], [88, 2], [69, 74], [42, 42], [1, 44], [31, 93], [11, 57], [83, 87], [51, 87], [7, 47], [72, 72], [46, 70], [74, 95], [56, 35], [90, 65], [50, 8], [25, 45], [95, 90], [85, 78], [15, 14], [30, 42], [21, 21], [41, 79], [92, 17], [41, 55], [99, 15], [64, 63], [83, 91], [76, 3], [79, 23], [9, 47], [57, 92], [56, 76], [29, 92], [2, 52], [74, 64], [56, 79], [7, 5], [36, 45], [44, 89], [9, 55], [59, 74], [65, 30], [91, 78], [76, 63], [81, 86], [88, 55], [51, 4], [23, 32], [79, 0], [39, 91], [56, 71], [13, 47], [71, 94], [8, 52], [30, 27], [53, 20], [83, 12], [36, 46], [19, 21], [44, 55], [87, 72], [67, 86], [96, 79], [78, 74], [69, 33], [67, 72], [41, 90], [13, 55], [40, 49], [1, 1], [53, 76], [79, 67], [36, 93], [8, 64], [76, 27], [3, 49], [47, 93], [46, 72], [87, 7], [82, 87], [99, 12], [71, 59], [48, 49], [46, 85], [85, 15], [34, 31], [35, 55], [45, 6], [21, 38], [97, 80], [81, 77], [27, 21], [78, 58], [55, 36], [58, 70], [46, 68], [76, 97], [50, 89], [13, 44], [84, 91], [32, 87], [1, 48], [14, 49], [63, 72], [28, 52], [80, 4], [80, 53], [0, 1], [95, 76], [80, 62], [45, 22], [50, 51], [95, 7], [69, 85], [51, 68], [33, 33], [56, 37], [36, 42], [51, 5], [30, 37], [14, 21], [84, 60], [38, 91], [10, 59], [65, 77], [74, 20], [6, 42], [55, 98], [49, 65], [41, 85], [3, 44], [82, 5], [98, 81], [81, 66], [78, 81], [27, 47], [71, 68], [94, 15], [68, 64], [51, 71], [69, 99], [51, 51], [42, 85], [44, 87], [9, 64], [3, 4], [87, 12], [61, 40], [0, 43], [22, 21], [77, 68], [29, 37], [76, 92], [68, 71], [42, 9], [27, 41], [90, 86], [86, 64], [16, 12], [77, 7], [46, 81], [5, 52], [48, 83], [88, 61], [33, 95], [6, 60], [37, 41], [47, 21], [45, 48], [76, 82], [57, 33], [75, 28], [8, 56], [50, 96], [51, 69], [87, 9], [91, 82], [78, 66], [87, 5], [67, 69], [57, 83], [74, 93], [29, 27], [7, 2], [83, 56], [28, 41], [49, 87], [2, 50], [38, 0], [27, 38], [26, 13], [83, 92], [35, 92], [12, 50], [97, 12], [65, 59], [6, 40], [88, 65], [63, 30], [42, 50], [89, 80], [85, 67], [69, 77], [27, 40], [53, 78], [44, 82], [90, 5], [67, 79], [83, 5], [60, 77], [85, 55], [33, 91], [1, 60], [31, 27], [53, 77], [8, 53], [29, 51], [0, 0], [84, 30], [12, 49], [51, 91], [51, 72], [39, 4], [20, 36], [93, 84], [74, 73], [14, 16], [64, 44], [53, 83], [73, 96], [66, 91], [75, 54], [43, 22], [51, 58], [78, 7], [42, 55], [44, 98], [12, 60], [84, 19], [64, 67], [70, 66], [78, 84], [11, 46], [86, 74], [85, 70], [51, 76], [28, 28], [43, 88], [11, 45], [90, 14], [67, 62], [68, 30], [37, 47], [2, 0], [39, 1], [18, 39], [18, 10], [74, 60], [50, 50], [76, 6], [29, 94], [1, 49], [83, 78], [91, 83], [68, 66], [79, 71], [81, 25], [55, 79], [0, 42], [71, 96], [42, 88], [54, 94], [47, 66], [81, 17], [35, 45], [83, 70], [56, 39], [47, 90], [2, 55], [23, 25], [69, 80], [33, 90], [4, 60], [24, 42], [78, 0], [47, 20], [50, 44], [88, 73], [48, 67], [52, 5], [20, 41], [99, 85], [81, 78], [24, 17], [14, 53], [4, 0], [60, 67], [73, 83], [90, 7], [71, 72], [42, 54], [59, 31], [72, 73], [96, 10], [63, 58], [31, 94], [0, 53], [53, 84], [5, 55], [91, 4], [55, 83], [78, 94], [21, 29], [88, 83], [79, 63], [83, 23], [0, 52], [48, 88], [52, 71], [73, 80], [48, 45], [25, 40], [71, 54], [47, 5], [26, 42], [27, 7], [65, 71], [39, 89], [47, 81], [14, 63], [0, 6], [82, 15], [57, 36], [44, 73], [71, 58], [38, 51], [81, 94], [95, 78], [80, 77], [81, 1], [52, 86], [5, 41], [8, 50], [26, 29], [46, 17], [52, 52], [86, 55], [32, 44], [34, 97], [8, 60], [73, 84], [61, 78], [56, 80], [75, 97], [66, 30], [45, 9], [21, 46], [96, 89], [72, 78], [15, 20], [86, 14], [99, 18], [64, 65], [83, 3], [80, 21], [13, 40], [53, 91], [49, 71], [77, 65], [2, 2], [37, 44], [44, 86], [10, 42], [80, 79], [32, 98], [54, 79], [9, 60], [21, 24], [49, 49], [90, 53], [98, 75], [84, 68], [55, 43], [59, 66], [28, 42], [13, 42], [84, 5], [72, 77], [40, 78], [83, 11], [40, 9], [23, 46], [23, 11], [90, 67], [52, 67], [77, 96], [46, 89], [14, 47], [45, 90], [7, 48], [66, 73], [32, 39], [5, 6], [89, 89], [76, 76], [51, 15], [54, 46], [74, 91], [35, 32], [63, 37], [84, 70], [62, 71], [80, 19], [9, 50], [58, 90], [45, 65], [80, 2], [37, 55], [90, 15], [69, 63], [46, 78], [39, 83], [12, 57], [83, 13], [89, 57], [71, 79], [40, 8], [32, 45], [90, 81], [88, 63], [15, 17], [48, 87], [6, 48], [24, 37], [43, 45], [58, 35], [1, 47], [89, 5], [69, 72], [51, 83], [76, 95], [24, 20], [9, 4], [75, 68], [78, 89], [35, 87], [1, 58], [94, 79], [74, 76], [27, 50], [39, 85], [89, 14], [75, 58], [47, 79], [13, 46], [83, 25], [10, 41], [53, 89], [46, 71], [50, 9], [23, 36], [21, 9], [58, 37], [48, 71], [76, 83], [50, 25], [54, 50], [89, 2], [39, 53], [32, 89], [1, 61], [71, 65], [90, 63], [94, 89], [80, 74], [33, 21], [97, 11], [66, 68], [1, 2], [72, 83], [50, 81], [0, 56], [73, 99], [86, 13], [34, 52], [75, 63], [59, 36], [49, 90], [2, 54], [45, 83], [2, 57], [85, 3], [45, 56], [51, 7], [20, 42], [84, 79], [76, 74], [21, 17], [66, 69], [66, 85], [70, 73], [24, 41], [75, 72], [50, 68], [32, 34], [81, 20], [4, 46], [52, 90], [50, 66], [32, 97], [37, 80], [3, 58], [1, 5], [91, 10], [64, 40], [81, 62], [28, 44], [75, 89], [99, 81], [73, 69], [79, 7], [48, 89], [15, 44], [46, 21], [46, 44], [62, 79], [52, 68], [78, 95], [45, 7], [28, 33], [14, 8], [92, 9], [65, 60], [10, 40], [77, 64], [30, 39], [79, 82], [43, 92], [9, 58], [32, 28], [95, 89], [88, 74], [66, 32], [79, 2], [95, 6], [90, 54], [53, 79], [48, 81], [6, 49], [31, 53], [2, 1], [45, 51], [76, 87], [64, 72], [78, 23], [10, 55], [49, 89], [55, 66], [32, 84], [2, 48], [73, 55], [39, 2], [32, 42], [97, 78], [74, 74], [16, 20], [33, 54], [63, 32], [82, 1], [53, 74], [69, 98], [34, 34], [82, 92], [40, 87], [92, 19], [79, 60], [41, 87], [6, 45], [11, 56], [47, 17], [45, 54], [30, 41], [39, 95], [13, 51], [69, 65], [96, 86], [80, 75], [93, 17], [63, 59], [4, 3], [84, 77], [52, 78], [90, 64], [62, 41], [81, 4], [45, 5], [22, 44], [24, 8], [63, 70], [38, 47], [24, 23], [76, 29], [9, 41], [46, 88], [44, 66], [30, 83], [12, 56], [84, 14], [90, 58], [66, 87], [86, 90], [77, 78], [49, 84], [6, 52], [49, 50], [59, 78], [56, 68], [78, 97], [37, 43], [61, 44], [89, 4], [82, 59], [8, 4], [83, 85], [1, 52], [40, 82], [7, 62], [42, 7], [20, 35], [92, 89], [80, 64], [14, 11], [33, 39], [55, 82], [33, 23], [42, 86], [92, 7], [86, 72], [48, 90], [15, 41], [43, 18], [41, 57], [65, 70], [96, 14], [70, 68], [66, 82], [57, 31], [86, 2], [42, 41], [79, 24], [7, 44], [52, 93], [55, 70], [33, 85], [3, 60], [76, 60], [87, 77], [79, 62], [57, 73], [68, 96], [3, 0], [77, 91], [52, 8], [23, 41], [16, 16], [33, 40], [35, 29], [85, 12], [84, 67], [51, 81], [14, 41], [54, 56], [60, 79], [57, 38], [86, 1], [12, 40], [31, 82], [14, 50], [86, 81], [72, 76], [57, 80], [75, 77], [33, 53], [83, 57], [25, 41], [72, 64], [58, 51], [55, 60], [53, 65], [30, 8], [66, 97], [76, 31], [8, 76], [33, 31], [65, 2], [35, 63], [62, 91], [81, 95], [87, 64], [38, 79], [51, 21], [42, 3], [10, 23], [19, 14], [19, 2], [91, 96], [97, 47], [5, 84], [12, 75], [22, 54], [94, 2], [41, 3], [85, 98], [87, 65], [72, 16], [88, 93], [18, 48], [26, 96], [24, 63], [14, 81], [98, 4], [58, 78], [61, 39], [65, 86], [64, 41], [83, 64], [60, 11], [0, 66], [19, 87], [73, 87], [14, 72], [77, 74], [0, 80], [64, 23], [61, 85], [17, 56], [31, 52], [29, 4], [22, 11], [86, 78], [23, 85], [19, 96], [94, 62], [32, 36], [40, 23], [23, 8], [13, 22], [22, 52], [60, 87], [56, 47], [55, 89], [26, 78], [15, 10], [54, 32], [11, 11], [42, 91], [36, 17], [19, 57], [58, 81], [24, 69], [93, 73], [7, 45], [96, 67], [80, 18], [67, 17], [80, 87], [5, 54], [34, 6], [25, 82], [4, 84], [87, 92], [32, 86], [49, 45], [74, 8], [8, 47], [13, 1], [21, 94], [43, 7], [72, 29], [90, 98], [36, 27], [23, 81], [92, 98], [63, 22], [98, 10], [16, 67], [73, 14], [94, 45], [97, 1], [43, 5], [92, 11], [11, 3], [50, 65], [15, 22], [11, 96], [3, 59], [35, 59], [79, 94], [83, 97], [34, 76], [67, 30], [71, 33], [6, 94], [15, 71], [75, 61], [74, 89], [43, 64], [65, 92], [51, 97], [40, 86], [47, 89], [84, 69], [59, 13], [21, 51], [93, 7], [14, 23], [89, 37], [10, 4], [88, 78], [41, 48], [51, 6], [11, 0], [46, 51], [26, 25], [42, 0], [89, 26], [11, 78], [79, 14], [61, 31], [93, 24], [44, 15], [20, 62], [13, 14], [34, 92], [13, 4], [95, 94], [58, 92], [57, 48], [31, 92], [21, 48], [79, 98], [56, 66], [8, 72], [67, 58], [12, 94], [66, 99], [35, 90], [6, 6], [5, 94], [47, 26], [91, 0], [29, 28], [69, 70], [57, 35], [15, 12], [53, 27], [44, 47], [23, 45], [8, 98], [37, 21], [74, 2], [41, 14], [4, 45], [77, 51], [24, 53], [97, 13], [11, 28], [77, 81], [64, 91], [84, 1], [42, 98], [64, 69], [81, 92], [61, 92], [88, 21], [64, 39], [92, 31], [57, 7], [6, 83], [37, 34], [48, 35], [94, 5], [54, 82], [82, 51], [34, 3], [4, 22], [18, 95], [78, 27], [97, 69], [60, 62], [53, 24], [71, 0], [52, 32], [48, 31], [41, 21], [34, 64], [77, 89], [97, 81], [23, 38], [35, 99], [30, 60], [63, 92], [64, 15], [95, 41], [81, 33], [97, 83], [87, 76], [1, 23], [69, 86], [29, 7], [64, 47], [83, 95], [19, 54], [37, 87], [8, 62], [15, 58], [83, 96], [8, 23], [4, 64], [90, 3], [65, 3], [44, 37], [92, 43], [95, 80], [10, 47], [17, 92], [42, 30], [92, 56], [97, 86], [5, 60], [19, 79], [93, 6], [99, 26], [29, 98], [49, 25], [59, 47], [49, 27], [71, 92], [52, 74], [66, 3], [11, 22], [26, 26], [73, 76], [74, 51], [98, 79], [14, 29], [39, 18], [90, 0], [61, 62], [7, 70], [33, 81], [0, 18], [46, 60], [3, 68], [28, 51], [13, 21], [52, 88], [58, 67], [30, 61], [62, 61], [86, 89], [77, 80], [39, 33], [13, 71], [86, 37], [41, 92], [65, 96], [9, 14], [93, 49], [52, 24], [80, 61], [28, 18], [68, 9], [65, 32], [36, 86], [29, 89], [27, 81], [23, 78], [35, 56], [5, 22], [72, 2], [36, 34], [2, 34], [58, 77], [20, 85], [93, 26], [73, 22], [0, 87], [91, 98], [62, 26], [74, 23], [82, 14], [62, 24], [83, 7], [6, 68], [44, 48], [53, 81], [52, 96], [1, 79], [51, 27], [57, 67], [6, 82], [18, 20], [57, 66], [88, 96], [12, 34], [82, 75], [69, 14], [40, 5], [47, 49], [11, 32], [10, 92], [35, 10], [6, 32], [38, 3], [11, 97], [8, 81], [93, 72], [19, 82], [91, 37], [70, 83], [62, 22], [58, 44], [47, 88], [94, 50], [61, 54], [55, 93], [99, 68], [46, 40], [10, 37], [20, 63], [97, 95], [47, 99], [61, 8], [0, 97], [8, 31], [58, 56], [67, 74], [77, 62], [50, 98], [84, 99], [16, 49], [50, 84], [49, 54], [91, 41], [94, 22], [51, 62], [91, 56], [1, 28], [70, 80], [15, 45], [51, 31], [90, 26], [71, 27], [5, 72], [10, 71], [2, 76], [9, 17], [92, 44], [35, 54], [93, 75], [23, 0], [65, 4], [39, 11], [60, 83], [87, 95], [10, 28], [20, 50], [58, 89], [25, 95], [14, 15], [37, 89], [37, 53], [38, 53], [7, 24], [27, 26], [3, 7], [54, 30], [5, 38], [35, 51], [66, 15], [99, 2], [28, 22], [78, 16], [73, 29], [9, 19], [18, 60], [39, 8], [38, 97], [50, 10], [64, 18], [87, 55], [90, 70], [57, 25], [32, 8], [83, 29], [5, 58], [12, 98], [55, 75], [4, 63], [96, 33], [3, 77], [42, 34], [83, 18], [92, 91], [67, 54], [12, 11], [80, 9], [14, 85], [72, 57], [11, 80], [93, 77], [65, 12], [15, 18], [70, 53], [59, 1], [48, 93], [33, 48], [94, 64], [31, 74], [71, 73], [14, 76], [5, 57], [71, 60], [90, 6], [5, 9], [29, 54], [22, 32], [72, 33], [12, 72], [60, 15], [12, 23], [31, 86], [9, 75], [50, 61], [10, 15], [37, 86], [53, 41], [13, 53], [84, 72], [87, 40], [14, 89], [30, 62], [43, 54], [65, 90], [90, 24], [16, 96], [31, 15], [13, 5], [66, 84], [56, 27], [41, 33], [72, 23], [16, 57], [18, 74], [26, 85], [61, 83], [73, 89], [3, 12], [36, 36], [96, 80], [14, 91], [81, 87], [59, 50], [5, 43], [29, 87], [66, 62], [29, 13], [3, 28], [37, 84], [99, 13], [72, 93], [45, 91], [87, 43], [60, 68], [92, 79], [88, 62], [35, 2], [94, 13], [79, 33], [98, 95], [64, 16], [16, 64], [13, 33], [45, 42], [27, 37], [73, 52], [62, 65], [85, 38], [90, 66], [35, 11], [42, 14], [44, 57], [62, 67], [79, 66], [39, 99], [33, 87], [6, 76], [25, 14], [64, 83], [98, 78], [18, 49], [72, 18], [36, 0], [12, 18], [97, 58], [31, 48], [62, 5], [31, 6], [96, 85], [19, 65], [31, 22], [39, 62], [63, 82], [56, 91], [94, 96], [7, 30], [86, 33], [32, 0], [99, 55], [33, 47], [82, 94], [42, 56], [91, 1], [27, 84], [74, 21], [0, 81], [73, 6], [49, 36], [18, 2], [87, 39], [21, 32], [39, 63], [7, 55], [86, 99], [42, 11], [17, 24], [3, 73], [71, 22], [64, 55], [21, 37], [4, 34], [85, 57], [81, 11], [7, 17], [22, 33], [52, 56], [85, 37], [64, 3], [86, 22], [27, 11], [2, 88], [53, 32], [0, 92], [66, 98], [86, 63], [47, 84], [88, 28], [20, 56], [34, 87], [28, 78], [78, 22], [64, 21], [2, 51], [35, 80], [41, 46], [25, 91], [11, 85], [94, 99], [99, 54], [11, 88], [72, 24], [56, 21], [84, 18], [55, 81], [12, 89], [99, 25], [58, 21], [65, 62], [86, 17], [61, 3], [54, 34], [80, 86], [7, 71], [38, 31], [82, 58], [66, 22], [32, 38], [34, 72], [88, 64], [12, 55], [50, 4], [20, 97], [54, 21], [95, 19], [28, 83], [7, 74], [14, 39], [32, 81], [68, 83], [95, 61], [9, 11], [39, 84], [34, 1], [56, 13], [44, 46], [67, 91], [19, 33], [7, 90], [28, 27], [55, 9], [18, 79], [25, 61], [55, 1], [67, 90], [60, 40], [42, 21], [8, 96], [48, 96], [29, 99], [13, 77], [1, 20], [4, 25], [30, 38], [92, 86], [64, 89], [46, 23], [21, 35], [91, 54], [38, 84], [53, 12], [56, 65], [90, 74], [60, 85], [15, 91], [45, 8], [2, 28], [49, 93], [77, 84], [51, 52], [81, 23], [35, 91], [8, 66], [18, 98], [29, 29], [48, 84], [61, 17], [25, 5], [97, 17], [58, 49], [69, 56], [94, 54], [42, 24], [9, 23], [8, 1], [77, 20], [0, 59], [7, 80], [89, 88], [7, 26], [97, 53], [11, 25], [70, 1], [73, 32], [44, 45], [93, 11], [50, 6], [50, 23], [73, 24], [47, 63], [89, 33], [98, 74], [86, 24], [51, 65], [63, 33], [30, 45], [59, 18], [92, 21], [42, 94], [92, 68], [83, 82], [20, 60], [68, 25], [10, 87], [66, 8], [74, 88], [93, 16], [19, 34], [11, 33], [85, 99], [56, 22], [40, 89], [22, 37], [41, 65], [2, 79], [95, 57], [39, 94], [92, 23], [65, 80], [75, 74], [27, 16], [18, 59], [42, 8], [40, 79], [7, 86], [43, 44], [21, 42], [23, 48], [54, 16], [96, 43], [99, 39], [24, 19], [57, 99], [37, 14], [8, 85], [46, 19], [96, 27], [78, 87], [69, 61], [69, 11], [68, 54], [11, 35], [54, 91], [17, 70], [86, 0], [99, 79], [98, 83], [4, 11], [52, 82], [55, 16], [35, 8], [11, 23], [0, 45], [0, 10], [73, 57], [57, 54], [58, 20], [94, 39], [1, 74], [17, 10], [7, 27], [51, 1], [7, 9], [88, 45], [13, 61], [49, 17], [1, 0], [22, 63], [48, 14], [8, 55], [99, 3], [45, 20], [16, 18], [66, 18], [49, 5], [39, 92], [39, 40], [73, 73], [63, 26], [9, 82], [53, 40], [34, 96], [25, 10], [85, 86], [93, 88], [68, 67], [28, 29], [37, 38], [48, 95], [98, 0], [51, 43], [21, 19], [2, 7], [22, 82], [13, 90], [30, 87], [62, 8], [98, 94], [19, 76], [35, 79], [74, 59], [63, 6], [75, 11], [53, 94], [20, 31], [40, 25], [5, 78], [64, 51], [46, 24], [2, 93], [4, 72], [83, 2], [84, 39], [98, 57], [15, 99], [97, 91], [67, 98], [6, 65], [56, 53], [24, 2], [58, 11], [68, 15], [99, 90], [31, 18], [5, 87], [74, 10], [12, 2], [60, 75], [82, 21], [91, 3], [65, 97], [31, 96], [47, 35], [93, 92], [62, 89], [70, 20], [66, 24], [19, 73], [10, 26], [94, 27], [60, 2], [8, 46], [89, 6], [0, 49], [91, 50], [99, 64], [25, 58], [51, 26], [27, 12], [83, 59], [98, 65], [82, 53], [67, 77], [21, 57], [29, 16], [59, 42], [31, 42], [66, 16], [53, 9], [41, 18], [0, 85], [6, 46], [56, 77], [81, 2], [56, 11], [29, 25], [99, 37], [5, 20], [26, 27], [74, 4], [26, 0], [83, 36], [66, 6], [60, 43], [84, 38], [8, 75], [36, 35], [66, 63], [43, 10], [44, 59], [11, 95], [98, 93], [85, 40], [27, 51], [46, 30], [61, 24], [34, 57], [13, 31], [82, 13], [38, 94], [19, 64], [92, 74], [81, 26], [27, 31], [47, 14], [54, 93], [6, 36], [25, 97], [74, 33], [7, 12], [82, 96], [20, 79], [47, 29], [25, 60], [69, 75], [97, 9], [87, 83], [37, 94], [33, 22], [56, 87], [2, 89], [6, 39], [85, 46], [46, 12], [17, 68], [57, 20], [9, 30], [0, 98], [8, 71], [5, 14], [97, 61], [34, 30], [59, 85], [16, 85], [45, 2], [54, 37], [63, 43], [54, 20], [47, 13], [86, 86], [88, 16], [33, 63], [34, 90], [3, 93], [9, 71], [10, 94], [1, 78], [4, 35], [36, 5], [57, 42], [62, 68], [18, 6], [87, 4], [25, 85], [8, 17], [66, 77], [10, 43], [37, 57], [58, 15], [54, 55], [68, 61], [34, 46], [90, 29], [46, 90], [10, 79], [44, 33], [46, 43], [4, 76], [98, 76], [94, 91], [94, 30], [66, 21], [16, 99], [5, 27], [57, 50], [21, 18], [0, 84], [54, 44], [9, 87], [36, 79], [38, 86], [88, 1], [55, 91], [84, 28], [96, 19], [91, 5], [52, 42], [38, 56], [68, 87], [21, 97], [5, 26], [42, 57], [53, 56], [28, 91], [67, 99], [8, 25], [64, 27], [33, 2], [84, 23], [35, 17], [70, 28], [58, 86], [80, 14], [98, 73], [1, 37], [45, 34], [35, 1], [26, 31], [1, 67], [81, 16], [31, 13], [21, 79], [78, 60], [57, 27], [92, 45], [5, 24], [28, 20], [2, 67], [23, 21], [76, 16], [33, 34], [76, 56], [7, 83], [68, 86], [97, 19], [20, 81], [2, 9], [76, 99], [49, 21], [40, 51], [61, 10], [41, 51], [31, 23], [7, 66], [50, 80], [9, 2], [12, 65], [59, 72], [4, 87], [25, 20], [87, 79], [69, 91], [80, 78], [25, 39], [53, 59], [64, 22], [4, 8], [11, 48], [11, 75], [86, 56], [78, 25], [45, 43], [69, 29], [60, 91], [2, 78], [76, 81], [4, 77], [31, 73], [27, 32], [30, 63], [8, 69], [98, 12], [8, 14], [44, 29], [12, 66], [0, 7], [31, 72], [40, 13], [37, 82], [49, 85], [65, 27], [50, 19], [94, 57], [75, 65], [22, 35], [75, 25], [12, 64], [21, 43], [18, 1], [95, 9], [64, 52], [89, 12], [7, 85], [65, 83], [58, 46], [18, 77], [37, 90], [14, 88], [72, 96], [41, 59], [80, 67], [20, 53], [9, 32], [69, 66], [69, 5], [88, 70], [48, 41], [6, 78], [12, 31], [49, 34], [80, 17], [84, 36], [49, 74], [39, 88], [72, 9], [87, 99], [62, 73], [87, 97], [74, 90], [78, 55], [56, 23], [86, 71], [56, 10], [10, 19], [41, 15], [21, 62], [53, 98], [38, 32], [47, 39], [71, 12], [37, 85], [8, 88], [3, 1], [43, 59], [49, 62], [10, 89], [32, 62], [88, 43], [62, 85], [59, 91], [18, 43], [13, 0], [85, 1], [33, 78], [27, 6], [10, 99], [27, 8], [31, 99], [15, 34], [74, 18], [26, 43], [30, 80], [49, 33], [40, 91], [16, 70], [89, 76], [57, 3], [80, 10], [17, 95], [25, 33], [47, 62], [74, 58], [12, 8], [18, 78], [17, 22], [22, 46], [11, 2], [9, 93], [15, 90], [18, 76], [16, 40], [8, 18], [49, 99], [88, 8], [45, 19], [23, 72], [31, 7], [58, 65], [99, 92], [7, 22], [5, 15], [42, 63], [16, 55], [48, 32], [6, 26], [6, 77], [9, 72], [98, 38], [53, 88], [20, 58], [53, 2], [12, 12], [29, 61], [17, 52], [95, 37], [96, 93], [93, 10], [88, 42], [86, 68], [88, 20], [26, 45], [62, 36], [86, 5], [15, 82], [90, 79], [99, 75], [78, 30], [99, 28], [99, 8], [56, 19], [2, 26], [23, 87], [23, 64], [68, 82], [28, 54], [36, 6], [20, 92], [35, 15], [9, 91], [92, 54], [35, 98], [41, 10], [37, 31], [2, 24], [57, 23], [59, 3], [56, 86], [90, 45], [92, 33], [68, 97], [96, 0], [96, 30], [54, 90], [79, 9], [83, 83], [34, 24], [77, 29], [97, 74], [89, 21], [90, 77], [90, 41], [82, 72], [63, 12], [70, 88], [5, 76], [62, 9], [34, 25], [96, 17], [41, 86], [14, 0], [81, 74], [17, 42], [2, 19], [48, 50], [22, 60], [16, 91], [33, 66], [36, 29], [9, 83], [77, 28], [96, 71], [4, 94], [34, 91], [70, 74], [31, 49], [7, 97], [27, 63], [39, 13], [56, 97], [25, 19], [21, 99], [22, 62], [19, 81], [4, 59], [45, 26], [0, 27], [66, 12], [96, 97], [56, 38], [36, 24], [4, 31], [36, 43], [36, 88], [8, 39], [12, 1], [98, 35], [76, 12], [41, 35], [89, 53], [24, 28], [35, 23], [6, 62], [26, 77], [9, 88], [51, 44], [47, 98], [19, 68], [28, 71], [22, 42], [91, 58], [39, 65], [36, 62], [20, 27], [4, 69], [84, 84], [66, 90], [10, 90], [57, 81], [11, 1], [16, 90], [80, 22], [68, 85], [45, 25], [7, 52], [69, 20], [41, 19], [46, 36], [47, 53], [5, 37], [81, 68], [52, 91], [72, 30], [48, 94], [86, 82], [39, 55], [85, 47], [32, 2], [25, 84], [77, 12], [57, 85], [20, 44], [35, 81], [60, 14], [19, 39], [92, 24], [72, 95], [48, 48], [79, 8], [82, 99], [31, 65], [34, 29], [11, 86], [55, 58], [75, 73], [42, 39], [80, 95], [98, 51], [11, 47], [62, 21], [66, 25], [11, 52], [40, 34], [55, 25], [64, 87], [51, 98], [88, 94], [90, 1], [93, 80], [6, 18], [19, 24], [19, 6], [38, 11], [2, 46], [83, 8], [54, 92], [2, 3], [13, 58], [36, 38], [17, 29], [26, 57], [25, 23], [54, 88], [52, 59], [47, 82], [3, 21], [19, 69], [38, 33], [67, 22], [88, 85], [9, 33], [97, 28], [97, 52], [82, 12], [5, 7], [80, 28], [45, 1], [15, 72], [97, 48], [98, 97], [72, 17], [86, 34], [15, 11], [16, 71], [22, 2], [83, 52], [41, 23], [82, 8], [58, 12], [60, 17], [89, 42], [58, 60], [44, 56], [8, 38], [73, 19], [64, 57], [8, 21], [97, 90], [1, 14], [6, 84], [45, 23], [78, 69], [66, 11], [89, 90], [32, 99], [23, 92], [87, 13], [25, 36], [36, 89], [86, 66], [73, 5], [0, 63], [41, 95], [58, 94], [1, 55], [43, 42], [20, 14], [96, 83], [6, 87], [45, 47], [88, 30], [86, 25], [25, 92], [15, 76], [31, 83], [54, 39], [57, 91], [79, 74], [43, 6], [94, 87], [11, 73], [11, 26], [24, 59], [59, 2], [84, 80], [0, 40], [26, 7], [50, 30], [89, 92], [81, 24], [96, 18], [71, 74], [44, 3], [10, 31], [75, 83], [32, 57], [7, 65], [66, 94], [14, 1], [36, 66], [69, 10], [40, 80], [22, 47], [94, 14], [83, 39], [14, 79], [15, 77], [14, 67], [27, 90], [49, 22], [48, 44], [16, 48], [98, 5], [94, 36], [84, 97], [32, 52], [3, 41], [74, 28], [24, 84], [43, 53], [73, 21], [51, 75], [52, 44], [4, 26], [44, 63], [23, 2], [7, 91], [48, 57], [49, 9], [87, 24], [91, 33], [54, 45], [57, 37], [85, 28], [81, 83], [16, 75], [89, 36], [60, 82], [0, 39], [14, 69], [77, 11], [47, 92], [13, 13], [9, 65], [35, 47], [15, 33], [23, 93], [37, 4], [0, 96], [4, 61], [39, 59], [63, 21], [28, 82], [20, 40], [6, 15], [0, 16], [87, 87], [54, 9], [98, 69], [89, 98], [93, 61], [49, 67], [24, 6], [47, 34], [32, 49], [32, 4], [65, 57], [19, 77], [15, 81], [25, 52], [43, 56], [96, 5], [53, 68], [40, 77], [88, 26], [45, 86], [9, 36], [58, 85], [88, 81], [76, 9], [93, 60], [57, 62], [18, 54], [45, 94], [70, 12], [12, 62], [60, 27], [20, 83], [91, 18], [22, 39], [61, 14], [98, 42], [14, 90], [3, 94], [7, 51], [74, 96], [38, 66], [46, 32], [37, 56], [65, 19], [58, 25], [36, 13], [20, 25], [11, 20], [16, 10], [88, 9], [13, 11], [71, 98], [99, 98], [20, 98], [2, 33], [87, 14], [5, 36], [45, 44], [95, 40], [92, 62], [68, 98], [92, 13], [33, 60], [0, 31], [3, 66], [94, 46], [23, 20], [51, 18], [88, 39], [21, 11], [17, 18], [73, 71], [96, 61], [19, 31], [58, 7], [11, 17], [12, 33], [44, 34], [41, 25], [3, 33], [95, 53], [61, 93], [19, 49], [54, 95], [39, 75], [20, 21], [26, 82], [43, 85]]}