{"meta": {"number_of_robots": 80, "description": {"parameters": {"seed": 4379, "shape": [20, 20], "obstacles": {"n": 0, "mean": 7, "std": 3.5}, "clusters": {"n": 3, "mean": 10, "std": 5.0, "relative_radius": 2, "increase_factor": 1.3, "start_dist": {"generator_name": "Image", "shape": [20, 20], "min": 15.0, "max": 219.0, "mean": 43.855, "std": 35.04117542263673, "dtype": "uint64", "parameters": {"image": "galaxy_cluster.png", "transformer": {"name": "ColorChannelSelector", "channel": "v", "inverted": false}}}, "target_dist": {"generator_name": "Image", "shape": [20, 20], "min": 15.0, "max": 219.0, "mean": 43.855, "std": 35.04117542263673, "dtype": "uint64", "parameters": {"image": "galaxy_cluster.png", "transformer": {"name": "ColorChannelSelector", "channel": "v", "inverted": false}}}}, "density": 0.2, "start_dist": {"generator_name": "Image", "shape": [20, 20], "min": 15.0, "max": 219.0, "mean": 43.855, "std": 35.04117542263673, "dtype": "uint64", "parameters": {"image": "galaxy_cluster.png", "transformer": {"name": "ColorChannelSelector", "channel": "v", "inverted": false}}}, "target_dist": {"generator_name": "Image", "shape": [20, 20], "min": 15.0, "max": 219.0, "mean": 43.855, "std": 35.04117542263673, "dtype": "uint64", "parameters": {"image": "galaxy_cluster.png", "transformer": {"name": "ColorChannelSelector", "channel": "v", "inverted": false}}}}, "stats": {"date": "2020-11-17", "free_area": 400.0, "number_of_clustered_robots": 24, "number_of_robots": 80}}}, "name": "galaxy_cluster_00000_20x20_20_80", "obstacles": [], "starts": [[4, 14], [16, 7], [4, 13], [1, 14], [10, 1], [5, 12], [17, 1], [7, 16], [17, 3], [5, 14], [15, 3], [3, 17], [15, 7], [4, 12], [14, 7], [7, 11], [18, 7], [5, 13], [11, 2], [2, 14], [12, 6], [7, 12], [13, 6], [7, 13], [14, 0], [6, 10], [14, 10], [0, 5], [19, 5], [10, 12], [10, 2], [19, 4], [3, 1], [0, 8], [17, 9], [5, 8], [12, 17], [7, 14], [16, 10], [10, 14], [12, 11], [9, 0], [13, 15], [1, 17], [9, 4], [9, 9], [18, 10], [12, 9], [8, 3], [6, 13], [10, 8], [15, 9], [12, 15], [3, 13], [7, 15], [18, 1], [2, 10], [15, 4], [14, 9], [9, 11], [0, 6], [9, 3], [12, 8], [13, 11], [10, 4], [2, 13], [15, 2], [18, 11], [16, 6], [12, 10], [7, 2], [6, 15], [5, 9], [11, 8], [9, 7], [19, 7], [10, 19], [14, 11], [1, 4], [7, 8]], "targets": [[4, 14], [6, 8], [4, 17], [2, 14], [5, 11], [6, 15], [10, 4], [5, 16], [6, 11], [3, 12], [4, 8], [5, 14], [8, 6], [4, 9], [8, 3], [6, 14], [11, 8], [2, 10], [11, 7], [2, 11], [12, 10], [4, 12], [10, 7], [1, 11], [7, 8], [14, 3], [16, 19], [8, 9], [15, 9], [14, 7], [14, 8], [9, 3], [4, 18], [18, 1], [19, 14], [12, 7], [16, 16], [17, 10], [8, 8], [11, 6], [14, 9], [6, 13], [10, 9], [9, 5], [3, 18], [17, 8], [1, 17], [4, 13], [3, 11], [13, 9], [1, 18], [18, 11], [11, 18], [3, 6], [6, 7], [16, 10], [0, 7], [4, 0], [1, 8], [16, 8], [12, 17], [11, 10], [15, 8], [2, 12], [17, 7], [17, 13], [0, 14], [7, 2], [8, 5], [9, 8], [19, 5], [11, 16], [0, 19], [2, 7], [2, 13], [13, 12], [4, 16], [0, 9], [12, 13], [18, 3]]}