{"meta": {"number_of_robots": 200, "description": {"parameters": {"seed": 3453, "shape": [20, 20], "obstacles": {"n": 0, "mean": 3, "std": 1.5}, "clusters": {"n": 3, "mean": 40, "std": 20.0, "relative_radius": 2, "increase_factor": 1.3, "start_dist": {"generator_name": "Image", "shape": [20, 20], "min": 13.0, "max": 213.0, "mean": 49.8375, "std": 34.392747691192106, "dtype": "uint64", "parameters": {"image": "galaxy_cluster2.png", "transformer": {"name": "ColorChannelSelector", "channel": "v", "inverted": false}}}, "target_dist": {"generator_name": "Image", "shape": [20, 20], "min": 13.0, "max": 213.0, "mean": 49.8375, "std": 34.392747691192106, "dtype": "uint64", "parameters": {"image": "galaxy_cluster2.png", "transformer": {"name": "ColorChannelSelector", "channel": "v", "inverted": false}}}}, "density": 0.5, "start_dist": {"generator_name": "Image", "shape": [20, 20], "min": 13.0, "max": 213.0, "mean": 49.8375, "std": 34.392747691192106, "dtype": "uint64", "parameters": {"image": "galaxy_cluster2.png", "transformer": {"name": "ColorChannelSelector", "channel": "v", "inverted": false}}}, "target_dist": {"generator_name": "Image", "shape": [20, 20], "min": 13.0, "max": 213.0, "mean": 49.8375, "std": 34.392747691192106, "dtype": "uint64", "parameters": {"image": "galaxy_cluster2.png", "transformer": {"name": "ColorChannelSelector", "channel": "v", "inverted": false}}}}, "stats": {"date": "2020-11-17", "free_area": 400.0, "number_of_clustered_robots": 94, "number_of_robots": 200}}}, "name": "galaxy_cluster2_00001_20x20_50_200", "obstacles": [], "starts": [[4, 10], [14, 4], [14, 16], [3, 12], [13, 12], [3, 11], [13, 14], [8, 16], [15, 18], [4, 13], [10, 18], [5, 12], [0, 8], [6, 14], [4, 14], [8, 13], [8, 12], [7, 7], [17, 10], [5, 16], [5, 11], [5, 9], [3, 13], [2, 9], [9, 12], [11, 18], [8, 10], [15, 12], [0, 6], [3, 15], [6, 10], [10, 12], [7, 13], [3, 14], [8, 11], [11, 10], [7, 10], [2, 12], [10, 10], [16, 9], [4, 12], [13, 16], [6, 15], [10, 16], [11, 9], [9, 6], [4, 18], [12, 17], [15, 17], [3, 10], [12, 16], [8, 19], [9, 9], [10, 11], [10, 14], [15, 14], [2, 13], [13, 9], [3, 18], [2, 7], [7, 19], [1, 9], [5, 13], [5, 8], [17, 12], [6, 13], [0, 10], [5, 18], [1, 14], [14, 11], [7, 14], [13, 10], [0, 18], [1, 10], [9, 18], [11, 12], [5, 17], [0, 13], [9, 16], [10, 9], [5, 14], [12, 19], [12, 7], [14, 12], [2, 16], [15, 16], [9, 13], [7, 6], [15, 9], [12, 18], [17, 13], [4, 17], [10, 13], [6, 8], [6, 5], [18, 9], [9, 2], [11, 16], [0, 14], [11, 11], [11, 3], [15, 10], [3, 19], [14, 8], [15, 11], [16, 6], [12, 0], [5, 6], [13, 3], [3, 2], [15, 4], [7, 17], [6, 6], [0, 17], [19, 4], [12, 4], [12, 5], [8, 2], [19, 8], [18, 13], [6, 0], [13, 0], [18, 5], [11, 5], [15, 13], [10, 19], [3, 17], [19, 14], [10, 4], [1, 8], [7, 3], [11, 4], [14, 3], [16, 13], [16, 0], [1, 17], [14, 0], [13, 19], [15, 15], [19, 2], [7, 12], [1, 12], [2, 10], [2, 8], [2, 5], [10, 1], [13, 17], [1, 11], [4, 5], [0, 19], [15, 6], [4, 4], [4, 15], [5, 5], [10, 2], [3, 9], [11, 1], [12, 13], [14, 14], [1, 19], [15, 5], [6, 11], [14, 17], [7, 2], [16, 15], [8, 14], [12, 11], [13, 15], [6, 12], [18, 8], [17, 3], [19, 12], [10, 5], [13, 6], [6, 4], [6, 2], [16, 18], [10, 17], [8, 7], [7, 1], [11, 2], [5, 7], [12, 6], [16, 3], [18, 7], [7, 18], [2, 15], [1, 13], [5, 19], [2, 3], [9, 8], [4, 11], [14, 2], [6, 3], [14, 15], [14, 6], [8, 5], [1, 18], [9, 14], [11, 17]], "targets": [[5, 12], [13, 16], [8, 15], [7, 19], [17, 11], [2, 11], [14, 18], [3, 4], [16, 14], [1, 4], [8, 14], [3, 13], [4, 13], [15, 13], [3, 6], [7, 13], [6, 3], [8, 11], [14, 12], [1, 14], [9, 12], [2, 17], [5, 10], [4, 12], [9, 6], [10, 10], [3, 8], [15, 15], [6, 14], [7, 17], [0, 18], [4, 10], [13, 14], [1, 13], [14, 16], [3, 11], [16, 16], [5, 7], [4, 11], [3, 17], [2, 9], [9, 16], [7, 15], [13, 17], [1, 17], [10, 9], [12, 11], [6, 6], [4, 9], [0, 8], [16, 11], [3, 15], [5, 15], [15, 17], [1, 9], [15, 18], [5, 11], [17, 15], [3, 10], [9, 13], [12, 13], [3, 16], [11, 12], [10, 13], [3, 12], [0, 6], [5, 14], [9, 17], [7, 10], [3, 18], [4, 6], [12, 12], [1, 11], [5, 16], [6, 10], [2, 13], [10, 16], [6, 15], [13, 15], [4, 8], [3, 7], [7, 12], [9, 15], [15, 12], [6, 12], [11, 18], [5, 8], [1, 12], [8, 18], [2, 19], [5, 6], [10, 14], [11, 19], [3, 14], [7, 5], [16, 10], [4, 15], [10, 17], [6, 13], [9, 9], [15, 9], [6, 16], [10, 18], [1, 8], [18, 12], [18, 8], [1, 7], [0, 13], [9, 4], [8, 6], [1, 10], [11, 14], [14, 6], [10, 5], [14, 10], [1, 15], [5, 18], [11, 16], [13, 3], [14, 15], [19, 6], [18, 4], [11, 5], [13, 1], [18, 15], [2, 14], [6, 8], [11, 6], [11, 10], [17, 13], [2, 10], [6, 7], [15, 16], [8, 5], [18, 16], [11, 8], [12, 2], [12, 7], [19, 19], [6, 4], [7, 16], [10, 11], [14, 13], [5, 5], [14, 14], [19, 14], [6, 17], [13, 6], [3, 19], [8, 7], [13, 8], [3, 9], [3, 2], [18, 18], [0, 14], [15, 6], [2, 12], [17, 0], [17, 4], [4, 14], [2, 5], [2, 16], [3, 1], [4, 7], [19, 8], [10, 7], [7, 9], [4, 18], [10, 6], [12, 0], [16, 5], [7, 14], [6, 1], [9, 11], [14, 4], [7, 7], [13, 4], [8, 13], [8, 16], [11, 17], [17, 7], [16, 0], [8, 10], [1, 16], [16, 17], [12, 14], [19, 5], [12, 9], [10, 12], [17, 5], [7, 6], [17, 10], [2, 15], [12, 16], [7, 11], [5, 13], [7, 4], [8, 12], [15, 5], [14, 3]]}