{"meta": {"number_of_robots": 200, "description": {"parameters": {"seed": 9019, "shape": [20, 20], "obstacles": {"n": 0, "mean": 10, "std": 5.0}, "clusters": {"n": 3, "mean": 20, "std": 10.0, "relative_radius": 2, "increase_factor": 1.3, "start_dist": {"generator_name": "Image", "shape": [20, 20], "min": 15.0, "max": 219.0, "mean": 43.855, "std": 35.04117542263673, "dtype": "uint64", "parameters": {"image": "galaxy_cluster.png", "transformer": {"name": "ColorChannelSelector", "channel": "v", "inverted": false}}}, "target_dist": {"generator_name": "Image", "shape": [20, 20], "min": 15.0, "max": 219.0, "mean": 43.855, "std": 35.04117542263673, "dtype": "uint64", "parameters": {"image": "galaxy_cluster.png", "transformer": {"name": "ColorChannelSelector", "channel": "v", "inverted": false}}}}, "density": 0.5, "start_dist": {"generator_name": "Image", "shape": [20, 20], "min": 15.0, "max": 219.0, "mean": 43.855, "std": 35.04117542263673, "dtype": "uint64", "parameters": {"image": "galaxy_cluster.png", "transformer": {"name": "ColorChannelSelector", "channel": "v", "inverted": false}}}, "target_dist": {"generator_name": "Image", "shape": [20, 20], "min": 15.0, "max": 219.0, "mean": 43.855, "std": 35.04117542263673, "dtype": "uint64", "parameters": {"image": "galaxy_cluster.png", "transformer": {"name": "ColorChannelSelector", "channel": "v", "inverted": false}}}}, "stats": {"date": "2020-11-17", "free_area": 400.0, "number_of_clustered_robots": 81, "number_of_robots": 200}}}, "name": "galaxy_cluster_00002_20x20_50_200", "obstacles": [], "starts": [[2, 13], [10, 11], [14, 7], [7, 12], [12, 8], [5, 11], [18, 11], [5, 13], [5, 12], [14, 6], [15, 8], [6, 19], [15, 7], [9, 11], [9, 15], [10, 6], [8, 16], [16, 6], [10, 12], [5, 15], [3, 14], [14, 11], [4, 17], [13, 7], [4, 14], [16, 9], [7, 17], [17, 7], [2, 18], [8, 11], [7, 13], [12, 11], [10, 13], [10, 9], [3, 16], [18, 10], [7, 16], [11, 1], [11, 14], [3, 13], [14, 4], [3, 12], [17, 6], [9, 3], [1, 15], [8, 15], [13, 12], [4, 15], [7, 10], [2, 12], [14, 8], [8, 18], [19, 9], [2, 14], [16, 7], [5, 14], [8, 3], [4, 18], [15, 11], [0, 19], [14, 10], [11, 15], [7, 3], [9, 14], [2, 17], [19, 8], [11, 7], [9, 16], [18, 7], [4, 13], [3, 15], [18, 9], [1, 17], [19, 10], [11, 6], [3, 18], [11, 19], [18, 5], [0, 16], [19, 4], [6, 14], [0, 7], [9, 7], [9, 10], [4, 16], [2, 10], [12, 10], [15, 9], [15, 12], [15, 6], [16, 4], [18, 12], [17, 10], [19, 7], [0, 2], [10, 2], [14, 5], [3, 10], [11, 2], [18, 14], [12, 13], [17, 9], [19, 11], [6, 5], [12, 15], [1, 2], [12, 9], [9, 0], [9, 8], [5, 6], [0, 6], [12, 0], [10, 16], [5, 8], [13, 9], [13, 15], [1, 19], [11, 9], [13, 0], [15, 2], [6, 7], [9, 18], [6, 18], [0, 15], [16, 8], [12, 2], [17, 8], [3, 19], [13, 3], [12, 4], [12, 3], [8, 4], [8, 8], [6, 3], [17, 11], [4, 0], [9, 4], [18, 19], [6, 12], [7, 2], [18, 16], [3, 5], [7, 11], [15, 13], [16, 3], [13, 8], [0, 18], [1, 6], [14, 9], [2, 8], [18, 13], [15, 10], [14, 14], [3, 17], [15, 0], [12, 5], [14, 18], [2, 1], [19, 6], [14, 3], [19, 1], [6, 11], [7, 6], [1, 18], [2, 9], [1, 14], [6, 15], [8, 13], [10, 3], [3, 2], [15, 16], [1, 8], [12, 16], [13, 10], [19, 5], [8, 17], [15, 14], [12, 12], [8, 5], [4, 10], [11, 0], [11, 8], [0, 11], [9, 9], [13, 6], [12, 7], [10, 0], [14, 12], [3, 7], [3, 11], [13, 4], [18, 8], [11, 18], [0, 4], [5, 9], [0, 13], [1, 11], [17, 16], [11, 16], [10, 4]], "targets": [[8, 9], [12, 9], [17, 8], [12, 18], [6, 12], [3, 12], [1, 18], [8, 17], [5, 14], [13, 8], [5, 16], [12, 17], [3, 17], [9, 11], [4, 17], [6, 16], [0, 10], [12, 8], [2, 17], [4, 15], [9, 16], [7, 17], [4, 13], [10, 10], [11, 10], [18, 8], [11, 9], [7, 8], [0, 17], [10, 17], [9, 13], [3, 15], [12, 7], [15, 8], [0, 8], [6, 14], [5, 6], [10, 14], [5, 13], [9, 14], [10, 9], [3, 16], [14, 7], [5, 9], [12, 10], [11, 7], [7, 13], [4, 14], [8, 11], [7, 6], [17, 10], [6, 15], [3, 13], [7, 11], [11, 14], [0, 12], [1, 10], [3, 18], [14, 12], [2, 16], [11, 8], [10, 6], [0, 15], [5, 18], [2, 18], [2, 8], [16, 9], [12, 14], [9, 8], [8, 16], [5, 15], [11, 12], [4, 18], [2, 10], [14, 8], [12, 6], [8, 18], [11, 13], [9, 12], [10, 11], [7, 14], [5, 12], [0, 13], [13, 5], [4, 0], [4, 12], [6, 2], [18, 3], [5, 8], [14, 3], [17, 7], [8, 13], [2, 1], [16, 4], [15, 5], [13, 10], [8, 4], [6, 13], [19, 0], [19, 17], [13, 0], [2, 4], [15, 10], [8, 12], [12, 11], [8, 7], [18, 0], [1, 11], [1, 17], [1, 0], [10, 4], [8, 6], [0, 7], [7, 19], [13, 7], [14, 10], [4, 16], [18, 5], [7, 3], [18, 10], [7, 9], [15, 2], [19, 19], [13, 12], [6, 8], [6, 4], [1, 7], [9, 18], [16, 10], [9, 9], [1, 13], [16, 8], [6, 9], [14, 9], [17, 2], [15, 7], [11, 4], [18, 4], [3, 14], [15, 6], [9, 7], [0, 2], [8, 2], [3, 11], [17, 9], [15, 3], [19, 7], [2, 13], [14, 6], [4, 9], [14, 13], [12, 0], [2, 7], [9, 0], [11, 11], [19, 14], [10, 7], [8, 19], [19, 11], [4, 7], [9, 19], [19, 2], [8, 3], [3, 10], [18, 9], [18, 15], [3, 1], [6, 5], [6, 18], [7, 12], [17, 11], [4, 11], [12, 13], [10, 3], [19, 6], [13, 2], [10, 19], [0, 14], [16, 7], [13, 9], [13, 11], [19, 16], [15, 9], [11, 2], [3, 5], [18, 6], [5, 3], [18, 18], [16, 2], [15, 18], [19, 10], [16, 13], [12, 2], [17, 18], [7, 7], [9, 3], [4, 6], [0, 5], [1, 19], [16, 14]]}