{"meta": {"number_of_robots": 2878, "description": {"parameters": {"seed": 9942, "shape": [100, 100], "obstacles": {"n": 5, "mean": 10, "std": 5.0}, "clusters": {"n": 10, "mean": 20, "std": 10.0, "relative_radius": 2, "increase_factor": 1.3, "start_dist": {"generator_name": "Image", "shape": [100, 100], "min": 7.0, "max": 252.0, "mean": 50.7035, "std": 43.12284763034557, "dtype": "uint64", "parameters": {"image": "galaxy_cluster2.png", "transformer": {"name": "ColorChannelSelector", "channel": "v", "inverted": false}}}, "target_dist": {"generator_name": "Image", "shape": [100, 100], "min": 3.0, "max": 248.0, "mean": 204.2965, "std": 43.12284763034557, "dtype": "uint64", "parameters": {"image": "galaxy_cluster2.png", "transformer": {"name": "ColorChannelSelector", "channel": "v", "inverted": true}}}}, "density": 0.3, "start_dist": {"generator_name": "Image", "shape": [100, 100], "min": 7.0, "max": 252.0, "mean": 50.7035, "std": 43.12284763034557, "dtype": "uint64", "parameters": {"image": "galaxy_cluster2.png", "transformer": {"name": "ColorChannelSelector", "channel": "v", "inverted": false}}}, "target_dist": {"generator_name": "Image", "shape": [100, 100], "min": 3.0, "max": 248.0, "mean": 204.2965, "std": 43.12284763034557, "dtype": "uint64", "parameters": {"image": "galaxy_cluster2.png", "transformer": {"name": "ColorChannelSelector", "channel": "v", "inverted": true}}}}, "stats": {"date": "2020-11-17", "free_area": 9591.0, "number_of_clustered_robots": 148, "number_of_robots": 2878}}}, "name": "galaxy_cluster2_00007_100x100_30_2878", "obstacles": [[0, 13], [0, 14], [0, 15], [1, 13], [1, 15], [2, 13], [2, 15], [3, 13], [3, 15], [4, 13], [4, 15], [5, 13], [5, 15], [6, 13], [6, 15], [7, 13], [7, 14], [7, 15], [37, 83], [37, 84], [37, 85], [37, 86], [37, 87], [37, 88], [37, 89], [37, 90], [37, 91], [37, 92], [37, 93], [38, 83], [38, 93], [39, 83], [39, 93], [40, 83], [40, 93], [41, 83], [41, 93], [42, 83], [42, 84], [42, 85], [42, 86], [42, 87], [42, 88], [42, 89], [42, 90], [42, 91], [42, 92], [42, 93], [54, 57], [54, 58], [54, 59], [54, 60], [54, 61], [54, 62], [54, 63], [54, 64], [54, 65], [54, 66], [54, 67], [54, 68], [54, 69], [54, 70], [54, 71], [54, 72], [54, 73], [55, 57], [55, 73], [56, 57], [56, 73], [57, 57], [57, 58], [57, 59], [57, 60], [57, 61], [57, 62], [57, 63], [57, 64], [57, 65], [57, 66], [57, 67], [57, 68], [57, 69], [57, 70], [57, 71], [57, 72], [57, 73], [81, 16], [81, 17], [81, 18], [81, 19], [81, 20], [81, 21], [81, 22], [81, 23], [81, 24], [81, 25], [81, 26], [81, 27], [81, 28], [82, 16], [82, 28], [83, 16], [83, 28], [84, 16], [84, 28], [85, 16], [85, 28], [86, 16], [86, 28], [87, 16], [87, 28], [88, 16], [88, 28], [89, 16], [89, 28], [90, 16], [90, 28], [90, 44], [90, 45], [90, 46], [90, 47], [90, 48], [90, 49], [90, 50], [90, 51], [91, 16], [91, 28], [91, 44], [91, 51], [92, 16], [92, 28], [92, 44], [92, 51], [93, 16], [93, 28], [93, 44], [93, 51], [94, 16], [94, 28], [94, 44], [94, 51], [95, 16], [95, 17], [95, 18], [95, 19], [95, 20], [95, 21], [95, 22], [95, 23], [95, 24], [95, 25], [95, 26], [95, 27], [95, 28], [95, 44], [95, 51], [96, 44], [96, 45], [96, 46], [96, 47], [96, 48], [96, 49], [96, 50], [96, 51]], "starts": [[90, 41], [11, 68], [9, 77], [20, 39], [55, 11], [11, 80], [21, 55], [13, 76], [16, 88], [18, 69], [85, 39], [1, 63], [52, 16], [91, 40], [18, 90], [9, 67], [46, 17], [85, 47], [17, 53], [9, 81], [9, 83], [78, 46], [6, 56], [48, 9], [86, 41], [18, 93], [7, 74], [6, 67], [45, 13], [78, 50], [16, 54], [11, 82], [16, 81], [92, 43], [10, 67], [53, 20], [21, 88], [91, 42], [11, 59], [55, 15], [81, 49], [15, 51], [84, 42], [20, 87], [10, 60], [55, 12], [11, 81], [17, 76], [6, 72], [82, 51], [1, 62], [54, 9], [79, 51], [17, 52], [14, 91], [81, 51], [4, 67], [45, 14], [8, 78], [15, 84], [90, 43], [10, 57], [53, 10], [85, 45], [21, 89], [19, 50], [89, 40], [7, 65], [46, 9], [8, 75], [79, 48], [6, 76], [12, 78], [0, 61], [50, 15], [21, 91], [82, 39], [84, 38], [8, 59], [43, 13], [18, 51], [88, 39], [13, 88], [11, 64], [55, 19], [12, 80], [9, 82], [92, 42], [7, 71], [1, 58], [50, 12], [78, 38], [13, 48], [19, 93], [82, 46], [8, 66], [44, 12], [89, 50], [8, 84], [10, 76], [5, 66], [52, 14], [85, 38], [13, 50], [15, 93], [79, 40], [0, 57], [53, 21], [82, 47], [3, 77], [10, 81], [14, 83], [5, 61], [53, 17], [20, 92], [81, 48], [13, 47], [80, 41], [2, 67], [51, 18], [91, 41], [21, 95], [8, 57], [49, 14], [85, 42], [9, 79], [16, 77], [17, 49], [84, 41], [8, 62], [53, 19], [9, 72], [13, 91], [81, 46], [8, 64], [43, 16], [89, 48], [8, 76], [9, 76], [18, 54], [88, 41], [9, 64], [44, 9], [17, 91], [82, 49], [8, 61], [43, 17], [80, 46], [19, 81], [84, 77], [23, 68], [30, 8], [61, 68], [24, 53], [25, 51], [71, 68], [79, 31], [95, 42], [9, 51], [41, 26], [34, 91], [14, 65], [80, 72], [96, 84], [41, 1], [93, 63], [62, 15], [28, 73], [80, 49], [35, 20], [99, 30], [49, 44], [51, 28], [61, 29], [22, 73], [6, 73], [17, 66], [53, 18], [70, 72], [9, 61], [50, 0], [67, 80], [15, 46], [4, 72], [97, 27], [82, 71], [65, 57], [18, 25], [13, 92], [15, 29], [69, 14], [17, 89], [59, 81], [85, 79], [84, 52], [3, 74], [0, 55], [46, 70], [63, 79], [38, 68], [39, 65], [11, 51], [16, 82], [33, 70], [45, 8], [43, 57], [23, 66], [5, 58], [55, 91], [61, 47], [46, 58], [64, 81], [99, 14], [74, 16], [15, 95], [26, 68], [78, 83], [77, 60], [90, 89], [53, 53], [85, 61], [47, 78], [25, 87], [31, 40], [61, 33], [20, 78], [12, 82], [77, 81], [21, 68], [46, 40], [35, 64], [42, 80], [68, 78], [43, 95], [19, 52], [32, 36], [89, 51], [32, 80], [1, 44], [58, 52], [76, 89], [48, 68], [27, 64], [9, 55], [11, 63], [46, 75], [75, 77], [39, 63], [43, 71], [44, 14], [13, 49], [56, 51], [18, 64], [31, 91], [79, 10], [7, 48], [16, 18], [17, 63], [51, 76], [52, 81], [5, 45], [56, 93], [42, 60], [72, 30], [36, 1], [80, 80], [22, 14], [54, 11], [17, 44], [80, 75], [66, 73], [51, 57], [27, 71], [32, 35], [27, 95], [51, 69], [66, 63], [76, 56], [44, 75], [74, 23], [60, 44], [68, 70], [12, 20], [88, 12], [86, 68], [35, 18], [31, 4], [45, 55], [11, 48], [62, 70], [17, 72], [27, 69], [51, 41], [85, 62], [24, 12], [41, 28], [49, 64], [55, 16], [35, 0], [70, 82], [90, 88], [88, 57], [57, 85], [55, 87], [24, 86], [26, 88], [79, 47], [17, 51], [74, 63], [92, 88], [90, 64], [96, 65], [38, 66], [60, 38], [25, 63], [82, 14], [21, 86], [79, 87], [74, 65], [8, 67], [13, 81], [37, 26], [76, 84], [54, 53], [33, 79], [73, 78], [33, 29], [15, 67], [73, 85], [73, 56], [49, 67], [62, 91], [29, 21], [29, 90], [27, 43], [69, 36], [28, 36], [71, 30], [8, 55], [16, 59], [56, 34], [80, 28], [40, 25], [0, 52], [51, 62], [51, 63], [19, 79], [68, 16], [51, 59], [5, 44], [62, 26], [0, 18], [45, 78], [61, 59], [73, 9], [50, 73], [98, 65], [88, 69], [71, 40], [22, 24], [11, 74], [40, 65], [35, 79], [42, 15], [63, 63], [74, 57], [59, 46], [10, 87], [22, 64], [52, 89], [14, 80], [20, 61], [59, 29], [14, 6], [3, 72], [51, 89], [56, 14], [86, 79], [12, 58], [81, 75], [26, 73], [73, 98], [34, 95], [22, 57], [22, 70], [59, 23], [73, 48], [23, 82], [1, 25], [14, 69], [51, 30], [84, 78], [64, 61], [66, 92], [61, 50], [46, 60], [9, 32], [59, 65], [79, 39], [73, 84], [44, 7], [58, 56], [57, 76], [7, 22], [14, 26], [45, 71], [9, 97], [4, 89], [57, 94], [76, 88], [79, 54], [14, 32], [22, 50], [30, 68], [70, 35], [44, 55], [45, 66], [57, 87], [40, 74], [67, 31], [86, 32], [32, 85], [24, 11], [17, 67], [84, 56], [83, 86], [28, 53], [27, 83], [30, 69], [8, 48], [89, 67], [44, 79], [96, 23], [68, 27], [92, 84], [93, 65], [6, 45], [78, 82], [80, 73], [74, 87], [11, 56], [3, 2], [62, 25], [45, 96], [18, 12], [62, 20], [26, 34], [44, 88], [13, 68], [57, 53], [54, 49], [71, 72], [53, 70], [26, 70], [40, 63], [16, 95], [26, 62], [49, 34], [16, 61], [24, 56], [19, 69], [99, 16], [60, 67], [7, 45], [76, 76], [69, 17], [0, 42], [46, 64], [66, 72], [35, 6], [57, 2], [33, 34], [4, 44], [18, 67], [52, 85], [70, 79], [44, 66], [79, 29], [72, 69], [35, 59], [22, 66], [40, 62], [30, 19], [0, 45], [71, 39], [79, 20], [5, 11], [70, 15], [74, 99], [39, 74], [33, 33], [61, 71], [47, 74], [68, 75], [89, 5], [76, 80], [24, 47], [3, 42], [32, 24], [47, 64], [24, 49], [10, 78], [77, 71], [66, 24], [71, 31], [84, 44], [46, 32], [93, 87], [24, 65], [88, 64], [49, 63], [9, 65], [78, 98], [73, 57], [58, 57], [18, 65], [23, 76], [68, 39], [5, 23], [4, 54], [51, 51], [74, 25], [21, 59], [58, 82], [95, 72], [46, 59], [65, 9], [47, 68], [42, 70], [84, 72], [39, 38], [93, 58], [3, 60], [58, 24], [17, 12], [66, 23], [43, 76], [41, 0], [9, 20], [97, 86], [91, 82], [10, 44], [97, 52], [37, 58], [14, 67], [16, 35], [45, 61], [10, 53], [62, 27], [75, 54], [2, 54], [12, 70], [83, 6], [10, 80], [59, 69], [94, 13], [12, 54], [89, 65], [97, 21], [46, 10], [61, 90], [22, 68], [31, 27], [59, 31], [47, 67], [47, 87], [32, 29], [85, 14], [20, 71], [75, 14], [70, 84], [81, 84], [7, 2], [42, 28], [65, 29], [29, 36], [20, 60], [20, 66], [17, 64], [9, 68], [59, 80], [3, 90], [36, 50], [98, 52], [74, 81], [29, 83], [56, 4], [27, 62], [63, 24], [83, 33], [77, 50], [35, 54], [14, 99], [35, 34], [56, 37], [46, 62], [17, 92], [52, 65], [91, 64], [63, 29], [25, 4], [25, 13], [81, 30], [25, 64], [63, 28], [58, 29], [58, 87], [36, 67], [53, 68], [28, 63], [44, 33], [6, 74], [25, 95], [94, 63], [31, 23], [71, 17], [55, 55], [60, 58], [28, 61], [31, 24], [19, 78], [65, 97], [79, 78], [32, 22], [89, 41], [38, 59], [60, 26], [66, 31], [77, 66], [33, 37], [63, 26], [21, 58], [82, 33], [6, 7], [62, 28], [68, 71], [64, 25], [23, 34], [53, 90], [27, 72], [13, 27], [71, 78], [42, 81], [8, 50], [93, 60], [87, 67], [71, 87], [72, 68], [44, 64], [60, 34], [88, 61], [33, 52], [0, 33], [0, 68], [50, 31], [23, 63], [75, 84], [10, 55], [98, 68], [78, 73], [60, 86], [16, 79], [87, 78], [20, 47], [98, 43], [88, 44], [82, 70], [69, 11], [92, 68], [48, 32], [80, 79], [22, 93], [52, 71], [70, 80], [90, 6], [67, 27], [52, 67], [5, 70], [75, 50], [73, 87], [36, 89], [76, 74], [76, 65], [99, 71], [40, 99], [22, 35], [64, 33], [55, 41], [65, 30], [32, 59], [19, 66], [62, 0], [89, 80], [26, 5], [82, 76], [33, 99], [71, 69], [15, 75], [92, 98], [15, 69], [80, 30], [88, 67], [71, 1], [30, 55], [42, 78], [29, 42], [96, 42], [11, 49], [34, 88], [52, 19], [79, 66], [81, 6], [54, 83], [31, 42], [5, 74], [45, 73], [36, 70], [45, 69], [24, 96], [21, 54], [34, 33], [45, 45], [33, 83], [33, 31], [23, 71], [77, 68], [51, 24], [61, 28], [24, 63], [80, 13], [71, 18], [73, 53], [4, 21], [41, 43], [99, 28], [72, 9], [42, 44], [50, 90], [59, 39], [93, 53], [5, 27], [83, 85], [94, 62], [30, 32], [9, 42], [89, 63], [97, 22], [47, 65], [43, 58], [40, 66], [61, 84], [45, 99], [82, 74], [32, 60], [50, 59], [33, 65], [40, 67], [49, 77], [92, 58], [18, 61], [8, 42], [52, 62], [9, 9], [45, 67], [75, 82], [57, 93], [51, 93], [5, 46], [90, 85], [83, 76], [68, 43], [98, 22], [76, 93], [80, 47], [15, 48], [53, 62], [87, 83], [66, 33], [41, 67], [7, 47], [40, 37], [15, 49], [19, 72], [50, 65], [80, 86], [16, 70], [58, 58], [10, 94], [14, 74], [62, 44], [59, 53], [44, 57], [88, 68], [41, 29], [86, 60], [40, 73], [10, 83], [78, 31], [10, 79], [76, 78], [55, 99], [73, 7], [15, 40], [68, 81], [98, 41], [13, 65], [30, 77], [34, 56], [25, 70], [25, 74], [76, 64], [71, 73], [20, 14], [40, 79], [75, 75], [80, 69], [99, 19], [22, 87], [60, 50], [36, 76], [21, 67], [31, 79], [11, 45], [75, 78], [55, 34], [91, 66], [92, 85], [21, 73], [5, 89], [52, 80], [22, 11], [57, 28], [83, 53], [32, 72], [72, 75], [6, 21], [48, 16], [6, 64], [24, 69], [81, 73], [5, 47], [1, 32], [43, 62], [29, 72], [49, 86], [85, 30], [72, 57], [32, 74], [37, 52], [62, 30], [75, 30], [70, 99], [44, 78], [56, 81], [63, 5], [56, 75], [90, 87], [6, 46], [34, 23], [82, 75], [84, 84], [42, 27], [12, 33], [44, 35], [27, 61], [74, 85], [88, 46], [15, 99], [91, 81], [0, 97], [51, 53], [63, 12], [6, 20], [30, 89], [47, 63], [83, 82], [88, 96], [18, 78], [80, 16], [4, 56], [20, 70], [73, 12], [61, 34], [12, 36], [41, 56], [19, 49], [20, 63], [20, 65], [92, 60], [29, 24], [86, 69], [84, 2], [35, 97], [23, 75], [14, 51], [24, 59], [87, 47], [27, 55], [26, 46], [66, 66], [72, 21], [35, 73], [72, 47], [64, 66], [66, 45], [44, 23], [82, 10], [41, 42], [75, 46], [68, 0], [25, 57], [72, 31], [1, 67], [84, 33], [29, 71], [86, 77], [26, 49], [77, 69], [75, 92], [86, 0], [26, 32], [9, 54], [50, 91], [53, 92], [80, 11], [81, 95], [17, 57], [55, 76], [32, 63], [81, 13], [91, 63], [85, 72], [67, 73], [55, 86], [92, 83], [28, 56], [30, 80], [66, 83], [75, 64], [18, 86], [41, 55], [29, 5], [27, 58], [33, 6], [61, 15], [13, 82], [47, 18], [7, 21], [46, 66], [37, 61], [13, 93], [73, 55], [56, 28], [37, 48], [4, 60], [90, 78], [8, 45], [21, 61], [25, 71], [64, 56], [87, 48], [54, 33], [70, 55], [56, 54], [42, 61], [52, 59], [36, 81], [40, 14], [90, 12], [44, 58], [90, 68], [55, 2], [45, 63], [60, 74], [63, 73], [31, 37], [21, 12], [80, 48], [70, 33], [59, 6], [28, 42], [43, 2], [21, 15], [43, 69], [6, 66], [31, 17], [18, 70], [16, 91], [19, 46], [29, 54], [3, 66], [40, 23], [33, 17], [27, 79], [9, 35], [41, 78], [31, 22], [33, 64], [26, 78], [67, 51], [7, 49], [45, 46], [79, 71], [89, 6], [54, 88], [95, 85], [10, 85], [60, 68], [21, 40], [55, 26], [83, 44], [24, 16], [58, 59], [70, 83], [18, 56], [78, 86], [90, 69], [19, 51], [47, 93], [11, 47], [25, 37], [59, 27], [41, 60], [89, 56], [18, 85], [13, 30], [32, 57], [95, 30], [5, 9], [3, 30], [48, 58], [59, 56], [57, 34], [81, 93], [38, 61], [92, 86], [21, 66], [17, 81], [63, 90], [2, 58], [18, 58], [81, 99], [74, 20], [50, 72], [46, 83], [47, 7], [77, 74], [33, 19], [12, 56], [35, 68], [45, 2], [7, 20], [39, 59], [60, 89], [80, 1], [99, 69], [44, 24], [23, 60], [24, 88], [26, 95], [57, 47], [65, 68], [79, 63], [42, 17], [21, 65], [96, 24], [77, 29], [58, 17], [1, 30], [21, 30], [38, 14], [1, 47], [79, 80], [38, 27], [70, 31], [88, 8], [13, 45], [34, 15], [18, 22], [60, 27], [99, 12], [56, 88], [19, 67], [75, 85], [61, 95], [67, 75], [72, 98], [57, 20], [56, 26], [51, 67], [99, 54], [16, 66], [81, 11], [71, 34], [19, 64], [47, 62], [48, 64], [28, 46], [71, 11], [83, 29], [44, 63], [36, 93], [23, 61], [66, 79], [59, 47], [22, 10], [65, 31], [82, 45], [23, 31], [67, 92], [0, 32], [15, 58], [34, 57], [33, 48], [46, 48], [35, 66], [4, 55], [97, 53], [96, 72], [8, 69], [0, 99], [43, 97], [12, 50], [43, 0], [68, 66], [30, 90], [48, 46], [68, 82], [70, 47], [20, 35], [20, 86], [9, 80], [90, 65], [11, 28], [22, 59], [24, 44], [89, 90], [82, 48], [99, 93], [34, 44], [61, 46], [61, 36], [0, 46], [27, 74], [33, 28], [74, 22], [31, 53], [1, 55], [14, 59], [40, 5], [55, 35], [14, 66], [62, 72], [90, 84], [37, 51], [72, 19], [89, 72], [10, 5], [55, 4], [34, 17], [17, 39], [74, 34], [13, 43], [31, 87], [18, 95], [3, 76], [76, 20], [42, 25], [92, 29], [74, 80], [78, 87], [7, 60], [23, 64], [69, 70], [47, 46], [13, 64], [59, 49], [12, 62], [67, 84], [8, 43], [59, 57], [71, 37], [27, 56], [35, 58], [58, 25], [35, 56], [35, 76], [37, 63], [74, 55], [4, 31], [62, 62], [60, 36], [85, 1], [64, 27], [12, 41], [40, 56], [52, 58], [34, 11], [29, 38], [22, 56], [21, 33], [80, 21], [71, 98], [80, 22], [42, 79], [46, 34], [64, 23], [27, 63], [74, 46], [29, 58], [21, 79], [24, 72], [48, 17], [80, 12], [1, 41], [21, 71], [70, 36], [56, 25], [81, 37], [81, 78], [14, 81], [37, 2], [74, 84], [62, 76], [35, 22], [60, 18], [30, 47], [89, 53], [38, 15], [95, 52], [2, 9], [40, 59], [16, 62], [83, 95], [4, 59], [12, 74], [70, 27], [18, 91], [45, 5], [67, 20], [76, 68], [85, 29], [11, 44], [41, 45], [32, 86], [2, 91], [69, 16], [13, 79], [64, 10], [20, 72], [39, 3], [46, 2], [97, 5], [11, 6], [44, 96], [91, 60], [25, 65], [78, 29], [54, 19], [39, 41], [88, 29], [58, 27], [76, 67], [53, 50], [72, 72], [14, 86], [68, 73], [17, 79], [62, 60], [33, 32], [25, 59], [79, 8], [52, 66], [81, 77], [41, 80], [35, 41], [56, 56], [93, 4], [17, 87], [5, 52], [72, 32], [68, 76], [12, 45], [20, 22], [77, 78], [5, 49], [36, 86], [53, 88], [61, 78], [63, 35], [20, 76], [2, 79], [55, 94], [37, 79], [24, 57], [22, 44], [69, 12], [25, 83], [70, 14], [34, 48], [39, 18], [84, 57], [40, 95], [86, 13], [52, 1], [92, 2], [6, 2], [44, 80], [72, 99], [59, 92], [65, 53], [28, 67], [49, 52], [97, 88], [13, 75], [75, 79], [78, 78], [54, 81], [15, 44], [4, 47], [65, 7], [20, 62], [16, 87], [4, 77], [83, 87], [55, 92], [81, 76], [54, 91], [32, 79], [55, 52], [50, 86], [37, 42], [53, 87], [15, 70], [17, 74], [18, 83], [54, 92], [26, 61], [64, 29], [3, 71], [14, 95], [8, 89], [20, 26], [44, 15], [42, 55], [88, 97], [94, 65], [12, 60], [62, 54], [80, 31], [28, 84], [34, 36], [73, 83], [4, 74], [17, 50], [25, 10], [60, 85], [62, 24], [77, 59], [80, 53], [21, 63], [51, 87], [61, 69], [51, 66], [39, 47], [55, 49], [51, 16], [52, 38], [33, 49], [33, 27], [50, 84], [84, 86], [49, 96], [81, 82], [16, 74], [49, 37], [24, 75], [46, 96], [90, 2], [37, 59], [66, 96], [23, 51], [89, 0], [71, 32], [72, 28], [7, 72], [99, 25], [26, 77], [74, 71], [4, 66], [48, 3], [49, 83], [15, 52], [64, 88], [34, 28], [10, 27], [79, 73], [9, 49], [49, 99], [51, 90], [64, 83], [55, 45], [61, 62], [29, 28], [65, 62], [39, 28], [69, 72], [82, 88], [77, 76], [9, 26], [8, 54], [2, 60], [16, 78], [59, 3], [1, 48], [2, 59], [80, 84], [68, 24], [57, 79], [78, 80], [68, 59], [48, 57], [65, 25], [25, 55], [46, 65], [27, 88], [34, 85], [50, 45], [79, 34], [15, 89], [70, 74], [47, 1], [50, 3], [87, 45], [50, 64], [15, 56], [14, 56], [25, 12], [17, 56], [58, 23], [73, 44], [28, 26], [16, 45], [68, 51], [48, 67], [24, 79], [77, 67], [59, 30], [10, 41], [87, 9], [54, 51], [64, 90], [27, 51], [48, 31], [67, 91], [58, 30], [37, 74], [11, 10], [70, 28], [48, 12], [16, 49], [21, 62], [10, 4], [90, 13], [3, 50], [77, 28], [60, 51], [91, 61], [29, 69], [91, 83], [51, 21], [37, 71], [90, 66], [12, 39], [9, 60], [74, 95], [20, 67], [72, 5], [23, 93], [30, 10], [1, 49], [38, 75], [66, 58], [74, 56], [80, 20], [53, 7], [71, 36], [77, 79], [72, 90], [22, 12], [30, 75], [56, 40], [69, 77], [60, 73], [93, 62], [38, 30], [67, 69], [18, 79], [94, 53], [30, 70], [48, 41], [42, 67], [70, 11], [28, 38], [88, 65], [76, 46], [25, 61], [21, 50], [29, 65], [20, 74], [81, 71], [56, 23], [51, 33], [28, 62], [12, 38], [61, 27], [41, 71], [75, 80], [47, 21], [54, 89], [70, 68], [10, 64], [48, 77], [81, 53], [41, 51], [98, 72], [26, 30], [66, 70], [85, 86], [39, 62], [81, 52], [48, 66], [28, 5], [86, 82], [45, 70], [73, 26], [7, 43], [5, 3], [14, 41], [87, 66], [64, 30], [39, 51], [43, 20], [76, 24], [51, 37], [97, 40], [71, 33], [50, 61], [14, 75], [26, 59], [73, 21], [77, 30], [53, 78], [61, 25], [51, 60], [85, 68], [80, 27], [29, 55], [27, 53], [79, 72], [15, 68], [14, 18], [52, 56], [23, 78], [22, 63], [64, 72], [63, 71], [60, 21], [18, 29], [3, 84], [54, 82], [16, 84], [80, 88], [21, 52], [31, 75], [27, 73], [37, 5], [33, 35], [20, 75], [37, 32], [58, 60], [44, 60], [91, 65], [80, 81], [10, 82], [84, 5], [76, 63], [42, 49], [10, 56], [81, 74], [77, 80], [14, 3], [59, 16], [90, 70], [62, 82], [92, 73], [88, 66], [12, 52], [49, 62], [31, 46], [10, 93], [93, 43], [73, 86], [60, 82], [47, 10], [54, 85], [53, 41], [84, 39], [6, 70], [45, 59], [84, 0], [66, 32], [30, 62], [39, 73], [26, 48], [2, 95], [66, 65], [40, 60], [76, 59], [9, 10], [5, 39], [12, 28], [60, 22], [58, 89], [44, 1], [55, 83], [53, 86], [29, 51], [79, 94], [73, 22], [6, 3], [75, 2], [30, 49], [52, 33], [52, 21], [91, 87], [31, 2], [50, 79], [24, 80], [48, 80], [34, 20], [92, 78], [4, 78], [31, 29], [49, 60], [80, 68], [79, 2], [27, 39], [2, 3], [63, 1], [23, 80], [5, 50], [25, 69], [56, 92], [30, 71], [32, 58], [17, 80], [19, 56], [1, 84], [51, 85], [96, 40], [24, 71], [47, 6], [21, 64], [66, 69], [73, 70], [53, 84], [67, 81], [48, 29], [80, 29], [33, 14], [75, 45], [9, 71], [37, 22], [1, 56], [36, 88], [39, 66], [72, 20], [67, 21], [58, 67], [28, 44], [62, 66], [20, 68], [14, 28], [87, 94], [87, 73], [79, 92], [65, 58], [64, 11], [55, 89], [74, 53], [42, 58], [28, 71], [44, 2], [66, 22], [6, 22], [1, 57], [2, 24], [67, 22], [85, 87], [35, 75], [77, 27], [39, 19], [73, 81], [94, 10], [19, 60], [26, 31], [29, 64], [45, 62], [35, 36], [15, 62], [14, 43], [13, 52], [6, 61], [19, 89], [77, 44], [47, 44], [22, 46], [89, 66], [77, 64], [96, 10], [61, 23], [65, 81], [13, 46], [24, 87], [31, 64], [98, 30], [60, 32], [51, 34], [79, 11], [57, 12], [96, 75], [62, 71], [17, 68], [81, 64], [25, 68], [29, 49], [36, 40], [57, 48], [18, 6], [50, 26], [40, 2], [45, 75], [26, 7], [36, 84], [17, 54], [55, 81], [57, 41], [30, 4], [11, 99], [34, 31], [56, 19], [16, 67], [20, 20], [99, 9], [22, 88], [67, 45], [55, 0], [12, 35], [76, 21], [97, 55], [33, 4], [47, 53], [97, 42], [27, 67], [12, 69], [96, 52], [99, 52], [30, 0], [41, 48], [0, 31], [83, 74], [18, 72], [91, 43], [85, 32], [20, 77], [10, 21], [25, 44], [72, 78], [15, 31], [54, 48], [78, 27], [57, 39], [90, 40], [74, 30], [51, 86], [52, 26], [51, 12], [12, 83], [69, 18], [56, 22], [2, 50], [8, 47], [2, 46], [22, 82], [28, 57], [11, 57], [20, 15], [41, 70], [5, 6], [29, 15], [95, 67], [42, 10], [16, 72], [99, 42], [43, 1], [0, 47], [16, 46], [57, 81], [72, 88], [78, 24], [8, 38], [54, 93], [24, 43], [75, 29], [65, 75], [62, 59], [88, 3], [11, 46], [57, 95], [46, 22], [72, 79], [60, 65], [24, 73], [31, 48], [27, 32], [44, 42], [7, 75], [53, 57], [37, 65], [23, 13], [60, 79], [65, 46], [41, 79], [14, 71], [15, 50], [80, 55], [19, 55], [72, 71], [56, 78], [60, 28], [63, 83], [61, 24], [92, 61], [46, 79], [13, 42], [6, 25], [68, 32], [14, 11], [16, 29], [15, 90], [89, 64], [63, 25], [25, 47], [99, 88], [41, 77], [13, 44], [69, 35], [42, 69], [62, 47], [13, 67], [95, 66], [68, 56], [93, 82], [76, 83], [59, 24], [49, 56], [12, 87], [12, 67], [30, 28], [99, 98], [26, 71], [58, 47], [2, 22], [35, 87], [8, 52], [81, 39], [34, 40], [75, 62], [68, 20], [90, 30], [4, 92], [79, 43], [26, 74], [95, 38], [64, 3], [15, 53], [51, 56], [17, 71], [29, 23], [66, 21], [79, 52], [81, 47], [70, 5], [16, 11], [6, 89], [60, 66], [67, 76], [81, 87], [59, 72], [47, 79], [4, 88], [60, 80], [35, 57], [80, 87], [59, 13], [72, 86], [97, 98], [94, 86], [33, 68], [25, 84], [10, 46], [51, 22], [18, 63], [26, 75], [73, 96], [94, 78], [50, 57], [19, 63], [45, 32], [63, 57], [40, 41], [54, 84], [59, 25], [78, 88], [69, 78], [63, 78], [69, 57], [55, 29], [44, 71], [29, 76], [57, 89], [20, 45], [40, 57], [86, 34], [23, 81], [32, 17], [23, 14], [84, 35], [37, 19], [10, 49], [60, 90], [98, 90], [2, 52], [48, 40], [56, 47], [38, 96], [3, 5], [11, 76], [19, 34], [49, 66], [16, 58], [15, 61], [89, 42], [54, 42], [96, 68], [32, 21], [92, 56], [48, 56], [40, 44], [71, 50], [76, 77], [63, 23], [44, 86], [52, 50], [39, 75], [30, 13], [24, 33], [42, 94], [51, 81], [83, 65], [17, 75], [60, 61], [33, 5], [29, 31], [29, 95], [95, 58], [27, 37], [49, 88], [17, 90], [52, 25], [2, 47], [14, 64], [48, 72], [25, 58], [27, 60], [79, 75], [13, 85], [45, 58], [12, 72], [41, 22], [71, 63], [66, 68], [81, 81], [22, 75], [94, 69], [16, 56], [70, 88], [32, 89], [56, 21], [30, 61], [73, 32], [28, 76], [77, 84], [94, 87], [34, 61], [10, 75], [66, 42], [49, 61], [65, 28], [19, 59], [17, 70], [1, 43], [65, 70], [46, 53], [10, 52], [64, 51], [20, 11], [76, 60], [68, 44], [33, 74], [63, 13], [19, 26], [39, 25], [36, 87], [3, 99], [24, 13], [13, 89], [22, 77], [48, 85], [13, 22], [68, 35], [97, 38], [20, 42], [96, 38], [24, 58], [60, 69], [22, 52], [6, 94], [96, 41], [54, 39], [30, 15], [51, 9], [87, 8], [48, 2], [43, 64], [91, 29], [53, 83], [92, 40], [69, 26], [48, 92], [48, 39], [26, 56], [25, 33], [98, 35], [81, 58], [98, 42], [2, 62], [33, 63], [27, 48], [27, 77], [31, 21], [95, 29], [11, 86], [52, 60], [47, 30], [51, 55], [82, 89], [46, 19], [12, 17], [65, 26], [12, 27], [21, 74], [10, 15], [14, 72], [81, 70], [37, 72], [82, 29], [6, 47], [27, 89], [64, 44], [4, 57], [99, 76], [40, 72], [35, 28], [55, 47], [43, 96], [64, 0], [69, 22], [86, 71], [67, 60], [80, 57], [73, 67], [14, 2], [69, 88], [56, 91], [4, 45], [12, 47], [7, 85], [88, 70], [30, 40], [27, 70], [6, 75], [31, 60], [33, 13], [64, 85], [75, 58], [84, 81], [57, 8], [74, 29], [39, 70], [94, 5], [47, 69], [52, 84], [78, 44], [5, 57], [54, 94], [98, 86], [24, 55], [97, 26], [66, 4], [23, 77], [57, 30], [91, 93], [80, 19], [13, 54], [91, 57], [85, 33], [75, 20], [72, 56], [68, 15], [71, 81], [7, 56], [62, 40], [37, 80], [3, 28], [99, 92], [23, 4], [30, 85], [50, 58], [24, 81], [67, 33], [36, 53], [0, 41], [32, 55], [83, 75], [72, 29], [37, 8], [83, 34], [96, 53], [46, 36], [71, 49], [45, 9], [50, 56], [93, 86], [19, 65], [24, 9], [31, 62], [95, 90], [33, 78], [60, 40], [96, 94], [52, 77], [33, 80], [55, 22], [11, 20], [90, 67], [80, 2], [16, 60], [68, 77], [66, 95], [64, 21], [8, 49], [27, 76], [44, 59], [8, 37], [25, 1], [55, 85], [6, 62], [22, 86], [78, 85], [31, 39], [42, 54], [22, 81], [28, 68], [44, 68], [49, 30], [53, 56], [84, 91], [70, 18], [29, 73], [70, 30], [47, 32], [95, 15], [10, 18], [42, 2], [27, 5], [4, 46], [97, 90], [27, 96], [99, 79], [29, 70], [40, 96], [16, 80], [35, 99], [26, 80], [57, 55], [23, 72], [16, 28], [33, 12], [96, 83], [22, 69], [23, 74], [72, 16], [36, 68], [17, 82], [11, 43], [20, 50], [22, 65], [0, 75], [13, 4], [58, 55], [11, 5], [21, 11], [46, 26], [52, 61], [86, 75], [89, 87], [25, 85], [9, 48], [69, 73], [59, 62], [66, 82], [13, 74], [21, 24], [40, 24], [80, 77], [72, 59], [34, 71], [90, 1], [59, 71], [13, 11], [26, 42], [74, 0], [13, 8], [68, 52], [38, 2], [25, 76], [14, 23], [23, 70], [92, 94], [41, 23], [41, 62], [11, 52], [26, 25], [34, 67], [1, 70], [95, 73], [66, 28], [93, 12], [49, 91], [23, 53], [11, 96], [27, 66], [31, 93], [69, 86], [26, 67], [93, 75], [95, 69], [78, 76], [56, 90], [88, 54], [58, 84], [64, 74], [0, 49], [16, 48], [9, 53], [79, 79], [62, 64], [35, 61], [39, 96], [9, 37], [62, 94], [48, 35], [75, 87], [41, 59], [70, 93], [20, 73], [94, 77], [93, 99], [93, 70], [50, 30], [27, 29], [98, 71], [75, 71], [3, 61], [63, 27], [74, 88], [8, 71], [20, 55], [48, 87], [36, 72], [54, 35], [76, 81], [46, 29], [21, 53], [96, 26], [38, 0], [94, 37], [10, 50], [15, 74], [54, 22], [90, 5], [48, 70], [18, 66], [9, 45], [26, 21], [68, 60], [49, 51], [27, 50], [61, 82], [3, 87], [71, 82], [68, 14], [73, 89], [51, 29], [62, 19], [26, 33], [38, 80], [18, 52], [42, 51], [61, 89], [75, 81], [49, 27], [15, 24], [49, 76], [70, 63], [52, 52], [49, 78], [47, 9], [60, 87], [13, 24], [43, 28], [97, 70], [64, 71], [44, 93], [47, 34], [61, 99], [49, 65], [48, 20], [50, 19], [56, 32], [10, 1], [5, 43], [46, 84], [47, 76], [75, 89], [54, 95], [5, 29], [81, 31], [5, 19], [25, 45], [85, 80], [30, 53], [87, 62], [66, 34], [39, 34], [40, 46], [69, 32], [23, 67], [63, 47], [36, 57], [47, 86], [76, 91], [24, 42], [75, 60], [65, 76], [98, 50], [55, 88], [69, 15], [47, 43], [62, 90], [15, 59], [7, 38], [47, 20], [85, 81], [32, 66], [30, 57], [82, 53], [47, 70], [31, 82], [99, 62], [50, 82], [18, 57], [96, 25], [73, 72], [64, 24], [89, 86], [43, 77], [58, 54], [62, 73], [41, 74], [48, 30], [32, 19], [43, 5], [38, 42], [70, 39], [10, 25], [80, 70], [90, 42], [51, 58], [36, 36], [57, 54], [69, 40], [84, 69], [38, 51], [21, 48], [44, 13], [31, 33], [13, 26], [63, 82], [19, 73], [69, 0], [1, 92], [32, 4], [76, 55], [49, 79], [0, 76], [36, 92], [74, 82], [54, 34], [26, 64], [53, 89], [65, 69], [37, 67], [12, 84], [67, 71], [0, 24], [1, 45], [14, 47], [83, 1], [52, 91], [40, 6], [5, 55], [56, 87], [10, 47], [27, 3], [69, 67], [11, 35], [33, 54], [58, 40], [43, 79], [79, 27], [49, 81], [31, 35], [32, 18], [25, 40], [72, 77], [90, 93], [71, 91], [57, 26], [85, 43], [23, 58], [12, 63], [86, 88], [11, 34], [68, 5], [44, 31], [74, 18], [32, 33], [10, 58], [99, 18], [86, 87], [67, 12], [76, 82], [23, 12], [26, 0], [98, 60], [58, 83], [27, 34], [9, 74], [69, 2], [35, 23], [66, 64], [45, 90], [48, 6], [41, 9], [53, 82], [55, 13], [76, 8], [50, 96], [61, 76], [11, 60], [70, 29], [32, 81], [74, 83], [12, 76], [78, 67], [50, 22], [48, 55], [95, 78], [8, 9], [21, 25], [62, 69], [77, 53], [57, 25], [62, 88], [22, 78], [83, 0], [93, 85], [6, 24], [78, 60], [81, 29], [95, 53], [83, 72], [64, 41], [68, 85], [18, 68], [37, 15], [5, 4], [33, 7], [53, 44], [93, 68], [6, 44], [15, 42], [32, 65], [78, 34], [5, 60], [92, 62], [89, 82], [59, 96], [69, 33], [76, 30], [25, 46], [31, 74], [78, 72], [5, 30], [26, 45], [84, 3], [14, 77], [12, 68], [26, 24], [8, 44], [97, 12], [25, 34], [34, 19], [50, 99], [76, 31], [72, 82], [37, 50], [62, 16], [52, 72], [97, 4], [98, 36], [88, 77], [97, 99], [2, 28], [91, 13], [52, 43], [57, 40], [14, 63], [44, 81], [24, 67], [75, 23], [34, 35], [62, 45], [7, 36], [52, 53], [69, 71], [67, 87], [54, 14], [26, 90], [0, 59], [56, 27], [67, 25], [84, 43], [76, 28], [42, 39], [19, 11], [39, 4], [72, 7], [3, 65], [48, 10], [7, 70], [63, 22], [13, 53], [46, 44], [75, 72], [85, 34], [25, 0], [60, 47], [48, 65], [63, 62], [72, 12], [25, 67], [22, 71], [36, 71], [24, 66], [61, 30], [18, 74], [60, 23], [74, 77], [31, 3], [69, 19], [96, 78], [73, 29], [12, 79], [58, 18], [76, 72], [52, 31], [61, 79], [99, 57], [24, 48], [89, 69], [74, 73], [88, 30], [6, 23], [29, 62], [57, 9], [39, 40], [15, 72], [86, 64], [43, 86], [69, 52], [29, 67], [93, 97], [39, 2], [5, 94], [65, 35], [1, 40], [45, 56], [72, 4], [34, 49], [65, 61], [35, 8], [10, 71], [83, 43], [74, 72], [96, 93], [9, 38], [94, 41], [64, 49], [23, 9], [15, 73], [57, 11], [15, 65], [81, 90], [60, 49], [9, 57], [61, 85], [31, 68], [42, 56], [64, 13], [47, 60], [70, 54], [21, 45], [30, 5], [50, 66], [58, 66], [30, 36], [63, 64], [80, 82], [23, 54], [40, 47], [13, 59], [34, 41], [3, 29], [92, 89], [39, 31], [70, 3], [75, 7], [99, 46], [4, 73], [9, 52], [40, 68], [77, 32], [62, 23], [65, 15], [73, 80], [52, 10], [72, 37], [56, 43], [46, 33], [78, 30], [17, 84], [0, 36], [58, 19], [24, 4], [27, 4], [53, 55], [91, 78], [24, 84], [3, 31], [75, 28], [63, 86], [79, 77], [0, 1], [6, 4], [17, 77], [73, 66], [82, 73], [21, 49], [81, 50], [59, 33], [90, 77], [21, 46], [57, 92], [25, 35], [43, 61], [45, 79], [24, 64], [61, 31], [60, 29], [79, 32], [22, 99], [76, 47], [85, 67], [44, 51], [66, 75], [0, 40], [74, 60], [62, 36], [46, 61], [60, 59], [91, 85], [41, 47], [91, 32], [69, 64], [28, 23], [25, 54], [76, 71], [27, 59], [7, 46], [49, 54], [44, 82], [30, 72], [13, 69], [4, 22], [16, 90], [13, 56], [56, 86], [25, 80], [63, 68], [98, 93], [52, 86], [99, 77], [55, 90], [32, 34], [60, 48], [37, 99], [33, 18], [60, 25], [56, 42], [33, 60], [53, 91], [19, 44], [53, 22], [52, 48], [99, 91], [2, 31], [52, 44], [17, 38], [60, 72], [26, 55], [58, 81], [11, 61], [63, 51], [36, 38], [28, 27], [94, 40], [71, 93], [65, 60], [51, 99], [33, 36], [72, 1], [60, 76], [96, 12], [53, 30], [45, 23], [47, 33], [62, 74], [31, 12], [0, 34], [45, 1], [88, 5], [57, 27], [38, 19], [85, 13], [48, 47], [81, 72], [34, 18], [27, 17], [37, 18], [77, 20], [72, 62], [77, 11], [79, 22], [21, 60], [69, 83], [21, 70], [12, 22], [24, 70], [97, 96], [74, 48], [0, 43], [70, 6], [41, 24], [57, 84], [99, 90], [56, 10], [13, 61], [6, 34], [88, 43], [61, 44], [13, 51], [97, 94], [82, 54], [17, 43], [99, 73], [73, 75], [65, 47], [35, 86], [19, 76], [12, 42], [39, 56], [31, 86], [63, 92], [8, 74], [8, 27], [48, 93], [59, 17], [73, 24], [71, 84], [79, 28], [60, 78], [11, 14], [48, 60], [23, 83], [64, 26], [39, 11], [97, 18], [74, 86], [77, 9], [77, 73], [55, 93], [6, 50], [39, 79], [53, 60], [37, 73], [64, 68], [78, 48], [91, 84], [51, 88], [88, 89], [14, 90], [40, 69], [23, 0], [58, 1], [19, 15], [49, 80], [66, 80], [53, 29], [94, 42], [8, 51], [70, 34], [49, 5], [25, 81], [41, 5], [23, 69], [62, 61], [60, 31], [74, 68], [91, 89], [77, 12], [24, 32], [52, 82], [1, 5], [20, 83]], "targets": [[87, 57], [38, 16], [21, 3], [10, 7], [85, 37], [99, 56], [68, 8], [92, 77], [96, 11], [94, 72], [85, 47], [40, 13], [80, 30], [88, 50], [93, 9], [34, 21], [75, 38], [81, 55], [64, 9], [97, 48], [86, 76], [80, 47], [30, 14], [74, 42], [89, 48], [92, 13], [24, 5], [31, 18], [84, 38], [85, 55], [67, 6], [97, 50], [85, 74], [86, 53], [35, 19], [81, 30], [90, 10], [78, 43], [31, 19], [84, 42], [79, 57], [70, 7], [86, 56], [95, 10], [37, 19], [86, 38], [97, 56], [84, 74], [23, 5], [85, 53], [38, 14], [75, 41], [83, 49], [71, 8], [91, 14], [88, 49], [40, 18], [78, 34], [94, 56], [89, 72], [85, 45], [37, 22], [76, 38], [84, 46], [94, 11], [71, 5], [89, 56], [30, 24], [78, 38], [26, 0], [90, 57], [98, 50], [92, 71], [30, 23], [83, 33], [91, 11], [90, 55], [81, 57], [31, 13], [83, 37], [66, 6], [90, 43], [91, 13], [37, 24], [82, 40], [93, 55], [91, 75], [86, 44], [20, 2], [37, 14], [84, 36], [79, 48], [71, 4], [98, 10], [88, 54], [36, 19], [80, 34], [80, 55], [98, 54], [87, 71], [38, 18], [77, 42], [88, 55], [70, 3], [96, 12], [92, 43], [37, 15], [83, 42], [85, 44], [22, 4], [95, 55], [85, 72], [38, 17], [84, 30], [91, 15], [86, 55], [65, 4], [83, 45], [41, 24], [79, 39], [78, 52], [93, 15], [33, 24], [78, 35], [88, 45], [99, 50], [90, 73], [64, 5], [89, 50], [36, 18], [80, 32], [21, 5], [97, 16], [79, 46], [40, 17], [81, 35], [83, 51], [96, 55], [84, 76], [68, 1], [85, 49], [42, 14], [82, 38], [98, 11], [83, 50], [41, 23], [74, 37], [84, 52], [73, 74], [42, 65], [64, 4], [75, 93], [8, 68], [29, 29], [58, 7], [62, 71], [11, 80], [9, 61], [39, 30], [63, 52], [93, 76], [36, 8], [96, 95], [58, 77], [97, 46], [48, 98], [37, 30], [39, 97], [33, 89], [14, 44], [47, 24], [44, 76], [63, 15], [52, 10], [17, 1], [7, 81], [99, 51], [75, 48], [71, 91], [28, 16], [74, 33], [53, 56], [87, 51], [45, 83], [52, 7], [17, 77], [79, 19], [63, 62], [86, 14], [28, 49], [24, 14], [0, 91], [64, 85], [30, 82], [84, 56], [35, 58], [85, 14], [94, 74], [28, 2], [66, 93], [43, 6], [77, 57], [49, 54], [41, 54], [3, 49], [98, 70], [2, 11], [59, 36], [75, 51], [6, 84], [94, 53], [83, 2], [60, 11], [21, 38], [32, 8], [59, 5], [17, 47], [69, 44], [28, 61], [8, 1], [87, 46], [23, 3], [5, 92], [89, 93], [55, 90], [39, 96], [55, 52], [27, 18], [72, 11], [12, 16], [6, 7], [93, 29], [38, 1], [16, 24], [21, 33], [19, 17], [5, 56], [27, 23], [8, 23], [28, 29], [58, 80], [46, 40], [58, 48], [38, 59], [5, 32], [46, 38], [23, 13], [34, 3], [97, 29], [33, 14], [76, 30], [0, 25], [51, 8], [37, 55], [21, 58], [98, 55], [87, 36], [7, 74], [6, 96], [91, 52], [4, 96], [50, 14], [37, 13], [64, 14], [5, 77], [97, 62], [67, 48], [1, 27], [84, 12], [18, 44], [32, 57], [70, 62], [54, 53], [73, 32], [8, 79], [62, 17], [51, 52], [21, 52], [7, 79], [97, 58], [83, 75], [36, 15], [26, 48], [48, 41], [76, 82], [75, 44], [89, 87], [87, 45], [75, 58], [36, 50], [15, 35], [37, 29], [83, 97], [22, 86], [71, 88], [37, 66], [53, 82], [30, 31], [60, 1], [87, 98], [66, 31], [79, 41], [33, 52], [10, 20], [53, 65], [66, 13], [47, 95], [29, 32], [17, 15], [56, 46], [43, 85], [16, 3], [18, 98], [9, 52], [89, 38], [95, 69], [60, 19], [29, 20], [12, 47], [1, 19], [14, 85], [14, 94], [93, 74], [86, 78], [36, 87], [17, 48], [40, 94], [60, 13], [17, 25], [82, 5], [95, 98], [5, 58], [71, 41], [57, 13], [3, 21], [89, 11], [66, 3], [11, 6], [21, 87], [96, 76], [87, 92], [69, 17], [14, 25], [11, 15], [53, 80], [36, 36], [47, 25], [87, 37], [95, 5], [99, 38], [79, 36], [84, 47], [88, 63], [72, 99], [64, 19], [4, 25], [51, 43], [28, 20], [56, 29], [80, 7], [62, 73], [20, 25], [64, 32], [50, 54], [9, 12], [41, 29], [58, 24], [46, 47], [14, 72], [7, 71], [74, 19], [73, 13], [83, 68], [62, 50], [83, 94], [13, 67], [71, 71], [79, 42], [94, 98], [39, 41], [41, 2], [47, 13], [54, 4], [60, 82], [90, 65], [76, 43], [81, 37], [74, 14], [52, 12], [89, 8], [58, 96], [4, 22], [20, 51], [19, 2], [82, 12], [81, 81], [73, 83], [46, 37], [27, 75], [64, 21], [60, 52], [53, 7], [94, 76], [77, 78], [75, 97], [19, 25], [92, 63], [60, 39], [68, 42], [82, 65], [60, 17], [38, 29], [40, 26], [82, 10], [22, 95], [77, 31], [81, 29], [39, 51], [76, 74], [38, 38], [99, 40], [36, 38], [3, 27], [2, 33], [58, 74], [74, 40], [73, 11], [73, 97], [22, 82], [23, 82], [44, 89], [69, 67], [32, 26], [6, 38], [35, 2], [43, 26], [2, 77], [65, 33], [28, 22], [16, 78], [47, 67], [91, 55], [99, 58], [62, 48], [52, 72], [96, 80], [69, 69], [20, 83], [76, 97], [9, 57], [0, 85], [63, 98], [63, 99], [65, 72], [9, 25], [45, 56], [67, 30], [33, 40], [84, 60], [21, 27], [47, 17], [45, 5], [15, 20], [22, 38], [20, 31], [9, 93], [0, 81], [11, 68], [30, 77], [50, 39], [60, 60], [46, 28], [71, 96], [17, 5], [76, 4], [52, 33], [12, 54], [95, 77], [8, 64], [41, 11], [8, 58], [2, 69], [99, 36], [31, 70], [90, 92], [87, 43], [71, 61], [52, 82], [69, 4], [54, 44], [63, 24], [36, 24], [26, 8], [67, 24], [34, 65], [97, 37], [45, 78], [32, 19], [11, 97], [60, 32], [82, 89], [93, 31], [93, 79], [39, 80], [0, 43], [8, 88], [50, 74], [28, 54], [90, 63], [43, 83], [68, 3], [79, 4], [50, 85], [33, 39], [58, 34], [42, 67], [57, 36], [20, 36], [62, 47], [22, 47], [59, 80], [17, 33], [99, 2], [6, 32], [92, 8], [70, 55], [90, 85], [99, 73], [46, 49], [11, 41], [78, 47], [32, 30], [79, 2], [24, 45], [54, 19], [32, 62], [83, 43], [98, 77], [0, 56], [52, 8], [72, 77], [30, 30], [37, 39], [12, 90], [74, 70], [30, 28], [81, 32], [93, 33], [89, 96], [8, 86], [15, 10], [49, 2], [32, 25], [15, 21], [43, 61], [51, 92], [86, 10], [85, 81], [50, 8], [50, 7], [21, 79], [75, 9], [1, 5], [39, 0], [71, 49], [21, 40], [16, 23], [8, 11], [60, 49], [2, 78], [93, 98], [77, 38], [7, 1], [75, 33], [50, 61], [15, 45], [99, 14], [0, 82], [67, 62], [94, 3], [29, 98], [63, 93], [83, 84], [5, 24], [26, 23], [1, 8], [45, 17], [23, 85], [18, 27], [51, 6], [36, 52], [31, 54], [0, 89], [67, 29], [31, 1], [15, 52], [76, 19], [46, 84], [20, 92], [95, 68], [83, 62], [69, 37], [37, 8], [3, 65], [28, 86], [7, 41], [88, 11], [47, 28], [7, 99], [29, 19], [18, 47], [24, 42], [12, 20], [52, 20], [82, 75], [15, 71], [71, 53], [96, 64], [65, 60], [92, 88], [27, 89], [44, 79], [55, 7], [45, 3], [14, 37], [68, 41], [81, 63], [26, 11], [20, 79], [18, 23], [58, 64], [92, 42], [45, 0], [77, 23], [26, 3], [27, 3], [27, 50], [44, 80], [69, 73], [48, 53], [82, 60], [32, 75], [17, 63], [94, 81], [48, 34], [98, 72], [48, 52], [34, 54], [28, 94], [7, 33], [42, 4], [5, 33], [90, 29], [46, 18], [75, 17], [24, 17], [1, 99], [38, 28], [3, 87], [50, 31], [87, 56], [44, 83], [87, 39], [97, 60], [77, 22], [37, 16], [64, 61], [48, 57], [97, 49], [96, 8], [72, 17], [63, 58], [12, 26], [99, 35], [68, 78], [94, 68], [13, 1], [63, 11], [92, 79], [86, 82], [33, 2], [13, 63], [62, 8], [79, 90], [29, 89], [53, 48], [9, 27], [47, 36], [63, 48], [59, 49], [18, 95], [9, 32], [4, 50], [82, 58], [99, 96], [69, 23], [19, 11], [37, 4], [91, 98], [99, 11], [62, 53], [5, 5], [84, 34], [50, 96], [9, 75], [75, 66], [40, 60], [13, 20], [92, 68], [34, 46], [35, 47], [60, 70], [14, 57], [50, 92], [78, 25], [71, 85], [40, 10], [48, 21], [24, 38], [7, 35], [12, 37], [47, 8], [83, 30], [90, 36], [79, 18], [15, 93], [53, 53], [25, 30], [49, 9], [3, 34], [83, 58], [42, 52], [34, 55], [60, 88], [62, 55], [68, 81], [58, 42], [46, 89], [79, 17], [80, 94], [77, 55], [39, 67], [83, 82], [15, 12], [77, 11], [39, 26], [41, 94], [4, 98], [17, 50], [40, 43], [55, 4], [7, 66], [7, 91], [81, 36], [86, 41], [60, 43], [97, 42], [51, 91], [16, 14], [10, 41], [43, 11], [97, 96], [2, 41], [19, 85], [84, 99], [20, 16], [46, 72], [42, 78], [96, 24], [77, 19], [17, 49], [84, 9], [32, 91], [27, 62], [67, 38], [57, 30], [99, 69], [2, 74], [59, 50], [2, 64], [53, 24], [26, 46], [51, 98], [11, 92], [16, 40], [67, 72], [27, 36], [14, 63], [74, 4], [19, 84], [50, 95], [31, 41], [59, 85], [11, 46], [12, 21], [90, 72], [95, 86], [37, 77], [10, 61], [61, 81], [90, 5], [26, 81], [99, 65], [88, 91], [67, 33], [47, 21], [88, 95], [27, 78], [43, 18], [28, 19], [24, 62], [86, 9], [5, 3], [99, 85], [40, 80], [28, 41], [79, 40], [65, 31], [94, 64], [24, 32], [36, 54], [68, 55], [97, 80], [78, 99], [18, 7], [43, 52], [10, 93], [98, 65], [91, 79], [1, 9], [73, 93], [80, 27], [36, 9], [30, 42], [40, 98], [56, 41], [40, 71], [23, 31], [82, 62], [71, 74], [14, 0], [24, 26], [31, 81], [58, 17], [47, 32], [67, 18], [94, 96], [0, 7], [59, 78], [46, 6], [96, 81], [22, 56], [82, 90], [34, 49], [87, 31], [43, 58], [71, 90], [98, 39], [23, 84], [4, 76], [31, 5], [17, 98], [50, 83], [0, 27], [0, 20], [86, 77], [61, 9], [32, 20], [64, 55], [93, 30], [8, 73], [15, 60], [9, 73], [27, 11], [40, 11], [51, 49], [64, 26], [62, 21], [92, 12], [7, 67], [10, 39], [29, 37], [3, 75], [69, 57], [78, 10], [3, 64], [39, 62], [14, 82], [11, 5], [22, 17], [93, 32], [8, 92], [3, 6], [40, 73], [5, 91], [11, 51], [10, 8], [24, 47], [74, 45], [13, 39], [99, 43], [2, 80], [87, 64], [86, 46], [20, 43], [38, 95], [51, 20], [38, 71], [55, 97], [27, 63], [4, 35], [26, 17], [58, 23], [31, 50], [14, 61], [2, 86], [64, 51], [8, 99], [94, 87], [65, 48], [99, 33], [23, 90], [84, 41], [85, 91], [5, 60], [92, 87], [60, 94], [99, 89], [6, 9], [52, 19], [40, 21], [65, 37], [2, 21], [95, 73], [97, 75], [41, 58], [19, 66], [31, 92], [23, 2], [86, 15], [65, 85], [36, 17], [27, 73], [57, 77], [74, 63], [31, 95], [49, 11], [0, 6], [10, 43], [96, 88], [27, 37], [8, 5], [9, 23], [47, 3], [3, 36], [44, 26], [82, 93], [77, 41], [34, 97], [8, 45], [60, 8], [73, 91], [27, 88], [16, 17], [50, 36], [26, 54], [6, 80], [33, 7], [34, 40], [92, 96], [44, 35], [96, 31], [8, 32], [28, 50], [9, 39], [27, 9], [83, 39], [33, 25], [50, 46], [46, 21], [88, 81], [35, 64], [98, 14], [88, 80], [43, 20], [28, 75], [32, 40], [62, 69], [91, 91], [71, 76], [83, 55], [51, 2], [9, 89], [38, 55], [7, 97], [5, 98], [44, 18], [14, 7], [39, 10], [83, 11], [41, 41], [44, 27], [25, 44], [84, 57], [73, 66], [89, 37], [45, 26], [39, 33], [39, 22], [90, 12], [17, 19], [35, 74], [91, 41], [55, 11], [3, 39], [14, 56], [45, 38], [62, 0], [69, 33], [26, 52], [59, 82], [56, 47], [31, 98], [65, 71], [88, 35], [1, 77], [31, 83], [7, 43], [87, 10], [77, 69], [28, 17], [31, 46], [80, 20], [36, 47], [9, 34], [89, 6], [37, 78], [67, 61], [70, 13], [26, 29], [2, 94], [9, 5], [26, 37], [71, 45], [99, 93], [86, 75], [50, 34], [35, 44], [11, 19], [14, 95], [20, 50], [51, 5], [39, 49], [65, 89], [47, 54], [88, 36], [30, 38], [14, 47], [61, 98], [92, 73], [89, 74], [7, 38], [87, 95], [22, 28], [72, 28], [66, 57], [44, 52], [3, 55], [41, 95], [61, 87], [82, 13], [41, 39], [92, 15], [91, 39], [2, 91], [93, 58], [0, 12], [52, 3], [14, 28], [36, 44], [95, 83], [82, 37], [98, 61], [62, 3], [73, 23], [31, 57], [18, 67], [54, 83], [25, 43], [16, 13], [93, 10], [63, 30], [34, 19], [42, 97], [79, 7], [52, 79], [92, 69], [26, 4], [52, 49], [23, 56], [63, 69], [30, 48], [67, 47], [61, 63], [22, 51], [86, 79], [44, 66], [39, 78], [86, 95], [34, 99], [68, 26], [22, 45], [25, 14], [87, 14], [98, 16], [0, 70], [42, 62], [86, 32], [12, 28], [75, 90], [63, 81], [0, 79], [64, 18], [80, 28], [7, 94], [86, 68], [37, 35], [94, 10], [43, 33], [6, 64], [39, 29], [44, 75], [69, 49], [16, 8], [15, 18], [84, 70], [66, 72], [70, 66], [81, 40], [4, 92], [84, 7], [61, 18], [87, 40], [33, 1], [5, 81], [52, 5], [96, 69], [91, 65], [13, 14], [34, 14], [98, 95], [23, 16], [2, 58], [18, 96], [29, 50], [56, 50], [4, 52], [56, 22], [25, 7], [64, 11], [7, 60], [52, 52], [54, 14], [6, 37], [1, 73], [98, 34], [7, 30], [6, 79], [1, 70], [21, 15], [69, 92], [52, 76], [94, 52], [3, 89], [73, 67], [7, 18], [45, 75], [56, 83], [34, 10], [25, 86], [49, 93], [24, 21], [74, 52], [70, 99], [38, 98], [50, 19], [0, 28], [10, 60], [20, 97], [80, 87], [72, 66], [72, 93], [29, 17], [63, 53], [48, 48], [42, 54], [28, 30], [6, 21], [76, 69], [7, 6], [61, 92], [60, 64], [31, 43], [79, 54], [46, 43], [20, 86], [53, 11], [46, 24], [64, 12], [85, 96], [83, 88], [42, 31], [79, 34], [62, 1], [41, 45], [81, 0], [73, 54], [47, 15], [93, 62], [23, 1], [20, 35], [90, 53], [19, 53], [24, 43], [69, 93], [48, 3], [0, 2], [6, 23], [70, 58], [9, 67], [51, 27], [98, 98], [58, 63], [39, 6], [56, 40], [84, 79], [95, 88], [69, 62], [12, 22], [54, 36], [68, 38], [3, 80], [21, 57], [38, 20], [33, 21], [71, 63], [47, 34], [17, 40], [38, 82], [21, 61], [18, 55], [38, 40], [29, 9], [18, 16], [9, 83], [98, 36], [46, 91], [46, 9], [4, 72], [77, 71], [82, 51], [43, 21], [97, 2], [72, 64], [37, 72], [91, 0], [74, 0], [76, 92], [20, 0], [57, 21], [9, 19], [36, 23], [58, 68], [94, 9], [26, 7], [30, 50], [45, 58], [91, 7], [9, 16], [19, 43], [43, 72], [48, 42], [38, 67], [0, 63], [12, 3], [47, 44], [26, 6], [42, 96], [65, 51], [61, 7], [23, 48], [73, 35], [59, 87], [22, 5], [48, 6], [77, 43], [66, 40], [96, 40], [63, 92], [38, 7], [0, 75], [77, 86], [36, 81], [65, 94], [27, 74], [44, 87], [9, 59], [49, 75], [95, 94], [28, 0], [13, 95], [69, 35], [34, 43], [0, 72], [60, 62], [12, 14], [61, 71], [94, 1], [40, 39], [68, 6], [10, 25], [85, 4], [37, 80], [74, 31], [79, 55], [42, 49], [39, 82], [80, 63], [96, 10], [50, 16], [70, 19], [44, 45], [79, 14], [55, 33], [17, 52], [70, 56], [80, 71], [47, 33], [20, 60], [85, 52], [47, 97], [7, 84], [78, 59], [95, 6], [66, 45], [78, 54], [33, 45], [28, 10], [64, 65], [24, 39], [66, 47], [28, 97], [31, 59], [95, 54], [4, 16], [31, 44], [11, 62], [83, 47], [16, 33], [63, 89], [19, 27], [18, 43], [94, 59], [47, 50], [34, 29], [88, 39], [18, 89], [6, 19], [45, 28], [10, 68], [49, 71], [71, 13], [43, 34], [1, 47], [33, 4], [53, 34], [56, 52], [59, 73], [22, 85], [41, 13], [98, 25], [71, 47], [26, 75], [72, 82], [66, 54], [28, 98], [50, 71], [6, 30], [1, 55], [26, 97], [97, 38], [74, 55], [19, 1], [6, 24], [9, 68], [56, 24], [15, 22], [30, 18], [38, 76], [36, 16], [73, 42], [27, 47], [15, 39], [41, 80], [4, 3], [32, 73], [12, 39], [35, 69], [19, 0], [71, 14], [53, 43], [22, 50], [70, 47], [52, 27], [57, 7], [51, 68], [37, 70], [64, 49], [7, 85], [74, 59], [36, 31], [79, 78], [32, 64], [13, 87], [57, 8], [69, 27], [56, 74], [68, 67], [64, 31], [19, 49], [72, 1], [74, 90], [75, 3], [55, 24], [52, 95], [92, 38], [20, 98], [94, 55], [54, 50], [22, 90], [82, 55], [13, 38], [58, 71], [29, 60], [50, 99], [61, 96], [4, 44], [71, 62], [26, 39], [15, 26], [29, 86], [81, 3], [43, 45], [27, 39], [50, 0], [14, 49], [54, 21], [57, 2], [15, 65], [14, 59], [24, 81], [45, 92], [85, 89], [80, 59], [11, 64], [7, 39], [37, 54], [23, 8], [55, 32], [71, 81], [83, 69], [56, 89], [87, 32], [96, 97], [49, 74], [97, 76], [5, 48], [73, 88], [39, 13], [74, 48], [43, 99], [22, 29], [88, 51], [19, 30], [70, 54], [70, 80], [88, 4], [84, 3], [35, 78], [43, 32], [5, 97], [13, 81], [32, 94], [67, 54], [29, 11], [98, 66], [44, 40], [90, 91], [12, 55], [70, 37], [4, 38], [85, 1], [53, 44], [35, 86], [73, 43], [45, 16], [3, 81], [67, 79], [31, 82], [27, 30], [54, 39], [68, 54], [6, 20], [22, 6], [26, 27], [30, 96], [15, 80], [35, 98], [32, 45], [1, 68], [12, 68], [5, 80], [30, 7], [42, 32], [37, 18], [3, 0], [92, 40], [44, 96], [8, 13], [14, 71], [72, 13], [6, 53], [22, 22], [97, 70], [85, 80], [77, 98], [71, 73], [64, 36], [27, 94], [58, 83], [63, 85], [72, 98], [68, 25], [33, 0], [10, 45], [33, 95], [97, 13], [91, 82], [41, 7], [36, 7], [31, 33], [78, 88], [52, 91], [72, 81], [89, 73], [0, 50], [95, 1], [39, 39], [85, 93], [86, 37], [73, 71], [89, 32], [64, 40], [49, 3], [58, 45], [46, 79], [39, 48], [27, 35], [74, 15], [22, 80], [79, 83], [44, 33], [96, 58], [74, 26], [30, 45], [74, 3], [88, 78], [37, 40], [27, 8], [62, 44], [60, 76], [87, 12], [82, 99], [53, 29], [19, 97], [81, 86], [74, 98], [38, 33], [55, 87], [7, 10], [56, 31], [87, 59], [79, 69], [36, 13], [76, 61], [57, 12], [94, 29], [43, 41], [50, 40], [27, 33], [6, 70], [61, 93], [70, 2], [46, 94], [17, 57], [79, 21], [14, 36], [26, 55], [43, 19], [99, 80], [72, 22], [35, 81], [72, 18], [83, 0], [52, 17], [43, 47], [54, 41], [65, 92], [66, 96], [7, 7], [73, 41], [26, 44], [31, 79], [29, 0], [48, 93], [98, 94], [58, 49], [38, 27], [44, 55], [49, 68], [96, 23], [9, 43], [40, 46], [6, 52], [38, 11], [81, 38], [68, 46], [34, 48], [75, 16], [66, 83], [60, 74], [44, 69], [24, 28], [30, 85], [93, 35], [64, 37], [82, 94], [9, 22], [89, 60], [30, 93], [66, 25], [94, 58], [98, 93], [79, 70], [39, 63], [53, 40], [96, 9], [28, 88], [16, 11], [52, 31], [32, 1], [70, 60], [86, 8], [0, 93], [68, 98], [27, 38], [39, 75], [25, 93], [69, 41], [47, 81], [63, 78], [85, 99], [75, 27], [1, 87], [8, 98], [28, 69], [75, 53], [42, 74], [53, 39], [89, 64], [22, 44], [47, 96], [64, 58], [70, 24], [46, 90], [78, 3], [76, 35], [66, 94], [89, 95], [47, 88], [28, 9], [31, 23], [16, 41], [64, 23], [36, 79], [61, 57], [41, 53], [83, 77], [77, 6], [53, 98], [38, 94], [76, 52], [17, 56], [71, 43], [25, 73], [28, 78], [38, 9], [32, 7], [95, 89], [72, 36], [30, 68], [46, 97], [59, 94], [71, 39], [13, 43], [1, 76], [85, 95], [65, 82], [44, 11], [15, 27], [74, 67], [11, 96], [8, 61], [62, 64], [25, 59], [48, 9], [80, 81], [6, 35], [43, 25], [54, 15], [75, 96], [85, 67], [98, 90], [56, 38], [3, 19], [55, 79], [87, 67], [40, 6], [50, 86], [17, 22], [7, 26], [52, 43], [35, 10], [62, 13], [27, 4], [70, 52], [46, 60], [88, 1], [76, 5], [33, 78], [1, 58], [38, 58], [21, 19], [39, 36], [32, 98], [24, 7], [2, 99], [46, 27], [62, 88], [8, 78], [89, 49], [66, 53], [0, 0], [30, 20], [31, 39], [7, 31], [5, 79], [15, 3], [68, 88], [78, 4], [46, 55], [42, 77], [12, 84], [53, 22], [94, 37], [86, 5], [30, 88], [11, 59], [29, 87], [5, 70], [10, 90], [27, 58], [25, 16], [49, 32], [23, 22], [87, 96], [29, 12], [27, 77], [12, 52], [39, 2], [5, 40], [6, 71], [80, 89], [82, 50], [15, 8], [58, 69], [93, 5], [69, 79], [37, 98], [46, 1], [65, 99], [9, 8], [56, 45], [58, 76], [25, 37], [34, 34], [68, 73], [74, 64], [68, 92], [77, 27], [23, 55], [87, 29], [20, 21], [68, 22], [4, 23], [72, 86], [46, 13], [81, 60], [18, 53], [14, 79], [95, 33], [81, 56], [42, 25], [86, 86], [70, 27], [86, 3], [22, 39], [13, 16], [79, 71], [57, 53], [39, 53], [90, 56], [99, 34], [90, 76], [39, 44], [16, 52], [16, 47], [12, 98], [15, 34], [35, 1], [98, 91], [45, 74], [79, 84], [18, 29], [96, 2], [3, 29], [23, 37], [64, 6], [92, 36], [45, 33], [84, 78], [49, 92], [55, 6], [2, 73], [70, 67], [26, 94], [50, 98], [76, 50], [68, 5], [8, 56], [25, 17], [14, 39], [70, 31], [42, 75], [61, 56], [94, 93], [42, 2], [96, 82], [70, 93], [20, 46], [17, 42], [45, 14], [58, 43], [29, 75], [72, 65], [4, 17], [52, 44], [52, 78], [11, 52], [51, 69], [78, 75], [97, 77], [66, 42], [10, 58], [5, 9], [63, 16], [8, 24], [63, 61], [16, 27], [12, 49], [18, 22], [73, 47], [35, 22], [61, 42], [87, 11], [54, 32], [80, 15], [73, 40], [51, 9], [96, 36], [85, 79], [51, 15], [7, 64], [35, 92], [8, 93], [27, 64], [56, 37], [31, 40], [13, 32], [7, 8], [43, 94], [1, 56], [62, 2], [96, 60], [14, 33], [7, 52], [94, 82], [83, 83], [39, 24], [83, 76], [82, 69], [31, 85], [58, 88], [62, 37], [53, 46], [29, 23], [64, 45], [13, 35], [35, 8], [45, 37], [69, 70], [53, 33], [0, 59], [17, 21], [32, 66], [83, 87], [51, 33], [84, 55], [36, 57], [94, 85], [6, 74], [15, 56], [7, 93], [98, 30], [34, 83], [82, 49], [53, 92], [53, 28], [31, 47], [78, 98], [39, 7], [57, 83], [68, 14], [97, 64], [97, 4], [52, 71], [10, 14], [72, 16], [62, 85], [60, 16], [99, 72], [15, 40], [99, 29], [72, 0], [30, 81], [45, 49], [4, 97], [89, 33], [59, 54], [23, 4], [20, 9], [21, 1], [66, 68], [19, 15], [14, 81], [61, 15], [88, 13], [40, 74], [51, 25], [9, 97], [30, 33], [1, 85], [92, 75], [51, 64], [44, 7], [7, 11], [73, 62], [59, 2], [43, 55], [7, 27], [46, 34], [73, 63], [31, 97], [97, 81], [38, 81], [9, 72], [76, 36], [60, 53], [51, 4], [88, 37], [50, 33], [75, 30], [27, 87], [89, 70], [63, 14], [48, 83], [71, 78], [82, 67], [67, 16], [47, 87], [29, 63], [8, 2], [97, 95], [48, 51], [64, 92], [31, 27], [19, 58], [77, 13], [0, 73], [80, 57], [83, 99], [80, 76], [45, 79], [21, 81], [52, 6], [3, 95], [55, 46], [0, 87], [84, 62], [14, 9], [93, 68], [17, 10], [1, 51], [17, 96], [75, 70], [96, 98], [52, 37], [54, 48], [56, 48], [34, 88], [99, 82], [75, 62], [93, 37], [66, 67], [67, 94], [2, 9], [44, 14], [76, 44], [59, 41], [50, 20], [13, 78], [54, 90], [23, 51], [91, 32], [89, 9], [98, 12], [51, 74], [56, 78], [69, 5], [11, 91], [82, 84], [49, 44], [26, 31], [10, 83], [65, 22], [33, 51], [50, 24], [70, 87], [79, 50], [69, 65], [23, 41], [0, 96], [46, 83], [51, 82], [15, 63], [90, 0], [77, 37], [51, 55], [7, 59], [63, 88], [83, 59], [36, 25], [27, 81], [60, 2], [50, 87], [44, 25], [62, 92], [61, 33], [25, 36], [36, 66], [35, 54], [45, 46], [1, 29], [18, 49], [28, 12], [81, 96], [70, 72], [80, 1], [8, 26], [10, 34], [0, 48], [82, 54], [11, 58], [87, 93], [25, 51], [48, 30], [0, 37], [50, 3], [54, 47], [60, 21], [60, 58], [73, 16], [29, 91], [78, 46], [5, 85], [27, 51], [95, 99], [94, 99], [52, 47], [8, 41], [45, 71], [92, 7], [45, 86], [62, 4], [98, 3], [48, 85], [83, 44], [2, 29], [32, 32], [58, 46], [88, 94], [7, 61], [56, 56], [66, 59], [90, 33], [59, 11], [39, 31], [10, 59], [96, 96], [40, 30], [19, 51], [59, 44], [60, 72], [34, 25], [85, 50], [61, 62], [0, 99], [36, 14], [69, 28], [99, 66], [22, 18], [80, 33], [89, 29], [18, 94], [65, 14], [32, 85], [31, 29], [59, 89], [72, 90], [5, 64], [74, 20], [66, 26], [94, 97], [11, 24], [91, 97], [96, 14], [10, 1], [84, 63], [94, 39], [9, 29], [55, 18], [26, 35], [89, 82], [18, 83], [40, 29], [55, 21], [51, 28], [37, 2], [9, 74], [46, 32], [83, 7], [86, 58], [57, 78], [77, 97], [7, 42], [23, 14], [52, 57], [9, 15], [18, 30], [3, 56], [49, 22], [38, 44], [55, 94], [78, 12], [34, 51], [67, 91], [80, 95], [33, 90], [46, 48], [29, 77], [35, 38], [14, 40], [70, 43], [44, 99], [9, 10], [81, 31], [71, 12], [13, 73], [39, 25], [52, 22], [68, 43], [43, 13], [21, 50], [94, 15], [64, 42], [68, 35], [21, 29], [33, 12], [26, 34], [70, 51], [61, 37], [39, 11], [67, 28], [47, 0], [24, 13], [54, 22], [8, 20], [9, 14], [79, 30], [61, 0], [41, 69], [75, 59], [64, 54], [39, 37], [66, 11], [32, 22], [66, 49], [35, 65], [33, 10], [51, 30], [96, 22], [63, 84], [51, 77], [75, 57], [14, 55], [78, 5], [17, 62], [84, 0], [1, 94], [53, 30], [85, 29], [58, 33], [12, 71], [67, 8], [12, 13], [82, 85], [65, 3], [21, 76], [10, 62], [72, 58], [4, 86], [57, 31], [0, 78], [3, 43], [67, 90], [52, 93], [23, 99], [60, 65], [30, 44], [24, 36], [32, 9], [66, 81], [28, 95], [76, 67], [1, 37], [78, 77], [77, 89], [78, 65], [0, 58], [72, 67], [73, 29], [56, 17], [3, 77], [32, 39], [54, 76], [6, 95], [82, 45], [41, 44], [55, 2], [68, 76], [59, 98], [76, 23], [75, 72], [13, 74], [64, 7], [0, 19], [52, 39], [30, 19], [78, 0], [59, 64], [15, 62], [9, 80], [37, 51], [60, 9], [69, 13], [10, 96], [61, 4], [99, 90], [66, 37], [42, 57], [35, 6], [79, 11], [43, 54], [36, 33], [6, 58], [96, 79], [96, 75], [15, 90], [37, 74], [63, 40], [74, 57], [46, 16], [80, 78], [49, 97], [59, 65], [80, 40], [73, 45], [15, 1], [64, 83], [96, 32], [38, 47], [1, 61], [76, 71], [74, 62], [67, 0], [50, 91], [53, 99], [0, 22], [12, 94], [87, 82], [20, 75], [6, 5], [8, 34], [42, 43], [92, 99], [57, 88], [99, 37], [41, 14], [20, 81], [42, 98], [84, 29], [68, 53], [67, 42], [64, 96], [96, 38], [22, 27], [39, 23], [98, 85], [58, 41], [78, 19], [72, 54], [12, 9], [48, 10], [49, 57], [38, 43], [42, 95], [35, 27], [20, 58], [28, 38], [41, 63], [68, 58], [3, 84], [39, 52], [19, 20], [37, 6], [50, 38], [83, 60], [79, 13], [19, 39], [38, 31], [86, 74], [60, 54], [75, 24], [73, 61], [96, 87], [87, 75], [9, 47], [29, 30], [29, 96], [57, 1], [76, 64], [93, 54], [65, 77], [92, 97], [82, 43], [16, 88], [15, 84], [27, 84], [57, 10], [7, 72], [23, 25], [65, 76], [16, 48], [82, 48], [21, 22], [20, 15], [93, 70], [46, 12], [87, 89], [7, 57], [66, 36], [76, 2], [29, 7], [96, 91], [75, 20], [78, 50], [28, 14], [79, 77], [42, 38], [13, 91], [70, 76], [34, 57], [64, 66], [20, 59], [91, 96], [56, 81], [74, 17], [13, 97], [12, 31], [21, 94], [88, 7], [16, 16], [91, 86], [5, 26], [58, 66], [36, 84], [71, 93], [36, 91], [51, 46], [67, 89], [85, 70], [33, 93], [55, 36], [70, 17], [89, 51], [74, 30], [86, 59], [66, 86], [76, 22], [41, 37], [98, 27], [60, 98], [3, 99], [5, 93], [38, 41], [22, 20], [98, 13], [68, 82], [35, 4], [95, 82], [45, 89], [71, 29], [96, 6], [90, 35], [62, 67], [51, 13], [43, 10], [62, 65], [7, 53], [58, 59], [22, 24], [65, 8], [27, 93], [80, 19], [73, 37], [20, 13], [65, 56], [17, 32], [95, 56], [61, 68], [43, 0], [62, 9], [90, 31], [56, 10], [60, 57], [52, 13], [49, 45], [72, 41], [14, 84], [72, 9], [20, 47], [5, 43], [53, 70], [23, 10], [45, 30], [5, 23], [55, 20], [84, 81], [31, 75], [23, 62], [17, 73], [17, 84], [14, 99], [85, 8], [67, 98], [84, 61], [33, 62], [48, 76], [79, 27], [76, 10], [33, 29], [97, 79], [86, 57], [95, 29], [47, 29], [39, 64], [33, 23], [18, 13], [81, 72], [69, 66], [79, 44], [63, 46], [15, 79], [39, 32], [50, 78], [84, 69], [44, 6], [2, 49], [82, 41], [58, 62], [56, 30], [49, 18], [10, 16], [81, 61], [60, 96], [38, 96], [65, 39], [95, 61], [9, 92], [36, 35], [98, 0], [17, 51], [30, 22], [94, 30], [80, 84], [17, 74], [81, 99], [84, 68], [24, 16], [14, 5], [13, 11], [81, 92], [71, 44], [52, 29], [13, 2], [11, 82], [99, 98], [76, 63], [41, 99], [36, 10], [71, 33], [7, 90], [20, 5], [53, 14], [63, 97], [17, 35], [6, 27], [75, 82], [54, 97], [62, 74], [20, 55], [27, 49], [50, 49], [27, 21], [6, 55], [95, 65], [29, 69], [48, 87], [13, 13], [28, 32], [6, 50], [65, 2], [13, 7], [26, 51], [31, 14], [53, 31], [73, 15], [16, 91], [78, 17], [16, 92], [10, 35], [87, 13], [31, 42], [97, 87], [10, 40], [42, 6], [92, 60], [48, 73], [79, 81], [99, 88], [25, 11], [88, 14], [36, 63], [1, 40], [57, 44], [62, 19], [89, 36], [60, 27], [13, 57], [83, 81], [79, 1], [34, 75], [0, 5], [96, 72], [23, 38], [37, 81], [92, 53], [41, 97], [17, 41], [38, 36], [56, 76], [98, 33], [12, 17], [61, 54], [69, 2], [31, 91], [11, 48], [30, 35], [48, 50], [76, 51], [40, 52], [34, 27], [88, 41], [74, 97], [52, 84], [49, 12], [42, 53], [53, 75], [2, 84], [38, 45], [35, 99], [8, 89], [1, 63], [4, 5], [18, 21], [28, 63], [47, 76], [66, 9], [77, 72], [69, 63], [99, 52], [57, 45], [31, 36], [49, 35], [46, 31], [91, 37], [29, 99], [16, 10], [56, 98], [74, 89], [37, 82], [62, 78], [1, 54], [99, 25], [56, 34], [35, 41], [64, 76], [97, 15], [20, 53], [81, 13], [44, 82], [86, 83], [56, 44], [12, 15], [74, 51], [41, 17], [93, 39], [27, 46], [89, 98], [5, 17], [90, 38], [35, 57], [21, 21], [87, 60], [12, 87], [60, 22], [17, 8], [17, 43], [60, 7], [43, 84], [31, 30], [35, 67], [23, 32], [47, 40], [51, 10], [0, 46], [38, 52], [7, 87], [27, 82], [37, 75], [9, 30], [83, 89], [99, 47], [23, 61], [2, 83], [97, 63], [91, 34], [99, 3], [90, 52], [74, 60], [90, 3], [83, 92], [33, 53], [49, 78], [32, 15], [25, 38], [19, 59], [60, 85], [53, 69], [25, 81], [36, 74], [10, 76], [93, 66], [28, 90], [67, 66], [56, 35], [2, 44], [16, 79], [17, 27], [59, 46], [19, 94], [79, 64], [35, 0], [22, 3], [95, 95], [48, 77], [16, 59], [58, 9], [48, 22], [44, 36], [58, 98], [0, 76], [80, 18], [34, 53], [57, 4], [52, 67], [72, 15], [47, 20], [70, 8], [28, 47], [64, 2], [30, 2], [5, 19], [72, 24], [66, 66], [85, 57], [95, 87], [99, 1], [2, 89], [82, 47], [85, 40], [61, 94], [6, 8], [83, 15], [58, 16], [9, 85], [15, 28], [33, 3], [24, 90], [16, 95], [23, 80], [86, 85], [64, 34], [21, 32], [72, 88], [5, 82], [25, 31], [52, 63], [2, 37], [54, 29], [34, 87], [0, 38], [27, 52], [39, 43], [61, 46], [86, 48], [59, 14], [4, 26], [74, 73], [63, 68], [33, 44], [12, 97], [21, 49], [96, 78], [11, 88], [49, 1], [20, 64], [8, 54], [70, 65], [89, 5], [72, 25], [25, 19], [81, 79], [19, 76], [89, 85], [38, 24], [3, 20], [46, 15], [99, 92], [43, 17], [51, 76], [34, 39], [2, 6], [18, 10], [11, 94], [28, 11], [10, 48], [37, 49], [9, 49], [35, 94], [64, 68], [57, 39], [99, 81], [71, 82], [89, 59], [94, 36], [58, 44], [40, 54], [29, 53], [93, 71], [10, 5], [87, 4], [68, 7], [40, 16], [1, 66], [4, 32], [16, 74], [40, 97], [43, 44], [12, 89], [54, 9], [29, 82], [3, 69], [29, 95], [4, 53], [81, 59], [65, 44], [50, 6], [69, 15], [37, 44], [72, 19], [54, 38], [15, 5], [29, 33], [19, 21], [92, 31], [45, 44], [68, 11], [29, 61], [75, 81], [34, 92], [20, 24], [21, 36], [20, 27], [98, 74], [49, 27], [95, 7], [30, 72], [68, 33], [2, 1], [79, 88], [91, 89], [14, 24], [29, 41], [82, 71], [66, 16], [53, 68], [0, 42]]}