{"meta": {"number_of_robots": 625, "description": {"parameters": {"seed": 3666, "shape": [50, 50], "obstacles": {"n": 0, "mean": 7, "std": 3.5}, "clusters": {"n": 20, "mean": 20, "std": 10.0, "relative_radius": 2, "increase_factor": 1.3, "start_dist": {"generator_name": "Image", "shape": [50, 50], "min": 8.0, "max": 248.0, "mean": 50.4192, "std": 40.22294210223812, "dtype": "uint64", "parameters": {"image": "galaxy_cluster2.png", "transformer": {"name": "ColorChannelSelector", "channel": "v", "inverted": false}}}, "target_dist": {"generator_name": "Image", "shape": [50, 50], "min": 7.0, "max": 247.0, "mean": 204.5808, "std": 40.22294210223812, "dtype": "uint64", "parameters": {"image": "galaxy_cluster2.png", "transformer": {"name": "ColorChannelSelector", "channel": "v", "inverted": true}}}}, "density": 0.25, "start_dist": {"generator_name": "Image", "shape": [50, 50], "min": 8.0, "max": 248.0, "mean": 50.4192, "std": 40.22294210223812, "dtype": "uint64", "parameters": {"image": "galaxy_cluster2.png", "transformer": {"name": "ColorChannelSelector", "channel": "v", "inverted": false}}}, "target_dist": {"generator_name": "Image", "shape": [50, 50], "min": 7.0, "max": 247.0, "mean": 204.5808, "std": 40.22294210223812, "dtype": "uint64", "parameters": {"image": "galaxy_cluster2.png", "transformer": {"name": "ColorChannelSelector", "channel": "v", "inverted": true}}}}, "stats": {"date": "2020-11-17", "free_area": 2500.0, "number_of_clustered_robots": 402, "number_of_robots": 625}}}, "name": "galaxy_cluster2_00003_50x50_25_625", "obstacles": [], "starts": [[14, 2], [11, 21], [38, 29], [12, 39], [33, 27], [6, 35], [8, 31], [44, 0], [32, 38], [26, 9], [40, 41], [41, 34], [16, 28], [44, 33], [8, 37], [35, 48], [36, 11], [21, 30], [26, 25], [15, 26], [5, 31], [4, 23], [14, 29], [33, 15], [41, 35], [12, 32], [18, 1], [7, 31], [10, 29], [37, 32], [33, 41], [8, 30], [40, 0], [39, 46], [7, 40], [12, 29], [8, 40], [29, 13], [7, 21], [36, 39], [33, 29], [39, 33], [45, 32], [18, 27], [15, 2], [11, 31], [7, 26], [36, 25], [16, 34], [26, 8], [27, 42], [37, 41], [4, 41], [6, 25], [8, 29], [30, 9], [17, 33], [40, 4], [17, 7], [38, 38], [13, 40], [4, 34], [11, 32], [29, 7], [4, 18], [38, 39], [28, 26], [40, 26], [46, 30], [48, 36], [19, 37], [9, 32], [29, 45], [1, 24], [19, 1], [15, 30], [35, 7], [4, 27], [33, 36], [11, 37], [45, 7], [2, 29], [40, 32], [23, 35], [45, 42], [9, 37], [8, 35], [12, 37], [32, 14], [14, 1], [9, 31], [30, 38], [35, 41], [26, 31], [6, 31], [45, 34], [43, 34], [9, 29], [11, 29], [30, 6], [20, 38], [10, 30], [33, 13], [37, 23], [32, 35], [9, 41], [41, 9], [22, 2], [4, 17], [27, 46], [38, 40], [13, 37], [5, 41], [13, 32], [25, 14], [13, 38], [4, 24], [31, 38], [28, 27], [33, 24], [13, 29], [6, 26], [24, 4], [40, 29], [47, 32], [11, 17], [5, 34], [34, 17], [46, 3], [20, 34], [6, 37], [33, 42], [41, 33], [3, 24], [39, 39], [9, 36], [40, 23], [5, 29], [23, 1], [17, 29], [31, 16], [7, 23], [5, 33], [29, 9], [30, 34], [13, 35], [28, 30], [13, 24], [12, 28], [25, 44], [42, 4], [7, 41], [34, 14], [2, 26], [39, 35], [42, 35], [19, 6], [2, 28], [32, 24], [31, 39], [24, 28], [46, 43], [10, 43], [9, 28], [13, 28], [15, 36], [28, 12], [10, 24], [22, 3], [5, 26], [26, 46], [41, 44], [26, 30], [9, 34], [14, 32], [41, 31], [38, 0], [6, 30], [30, 15], [1, 25], [12, 34], [46, 35], [47, 29], [32, 37], [38, 41], [11, 43], [19, 2], [9, 27], [6, 29], [27, 9], [24, 36], [11, 33], [28, 39], [11, 35], [34, 16], [40, 24], [7, 27], [37, 42], [25, 30], [13, 39], [43, 1], [15, 7], [19, 30], [8, 36], [25, 15], [11, 30], [10, 33], [38, 31], [37, 29], [9, 30], [28, 43], [40, 38], [39, 40], [47, 33], [11, 41], [3, 40], [9, 26], [5, 40], [28, 15], [22, 33], [22, 7], [43, 2], [10, 32], [10, 31], [37, 40], [27, 29], [35, 29], [10, 38], [34, 15], [25, 43], [4, 33], [6, 21], [8, 33], [29, 4], [24, 38], [19, 5], [45, 43], [10, 39], [40, 37], [40, 31], [40, 30], [10, 34], [9, 23], [7, 29], [30, 17], [42, 5], [34, 29], [17, 34], [1, 33], [21, 1], [10, 28], [28, 42], [31, 34], [29, 31], [8, 28], [17, 36], [29, 15], [4, 37], [1, 30], [41, 45], [14, 36], [23, 33], [35, 42], [40, 25], [4, 28], [22, 0], [43, 27], [40, 35], [0, 21], [7, 33], [29, 18], [40, 6], [25, 39], [3, 31], [5, 27], [6, 28], [28, 8], [30, 41], [12, 35], [30, 30], [13, 26], [15, 35], [27, 17], [16, 2], [9, 33], [37, 24], [45, 41], [9, 40], [3, 17], [33, 40], [34, 35], [5, 35], [16, 38], [39, 9], [14, 34], [33, 10], [4, 22], [44, 34], [44, 29], [22, 1], [6, 32], [0, 29], [37, 27], [4, 21], [42, 36], [25, 28], [16, 32], [16, 35], [31, 12], [8, 32], [34, 45], [39, 38], [10, 35], [3, 23], [22, 4], [41, 6], [9, 38], [34, 44], [40, 27], [12, 36], [29, 17], [3, 19], [5, 23], [27, 6], [13, 27], [39, 34], [42, 31], [7, 35], [18, 3], [3, 21], [28, 38], [34, 40], [27, 31], [8, 41], [36, 15], [3, 33], [42, 39], [9, 35], [15, 28], [41, 25], [5, 19], [45, 1], [8, 38], [9, 24], [35, 44], [15, 32], [27, 11], [17, 3], [7, 28], [35, 43], [3, 27], [20, 27], [38, 33], [44, 31], [32, 22], [5, 22], [32, 33], [25, 27], [5, 39], [27, 15], [6, 38], [38, 46], [13, 36], [19, 3], [46, 8], [5, 21], [7, 24], [25, 5], [18, 36], [11, 28], [30, 46], [38, 35], [14, 41], [33, 12], [39, 23], [2, 22], [4, 36], [15, 4], [24, 34], [42, 28], [42, 33], [7, 25], [36, 45], [26, 29], [11, 34], [24, 12], [8, 39], [38, 44], [7, 37], [44, 7], [5, 24], [25, 41], [38, 32], [10, 27], [12, 40], [20, 5], [12, 30], [39, 44], [16, 36], [28, 11], [1, 20], [0, 30], [33, 46], [23, 5], [3, 38], [31, 14], [19, 33], [32, 12], [25, 24], [7, 10], [27, 43], [37, 34], [26, 18], [13, 16], [32, 13], [15, 14], [1, 23], [20, 8], [32, 15], [33, 44], [30, 48], [11, 27], [42, 49], [46, 42], [19, 23], [36, 42], [11, 24], [31, 36], [23, 31], [33, 19], [45, 12], [2, 16], [36, 46], [39, 36], [19, 32], [27, 30], [11, 10], [31, 13], [39, 14], [48, 21], [8, 34], [21, 2], [8, 13], [13, 31], [9, 42], [5, 14], [47, 12], [3, 37], [12, 17], [13, 41], [16, 13], [30, 12], [2, 49], [1, 8], [18, 17], [21, 22], [4, 20], [4, 44], [6, 12], [7, 30], [15, 29], [36, 43], [20, 9], [46, 21], [45, 30], [21, 14], [19, 47], [48, 5], [28, 32], [18, 23], [29, 33], [28, 6], [29, 14], [45, 33], [37, 39], [12, 25], [42, 1], [26, 44], [9, 47], [2, 20], [0, 16], [49, 11], [11, 38], [17, 6], [18, 26], [18, 34], [27, 26], [26, 39], [23, 30], [37, 36], [14, 31], [4, 26], [41, 4], [28, 17], [30, 31], [20, 2], [20, 13], [28, 4], [48, 22], [22, 36], [35, 34], [14, 24], [31, 11], [20, 21], [23, 29], [48, 11], [27, 12], [37, 43], [36, 41], [1, 14], [1, 34], [32, 39], [28, 49], [16, 7], [13, 22], [11, 5], [40, 44], [15, 11], [16, 17], [36, 38], [24, 5], [37, 49], [6, 11], [27, 19], [32, 31], [9, 9], [19, 10], [23, 34], [26, 33], [1, 36], [0, 12], [1, 11], [29, 20], [28, 47], [11, 40], [36, 40], [13, 34], [35, 37], [40, 39], [31, 48], [10, 26], [31, 6], [3, 32], [34, 38], [20, 41], [4, 47], [31, 41], [16, 15], [6, 17], [6, 14], [6, 40], [13, 2], [22, 47], [44, 3], [7, 34], [38, 10], [26, 17], [15, 38], [12, 43], [26, 0], [13, 9], [17, 17], [14, 7], [42, 37], [9, 20], [24, 44], [35, 31], [34, 3], [41, 15], [26, 40], [6, 39], [34, 19], [44, 39], [39, 6], [19, 15], [33, 1], [29, 24], [4, 39], [38, 34], [0, 11], [36, 37], [30, 43], [31, 33], [21, 33], [27, 49], [12, 16], [10, 37], [47, 11], [29, 27], [1, 44], [5, 12], [23, 18], [12, 47], [42, 21], [22, 31], [25, 10], [6, 18], [19, 41], [15, 49], [6, 24], [4, 32], [37, 16], [12, 31], [45, 31], [46, 34], [14, 13], [25, 31], [25, 42], [37, 11], [47, 26], [36, 32], [20, 11], [11, 15], [17, 21], [18, 33], [40, 34], [18, 32], [20, 36], [25, 32], [35, 36], [31, 26], [41, 14], [36, 35], [41, 40], [41, 24]], "targets": [[14, 9], [9, 16], [35, 10], [10, 25], [19, 38], [49, 35], [13, 7], [28, 37], [31, 10], [15, 7], [9, 3], [43, 34], [5, 35], [42, 42], [47, 13], [0, 22], [49, 16], [39, 47], [5, 13], [34, 42], [49, 30], [10, 27], [10, 28], [48, 16], [42, 27], [6, 31], [11, 4], [45, 33], [4, 27], [23, 35], [38, 0], [18, 4], [27, 33], [7, 2], [43, 7], [48, 31], [4, 24], [45, 27], [13, 26], [48, 36], [2, 13], [40, 5], [45, 47], [3, 29], [21, 5], [37, 28], [10, 23], [22, 41], [8, 24], [41, 20], [35, 4], [49, 29], [39, 30], [5, 16], [13, 8], [20, 9], [5, 34], [21, 31], [20, 10], [2, 1], [49, 12], [37, 30], [0, 35], [44, 19], [7, 17], [45, 35], [3, 16], [18, 34], [33, 6], [44, 44], [13, 30], [39, 33], [31, 8], [11, 18], [21, 12], [5, 24], [49, 22], [14, 6], [44, 31], [48, 30], [22, 33], [3, 21], [16, 40], [7, 27], [5, 6], [47, 14], [47, 36], [4, 34], [46, 22], [12, 5], [7, 20], [38, 3], [41, 32], [1, 9], [41, 42], [37, 5], [44, 47], [14, 21], [18, 2], [16, 5], [9, 31], [4, 32], [46, 21], [15, 36], [49, 32], [43, 39], [20, 36], [19, 5], [7, 29], [36, 2], [5, 8], [45, 6], [47, 37], [11, 26], [48, 18], [14, 30], [10, 20], [40, 36], [4, 12], [14, 36], [41, 31], [16, 4], [21, 11], [38, 8], [40, 43], [14, 18], [8, 32], [49, 21], [28, 36], [8, 30], [40, 41], [34, 7], [49, 36], [13, 25], [4, 9], [45, 9], [19, 44], [43, 38], [18, 5], [2, 29], [39, 26], [14, 22], [17, 2], [18, 7], [47, 26], [8, 23], [5, 15], [32, 42], [42, 37], [39, 4], [22, 32], [11, 25], [49, 25], [5, 18], [35, 5], [46, 44], [18, 13], [48, 38], [14, 34], [44, 30], [9, 28], [4, 3], [49, 6], [13, 29], [46, 28], [5, 28], [39, 20], [14, 4], [16, 7], [6, 20], [31, 9], [42, 28], [2, 14], [39, 29], [8, 29], [21, 35], [20, 33], [2, 30], [49, 18], [12, 23], [41, 33], [37, 8], [47, 42], [43, 29], [2, 2], [47, 6], [19, 7], [4, 22], [15, 4], [20, 6], [3, 24], [40, 32], [35, 3], [3, 25], [44, 28], [22, 42], [10, 24], [49, 33], [0, 12], [43, 31], [19, 28], [21, 13], [11, 34], [6, 32], [43, 25], [6, 25], [40, 31], [37, 7], [20, 41], [8, 0], [38, 7], [4, 8], [45, 25], [47, 49], [45, 7], [38, 36], [16, 27], [12, 26], [44, 27], [15, 27], [14, 5], [20, 30], [39, 28], [13, 22], [47, 29], [0, 16], [23, 39], [0, 25], [45, 20], [37, 2], [43, 37], [16, 25], [16, 3], [20, 11], [5, 25], [15, 5], [8, 2], [44, 13], [48, 28], [37, 4], [45, 49], [45, 36], [6, 22], [2, 34], [44, 24], [25, 36], [24, 42], [6, 33], [46, 32], [13, 4], [12, 16], [35, 6], [40, 27], [4, 11], [8, 5], [6, 29], [40, 24], [47, 39], [2, 16], [6, 2], [48, 11], [13, 32], [46, 35], [16, 43], [38, 29], [11, 7], [38, 5], [46, 48], [11, 24], [7, 35], [45, 19], [27, 37], [34, 3], [43, 30], [9, 17], [17, 8], [19, 9], [49, 31], [15, 32], [1, 12], [36, 42], [6, 34], [41, 22], [16, 11], [38, 28], [24, 35], [2, 7], [47, 11], [15, 26], [33, 10], [41, 27], [44, 29], [10, 30], [20, 32], [9, 24], [40, 22], [13, 19], [34, 11], [40, 47], [17, 6], [12, 0], [39, 42], [15, 43], [12, 28], [48, 27], [3, 13], [4, 28], [6, 36], [40, 25], [45, 41], [35, 8], [3, 6], [45, 14], [10, 16], [11, 14], [26, 27], [37, 40], [42, 32], [14, 38], [5, 31], [43, 18], [6, 21], [12, 8], [19, 8], [10, 29], [41, 8], [42, 49], [45, 39], [20, 5], [13, 21], [38, 9], [42, 29], [0, 15], [0, 28], [49, 26], [42, 41], [9, 1], [46, 13], [12, 33], [14, 43], [12, 20], [23, 28], [44, 35], [17, 1], [44, 25], [6, 24], [42, 23], [13, 5], [16, 29], [33, 1], [40, 40], [14, 35], [40, 4], [40, 45], [19, 37], [6, 18], [49, 34], [4, 14], [5, 36], [45, 23], [44, 39], [2, 9], [49, 11], [19, 10], [22, 36], [9, 22], [10, 7], [15, 6], [5, 29], [39, 37], [39, 8], [45, 26], [1, 36], [39, 17], [22, 37], [7, 18], [48, 34], [14, 14], [15, 30], [37, 10], [46, 46], [4, 17], [42, 35], [6, 11], [4, 30], [39, 19], [38, 32], [2, 3], [48, 12], [28, 28], [18, 3], [32, 5], [22, 38], [7, 28], [38, 34], [15, 10], [14, 28], [44, 36], [8, 35], [45, 21], [13, 24], [42, 39], [8, 20], [13, 45], [21, 0], [22, 19], [1, 42], [47, 8], [14, 29], [30, 18], [32, 23], [25, 25], [4, 1], [7, 14], [24, 5], [46, 11], [32, 34], [6, 46], [7, 41], [3, 15], [49, 20], [45, 40], [32, 30], [31, 49], [28, 34], [35, 11], [32, 24], [1, 44], [21, 24], [47, 5], [45, 24], [26, 34], [0, 2], [37, 23], [17, 7], [27, 2], [43, 32], [23, 20], [31, 2], [39, 6], [19, 31], [18, 23], [17, 20], [35, 41], [35, 28], [12, 46], [14, 11], [8, 14], [18, 37], [15, 24], [41, 17], [25, 40], [39, 27], [7, 13], [1, 26], [14, 48], [38, 11], [43, 11], [20, 45], [36, 29], [45, 3], [36, 34], [18, 6], [39, 25], [7, 3], [3, 17], [49, 41], [23, 26], [37, 27], [40, 38], [49, 14], [7, 43], [27, 30], [23, 9], [19, 49], [14, 23], [10, 9], [49, 2], [8, 48], [39, 14], [3, 45], [27, 11], [39, 5], [19, 1], [44, 2], [39, 35], [13, 23], [19, 45], [15, 21], [11, 3], [41, 44], [34, 2], [4, 19], [21, 18], [20, 27], [35, 31], [45, 15], [20, 22], [46, 23], [10, 21], [20, 40], [20, 15], [41, 16], [49, 4], [43, 49], [1, 24], [2, 6], [41, 9], [21, 47], [16, 33], [28, 14], [2, 20], [33, 0], [15, 0], [39, 24], [44, 43], [16, 23], [21, 19], [13, 46], [8, 49], [29, 49], [45, 37], [24, 49], [42, 7], [47, 23], [18, 38], [46, 36], [42, 11], [1, 1], [13, 10], [34, 38], [2, 8], [21, 9], [44, 16], [6, 44], [16, 47], [7, 4], [34, 21], [47, 7], [0, 7], [32, 25], [46, 40], [7, 16], [2, 5], [35, 26], [20, 8], [43, 12], [18, 0], [9, 11], [6, 19], [34, 1], [7, 8], [16, 22], [12, 27], [23, 47], [12, 18], [26, 5], [49, 28], [24, 11], [17, 36], [4, 5], [36, 36], [4, 38], [34, 29], [28, 3], [43, 19], [32, 14], [22, 30], [27, 23], [27, 16], [26, 28], [21, 27], [3, 44], [31, 40], [21, 38], [22, 2], [40, 15], [46, 15], [36, 24], [35, 42], [17, 15], [31, 25], [10, 1], [28, 23], [8, 40], [43, 2], [18, 48], [34, 41], [13, 47], [10, 40], [14, 2], [31, 17], [46, 42], [29, 23], [39, 1], [32, 13], [39, 39], [46, 1], [16, 10], [43, 45], [34, 17], [26, 0], [16, 19], [22, 13], [22, 7], [26, 31], [34, 19], [29, 18], [45, 28], [36, 48], [30, 19], [29, 32], [1, 35], [22, 9], [0, 4], [36, 37], [16, 24], [36, 26], [25, 45], [14, 41], [39, 22], [20, 49], [2, 49], [19, 27], [49, 47]]}