{"meta": {"number_of_robots": 2850, "description": {"parameters": {"seed": 581, "shape": [100, 100], "obstacles": {"n": 10, "mean": 7, "std": 3.5}, "clusters": {"n": 10, "mean": 20, "std": 10.0, "relative_radius": 2, "increase_factor": 1.3, "start_dist": {"generator_name": "Image", "shape": [100, 100], "min": 4.0, "max": 242.0, "mean": 210.9727, "std": 39.78760805464435, "dtype": "uint64", "parameters": {"image": "galaxy_cluster.png", "transformer": {"name": "ColorChannelSelector", "channel": "v", "inverted": true}}}, "target_dist": {"generator_name": "Image", "shape": [100, 100], "min": 13.0, "max": 251.0, "mean": 44.0273, "std": 39.78760805464435, "dtype": "uint64", "parameters": {"image": "galaxy_cluster.png", "transformer": {"name": "ColorChannelSelector", "channel": "v", "inverted": false}}}}, "density": 0.3, "start_dist": {"generator_name": "Image", "shape": [100, 100], "min": 4.0, "max": 242.0, "mean": 210.9727, "std": 39.78760805464435, "dtype": "uint64", "parameters": {"image": "galaxy_cluster.png", "transformer": {"name": "ColorChannelSelector", "channel": "v", "inverted": true}}}, "target_dist": {"generator_name": "Image", "shape": [100, 100], "min": 13.0, "max": 251.0, "mean": 44.0273, "std": 39.78760805464435, "dtype": "uint64", "parameters": {"image": "galaxy_cluster.png", "transformer": {"name": "ColorChannelSelector", "channel": "v", "inverted": false}}}}, "stats": {"date": "2020-11-17", "free_area": 9497.0, "number_of_clustered_robots": 171, "number_of_robots": 2850}}}, "name": "galaxy_cluster_00006_100x100_30_2850", "obstacles": [[11, 28], [11, 29], [11, 30], [11, 31], [11, 32], [11, 33], [11, 34], [11, 35], [11, 36], [11, 37], [11, 38], [12, 28], [12, 38], [13, 28], [13, 39], [13, 40], [13, 41], [14, 28], [14, 41], [15, 28], [15, 41], [16, 28], [16, 41], [17, 28], [17, 41], [18, 28], [18, 41], [19, 28], [19, 41], [20, 28], [20, 29], [20, 30], [20, 31], [20, 32], [20, 33], [20, 41], [21, 34], [21, 41], [22, 34], [22, 41], [23, 34], [23, 35], [23, 36], [23, 37], [23, 38], [23, 39], [23, 40], [23, 41], [38, 64], [38, 65], [38, 66], [38, 67], [38, 68], [38, 69], [38, 70], [38, 71], [38, 72], [38, 73], [38, 74], [38, 75], [38, 76], [38, 77], [39, 64], [39, 77], [40, 64], [40, 77], [41, 64], [41, 77], [42, 64], [42, 77], [43, 64], [43, 77], [44, 64], [44, 77], [45, 64], [45, 77], [46, 64], [46, 65], [46, 66], [46, 67], [46, 68], [46, 69], [46, 70], [46, 71], [46, 72], [46, 73], [46, 74], [46, 75], [46, 76], [46, 77], [50, 51], [51, 51], [52, 51], [53, 51], [54, 51], [55, 51], [56, 51], [57, 51], [58, 51], [62, 10], [62, 11], [62, 12], [62, 13], [62, 14], [63, 10], [63, 14], [64, 10], [64, 14], [65, 10], [65, 14], [65, 31], [65, 32], [65, 33], [65, 34], [65, 35], [65, 36], [66, 10], [66, 14], [66, 69], [66, 70], [66, 71], [66, 72], [66, 73], [66, 74], [66, 75], [66, 76], [66, 77], [67, 10], [67, 14], [68, 10], [68, 14], [68, 24], [68, 25], [68, 26], [68, 27], [68, 28], [68, 29], [69, 10], [69, 14], [69, 24], [69, 29], [70, 10], [70, 11], [70, 12], [70, 13], [70, 14], [70, 24], [70, 29], [71, 24], [71, 29], [72, 24], [72, 29], [73, 24], [73, 29], [73, 62], [73, 63], [73, 64], [74, 24], [74, 29], [74, 62], [74, 64], [75, 24], [75, 29], [75, 62], [75, 64], [76, 24], [76, 29], [76, 62], [76, 64], [77, 24], [77, 25], [77, 26], [77, 27], [77, 28], [77, 29], [77, 62], [77, 64], [78, 62], [78, 63], [78, 64], [80, 63], [80, 64], [80, 65], [80, 66], [80, 67], [80, 68], [80, 69], [80, 70], [80, 71], [80, 72], [80, 73], [80, 74], [81, 63], [81, 74], [82, 63], [82, 74], [83, 63], [83, 74], [84, 63], [84, 74], [85, 63], [85, 64], [85, 65], [85, 66], [85, 67], [85, 68], [85, 69], [85, 70], [85, 71], [85, 72], [85, 73], [85, 74]], "starts": [[94, 13], [37, 91], [18, 60], [24, 15], [82, 19], [20, 20], [56, 61], [83, 3], [49, 7], [66, 6], [26, 59], [34, 95], [53, 9], [61, 5], [14, 8], [87, 16], [27, 24], [52, 61], [20, 64], [31, 89], [49, 4], [64, 0], [22, 15], [87, 15], [21, 19], [53, 55], [24, 61], [37, 87], [52, 6], [58, 4], [22, 13], [91, 14], [23, 27], [20, 61], [31, 91], [56, 12], [59, 4], [61, 55], [25, 65], [19, 9], [92, 15], [23, 19], [32, 95], [49, 9], [67, 3], [55, 61], [19, 57], [17, 11], [34, 89], [51, 12], [61, 0], [93, 21], [21, 21], [18, 66], [55, 62], [20, 15], [40, 91], [53, 12], [67, 1], [96, 18], [24, 20], [20, 57], [40, 88], [51, 6], [59, 3], [22, 11], [54, 55], [24, 65], [88, 13], [18, 17], [39, 93], [54, 3], [67, 5], [19, 59], [22, 9], [59, 57], [92, 18], [27, 17], [41, 87], [51, 8], [63, 2], [26, 61], [24, 10], [60, 60], [93, 15], [27, 22], [39, 96], [52, 5], [67, 0], [26, 66], [19, 16], [23, 65], [32, 86], [54, 13], [61, 1], [92, 19], [23, 24], [59, 56], [23, 10], [25, 61], [38, 96], [47, 11], [64, 3], [91, 20], [25, 19], [58, 64], [22, 63], [21, 8], [40, 90], [54, 12], [58, 3], [87, 14], [22, 18], [21, 58], [52, 54], [20, 11], [31, 95], [50, 5], [66, 2], [18, 57], [94, 19], [21, 23], [40, 96], [47, 4], [59, 6], [18, 13], [59, 63], [17, 65], [87, 18], [24, 21], [35, 86], [47, 10], [67, 2], [18, 14], [23, 63], [57, 61], [33, 93], [56, 6], [61, 6], [87, 20], [27, 25], [25, 59], [19, 17], [62, 56], [31, 86], [48, 13], [62, 2], [25, 57], [92, 12], [20, 24], [15, 8], [31, 93], [50, 3], [57, 1], [25, 66], [56, 55], [96, 13], [25, 18], [22, 17], [35, 91], [49, 12], [58, 2], [26, 64], [60, 63], [96, 12], [18, 25], [20, 12], [41, 86], [49, 8], [67, 4], [22, 66], [44, 18], [91, 6], [0, 57], [33, 82], [66, 61], [75, 54], [26, 36], [91, 91], [50, 29], [32, 35], [42, 39], [81, 94], [81, 33], [60, 1], [41, 55], [8, 50], [42, 23], [92, 81], [39, 32], [8, 49], [84, 10], [28, 79], [85, 85], [58, 13], [69, 56], [39, 16], [33, 25], [94, 58], [36, 96], [38, 60], [30, 40], [72, 17], [49, 81], [38, 95], [84, 1], [42, 0], [81, 42], [13, 92], [63, 36], [34, 84], [92, 75], [0, 88], [16, 12], [13, 2], [46, 3], [82, 4], [16, 79], [53, 40], [88, 75], [27, 16], [2, 0], [77, 4], [67, 79], [5, 85], [65, 60], [34, 46], [42, 85], [35, 6], [17, 9], [62, 58], [44, 40], [12, 51], [62, 94], [93, 25], [94, 98], [32, 22], [15, 91], [92, 72], [39, 20], [87, 24], [68, 34], [92, 46], [55, 23], [45, 22], [41, 2], [30, 41], [29, 38], [86, 32], [47, 92], [65, 41], [84, 38], [60, 24], [9, 18], [48, 73], [24, 16], [82, 99], [0, 83], [70, 95], [92, 44], [83, 90], [6, 20], [53, 31], [14, 94], [87, 79], [21, 53], [12, 8], [80, 49], [95, 49], [48, 18], [80, 7], [83, 35], [24, 6], [29, 93], [10, 91], [63, 86], [87, 4], [52, 9], [48, 62], [21, 57], [19, 85], [63, 96], [96, 75], [28, 94], [30, 93], [11, 20], [92, 6], [24, 74], [50, 92], [67, 99], [19, 53], [99, 52], [28, 33], [98, 27], [99, 85], [7, 98], [96, 48], [69, 37], [48, 20], [26, 97], [81, 77], [50, 44], [96, 7], [13, 96], [2, 11], [0, 5], [7, 5], [38, 26], [65, 30], [49, 61], [18, 11], [81, 99], [67, 66], [61, 53], [43, 90], [38, 25], [68, 7], [51, 2], [59, 65], [83, 53], [78, 88], [49, 42], [50, 70], [79, 90], [27, 30], [12, 16], [99, 72], [88, 21], [24, 25], [38, 38], [44, 26], [24, 38], [3, 31], [74, 93], [97, 77], [46, 23], [85, 5], [94, 18], [49, 26], [37, 44], [44, 25], [9, 49], [13, 70], [29, 56], [41, 38], [7, 43], [37, 42], [62, 87], [28, 4], [55, 34], [10, 51], [63, 76], [87, 22], [5, 70], [28, 67], [7, 95], [44, 11], [78, 99], [25, 67], [76, 65], [85, 39], [21, 86], [7, 4], [73, 80], [10, 69], [85, 88], [40, 30], [74, 14], [6, 58], [9, 87], [3, 97], [46, 1], [41, 93], [97, 67], [70, 34], [72, 5], [66, 28], [11, 24], [95, 81], [73, 86], [15, 60], [31, 33], [94, 32], [9, 42], [12, 17], [68, 80], [30, 28], [17, 58], [97, 35], [33, 72], [26, 75], [28, 98], [14, 45], [3, 56], [11, 91], [92, 21], [11, 71], [61, 45], [33, 37], [11, 75], [37, 1], [26, 67], [64, 98], [73, 81], [15, 1], [84, 26], [8, 39], [91, 38], [97, 75], [88, 16], [9, 81], [72, 94], [63, 19], [98, 37], [77, 67], [74, 50], [94, 68], [43, 96], [80, 21], [77, 33], [98, 31], [44, 88], [77, 30], [56, 96], [58, 35], [15, 50], [9, 6], [36, 61], [63, 59], [74, 0], [44, 79], [37, 35], [86, 2], [14, 54], [54, 39], [40, 51], [51, 23], [17, 69], [48, 29], [80, 1], [29, 86], [5, 76], [75, 73], [17, 19], [88, 57], [14, 78], [80, 90], [76, 83], [6, 14], [12, 57], [4, 88], [35, 46], [45, 27], [87, 83], [87, 69], [28, 43], [57, 58], [11, 2], [86, 78], [79, 35], [11, 18], [1, 54], [34, 68], [29, 17], [30, 94], [72, 9], [37, 99], [44, 93], [65, 26], [33, 23], [0, 52], [98, 0], [94, 96], [61, 40], [66, 57], [54, 95], [37, 60], [37, 0], [14, 81], [63, 20], [57, 22], [34, 57], [52, 17], [99, 20], [84, 24], [97, 95], [53, 30], [60, 46], [75, 3], [21, 91], [18, 82], [79, 62], [29, 33], [79, 50], [82, 88], [88, 96], [62, 89], [2, 9], [44, 45], [70, 80], [92, 69], [1, 96], [73, 4], [12, 20], [12, 44], [85, 96], [87, 10], [72, 22], [76, 52], [56, 31], [96, 89], [52, 84], [37, 74], [88, 73], [88, 95], [99, 37], [9, 97], [52, 32], [92, 96], [95, 56], [44, 91], [85, 42], [65, 79], [33, 31], [92, 47], [16, 15], [32, 76], [80, 99], [18, 54], [66, 32], [46, 97], [48, 78], [6, 71], [74, 65], [36, 69], [80, 80], [98, 84], [66, 82], [59, 17], [19, 67], [64, 82], [56, 14], [86, 15], [48, 37], [7, 30], [91, 69], [55, 73], [32, 89], [61, 44], [83, 18], [31, 45], [26, 10], [69, 70], [36, 59], [16, 84], [58, 18], [40, 57], [1, 77], [38, 93], [19, 54], [42, 63], [85, 87], [87, 35], [91, 1], [36, 66], [77, 78], [8, 65], [39, 2], [75, 82], [89, 98], [24, 66], [77, 10], [33, 36], [40, 33], [26, 96], [94, 62], [14, 50], [93, 31], [54, 94], [43, 11], [19, 22], [71, 96], [44, 32], [14, 96], [60, 20], [56, 21], [12, 49], [83, 8], [7, 11], [78, 8], [71, 66], [26, 21], [92, 8], [23, 59], [80, 53], [9, 71], [7, 26], [11, 19], [32, 80], [51, 32], [25, 58], [49, 51], [11, 67], [50, 48], [60, 39], [41, 80], [32, 45], [49, 21], [79, 98], [66, 51], [30, 90], [65, 2], [56, 11], [85, 55], [29, 83], [34, 10], [83, 81], [82, 90], [2, 18], [66, 27], [33, 35], [89, 33], [24, 18], [5, 66], [47, 5], [70, 92], [48, 85], [84, 50], [10, 48], [10, 61], [79, 9], [41, 23], [79, 83], [9, 15], [14, 18], [6, 77], [9, 2], [18, 10], [0, 85], [10, 2], [57, 38], [72, 30], [47, 42], [7, 75], [75, 81], [4, 25], [45, 32], [26, 98], [47, 60], [27, 58], [2, 10], [37, 34], [23, 3], [93, 13], [85, 4], [22, 50], [62, 71], [32, 12], [61, 76], [50, 52], [31, 98], [1, 13], [92, 29], [99, 83], [42, 32], [77, 21], [89, 14], [65, 59], [31, 44], [47, 32], [20, 78], [13, 98], [29, 55], [49, 14], [43, 0], [57, 50], [76, 77], [43, 43], [1, 40], [30, 43], [89, 72], [81, 0], [47, 49], [80, 0], [98, 82], [4, 4], [50, 1], [58, 69], [26, 81], [48, 90], [90, 2], [31, 54], [41, 78], [82, 53], [59, 87], [46, 4], [4, 30], [31, 29], [9, 93], [52, 27], [28, 62], [29, 3], [78, 73], [14, 97], [44, 22], [82, 87], [90, 45], [77, 88], [2, 83], [57, 11], [31, 74], [13, 90], [44, 55], [5, 83], [83, 77], [8, 73], [67, 16], [81, 58], [39, 55], [34, 28], [52, 42], [60, 34], [4, 3], [27, 6], [97, 29], [1, 76], [55, 26], [14, 60], [34, 92], [86, 9], [39, 43], [54, 53], [29, 21], [4, 64], [79, 4], [23, 79], [2, 67], [28, 27], [9, 69], [5, 99], [17, 24], [50, 68], [15, 95], [57, 13], [91, 94], [8, 9], [67, 74], [45, 31], [22, 12], [94, 38], [12, 70], [70, 77], [12, 9], [62, 90], [50, 8], [84, 85], [16, 10], [30, 59], [56, 65], [26, 57], [63, 21], [93, 17], [54, 67], [10, 9], [68, 83], [67, 98], [43, 51], [37, 11], [8, 99], [95, 87], [27, 98], [22, 94], [57, 80], [77, 84], [64, 62], [40, 18], [76, 68], [33, 6], [94, 33], [93, 16], [7, 48], [55, 92], [47, 6], [49, 45], [14, 73], [29, 41], [43, 37], [78, 60], [55, 18], [42, 16], [73, 96], [2, 44], [33, 3], [59, 22], [35, 81], [64, 68], [46, 94], [58, 39], [94, 9], [65, 83], [84, 92], [87, 56], [67, 50], [31, 49], [6, 43], [0, 16], [92, 76], [77, 66], [46, 24], [90, 75], [65, 87], [32, 50], [9, 89], [35, 98], [27, 67], [73, 7], [58, 23], [37, 24], [3, 87], [35, 39], [14, 17], [45, 16], [81, 10], [90, 76], [64, 30], [8, 52], [74, 68], [83, 38], [36, 78], [11, 17], [42, 12], [84, 57], [44, 81], [86, 94], [98, 77], [47, 79], [29, 72], [80, 3], [25, 9], [58, 84], [77, 35], [17, 86], [42, 46], [11, 72], [33, 83], [18, 24], [43, 55], [39, 54], [42, 6], [96, 90], [63, 30], [9, 64], [4, 29], [45, 81], [7, 39], [35, 28], [98, 67], [51, 26], [22, 96], [55, 59], [46, 34], [11, 98], [94, 83], [52, 0], [59, 68], [24, 93], [80, 91], [54, 93], [3, 4], [67, 32], [61, 65], [38, 52], [90, 6], [81, 90], [35, 40], [41, 89], [70, 82], [55, 3], [34, 94], [82, 13], [1, 59], [23, 18], [8, 78], [37, 80], [95, 26], [83, 59], [20, 71], [24, 24], [70, 59], [12, 75], [24, 23], [56, 89], [18, 0], [60, 69], [20, 62], [27, 61], [63, 91], [35, 3], [95, 88], [36, 72], [36, 84], [23, 72], [23, 46], [65, 55], [12, 93], [70, 5], [98, 66], [49, 99], [90, 80], [77, 70], [81, 24], [76, 91], [99, 47], [31, 96], [54, 46], [59, 94], [25, 29], [60, 17], [72, 68], [99, 93], [10, 98], [49, 34], [23, 28], [28, 96], [21, 54], [25, 79], [17, 77], [90, 54], [95, 71], [97, 81], [43, 33], [3, 82], [26, 15], [69, 68], [99, 35], [8, 7], [23, 8], [38, 99], [99, 18], [6, 21], [7, 32], [24, 52], [89, 81], [83, 23], [24, 3], [2, 29], [5, 39], [97, 17], [98, 42], [69, 5], [87, 59], [74, 4], [36, 25], [2, 66], [6, 25], [31, 70], [60, 71], [5, 45], [95, 18], [44, 43], [28, 69], [20, 90], [46, 57], [36, 26], [62, 62], [99, 81], [54, 33], [72, 77], [7, 87], [96, 69], [25, 39], [20, 10], [38, 55], [67, 72], [14, 1], [18, 43], [81, 14], [58, 59], [94, 95], [42, 30], [29, 19], [93, 48], [23, 12], [0, 3], [37, 19], [39, 29], [88, 18], [81, 13], [62, 57], [61, 70], [59, 45], [50, 7], [41, 84], [51, 34], [9, 95], [89, 61], [13, 63], [51, 47], [99, 38], [12, 3], [39, 34], [35, 31], [12, 63], [25, 27], [7, 34], [82, 36], [16, 74], [76, 60], [0, 77], [24, 39], [9, 55], [99, 82], [62, 25], [37, 97], [69, 74], [36, 34], [13, 3], [60, 95], [48, 23], [4, 35], [92, 39], [64, 36], [26, 29], [36, 22], [88, 49], [88, 88], [50, 80], [82, 54], [24, 45], [33, 40], [18, 69], [0, 53], [78, 23], [13, 86], [80, 5], [1, 48], [58, 32], [82, 16], [12, 19], [89, 29], [37, 47], [7, 56], [5, 26], [3, 0], [16, 46], [42, 29], [87, 67], [6, 32], [22, 86], [3, 22], [65, 56], [52, 85], [76, 5], [33, 62], [27, 86], [45, 63], [21, 55], [59, 44], [4, 95], [76, 11], [97, 50], [88, 28], [75, 57], [32, 61], [94, 36], [96, 20], [13, 74], [94, 99], [71, 68], [67, 77], [89, 86], [27, 42], [72, 34], [1, 33], [10, 65], [68, 90], [62, 5], [51, 86], [98, 88], [0, 58], [8, 30], [63, 47], [78, 55], [32, 25], [12, 4], [2, 79], [20, 4], [78, 31], [41, 51], [55, 1], [57, 23], [37, 40], [55, 98], [16, 76], [23, 55], [49, 98], [92, 67], [1, 65], [97, 42], [87, 29], [5, 80], [7, 77], [52, 47], [24, 98], [25, 16], [7, 70], [37, 65], [10, 25], [15, 92], [30, 65], [92, 40], [74, 5], [72, 96], [34, 73], [20, 97], [97, 61], [65, 84], [71, 3], [64, 57], [10, 4], [23, 76], [35, 17], [31, 20], [22, 81], [76, 74], [17, 50], [18, 63], [32, 65], [56, 58], [34, 29], [42, 28], [53, 24], [37, 50], [56, 99], [67, 23], [49, 44], [15, 2], [57, 26], [72, 37], [82, 94], [91, 5], [8, 42], [2, 34], [31, 37], [55, 66], [6, 80], [7, 18], [53, 62], [19, 99], [62, 78], [30, 88], [31, 81], [96, 46], [37, 54], [21, 85], [6, 64], [8, 70], [3, 73], [44, 47], [78, 19], [32, 26], [42, 3], [86, 84], [68, 95], [39, 22], [57, 97], [11, 55], [34, 11], [73, 9], [97, 70], [16, 48], [14, 89], [20, 55], [85, 50], [26, 83], [84, 21], [51, 3], [95, 32], [19, 58], [72, 35], [82, 75], [94, 37], [22, 61], [76, 8], [79, 30], [67, 67], [85, 9], [0, 31], [98, 26], [55, 86], [47, 14], [75, 58], [65, 8], [96, 3], [37, 53], [75, 88], [92, 60], [63, 25], [55, 69], [92, 9], [0, 9], [3, 28], [94, 75], [27, 56], [50, 94], [79, 59], [7, 64], [55, 70], [89, 6], [60, 25], [0, 82], [64, 18], [56, 38], [36, 43], [60, 30], [79, 11], [54, 26], [12, 71], [44, 35], [89, 8], [85, 83], [66, 9], [58, 60], [6, 94], [24, 89], [21, 65], [20, 76], [36, 37], [1, 83], [22, 26], [6, 74], [56, 94], [98, 19], [55, 16], [37, 83], [50, 13], [54, 31], [53, 65], [95, 31], [84, 48], [4, 97], [80, 20], [32, 56], [46, 5], [91, 75], [35, 57], [70, 31], [69, 57], [54, 82], [81, 23], [91, 87], [36, 9], [12, 87], [30, 33], [21, 9], [97, 98], [60, 42], [53, 34], [27, 13], [95, 97], [48, 1], [81, 79], [99, 39], [9, 46], [63, 62], [28, 11], [9, 4], [16, 20], [13, 91], [71, 36], [86, 90], [96, 96], [90, 55], [95, 60], [40, 85], [30, 57], [64, 79], [84, 11], [88, 62], [90, 57], [28, 54], [42, 93], [52, 71], [47, 94], [90, 82], [43, 38], [8, 25], [75, 94], [8, 63], [81, 75], [2, 16], [97, 1], [3, 83], [50, 10], [61, 15], [8, 18], [3, 38], [24, 96], [77, 60], [32, 16], [94, 73], [12, 2], [76, 98], [16, 5], [97, 60], [96, 33], [55, 97], [86, 24], [15, 22], [93, 33], [7, 83], [53, 44], [74, 97], [60, 88], [9, 63], [42, 61], [27, 0], [49, 85], [16, 14], [23, 26], [45, 89], [78, 20], [8, 59], [44, 87], [32, 63], [82, 28], [66, 64], [50, 30], [15, 72], [82, 83], [57, 82], [85, 52], [22, 83], [61, 72], [1, 47], [15, 14], [12, 82], [88, 37], [31, 36], [73, 3], [50, 24], [6, 47], [36, 31], [17, 15], [41, 61], [40, 25], [67, 52], [63, 95], [5, 19], [22, 20], [68, 57], [28, 73], [96, 68], [17, 55], [49, 37], [54, 2], [30, 96], [81, 89], [84, 89], [40, 78], [87, 63], [26, 62], [97, 71], [71, 72], [25, 47], [57, 24], [13, 58], [92, 64], [25, 68], [76, 33], [34, 22], [92, 53], [8, 29], [62, 84], [54, 71], [80, 52], [41, 21], [98, 32], [31, 69], [78, 70], [93, 57], [16, 65], [48, 83], [45, 82], [2, 91], [42, 54], [56, 26], [71, 75], [0, 1], [99, 64], [34, 82], [1, 12], [5, 94], [98, 63], [93, 91], [51, 30], [38, 79], [22, 97], [59, 38], [61, 19], [49, 32], [77, 56], [76, 35], [62, 3], [85, 79], [93, 38], [36, 68], [84, 97], [41, 43], [36, 35], [10, 22], [2, 58], [41, 25], [61, 57], [14, 79], [28, 17], [15, 15], [39, 57], [9, 40], [11, 16], [15, 57], [82, 56], [42, 78], [49, 1], [73, 12], [90, 7], [14, 95], [48, 49], [62, 92], [74, 16], [53, 18], [77, 17], [26, 30], [23, 5], [14, 65], [50, 72], [28, 21], [7, 66], [54, 10], [65, 38], [16, 75], [65, 6], [94, 10], [54, 52], [85, 99], [95, 23], [6, 95], [44, 90], [73, 16], [55, 87], [18, 94], [22, 57], [64, 83], [79, 29], [2, 14], [46, 98], [88, 35], [20, 86], [56, 87], [9, 86], [19, 23], [24, 27], [83, 17], [87, 0], [16, 55], [29, 14], [3, 24], [18, 12], [98, 34], [31, 90], [55, 10], [23, 4], [55, 80], [0, 23], [92, 11], [13, 87], [67, 94], [33, 9], [46, 6], [84, 81], [45, 56], [74, 55], [61, 9], [12, 47], [55, 7], [8, 20], [57, 27], [61, 74], [97, 65], [54, 97], [27, 95], [68, 75], [85, 2], [30, 1], [50, 55], [14, 53], [53, 93], [51, 58], [0, 25], [14, 91], [49, 29], [21, 27], [7, 45], [49, 66], [26, 24], [6, 19], [70, 53], [5, 34], [85, 92], [63, 67], [51, 76], [58, 58], [38, 2], [93, 36], [78, 24], [96, 49], [17, 44], [30, 60], [84, 52], [49, 11], [11, 82], [14, 23], [1, 72], [85, 77], [17, 3], [40, 6], [25, 56], [64, 1], [21, 60], [6, 15], [37, 20], [76, 54], [27, 38], [98, 59], [19, 20], [70, 1], [85, 89], [59, 52], [90, 73], [33, 45], [51, 97], [35, 32], [94, 4], [49, 54], [74, 77], [30, 12], [29, 92], [88, 56], [50, 46], [30, 4], [99, 75], [31, 47], [30, 29], [85, 61], [30, 2], [93, 62], [97, 26], [50, 97], [97, 4], [43, 78], [57, 93], [32, 48], [65, 63], [36, 92], [51, 33], [82, 14], [15, 77], [64, 22], [45, 2], [9, 39], [19, 3], [23, 82], [92, 48], [60, 15], [86, 8], [90, 97], [53, 90], [97, 39], [16, 9], [62, 26], [96, 44], [78, 0], [73, 59], [82, 40], [61, 89], [21, 89], [7, 58], [6, 2], [17, 21], [22, 68], [54, 4], [83, 91], [82, 17], [32, 52], [92, 7], [58, 48], [64, 74], [85, 43], [54, 14], [10, 94], [5, 62], [13, 15], [67, 41], [58, 41], [77, 9], [30, 20], [42, 55], [95, 4], [78, 83], [31, 79], [91, 60], [76, 79], [40, 82], [83, 49], [28, 83], [81, 51], [51, 49], [23, 73], [20, 84], [59, 64], [55, 39], [96, 34], [10, 35], [93, 26], [31, 1], [66, 16], [96, 35], [39, 63], [53, 97], [53, 13], [20, 70], [4, 91], [75, 77], [93, 69], [54, 87], [27, 10], [20, 54], [90, 9], [22, 32], [38, 98], [78, 78], [39, 86], [57, 37], [78, 43], [85, 33], [65, 27], [62, 93], [84, 93], [88, 58], [65, 82], [83, 4], [28, 87], [12, 97], [62, 99], [98, 70], [58, 68], [43, 6], [32, 32], [14, 83], [6, 27], [61, 77], [60, 77], [6, 96], [43, 27], [82, 20], [11, 3], [36, 62], [37, 64], [24, 59], [69, 53], [92, 4], [78, 1], [76, 1], [85, 37], [34, 23], [51, 41], [30, 46], [55, 31], [71, 92], [32, 70], [42, 84], [41, 90], [87, 73], [30, 95], [97, 73], [67, 71], [83, 56], [75, 74], [25, 88], [91, 52], [59, 20], [6, 34], [4, 59], [88, 4], [21, 18], [15, 80], [95, 15], [88, 59], [42, 17], [21, 77], [44, 5], [32, 29], [11, 80], [4, 15], [83, 33], [63, 79], [22, 59], [47, 62], [86, 11], [93, 90], [22, 58], [46, 40], [91, 70], [28, 16], [19, 72], [74, 2], [50, 25], [27, 31], [15, 52], [57, 42], [24, 8], [8, 72], [59, 70], [64, 61], [51, 96], [97, 62], [17, 72], [36, 12], [68, 17], [63, 43], [91, 44], [67, 86], [31, 65], [86, 41], [63, 18], [3, 58], [63, 45], [63, 42], [63, 16], [68, 81], [68, 6], [54, 30], [83, 98], [79, 89], [53, 86], [99, 2], [96, 85], [56, 78], [26, 52], [21, 92], [16, 73], [89, 32], [63, 7], [17, 64], [78, 68], [35, 74], [14, 16], [9, 51], [50, 49], [80, 12], [23, 89], [11, 5], [99, 57], [31, 48], [23, 78], [80, 93], [31, 32], [99, 76], [1, 3], [9, 54], [89, 34], [59, 16], [60, 64], [85, 84], [0, 49], [29, 97], [24, 31], [50, 95], [51, 74], [30, 52], [86, 39], [25, 78], [75, 48], [41, 50], [0, 15], [21, 66], [67, 93], [38, 62], [67, 76], [5, 84], [58, 92], [8, 97], [30, 5], [60, 40], [51, 85], [65, 51], [91, 41], [64, 93], [75, 80], [91, 88], [55, 29], [4, 52], [44, 36], [76, 19], [43, 46], [35, 78], [29, 49], [93, 83], [48, 43], [47, 2], [47, 1], [88, 33], [96, 17], [83, 20], [24, 71], [65, 67], [52, 46], [51, 20], [47, 59], [95, 16], [93, 99], [32, 67], [34, 5], [32, 42], [49, 76], [27, 53], [25, 4], [24, 42], [92, 88], [94, 92], [48, 22], [31, 71], [58, 37], [3, 11], [39, 59], [80, 27], [11, 6], [84, 58], [44, 53], [52, 97], [21, 70], [36, 56], [19, 74], [29, 27], [83, 1], [99, 10], [32, 99], [85, 93], [37, 77], [51, 35], [54, 28], [1, 9], [17, 2], [17, 97], [92, 20], [74, 15], [47, 16], [34, 66], [88, 45], [79, 81], [65, 17], [3, 37], [32, 5], [24, 53], [86, 34], [46, 17], [78, 66], [25, 51], [9, 7], [3, 46], [99, 40], [3, 5], [67, 69], [21, 90], [10, 38], [2, 23], [69, 92], [49, 83], [71, 76], [62, 68], [18, 72], [68, 58], [93, 59], [42, 58], [49, 62], [95, 3], [69, 4], [52, 26], [23, 98], [0, 8], [57, 2], [60, 58], [33, 92], [61, 93], [90, 4], [56, 47], [46, 88], [66, 44], [13, 88], [3, 69], [91, 66], [98, 21], [65, 66], [75, 0], [44, 37], [39, 38], [53, 50], [32, 33], [53, 61], [94, 85], [51, 10], [16, 96], [52, 58], [32, 20], [24, 95], [78, 35], [77, 22], [75, 9], [64, 90], [65, 71], [5, 22], [88, 80], [70, 0], [35, 22], [21, 99], [94, 21], [50, 0], [11, 9], [62, 46], [25, 44], [58, 42], [5, 89], [47, 61], [89, 69], [86, 91], [68, 53], [56, 59], [83, 22], [34, 35], [95, 65], [79, 54], [62, 61], [9, 70], [8, 82], [55, 47], [62, 27], [0, 68], [12, 27], [13, 81], [10, 50], [58, 8], [88, 2], [39, 49], [4, 89], [8, 57], [95, 54], [98, 41], [90, 51], [37, 7], [26, 32], [83, 84], [36, 91], [48, 94], [9, 37], [30, 58], [14, 98], [88, 24], [56, 91], [15, 45], [91, 81], [87, 12], [93, 28], [10, 93], [13, 21], [73, 72], [57, 16], [47, 83], [82, 51], [4, 84], [10, 16], [42, 97], [22, 55], [86, 20], [53, 14], [91, 92], [70, 30], [5, 77], [50, 37], [31, 59], [98, 79], [61, 58], [13, 5], [22, 45], [75, 31], [57, 55], [44, 30], [13, 57], [53, 98], [65, 98], [2, 81], [16, 53], [0, 27], [51, 24], [77, 6], [84, 55], [26, 88], [49, 50], [1, 92], [66, 3], [23, 30], [49, 67], [26, 56], [87, 46], [26, 58], [76, 82], [33, 96], [30, 85], [5, 68], [91, 73], [72, 98], [56, 85], [93, 47], [35, 96], [5, 14], [88, 65], [42, 7], [19, 13], [79, 99], [91, 56], [31, 67], [11, 49], [88, 15], [64, 67], [11, 63], [71, 34], [75, 65], [5, 0], [97, 99], [81, 25], [6, 36], [26, 13], [53, 82], [3, 96], [30, 14], [54, 83], [20, 99], [33, 41], [80, 45], [96, 58], [4, 12], [50, 4], [42, 80], [9, 77], [24, 84], [77, 74], [36, 29], [51, 22], [22, 64], [15, 27], [80, 2], [12, 65], [96, 43], [94, 74], [75, 79], [8, 98], [64, 91], [34, 90], [52, 11], [88, 10], [53, 37], [32, 49], [72, 89], [38, 11], [31, 97], [65, 5], [33, 75], [56, 36], [79, 14], [43, 92], [90, 93], [45, 50], [52, 55], [99, 21], [81, 3], [13, 94], [23, 13], [16, 63], [56, 41], [7, 92], [92, 38], [43, 14], [62, 1], [95, 7], [31, 35], [70, 64], [63, 69], [21, 79], [92, 71], [78, 90], [33, 84], [79, 18], [21, 88], [78, 84], [38, 39], [31, 13], [55, 25], [16, 66], [75, 89], [32, 69], [74, 73], [27, 57], [2, 15], [93, 46], [0, 84], [85, 15], [74, 92], [27, 18], [89, 57], [52, 63], [7, 8], [3, 62], [69, 35], [60, 79], [22, 16], [26, 55], [83, 86], [62, 41], [88, 9], [97, 6], [43, 82], [59, 54], [93, 0], [79, 38], [70, 8], [92, 74], [20, 74], [20, 14], [96, 9], [86, 89], [66, 49], [24, 94], [43, 48], [13, 59], [56, 32], [47, 77], [18, 67], [57, 92], [93, 43], [88, 76], [10, 10], [98, 23], [48, 86], [64, 95], [87, 17], [59, 40], [24, 0], [18, 61], [38, 44], [52, 89], [24, 47], [89, 23], [19, 0], [59, 24], [74, 79], [72, 75], [63, 53], [69, 18], [1, 29], [61, 81], [82, 32], [27, 81], [62, 31], [78, 81], [86, 68], [97, 36], [36, 40], [9, 61], [29, 84], [22, 80], [12, 0], [92, 89], [52, 56], [17, 43], [76, 76], [90, 63], [9, 50], [27, 87], [43, 50], [92, 99], [8, 96], [69, 81], [98, 65], [80, 77], [6, 78], [4, 81], [74, 82], [76, 3], [55, 17], [51, 95], [75, 84], [11, 22], [73, 84], [46, 25], [67, 80], [76, 56], [60, 76], [13, 8], [9, 0], [21, 96], [93, 64], [21, 4], [26, 18], [65, 70], [19, 47], [96, 92], [81, 12], [21, 62], [7, 16], [52, 60], [27, 84], [51, 11], [81, 48], [71, 50], [34, 52], [1, 89], [7, 42], [48, 71], [4, 80], [78, 79], [20, 94], [74, 32], [72, 79], [87, 99], [72, 53], [79, 95], [89, 74], [69, 60], [92, 59], [62, 66], [1, 63], [1, 26], [0, 87], [15, 44], [6, 54], [53, 10], [76, 31], [32, 60], [10, 78], [26, 48], [10, 85], [79, 69], [81, 40], [52, 44], [10, 97], [79, 56], [43, 34], [72, 91], [63, 32], [6, 42], [67, 81], [42, 11], [64, 4], [55, 74], [86, 47], [91, 86], [20, 60], [27, 33], [37, 72], [89, 45], [35, 62], [51, 42], [71, 21], [14, 75], [4, 6], [85, 60], [10, 14], [84, 15], [62, 88], [47, 96], [73, 34], [64, 24], [6, 6], [4, 92], [46, 42], [19, 84], [28, 6], [88, 3], [9, 65], [56, 46], [72, 19], [94, 40], [65, 75], [48, 65], [98, 61], [24, 37], [41, 8], [24, 58], [79, 52], [94, 81], [19, 2], [3, 93], [25, 28], [28, 18], [87, 9], [67, 17], [4, 78], [89, 75], [21, 5], [51, 68], [55, 63], [25, 0], [88, 29], [36, 97], [25, 99], [68, 70], [68, 1], [10, 32], [94, 2], [88, 34], [99, 65], [31, 14], [54, 76], [22, 77], [93, 72], [22, 49], [5, 37], [98, 55], [58, 40], [43, 52], [59, 79], [0, 37], [39, 31], [47, 91], [57, 59], [26, 95], [73, 19], [35, 1], [4, 61], [15, 58], [23, 80], [2, 24], [85, 81], [99, 62], [2, 7], [59, 12], [28, 58], [86, 85], [46, 8], [52, 43], [97, 97], [81, 16], [51, 53], [91, 7], [61, 31], [10, 46], [95, 90], [9, 35], [30, 8], [73, 77], [26, 46], [88, 68], [33, 58], [12, 95], [91, 33], [31, 12], [91, 74], [3, 17], [53, 29], [76, 95], [33, 85], [18, 64], [15, 46], [23, 61], [49, 40], [17, 66], [17, 14], [16, 62], [18, 15], [30, 48], [96, 16], [39, 48], [48, 15], [30, 31], [33, 71], [59, 51], [2, 86], [37, 51], [75, 83], [8, 95], [54, 32], [50, 56], [99, 51], [97, 57], [93, 68], [92, 16], [30, 89], [18, 49], [64, 6], [29, 94], [44, 3], [78, 49], [39, 10], [70, 9], [10, 60], [12, 26], [43, 13], [15, 3], [79, 82], [29, 12], [12, 6], [8, 2], [12, 13], [58, 6], [18, 93], [71, 8], [26, 51], [96, 88], [24, 7], [84, 54], [47, 81], [74, 6], [77, 1], [34, 19], [99, 61], [24, 33], [86, 86], [12, 39], [47, 74], [98, 14], [60, 5], [75, 44], [2, 33], [65, 19], [28, 13], [96, 14], [76, 78], [15, 20], [94, 7], [8, 88], [76, 13], [49, 89], [54, 70], [80, 47], [36, 39], [66, 18], [21, 6], [32, 39], [49, 38], [6, 28], [79, 5], [96, 93], [32, 72], [5, 27], [44, 6], [28, 45], [94, 88], [18, 68], [14, 10], [65, 3], [24, 36], [46, 58], [4, 90], [97, 94], [23, 57], [87, 3], [85, 90], [77, 77], [72, 6], [59, 0], [36, 90], [44, 31], [77, 58], [79, 3], [68, 96], [10, 45], [75, 59], [70, 2], [18, 97], [91, 24], [74, 85], [5, 63], [95, 89], [29, 69], [7, 52], [80, 55], [94, 63], [0, 64], [52, 65], [85, 51], [77, 98], [7, 37], [3, 9], [38, 8], [22, 51], [59, 96], [86, 92], [90, 13], [40, 62], [85, 56], [5, 58], [4, 66], [50, 40], [22, 10], [17, 18], [4, 22], [39, 23], [10, 95], [43, 20], [9, 38], [73, 6], [94, 77], [35, 7], [23, 95], [50, 28], [73, 83], [10, 31], [87, 19], [52, 64], [13, 23], [81, 98], [50, 60], [69, 87], [56, 5], [46, 59], [87, 72], [30, 87], [27, 75], [57, 64], [12, 83], [59, 19], [31, 43], [55, 56], [57, 39], [6, 49], [83, 50], [45, 18], [47, 64], [54, 9], [87, 81], [35, 4], [71, 83], [24, 69], [16, 25], [80, 78], [8, 64], [52, 95], [12, 10], [21, 49], [89, 24], [39, 89], [42, 8], [34, 71], [54, 8], [55, 0], [2, 52], [6, 85], [60, 33], [35, 88], [97, 96], [54, 15], [30, 50], [89, 64], [37, 9], [92, 82], [44, 1], [51, 31], [97, 38], [37, 61], [95, 25], [23, 83], [29, 48], [29, 99], [1, 66], [55, 43], [19, 51], [97, 18], [26, 34], [68, 50], [72, 36], [57, 88], [53, 76], [79, 2], [18, 20], [31, 46], [5, 86], [88, 60], [49, 88], [22, 74], [33, 33], [64, 31], [51, 91], [20, 25], [77, 59], [35, 76], [8, 79], [83, 58], [79, 24], [81, 5], [19, 94], [35, 35], [3, 65], [18, 79], [58, 82], [62, 54], [64, 34], [29, 29], [49, 2], [10, 59], [95, 76], [79, 78], [9, 30], [56, 75], [93, 70], [59, 9], [73, 68], [16, 22], [90, 24], [31, 39], [21, 52], [7, 6], [94, 78], [24, 35], [39, 11], [2, 37], [51, 40], [35, 15], [18, 22], [74, 87], [71, 58], [94, 34], [78, 87], [8, 53], [43, 4], [42, 40], [6, 9], [63, 77], [60, 75], [29, 54], [0, 13], [9, 3], [77, 8], [57, 86], [2, 12], [75, 6], [58, 80], [36, 27], [11, 42], [71, 23], [19, 68], [25, 90], [55, 24], [93, 12], [42, 1], [2, 62], [26, 69], [27, 32], [30, 9], [28, 93], [40, 0], [28, 64], [97, 89], [17, 59], [48, 53], [7, 17], [52, 66], [47, 68], [99, 7], [41, 36], [94, 45], [16, 68], [12, 53], [26, 20], [80, 4], [53, 1], [42, 91], [68, 79], [0, 89], [16, 92], [82, 61], [19, 69], [29, 28], [98, 11], [44, 12], [33, 47], [36, 19], [6, 55], [73, 92], [84, 84], [52, 41], [28, 50], [47, 3], [31, 87], [23, 2], [24, 12], [37, 88], [90, 32], [15, 62], [44, 61], [56, 83], [88, 81], [71, 54], [86, 80], [40, 63], [59, 43], [28, 0], [58, 86], [89, 17], [36, 89], [57, 74], [35, 11], [5, 53], [10, 62], [40, 24], [54, 56], [66, 88], [18, 47], [72, 38], [60, 99], [52, 13], [30, 38], [67, 24], [25, 83], [11, 68], [46, 52], [18, 86], [81, 83], [0, 59], [36, 17], [37, 28], [93, 84], [35, 95], [44, 51], [94, 31], [0, 29], [92, 30], [62, 52], [71, 4], [32, 91], [15, 68], [5, 6], [88, 40], [60, 87], [99, 67], [35, 72], [29, 96], [52, 99], [80, 44], [54, 35], [96, 65], [70, 70], [37, 81], [75, 66], [0, 78], [63, 94], [15, 13], [49, 22], [37, 57], [95, 74], [47, 46], [14, 3], [86, 46], [87, 1], [82, 22], [94, 5], [44, 95], [81, 86], [48, 95], [93, 32], [1, 61], [90, 74], [95, 83], [85, 24], [56, 22], [97, 30], [92, 41], [78, 37], [39, 24], [4, 46], [92, 10], [95, 98], [65, 21], [10, 75], [68, 61], [88, 94], [78, 54], [94, 1], [64, 37], [79, 33], [37, 69], [79, 88], [10, 36], [83, 44], [1, 68], [2, 85], [18, 48], [91, 25], [97, 10], [68, 87], [2, 46], [81, 2], [12, 50], [47, 51], [34, 64], [0, 47], [66, 4], [5, 75], [1, 91], [63, 4], [59, 60], [65, 44], [63, 3], [55, 49], [95, 85], [30, 62], [85, 41], [3, 21], [40, 49], [75, 1], [98, 72], [81, 78], [35, 64], [54, 72], [25, 20], [99, 15], [65, 23], [84, 14], [48, 30], [14, 66], [66, 93], [68, 4], [41, 9], [61, 11], [61, 28], [94, 76], [69, 96], [62, 59], [64, 60], [43, 5], [12, 5], [93, 76], [34, 50], [12, 76], [56, 27], [87, 61], [61, 68], [52, 38], [4, 48], [96, 61], [79, 31], [51, 17]], "targets": [[67, 52], [31, 90], [99, 27], [7, 14], [85, 75], [2, 36], [72, 39], [83, 76], [62, 41], [73, 41], [95, 24], [28, 84], [63, 42], [69, 47], [6, 19], [69, 50], [2, 43], [72, 41], [97, 17], [37, 86], [69, 42], [73, 49], [0, 10], [71, 49], [2, 41], [74, 39], [94, 23], [30, 92], [70, 32], [70, 47], [7, 9], [65, 52], [3, 44], [95, 23], [37, 93], [70, 42], [64, 44], [73, 40], [93, 24], [3, 12], [64, 53], [0, 37], [38, 94], [71, 38], [66, 48], [71, 39], [98, 25], [6, 13], [35, 91], [67, 36], [65, 47], [62, 59], [4, 40], [98, 24], [72, 36], [1, 9], [28, 86], [70, 41], [74, 48], [66, 59], [2, 38], [94, 25], [35, 92], [64, 36], [73, 46], [8, 11], [74, 41], [97, 22], [71, 51], [4, 41], [34, 87], [67, 34], [70, 43], [97, 20], [8, 14], [78, 38], [70, 50], [2, 42], [28, 88], [65, 37], [73, 47], [95, 27], [6, 15], [75, 31], [70, 49], [2, 37], [34, 91], [64, 39], [68, 42], [97, 23], [2, 19], [94, 26], [36, 87], [71, 35], [72, 47], [67, 58], [1, 38], [75, 41], [4, 9], [98, 22], [33, 86], [69, 33], [65, 46], [68, 49], [1, 37], [69, 36], [94, 24], [3, 11], [35, 90], [70, 40], [73, 43], [66, 49], [1, 36], [94, 22], [77, 33], [1, 18], [36, 88], [67, 33], [69, 49], [98, 27], [68, 57], [3, 40], [32, 86], [66, 39], [69, 44], [8, 10], [79, 35], [96, 17], [71, 55], [0, 40], [38, 87], [62, 40], [74, 44], [1, 11], [97, 19], [73, 32], [35, 87], [67, 40], [70, 48], [66, 51], [5, 38], [97, 21], [4, 16], [71, 40], [36, 86], [64, 35], [66, 46], [93, 17], [62, 52], [3, 37], [3, 16], [29, 93], [67, 41], [67, 46], [97, 27], [78, 40], [63, 49], [3, 41], [8, 18], [38, 91], [68, 41], [66, 45], [99, 24], [69, 31], [69, 52], [2, 40], [0, 19], [35, 93], [68, 38], [70, 44], [96, 26], [74, 8], [8, 99], [26, 68], [2, 2], [16, 85], [24, 72], [42, 61], [14, 79], [90, 52], [27, 38], [20, 69], [85, 83], [69, 43], [28, 66], [71, 41], [60, 87], [67, 60], [4, 92], [22, 89], [54, 19], [25, 55], [40, 96], [16, 76], [68, 5], [35, 38], [56, 55], [3, 81], [62, 36], [80, 5], [20, 86], [37, 4], [75, 44], [46, 82], [47, 23], [42, 50], [8, 98], [21, 70], [69, 63], [49, 30], [65, 73], [40, 30], [45, 99], [91, 53], [93, 33], [70, 53], [49, 31], [39, 11], [81, 45], [62, 89], [78, 26], [38, 50], [12, 44], [15, 62], [95, 56], [70, 64], [94, 52], [37, 20], [18, 11], [24, 68], [29, 74], [89, 16], [23, 71], [26, 8], [35, 96], [99, 67], [32, 36], [4, 82], [22, 92], [46, 80], [52, 57], [80, 53], [98, 3], [76, 39], [16, 60], [10, 63], [58, 50], [96, 90], [88, 28], [13, 1], [66, 20], [16, 90], [3, 36], [44, 6], [73, 54], [67, 48], [26, 59], [66, 47], [55, 59], [13, 68], [38, 96], [24, 77], [44, 12], [52, 4], [30, 69], [5, 88], [70, 52], [61, 35], [31, 16], [99, 35], [83, 44], [19, 90], [33, 14], [93, 72], [88, 37], [84, 41], [83, 21], [85, 36], [6, 93], [16, 89], [95, 70], [96, 20], [31, 68], [3, 78], [96, 85], [54, 5], [23, 75], [86, 50], [96, 35], [53, 48], [52, 26], [72, 83], [78, 37], [61, 34], [62, 20], [55, 49], [77, 18], [58, 95], [80, 19], [91, 31], [49, 57], [72, 34], [53, 28], [48, 36], [58, 40], [61, 59], [52, 48], [81, 76], [48, 61], [19, 26], [18, 88], [15, 58], [15, 89], [47, 75], [97, 80], [68, 63], [83, 14], [38, 22], [47, 36], [44, 16], [36, 74], [12, 70], [88, 86], [30, 73], [11, 61], [72, 44], [93, 0], [11, 52], [6, 84], [70, 55], [74, 42], [85, 53], [81, 86], [86, 43], [77, 17], [12, 42], [25, 85], [52, 47], [68, 50], [89, 46], [30, 83], [17, 78], [69, 41], [0, 39], [30, 75], [88, 54], [33, 76], [13, 81], [13, 66], [10, 79], [20, 68], [38, 41], [77, 84], [9, 35], [77, 34], [95, 55], [65, 64], [68, 36], [79, 31], [31, 62], [28, 73], [20, 71], [36, 67], [98, 56], [75, 56], [22, 51], [2, 73], [98, 70], [19, 74], [53, 75], [63, 63], [53, 25], [12, 50], [27, 80], [49, 44], [82, 48], [33, 40], [24, 84], [59, 16], [73, 42], [67, 9], [81, 46], [52, 52], [35, 73], [82, 6], [16, 73], [93, 53], [83, 18], [18, 73], [95, 38], [73, 50], [18, 59], [33, 6], [29, 4], [93, 56], [77, 21], [75, 65], [24, 51], [88, 50], [64, 97], [82, 28], [21, 88], [90, 61], [56, 65], [31, 23], [99, 32], [25, 43], [88, 26], [82, 34], [90, 19], [99, 33], [5, 36], [81, 11], [80, 35], [26, 74], [51, 66], [33, 91], [39, 16], [58, 57], [82, 97], [51, 20], [90, 62], [37, 79], [71, 37], [86, 75], [96, 23], [73, 34], [69, 57], [38, 25], [4, 96], [59, 47], [84, 43], [71, 43], [23, 1], [42, 45], [78, 16], [10, 87], [38, 43], [92, 51], [67, 65], [89, 59], [68, 18], [58, 13], [94, 53], [33, 83], [33, 15], [81, 24], [19, 92], [69, 64], [84, 26], [67, 61], [88, 84], [69, 78], [19, 25], [99, 37], [44, 13], [9, 7], [3, 21], [34, 58], [69, 19], [37, 29], [30, 5], [66, 32], [20, 77], [81, 44], [14, 58], [77, 42], [82, 29], [46, 92], [44, 57], [76, 44], [73, 38], [71, 44], [5, 99], [93, 63], [87, 17], [19, 88], [63, 33], [69, 53], [55, 75], [64, 22], [98, 40], [14, 57], [54, 89], [40, 41], [76, 79], [24, 52], [45, 39], [77, 70], [34, 85], [22, 78], [47, 31], [64, 52], [72, 59], [84, 44], [85, 22], [20, 73], [36, 42], [20, 89], [75, 12], [19, 93], [76, 51], [85, 42], [22, 47], [57, 2], [5, 47], [22, 69], [81, 10], [1, 26], [66, 4], [70, 19], [3, 94], [78, 36], [84, 16], [63, 61], [26, 43], [93, 28], [98, 84], [77, 30], [30, 81], [21, 22], [98, 97], [11, 68], [37, 85], [63, 66], [71, 30], [20, 87], [82, 46], [8, 31], [1, 88], [52, 64], [15, 60], [34, 69], [81, 54], [93, 6], [76, 40], [61, 65], [24, 50], [77, 14], [94, 36], [58, 58], [33, 17], [93, 62], [28, 75], [90, 86], [76, 17], [55, 35], [30, 49], [80, 42], [61, 5], [86, 48], [36, 8], [14, 68], [70, 82], [78, 92], [26, 49], [79, 46], [59, 19], [16, 19], [69, 48], [37, 88], [0, 58], [44, 24], [3, 5], [26, 50], [20, 19], [60, 62], [30, 95], [98, 77], [97, 26], [22, 33], [21, 6], [41, 95], [75, 48], [88, 78], [49, 54], [55, 70], [59, 34], [96, 77], [82, 19], [25, 53], [3, 33], [67, 45], [38, 24], [62, 50], [95, 50], [63, 40], [5, 80], [38, 15], [99, 6], [18, 89], [65, 24], [45, 91], [69, 23], [9, 77], [37, 65], [21, 69], [92, 25], [66, 60], [64, 21], [15, 61], [37, 15], [62, 83], [52, 82], [97, 54], [83, 45], [87, 46], [33, 77], [50, 2], [25, 75], [79, 17], [41, 33], [13, 59], [78, 75], [25, 66], [13, 77], [86, 55], [74, 50], [13, 63], [61, 23], [85, 79], [63, 43], [19, 9], [48, 9], [72, 54], [52, 46], [27, 50], [41, 0], [69, 74], [75, 39], [23, 32], [15, 0], [38, 30], [65, 17], [18, 74], [77, 32], [72, 52], [29, 92], [8, 0], [80, 93], [60, 41], [39, 32], [61, 49], [69, 87], [92, 24], [97, 45], [16, 22], [7, 61], [28, 44], [88, 52], [67, 27], [46, 28], [35, 49], [73, 77], [49, 51], [68, 66], [23, 80], [57, 44], [85, 32], [50, 70], [72, 38], [8, 86], [87, 42], [79, 73], [35, 10], [21, 59], [46, 14], [67, 18], [2, 72], [53, 16], [58, 63], [28, 81], [25, 7], [99, 52], [28, 54], [63, 59], [79, 80], [86, 44], [5, 89], [84, 21], [84, 75], [73, 44], [65, 57], [64, 0], [68, 46], [34, 79], [96, 25], [14, 67], [65, 97], [95, 75], [95, 8], [25, 84], [34, 18], [76, 77], [84, 45], [16, 64], [62, 0], [76, 15], [46, 17], [54, 46], [80, 20], [4, 60], [7, 71], [73, 31], [27, 48], [48, 46], [88, 77], [89, 99], [84, 93], [23, 68], [4, 99], [18, 49], [41, 43], [39, 43], [50, 56], [9, 70], [82, 33], [35, 58], [12, 51], [37, 31], [78, 17], [48, 60], [35, 34], [46, 97], [15, 92], [28, 45], [76, 45], [90, 42], [36, 76], [28, 69], [70, 71], [72, 48], [50, 24], [71, 63], [59, 18], [30, 77], [30, 62], [62, 32], [63, 56], [48, 28], [90, 51], [42, 16], [64, 27], [68, 54], [58, 39], [78, 25], [38, 42], [37, 41], [39, 99], [62, 66], [17, 60], [15, 75], [85, 20], [12, 73], [21, 9], [97, 13], [83, 22], [9, 36], [36, 81], [28, 55], [88, 96], [15, 88], [15, 18], [17, 77], [80, 45], [39, 39], [43, 24], [72, 35], [13, 45], [92, 52], [58, 60], [85, 45], [61, 57], [38, 36], [31, 71], [17, 83], [2, 77], [5, 78], [96, 56], [59, 37], [83, 92], [28, 63], [53, 94], [71, 18], [26, 39], [91, 51], [96, 21], [70, 6], [19, 1], [77, 35], [84, 30], [32, 19], [25, 74], [99, 82], [69, 55], [54, 20], [9, 11], [65, 54], [81, 26], [46, 95], [6, 70], [10, 71], [84, 18], [23, 42], [75, 54], [74, 47], [80, 57], [54, 21], [86, 38], [3, 42], [74, 38], [59, 71], [15, 67], [59, 57], [78, 35], [32, 79], [44, 95], [3, 1], [46, 60], [16, 88], [55, 50], [52, 49], [79, 40], [20, 62], [49, 28], [82, 91], [69, 0], [29, 46], [24, 69], [22, 70], [79, 92], [97, 91], [79, 41], [88, 51], [71, 50], [29, 3], [47, 98], [4, 2], [44, 61], [19, 82], [60, 38], [34, 43], [85, 17], [79, 16], [27, 75], [60, 39], [60, 56], [26, 97], [30, 85], [79, 44], [28, 78], [71, 45], [41, 15], [7, 75], [5, 45], [19, 58], [27, 44], [46, 37], [53, 42], [4, 19], [38, 62], [32, 61], [81, 57], [64, 34], [14, 56], [10, 0], [72, 60], [12, 48], [49, 37], [37, 98], [39, 79], [6, 91], [22, 61], [90, 8], [98, 92], [82, 52], [22, 54], [3, 45], [65, 58], [42, 41], [55, 96], [0, 70], [91, 39], [38, 46], [48, 26], [9, 5], [30, 71], [14, 3], [91, 30], [19, 62], [3, 66], [25, 76], [23, 79], [72, 19], [76, 33], [27, 68], [16, 61], [65, 45], [78, 0], [52, 79], [48, 94], [87, 88], [75, 47], [32, 49], [11, 43], [16, 62], [53, 46], [85, 93], [42, 60], [68, 2], [3, 39], [62, 45], [31, 70], [7, 1], [90, 55], [52, 90], [20, 4], [7, 0], [16, 93], [73, 12], [83, 29], [17, 52], [43, 30], [74, 59], [68, 20], [56, 27], [65, 48], [98, 54], [95, 28], [52, 87], [77, 5], [33, 87], [81, 14], [31, 11], [39, 42], [26, 65], [19, 71], [7, 12], [57, 35], [15, 1], [98, 75], [96, 57], [53, 22], [87, 8], [78, 53], [28, 68], [26, 91], [45, 11], [73, 90], [4, 37], [35, 67], [63, 55], [64, 66], [27, 70], [26, 38], [40, 50], [20, 67], [24, 93], [63, 46], [98, 73], [56, 47], [93, 88], [68, 61], [95, 29], [47, 43], [12, 58], [1, 44], [19, 68], [87, 59], [25, 13], [60, 40], [43, 35], [8, 26], [57, 43], [7, 96], [21, 89], [25, 2], [34, 59], [39, 52], [74, 16], [63, 16], [79, 38], [51, 40], [19, 91], [60, 42], [98, 21], [39, 40], [42, 14], [73, 98], [93, 57], [72, 4], [48, 91], [80, 44], [39, 41], [77, 71], [90, 77], [57, 65], [25, 32], [63, 45], [88, 71], [40, 56], [23, 90], [69, 39], [45, 54], [5, 28], [65, 15], [76, 14], [70, 30], [59, 65], [67, 7], [36, 3], [29, 5], [52, 94], [36, 64], [17, 70], [81, 20], [47, 17], [76, 37], [66, 38], [23, 72], [50, 60], [87, 54], [95, 54], [50, 31], [33, 39], [58, 6], [44, 22], [1, 47], [80, 47], [76, 32], [1, 10], [47, 40], [5, 30], [49, 79], [80, 22], [25, 42], [78, 44], [99, 15], [61, 53], [83, 43], [48, 38], [29, 82], [48, 50], [51, 29], [60, 71], [70, 60], [28, 47], [85, 2], [20, 94], [61, 0], [43, 34], [73, 14], [56, 0], [19, 19], [64, 48], [51, 14], [71, 17], [60, 55], [93, 23], [41, 18], [65, 49], [70, 54], [82, 39], [35, 81], [77, 39], [58, 37], [62, 19], [20, 60], [18, 48], [86, 28], [30, 79], [67, 23], [30, 26], [61, 20], [45, 55], [32, 75], [40, 23], [18, 23], [31, 76], [99, 0], [88, 47], [68, 51], [72, 88], [77, 16], [79, 23], [48, 29], [49, 32], [33, 64], [70, 89], [30, 63], [86, 36], [29, 58], [27, 71], [29, 23], [77, 10], [62, 39], [19, 89], [43, 94], [84, 49], [51, 65], [80, 75], [95, 3], [34, 81], [23, 73], [21, 74], [77, 37], [74, 43], [41, 41], [7, 33], [99, 47], [48, 84], [40, 91], [17, 73], [83, 51], [46, 57], [4, 80], [88, 73], [28, 13], [94, 83], [29, 44], [93, 31], [78, 67], [90, 6], [36, 13], [20, 92], [0, 17], [98, 46], [25, 49], [86, 49], [71, 66], [44, 43], [50, 36], [40, 45], [86, 23], [11, 8], [30, 17], [65, 2], [77, 51], [73, 18], [86, 45], [14, 87], [76, 83], [70, 2], [8, 48], [31, 73], [66, 41], [46, 16], [80, 94], [55, 57], [6, 99], [84, 50], [22, 62], [10, 24], [71, 46], [41, 24], [16, 86], [39, 2], [99, 29], [88, 61], [85, 26], [70, 39], [68, 44], [83, 19], [97, 78], [57, 38], [35, 84], [34, 54], [43, 45], [60, 33], [9, 57], [98, 20], [60, 48], [38, 5], [42, 92], [17, 92], [78, 33], [54, 73], [38, 84], [99, 26], [59, 66], [71, 12], [43, 23], [17, 85], [78, 52], [81, 38], [94, 90], [25, 18], [88, 31], [95, 22], [16, 67], [45, 81], [37, 28], [50, 44], [35, 7], [42, 95], [41, 26], [72, 62], [0, 4], [86, 27], [17, 6], [11, 13], [17, 68], [87, 69], [94, 31], [52, 55], [79, 32], [3, 54], [0, 99], [61, 50], [78, 65], [33, 34], [53, 40], [94, 51], [0, 18], [91, 57], [27, 35], [10, 36], [62, 49], [86, 90], [48, 86], [56, 25], [28, 93], [54, 31], [2, 84], [73, 48], [8, 67], [22, 7], [61, 44], [65, 69], [52, 35], [99, 85], [46, 36], [10, 14], [68, 34], [68, 37], [58, 78], [90, 13], [93, 55], [61, 33], [58, 46], [54, 60], [17, 95], [20, 85], [7, 25], [29, 65], [67, 42], [93, 47], [35, 39], [63, 47], [51, 47], [33, 69], [94, 46], [55, 40], [65, 41], [42, 49], [66, 2], [98, 29], [68, 47], [56, 87], [30, 61], [42, 80], [37, 23], [86, 32], [91, 12], [47, 27], [53, 59], [80, 78], [39, 53], [31, 74], [58, 36], [56, 45], [41, 52], [75, 8], [78, 48], [10, 15], [72, 55], [11, 89], [19, 87], [82, 32], [47, 16], [60, 82], [1, 39], [49, 52], [91, 36], [62, 37], [94, 57], [67, 35], [29, 68], [89, 50], [72, 43], [8, 13], [22, 13], [72, 21], [18, 54], [84, 40], [59, 61], [31, 89], [52, 39], [87, 16], [51, 19], [46, 30], [39, 90], [77, 47], [92, 23], [70, 31], [29, 67], [64, 46], [32, 10], [76, 46], [83, 31], [25, 72], [84, 47], [66, 29], [70, 96], [4, 43], [25, 99], [76, 42], [82, 43], [73, 6], [59, 54], [67, 44], [73, 20], [34, 47], [92, 55], [76, 52], [39, 45], [5, 16], [35, 70], [11, 21], [30, 72], [69, 46], [7, 41], [53, 49], [79, 14], [89, 37], [24, 75], [72, 63], [99, 73], [7, 86], [79, 45], [56, 91], [38, 51], [94, 28], [46, 91], [80, 84], [32, 77], [96, 30], [46, 42], [78, 43], [39, 13], [57, 41], [36, 53], [55, 24], [54, 48], [17, 91], [65, 44], [21, 61], [40, 84], [79, 56], [9, 45], [63, 2], [26, 72], [70, 51], [96, 67], [21, 17], [70, 21], [6, 73], [88, 83], [55, 32], [27, 49], [74, 69], [65, 43], [96, 96], [96, 31], [32, 80], [51, 44], [84, 20], [54, 82], [24, 47], [40, 24], [34, 80], [73, 84], [68, 64], [56, 54], [61, 16], [75, 74], [61, 54], [79, 18], [64, 37], [94, 91], [70, 5], [35, 68], [74, 75], [67, 62], [37, 81], [17, 84], [21, 29], [91, 17], [72, 85], [11, 20], [73, 30], [58, 24], [11, 27], [11, 94], [15, 79], [18, 63], [33, 57], [23, 86], [24, 76], [23, 70], [1, 50], [90, 57], [99, 90], [55, 54], [73, 53], [60, 37], [78, 21], [79, 89], [96, 68], [21, 71], [58, 74], [19, 48], [57, 84], [68, 0], [54, 2], [87, 92], [18, 90], [22, 73], [38, 90], [66, 92], [24, 58], [74, 31], [94, 77], [31, 26], [28, 71], [31, 77], [75, 35], [18, 86], [26, 76], [75, 67], [61, 38], [11, 1], [36, 61], [70, 58], [89, 30], [42, 43], [48, 21], [76, 58], [31, 69], [58, 18], [34, 70], [18, 67], [28, 15], [61, 43], [28, 51], [4, 63], [48, 35], [48, 97], [28, 23], [25, 73], [23, 45], [27, 78], [24, 22], [94, 50], [11, 10], [84, 23], [57, 39], [96, 66], [47, 58], [89, 51], [94, 21], [48, 42], [42, 42], [3, 38], [71, 31], [99, 61], [53, 52], [35, 53], [74, 0], [23, 77], [15, 66], [20, 42], [81, 99], [90, 26], [21, 60], [71, 9], [56, 14], [39, 82], [64, 31], [11, 14], [58, 97], [14, 16], [42, 40], [49, 49], [80, 99], [64, 32], [45, 14], [21, 8], [73, 55], [2, 8], [85, 24], [5, 6], [17, 76], [65, 40], [67, 50], [34, 61], [46, 22], [18, 10], [22, 79], [52, 62], [94, 67], [63, 75], [73, 36], [79, 26], [42, 83], [66, 35], [25, 10], [93, 89], [6, 86], [64, 40], [21, 65], [26, 95], [74, 14], [95, 35], [67, 31], [58, 48], [89, 54], [43, 52], [97, 32], [26, 22], [60, 79], [88, 74], [58, 44], [53, 15], [56, 72], [48, 90], [67, 3], [75, 18], [48, 45], [24, 36], [6, 63], [25, 57], [30, 74], [71, 14], [19, 78], [60, 61], [36, 12], [67, 86], [87, 30], [23, 2], [75, 43], [6, 90], [80, 15], [63, 48], [25, 77], [61, 9], [90, 56], [80, 79], [25, 60], [98, 33], [43, 29], [11, 63], [16, 53], [28, 50], [72, 46], [1, 92], [81, 41], [82, 45], [15, 70], [98, 62], [48, 55], [55, 67], [40, 16], [23, 62], [53, 60], [48, 33], [61, 69], [4, 0], [70, 84], [63, 52], [45, 27], [77, 41], [67, 49], [79, 39], [68, 55], [92, 46], [24, 12], [35, 16], [68, 62], [82, 47], [33, 75], [72, 45], [89, 57], [33, 61], [91, 55], [47, 82], [26, 37], [10, 62], [22, 91], [59, 36], [99, 39], [35, 78], [11, 7], [76, 41], [14, 65], [82, 38], [14, 92], [8, 84], [50, 52], [27, 73], [60, 86], [46, 13], [12, 61], [4, 94], [23, 44], [16, 63], [46, 35], [71, 65], [97, 34], [83, 27], [74, 12], [93, 94], [57, 88], [68, 40], [64, 42], [36, 78], [72, 53], [18, 55], [99, 28], [73, 51], [26, 77], [9, 87], [78, 57], [24, 6], [73, 85], [28, 19], [75, 5], [91, 54], [74, 46], [3, 18], [67, 55], [28, 16], [57, 42], [69, 96], [75, 14], [23, 63], [99, 42], [43, 90], [16, 83], [91, 28], [43, 62], [66, 33], [6, 97], [24, 17], [8, 87], [38, 82], [90, 38], [98, 23], [44, 29], [0, 20], [76, 54], [60, 98], [50, 41], [20, 99], [40, 20], [34, 88], [75, 22], [99, 25], [61, 80], [68, 68], [71, 70], [35, 71], [61, 85], [29, 88], [99, 20], [34, 51], [83, 39], [35, 37], [93, 39], [24, 73], [17, 58], [93, 52], [96, 78], [15, 6], [50, 85], [77, 43], [5, 26], [35, 43], [94, 49], [55, 64], [29, 18], [15, 64], [44, 35], [20, 46], [38, 32], [36, 43], [97, 70], [97, 24], [85, 16], [98, 69], [50, 58], [27, 82], [43, 17], [93, 21], [81, 39], [87, 37], [98, 76], [40, 15], [24, 20], [83, 35], [10, 6], [28, 65], [89, 40], [90, 30], [91, 87], [98, 28], [4, 74], [96, 36], [39, 92], [26, 71], [40, 99], [95, 74], [60, 54], [51, 81], [75, 96], [87, 75], [61, 47], [46, 31], [73, 17], [78, 23], [70, 18], [10, 67], [67, 37], [45, 24], [80, 48], [75, 52], [60, 67], [20, 25], [27, 46], [71, 62], [54, 50], [75, 40], [15, 94], [92, 82], [39, 46], [88, 46], [42, 36], [13, 64], [2, 79], [78, 9], [22, 4], [80, 33], [69, 83], [58, 81], [97, 55], [29, 71], [8, 58], [63, 44], [74, 37], [40, 44], [0, 59], [72, 51], [2, 39], [50, 66], [16, 9], [32, 71], [71, 42], [89, 85], [66, 90], [26, 66], [83, 34], [66, 44], [94, 56], [12, 62], [3, 98], [20, 72], [21, 97], [68, 81], [6, 52], [32, 34], [14, 98], [63, 34], [27, 74], [3, 67], [96, 55], [82, 35], [59, 62], [35, 14], [90, 48], [27, 62], [5, 67], [72, 58], [57, 24], [99, 43], [30, 91], [62, 27], [69, 98], [81, 37], [66, 98], [28, 62], [1, 74], [31, 84], [34, 55], [88, 38], [43, 50], [92, 12], [25, 63], [45, 40], [74, 35], [17, 44], [85, 34], [4, 89], [87, 44], [78, 31], [34, 15], [0, 35], [54, 63], [67, 19], [99, 63], [78, 98], [34, 82], [61, 83], [44, 39], [20, 8], [66, 53], [89, 38], [77, 89], [93, 3], [1, 86], [54, 55], [10, 7], [22, 23], [71, 64], [76, 12], [12, 69], [68, 43], [99, 9], [66, 40], [60, 49], [26, 75], [48, 22], [21, 32], [42, 11], [29, 75], [80, 21], [15, 86], [89, 56], [56, 13], [94, 43], [83, 20], [88, 21], [32, 70], [70, 91], [37, 61], [15, 90], [81, 60], [45, 84], [64, 64], [27, 92], [83, 83], [19, 47], [39, 83], [76, 34], [87, 35], [48, 70], [60, 58], [83, 97], [48, 44], [51, 33], [28, 76], [99, 13], [18, 92], [96, 82], [94, 93], [82, 50], [59, 75], [3, 99], [72, 42], [66, 42], [73, 8], [98, 31], [89, 35], [65, 56], [10, 70], [25, 39], [31, 42], [33, 71], [70, 38], [86, 64], [19, 75], [74, 68], [32, 55], [17, 64], [18, 60], [67, 72], [37, 62], [54, 37], [75, 50], [66, 37], [69, 59], [79, 53], [30, 47], [41, 42], [75, 61], [42, 51], [33, 70], [27, 47], [46, 43], [71, 60], [10, 75], [59, 38], [14, 86], [27, 45], [91, 43], [56, 38], [84, 42], [8, 17], [70, 34], [22, 64], [92, 44], [23, 64], [20, 93], [90, 54], [95, 58], [27, 72], [67, 29], [48, 20], [38, 39], [6, 40], [77, 81], [58, 38], [66, 50], [33, 84], [99, 58], [64, 61], [38, 78], [49, 72], [57, 76], [98, 91], [37, 92], [72, 77], [58, 49], [78, 93], [78, 30], [56, 52], [75, 46], [36, 31], [47, 15], [95, 44], [64, 77], [88, 41], [48, 32], [56, 53], [88, 99], [5, 74], [50, 3], [45, 92], [34, 37], [55, 58], [53, 84], [93, 25], [37, 39], [80, 54], [47, 19], [56, 61], [22, 77], [51, 86], [86, 96], [45, 6], [76, 85], [70, 61], [61, 60], [65, 53], [51, 72], [69, 54], [14, 64], [43, 53], [31, 78], [79, 36], [6, 98], [54, 79], [86, 78], [91, 98], [27, 77], [34, 49], [24, 63], [81, 42], [64, 70], [62, 25], [76, 71], [92, 50], [60, 43], [32, 12], [25, 8], [33, 22], [24, 25], [45, 37], [81, 91], [13, 50], [8, 60], [45, 83], [87, 55], [58, 68], [17, 65], [41, 59], [12, 6], [9, 38], [86, 40], [17, 57], [30, 29], [89, 4], [13, 86], [65, 20], [12, 57], [54, 49], [38, 20], [68, 91], [11, 67], [80, 41], [48, 19], [74, 5], [67, 51], [31, 75], [5, 51], [86, 77], [81, 33], [46, 46], [66, 43], [40, 82], [94, 27], [44, 1], [99, 31], [66, 81], [74, 61], [71, 36], [51, 75], [77, 82], [23, 15], [25, 71], [13, 97], [27, 61], [50, 81], [49, 16], [16, 79], [29, 90], [81, 62], [6, 36], [35, 36], [95, 26], [60, 51], [85, 18], [74, 56], [20, 90], [31, 22], [40, 14], [80, 37], [62, 62], [30, 93], [96, 22], [97, 76], [63, 78], [3, 68], [70, 46], [10, 55], [73, 15], [96, 49], [30, 22], [21, 93], [75, 60], [91, 79], [59, 29], [71, 61], [3, 25], [79, 94], [48, 24], [61, 84], [14, 77], [53, 43], [68, 17], [5, 87], [89, 84], [19, 70], [45, 42], [16, 68], [77, 58], [30, 76], [72, 65], [64, 51], [79, 59], [48, 54], [58, 91], [19, 85], [33, 59], [39, 0], [46, 26], [32, 15], [50, 19], [28, 38], [41, 92], [41, 54], [75, 34], [25, 48], [18, 17], [72, 11], [83, 53], [59, 41], [13, 54], [95, 66], [64, 56], [23, 0], [63, 51], [23, 97], [59, 77], [30, 98], [87, 36], [26, 62], [52, 42], [20, 76], [97, 15], [73, 33], [35, 77], [47, 14], [47, 29], [1, 72], [39, 23], [67, 66], [74, 36], [41, 46], [0, 21], [49, 47], [84, 34], [67, 59], [52, 33], [91, 95], [26, 93], [66, 36], [93, 34], [97, 57], [32, 28], [89, 27], [7, 38], [78, 46], [37, 91], [23, 74], [66, 7], [69, 65], [51, 48], [81, 78], [85, 96], [65, 89], [14, 69], [39, 50], [17, 17], [97, 53], [3, 82], [17, 66], [29, 27], [78, 61], [90, 37], [19, 73], [51, 26], [88, 48], [55, 80], [26, 73], [29, 49], [93, 87], [72, 67], [58, 80], [93, 43], [4, 72], [58, 52], [67, 98], [21, 72], [95, 53], [21, 10], [5, 63], [12, 67], [7, 88], [87, 57], [95, 69], [39, 57], [9, 73], [27, 97], [9, 86], [75, 45], [51, 18], [41, 37], [14, 59], [11, 0], [84, 11], [17, 96], [89, 31], [45, 86], [56, 95], [33, 66], [29, 54], [89, 9], [8, 24], [17, 56], [88, 69], [71, 47], [99, 70], [76, 48], [23, 94], [61, 64], [85, 90], [7, 53], [69, 1], [73, 52], [83, 50], [85, 49], [46, 47], [90, 60], [47, 45], [20, 81], [59, 32], [9, 78], [30, 70], [43, 1], [88, 24], [83, 42], [59, 90], [46, 7], [52, 45], [86, 33], [44, 86], [57, 54], [25, 56], [76, 75], [30, 59], [43, 80], [1, 57], [36, 16], [86, 18], [7, 62], [54, 28], [81, 82], [51, 94], [31, 43], [32, 6], [98, 52], [28, 74], [95, 51], [19, 94], [51, 69], [95, 6], [37, 75], [84, 58], [61, 52], [22, 88], [17, 93], [50, 29], [24, 24], [59, 39], [25, 70], [16, 54], [75, 81], [15, 87], [29, 76], [32, 67], [21, 7], [21, 77], [41, 44], [51, 11], [67, 30], [32, 78], [31, 63], [60, 69], [78, 15], [35, 29], [56, 50], [4, 93], [21, 95], [64, 72], [19, 60], [45, 49], [82, 58], [17, 53], [98, 42], [58, 34], [30, 66], [55, 61], [48, 14], [37, 44], [13, 69], [59, 45], [9, 8], [49, 66], [91, 40], [70, 65], [54, 64], [1, 61], [89, 39], [51, 16], [55, 28], [68, 76], [50, 45], [40, 3], [39, 19], [74, 45], [62, 87], [28, 0], [42, 91], [20, 75], [70, 63], [17, 63], [63, 39], [0, 90], [20, 63], [26, 46], [49, 21], [26, 16], [8, 62], [73, 37], [83, 38], [24, 39], [90, 28], [60, 29], [26, 1], [75, 20], [47, 39], [28, 56], [92, 2], [43, 38], [20, 70], [53, 14], [94, 58], [96, 44], [95, 62], [89, 12], [45, 15], [19, 86], [39, 29], [37, 69], [50, 82], [69, 40], [12, 72], [54, 58], [16, 84], [60, 45], [67, 79], [83, 24], [33, 50], [0, 38], [78, 60], [81, 55], [29, 25], [50, 72], [47, 30], [31, 81], [27, 26], [74, 34], [30, 40], [91, 88], [34, 26], [59, 48], [76, 21], [93, 15], [51, 78], [10, 91], [49, 45], [69, 7], [97, 25], [45, 98], [68, 53], [82, 36], [11, 97], [79, 9], [56, 70], [53, 50], [49, 24], [34, 12], [61, 63], [22, 30], [70, 99], [20, 91], [69, 37], [31, 99], [90, 87], [56, 44], [83, 32], [12, 21], [33, 72], [68, 52], [57, 33], [70, 8], [93, 97], [71, 48], [33, 97], [23, 76], [17, 67], [47, 91], [79, 63], [98, 19], [81, 75], [53, 76], [18, 14], [77, 55], [14, 27], [21, 79], [47, 56], [22, 67], [34, 75], [84, 31], [46, 86], [28, 49], [90, 59], [49, 77], [74, 55], [94, 54], [0, 68], [32, 54], [8, 52], [12, 66], [1, 97], [59, 5], [73, 45], [71, 13], [34, 11], [99, 94], [20, 79], [92, 84], [4, 45], [9, 53], [32, 74], [72, 33], [13, 12], [64, 59], [69, 51], [96, 24], [95, 41], [43, 79], [62, 65], [89, 58], [52, 91], [18, 3], [8, 81], [83, 4], [71, 90], [6, 50], [27, 23], [89, 14], [13, 67], [16, 6], [65, 42], [33, 79], [35, 79], [17, 55], [72, 49], [3, 3], [16, 44], [51, 59], [79, 49], [25, 30], [85, 95], [32, 73], [51, 37], [16, 55], [68, 93], [51, 43], [91, 99], [7, 28], [26, 92], [26, 48], [52, 63], [72, 32], [52, 84], [93, 81], [36, 62], [1, 27], [8, 41], [30, 43], [19, 50], [93, 12], [12, 82], [95, 76], [98, 44], [24, 67], [26, 96], [99, 11], [30, 68], [91, 56], [88, 44], [70, 79], [93, 38], [64, 57], [39, 81], [80, 32], [54, 53], [89, 63], [64, 43], [68, 39], [71, 71], [48, 73], [91, 60], [54, 30], [34, 72], [97, 40], [77, 75], [27, 53], [85, 30], [50, 55], [86, 30], [36, 14], [50, 25], [34, 62], [71, 59], [77, 15], [81, 89], [82, 41], [28, 70], [22, 68], [83, 6], [64, 47], [98, 53], [93, 60], [26, 40], [31, 48], [39, 17], [34, 77], [91, 52], [26, 87], [36, 72], [81, 27], [17, 89], [47, 26], [27, 43], [50, 80], [48, 68], [97, 10], [61, 2], [51, 46], [29, 66], [40, 11], [28, 72], [64, 90], [5, 33], [70, 33], [6, 58], [99, 23], [89, 20], [27, 66], [66, 93], [8, 42], [15, 11], [0, 42], [15, 83], [41, 47], [63, 23], [84, 3], [61, 21], [82, 21], [71, 73], [68, 19], [84, 77], [25, 52], [41, 45], [56, 73], [15, 56], [88, 45], [56, 39], [37, 13], [78, 42], [99, 44], [76, 56], [56, 6], [21, 19], [89, 62], [50, 47], [5, 79], [51, 13], [18, 57], [27, 67], [72, 73], [54, 11], [13, 65], [29, 47], [73, 68], [9, 60], [33, 67], [5, 52], [73, 91], [92, 45], [5, 13], [9, 68], [8, 72], [84, 24], [76, 16], [68, 31], [52, 14], [10, 53], [6, 87], [21, 68], [62, 78], [74, 57], [94, 41], [21, 26], [98, 34], [84, 10], [81, 35], [11, 46], [82, 49], [20, 47], [20, 9], [79, 82], [36, 47], [93, 4], [62, 46], [97, 88], [78, 14], [83, 60], [77, 40], [49, 71], [35, 72], [73, 11], [92, 79], [91, 25], [75, 37], [35, 83], [62, 55], [97, 33], [43, 42], [88, 76], [80, 95], [64, 62], [50, 23], [84, 36], [86, 79], [5, 85], [46, 39], [75, 42], [55, 41], [37, 16], [51, 58], [97, 29], [42, 30], [54, 7], [18, 85], [99, 48], [14, 95], [13, 58], [74, 76], [35, 12], [17, 71], [32, 82], [98, 71], [36, 39], [45, 61], [72, 30], [46, 93], [32, 97], [55, 74], [70, 85], [26, 80], [54, 27], [10, 68], [77, 38], [28, 79], [26, 45], [53, 82], [95, 73], [15, 68], [34, 52], [48, 81], [40, 48], [22, 50], [18, 71], [52, 44], [63, 6], [90, 11], [27, 76], [93, 54], [51, 80], [59, 20], [4, 78], [3, 83], [41, 16], [24, 32], [77, 22], [29, 30], [38, 79], [96, 58], [99, 53], [93, 51], [57, 34], [52, 75], [96, 50], [40, 4], [71, 83], [7, 79], [92, 18], [78, 18], [90, 31], [47, 35], [80, 38], [77, 80], [75, 72], [26, 60], [45, 96], [70, 62], [6, 72], [81, 79], [16, 91], [62, 51], [90, 50], [44, 17], [67, 92], [94, 96], [69, 66], [49, 98], [25, 65], [62, 47], [40, 19], [89, 81], [42, 98], [56, 56], [72, 66], [3, 79], [20, 95], [18, 66], [84, 59], [83, 26], [10, 66], [6, 20], [35, 47], [21, 5], [57, 53], [84, 32], [84, 6], [5, 86], [25, 78], [73, 59], [16, 80], [14, 20], [89, 53], [44, 92], [99, 36], [61, 45], [31, 79], [4, 23], [70, 95], [74, 21], [69, 97], [4, 1], [72, 37], [21, 73], [22, 96], [97, 50], [24, 78], [40, 97], [66, 27], [99, 7], [75, 11], [65, 30], [24, 90], [67, 56], [88, 1], [1, 30], [98, 26], [92, 16], [80, 13], [32, 51], [29, 43], [26, 31], [85, 86], [17, 94], [79, 99], [52, 9], [92, 40], [9, 3], [83, 40], [94, 81], [52, 95], [82, 77], [95, 33], [51, 50], [38, 83], [22, 74], [72, 84], [80, 34], [95, 43], [10, 8], [73, 57], [54, 34], [30, 82], [44, 78], [78, 58], [49, 23], [22, 82], [61, 1], [16, 99], [70, 56], [52, 50], [2, 44], [68, 8], [70, 35], [57, 98], [12, 91], [80, 40], [77, 78], [75, 71], [4, 56], [47, 54], [58, 42], [73, 93], [28, 12], [97, 56], [88, 82], [78, 47], [89, 22], [4, 24], [50, 89], [91, 64], [35, 21], [31, 88], [64, 88], [35, 65], [34, 42], [32, 76], [26, 3], [42, 78], [17, 62], [79, 28], [9, 80], [30, 88], [92, 56], [14, 60], [19, 11], [41, 53], [23, 48], [9, 81], [94, 37], [53, 21], [69, 61], [87, 40], [85, 43], [83, 41], [11, 71], [23, 21], [63, 54], [49, 93], [71, 68], [86, 57], [57, 56], [28, 42], [65, 90], [19, 24], [9, 93], [49, 36], [50, 77]]}