{"meta": {"number_of_robots": 679, "description": {"parameters": {"seed": 1232, "shape": [50, 50], "obstacles": {"n": 5, "mean": 7, "std": 3.5}, "clusters": {"n": 5, "mean": 20, "std": 10.0, "relative_radius": 2, "increase_factor": 1.3, "start_dist": {"generator_name": "Image", "shape": [50, 50], "min": 8.0, "max": 248.0, "mean": 50.4192, "std": 40.22294210223812, "dtype": "uint64", "parameters": {"image": "galaxy_cluster2.png", "transformer": {"name": "ColorChannelSelector", "channel": "v", "inverted": false}}}, "target_dist": {"generator_name": "Image", "shape": [50, 50], "min": 7.0, "max": 247.0, "mean": 204.5808, "std": 40.22294210223812, "dtype": "uint64", "parameters": {"image": "galaxy_cluster2.png", "transformer": {"name": "ColorChannelSelector", "channel": "v", "inverted": true}}}}, "density": 0.3, "start_dist": {"generator_name": "Image", "shape": [50, 50], "min": 8.0, "max": 248.0, "mean": 50.4192, "std": 40.22294210223812, "dtype": "uint64", "parameters": {"image": "galaxy_cluster2.png", "transformer": {"name": "ColorChannelSelector", "channel": "v", "inverted": false}}}, "target_dist": {"generator_name": "Image", "shape": [50, 50], "min": 7.0, "max": 247.0, "mean": 204.5808, "std": 40.22294210223812, "dtype": "uint64", "parameters": {"image": "galaxy_cluster2.png", "transformer": {"name": "ColorChannelSelector", "channel": "v", "inverted": true}}}}, "stats": {"date": "2020-11-17", "free_area": 2261.0, "number_of_clustered_robots": 104, "number_of_robots": 679}}}, "name": "galaxy_cluster2_00004_50x50_30_679", "obstacles": [[9, 11], [9, 12], [9, 13], [9, 14], [9, 15], [9, 16], [9, 17], [9, 18], [9, 19], [10, 11], [10, 19], [11, 11], [11, 19], [12, 11], [12, 19], [13, 11], [13, 19], [14, 11], [14, 19], [15, 11], [15, 20], [15, 21], [15, 22], [15, 23], [16, 11], [16, 12], [16, 13], [16, 14], [16, 15], [16, 16], [16, 17], [16, 18], [16, 19], [16, 20], [16, 21], [16, 22], [16, 23], [20, 2], [20, 3], [20, 4], [21, 2], [21, 4], [22, 2], [22, 4], [23, 2], [23, 4], [24, 2], [24, 4], [25, 2], [25, 4], [25, 12], [25, 13], [25, 14], [25, 15], [25, 16], [25, 17], [25, 18], [25, 19], [25, 20], [25, 21], [26, 2], [26, 4], [26, 12], [26, 21], [27, 2], [27, 4], [27, 12], [27, 21], [28, 2], [28, 4], [28, 12], [28, 21], [29, 2], [29, 4], [29, 12], [29, 21], [30, 2], [30, 3], [30, 4], [30, 12], [30, 13], [30, 14], [30, 15], [30, 16], [30, 17], [30, 18], [30, 19], [30, 20], [30, 21], [36, 32], [36, 33], [36, 34], [36, 35], [36, 36], [36, 37], [37, 32], [37, 37], [38, 32], [38, 37], [39, 32], [39, 37], [40, 32], [40, 37], [41, 32], [41, 37], [42, 32], [42, 37], [43, 32], [43, 37], [44, 32], [44, 37], [45, 32], [45, 37], [46, 32], [46, 33], [46, 34], [46, 35], [46, 36], [46, 37]], "starts": [[25, 45], [3, 1], [18, 28], [22, 30], [45, 26], [23, 39], [17, 30], [24, 41], [23, 32], [6, 28], [46, 30], [31, 40], [34, 36], [6, 24], [32, 42], [29, 31], [2, 7], [11, 25], [41, 26], [23, 29], [28, 46], [11, 32], [24, 39], [23, 37], [9, 29], [47, 29], [26, 40], [28, 41], [12, 30], [32, 36], [6, 3], [15, 32], [47, 27], [27, 39], [26, 41], [10, 30], [34, 37], [27, 46], [32, 41], [13, 25], [46, 27], [27, 42], [23, 38], [18, 30], [22, 36], [31, 37], [7, 5], [7, 24], [41, 29], [29, 30], [24, 45], [13, 24], [27, 31], [30, 40], [17, 28], [42, 27], [26, 36], [9, 26], [27, 43], [28, 32], [6, 1], [11, 29], [47, 25], [30, 39], [29, 40], [7, 20], [25, 37], [23, 40], [10, 25], [48, 26], [24, 32], [27, 45], [33, 34], [14, 25], [24, 38], [23, 30], [1, 3], [9, 30], [45, 31], [25, 32], [32, 43], [6, 23], [24, 30], [10, 26], [43, 26], [32, 37], [33, 37], [11, 27], [25, 43], [24, 33], [6, 6], [16, 31], [44, 29], [22, 34], [28, 43], [9, 32], [26, 30], [26, 43], [6, 26], [45, 30], [25, 29], [27, 37], [11, 28], [30, 34], [43, 40], [22, 25], [44, 12], [34, 17], [10, 47], [33, 0], [11, 35], [45, 14], [20, 29], [14, 38], [35, 20], [34, 11], [19, 9], [16, 2], [2, 27], [32, 32], [33, 14], [8, 22], [22, 42], [46, 43], [37, 41], [41, 10], [35, 41], [1, 35], [36, 28], [38, 9], [37, 3], [32, 34], [45, 25], [9, 36], [4, 38], [46, 31], [11, 34], [33, 38], [19, 29], [20, 34], [30, 42], [8, 21], [35, 44], [27, 49], [33, 21], [17, 42], [23, 0], [12, 29], [36, 16], [9, 28], [22, 0], [12, 36], [35, 16], [10, 23], [26, 34], [43, 11], [49, 27], [3, 11], [46, 13], [4, 24], [35, 22], [2, 48], [31, 41], [29, 8], [4, 29], [7, 19], [20, 44], [5, 12], [36, 40], [8, 13], [7, 46], [29, 25], [1, 11], [26, 31], [15, 35], [28, 35], [44, 31], [6, 18], [1, 21], [31, 12], [16, 44], [31, 11], [12, 38], [3, 26], [19, 33], [33, 11], [32, 40], [31, 13], [10, 35], [47, 45], [44, 38], [12, 31], [13, 41], [17, 34], [5, 7], [12, 43], [19, 24], [13, 39], [31, 28], [24, 7], [1, 7], [36, 10], [9, 35], [32, 2], [10, 1], [19, 6], [20, 32], [40, 29], [49, 38], [26, 33], [47, 31], [48, 10], [21, 42], [33, 39], [30, 38], [15, 5], [12, 26], [4, 26], [23, 18], [45, 20], [10, 33], [12, 35], [39, 27], [35, 34], [4, 20], [5, 22], [45, 21], [18, 34], [11, 39], [24, 15], [38, 8], [11, 36], [25, 30], [31, 14], [41, 39], [37, 40], [30, 5], [1, 31], [45, 3], [9, 27], [14, 0], [34, 7], [29, 23], [5, 32], [10, 28], [11, 42], [20, 7], [17, 17], [10, 34], [43, 0], [15, 29], [2, 8], [48, 5], [5, 25], [38, 24], [25, 40], [21, 1], [27, 44], [34, 15], [5, 39], [35, 8], [41, 24], [7, 41], [5, 9], [49, 0], [27, 23], [19, 31], [47, 46], [35, 9], [7, 14], [33, 10], [9, 34], [47, 43], [23, 6], [22, 27], [36, 9], [35, 46], [29, 26], [21, 45], [23, 21], [1, 36], [22, 32], [4, 25], [41, 25], [5, 30], [48, 20], [21, 30], [27, 11], [13, 31], [6, 34], [28, 44], [43, 41], [9, 23], [6, 33], [32, 9], [48, 36], [48, 23], [29, 11], [16, 7], [10, 32], [18, 44], [41, 16], [37, 10], [5, 43], [22, 13], [48, 15], [22, 5], [40, 11], [26, 24], [31, 24], [28, 38], [4, 13], [36, 15], [23, 34], [20, 5], [0, 5], [32, 39], [17, 29], [38, 40], [27, 30], [12, 25], [39, 14], [6, 30], [29, 33], [11, 31], [32, 17], [37, 46], [10, 36], [47, 41], [28, 27], [47, 11], [9, 40], [23, 16], [4, 23], [36, 30], [17, 31], [30, 28], [6, 39], [40, 6], [39, 40], [38, 22], [3, 20], [9, 37], [35, 13], [39, 44], [17, 18], [4, 4], [35, 49], [24, 46], [30, 23], [38, 14], [14, 2], [31, 48], [24, 35], [25, 38], [36, 1], [42, 16], [3, 33], [14, 48], [46, 15], [11, 47], [5, 28], [42, 13], [48, 17], [33, 27], [33, 15], [3, 19], [4, 21], [35, 45], [5, 21], [40, 38], [44, 11], [10, 31], [16, 43], [41, 40], [43, 12], [7, 25], [41, 41], [28, 34], [31, 29], [37, 11], [9, 21], [26, 32], [23, 27], [49, 20], [8, 20], [31, 10], [17, 25], [18, 4], [10, 37], [6, 13], [22, 41], [7, 43], [34, 39], [11, 41], [25, 28], [28, 30], [8, 39], [27, 7], [39, 15], [43, 39], [16, 34], [28, 49], [38, 29], [3, 0], [34, 9], [29, 48], [15, 9], [32, 6], [20, 13], [40, 41], [8, 49], [27, 28], [9, 46], [11, 33], [18, 43], [12, 21], [13, 36], [25, 27], [42, 18], [19, 34], [22, 33], [16, 36], [15, 30], [20, 21], [15, 26], [46, 22], [18, 26], [22, 48], [18, 27], [25, 33], [19, 1], [35, 25], [5, 16], [24, 22], [49, 22], [18, 47], [10, 45], [11, 30], [30, 7], [34, 28], [3, 21], [7, 31], [16, 32], [1, 29], [40, 26], [17, 37], [43, 15], [49, 13], [42, 2], [12, 28], [1, 34], [45, 12], [10, 43], [46, 20], [21, 19], [13, 40], [38, 42], [19, 30], [17, 32], [12, 5], [38, 21], [26, 39], [48, 35], [38, 43], [13, 27], [26, 46], [40, 44], [9, 20], [43, 30], [37, 27], [13, 34], [48, 44], [16, 39], [41, 43], [18, 41], [8, 11], [30, 24], [34, 8], [14, 40], [2, 44], [12, 22], [24, 40], [30, 26], [22, 6], [7, 33], [19, 37], [36, 13], [8, 32], [27, 8], [30, 36], [3, 17], [10, 9], [36, 12], [36, 22], [45, 46], [34, 13], [37, 14], [20, 14], [10, 24], [35, 30], [4, 10], [6, 31], [38, 48], [7, 36], [11, 49], [11, 44], [21, 14], [33, 1], [27, 41], [5, 23], [44, 17], [28, 48], [33, 13], [31, 44], [49, 35], [3, 23], [16, 28], [46, 12], [28, 26], [21, 32], [38, 27], [14, 37], [43, 29], [34, 10], [35, 37], [48, 49], [15, 3], [29, 34], [21, 39], [3, 44], [37, 38], [47, 1], [4, 48], [0, 40], [6, 15], [43, 21], [11, 21], [26, 1], [25, 41], [0, 36], [45, 13], [30, 32], [31, 4], [14, 41], [17, 43], [32, 7], [41, 28], [34, 44], [14, 27], [34, 43], [3, 24], [40, 23], [37, 13], [45, 15], [5, 46], [1, 25], [8, 37], [18, 13], [21, 13], [29, 10], [25, 44], [36, 42], [18, 2], [38, 39], [39, 17], [4, 7], [39, 24], [1, 43], [24, 12], [22, 15], [38, 49], [28, 42], [8, 41], [34, 38], [13, 22], [21, 34], [49, 34], [23, 46], [33, 16], [4, 33], [41, 2], [3, 40], [21, 29], [5, 13], [37, 5], [21, 17], [42, 19], [24, 23], [33, 26], [5, 41], [17, 33], [47, 3], [2, 22], [24, 0], [2, 37], [2, 46], [4, 14], [43, 48], [39, 26], [29, 27], [18, 37], [23, 31], [28, 37], [48, 9], [35, 1], [31, 15], [41, 12], [23, 22], [16, 10], [14, 32], [15, 49], [27, 29], [3, 5], [19, 35], [23, 1], [32, 1], [10, 5], [0, 34], [11, 38], [22, 20], [18, 35], [49, 39], [1, 15], [7, 38], [26, 10], [49, 11], [13, 23], [33, 12], [14, 30], [28, 9], [4, 28], [9, 31], [23, 33], [48, 31], [16, 42], [10, 38], [32, 3], [24, 19], [18, 19], [49, 44], [45, 43], [2, 5], [36, 41], [36, 47], [7, 32], [21, 35], [17, 8], [26, 42], [38, 41], [48, 40], [27, 32], [30, 8], [49, 36], [17, 7], [32, 20], [23, 5], [13, 38], [15, 28], [36, 14], [8, 28], [31, 31], [49, 21], [8, 33], [9, 33], [28, 29], [2, 21], [44, 6], [37, 42], [8, 29], [36, 4], [7, 12], [43, 28], [23, 19], [19, 22], [33, 36], [0, 31], [20, 36], [30, 35]], "targets": [[39, 49], [39, 17], [17, 46], [1, 47], [45, 8], [0, 49], [19, 44], [39, 44], [4, 48], [11, 46], [48, 7], [38, 47], [0, 44], [21, 43], [38, 46], [10, 45], [40, 16], [18, 49], [47, 9], [9, 43], [42, 47], [20, 48], [4, 43], [43, 47], [11, 43], [48, 13], [8, 45], [43, 45], [19, 48], [3, 47], [40, 17], [12, 49], [46, 8], [2, 46], [42, 48], [13, 49], [6, 44], [39, 48], [4, 47], [20, 47], [48, 8], [43, 44], [6, 49], [16, 44], [35, 45], [5, 47], [35, 12], [15, 49], [49, 10], [7, 48], [38, 48], [16, 43], [2, 43], [36, 46], [12, 45], [46, 12], [6, 45], [16, 49], [35, 48], [10, 44], [36, 12], [18, 44], [44, 15], [7, 46], [43, 49], [13, 44], [0, 43], [37, 46], [13, 45], [45, 11], [4, 46], [34, 47], [0, 47], [23, 47], [43, 46], [8, 44], [34, 14], [17, 47], [48, 12], [9, 44], [40, 49], [14, 47], [6, 47], [20, 45], [46, 15], [36, 47], [5, 44], [15, 48], [37, 49], [2, 48], [37, 15], [19, 46], [45, 13], [1, 49], [40, 47], [17, 45], [10, 43], [33, 48], [12, 43], [44, 14], [8, 46], [42, 49], [11, 49], [3, 45], [40, 43], [15, 3], [3, 1], [37, 21], [28, 48], [15, 44], [12, 6], [45, 0], [0, 15], [2, 26], [2, 39], [38, 12], [19, 4], [49, 2], [43, 28], [44, 4], [22, 24], [38, 2], [25, 7], [32, 34], [43, 26], [42, 39], [41, 31], [10, 40], [18, 23], [13, 22], [47, 11], [48, 21], [19, 42], [46, 11], [19, 36], [26, 6], [8, 6], [36, 9], [46, 6], [26, 27], [32, 22], [32, 0], [45, 18], [38, 38], [36, 1], [16, 39], [0, 33], [22, 37], [13, 23], [39, 9], [47, 27], [21, 41], [33, 22], [18, 5], [46, 22], [36, 21], [42, 17], [40, 21], [39, 38], [31, 19], [8, 1], [26, 34], [4, 12], [45, 19], [49, 18], [27, 34], [36, 30], [2, 16], [10, 42], [35, 10], [2, 4], [38, 43], [41, 4], [25, 27], [13, 0], [45, 22], [1, 35], [14, 45], [16, 1], [39, 6], [23, 46], [19, 8], [33, 28], [19, 30], [33, 31], [16, 47], [29, 34], [49, 28], [31, 0], [17, 22], [18, 27], [48, 6], [36, 44], [22, 17], [32, 1], [1, 27], [19, 9], [19, 21], [16, 25], [19, 24], [27, 37], [37, 20], [39, 1], [47, 13], [44, 49], [46, 19], [35, 37], [45, 9], [49, 26], [47, 5], [26, 24], [0, 45], [4, 39], [36, 24], [19, 16], [16, 29], [2, 1], [13, 48], [49, 9], [7, 17], [0, 8], [12, 0], [34, 38], [49, 45], [11, 44], [4, 13], [45, 3], [29, 46], [39, 0], [39, 12], [43, 25], [23, 35], [38, 28], [36, 48], [0, 27], [4, 32], [48, 3], [9, 21], [27, 23], [19, 49], [5, 6], [44, 21], [5, 41], [29, 32], [48, 27], [30, 11], [26, 23], [32, 13], [22, 23], [5, 27], [17, 43], [39, 3], [6, 11], [16, 46], [27, 22], [0, 14], [9, 33], [35, 43], [0, 46], [29, 30], [39, 16], [25, 36], [34, 1], [26, 0], [38, 5], [48, 47], [47, 42], [8, 47], [9, 23], [17, 30], [31, 17], [24, 15], [27, 49], [45, 21], [8, 25], [3, 2], [27, 7], [6, 4], [41, 3], [21, 44], [35, 14], [25, 10], [42, 9], [16, 7], [20, 12], [17, 21], [8, 28], [35, 0], [6, 21], [47, 10], [14, 32], [3, 40], [25, 48], [25, 6], [8, 0], [20, 42], [49, 33], [36, 45], [38, 0], [33, 34], [18, 15], [41, 0], [37, 25], [19, 43], [44, 2], [47, 24], [26, 41], [6, 23], [49, 30], [18, 20], [4, 41], [38, 3], [23, 42], [49, 19], [27, 30], [14, 35], [43, 41], [49, 16], [2, 29], [32, 45], [23, 30], [20, 10], [19, 25], [27, 26], [31, 16], [11, 38], [49, 22], [46, 23], [30, 7], [14, 5], [28, 29], [29, 45], [4, 4], [22, 28], [27, 8], [15, 41], [22, 20], [1, 44], [34, 3], [2, 13], [15, 46], [33, 27], [48, 36], [30, 5], [18, 33], [8, 2], [8, 27], [31, 20], [33, 4], [20, 7], [0, 32], [21, 32], [22, 46], [21, 12], [10, 8], [23, 28], [42, 41], [40, 3], [0, 12], [18, 22], [22, 10], [42, 21], [48, 24], [38, 16], [47, 34], [35, 26], [5, 15], [45, 30], [32, 10], [24, 34], [22, 32], [16, 41], [8, 19], [24, 39], [12, 5], [23, 36], [45, 1], [19, 13], [5, 25], [47, 23], [40, 22], [0, 0], [37, 10], [48, 46], [37, 5], [33, 11], [36, 25], [31, 2], [0, 26], [26, 45], [33, 1], [32, 7], [21, 45], [31, 47], [0, 13], [11, 1], [13, 3], [38, 45], [14, 31], [3, 35], [20, 39], [15, 43], [23, 9], [10, 24], [5, 2], [45, 25], [1, 20], [16, 38], [15, 27], [32, 25], [47, 39], [2, 49], [4, 37], [6, 39], [24, 43], [45, 48], [44, 11], [35, 4], [17, 10], [46, 38], [34, 48], [42, 27], [45, 46], [46, 39], [29, 36], [3, 26], [10, 1], [45, 23], [29, 35], [18, 28], [42, 23], [17, 34], [32, 49], [14, 39], [26, 32], [35, 5], [3, 34], [47, 20], [23, 25], [33, 6], [17, 14], [0, 9], [19, 20], [21, 17], [39, 22], [16, 5], [13, 38], [12, 3], [3, 23], [24, 14], [17, 7], [14, 42], [40, 11], [18, 38], [22, 14], [0, 29], [4, 2], [29, 26], [8, 16], [24, 47], [30, 29], [5, 7], [44, 22], [46, 30], [21, 37], [34, 18], [6, 43], [15, 39], [13, 1], [23, 38], [7, 42], [47, 14], [36, 28], [19, 18], [41, 18], [27, 39], [25, 37], [6, 36], [48, 35], [43, 38], [27, 38], [19, 6], [4, 17], [5, 46], [38, 44], [3, 46], [20, 30], [9, 31], [33, 8], [48, 30], [10, 32], [3, 14], [4, 1], [29, 22], [21, 8], [11, 40], [22, 47], [43, 8], [12, 39], [8, 29], [3, 30], [17, 48], [1, 45], [20, 34], [37, 28], [3, 32], [25, 35], [45, 43], [12, 47], [18, 24], [24, 41], [41, 41], [8, 11], [36, 2], [38, 22], [9, 35], [6, 1], [33, 7], [30, 1], [40, 12], [26, 47], [41, 38], [41, 7], [20, 43], [9, 38], [23, 0], [29, 33], [49, 47], [22, 36], [44, 48], [14, 23], [47, 43], [15, 45], [0, 48], [8, 43], [37, 18], [34, 12], [13, 24], [49, 41], [18, 12], [47, 31], [44, 40], [24, 9], [39, 27], [11, 2], [47, 47], [33, 2], [25, 43], [37, 19], [10, 20], [7, 9], [29, 37], [22, 6], [34, 35], [19, 7], [20, 14], [5, 49], [18, 43], [2, 38], [28, 9], [4, 27], [47, 25], [28, 8], [38, 29], [8, 24], [41, 17], [13, 21], [4, 8], [41, 48], [30, 49], [19, 19], [49, 20], [3, 19], [45, 14], [45, 24], [41, 13], [8, 26], [26, 5], [10, 9], [24, 20], [34, 26], [11, 22], [24, 33], [42, 10], [36, 3], [49, 1], [30, 27], [35, 24], [36, 29], [26, 35], [14, 43], [23, 41], [31, 40], [4, 7], [5, 13], [5, 37], [26, 49], [8, 22], [17, 15], [23, 22], [24, 19], [2, 27], [1, 2], [29, 23], [36, 10], [27, 0], [18, 40], [7, 6], [12, 36], [20, 40], [49, 32], [31, 4], [32, 28], [20, 26], [3, 8], [18, 35], [22, 18], [48, 2], [31, 43], [17, 40], [20, 31], [31, 6], [16, 48], [17, 39], [9, 7], [32, 38], [20, 16], [4, 29], [43, 39], [26, 38], [25, 49], [0, 7], [43, 24], [45, 28], [38, 42], [47, 22], [3, 29], [16, 35], [33, 40], [20, 46], [42, 31], [4, 5], [29, 38], [31, 12], [6, 7], [13, 34], [21, 1], [4, 33], [30, 25], [44, 20], [21, 23], [37, 31], [23, 17], [10, 21], [41, 6], [48, 9], [9, 1], [37, 26], [2, 47], [5, 23], [38, 25], [43, 23], [26, 39], [39, 30], [32, 47], [32, 18], [6, 30], [1, 5], [45, 12], [43, 5], [31, 39], [45, 26], [41, 8], [6, 38], [13, 4], [49, 23], [7, 0], [21, 5], [33, 10]]}