{"meta": {"number_of_robots": 825, "description": {"parameters": {"seed": 9353, "shape": [50, 50], "obstacles": {"n": 10, "mean": 10, "std": 5.0}, "clusters": {"n": 5, "mean": 20, "std": 10.0, "relative_radius": 2, "increase_factor": 1.3, "start_dist": {"generator_name": "Image", "shape": [50, 50], "min": 9.0, "max": 240.0, "mean": 97.0476, "std": 41.91178991930552, "dtype": "uint64", "parameters": {"image": "london_night.png", "transformer": {"name": "ColorChannelSelector", "channel": "v", "inverted": false}}}, "target_dist": {"generator_name": "Image", "shape": [50, 50], "min": 9.0, "max": 240.0, "mean": 97.0476, "std": 41.91178991930552, "dtype": "uint64", "parameters": {"image": "london_night.png", "transformer": {"name": "ColorChannelSelector", "channel": "v", "inverted": false}}}}, "density": 0.5, "start_dist": {"generator_name": "Image", "shape": [50, 50], "min": 9.0, "max": 240.0, "mean": 97.0476, "std": 41.91178991930552, "dtype": "uint64", "parameters": {"image": "london_night.png", "transformer": {"name": "ColorChannelSelector", "channel": "v", "inverted": false}}}, "target_dist": {"generator_name": "Image", "shape": [50, 50], "min": 9.0, "max": 240.0, "mean": 97.0476, "std": 41.91178991930552, "dtype": "uint64", "parameters": {"image": "london_night.png", "transformer": {"name": "ColorChannelSelector", "channel": "v", "inverted": false}}}}, "stats": {"date": "2020-11-17", "free_area": 1649.0, "number_of_clustered_robots": 137, "number_of_robots": 825}}}, "name": "london_night_00002_50x50_50_825", "obstacles": [[2, 35], [2, 36], [2, 37], [2, 38], [2, 39], [2, 40], [2, 41], [3, 35], [3, 41], [4, 0], [4, 1], [4, 2], [4, 3], [4, 4], [4, 5], [4, 6], [4, 7], [4, 8], [4, 9], [4, 10], [4, 35], [4, 41], [5, 0], [5, 10], [5, 35], [5, 41], [6, 0], [6, 10], [6, 35], [6, 41], [7, 0], [7, 10], [7, 35], [7, 41], [8, 0], [8, 10], [8, 35], [8, 41], [9, 0], [9, 10], [9, 35], [9, 41], [10, 0], [10, 10], [10, 35], [10, 41], [11, 0], [11, 10], [11, 35], [11, 41], [12, 0], [12, 10], [12, 35], [12, 41], [13, 0], [13, 10], [13, 35], [13, 41], [14, 0], [14, 10], [14, 18], [14, 19], [14, 20], [14, 21], [14, 22], [14, 23], [14, 24], [14, 25], [14, 35], [14, 41], [15, 0], [15, 10], [15, 18], [15, 25], [15, 33], [15, 34], [15, 40], [16, 0], [16, 11], [16, 12], [16, 13], [16, 14], [16, 15], [16, 16], [16, 18], [16, 25], [16, 33], [16, 40], [17, 0], [17, 16], [17, 18], [17, 25], [17, 33], [17, 40], [18, 0], [18, 1], [18, 2], [18, 3], [18, 16], [18, 18], [18, 25], [18, 33], [18, 40], [19, 4], [19, 16], [19, 18], [19, 25], [19, 33], [19, 40], [20, 4], [20, 16], [20, 18], [20, 25], [20, 33], [20, 40], [21, 4], [21, 17], [21, 26], [21, 27], [21, 28], [21, 29], [21, 30], [21, 31], [21, 33], [21, 40], [22, 4], [22, 16], [22, 18], [22, 25], [22, 33], [22, 40], [23, 4], [23, 16], [23, 18], [23, 25], [23, 33], [23, 40], [24, 4], [24, 16], [24, 18], [24, 25], [24, 33], [24, 40], [25, 4], [25, 16], [25, 18], [25, 19], [25, 20], [25, 21], [25, 26], [25, 27], [25, 33], [25, 40], [26, 4], [26, 5], [26, 6], [26, 7], [26, 8], [26, 9], [26, 10], [26, 11], [26, 12], [26, 13], [26, 14], [26, 15], [26, 16], [26, 22], [26, 27], [26, 33], [26, 34], [26, 35], [26, 36], [26, 37], [26, 38], [26, 39], [26, 40], [27, 22], [27, 27], [28, 22], [28, 27], [29, 22], [29, 27], [30, 22], [30, 27], [31, 22], [31, 27], [32, 22], [32, 23], [32, 24], [32, 25], [32, 26], [32, 27], [34, 0], [34, 1], [34, 2], [34, 3], [34, 4], [34, 5], [34, 6], [34, 7], [34, 8], [34, 9], [34, 10], [34, 16], [34, 17], [34, 18], [34, 19], [34, 20], [34, 21], [35, 0], [35, 10], [35, 16], [35, 21], [36, 0], [36, 10], [36, 16], [36, 21], [37, 0], [37, 10], [37, 16], [37, 21], [38, 0], [38, 10], [38, 16], [38, 21], [39, 0], [39, 10], [39, 16], [39, 21], [40, 0], [40, 10], [40, 16], [40, 21], [41, 0], [41, 10], [41, 16], [41, 21], [42, 0], [42, 1], [42, 2], [42, 3], [42, 4], [42, 5], [42, 6], [42, 7], [42, 8], [42, 9], [42, 10], [42, 16], [42, 21], [43, 16], [43, 21], [44, 16], [44, 22], [44, 23], [44, 24], [44, 25], [44, 26], [44, 27], [44, 28], [44, 29], [44, 30], [44, 31], [44, 32], [44, 33], [44, 34], [45, 16], [45, 34], [46, 16], [46, 17], [46, 18], [46, 19], [46, 20], [46, 34], [47, 21], [47, 22], [47, 23], [47, 24], [47, 25], [47, 26], [47, 27], [47, 28], [47, 29], [47, 30], [47, 31], [47, 32], [47, 33], [47, 34]], "starts": [[1, 33], [12, 32], [1, 3], [33, 32], [3, 6], [17, 28], [29, 30], [0, 33], [1, 10], [13, 26], [28, 31], [11, 29], [31, 39], [7, 31], [2, 1], [12, 34], [32, 32], [15, 28], [6, 28], [3, 5], [3, 8], [33, 27], [12, 26], [23, 28], [15, 31], [5, 26], [2, 9], [7, 30], [30, 34], [4, 33], [6, 33], [28, 30], [3, 10], [4, 28], [31, 36], [0, 32], [4, 32], [2, 2], [0, 3], [27, 31], [4, 31], [32, 31], [6, 31], [10, 26], [3, 4], [34, 38], [14, 29], [5, 33], [3, 31], [25, 32], [8, 11], [8, 26], [29, 39], [1, 31], [1, 4], [7, 33], [3, 7], [23, 27], [9, 29], [2, 31], [22, 31], [9, 27], [1, 2], [29, 35], [9, 31], [1, 27], [32, 30], [17, 29], [2, 3], [8, 34], [12, 29], [0, 1], [22, 30], [3, 11], [10, 28], [33, 25], [8, 27], [14, 27], [31, 32], [2, 10], [6, 30], [24, 26], [6, 27], [5, 32], [20, 28], [0, 8], [10, 27], [8, 30], [0, 6], [34, 34], [4, 34], [2, 5], [32, 37], [16, 29], [8, 32], [9, 32], [27, 33], [3, 9], [8, 33], [5, 31], [33, 31], [13, 33], [27, 28], [1, 8], [0, 34], [14, 28], [2, 4], [20, 31], [11, 26], [1, 1], [29, 28], [5, 34], [6, 26], [29, 36], [16, 30], [1, 11], [1, 32], [12, 28], [22, 26], [3, 27], [30, 38], [3, 2], [2, 30], [3, 0], [13, 32], [22, 27], [4, 29], [3, 1], [7, 27], [31, 31], [16, 32], [28, 37], [12, 27], [2, 8], [6, 32], [32, 29], [3, 32], [19, 0], [9, 24], [32, 35], [38, 48], [23, 26], [5, 45], [17, 26], [38, 26], [29, 0], [7, 45], [14, 43], [27, 17], [33, 15], [34, 49], [39, 35], [8, 47], [26, 31], [43, 44], [15, 16], [14, 30], [38, 47], [2, 20], [29, 13], [9, 21], [13, 15], [45, 46], [24, 31], [27, 43], [26, 18], [33, 11], [27, 3], [29, 29], [22, 32], [31, 44], [8, 14], [13, 17], [7, 44], [39, 28], [46, 14], [16, 26], [4, 12], [17, 17], [6, 48], [19, 32], [4, 22], [11, 16], [3, 12], [27, 9], [32, 12], [37, 34], [49, 3], [33, 41], [39, 43], [13, 23], [30, 33], [24, 17], [12, 44], [10, 13], [19, 42], [28, 5], [44, 35], [48, 26], [30, 20], [44, 43], [34, 26], [10, 12], [18, 27], [40, 44], [27, 34], [42, 36], [7, 49], [34, 15], [31, 5], [26, 42], [17, 46], [27, 45], [38, 30], [8, 31], [43, 32], [8, 29], [15, 46], [12, 19], [4, 13], [27, 44], [2, 11], [37, 43], [11, 22], [36, 42], [4, 15], [11, 13], [35, 39], [18, 47], [30, 30], [32, 5], [12, 25], [0, 10], [0, 36], [19, 26], [10, 49], [0, 42], [0, 13], [4, 44], [14, 15], [0, 16], [46, 3], [32, 9], [19, 2], [40, 31], [45, 6], [8, 49], [42, 34], [27, 18], [31, 47], [39, 34], [11, 30], [11, 21], [17, 41], [41, 33], [31, 35], [0, 24], [1, 34], [32, 13], [0, 43], [40, 23], [30, 14], [22, 3], [28, 20], [36, 39], [47, 39], [7, 21], [9, 20], [34, 27], [48, 11], [35, 47], [14, 45], [16, 48], [25, 46], [20, 43], [6, 16], [5, 30], [32, 2], [47, 7], [20, 29], [8, 25], [28, 19], [25, 2], [22, 44], [48, 2], [45, 38], [25, 17], [4, 42], [20, 42], [25, 1], [1, 29], [36, 15], [32, 40], [14, 42], [2, 33], [37, 41], [35, 36], [40, 41], [1, 44], [33, 47], [19, 1], [30, 28], [10, 22], [20, 27], [26, 48], [22, 28], [42, 23], [14, 31], [45, 49], [48, 10], [48, 39], [10, 47], [35, 12], [46, 44], [5, 28], [12, 42], [13, 19], [30, 39], [49, 41], [42, 46], [33, 13], [47, 17], [2, 0], [9, 47], [47, 40], [27, 13], [33, 33], [49, 37], [13, 46], [32, 46], [31, 9], [28, 13], [15, 26], [2, 27], [1, 38], [5, 12], [47, 10], [44, 48], [12, 16], [46, 5], [9, 18], [46, 8], [28, 12], [32, 14], [43, 39], [48, 48], [4, 27], [39, 14], [33, 20], [48, 21], [29, 37], [20, 3], [23, 30], [37, 24], [0, 45], [32, 36], [49, 5], [8, 48], [7, 17], [23, 49], [19, 41], [23, 3], [45, 15], [22, 49], [23, 46], [28, 17], [12, 23], [30, 18], [27, 19], [24, 44], [28, 15], [36, 11], [38, 49], [27, 2], [29, 48], [36, 12], [39, 23], [31, 17], [15, 13], [9, 25], [30, 29], [47, 14], [33, 48], [2, 15], [31, 43], [21, 48], [46, 48], [3, 28], [36, 28], [37, 33], [1, 24], [18, 17], [7, 48], [42, 40], [2, 45], [22, 0], [9, 42], [18, 42], [25, 29], [20, 30], [47, 5], [20, 45], [27, 12], [24, 46], [24, 49], [29, 19], [27, 6], [24, 1], [37, 25], [11, 25], [2, 24], [37, 26], [44, 49], [29, 4], [32, 38], [42, 14], [41, 42], [39, 13], [35, 27], [21, 49], [30, 32], [0, 26], [36, 49], [27, 8], [8, 12], [40, 40], [14, 13], [46, 6], [46, 42], [39, 30], [44, 2], [34, 29], [3, 23], [33, 23], [19, 28], [25, 42], [27, 49], [49, 48], [26, 1], [0, 31], [4, 45], [2, 12], [37, 48], [13, 14], [42, 26], [26, 0], [14, 34], [35, 23], [0, 17], [18, 41], [36, 40], [43, 26], [37, 27], [30, 2], [0, 25], [9, 26], [33, 10], [38, 44], [32, 28], [45, 9], [4, 46], [14, 48], [28, 11], [7, 16], [34, 22], [18, 32], [11, 28], [39, 29], [48, 13], [33, 9], [29, 3], [47, 8], [44, 1], [47, 13], [12, 14], [1, 12], [39, 15], [32, 19], [27, 39], [40, 42], [18, 43], [7, 29], [47, 47], [1, 14], [46, 10], [33, 22], [28, 8], [35, 22], [44, 41], [15, 14], [24, 28], [31, 45], [8, 20], [4, 30], [2, 23], [29, 16], [4, 48], [42, 37], [7, 47], [41, 31], [28, 33], [27, 41], [9, 33], [3, 13], [49, 46], [31, 20], [2, 34], [35, 46], [40, 22], [13, 27], [36, 13], [39, 25], [17, 27], [24, 0], [25, 0], [43, 11], [33, 49], [15, 41], [20, 44], [1, 37], [1, 13], [37, 45], [21, 42], [14, 32], [27, 35], [48, 43], [7, 22], [19, 30], [41, 26], [30, 1], [3, 30], [22, 1], [3, 43], [9, 14], [11, 24], [39, 42], [11, 27], [0, 20], [33, 37], [44, 45], [35, 41], [30, 6], [10, 44], [49, 26], [14, 16], [37, 31], [11, 44], [49, 21], [22, 47], [2, 48], [28, 2], [27, 7], [15, 30], [16, 47], [48, 49], [46, 45], [1, 7], [44, 13], [31, 48], [34, 39], [30, 16], [49, 11], [29, 12], [30, 19], [7, 34], [1, 21], [0, 39], [17, 44], [33, 24], [22, 43], [43, 48], [16, 41], [25, 45], [42, 15], [5, 42], [31, 10], [31, 3], [4, 14], [11, 33], [30, 42], [32, 10], [37, 23], [48, 45], [43, 29], [32, 47], [32, 18], [43, 36], [33, 39], [35, 29], [32, 6], [43, 28], [36, 48], [33, 43], [37, 38], [29, 15], [37, 46], [30, 21], [13, 30], [8, 45], [34, 30], [23, 42], [36, 38], [3, 33], [32, 49], [13, 31], [19, 45], [37, 40], [7, 24], [49, 7], [47, 6], [33, 7], [34, 28], [4, 20], [30, 9], [36, 44], [31, 12], [15, 32], [13, 43], [0, 38], [27, 47], [27, 37], [6, 49], [29, 9], [18, 31], [37, 29], [13, 22], [21, 47], [28, 7], [6, 12], [13, 11], [34, 40], [28, 14], [47, 18], [22, 42], [26, 32], [22, 46], [16, 46], [15, 27], [25, 31], [38, 24], [34, 44], [5, 25], [43, 42], [32, 44], [33, 16], [30, 17], [2, 28], [23, 29], [48, 25], [13, 45], [26, 17], [23, 47], [2, 14], [11, 14], [6, 34], [8, 23], [21, 41], [12, 45], [43, 45], [39, 33], [17, 42], [16, 44], [12, 21], [30, 49], [19, 3], [27, 14], [39, 26], [18, 30], [30, 45], [12, 12], [20, 41], [8, 13], [29, 8], [48, 27], [37, 14], [27, 21], [9, 46], [45, 8], [32, 7], [5, 11], [27, 30], [0, 15], [28, 6], [23, 2], [41, 40], [13, 29], [41, 29], [8, 17], [17, 45], [29, 17], [15, 12], [37, 11], [43, 9], [27, 38], [13, 44], [31, 11], [44, 0], [20, 48], [41, 45], [37, 32], [14, 44], [20, 32], [6, 47], [19, 29], [3, 14], [33, 42], [48, 5], [22, 17], [10, 31], [18, 26], [5, 27], [34, 48], [48, 9], [32, 48], [36, 47], [30, 48], [34, 11], [34, 46], [20, 26], [35, 26], [12, 43], [11, 45], [12, 47], [45, 39], [48, 38], [24, 43], [33, 35], [13, 16], [10, 15], [19, 17], [22, 29], [21, 3], [11, 46], [17, 49], [29, 10], [19, 27], [48, 12], [45, 3], [18, 29], [14, 46], [42, 22], [47, 49], [33, 44], [24, 27], [0, 30], [29, 46], [6, 24], [46, 2], [2, 26], [46, 1], [47, 9], [9, 48], [18, 44], [16, 31], [4, 18], [32, 45], [46, 12], [31, 7], [9, 16], [44, 37], [7, 25], [49, 36], [46, 37], [36, 37], [2, 21], [34, 24], [28, 48], [40, 29], [30, 43], [5, 19], [46, 4], [9, 34], [3, 18], [1, 39], [29, 1], [39, 45], [10, 14], [7, 46], [37, 42], [38, 12], [37, 44], [0, 0], [25, 41], [28, 43], [26, 46], [8, 24], [32, 17], [36, 24], [28, 10], [49, 10], [36, 27], [2, 25], [49, 25], [33, 1], [28, 45], [2, 46], [44, 44], [26, 2], [16, 27], [13, 28], [32, 8], [15, 15], [31, 33], [2, 44], [29, 32], [40, 43], [16, 43], [2, 7], [32, 4], [13, 20], [11, 12], [49, 6], [49, 33], [35, 34], [38, 22], [28, 42], [15, 49], [14, 14], [27, 5], [31, 21], [30, 12], [11, 11], [44, 9], [1, 36], [11, 20]], "targets": [[32, 34], [24, 29], [29, 43], [14, 29], [32, 21], [27, 35], [16, 32], [39, 39], [31, 21], [34, 33], [2, 30], [32, 32], [8, 26], [34, 38], [33, 23], [33, 30], [9, 25], [23, 28], [38, 32], [26, 43], [29, 15], [2, 25], [34, 23], [8, 30], [22, 30], [39, 38], [30, 21], [26, 31], [2, 31], [22, 27], [34, 39], [16, 26], [28, 16], [34, 22], [13, 30], [33, 32], [22, 29], [27, 39], [26, 19], [15, 26], [35, 33], [7, 27], [30, 36], [28, 35], [26, 20], [6, 27], [30, 29], [31, 42], [22, 26], [12, 27], [27, 21], [35, 36], [12, 33], [34, 32], [30, 40], [33, 31], [28, 14], [12, 29], [29, 33], [30, 39], [7, 34], [27, 28], [31, 18], [8, 33], [26, 32], [32, 38], [9, 29], [21, 32], [28, 15], [29, 39], [32, 33], [26, 41], [9, 33], [27, 17], [33, 25], [10, 28], [31, 34], [29, 34], [6, 31], [33, 13], [33, 27], [11, 31], [34, 42], [35, 31], [16, 31], [33, 21], [29, 28], [39, 34], [29, 44], [16, 27], [22, 32], [31, 17], [5, 31], [30, 30], [37, 36], [28, 36], [12, 31], [26, 17], [35, 25], [33, 39], [13, 24], [34, 31], [13, 28], [31, 15], [34, 41], [29, 36], [31, 39], [7, 30], [27, 36], [27, 19], [4, 23], [30, 33], [32, 28], [11, 26], [24, 27], [25, 17], [38, 37], [23, 26], [6, 28], [28, 30], [7, 26], [28, 13], [36, 39], [28, 42], [22, 28], [13, 25], [24, 30], [27, 20], [29, 32], [13, 34], [24, 26], [4, 26], [27, 30], [32, 16], [29, 41], [4, 34], [30, 35], [20, 28], [18, 17], [34, 40], [27, 6], [9, 47], [47, 46], [20, 17], [8, 23], [0, 19], [30, 42], [38, 42], [15, 13], [32, 6], [42, 15], [37, 25], [3, 8], [29, 35], [12, 21], [28, 43], [36, 13], [7, 14], [44, 45], [11, 24], [10, 18], [48, 1], [46, 9], [1, 32], [0, 42], [2, 43], [37, 35], [5, 23], [46, 36], [12, 22], [2, 26], [1, 46], [0, 0], [39, 13], [1, 10], [5, 32], [3, 42], [23, 29], [15, 41], [24, 1], [19, 46], [0, 43], [24, 31], [2, 48], [17, 27], [4, 43], [31, 11], [19, 43], [30, 48], [2, 32], [38, 30], [13, 32], [28, 29], [46, 47], [29, 8], [37, 15], [29, 13], [6, 48], [41, 42], [18, 30], [30, 41], [13, 29], [9, 32], [1, 2], [11, 12], [13, 12], [32, 1], [38, 48], [1, 21], [15, 48], [39, 35], [27, 37], [28, 40], [20, 41], [23, 30], [43, 29], [1, 37], [40, 29], [2, 21], [47, 14], [19, 49], [18, 42], [2, 34], [0, 16], [46, 10], [17, 17], [3, 2], [27, 43], [14, 15], [44, 9], [9, 19], [35, 29], [27, 38], [44, 41], [41, 41], [8, 22], [14, 26], [13, 18], [28, 37], [34, 35], [2, 10], [4, 17], [0, 33], [1, 27], [10, 33], [44, 35], [14, 28], [19, 44], [20, 42], [7, 43], [13, 26], [22, 49], [45, 39], [32, 3], [6, 25], [33, 24], [49, 9], [28, 34], [41, 44], [28, 39], [6, 29], [23, 47], [11, 16], [1, 39], [8, 11], [11, 46], [48, 25], [29, 21], [38, 27], [1, 31], [5, 21], [2, 45], [3, 46], [44, 38], [31, 33], [28, 31], [3, 33], [39, 49], [32, 17], [8, 32], [4, 47], [6, 34], [17, 41], [26, 28], [28, 32], [45, 40], [0, 39], [28, 21], [15, 28], [27, 34], [8, 45], [44, 42], [19, 41], [39, 24], [25, 41], [33, 46], [29, 5], [35, 41], [20, 44], [37, 31], [32, 18], [20, 47], [34, 13], [3, 17], [28, 8], [3, 6], [5, 33], [12, 23], [2, 8], [15, 46], [13, 11], [1, 14], [23, 41], [45, 9], [19, 31], [15, 43], [30, 28], [3, 0], [20, 2], [25, 47], [1, 13], [34, 28], [13, 43], [48, 4], [32, 13], [0, 20], [33, 5], [48, 36], [0, 34], [27, 14], [15, 44], [7, 12], [12, 12], [9, 13], [32, 19], [42, 39], [49, 7], [30, 8], [9, 48], [15, 16], [4, 45], [3, 23], [0, 38], [43, 46], [33, 2], [14, 42], [11, 29], [22, 41], [47, 40], [45, 13], [0, 40], [37, 39], [4, 13], [32, 0], [2, 12], [49, 29], [23, 0], [8, 24], [8, 48], [2, 2], [25, 49], [39, 28], [2, 18], [0, 36], [3, 43], [34, 12], [43, 30], [31, 16], [35, 43], [23, 27], [31, 9], [45, 43], [17, 46], [13, 27], [11, 20], [14, 16], [44, 11], [41, 39], [32, 2], [15, 29], [40, 27], [6, 24], [40, 42], [10, 25], [16, 47], [49, 49], [14, 49], [4, 49], [33, 17], [46, 14], [2, 7], [40, 14], [8, 27], [4, 22], [48, 9], [3, 11], [10, 48], [5, 13], [24, 42], [12, 18], [10, 11], [24, 46], [17, 29], [33, 43], [12, 34], [48, 21], [2, 11], [40, 11], [44, 3], [7, 31], [49, 30], [11, 19], [27, 32], [28, 19], [0, 2], [5, 28], [49, 25], [41, 33], [11, 13], [48, 34], [46, 49], [8, 17], [25, 42], [7, 33], [18, 46], [45, 42], [33, 44], [41, 22], [6, 43], [29, 40], [40, 22], [3, 3], [9, 27], [20, 48], [17, 32], [9, 23], [16, 43], [6, 23], [15, 11], [14, 12], [6, 15], [13, 20], [22, 43], [28, 49], [24, 47], [2, 13], [30, 7], [17, 30], [0, 11], [3, 14], [43, 43], [0, 22], [40, 36], [6, 33], [13, 13], [1, 25], [42, 11], [28, 38], [41, 14], [11, 32], [36, 41], [1, 17], [39, 11], [43, 35], [38, 45], [37, 13], [40, 30], [48, 11], [44, 4], [3, 48], [3, 26], [27, 3], [34, 44], [19, 42], [48, 6], [12, 28], [13, 46], [25, 0], [44, 15], [42, 33], [34, 47], [31, 12], [42, 34], [4, 16], [26, 49], [8, 28], [6, 11], [30, 0], [36, 11], [41, 34], [36, 46], [1, 23], [33, 20], [30, 38], [26, 21], [35, 46], [36, 32], [38, 38], [21, 46], [2, 24], [14, 13], [1, 42], [48, 20], [2, 27], [6, 46], [23, 49], [11, 45], [5, 14], [38, 49], [14, 45], [22, 3], [35, 45], [23, 42], [31, 3], [15, 15], [38, 14], [14, 31], [12, 32], [12, 14], [16, 28], [17, 28], [32, 9], [32, 43], [40, 39], [46, 46], [3, 44], [11, 11], [30, 17], [31, 36], [10, 45], [2, 42], [0, 18], [39, 41], [3, 24], [27, 5], [0, 29], [2, 3], [20, 29], [49, 20], [43, 34], [6, 47], [30, 31], [43, 14], [43, 33], [47, 9], [19, 3], [15, 14], [49, 16], [33, 18], [8, 12], [45, 46], [37, 29], [7, 18], [47, 12], [23, 43], [7, 22], [42, 23], [10, 46], [1, 12], [13, 42], [2, 44], [31, 47], [32, 39], [12, 26], [19, 1], [47, 44], [20, 31], [47, 18], [46, 43], [47, 1], [38, 39], [37, 12], [49, 3], [33, 11], [1, 11], [37, 26], [29, 2], [27, 13], [31, 38], [26, 42], [9, 28], [32, 5], [44, 36], [2, 1], [35, 13], [3, 25], [37, 47], [12, 48], [8, 34], [1, 3], [47, 2], [10, 16], [24, 0], [31, 29], [8, 19], [10, 29], [41, 28], [35, 37], [17, 47], [43, 13], [47, 4], [20, 27], [18, 27], [11, 42], [18, 26], [3, 49], [28, 17], [28, 20], [2, 17], [12, 11], [4, 31], [43, 48], [38, 47], [17, 31], [9, 44], [41, 30], [32, 4], [43, 10], [15, 45], [46, 4], [32, 47], [31, 5], [12, 47], [33, 45], [32, 42], [34, 30], [15, 27], [48, 29], [48, 32], [41, 40], [4, 32], [29, 18], [36, 48], [17, 43], [11, 22], [10, 23], [12, 13], [1, 24], [14, 27], [37, 27], [44, 1], [41, 35], [7, 42], [37, 11], [8, 47], [9, 43], [10, 15], [5, 46], [14, 48], [31, 1], [33, 33], [38, 13], [22, 31], [28, 10], [30, 15], [32, 7], [27, 46], [13, 14], [14, 44], [40, 33], [6, 14], [3, 1], [47, 6], [46, 1], [2, 15], [30, 32], [16, 46], [25, 1], [30, 3], [12, 46], [29, 14], [25, 3], [47, 5], [32, 30], [30, 16], [9, 26], [2, 6], [43, 28], [40, 25], [8, 43], [29, 4], [14, 43], [16, 49], [18, 31], [32, 15], [18, 43], [7, 32], [39, 25], [0, 1], [28, 12], [39, 43], [40, 13], [49, 11], [9, 12], [47, 10], [37, 43], [5, 34], [41, 43], [36, 25], [36, 14], [33, 14], [39, 37], [12, 24], [32, 45], [25, 28], [28, 5], [33, 42], [0, 12], [33, 19], [13, 31], [36, 31], [30, 13], [8, 14], [16, 42], [35, 24], [12, 20], [29, 47], [25, 2], [4, 48], [49, 10], [43, 15], [30, 46], [5, 25], [2, 22], [49, 13], [26, 29], [19, 47], [5, 24], [10, 20], [29, 37], [42, 27], [37, 28], [17, 26], [9, 15], [9, 31], [0, 32], [14, 32], [22, 42], [24, 17], [15, 32], [28, 7], [30, 37], [33, 38], [5, 42], [1, 43], [10, 22], [3, 16], [30, 10], [13, 16], [27, 11], [11, 47], [0, 3], [3, 31], [41, 49], [24, 44], [22, 17], [11, 30], [44, 2], [42, 37], [19, 17], [20, 30], [26, 18], [13, 44], [0, 14], [43, 42], [0, 17], [19, 45], [33, 7], [25, 29], [35, 34], [17, 45], [26, 48], [28, 46], [28, 41], [21, 41], [13, 19], [15, 12], [45, 11], [35, 40], [32, 8], [29, 17], [27, 31], [30, 34], [48, 49], [24, 48], [0, 31], [29, 29], [36, 45], [24, 32], [40, 45], [48, 33], [12, 19], [43, 38], [39, 26], [40, 34], [19, 32], [40, 32], [43, 45], [1, 29], [33, 35], [8, 42], [1, 41], [39, 27], [33, 15], [33, 34], [19, 48], [43, 32], [7, 49], [20, 32], [28, 47], [8, 16], [42, 41], [7, 28], [48, 12], [48, 30], [27, 12], [29, 48], [11, 18], [0, 6], [46, 6], [45, 5], [43, 47], [41, 25], [32, 40], [3, 7]]}