{"meta": {"number_of_robots": 240, "description": {"parameters": {"seed": 1343, "shape": [20, 20], "obstacles": {"n": 0, "mean": 3, "std": 1.5}, "clusters": {"n": 10, "mean": 20, "std": 10.0, "relative_radius": 2, "increase_factor": 1.3, "start_dist": {"generator_name": "Image", "shape": [20, 20], "min": 19.0, "max": 218.0, "mean": 96.7175, "std": 35.934909123998075, "dtype": "uint64", "parameters": {"image": "london_night.png", "transformer": {"name": "ColorChannelSelector", "channel": "v", "inverted": false}}}, "target_dist": {"generator_name": "Image", "shape": [20, 20], "min": 19.0, "max": 218.0, "mean": 96.7175, "std": 35.934909123998075, "dtype": "uint64", "parameters": {"image": "london_night.png", "transformer": {"name": "ColorChannelSelector", "channel": "v", "inverted": false}}}}, "density": 0.6, "start_dist": {"generator_name": "Image", "shape": [20, 20], "min": 19.0, "max": 218.0, "mean": 96.7175, "std": 35.934909123998075, "dtype": "uint64", "parameters": {"image": "london_night.png", "transformer": {"name": "ColorChannelSelector", "channel": "v", "inverted": false}}}, "target_dist": {"generator_name": "Image", "shape": [20, 20], "min": 19.0, "max": 218.0, "mean": 96.7175, "std": 35.934909123998075, "dtype": "uint64", "parameters": {"image": "london_night.png", "transformer": {"name": "ColorChannelSelector", "channel": "v", "inverted": false}}}}, "stats": {"date": "2020-11-17", "free_area": 400.0, "number_of_clustered_robots": 194, "number_of_robots": 240}}}, "name": "london_night_00001_20x20_60_240", "obstacles": [], "starts": [[2, 15], [13, 17], [11, 3], [11, 13], [5, 10], [10, 10], [5, 6], [4, 18], [10, 12], [4, 7], [9, 14], [11, 4], [4, 6], [10, 16], [1, 15], [6, 12], [5, 18], [10, 15], [16, 0], [3, 3], [13, 9], [5, 9], [4, 10], [7, 12], [0, 14], [6, 15], [12, 11], [4, 14], [14, 19], [10, 7], [2, 2], [3, 5], [13, 19], [8, 1], [13, 8], [2, 12], [10, 14], [3, 14], [14, 9], [17, 0], [7, 11], [12, 1], [3, 0], [12, 12], [9, 17], [4, 13], [6, 11], [9, 7], [3, 13], [2, 18], [8, 9], [13, 6], [7, 6], [4, 3], [6, 4], [5, 11], [10, 13], [8, 13], [5, 5], [0, 15], [13, 15], [12, 3], [4, 8], [8, 12], [4, 4], [0, 12], [9, 10], [6, 13], [7, 13], [12, 0], [1, 14], [12, 15], [4, 15], [10, 9], [10, 3], [6, 5], [1, 8], [6, 8], [7, 10], [2, 1], [5, 14], [5, 8], [4, 5], [2, 11], [0, 13], [4, 12], [19, 3], [3, 11], [9, 11], [1, 1], [10, 19], [14, 8], [13, 13], [3, 12], [9, 16], [11, 14], [11, 5], [2, 9], [10, 8], [10, 5], [15, 8], [6, 7], [0, 5], [3, 6], [11, 8], [0, 11], [9, 12], [1, 19], [14, 10], [14, 7], [1, 12], [6, 6], [11, 7], [13, 18], [1, 0], [2, 10], [7, 16], [5, 13], [4, 16], [14, 5], [7, 7], [13, 5], [6, 9], [12, 9], [0, 1], [5, 7], [0, 16], [7, 17], [7, 5], [9, 18], [7, 18], [18, 4], [13, 10], [8, 8], [4, 17], [15, 11], [6, 10], [1, 13], [6, 17], [4, 0], [8, 16], [4, 11], [5, 16], [9, 19], [14, 1], [1, 9], [6, 18], [1, 11], [9, 13], [16, 10], [12, 14], [3, 1], [3, 16], [7, 9], [14, 0], [2, 13], [9, 6], [3, 8], [14, 13], [14, 18], [7, 14], [2, 6], [14, 6], [2, 7], [5, 19], [12, 10], [16, 5], [2, 8], [8, 18], [11, 9], [10, 6], [14, 17], [0, 6], [0, 2], [0, 18], [9, 15], [15, 4], [14, 2], [3, 10], [5, 17], [11, 6], [1, 4], [14, 14], [9, 9], [0, 3], [3, 18], [8, 10], [18, 5], [1, 10], [6, 16], [9, 8], [1, 6], [15, 2], [11, 17], [2, 19], [12, 5], [7, 8], [9, 5], [0, 4], [10, 1], [16, 16], [0, 0], [6, 3], [19, 10], [15, 9], [6, 1], [1, 18], [17, 7], [13, 3], [7, 15], [17, 3], [17, 9], [1, 17], [0, 10], [15, 19], [5, 4], [7, 3], [6, 2], [5, 1], [3, 2], [18, 7], [13, 12], [14, 15], [1, 3], [3, 17], [5, 12], [15, 16], [6, 14], [16, 6], [8, 7], [1, 16], [14, 16], [8, 3], [9, 3], [17, 16], [17, 17], [10, 2], [13, 7], [19, 2], [5, 15]], "targets": [[2, 8], [8, 12], [1, 16], [12, 16], [13, 11], [7, 16], [6, 13], [5, 1], [9, 6], [7, 18], [16, 7], [2, 13], [6, 18], [10, 10], [8, 19], [9, 0], [8, 6], [14, 11], [0, 18], [14, 17], [3, 5], [15, 6], [7, 11], [10, 13], [8, 13], [11, 7], [7, 8], [5, 2], [10, 14], [7, 14], [7, 17], [7, 19], [17, 14], [2, 12], [16, 17], [11, 12], [17, 7], [12, 1], [7, 6], [6, 17], [8, 9], [5, 8], [15, 16], [10, 16], [14, 7], [5, 17], [10, 9], [5, 16], [8, 11], [7, 2], [8, 15], [9, 13], [15, 19], [15, 18], [7, 7], [14, 19], [12, 7], [9, 11], [14, 16], [5, 7], [16, 10], [4, 14], [6, 9], [12, 15], [14, 15], [15, 13], [9, 1], [15, 10], [7, 10], [5, 9], [1, 2], [11, 10], [9, 3], [14, 14], [9, 14], [12, 18], [15, 12], [11, 8], [6, 15], [10, 17], [11, 15], [13, 18], [1, 9], [12, 17], [9, 7], [18, 6], [9, 15], [5, 13], [12, 4], [11, 16], [8, 8], [1, 14], [8, 18], [11, 19], [4, 3], [11, 9], [7, 13], [10, 18], [17, 6], [2, 9], [10, 11], [11, 13], [7, 9], [13, 15], [1, 17], [13, 16], [14, 0], [11, 1], [6, 10], [4, 17], [6, 11], [10, 15], [7, 5], [17, 9], [9, 17], [8, 16], [11, 5], [8, 5], [16, 13], [4, 16], [16, 16], [3, 11], [9, 19], [16, 5], [10, 19], [4, 9], [6, 12], [13, 0], [12, 9], [4, 2], [15, 14], [1, 13], [12, 11], [4, 11], [1, 1], [7, 12], [16, 9], [11, 11], [9, 4], [15, 15], [9, 10], [0, 10], [3, 2], [14, 13], [8, 14], [13, 17], [13, 9], [6, 19], [8, 3], [6, 8], [13, 10], [7, 15], [8, 4], [13, 7], [2, 15], [13, 13], [3, 13], [13, 12], [9, 2], [9, 9], [12, 10], [12, 19], [4, 5], [8, 10], [2, 5], [8, 17], [0, 13], [10, 12], [11, 0], [16, 11], [1, 15], [12, 14], [16, 18], [11, 17], [6, 2], [15, 17], [3, 14], [3, 6], [11, 14], [8, 7], [13, 19], [14, 18], [13, 14], [2, 11], [9, 18], [2, 2], [14, 5], [2, 17], [6, 14], [14, 4], [9, 12], [12, 13], [6, 7], [15, 7], [0, 12], [6, 5], [16, 6], [5, 4], [2, 10], [18, 13], [3, 18], [19, 5], [1, 0], [5, 12], [4, 8], [13, 5], [4, 1], [4, 0], [3, 10], [0, 14], [6, 6], [14, 8], [19, 0], [1, 11], [11, 3], [6, 4], [5, 6], [15, 9], [8, 1], [4, 13], [14, 1], [6, 3], [5, 19], [14, 3], [4, 7], [3, 16], [10, 2], [1, 4], [0, 1], [2, 1], [18, 3], [10, 3], [16, 0], [17, 5], [17, 17], [13, 1], [17, 19], [19, 8], [5, 11], [4, 10]]}