{"meta": {"number_of_robots": 140, "description": {"parameters": {"seed": 8721, "shape": [20, 20], "obstacles": {"n": 5, "mean": 3, "std": 1.5}, "clusters": {"n": 10, "mean": 20, "std": 10.0, "relative_radius": 2, "increase_factor": 1.3, "start_dist": {"generator_name": "Image", "shape": [20, 20], "min": 19.0, "max": 218.0, "mean": 96.7175, "std": 35.934909123998075, "dtype": "uint64", "parameters": {"image": "london_night.png", "transformer": {"name": "ColorChannelSelector", "channel": "v", "inverted": false}}}, "target_dist": {"generator_name": "Image", "shape": [20, 20], "min": 37.0, "max": 236.0, "mean": 158.2825, "std": 35.934909123998075, "dtype": "uint64", "parameters": {"image": "london_night.png", "transformer": {"name": "ColorChannelSelector", "channel": "v", "inverted": true}}}}, "density": 0.4, "start_dist": {"generator_name": "Image", "shape": [20, 20], "min": 19.0, "max": 218.0, "mean": 96.7175, "std": 35.934909123998075, "dtype": "uint64", "parameters": {"image": "london_night.png", "transformer": {"name": "ColorChannelSelector", "channel": "v", "inverted": false}}}, "target_dist": {"generator_name": "Image", "shape": [20, 20], "min": 37.0, "max": 236.0, "mean": 158.2825, "std": 35.934909123998075, "dtype": "uint64", "parameters": {"image": "london_night.png", "transformer": {"name": "ColorChannelSelector", "channel": "v", "inverted": true}}}}, "stats": {"date": "2020-11-17", "free_area": 350.0, "number_of_clustered_robots": 140, "number_of_robots": 140}}}, "name": "london_night_00000_20x20_40_140", "obstacles": [[1, 9], [1, 10], [1, 11], [1, 12], [1, 13], [2, 9], [2, 10], [2, 11], [2, 12], [2, 13], [6, 8], [6, 9], [6, 10], [7, 8], [7, 10], [7, 15], [7, 16], [7, 17], [8, 8], [8, 9], [8, 10], [8, 12], [8, 15], [8, 17], [9, 12], [9, 15], [9, 17], [10, 12], [10, 15], [10, 16], [10, 17], [11, 12], [14, 9], [14, 10], [14, 11], [14, 12], [14, 13], [15, 9], [15, 13], [16, 9], [16, 10], [16, 11], [16, 12], [16, 13]], "starts": [[16, 14], [0, 9], [3, 15], [3, 4], [4, 4], [14, 16], [11, 4], [2, 2], [12, 0], [1, 1], [13, 16], [11, 1], [5, 6], [7, 14], [8, 13], [6, 2], [5, 14], [11, 13], [6, 6], [6, 16], [4, 6], [10, 19], [10, 5], [12, 11], [4, 3], [10, 7], [5, 18], [3, 10], [6, 15], [11, 15], [11, 5], [5, 4], [13, 13], [5, 3], [4, 13], [12, 14], [4, 7], [15, 16], [5, 0], [7, 11], [8, 5], [13, 11], [2, 3], [1, 5], [9, 7], [16, 16], [6, 14], [3, 12], [9, 13], [11, 8], [9, 3], [5, 5], [0, 1], [4, 8], [11, 14], [3, 2], [13, 14], [12, 18], [12, 2], [8, 4], [6, 5], [11, 17], [11, 18], [8, 2], [6, 4], [12, 16], [4, 16], [14, 19], [0, 4], [8, 19], [9, 11], [8, 0], [7, 1], [9, 4], [14, 15], [13, 15], [10, 14], [11, 6], [14, 4], [5, 15], [9, 10], [7, 5], [1, 0], [3, 0], [3, 5], [13, 17], [7, 18], [2, 6], [16, 6], [17, 16], [9, 6], [2, 5], [16, 17], [10, 6], [19, 14], [5, 13], [11, 10], [10, 2], [19, 16], [6, 12], [9, 1], [4, 11], [8, 14], [4, 1], [4, 0], [12, 6], [10, 13], [8, 11], [0, 12], [6, 19], [2, 4], [2, 7], [12, 12], [7, 6], [13, 9], [5, 16], [1, 6], [9, 14], [5, 1], [13, 10], [4, 5], [0, 5], [1, 14], [8, 7], [3, 1], [12, 15], [11, 16], [12, 10], [3, 13], [9, 5], [1, 2], [13, 18], [0, 8], [14, 17], [12, 7], [1, 4], [4, 17], [3, 7], [18, 15], [9, 0]], "targets": [[8, 5], [2, 8], [13, 10], [12, 8], [19, 5], [3, 0], [9, 11], [5, 14], [5, 15], [15, 1], [10, 6], [6, 13], [7, 5], [4, 1], [18, 16], [17, 8], [8, 7], [5, 1], [0, 15], [8, 6], [16, 8], [6, 7], [9, 19], [5, 3], [13, 4], [0, 13], [9, 13], [0, 2], [0, 4], [9, 3], [0, 11], [1, 2], [10, 14], [12, 7], [17, 9], [1, 6], [17, 7], [1, 0], [0, 12], [2, 6], [11, 11], [5, 0], [13, 7], [17, 1], [3, 16], [6, 6], [12, 14], [5, 7], [9, 5], [13, 12], [6, 18], [0, 9], [12, 1], [18, 8], [0, 7], [5, 18], [16, 5], [2, 0], [5, 19], [6, 11], [12, 15], [7, 3], [9, 7], [16, 1], [0, 18], [8, 4], [9, 0], [3, 2], [17, 11], [2, 4], [12, 19], [3, 13], [18, 0], [5, 2], [1, 5], [16, 4], [1, 4], [3, 14], [8, 13], [7, 2], [10, 8], [18, 6], [15, 4], [4, 10], [19, 11], [7, 4], [13, 6], [11, 7], [15, 16], [8, 1], [4, 19], [14, 5], [4, 6], [7, 7], [3, 9], [11, 10], [17, 19], [4, 11], [3, 6], [12, 4], [17, 6], [16, 6], [2, 5], [3, 15], [6, 19], [10, 13], [13, 5], [5, 4], [6, 0], [5, 5], [15, 3], [5, 17], [0, 0], [0, 3], [16, 18], [14, 8], [17, 13], [7, 1], [0, 17], [4, 4], [17, 2], [18, 1], [3, 7], [18, 14], [3, 12], [2, 2], [12, 11], [10, 1], [12, 9], [17, 3], [0, 16], [5, 9], [14, 7], [2, 3], [10, 18], [1, 8], [14, 14], [7, 19], [0, 6], [19, 1]]}