{"meta": {"number_of_robots": 2394, "description": {"parameters": {"seed": 6125, "shape": [100, 100], "obstacles": {"n": 5, "mean": 10, "std": 5.0}, "clusters": {"n": 10, "mean": 20, "std": 10.0, "relative_radius": 2, "increase_factor": 1.3, "start_dist": {"generator_name": "Image", "shape": [100, 100], "min": 8.0, "max": 252.0, "mean": 97.3793, "std": 47.081761134328865, "dtype": "uint64", "parameters": {"image": "london_night.png", "transformer": {"name": "ColorChannelSelector", "channel": "v", "inverted": false}}}, "target_dist": {"generator_name": "Image", "shape": [100, 100], "min": 8.0, "max": 252.0, "mean": 97.3793, "std": 47.081761134328865, "dtype": "uint64", "parameters": {"image": "london_night.png", "transformer": {"name": "ColorChannelSelector", "channel": "v", "inverted": false}}}}, "density": 0.25, "start_dist": {"generator_name": "Image", "shape": [100, 100], "min": 8.0, "max": 252.0, "mean": 97.3793, "std": 47.081761134328865, "dtype": "uint64", "parameters": {"image": "london_night.png", "transformer": {"name": "ColorChannelSelector", "channel": "v", "inverted": false}}}, "target_dist": {"generator_name": "Image", "shape": [100, 100], "min": 8.0, "max": 252.0, "mean": 97.3793, "std": 47.081761134328865, "dtype": "uint64", "parameters": {"image": "london_night.png", "transformer": {"name": "ColorChannelSelector", "channel": "v", "inverted": false}}}}, "stats": {"date": "2020-11-17", "free_area": 9575.0, "number_of_clustered_robots": 249, "number_of_robots": 2394}}}, "name": "london_night_00006_100x100_25_2394", "obstacles": [[5, 48], [5, 49], [5, 50], [5, 51], [5, 52], [5, 53], [5, 54], [5, 55], [5, 56], [6, 48], [6, 56], [7, 48], [7, 56], [8, 48], [8, 56], [9, 48], [9, 56], [10, 48], [10, 56], [11, 48], [11, 56], [12, 48], [12, 57], [12, 58], [12, 59], [12, 60], [12, 61], [12, 62], [12, 63], [12, 64], [12, 65], [12, 66], [12, 67], [12, 68], [12, 69], [13, 48], [13, 49], [13, 50], [13, 51], [13, 52], [13, 69], [14, 53], [14, 69], [15, 53], [15, 69], [16, 53], [16, 69], [17, 53], [17, 69], [18, 53], [18, 69], [19, 53], [19, 69], [20, 53], [20, 54], [20, 55], [20, 56], [20, 57], [20, 58], [20, 59], [20, 60], [20, 61], [20, 62], [20, 63], [20, 64], [20, 65], [20, 66], [20, 67], [20, 68], [20, 69], [28, 58], [28, 59], [28, 60], [28, 61], [28, 62], [28, 63], [28, 64], [28, 65], [28, 66], [28, 67], [29, 58], [29, 67], [30, 51], [30, 52], [30, 53], [30, 54], [30, 55], [30, 56], [30, 57], [30, 67], [31, 51], [31, 52], [31, 53], [31, 54], [31, 55], [31, 56], [31, 57], [31, 67], [32, 58], [32, 67], [33, 58], [33, 67], [34, 58], [34, 67], [35, 58], [35, 59], [35, 60], [35, 61], [35, 62], [35, 63], [35, 64], [35, 65], [35, 66], [35, 67], [93, 40], [93, 41], [93, 42], [93, 43], [93, 44], [93, 45], [93, 46], [93, 47], [93, 48], [93, 49], [93, 50], [93, 51], [93, 52], [93, 53], [93, 54], [94, 40], [94, 54], [95, 40], [95, 54], [96, 40], [96, 54], [97, 40], [97, 54], [98, 40], [98, 54], [99, 40], [99, 41], [99, 42], [99, 43], [99, 44], [99, 45], [99, 46], [99, 47], [99, 48], [99, 49], [99, 50], [99, 51], [99, 52], [99, 53], [99, 54]], "starts": [[85, 54], [60, 44], [79, 61], [43, 69], [70, 84], [4, 43], [57, 10], [62, 79], [4, 27], [21, 65], [60, 49], [83, 52], [20, 73], [47, 66], [68, 77], [60, 46], [76, 54], [7, 38], [17, 73], [82, 52], [73, 82], [52, 12], [48, 37], [47, 65], [79, 58], [27, 71], [60, 78], [56, 46], [80, 54], [4, 45], [21, 67], [84, 51], [36, 59], [71, 80], [64, 79], [50, 40], [79, 63], [31, 72], [58, 10], [3, 26], [60, 47], [35, 69], [89, 56], [3, 46], [31, 70], [68, 84], [87, 58], [75, 78], [50, 38], [86, 63], [26, 76], [36, 64], [57, 47], [81, 59], [3, 42], [54, 15], [58, 74], [19, 70], [52, 43], [90, 59], [46, 64], [66, 81], [84, 52], [26, 67], [66, 82], [55, 36], [82, 64], [10, 39], [38, 65], [25, 70], [55, 15], [58, 49], [85, 64], [82, 58], [75, 76], [67, 84], [1, 29], [18, 72], [48, 50], [43, 60], [82, 55], [6, 46], [19, 71], [49, 40], [58, 76], [80, 56], [81, 61], [46, 63], [69, 81], [52, 18], [52, 46], [26, 65], [81, 62], [8, 41], [61, 83], [55, 41], [30, 73], [38, 59], [85, 59], [84, 59], [69, 75], [50, 45], [31, 73], [82, 65], [12, 44], [55, 17], [66, 77], [45, 58], [57, 43], [21, 70], [79, 59], [3, 25], [58, 41], [60, 84], [80, 59], [46, 58], [75, 77], [24, 67], [88, 52], [6, 38], [51, 42], [53, 18], [25, 74], [77, 60], [63, 76], [38, 60], [51, 47], [81, 56], [80, 52], [68, 80], [10, 45], [22, 75], [48, 46], [40, 59], [67, 80], [90, 65], [18, 73], [56, 12], [54, 47], [81, 52], [10, 41], [21, 71], [86, 53], [45, 63], [71, 83], [61, 80], [61, 47], [4, 30], [90, 60], [24, 66], [50, 42], [46, 69], [76, 59], [4, 40], [53, 10], [68, 81], [22, 74], [61, 42], [87, 57], [66, 76], [85, 57], [37, 61], [26, 74], [51, 43], [60, 76], [87, 56], [6, 47], [25, 65], [60, 48], [90, 57], [37, 67], [76, 79], [51, 11], [90, 61], [63, 79], [53, 45], [26, 69], [81, 51], [7, 44], [38, 69], [54, 50], [21, 66], [2, 25], [58, 82], [81, 53], [72, 84], [84, 64], [47, 41], [59, 11], [30, 74], [38, 58], [83, 57], [3, 44], [51, 50], [64, 76], [20, 70], [76, 63], [86, 54], [43, 64], [68, 79], [59, 41], [23, 68], [88, 62], [6, 45], [54, 14], [64, 78], [58, 47], [46, 70], [19, 72], [89, 64], [53, 40], [86, 57], [74, 79], [68, 83], [21, 78], [80, 53], [5, 42], [45, 60], [61, 37], [1, 25], [56, 18], [22, 78], [79, 57], [59, 45], [59, 78], [84, 57], [41, 65], [76, 74], [27, 78], [88, 59], [3, 40], [61, 36], [59, 79], [29, 72], [77, 55], [41, 69], [57, 37], [56, 15], [82, 54], [74, 81], [17, 72], [76, 56], [13, 46], [49, 43], [61, 78], [36, 61], [19, 73], [81, 65], [57, 44], [19, 27], [83, 37], [61, 64], [4, 62], [67, 51], [21, 54], [85, 61], [53, 8], [56, 6], [81, 67], [31, 21], [29, 57], [72, 6], [40, 34], [47, 60], [71, 45], [43, 58], [25, 7], [54, 51], [65, 78], [69, 37], [20, 1], [32, 14], [6, 21], [87, 19], [60, 5], [29, 42], [31, 82], [73, 99], [31, 0], [47, 18], [54, 55], [43, 16], [63, 39], [33, 74], [21, 58], [83, 78], [61, 79], [26, 37], [91, 33], [43, 3], [44, 46], [47, 82], [19, 97], [65, 37], [0, 42], [37, 84], [45, 25], [3, 3], [23, 23], [88, 97], [4, 63], [15, 91], [45, 14], [11, 95], [45, 13], [50, 56], [42, 69], [68, 40], [89, 85], [67, 6], [79, 90], [75, 19], [58, 43], [80, 87], [65, 62], [87, 49], [69, 35], [10, 23], [72, 45], [46, 52], [97, 79], [17, 1], [43, 74], [3, 41], [43, 47], [65, 96], [28, 32], [33, 11], [50, 26], [84, 39], [14, 12], [1, 14], [76, 35], [72, 49], [24, 98], [46, 51], [75, 69], [1, 69], [70, 97], [63, 65], [98, 24], [3, 24], [50, 8], [63, 22], [57, 57], [7, 39], [86, 34], [35, 39], [27, 27], [55, 81], [67, 4], [60, 50], [48, 77], [5, 4], [23, 30], [96, 61], [70, 43], [14, 35], [66, 18], [83, 79], [41, 36], [1, 20], [49, 56], [62, 52], [60, 63], [95, 33], [73, 88], [45, 45], [70, 44], [50, 57], [33, 46], [31, 74], [35, 84], [20, 95], [67, 91], [52, 44], [58, 13], [35, 91], [77, 82], [29, 1], [28, 89], [63, 68], [66, 25], [20, 52], [82, 34], [38, 6], [66, 24], [14, 50], [41, 70], [52, 77], [88, 12], [49, 36], [49, 4], [79, 30], [69, 43], [56, 23], [77, 46], [50, 84], [0, 22], [4, 67], [6, 19], [86, 37], [20, 27], [34, 29], [98, 71], [54, 83], [30, 19], [49, 49], [54, 24], [23, 21], [13, 5], [23, 53], [2, 62], [36, 96], [2, 85], [35, 85], [67, 17], [41, 40], [25, 90], [39, 65], [68, 38], [78, 36], [55, 65], [82, 60], [63, 64], [62, 35], [41, 51], [9, 90], [51, 23], [21, 83], [80, 76], [71, 39], [30, 49], [10, 2], [17, 29], [85, 65], [16, 50], [39, 86], [11, 15], [33, 48], [51, 99], [83, 71], [37, 59], [61, 69], [67, 65], [28, 90], [93, 78], [21, 7], [22, 23], [25, 91], [98, 22], [30, 25], [60, 19], [41, 62], [85, 66], [86, 76], [21, 52], [82, 29], [34, 13], [50, 55], [46, 57], [42, 58], [44, 7], [3, 73], [16, 14], [62, 49], [44, 31], [66, 2], [52, 6], [81, 40], [13, 27], [36, 17], [90, 66], [36, 74], [68, 49], [13, 79], [41, 24], [42, 19], [73, 44], [4, 77], [12, 6], [15, 71], [35, 56], [40, 20], [40, 70], [16, 32], [48, 57], [55, 74], [90, 26], [42, 89], [49, 41], [24, 40], [83, 41], [81, 11], [51, 30], [88, 88], [87, 20], [33, 44], [9, 77], [50, 30], [53, 51], [94, 10], [62, 68], [22, 43], [62, 27], [23, 4], [61, 60], [3, 39], [40, 40], [50, 65], [47, 52], [37, 39], [8, 47], [9, 24], [60, 31], [79, 36], [51, 62], [29, 51], [26, 72], [59, 53], [86, 33], [64, 60], [93, 29], [46, 33], [5, 57], [17, 21], [51, 9], [47, 70], [48, 0], [57, 38], [95, 16], [14, 47], [16, 73], [16, 95], [5, 82], [89, 68], [73, 4], [74, 38], [8, 79], [34, 24], [48, 69], [89, 37], [38, 32], [50, 34], [95, 31], [45, 31], [73, 96], [70, 63], [46, 14], [62, 89], [49, 93], [96, 86], [89, 95], [47, 17], [99, 92], [57, 56], [87, 12], [54, 86], [17, 89], [32, 40], [1, 73], [0, 66], [22, 38], [4, 90], [60, 82], [86, 85], [8, 20], [9, 36], [6, 64], [47, 49], [37, 32], [71, 95], [37, 27], [61, 52], [43, 54], [90, 39], [84, 34], [4, 81], [24, 59], [23, 69], [34, 46], [27, 85], [48, 86], [27, 79], [67, 67], [64, 1], [31, 68], [27, 67], [31, 48], [76, 20], [65, 74], [64, 16], [56, 41], [23, 27], [43, 13], [24, 63], [35, 36], [66, 83], [7, 30], [49, 88], [77, 5], [50, 7], [15, 9], [84, 5], [91, 9], [67, 1], [51, 60], [50, 49], [8, 60], [16, 77], [45, 27], [44, 33], [9, 59], [24, 57], [5, 33], [92, 48], [38, 83], [59, 8], [60, 7], [43, 17], [8, 64], [63, 67], [97, 29], [18, 1], [33, 83], [48, 44], [45, 26], [40, 78], [52, 30], [43, 32], [89, 23], [96, 22], [94, 18], [12, 30], [56, 19], [79, 16], [78, 7], [60, 64], [19, 49], [65, 64], [8, 62], [52, 54], [22, 68], [40, 76], [63, 49], [44, 34], [84, 49], [87, 18], [51, 80], [56, 71], [53, 71], [45, 76], [22, 85], [56, 73], [5, 46], [54, 97], [52, 33], [18, 32], [58, 84], [83, 73], [8, 2], [23, 14], [17, 28], [20, 18], [40, 83], [57, 59], [4, 80], [7, 99], [6, 9], [51, 37], [9, 32], [32, 29], [27, 81], [77, 90], [58, 45], [93, 82], [27, 91], [39, 62], [2, 20], [66, 40], [66, 78], [49, 70], [63, 13], [86, 16], [23, 95], [18, 34], [59, 24], [18, 88], [13, 89], [24, 56], [89, 55], [36, 30], [5, 70], [92, 99], [76, 5], [40, 25], [50, 52], [1, 56], [36, 9], [75, 72], [12, 93], [52, 16], [63, 91], [46, 49], [63, 92], [2, 8], [65, 16], [57, 97], [50, 54], [30, 7], [13, 92], [51, 55], [22, 52], [99, 10], [91, 51], [46, 76], [45, 10], [22, 91], [30, 44], [63, 17], [70, 47], [76, 95], [49, 45], [9, 33], [23, 42], [62, 34], [59, 43], [51, 45], [47, 55], [73, 38], [0, 85], [80, 47], [94, 68], [18, 28], [40, 66], [45, 36], [40, 1], [85, 30], [50, 59], [15, 93], [45, 53], [7, 31], [7, 33], [1, 12], [32, 87], [59, 90], [55, 70], [16, 87], [13, 80], [44, 52], [22, 39], [27, 10], [56, 74], [78, 57], [24, 71], [23, 60], [33, 45], [39, 48], [92, 92], [59, 46], [85, 39], [11, 62], [25, 72], [85, 10], [66, 27], [32, 3], [21, 92], [40, 88], [45, 93], [69, 59], [89, 67], [77, 99], [70, 62], [15, 87], [75, 4], [67, 89], [19, 35], [89, 69], [87, 30], [98, 16], [52, 45], [70, 40], [64, 32], [27, 61], [39, 34], [32, 44], [43, 22], [16, 34], [5, 6], [59, 93], [37, 78], [9, 19], [93, 60], [45, 94], [66, 80], [84, 42], [83, 5], [12, 99], [39, 7], [39, 45], [62, 53], [52, 51], [36, 40], [97, 26], [75, 39], [45, 19], [81, 66], [16, 94], [20, 84], [62, 41], [47, 48], [34, 35], [94, 81], [90, 38], [7, 77], [55, 19], [44, 53], [61, 75], [29, 68], [29, 24], [35, 88], [2, 6], [50, 31], [59, 47], [15, 84], [0, 89], [35, 54], [42, 87], [7, 47], [57, 87], [86, 79], [52, 80], [34, 71], [43, 21], [34, 57], [51, 5], [59, 35], [39, 5], [70, 23], [76, 97], [28, 94], [52, 94], [32, 99], [79, 10], [58, 52], [39, 49], [10, 9], [54, 37], [5, 91], [45, 77], [28, 14], [42, 50], [56, 8], [99, 14], [4, 26], [37, 57], [38, 56], [96, 32], [26, 28], [20, 22], [93, 86], [71, 25], [1, 9], [53, 43], [37, 58], [3, 9], [88, 99], [26, 17], [75, 68], [2, 93], [14, 76], [41, 27], [38, 1], [76, 91], [98, 21], [9, 31], [58, 53], [65, 5], [65, 30], [66, 21], [40, 80], [18, 84], [31, 47], [26, 31], [52, 64], [62, 86], [17, 74], [70, 76], [97, 61], [22, 6], [14, 17], [14, 84], [50, 53], [11, 73], [25, 50], [66, 43], [17, 36], [27, 20], [33, 52], [2, 58], [58, 60], [6, 68], [63, 60], [54, 19], [20, 17], [36, 50], [38, 72], [67, 14], [39, 89], [14, 91], [26, 63], [3, 77], [35, 2], [91, 18], [71, 64], [50, 95], [32, 13], [24, 15], [26, 47], [42, 48], [38, 38], [59, 42], [96, 14], [27, 28], [56, 90], [17, 16], [27, 8], [34, 19], [29, 6], [74, 98], [48, 63], [75, 53], [44, 56], [85, 2], [87, 86], [51, 94], [1, 59], [56, 63], [8, 21], [56, 96], [9, 7], [60, 68], [35, 57], [26, 16], [32, 46], [8, 65], [48, 91], [49, 39], [51, 92], [90, 85], [43, 94], [41, 13], [22, 3], [9, 17], [19, 48], [11, 78], [60, 36], [5, 38], [55, 97], [30, 20], [45, 79], [21, 72], [54, 64], [56, 66], [73, 8], [51, 51], [15, 70], [57, 5], [73, 40], [22, 72], [52, 27], [21, 96], [77, 24], [18, 4], [8, 19], [52, 42], [37, 11], [46, 68], [33, 78], [64, 24], [63, 26], [67, 55], [47, 68], [76, 66], [40, 13], [17, 82], [53, 85], [48, 62], [94, 34], [61, 59], [94, 27], [65, 3], [75, 95], [96, 20], [32, 81], [83, 13], [76, 14], [81, 6], [79, 62], [32, 74], [9, 65], [61, 70], [99, 26], [86, 77], [33, 42], [1, 54], [95, 23], [94, 9], [16, 4], [9, 69], [93, 39], [54, 31], [1, 24], [44, 24], [62, 93], [82, 0], [45, 54], [66, 13], [10, 69], [27, 41], [39, 84], [1, 5], [41, 5], [84, 74], [56, 25], [37, 83], [28, 54], [97, 10], [39, 29], [18, 17], [39, 36], [70, 28], [55, 79], [18, 83], [31, 96], [29, 56], [48, 25], [52, 32], [32, 18], [38, 19], [69, 9], [79, 70], [44, 12], [68, 86], [50, 28], [70, 96], [97, 93], [6, 44], [74, 11], [56, 10], [72, 43], [61, 31], [30, 10], [97, 88], [1, 74], [50, 33], [8, 66], [15, 86], [54, 69], [21, 3], [34, 12], [60, 60], [21, 47], [59, 88], [69, 67], [12, 81], [77, 16], [19, 4], [45, 85], [63, 20], [69, 26], [69, 74], [31, 31], [98, 38], [26, 58], [78, 31], [39, 73], [56, 48], [41, 64], [75, 32], [50, 0], [53, 68], [49, 66], [38, 42], [37, 34], [32, 22], [51, 81], [60, 35], [46, 6], [19, 10], [34, 83], [42, 98], [4, 3], [36, 69], [49, 42], [69, 44], [96, 78], [67, 42], [45, 39], [67, 73], [64, 13], [31, 8], [34, 40], [81, 31], [50, 83], [40, 77], [45, 9], [12, 21], [8, 87], [48, 9], [32, 38], [45, 65], [18, 48], [0, 38], [54, 65], [52, 72], [70, 38], [48, 60], [3, 83], [5, 7], [29, 88], [59, 77], [32, 9], [46, 98], [4, 24], [14, 36], [21, 2], [44, 75], [28, 16], [26, 52], [70, 10], [37, 2], [47, 28], [20, 31], [41, 19], [90, 23], [80, 51], [82, 63], [7, 65], [45, 70], [52, 11], [52, 19], [7, 28], [25, 21], [16, 5], [85, 73], [95, 18], [51, 46], [33, 93], [77, 96], [60, 95], [49, 54], [20, 9], [94, 25], [67, 60], [38, 21], [22, 32], [26, 95], [58, 36], [62, 67], [55, 4], [33, 68], [53, 79], [2, 46], [79, 55], [39, 47], [72, 31], [41, 44], [22, 21], [16, 71], [55, 38], [24, 58], [38, 10], [79, 54], [25, 8], [25, 95], [18, 6], [37, 35], [82, 53], [21, 94], [46, 11], [45, 88], [29, 92], [28, 77], [2, 27], [61, 86], [25, 75], [52, 29], [75, 75], [41, 21], [11, 25], [29, 14], [78, 83], [65, 79], [70, 69], [65, 31], [64, 46], [4, 51], [34, 47], [32, 10], [78, 85], [44, 32], [47, 84], [75, 71], [95, 14], [93, 88], [61, 11], [36, 75], [32, 68], [60, 43], [5, 71], [26, 79], [49, 90], [68, 17], [53, 13], [42, 91], [23, 26], [38, 94], [44, 63], [7, 12], [41, 83], [91, 41], [21, 62], [65, 48], [64, 44], [5, 68], [74, 13], [59, 55], [41, 71], [48, 40], [24, 84], [69, 55], [10, 26], [44, 70], [25, 45], [74, 62], [38, 50], [75, 22], [25, 99], [70, 95], [69, 38], [52, 49], [79, 34], [70, 68], [53, 83], [4, 42], [56, 38], [35, 90], [56, 99], [0, 35], [87, 24], [47, 42], [16, 1], [56, 40], [82, 87], [57, 2], [55, 53], [33, 47], [32, 53], [52, 17], [70, 91], [6, 39], [40, 3], [44, 77], [84, 31], [13, 45], [88, 94], [80, 28], [22, 82], [60, 4], [0, 77], [6, 83], [76, 78], [80, 49], [66, 4], [30, 37], [67, 95], [68, 57], [1, 86], [69, 41], [69, 46], [65, 1], [90, 73], [33, 51], [54, 75], [39, 85], [53, 55], [39, 90], [13, 77], [69, 64], [24, 42], [41, 23], [22, 46], [96, 28], [31, 15], [83, 34], [45, 48], [91, 72], [47, 81], [21, 10], [11, 96], [24, 24], [64, 3], [30, 45], [10, 11], [62, 62], [85, 68], [1, 89], [86, 60], [34, 78], [46, 24], [28, 42], [40, 37], [37, 82], [65, 24], [28, 76], [47, 33], [53, 75], [3, 34], [59, 17], [72, 75], [49, 55], [21, 38], [59, 20], [68, 52], [91, 49], [86, 38], [26, 56], [43, 10], [91, 13], [25, 23], [27, 16], [46, 38], [39, 35], [43, 73], [78, 75], [75, 30], [67, 36], [92, 70], [21, 57], [49, 34], [66, 84], [60, 16], [50, 82], [16, 89], [43, 67], [67, 82], [33, 26], [7, 85], [33, 8], [34, 89], [56, 85], [79, 47], [55, 11], [5, 39], [32, 49], [81, 15], [98, 13], [4, 46], [73, 70], [39, 24], [1, 68], [16, 39], [46, 25], [78, 26], [54, 16], [92, 12], [4, 59], [21, 98], [33, 0], [10, 92], [30, 29], [38, 57], [62, 3], [5, 3], [27, 42], [42, 62], [63, 35], [28, 40], [37, 17], [93, 24], [40, 33], [20, 45], [58, 55], [23, 38], [38, 52], [49, 6], [31, 85], [38, 12], [0, 71], [61, 29], [1, 79], [61, 88], [25, 71], [51, 39], [42, 71], [84, 23], [63, 93], [32, 94], [25, 57], [14, 5], [44, 38], [26, 5], [37, 38], [46, 56], [10, 63], [23, 29], [88, 68], [8, 80], [53, 78], [93, 16], [43, 20], [4, 79], [56, 76], [61, 13], [40, 48], [95, 83], [24, 41], [72, 57], [52, 53], [54, 13], [80, 82], [96, 25], [3, 48], [59, 25], [63, 85], [36, 79], [54, 62], [64, 29], [29, 86], [8, 72], [35, 27], [91, 62], [51, 40], [80, 48], [30, 68], [28, 95], [4, 34], [15, 77], [24, 43], [74, 37], [77, 93], [22, 24], [3, 21], [32, 26], [2, 35], [54, 61], [53, 16], [29, 81], [86, 62], [28, 51], [24, 80], [12, 92], [57, 4], [51, 76], [74, 93], [42, 38], [23, 48], [50, 3], [59, 71], [31, 88], [70, 64], [56, 54], [67, 3], [61, 14], [44, 43], [65, 61], [0, 44], [88, 63], [85, 81], [48, 53], [74, 18], [75, 70], [46, 4], [44, 80], [58, 56], [17, 27], [79, 46], [30, 5], [40, 26], [87, 92], [16, 78], [92, 63], [20, 25], [43, 42], [53, 44], [45, 87], [5, 28], [0, 97], [9, 28], [84, 50], [21, 12], [45, 62], [78, 6], [45, 55], [47, 11], [78, 48], [28, 93], [85, 16], [69, 39], [41, 93], [44, 82], [59, 85], [32, 71], [51, 77], [11, 66], [7, 34], [31, 92], [70, 18], [99, 56], [55, 67], [10, 80], [36, 82], [44, 44], [93, 1], [28, 15], [9, 3], [55, 99], [10, 84], [57, 48], [33, 9], [12, 18], [87, 37], [41, 53], [7, 22], [0, 55], [42, 64], [66, 10], [25, 38], [27, 49], [14, 75], [38, 11], [44, 54], [11, 90], [35, 30], [51, 98], [73, 55], [29, 96], [64, 71], [63, 95], [25, 55], [10, 1], [4, 74], [57, 7], [93, 55], [22, 0], [28, 74], [95, 21], [34, 77], [11, 24], [13, 72], [72, 64], [57, 19], [81, 14], [92, 44], [8, 33], [83, 93], [26, 86], [56, 77], [77, 38], [31, 19], [57, 52], [35, 4], [46, 47], [72, 17], [56, 11], [64, 28], [50, 90], [74, 14], [53, 28], [27, 22], [26, 24], [37, 50], [26, 33], [77, 85], [74, 35], [63, 72], [88, 30], [72, 71], [86, 99], [33, 82], [99, 32], [53, 72], [16, 48], [52, 26], [70, 98], [4, 49], [50, 14], [35, 44], [19, 74], [50, 39], [37, 42], [16, 70], [32, 32], [7, 19], [45, 46], [82, 23], [14, 2], [41, 74], [27, 68], [2, 51], [38, 71], [56, 89], [81, 42], [35, 51], [65, 66], [59, 75], [54, 77], [35, 7], [21, 13], [51, 66], [99, 0], [13, 0], [26, 39], [41, 78], [59, 2], [55, 47], [79, 93], [77, 15], [17, 7], [22, 29], [84, 0], [71, 74], [44, 22], [14, 74], [10, 14], [81, 99], [20, 51], [78, 12], [83, 28], [93, 92], [84, 58], [48, 30], [8, 82], [23, 93], [68, 70], [64, 59], [85, 70], [10, 65], [38, 84], [69, 12], [34, 84], [29, 52], [52, 90], [24, 47], [23, 25], [42, 46], [31, 20], [64, 70], [97, 7], [36, 81], [12, 71], [4, 11], [28, 41], [64, 33], [46, 66], [61, 94], [5, 87], [41, 41], [45, 17], [31, 28], [22, 95], [17, 17], [31, 32], [70, 26], [17, 48], [40, 41], [39, 14], [53, 56], [23, 51], [55, 59], [68, 0], [62, 7], [55, 18], [62, 48], [74, 87], [42, 15], [32, 69], [47, 24], [12, 23], [17, 99], [25, 85], [80, 7], [29, 16], [27, 23], [42, 68], [71, 52], [26, 81], [10, 98], [18, 14], [47, 93], [24, 64], [44, 13], [22, 4], [49, 80], [70, 16], [89, 49], [23, 61], [57, 60], [82, 83], [40, 2], [65, 94], [82, 93], [37, 69], [32, 70], [54, 11], [55, 35], [67, 54], [13, 98], [73, 20], [82, 99], [72, 23], [1, 18], [49, 35], [13, 6], [68, 62], [78, 68], [14, 78], [20, 71], [14, 88], [61, 55], [41, 46], [76, 13], [30, 2], [37, 30], [56, 95], [15, 3], [87, 54], [53, 50], [43, 12], [40, 39], [38, 40], [64, 72], [91, 60], [28, 50], [88, 83], [47, 78], [57, 91], [21, 87], [63, 86], [30, 92], [76, 75], [77, 50], [42, 4], [58, 73], [46, 65], [48, 43], [16, 7], [44, 15], [43, 7], [12, 4], [19, 40], [53, 94], [21, 55], [5, 61], [97, 85], [32, 41], [97, 18], [29, 41], [57, 73], [96, 21], [41, 66], [87, 33], [27, 19], [55, 51], [77, 45], [95, 77], [24, 34], [36, 55], [73, 16], [84, 1], [80, 78], [9, 76], [54, 72], [54, 26], [63, 90], [1, 30], [20, 48], [47, 34], [30, 83], [43, 23], [68, 4], [75, 2], [49, 3], [27, 43], [60, 17], [50, 50], [46, 45], [38, 39], [99, 88], [23, 72], [13, 84], [53, 81], [99, 29], [80, 43], [24, 44], [55, 46], [26, 55], [54, 40], [63, 53], [37, 41], [63, 50], [47, 94], [84, 22], [8, 24], [92, 33], [18, 52], [85, 46], [44, 68], [8, 27], [81, 33], [48, 72], [75, 47], [66, 15], [64, 50], [95, 75], [67, 81], [65, 17], [74, 45], [41, 47], [99, 57], [85, 56], [97, 76], [37, 3], [42, 86], [91, 0], [3, 33], [4, 2], [11, 17], [83, 48], [52, 97], [79, 37], [42, 85], [24, 27], [21, 8], [35, 93], [95, 79], [91, 15], [31, 5], [61, 77], [27, 21], [47, 67], [20, 11], [34, 26], [78, 34], [82, 69], [41, 85], [4, 28], [51, 41], [76, 80], [29, 71], [34, 8], [61, 99], [23, 47], [87, 22], [96, 9], [1, 31], [26, 9], [90, 79], [13, 30], [10, 72], [19, 5], [85, 72], [73, 27], [27, 39], [5, 8], [69, 10], [18, 85], [28, 86], [81, 19], [33, 19], [22, 31], [57, 65], [49, 19], [61, 89], [59, 81], [29, 75], [57, 99], [26, 84], [36, 32], [30, 47], [44, 97], [7, 11], [64, 52], [81, 12], [44, 85], [36, 45], [28, 91], [13, 1], [60, 54], [50, 60], [91, 25], [6, 95], [6, 61], [61, 58], [82, 5], [27, 34], [51, 83], [9, 75], [50, 20], [53, 14], [29, 11], [89, 91], [32, 1], [9, 5], [21, 73], [46, 22], [3, 93], [34, 38], [67, 74], [48, 76], [12, 74], [36, 65], [79, 3], [9, 58], [31, 39], [22, 25], [38, 77], [83, 87], [32, 39], [30, 71], [50, 13], [42, 21], [68, 66], [51, 70], [97, 33], [67, 69], [62, 55], [93, 32], [55, 69], [36, 10], [19, 39], [22, 42], [49, 64], [83, 38], [4, 54], [58, 99], [34, 48], [35, 81], [47, 62], [73, 32], [72, 44], [90, 33], [45, 84], [21, 26], [59, 58], [8, 57], [15, 8], [41, 73], [59, 99], [54, 36], [7, 78], [67, 53], [32, 82], [20, 5], [2, 70], [1, 40], [98, 8], [51, 64], [37, 49], [75, 94], [40, 51], [50, 67], [98, 61], [48, 59], [24, 33], [93, 33], [46, 36], [5, 21], [0, 67], [59, 64], [66, 71], [81, 5], [21, 56], [90, 42], [95, 86], [99, 25], [89, 78], [34, 85], [54, 84], [19, 26], [85, 67], [39, 42], [66, 50], [92, 80], [26, 30], [97, 8], [88, 33], [2, 33], [32, 86], [71, 79], [10, 61], [15, 98], [11, 86], [22, 54], [37, 86], [69, 65], [27, 24], [59, 98], [66, 23], [77, 69], [44, 66], [15, 74], [27, 32], [33, 55], [99, 1], [33, 73], [74, 60], [48, 31], [65, 51], [64, 6], [64, 94], [87, 80], [54, 44], [82, 79], [77, 11], [4, 38], [43, 40], [44, 62], [10, 35], [46, 37], [99, 11], [22, 86], [99, 16], [46, 75], [35, 34], [38, 31], [2, 66], [61, 1], [25, 63], [13, 94], [54, 73], [33, 22], [95, 12], [34, 50], [51, 58], [43, 78], [83, 12], [43, 38], [90, 31], [42, 82], [8, 59], [80, 30], [71, 92], [45, 80], [21, 97], [12, 13], [62, 85], [90, 55], [78, 37], [87, 4], [33, 35], [69, 70], [73, 49], [38, 35], [2, 34], [19, 32], [33, 72], [10, 31], [15, 49], [60, 66], [56, 92], [86, 12], [29, 98], [57, 81], [40, 27], [0, 8], [9, 79], [20, 47], [66, 48], [87, 3], [55, 31], [21, 30], [6, 85], [7, 25], [57, 46], [49, 24], [31, 14], [3, 28], [44, 67], [85, 11], [44, 98], [41, 42], [53, 9], [85, 51], [60, 30], [84, 85], [18, 22], [34, 28], [22, 53], [40, 28], [60, 85], [44, 57], [69, 95], [73, 85], [89, 96], [91, 69], [87, 29], [71, 12], [62, 39], [70, 82], [83, 83], [51, 56], [13, 13], [14, 40], [31, 11], [67, 62], [11, 19], [18, 31], [52, 61], [48, 15], [30, 21], [20, 42], [1, 67], [43, 28], [44, 64], [65, 75], [37, 52], [89, 26], [69, 82], [56, 39], [21, 84], [81, 76], [48, 28], [56, 9], [31, 93], [65, 57], [54, 70], [50, 41], [82, 90], [31, 24], [77, 12], [26, 89], [88, 22], [98, 89], [84, 79], [17, 94], [51, 12], [22, 69], [42, 59], [53, 27], [64, 81], [48, 20], [80, 9], [93, 11], [88, 13], [32, 36], [74, 99], [34, 43], [59, 39], [60, 18], [28, 87], [27, 50], [31, 23], [42, 22], [34, 75], [46, 48], [55, 86], [65, 29], [43, 43], [28, 46], [58, 11], [51, 71], [89, 70], [34, 92], [42, 37], [35, 47], [16, 15], [92, 9], [9, 96], [13, 74], [13, 9], [40, 84], [64, 51], [56, 36], [68, 3], [38, 45], [80, 81], [22, 1], [27, 9], [36, 47], [87, 85], [73, 10], [70, 89], [15, 6], [1, 36], [29, 5], [56, 22], [28, 31], [45, 78], [1, 27], [48, 3], [97, 90], [24, 87], [14, 30], [53, 88], [47, 53], [36, 1], [37, 90], [35, 83], [41, 35], [20, 90], [42, 5], [93, 71], [48, 21], [70, 27], [64, 96], [93, 27], [3, 15], [95, 85], [78, 84], [26, 15], [43, 51], [52, 82], [24, 70], [37, 12], [9, 13], [52, 36], [51, 97], [12, 38], [4, 64], [58, 79], [88, 28], [65, 70], [84, 24], [19, 36], [72, 0], [14, 52], [25, 73], [34, 5], [66, 14], [4, 91], [74, 7], [49, 86], [59, 32], [31, 16], [40, 52], [68, 87], [11, 94], [87, 39], [34, 3], [69, 66], [76, 30], [44, 26], [49, 15], [59, 86], [98, 99], [40, 24], [42, 57], [56, 7], [59, 73], [69, 84], [42, 70], [9, 2], [4, 9], [16, 92], [4, 87], [61, 12], [30, 12], [53, 93], [52, 20], [68, 91], [38, 2], [42, 27], [65, 23], [72, 90], [14, 79], [5, 10], [46, 15], [33, 54], [69, 89], [25, 69], [2, 78], [28, 47], [75, 38], [85, 93], [32, 88], [69, 31], [11, 74], [27, 70], [97, 15], [84, 95], [84, 8], [38, 73], [54, 28], [4, 5], [10, 25], [26, 1], [36, 52], [88, 57], [30, 95], [15, 14], [47, 99], [65, 83], [95, 22], [70, 22], [43, 24], [9, 66], [73, 5], [22, 65], [8, 17], [48, 42], [1, 28], [35, 48], [3, 62], [82, 7], [60, 77], [29, 84], [12, 75], [3, 1], [44, 37], [29, 23], [58, 91], [70, 78], [5, 19], [94, 22], [44, 10], [2, 4], [52, 52], [35, 29], [4, 71], [56, 55], [55, 82], [84, 20], [26, 85], [96, 18], [46, 9], [48, 48], [90, 74], [72, 66], [39, 67], [90, 30], [49, 20], [50, 86], [33, 7], [57, 39], [84, 2], [83, 44], [65, 98], [81, 46], [58, 34], [50, 18], [73, 60], [29, 91], [22, 15], [2, 86], [61, 41], [73, 83], [54, 7], [21, 6], [38, 54], [45, 30], [23, 16], [3, 27], [18, 11], [75, 66], [45, 29], [37, 7], [46, 71], [65, 18], [55, 73], [61, 54], [7, 67], [44, 42], [21, 79], [37, 80], [23, 17], [9, 95], [50, 64], [57, 6], [0, 74], [20, 28], [43, 98], [70, 3], [4, 10], [83, 81], [38, 70], [14, 32], [25, 13], [36, 35], [73, 66], [32, 34], [33, 77], [34, 36], [3, 92], [33, 13], [41, 91], [94, 19], [55, 39], [31, 33], [46, 29], [73, 26], [41, 52], [82, 80]], "targets": [[79, 82], [38, 83], [38, 72], [70, 14], [7, 67], [14, 98], [51, 57], [79, 19], [42, 57], [26, 75], [51, 74], [36, 71], [23, 72], [64, 10], [80, 13], [37, 76], [24, 73], [5, 98], [29, 72], [89, 74], [11, 72], [50, 57], [43, 70], [58, 12], [35, 73], [32, 75], [84, 18], [45, 76], [36, 68], [14, 97], [22, 84], [84, 80], [67, 18], [7, 65], [82, 11], [46, 70], [26, 70], [26, 74], [45, 65], [44, 57], [48, 73], [63, 10], [35, 71], [12, 99], [32, 83], [78, 18], [84, 72], [10, 72], [45, 71], [36, 70], [31, 73], [58, 18], [42, 71], [26, 72], [8, 95], [48, 62], [83, 16], [26, 79], [39, 79], [79, 74], [70, 20], [11, 65], [24, 70], [30, 72], [81, 11], [49, 70], [26, 73], [10, 95], [59, 11], [31, 83], [52, 62], [49, 76], [36, 74], [80, 81], [1, 73], [84, 15], [40, 58], [32, 77], [39, 71], [63, 20], [24, 69], [14, 99], [35, 83], [43, 82], [86, 16], [29, 71], [85, 72], [61, 18], [6, 73], [50, 63], [39, 83], [36, 77], [33, 68], [6, 99], [79, 11], [47, 73], [27, 81], [60, 17], [35, 74], [84, 78], [6, 64], [47, 81], [30, 75], [30, 73], [5, 94], [49, 59], [77, 15], [66, 19], [41, 72], [34, 83], [25, 69], [43, 58], [38, 79], [79, 17], [85, 74], [70, 10], [2, 67], [24, 84], [25, 71], [8, 97], [43, 84], [46, 64], [35, 72], [37, 67], [79, 9], [68, 19], [48, 84], [86, 76], [37, 70], [11, 74], [8, 94], [28, 82], [40, 83], [59, 19], [82, 19], [36, 72], [36, 73], [48, 61], [47, 80], [35, 69], [13, 96], [22, 73], [83, 82], [66, 14], [3, 68], [76, 17], [39, 84], [41, 56], [35, 77], [28, 71], [37, 83], [65, 17], [26, 66], [13, 98], [48, 57], [81, 10], [27, 73], [48, 74], [83, 81], [10, 64], [31, 74], [68, 22], [36, 75], [43, 74], [80, 15], [27, 75], [11, 95], [27, 76], [40, 81], [85, 82], [66, 17], [4, 67], [47, 65], [27, 80], [84, 10], [41, 71], [22, 77], [24, 67], [13, 99], [60, 11], [44, 82], [24, 82], [43, 59], [85, 18], [83, 74], [1, 70], [33, 73], [37, 80], [52, 64], [23, 83], [67, 15], [32, 70], [9, 95], [41, 84], [83, 9], [33, 74], [34, 71], [79, 76], [69, 21], [11, 71], [45, 84], [35, 82], [27, 66], [5, 99], [49, 63], [86, 9], [47, 77], [63, 19], [36, 84], [38, 66], [46, 77], [85, 78], [5, 64], [79, 15], [33, 70], [24, 78], [8, 96], [67, 12], [48, 72], [40, 53], [46, 61], [28, 81], [35, 70], [50, 74], [83, 18], [79, 77], [65, 12], [8, 68], [33, 79], [26, 67], [6, 98], [42, 84], [82, 14], [36, 83], [37, 66], [67, 20], [48, 78], [50, 60], [86, 82], [2, 69], [24, 71], [34, 75], [10, 98], [37, 84], [84, 16], [62, 22], [32, 76], [32, 71], [44, 81], [73, 11], [8, 69], [64, 65], [11, 62], [90, 81], [0, 28], [59, 56], [4, 70], [41, 76], [69, 4], [39, 59], [61, 69], [41, 11], [32, 95], [69, 11], [32, 18], [1, 10], [41, 17], [53, 42], [63, 73], [29, 17], [68, 58], [66, 20], [63, 82], [4, 1], [90, 97], [73, 1], [36, 55], [31, 45], [8, 67], [86, 36], [57, 61], [45, 81], [17, 49], [77, 97], [64, 70], [45, 25], [58, 78], [35, 14], [96, 15], [40, 5], [41, 28], [19, 72], [17, 14], [65, 30], [82, 21], [16, 83], [52, 13], [6, 0], [88, 2], [71, 16], [98, 14], [68, 47], [39, 40], [50, 93], [8, 81], [74, 83], [15, 96], [61, 30], [28, 51], [47, 42], [45, 78], [53, 18], [39, 67], [8, 64], [22, 35], [49, 71], [61, 40], [33, 94], [40, 39], [30, 79], [24, 51], [50, 96], [9, 73], [56, 76], [68, 93], [81, 59], [48, 68], [59, 39], [29, 86], [61, 38], [47, 98], [82, 76], [74, 20], [75, 82], [59, 83], [37, 34], [77, 98], [17, 70], [55, 21], [57, 71], [88, 71], [43, 64], [57, 9], [35, 41], [0, 88], [31, 75], [75, 28], [2, 51], [59, 10], [23, 56], [53, 80], [7, 79], [52, 81], [81, 80], [42, 11], [52, 33], [5, 67], [11, 58], [55, 30], [40, 69], [5, 19], [4, 4], [72, 32], [73, 18], [58, 8], [52, 72], [61, 11], [22, 89], [4, 44], [80, 1], [67, 27], [56, 66], [4, 64], [34, 84], [3, 47], [42, 53], [64, 20], [49, 43], [84, 79], [70, 67], [44, 78], [53, 39], [52, 41], [16, 93], [77, 44], [39, 25], [64, 11], [19, 38], [77, 14], [34, 34], [39, 53], [9, 14], [40, 6], [24, 3], [42, 81], [44, 21], [60, 31], [58, 50], [11, 21], [65, 65], [10, 35], [21, 52], [64, 24], [13, 75], [29, 29], [42, 55], [54, 55], [18, 77], [47, 66], [30, 90], [73, 58], [9, 23], [50, 51], [32, 34], [52, 3], [55, 66], [39, 42], [52, 29], [57, 3], [44, 92], [59, 8], [79, 8], [14, 10], [55, 52], [47, 13], [5, 72], [72, 13], [87, 4], [41, 94], [50, 4], [48, 3], [40, 54], [49, 88], [7, 2], [14, 18], [47, 54], [7, 88], [85, 20], [50, 44], [97, 87], [93, 19], [44, 46], [72, 5], [39, 30], [51, 60], [16, 88], [47, 36], [40, 50], [75, 68], [69, 22], [39, 37], [37, 50], [64, 38], [55, 54], [36, 59], [86, 74], [18, 95], [69, 5], [44, 20], [27, 35], [81, 54], [86, 42], [97, 37], [33, 6], [57, 8], [16, 0], [45, 69], [23, 17], [90, 51], [57, 44], [49, 58], [38, 52], [54, 22], [29, 57], [85, 56], [64, 92], [92, 12], [46, 32], [60, 99], [94, 91], [50, 85], [91, 0], [77, 34], [96, 82], [37, 78], [0, 60], [70, 56], [59, 50], [58, 13], [14, 29], [91, 3], [43, 20], [51, 12], [69, 50], [10, 74], [9, 94], [31, 13], [37, 93], [91, 89], [81, 69], [99, 11], [34, 26], [57, 81], [0, 20], [84, 75], [90, 42], [63, 69], [27, 70], [55, 45], [42, 90], [3, 87], [31, 9], [4, 22], [25, 24], [14, 77], [60, 29], [15, 76], [92, 60], [33, 24], [35, 6], [51, 47], [5, 81], [86, 71], [14, 24], [58, 74], [64, 77], [46, 53], [54, 18], [86, 49], [35, 68], [51, 35], [91, 91], [2, 90], [58, 52], [43, 24], [82, 32], [61, 36], [93, 0], [52, 60], [37, 33], [58, 27], [46, 83], [53, 73], [32, 55], [47, 55], [6, 62], [96, 34], [98, 34], [12, 26], [98, 61], [92, 49], [10, 60], [3, 37], [9, 20], [4, 10], [86, 29], [36, 48], [76, 62], [70, 60], [41, 45], [63, 32], [31, 12], [53, 44], [20, 93], [85, 28], [56, 73], [41, 86], [53, 61], [61, 56], [10, 32], [40, 91], [83, 83], [4, 19], [61, 42], [60, 47], [14, 16], [95, 26], [45, 59], [40, 86], [39, 36], [9, 63], [47, 61], [44, 10], [61, 71], [18, 89], [23, 94], [57, 70], [88, 51], [41, 40], [3, 53], [45, 30], [40, 79], [63, 78], [71, 35], [88, 57], [20, 29], [76, 13], [14, 96], [32, 30], [6, 97], [91, 49], [3, 20], [38, 59], [62, 62], [13, 17], [20, 36], [66, 24], [26, 35], [69, 43], [56, 70], [59, 18], [38, 80], [42, 70], [50, 72], [72, 99], [38, 25], [81, 76], [58, 10], [50, 79], [78, 82], [39, 41], [28, 2], [79, 38], [33, 51], [50, 58], [27, 89], [61, 60], [61, 41], [5, 24], [77, 28], [77, 53], [65, 36], [44, 3], [80, 78], [38, 51], [38, 67], [1, 92], [72, 83], [66, 79], [63, 26], [81, 85], [46, 42], [31, 50], [69, 90], [48, 92], [14, 8], [72, 95], [75, 1], [61, 23], [6, 2], [46, 47], [4, 59], [91, 69], [1, 22], [18, 44], [40, 48], [69, 72], [16, 84], [29, 56], [85, 19], [74, 67], [94, 79], [35, 75], [18, 22], [64, 99], [21, 45], [10, 75], [3, 31], [9, 7], [79, 60], [24, 30], [31, 3], [49, 23], [58, 71], [0, 3], [38, 7], [34, 40], [45, 63], [40, 27], [87, 46], [56, 19], [42, 29], [85, 25], [37, 98], [8, 87], [43, 87], [44, 28], [62, 90], [44, 97], [27, 86], [26, 42], [42, 40], [26, 8], [56, 8], [28, 80], [44, 86], [55, 85], [63, 51], [33, 87], [25, 56], [79, 31], [45, 45], [83, 68], [17, 33], [61, 59], [46, 37], [55, 58], [22, 57], [36, 33], [72, 53], [4, 87], [20, 16], [51, 5], [49, 21], [23, 21], [31, 32], [53, 86], [28, 3], [22, 32], [70, 81], [92, 98], [37, 7], [43, 22], [59, 60], [76, 67], [45, 29], [44, 49], [55, 11], [43, 42], [88, 17], [55, 28], [11, 46], [96, 69], [16, 42], [5, 13], [74, 66], [38, 33], [68, 14], [39, 55], [35, 55], [57, 51], [48, 11], [98, 58], [39, 60], [40, 64], [54, 73], [34, 27], [58, 25], [72, 80], [97, 29], [51, 68], [9, 30], [3, 71], [54, 31], [7, 8], [15, 94], [68, 55], [22, 72], [6, 11], [71, 11], [15, 24], [3, 60], [25, 66], [96, 96], [2, 21], [53, 10], [33, 31], [27, 27], [33, 30], [50, 52], [33, 83], [34, 91], [95, 97], [60, 63], [64, 8], [58, 64], [7, 14], [0, 14], [62, 45], [46, 65], [48, 27], [64, 58], [83, 29], [25, 39], [52, 51], [10, 83], [34, 51], [3, 28], [19, 94], [55, 9], [27, 6], [48, 42], [34, 50], [31, 49], [66, 18], [3, 7], [18, 71], [28, 93], [5, 26], [72, 78], [56, 9], [7, 62], [51, 27], [51, 30], [43, 57], [41, 70], [83, 71], [67, 86], [59, 78], [68, 82], [25, 32], [55, 15], [22, 27], [4, 40], [25, 8], [35, 1], [35, 37], [96, 83], [2, 83], [40, 52], [16, 14], [12, 7], [54, 48], [31, 70], [83, 56], [50, 28], [98, 73], [33, 12], [30, 41], [23, 27], [32, 54], [3, 0], [44, 25], [35, 18], [61, 35], [67, 49], [65, 44], [8, 90], [3, 13], [22, 8], [15, 3], [41, 43], [3, 1], [97, 60], [17, 74], [50, 0], [24, 62], [65, 96], [12, 73], [36, 45], [28, 90], [48, 44], [16, 26], [57, 7], [91, 8], [0, 51], [37, 38], [33, 37], [38, 32], [48, 75], [52, 36], [52, 54], [91, 30], [15, 34], [79, 67], [77, 7], [64, 3], [42, 48], [27, 58], [38, 29], [25, 14], [45, 32], [51, 43], [30, 50], [60, 50], [3, 17], [63, 71], [41, 62], [19, 86], [66, 70], [29, 48], [3, 44], [92, 89], [9, 82], [79, 36], [46, 45], [47, 53], [12, 22], [38, 14], [71, 61], [22, 25], [68, 87], [28, 73], [44, 27], [35, 11], [25, 28], [53, 63], [68, 17], [97, 22], [87, 52], [48, 69], [2, 66], [40, 34], [18, 14], [1, 16], [21, 4], [26, 53], [40, 37], [30, 97], [2, 0], [56, 64], [20, 51], [89, 55], [39, 15], [63, 9], [40, 22], [72, 15], [42, 91], [23, 70], [27, 24], [59, 41], [24, 75], [25, 94], [83, 76], [84, 95], [58, 99], [82, 87], [47, 93], [67, 84], [73, 17], [58, 33], [58, 26], [17, 42], [45, 34], [64, 82], [12, 3], [61, 52], [70, 40], [58, 46], [14, 95], [56, 93], [49, 47], [18, 97], [53, 41], [98, 86], [5, 87], [14, 78], [48, 14], [8, 61], [67, 85], [26, 30], [49, 54], [78, 28], [14, 5], [89, 24], [89, 19], [67, 63], [71, 75], [47, 60], [46, 63], [21, 92], [91, 97], [73, 2], [87, 30], [76, 75], [84, 41], [78, 87], [30, 96], [17, 45], [50, 20], [45, 14], [0, 64], [44, 60], [8, 63], [1, 86], [50, 84], [71, 89], [55, 20], [69, 30], [65, 52], [12, 33], [19, 23], [23, 38], [1, 9], [10, 67], [91, 11], [65, 62], [99, 14], [57, 90], [53, 26], [27, 64], [7, 30], [38, 40], [62, 73], [62, 96], [22, 6], [14, 46], [11, 87], [62, 50], [45, 43], [88, 99], [1, 53], [24, 14], [86, 48], [9, 1], [27, 43], [21, 49], [4, 27], [78, 45], [73, 69], [9, 41], [65, 27], [29, 25], [23, 87], [20, 88], [43, 35], [40, 60], [35, 52], [44, 94], [72, 60], [54, 51], [61, 48], [81, 24], [5, 89], [70, 83], [38, 77], [54, 81], [48, 40], [32, 26], [26, 60], [10, 25], [23, 89], [41, 36], [21, 74], [66, 65], [12, 4], [48, 16], [37, 36], [57, 67], [5, 32], [31, 43], [56, 38], [75, 18], [66, 78], [30, 25], [15, 1], [10, 19], [73, 65], [5, 84], [51, 16], [40, 94], [52, 70], [54, 65], [76, 10], [83, 70], [71, 20], [44, 87], [18, 28], [97, 96], [29, 33], [14, 1], [31, 11], [19, 89], [20, 91], [7, 45], [40, 41], [71, 37], [22, 17], [34, 43], [69, 0], [67, 40], [11, 14], [72, 33], [54, 44], [44, 50], [65, 72], [3, 83], [12, 72], [83, 1], [76, 80], [76, 3], [0, 70], [70, 89], [80, 20], [48, 80], [51, 69], [42, 15], [15, 93], [57, 34], [68, 35], [22, 24], [22, 44], [8, 20], [4, 42], [2, 12], [40, 84], [38, 41], [59, 26], [1, 90], [86, 21], [39, 58], [46, 57], [35, 47], [81, 77], [42, 5], [26, 43], [89, 46], [66, 12], [36, 12], [18, 25], [55, 51], [97, 85], [97, 18], [61, 25], [36, 92], [18, 21], [54, 76], [59, 89], [49, 16], [28, 42], [12, 21], [68, 39], [35, 4], [68, 96], [83, 20], [5, 86], [36, 46], [21, 87], [32, 31], [54, 82], [50, 88], [83, 4], [98, 33], [29, 19], [76, 20], [45, 26], [50, 59], [73, 93], [17, 2], [51, 19], [33, 69], [36, 21], [46, 46], [87, 70], [0, 21], [9, 45], [8, 80], [68, 30], [73, 46], [50, 43], [43, 17], [56, 11], [29, 70], [18, 46], [13, 3], [21, 11], [29, 12], [51, 44], [37, 37], [32, 47], [31, 30], [53, 25], [1, 83], [36, 82], [8, 6], [45, 72], [24, 72], [92, 48], [16, 76], [11, 60], [54, 84], [17, 77], [60, 91], [46, 80], [60, 65], [42, 42], [76, 68], [12, 79], [45, 58], [85, 96], [88, 72], [19, 6], [15, 89], [21, 53], [63, 72], [34, 85], [30, 24], [59, 49], [70, 24], [59, 72], [84, 36], [44, 42], [3, 26], [39, 47], [45, 35], [48, 70], [43, 44], [87, 91], [27, 57], [64, 63], [70, 22], [37, 86], [7, 87], [27, 72], [52, 37], [48, 64], [2, 5], [2, 85], [37, 79], [66, 59], [32, 16], [19, 73], [53, 96], [21, 46], [79, 45], [60, 1], [57, 19], [28, 48], [48, 86], [23, 77], [50, 80], [22, 96], [27, 20], [80, 33], [33, 40], [24, 36], [5, 79], [40, 14], [56, 91], [54, 12], [38, 46], [50, 29], [0, 71], [20, 8], [31, 93], [20, 32], [49, 10], [62, 13], [22, 33], [15, 9], [1, 71], [32, 20], [84, 47], [33, 16], [33, 38], [35, 27], [65, 43], [97, 76], [66, 33], [0, 62], [83, 90], [59, 97], [70, 1], [1, 26], [74, 84], [36, 54], [54, 15], [77, 62], [71, 84], [62, 61], [89, 66], [10, 71], [12, 24], [81, 56], [40, 4], [17, 9], [67, 90], [29, 95], [52, 58], [68, 38], [48, 17], [73, 45], [30, 70], [72, 62], [22, 26], [60, 18], [66, 98], [45, 68], [5, 34], [66, 10], [27, 32], [80, 37], [26, 63], [95, 27], [31, 42], [66, 74], [41, 21], [41, 30], [23, 40], [93, 71], [38, 24], [77, 1], [30, 76], [74, 45], [27, 45], [17, 27], [36, 16], [90, 27], [67, 41], [82, 18], [91, 77], [0, 89], [98, 91], [93, 21], [28, 39], [85, 92], [45, 95], [18, 88], [64, 47], [45, 28], [79, 5], [11, 2], [51, 51], [67, 13], [50, 41], [83, 5], [81, 29], [85, 83], [41, 82], [43, 54], [20, 72], [86, 87], [42, 86], [65, 46], [73, 51], [40, 29], [52, 50], [31, 48], [33, 34], [7, 25], [13, 25], [83, 50], [91, 31], [57, 77], [66, 73], [24, 0], [32, 92], [76, 66], [33, 54], [66, 88], [66, 86], [0, 67], [82, 49], [68, 66], [37, 85], [82, 6], [16, 50], [27, 61], [24, 42], [72, 97], [29, 13], [46, 44], [45, 20], [9, 66], [51, 11], [42, 87], [82, 63], [48, 31], [6, 85], [95, 77], [9, 4], [60, 42], [2, 31], [77, 17], [75, 2], [21, 67], [5, 2], [14, 92], [55, 86], [43, 14], [81, 9], [62, 98], [23, 7], [46, 12], [94, 86], [73, 48], [37, 39], [19, 76], [46, 20], [55, 48], [61, 31], [29, 55], [62, 92], [1, 77], [62, 26], [44, 9], [61, 27], [23, 43], [22, 30], [26, 48], [53, 62], [50, 61], [90, 59], [1, 1], [59, 54], [93, 29], [90, 21], [22, 14], [99, 10], [5, 65], [18, 82], [68, 57], [56, 41], [39, 50], [84, 5], [25, 72], [41, 33], [60, 0], [41, 49], [33, 17], [59, 92], [11, 13], [37, 31], [60, 35], [4, 85], [30, 15], [48, 56], [52, 69], [89, 39], [57, 24], [45, 36], [33, 42], [68, 45], [64, 93], [49, 18], [65, 80], [45, 80], [32, 52], [78, 41], [10, 99], [64, 27], [17, 50], [6, 76], [70, 35], [33, 86], [49, 31], [8, 31], [43, 94], [34, 32], [7, 31], [43, 69], [41, 47], [53, 45], [34, 14], [93, 14], [36, 5], [59, 5], [66, 25], [96, 2], [32, 88], [55, 53], [68, 74], [50, 3], [56, 26], [70, 58], [38, 44], [10, 81], [62, 87], [60, 12], [6, 58], [34, 81], [56, 59], [36, 39], [69, 56], [48, 95], [45, 79], [86, 86], [36, 85], [19, 30], [55, 61], [22, 41], [60, 79], [26, 11], [11, 22], [59, 74], [42, 92], [41, 31], [49, 52], [79, 40], [64, 61], [33, 14], [25, 10], [64, 81], [63, 17], [22, 9], [17, 10], [47, 6], [26, 80], [40, 35], [11, 73], [0, 84], [17, 11], [24, 25], [33, 85], [91, 22], [23, 30], [15, 11], [5, 42], [71, 53], [82, 28], [0, 92], [30, 43], [46, 89], [39, 65], [48, 25], [2, 24], [46, 5], [73, 60], [94, 9], [2, 45], [40, 21], [10, 66], [49, 8], [45, 93], [16, 1], [54, 91], [51, 76], [7, 11], [51, 72], [6, 7], [39, 81], [71, 97], [20, 89], [49, 49], [11, 6], [56, 75], [67, 16], [47, 24], [57, 65], [29, 43], [4, 6], [31, 33], [51, 4], [4, 33], [29, 93], [26, 17], [54, 7], [19, 52], [28, 57], [33, 7], [6, 1], [92, 9], [18, 37], [71, 63], [95, 17], [59, 36], [38, 70], [14, 7], [68, 9], [34, 24], [80, 14], [11, 80], [58, 90], [35, 45], [6, 88], [63, 76], [2, 97], [53, 84], [15, 78], [4, 90], [52, 34], [10, 63], [56, 17], [45, 53], [2, 9], [21, 1], [22, 16], [42, 58], [78, 2], [93, 69], [74, 4], [80, 5], [55, 33], [71, 66], [50, 18], [76, 43], [47, 21], [46, 22], [4, 9], [13, 45], [45, 55], [61, 51], [26, 18], [45, 52], [66, 29], [81, 3], [8, 19], [46, 93], [64, 59], [11, 29], [63, 96], [40, 28], [19, 9], [76, 79], [41, 38], [82, 48], [73, 0], [25, 44], [99, 77], [9, 39], [81, 30], [0, 4], [62, 25], [94, 24], [21, 33], [54, 46], [18, 6], [55, 83], [71, 99], [9, 13], [41, 88], [65, 81], [53, 51], [80, 58], [65, 33], [49, 15], [83, 28], [30, 89], [2, 63], [55, 88], [72, 21], [49, 33], [79, 34], [19, 32], [21, 10], [13, 11], [67, 48], [16, 34], [17, 18], [12, 9], [72, 58], [52, 38], [79, 43], [30, 12], [83, 42], [55, 6], [49, 27], [81, 66], [49, 67], [40, 85], [48, 20], [11, 38], [34, 77], [51, 21], [19, 87], [68, 61], [27, 69], [27, 85], [55, 43], [52, 17], [47, 3], [67, 17], [60, 70], [89, 96], [63, 77], [37, 44], [41, 50], [56, 34], [58, 59], [40, 8], [31, 96], [24, 57], [71, 72], [32, 56], [68, 84], [43, 56], [97, 65], [55, 8], [24, 61], [30, 22], [17, 12], [93, 59], [23, 59], [72, 14], [63, 91], [92, 22], [70, 27], [57, 93], [84, 20], [12, 71], [80, 66], [9, 89], [68, 83], [79, 79], [79, 99], [30, 3], [90, 61], [48, 89], [69, 45], [68, 85], [85, 34], [48, 51], [69, 41], [17, 0], [54, 50], [58, 63], [23, 84], [98, 23], [65, 4], [23, 90], [75, 74], [54, 33], [45, 51], [9, 77], [3, 59], [84, 82], [28, 41], [48, 71], [2, 76], [42, 14], [20, 5], [0, 61], [82, 26], [12, 16], [48, 34], [9, 62], [64, 9], [14, 94], [55, 44], [1, 74], [57, 46], [31, 31], [48, 87], [73, 16], [20, 23], [98, 55], [60, 19], [21, 44], [55, 72], [53, 52], [32, 44], [35, 90], [71, 81], [78, 44], [28, 10], [59, 46], [77, 0], [99, 66], [66, 49], [48, 47], [85, 48], [56, 28], [59, 55], [71, 19], [52, 19], [9, 83], [76, 85], [93, 83], [78, 78], [14, 22], [56, 37], [15, 30], [6, 22], [54, 74], [17, 31], [43, 13], [5, 69], [39, 54], [42, 26], [53, 57], [42, 66], [19, 71], [3, 35], [93, 30], [16, 20], [49, 11], [93, 26], [80, 98], [74, 79], [85, 70], [51, 62], [63, 30], [21, 9], [36, 87], [2, 70], [58, 60], [56, 96], [50, 90], [39, 17], [56, 61], [28, 47], [17, 46], [81, 27], [83, 32], [25, 58], [42, 8], [10, 87], [0, 0], [7, 19], [38, 30], [69, 70], [99, 80], [46, 43], [22, 20], [47, 84], [52, 59], [0, 39], [67, 95], [41, 52], [46, 76], [83, 58], [96, 21], [66, 48], [49, 57], [67, 29], [20, 94], [36, 32], [33, 50], [57, 18], [38, 35], [25, 70], [3, 92], [0, 32], [26, 56], [69, 10], [37, 35], [8, 86], [39, 85], [45, 19], [53, 95], [8, 82], [38, 26], [59, 30], [6, 65], [32, 33], [91, 65], [59, 65], [55, 90], [95, 8], [7, 64], [50, 66], [21, 71], [91, 45], [0, 52], [56, 72], [60, 39], [46, 15], [85, 17], [38, 20], [4, 15], [56, 6], [39, 63], [72, 61], [99, 27], [34, 49], [34, 45], [5, 82], [84, 83], [2, 27], [71, 40], [1, 88], [93, 78], [35, 29], [24, 21], [67, 91], [17, 71], [48, 49], [68, 7], [73, 10], [79, 56], [58, 57], [33, 39], [43, 21], [5, 66], [60, 2], [61, 91], [9, 96], [86, 43], [23, 37], [38, 3], [54, 88], [13, 34], [44, 65], [54, 42], [69, 88], [66, 89], [42, 44], [28, 29], [8, 85], [3, 62], [63, 27], [19, 4], [66, 82], [34, 56], [78, 81], [53, 68], [43, 19], [56, 82], [16, 95], [52, 27], [24, 59], [64, 40], [56, 15], [30, 18], [56, 51], [60, 85], [33, 45], [88, 27], [8, 14], [0, 65], [20, 11], [63, 66], [93, 1], [44, 55], [1, 21], [77, 16], [29, 47], [62, 94], [15, 73], [86, 46], [36, 69], [63, 97], [54, 9], [7, 33], [57, 83], [94, 20], [76, 54], [19, 35], [26, 52], [10, 24], [95, 16], [24, 40], [19, 3], [8, 24], [84, 52], [24, 33], [59, 0], [82, 35], [27, 40], [68, 90], [6, 10], [89, 97], [3, 66], [80, 84], [87, 44], [53, 34], [99, 59], [45, 6], [31, 27], [91, 57], [91, 59], [4, 91], [46, 60], [51, 92], [86, 50], [20, 30], [53, 88], [1, 60], [53, 67], [73, 30], [49, 28], [40, 18], [81, 57], [56, 92], [49, 29], [23, 18], [53, 75], [46, 50], [35, 7], [96, 55], [25, 59], [80, 71], [9, 6], [49, 94], [24, 47], [26, 1], [31, 20], [99, 17], [79, 84], [28, 23], [2, 91], [56, 42], [72, 84], [74, 73], [74, 88], [85, 6], [44, 32], [1, 62], [48, 58], [14, 32], [7, 17], [32, 48], [66, 40], [61, 33], [34, 87], [28, 28], [76, 92], [47, 40], [6, 30], [46, 72], [38, 39], [11, 81], [43, 93], [58, 6], [61, 57], [80, 59], [29, 42], [65, 64], [69, 28], [75, 59], [48, 30], [75, 3], [68, 8], [66, 35], [65, 40], [77, 27], [60, 46], [75, 90], [41, 60], [61, 78], [26, 61], [72, 88], [33, 78], [56, 33], [46, 54], [42, 50], [47, 50], [30, 46], [98, 70], [4, 41], [43, 53], [54, 90], [73, 94], [60, 67], [41, 51], [52, 35], [26, 21], [27, 49], [87, 94], [42, 65], [40, 26], [25, 31], [71, 10], [48, 96], [15, 16], [4, 17], [89, 30], [23, 22], [77, 77], [49, 13], [86, 93], [6, 13], [68, 91], [21, 58], [35, 88], [48, 55], [68, 6], [41, 32], [92, 83], [40, 61], [44, 31], [62, 24], [52, 42], [73, 37], [70, 45], [69, 94], [6, 80], [72, 30], [60, 52], [26, 22], [31, 35], [50, 14], [80, 93], [65, 82], [32, 90], [42, 17], [85, 39], [53, 23], [48, 53], [30, 98], [49, 77], [81, 45], [41, 24], [66, 75], [44, 67], [80, 67], [56, 84], [77, 42], [92, 18], [51, 32], [78, 48], [90, 69], [43, 51], [84, 94], [7, 77], [30, 16], [5, 85], [33, 56], [38, 27], [85, 42], [50, 16], [47, 48], [85, 45], [27, 9], [81, 39], [24, 93], [92, 95], [2, 43], [56, 99], [64, 78], [50, 15], [7, 78], [88, 64], [72, 98], [3, 45], [51, 28], [53, 29], [50, 50], [89, 64], [93, 33], [24, 58], [17, 29], [53, 36], [87, 31], [26, 47], [89, 28], [59, 27], [13, 7], [63, 90], [81, 14], [98, 65], [28, 43], [24, 44], [77, 12], [54, 8], [65, 48], [39, 10], [77, 78], [52, 56], [91, 39], [45, 15], [75, 60], [19, 2], [38, 55], [19, 77], [63, 59], [51, 95], [62, 9], [5, 96], [81, 68], [48, 13], [38, 18], [31, 89], [79, 91], [1, 13], [52, 93], [10, 38], [89, 59], [63, 84], [52, 79], [66, 45], [62, 20], [27, 17], [44, 51], [63, 64], [32, 86], [9, 81], [96, 85], [74, 24], [25, 88], [79, 65], [23, 85], [33, 36], [82, 84], [4, 13], [37, 62], [34, 39], [38, 63], [57, 38], [37, 74], [57, 54], [26, 26], [95, 57], [58, 40], [63, 94], [17, 28], [34, 97], [84, 30], [71, 54], [58, 85], [58, 53], [57, 56], [97, 17], [64, 15], [0, 36], [25, 87], [79, 51], [59, 67], [90, 54], [98, 21], [84, 1], [47, 70], [93, 35], [83, 22], [30, 88], [91, 61], [22, 60], [39, 88], [67, 72], [35, 85], [59, 25], [37, 77], [44, 52], [45, 23], [12, 12], [4, 80], [32, 32], [47, 5], [57, 31], [28, 52], [36, 38], [96, 81], [48, 32], [3, 67], [51, 98], [47, 1], [21, 56], [27, 25], [33, 29], [57, 84], [42, 24], [50, 56], [39, 89], [39, 24], [54, 64], [16, 75], [67, 35], [15, 19], [47, 57], [22, 45], [40, 44], [99, 22], [26, 15], [77, 55], [42, 52], [27, 21], [29, 30], [22, 86], [24, 66], [61, 98], [53, 59], [47, 44], [18, 48], [78, 93], [48, 45], [56, 48], [80, 44], [37, 6], [66, 97], [16, 3], [71, 71], [35, 22], [28, 83], [18, 20], [80, 28], [78, 26], [26, 34], [27, 84], [7, 82], [59, 43], [41, 53], [66, 38], [30, 86], [47, 12], [36, 49], [57, 49], [19, 93], [97, 33], [3, 19], [38, 36], [54, 60], [23, 86], [44, 33], [0, 68], [11, 92], [15, 52], [39, 61], [66, 93], [38, 56], [81, 37], [64, 62], [48, 39], [37, 72], [6, 23], [27, 2], [4, 45], [20, 38], [3, 55], [42, 54], [71, 52], [64, 96], [4, 61], [30, 17], [78, 7], [28, 27], [39, 46], [22, 50], [16, 9], [91, 15], [21, 29], [30, 81], [32, 3], [18, 96], [62, 41], [8, 37], [65, 97], [46, 28], [33, 93], [80, 48], [12, 31], [21, 47], [88, 6], [33, 21], [33, 33], [38, 9], [81, 83], [38, 86], [14, 2], [78, 55], [3, 34], [43, 6], [42, 73], [29, 31], [34, 78], [27, 65], [59, 53], [60, 84], [39, 4], [85, 50], [54, 20], [52, 18], [77, 79], [66, 5], [19, 31], [60, 83], [34, 30], [3, 27], [65, 19], [46, 74], [94, 61], [5, 78], [45, 27], [47, 29], [48, 60], [64, 44], [16, 19], [51, 22], [0, 55], [5, 16], [92, 51], [60, 72], [4, 23], [98, 63], [40, 51], [57, 29], [11, 91], [85, 29], [44, 72], [9, 86], [66, 99], [98, 22], [69, 89], [67, 64], [99, 16], [22, 23], [38, 43], [73, 23], [46, 69], [32, 87], [43, 41], [76, 96], [67, 39], [70, 41], [65, 54], [58, 48], [26, 57], [78, 66], [30, 71], [85, 1], [9, 2], [55, 17], [92, 10], [5, 37], [28, 69], [70, 37], [33, 99], [5, 5], [47, 51], [46, 75], [60, 98], [62, 11], [42, 76], [49, 45], [38, 82]]}