{"meta": {"number_of_robots": 4000, "description": {"parameters": {"seed": 1932, "shape": [100, 100], "obstacles": {"n": 0, "mean": 5, "std": 2.5}, "clusters": {"n": 50, "mean": 40, "std": 20.0, "relative_radius": 2, "increase_factor": 1.3, "start_dist": {"generator_name": "Image", "shape": [100, 100], "min": 8.0, "max": 252.0, "mean": 97.3793, "std": 47.081761134328865, "dtype": "uint64", "parameters": {"image": "london_night.png", "transformer": {"name": "ColorChannelSelector", "channel": "v", "inverted": false}}}, "target_dist": {"generator_name": "Image", "shape": [100, 100], "min": 3.0, "max": 247.0, "mean": 157.6207, "std": 47.081761134328865, "dtype": "uint64", "parameters": {"image": "london_night.png", "transformer": {"name": "ColorChannelSelector", "channel": "v", "inverted": true}}}}, "density": 0.4, "start_dist": {"generator_name": "Image", "shape": [100, 100], "min": 8.0, "max": 252.0, "mean": 97.3793, "std": 47.081761134328865, "dtype": "uint64", "parameters": {"image": "london_night.png", "transformer": {"name": "ColorChannelSelector", "channel": "v", "inverted": false}}}, "target_dist": {"generator_name": "Image", "shape": [100, 100], "min": 3.0, "max": 247.0, "mean": 157.6207, "std": 47.081761134328865, "dtype": "uint64", "parameters": {"image": "london_night.png", "transformer": {"name": "ColorChannelSelector", "channel": "v", "inverted": true}}}}, "stats": {"date": "2020-11-17", "free_area": 10000.0, "number_of_clustered_robots": 1946, "number_of_robots": 4000}}}, "name": "london_night_00007_100x100_40_4000", "obstacles": [], "starts": [[5, 69], [3, 29], [47, 36], [66, 5], [1, 90], [8, 9], [99, 50], [67, 17], [34, 55], [54, 87], [4, 25], [76, 81], [53, 60], [63, 23], [49, 8], [45, 37], [79, 38], [93, 27], [91, 19], [95, 84], [92, 28], [15, 81], [34, 40], [36, 8], [76, 60], [25, 74], [57, 51], [52, 45], [51, 55], [2, 8], [32, 67], [37, 30], [64, 12], [41, 85], [20, 89], [64, 83], [60, 13], [54, 47], [59, 12], [90, 76], [71, 36], [29, 66], [45, 34], [91, 81], [40, 45], [54, 18], [22, 72], [34, 11], [35, 13], [19, 44], [74, 82], [67, 62], [32, 78], [54, 17], [10, 84], [72, 32], [39, 49], [40, 38], [65, 12], [25, 55], [21, 82], [11, 24], [98, 13], [65, 53], [20, 94], [60, 12], [63, 51], [72, 44], [12, 45], [61, 13], [10, 14], [6, 3], [28, 8], [62, 68], [47, 27], [89, 68], [42, 14], [95, 53], [27, 0], [62, 57], [73, 66], [44, 79], [3, 9], [54, 13], [11, 78], [37, 70], [88, 76], [91, 18], [61, 48], [62, 20], [62, 39], [72, 33], [31, 48], [39, 41], [25, 64], [74, 67], [74, 12], [33, 63], [19, 72], [14, 36], [67, 70], [97, 86], [71, 81], [96, 14], [59, 55], [19, 96], [63, 11], [6, 97], [48, 31], [56, 53], [76, 44], [12, 47], [75, 6], [42, 72], [62, 25], [6, 66], [1, 21], [34, 6], [9, 0], [34, 8], [71, 78], [44, 34], [59, 7], [60, 34], [98, 66], [55, 23], [90, 56], [30, 64], [30, 12], [58, 58], [39, 48], [36, 39], [73, 13], [28, 66], [75, 58], [47, 71], [1, 7], [14, 88], [59, 14], [14, 20], [1, 79], [36, 75], [89, 76], [91, 16], [56, 46], [9, 96], [68, 4], [69, 70], [92, 19], [65, 58], [56, 54], [65, 47], [20, 41], [55, 14], [66, 9], [46, 41], [57, 88], [55, 63], [52, 36], [65, 31], [3, 27], [4, 3], [35, 41], [31, 7], [42, 46], [36, 82], [64, 18], [43, 28], [27, 70], [63, 77], [41, 35], [63, 21], [31, 57], [7, 79], [95, 74], [43, 21], [13, 72], [96, 52], [27, 8], [10, 26], [67, 69], [90, 87], [65, 82], [94, 16], [52, 55], [11, 95], [61, 11], [2, 90], [51, 34], [69, 45], [59, 37], [68, 41], [9, 53], [64, 58], [69, 2], [44, 71], [67, 76], [2, 5], [56, 20], [44, 48], [9, 82], [10, 24], [34, 78], [85, 75], [32, 11], [42, 32], [5, 7], [58, 72], [89, 22], [55, 54], [62, 14], [34, 64], [35, 4], [60, 17], [19, 87], [5, 24], [72, 80], [44, 7], [60, 40], [41, 29], [60, 7], [70, 31], [30, 85], [95, 24], [56, 43], [13, 84], [58, 18], [92, 77], [54, 14], [62, 17], [60, 53], [99, 59], [22, 66], [33, 3], [11, 80], [66, 41], [13, 53], [69, 64], [29, 60], [69, 12], [31, 43], [31, 66], [69, 85], [74, 9], [29, 62], [3, 23], [68, 64], [41, 79], [7, 2], [61, 34], [4, 5], [14, 75], [58, 14], [27, 4], [8, 20], [57, 55], [94, 84], [70, 85], [1, 84], [41, 67], [89, 75], [99, 18], [61, 53], [17, 86], [58, 16], [2, 92], [66, 68], [44, 37], [84, 28], [60, 52], [37, 35], [59, 47], [45, 51], [79, 47], [13, 46], [95, 75], [48, 22], [60, 19], [45, 42], [73, 3], [38, 80], [91, 48], [36, 12], [76, 20], [27, 53], [64, 19], [47, 37], [62, 81], [65, 61], [51, 39], [58, 26], [12, 68], [11, 27], [26, 16], [13, 76], [74, 72], [0, 4], [11, 23], [98, 19], [34, 38], [36, 6], [72, 65], [63, 53], [18, 86], [69, 18], [31, 58], [31, 69], [61, 57], [66, 56], [0, 1], [56, 25], [40, 37], [31, 64], [74, 39], [16, 47], [73, 74], [39, 26], [68, 15], [62, 34], [65, 15], [34, 57], [9, 79], [42, 67], [84, 79], [67, 4], [95, 77], [55, 22], [89, 26], [50, 54], [22, 84], [92, 49], [26, 60], [37, 8], [3, 28], [32, 69], [5, 30], [54, 60], [98, 90], [67, 82], [45, 58], [63, 17], [65, 26], [75, 79], [5, 4], [98, 15], [64, 50], [10, 93], [68, 12], [0, 72], [3, 89], [44, 29], [38, 7], [56, 45], [54, 45], [68, 25], [39, 36], [61, 10], [27, 59], [68, 40], [18, 47], [74, 66], [56, 55], [73, 7], [48, 85], [63, 78], [39, 32], [2, 3], [8, 81], [54, 21], [40, 54], [92, 79], [50, 19], [14, 29], [1, 83], [1, 20], [42, 76], [79, 80], [29, 9], [56, 35], [93, 24], [51, 48], [16, 93], [55, 12], [93, 45], [32, 10], [31, 31], [32, 72], [7, 8], [60, 64], [58, 80], [88, 28], [70, 52], [56, 47], [37, 84], [75, 8], [39, 61], [32, 5], [62, 29], [78, 33], [19, 52], [62, 23], [65, 3], [11, 81], [30, 53], [11, 68], [3, 30], [48, 39], [56, 87], [59, 73], [66, 67], [51, 10], [92, 90], [75, 66], [63, 34], [45, 25], [70, 90], [64, 9], [60, 33], [40, 71], [40, 30], [93, 26], [54, 52], [21, 96], [57, 8], [6, 14], [91, 69], [56, 19], [11, 9], [49, 21], [67, 21], [35, 65], [2, 88], [47, 33], [61, 47], [10, 2], [94, 53], [30, 58], [38, 2], [8, 82], [30, 70], [83, 79], [62, 85], [71, 38], [8, 40], [58, 73], [35, 36], [29, 11], [40, 47], [16, 76], [68, 37], [65, 2], [48, 70], [87, 27], [51, 47], [2, 31], [52, 28], [39, 37], [22, 73], [95, 14], [53, 43], [11, 89], [60, 10], [72, 83], [41, 28], [60, 18], [74, 17], [32, 66], [53, 63], [5, 84], [2, 24], [36, 14], [69, 58], [67, 46], [90, 72], [51, 19], [45, 83], [30, 50], [0, 3], [54, 44], [70, 25], [69, 42], [10, 48], [1, 10], [15, 73], [58, 17], [90, 50], [29, 10], [61, 67], [30, 2], [72, 4], [8, 31], [63, 70], [95, 90], [67, 83], [43, 43], [2, 76], [32, 73], [85, 81], [93, 19], [53, 45], [21, 91], [59, 10], [72, 17], [38, 62], [44, 81], [5, 90], [12, 24], [66, 80], [48, 35], [84, 20], [63, 52], [45, 30], [53, 23], [57, 52], [62, 11], [67, 31], [31, 53], [65, 64], [12, 78], [70, 33], [17, 53], [5, 8], [91, 66], [50, 21], [64, 65], [12, 77], [58, 19], [34, 28], [30, 74], [5, 22], [61, 4], [34, 84], [38, 13], [61, 78], [94, 48], [29, 61], [30, 7], [75, 20], [36, 69], [6, 6], [60, 25], [92, 16], [57, 53], [20, 91], [56, 16], [50, 38], [54, 88], [57, 56], [53, 42], [63, 37], [37, 52], [59, 44], [4, 68], [7, 28], [33, 77], [86, 83], [34, 13], [14, 72], [63, 80], [38, 31], [42, 81], [67, 45], [17, 49], [42, 33], [0, 5], [56, 28], [1, 35], [63, 63], [91, 87], [71, 82], [92, 22], [50, 59], [92, 73], [46, 22], [68, 0], [75, 10], [33, 56], [59, 27], [94, 18], [37, 43], [29, 2], [69, 67], [62, 46], [8, 95], [68, 14], [33, 47], [76, 76], [2, 69], [94, 52], [33, 8], [46, 81], [55, 17], [4, 88], [47, 35], [58, 52], [61, 59], [5, 10], [10, 78], [51, 13], [6, 19], [39, 42], [23, 66], [76, 36], [18, 53], [0, 22], [72, 82], [45, 7], [58, 36], [45, 23], [62, 6], [58, 34], [70, 12], [39, 58], [3, 6], [1, 69], [34, 74], [83, 82], [35, 50], [72, 13], [32, 86], [97, 22], [52, 49], [21, 87], [58, 9], [71, 71], [93, 72], [47, 20], [60, 27], [39, 1], [59, 80], [93, 22], [64, 45], [53, 53], [16, 78], [69, 57], [39, 31], [92, 54], [27, 64], [39, 2], [60, 35], [10, 71], [2, 25], [26, 9], [35, 76], [74, 38], [12, 44], [14, 30], [59, 68], [94, 87], [61, 90], [65, 16], [32, 56], [29, 55], [63, 12], [9, 1], [51, 18], [68, 74], [36, 31], [10, 6], [67, 10], [90, 25], [61, 42], [17, 94], [64, 13], [11, 83], [52, 35], [2, 91], [58, 86], [65, 56], [51, 37], [96, 30], [19, 84], [40, 6], [62, 53], [56, 39], [41, 76], [47, 70], [91, 72], [61, 33], [30, 38], [80, 82], [43, 24], [23, 64], [69, 83], [64, 11], [34, 46], [70, 15], [25, 69], [13, 22], [70, 36], [7, 50], [0, 20], [96, 47], [34, 7], [75, 65], [95, 27], [53, 48], [61, 69], [93, 16], [63, 43], [15, 93], [58, 6], [75, 4], [41, 80], [14, 74], [4, 6], [62, 73], [49, 28], [65, 13], [71, 30], [45, 29], [2, 9], [8, 77], [54, 24], [56, 52], [63, 19], [36, 43], [40, 5], [36, 54], [68, 8], [40, 60], [97, 78], [55, 16], [4, 24], [70, 65], [94, 82], [65, 83], [77, 44], [20, 51], [35, 78], [63, 73], [12, 83], [8, 17], [34, 75], [80, 76], [35, 10], [62, 44], [72, 24], [89, 20], [52, 42], [16, 95], [64, 7], [57, 22], [95, 47], [21, 59], [31, 4], [75, 1], [41, 31], [33, 72], [75, 63], [5, 2], [9, 72], [70, 63], [3, 92], [65, 85], [49, 33], [88, 17], [64, 52], [38, 35], [59, 49], [45, 45], [44, 75], [62, 8], [33, 64], [8, 83], [1, 26], [38, 9], [3, 0], [52, 19], [73, 46], [9, 49], [58, 31], [95, 78], [46, 20], [2, 28], [54, 57], [54, 12], [62, 74], [88, 22], [60, 50], [9, 84], [64, 4], [37, 42], [61, 12], [31, 70], [23, 82], [44, 58], [0, 79], [39, 67], [83, 71], [98, 47], [33, 2], [0, 2], [61, 50], [65, 14], [39, 68], [66, 25], [10, 25], [46, 42], [55, 88], [62, 78], [68, 62], [45, 15], [96, 83], [68, 65], [57, 34], [37, 36], [67, 85], [61, 5], [56, 29], [69, 41], [17, 47], [39, 14], [30, 73], [92, 18], [51, 51], [41, 39], [30, 66], [95, 22], [56, 48], [17, 96], [56, 15], [5, 71], [3, 24], [30, 6], [99, 71], [55, 18], [32, 45], [8, 4], [12, 82], [53, 14], [62, 69], [73, 12], [53, 70], [68, 21], [24, 67], [3, 90], [42, 34], [61, 56], [56, 30], [3, 4], [62, 24], [6, 21], [39, 83], [88, 53], [26, 57], [37, 3], [2, 82], [40, 66], [80, 79], [74, 79], [36, 25], [70, 45], [13, 48], [40, 32], [57, 29], [55, 71], [88, 21], [34, 35], [32, 4], [67, 57], [59, 51], [11, 91], [63, 18], [40, 52], [20, 73], [6, 25], [61, 36], [67, 26], [70, 8], [35, 58], [74, 2], [30, 69], [87, 79], [43, 16], [72, 67], [94, 26], [58, 44], [61, 55], [10, 81], [1, 33], [58, 62], [93, 87], [65, 81], [8, 10], [66, 13], [4, 7], [32, 32], [32, 70], [45, 50], [72, 41], [10, 42], [95, 55], [31, 0], [96, 22], [54, 46], [20, 85], [67, 5], [41, 83], [75, 85], [40, 22], [58, 8], [57, 26], [17, 87], [52, 17], [27, 6], [65, 8], [31, 61], [55, 72], [2, 66], [3, 16], [36, 76], [91, 82], [33, 12], [58, 27], [72, 12], [65, 60], [6, 88], [51, 27], [57, 49], [12, 23], [87, 78], [44, 17], [68, 69], [40, 43], [44, 85], [31, 59], [5, 5], [47, 41], [54, 86], [53, 72], [53, 33], [59, 24], [73, 34], [16, 52], [83, 23], [55, 57], [99, 24], [60, 51], [15, 89], [56, 8], [7, 77], [0, 0], [22, 77], [57, 19], [63, 13], [29, 65], [98, 57], [27, 57], [40, 0], [71, 84], [49, 27], [32, 13], [8, 14], [67, 7], [37, 87], [62, 56], [0, 27], [53, 73], [98, 86], [61, 88], [44, 39], [34, 72], [35, 47], [67, 25], [59, 18], [13, 68], [37, 68], [82, 78], [54, 20], [64, 66], [89, 70], [47, 19], [64, 75], [6, 7], [68, 36], [21, 49], [99, 17], [64, 53], [16, 83], [68, 9], [11, 75], [75, 7], [26, 68], [34, 71], [56, 63], [7, 71], [14, 21], [62, 12], [0, 96], [11, 6], [92, 46], [4, 21], [76, 82], [50, 15], [50, 36], [95, 19], [35, 42], [27, 10], [57, 58], [51, 36], [44, 28], [53, 15], [49, 56], [58, 12], [68, 23], [45, 31], [41, 58], [27, 2], [30, 13], [56, 62], [47, 79], [63, 10], [25, 66], [21, 72], [96, 25], [53, 44], [14, 86], [66, 14], [67, 41], [13, 45], [6, 0], [68, 84], [89, 65], [45, 13], [66, 57], [51, 23], [6, 75], [41, 71], [91, 78], [52, 22], [57, 36], [29, 59], [30, 43], [24, 73], [4, 35], [57, 61], [92, 81], [61, 84], [63, 46], [61, 9], [37, 78], [12, 21], [37, 1], [76, 80], [43, 31], [96, 46], [21, 67], [32, 9], [62, 21], [40, 57], [4, 4], [11, 79], [53, 13], [1, 67], [93, 14], [55, 47], [22, 88], [55, 8], [91, 20], [54, 53], [65, 41], [21, 42], [49, 40], [62, 86], [68, 71], [62, 35], [70, 32], [10, 5], [30, 55], [48, 71], [37, 44], [65, 68], [91, 65], [52, 21], [6, 31], [0, 90], [44, 36], [56, 51], [69, 60], [63, 2], [50, 18], [1, 76], [13, 26], [32, 74], [85, 76], [31, 15], [53, 59], [73, 16], [36, 59], [38, 14], [56, 13], [16, 84], [62, 71], [39, 25], [59, 11], [70, 35], [46, 85], [96, 18], [54, 42], [22, 90], [69, 4], [89, 51], [27, 11], [77, 33], [10, 52], [44, 52], [36, 34], [34, 68], [8, 1], [3, 3], [63, 15], [0, 21], [59, 62], [96, 82], [67, 84], [3, 83], [64, 78], [93, 17], [62, 51], [55, 59], [89, 67], [44, 16], [61, 7], [45, 87], [61, 17], [30, 63], [57, 37], [60, 36], [7, 27], [9, 77], [96, 13], [35, 38], [31, 9], [75, 56], [55, 51], [13, 85], [66, 16], [37, 47], [56, 58], [66, 28], [45, 36], [68, 47], [17, 46], [70, 84], [48, 29], [8, 68], [37, 66], [90, 77], [89, 46], [31, 67], [39, 3], [30, 77], [3, 26], [52, 15], [7, 5], [6, 95], [50, 31], [63, 48], [70, 29], [76, 13], [33, 55], [71, 69], [61, 6], [73, 80], [2, 2], [11, 73], [57, 16], [34, 49], [98, 73], [42, 18], [1, 73], [8, 21], [31, 14], [97, 14], [55, 43], [22, 94], [69, 9], [38, 32], [33, 73], [93, 29], [60, 55], [42, 87], [37, 15], [74, 33], [16, 53], [9, 23], [49, 36], [55, 82], [74, 73], [65, 71], [44, 13], [93, 82], [67, 63], [58, 42], [49, 34], [66, 81], [64, 8], [66, 33], [59, 28], [66, 20], [32, 64], [60, 48], [8, 0], [93, 58], [28, 12], [13, 69], [41, 73], [90, 80], [30, 61], [16, 87], [63, 8], [37, 86], [40, 39], [96, 16], [55, 50], [15, 96], [60, 5], [61, 79], [57, 12], [68, 55], [3, 25], [94, 68], [50, 14], [70, 22], [68, 45], [14, 54], [8, 3], [55, 25], [35, 9], [5, 34], [11, 77], [72, 11], [39, 60], [38, 87], [6, 92], [76, 67], [49, 29], [89, 29], [66, 52], [37, 28], [53, 47], [32, 52], [54, 72], [24, 84], [10, 3], [74, 64], [32, 41], [25, 67], [75, 5], [97, 50], [28, 61], [38, 1], [51, 12], [88, 20], [63, 50], [11, 92], [59, 6], [52, 40], [68, 29], [7, 66], [12, 28], [31, 68], [85, 79], [30, 15], [67, 78], [45, 78], [74, 37], [15, 50], [1, 28], [58, 64], [93, 85], [64, 89], [87, 73], [48, 11], [75, 21], [35, 59], [36, 41], [35, 3], [37, 45], [56, 22], [59, 52], [11, 7], [22, 85], [67, 23], [29, 44], [70, 70], [46, 33], [58, 10], [60, 24], [6, 1], [2, 73], [73, 1], [36, 74], [89, 25], [60, 41], [11, 84], [56, 5], [61, 68], [92, 23], [57, 57], [73, 57], [88, 55], [33, 9], [11, 22], [78, 39], [20, 53], [4, 29], [72, 8], [26, 66], [42, 45], [52, 13], [74, 84], [13, 67], [47, 42], [5, 91], [62, 83], [66, 71], [41, 37], [96, 28], [20, 83], [33, 13], [60, 54], [63, 38], [36, 68], [45, 73], [98, 72], [59, 25], [38, 36], [84, 83], [46, 11], [24, 72], [90, 13], [58, 47], [19, 90], [56, 9], [73, 8], [6, 8], [62, 84], [36, 23], [2, 6], [54, 26], [52, 24], [34, 56], [74, 20], [35, 60], [12, 27], [62, 60], [97, 84], [68, 91], [75, 34], [11, 44], [33, 86], [10, 72], [8, 15], [31, 13], [64, 34], [95, 49], [24, 60], [35, 0], [30, 29], [75, 64], [8, 78], [69, 84], [95, 20], [67, 53], [59, 53], [30, 5], [63, 28], [97, 65], [49, 15], [53, 65], [88, 14], [51, 44], [14, 84], [59, 8], [65, 6], [47, 80], [37, 48], [4, 78], [40, 67], [84, 75], [10, 8], [72, 10], [27, 61], [5, 20], [60, 79], [50, 12], [52, 39], [36, 32], [63, 6], [58, 29], [77, 37], [18, 49], [40, 41], [23, 65], [6, 15], [8, 8], [14, 79], [61, 20], [63, 66], [6, 96], [44, 35], [61, 58], [61, 21], [47, 76], [89, 58], [33, 4], [11, 66], [68, 85], [99, 15], [33, 39], [41, 8], [76, 65], [65, 49], [16, 85], [60, 11], [33, 45], [69, 37], [67, 16], [39, 59], [71, 7], [98, 65], [48, 16], [91, 25], [49, 51], [11, 36], [69, 69], [91, 85], [69, 86], [50, 27], [1, 4], [33, 34], [77, 36], [21, 44], [39, 72], [65, 79], [46, 30], [9, 74], [6, 74], [9, 24], [32, 68], [83, 76], [35, 11], [66, 48], [42, 58], [48, 37], [60, 85], [60, 72], [53, 39], [62, 31], [89, 19], [59, 41], [10, 89], [55, 5], [11, 1], [67, 24], [74, 22], [37, 58], [99, 51], [31, 60], [39, 10], [64, 67], [29, 8], [73, 2], [34, 77], [1, 32], [33, 37], [22, 71], [58, 23], [0, 74], [73, 60], [98, 79], [44, 18], [6, 5], [67, 43], [21, 52], [18, 82], [66, 55], [1, 92], [2, 14], [72, 78], [42, 28], [84, 21], [62, 58], [47, 26], [49, 12], [53, 50], [67, 11], [60, 26], [40, 49], [46, 78], [72, 22], [38, 64], [95, 23], [53, 46], [18, 92], [64, 16], [9, 67], [40, 69], [83, 72], [38, 43], [2, 26], [56, 66], [98, 82], [70, 91], [67, 9], [38, 8], [63, 85], [99, 47], [32, 6], [7, 3], [17, 73], [64, 24], [65, 33], [13, 47], [55, 36], [71, 28], [0, 7], [43, 50], [35, 73], [94, 67], [42, 17], [57, 45], [66, 58], [1, 78], [4, 27], [31, 11], [63, 72], [71, 19], [26, 61], [63, 20], [67, 68], [40, 27], [98, 21], [63, 49], [22, 97], [64, 17], [29, 30], [23, 68], [62, 18], [13, 29], [90, 19], [54, 48], [74, 4], [37, 82], [64, 25], [21, 73], [34, 43], [40, 11], [45, 57], [62, 63], [72, 45], [11, 54], [74, 74], [6, 77], [37, 67], [87, 81], [89, 53], [21, 58], [38, 12], [2, 4], [6, 98], [45, 28], [61, 45], [61, 15], [35, 57], [4, 10], [57, 15], [99, 66], [45, 16], [0, 18], [95, 13], [51, 42], [21, 84], [62, 4], [42, 30], [37, 75], [1, 24], [52, 34], [55, 86], [72, 84], [64, 62], [52, 10], [92, 89], [67, 65], [55, 41], [38, 25], [67, 89], [66, 7], [67, 28], [8, 74], [38, 59], [14, 87], [65, 4], [62, 19], [71, 35], [16, 54], [67, 18], [28, 14], [60, 8], [36, 63], [40, 85], [72, 79], [95, 29], [68, 46], [49, 47], [65, 65], [7, 6], [39, 43], [32, 75], [90, 59], [36, 5], [98, 20], [53, 55], [20, 97], [58, 7], [56, 33], [6, 67], [9, 20], [40, 76], [79, 71], [36, 11], [6, 29], [91, 79], [54, 11], [42, 47], [8, 2], [17, 75], [57, 14], [63, 76], [38, 30], [74, 0], [38, 85], [60, 67], [76, 68], [78, 34], [8, 42], [61, 16], [33, 67], [12, 71], [4, 93], [43, 37], [31, 6], [65, 57], [55, 33], [58, 28], [40, 36], [89, 21], [59, 46], [14, 92], [62, 9], [1, 5], [72, 85], [58, 20], [53, 21], [30, 54], [7, 20], [71, 66], [96, 87], [70, 82], [46, 70], [6, 16], [96, 51], [24, 57], [41, 7], [20, 84], [94, 22], [56, 56], [97, 74], [55, 11], [67, 6], [12, 74], [38, 66], [90, 73], [64, 6], [40, 63], [61, 73], [43, 29], [58, 5], [69, 26], [66, 39], [18, 48], [30, 41], [29, 68], [1, 0], [65, 11], [70, 64], [56, 50], [40, 70], [92, 26], [34, 36], [41, 14], [68, 57], [58, 55], [9, 85], [57, 7], [40, 53], [11, 32], [7, 4], [75, 71], [24, 87], [2, 72], [11, 20], [32, 16], [53, 34], [58, 84], [56, 73], [55, 44], [66, 29], [56, 14], [71, 9], [29, 63], [94, 50], [31, 10], [63, 9], [30, 71], [32, 35], [55, 21], [91, 70], [49, 17], [65, 43], [20, 44], [0, 94], [58, 70], [50, 34], [84, 19], [63, 54], [37, 34], [55, 48], [41, 59], [99, 20], [62, 54], [14, 85], [60, 9], [9, 78], [36, 66], [82, 81], [1, 27], [63, 69], [92, 87], [67, 86], [34, 5], [5, 3], [18, 85], [50, 24], [66, 32], [1, 6], [42, 75], [68, 66], [6, 23], [71, 21], [39, 55], [59, 74], [31, 40], [24, 65], [75, 9], [34, 52], [59, 58], [75, 46], [8, 54], [8, 67], [90, 49], [29, 57], [36, 0], [60, 47], [65, 27], [87, 77], [53, 24], [99, 19], [63, 55], [13, 89], [68, 11], [35, 75], [0, 30], [68, 81], [49, 11], [54, 34], [42, 23], [59, 15], [58, 30], [14, 78], [57, 17], [27, 13], [62, 10], [39, 56], [91, 22], [53, 51], [60, 58], [3, 5], [32, 34], [7, 76], [7, 16], [41, 78], [79, 82], [26, 6], [32, 60], [7, 0], [54, 19], [68, 67], [64, 1], [34, 76], [64, 57], [76, 38], [12, 51], [4, 98], [50, 28], [60, 44], [69, 34], [89, 18], [51, 53], [22, 89], [58, 13], [2, 21], [59, 72], [95, 81], [68, 87], [96, 49], [38, 6], [15, 72], [92, 72], [47, 21], [3, 76], [69, 6], [30, 56], [65, 70], [42, 35], [33, 40], [34, 69], [58, 21], [39, 87], [34, 39], [37, 7], [38, 55], [1, 3], [5, 26], [50, 40], [56, 88], [66, 60], [57, 40], [61, 29], [74, 1], [53, 18], [67, 37], [15, 53], [68, 68], [83, 17], [65, 48], [50, 47], [95, 26], [52, 53], [17, 90], [62, 13], [12, 81], [40, 78], [80, 73], [13, 23], [6, 10], [18, 74], [53, 29], [37, 80], [66, 63], [61, 19], [26, 65], [41, 43], [44, 56], [55, 66], [88, 47], [28, 60], [36, 7], [95, 66], [46, 17], [69, 77], [46, 29], [65, 7], [72, 28], [35, 8], [6, 4], [4, 82], [13, 14], [26, 7], [49, 16], [68, 7], [35, 82], [71, 40], [7, 45], [2, 95], [46, 28], [63, 57], [94, 19], [56, 42], [18, 97], [68, 18], [5, 33], [66, 62], [95, 86], [66, 83], [16, 73], [72, 15], [28, 62], [58, 69], [32, 31], [33, 69], [34, 50], [58, 39], [63, 36], [62, 16], [85, 29], [51, 50], [1, 68], [35, 72], [81, 74], [11, 2], [62, 28], [41, 69], [66, 66], [69, 56], [95, 48], [28, 11], [92, 65], [56, 11], [58, 78], [48, 28], [27, 9], [9, 2], [9, 25], [69, 7], [70, 37], [13, 52], [69, 51], [97, 24], [61, 51], [21, 86], [55, 13], [4, 34], [15, 78], [73, 11], [37, 60], [39, 34], [42, 53], [62, 26], [1, 75], [63, 22], [36, 81], [63, 64], [66, 79], [12, 92], [14, 31], [26, 70], [37, 64], [57, 33], [36, 17], [18, 89], [14, 1], [68, 26], [18, 72], [31, 21], [42, 80], [3, 32], [6, 2], [68, 76], [86, 12], [91, 33], [43, 58], [21, 69], [16, 4], [10, 90], [13, 9], [54, 66], [81, 0], [8, 47], [12, 49], [73, 39], [47, 54], [39, 35], [35, 71], [47, 22], [96, 11], [42, 77], [62, 61], [28, 39], [36, 84], [4, 32], [35, 48], [6, 71], [72, 49], [37, 29], [32, 43], [42, 39], [81, 14], [66, 78], [17, 85], [43, 85], [69, 43], [82, 35], [53, 2], [49, 26], [23, 94], [44, 68], [78, 40], [10, 69], [16, 57], [9, 68], [7, 40], [42, 44], [66, 84], [22, 10], [96, 21], [38, 63], [26, 32], [40, 81], [96, 60], [25, 47], [52, 63], [54, 78], [79, 48], [8, 24], [24, 39], [98, 31], [65, 32], [52, 82], [35, 40], [45, 32], [70, 81], [38, 93], [77, 87], [91, 99], [1, 88], [16, 28], [26, 87], [30, 34], [47, 18], [42, 59], [32, 20], [11, 17], [55, 70], [2, 84], [32, 12], [92, 0], [53, 58], [34, 54], [6, 49], [33, 32], [71, 88], [42, 38], [76, 90], [34, 10], [65, 29], [77, 81], [49, 89], [95, 33], [50, 49], [22, 25], [22, 55], [45, 48], [8, 62], [35, 87], [76, 24], [9, 61], [64, 32], [26, 64], [61, 99], [60, 32], [29, 87], [24, 64], [42, 56], [34, 21], [47, 13], [55, 52], [42, 31], [31, 63], [31, 3], [84, 44], [95, 52], [93, 73], [70, 96], [50, 90], [74, 14], [80, 23], [31, 62], [52, 77], [47, 31], [51, 60], [93, 23], [18, 84], [0, 43], [49, 31], [86, 35], [21, 57], [43, 67], [70, 97], [28, 38], [56, 95], [98, 78], [8, 79], [92, 40], [5, 12], [31, 30], [5, 58], [27, 45], [33, 19], [38, 46], [53, 66], [36, 72], [25, 32], [79, 53], [43, 65], [40, 13], [46, 37], [14, 76], [63, 32], [30, 19], [43, 97], [68, 79], [5, 97], [31, 46], [62, 77], [40, 55], [33, 46], [43, 76], [26, 31], [20, 45], [42, 96], [17, 67], [95, 11], [52, 74], [94, 54], [81, 8], [46, 90], [71, 31], [67, 79], [45, 80], [63, 16], [41, 12], [90, 95], [71, 95], [30, 26], [84, 41], [45, 21], [71, 39], [29, 47], [15, 9], [26, 19], [60, 98], [63, 91], [9, 41], [35, 88], [47, 47], [46, 60], [64, 95], [18, 3], [20, 30], [34, 94], [86, 25], [28, 73], [24, 98], [10, 61], [23, 89], [51, 98], [93, 88], [45, 26], [85, 72], [53, 25], [27, 65], [30, 25], [24, 22], [25, 9], [26, 46], [75, 29], [38, 27], [82, 6], [6, 13], [82, 90], [47, 52], [7, 19], [68, 72], [56, 69], [42, 57], [34, 92], [39, 5], [45, 62], [79, 19], [83, 66], [90, 89], [14, 35], [61, 70], [39, 47], [1, 72], [56, 12], [11, 58], [44, 94], [30, 80], [73, 64], [25, 75], [63, 59], [62, 92], [2, 12], [44, 14], [23, 51], [69, 48], [34, 17], [25, 61], [41, 27], [79, 64], [6, 73], [1, 91], [98, 89], [46, 51], [36, 87], [69, 49], [67, 88], [0, 62], [13, 99], [38, 92], [64, 23], [56, 93], [62, 96], [66, 35], [18, 58], [81, 86], [51, 49], [86, 15], [36, 67], [38, 28], [81, 11], [27, 60], [93, 83], [77, 21], [48, 88], [82, 43], [4, 66], [83, 46], [7, 29], [10, 65], [10, 49], [18, 44], [53, 17], [16, 72], [50, 35], [24, 37], [78, 19], [11, 51], [20, 75], [70, 40], [64, 92], [10, 75], [53, 86], [2, 40], [91, 39], [54, 54], [20, 23], [53, 90], [12, 59], [91, 5], [63, 87], [67, 14], [31, 65], [20, 32], [85, 39], [33, 57], [7, 65], [24, 92], [36, 88], [20, 19], [79, 60], [94, 32], [39, 28], [58, 79], [36, 55], [75, 91], [84, 52], [33, 74], [79, 5], [0, 42], [9, 52], [26, 35], [73, 94], [28, 47], [53, 6], [25, 79], [22, 54], [15, 76], [57, 82], [88, 46], [41, 36], [86, 51], [20, 71], [64, 33], [83, 84], [71, 92], [23, 85], [49, 37], [51, 59], [64, 31], [47, 44], [13, 93], [93, 32], [72, 48], [94, 25], [23, 61], [30, 23], [13, 54], [20, 96], [92, 85], [38, 67], [39, 23], [2, 75], [34, 37], [15, 11], [10, 28], [45, 44], [69, 28], [86, 36], [21, 65], [52, 72], [93, 18], [48, 96], [60, 92], [80, 65], [18, 2], [79, 84], [47, 15], [80, 67], [79, 61], [15, 79], [11, 43], [33, 44], [59, 91], [47, 39], [37, 9], [63, 31], [33, 65], [68, 13], [14, 68], [37, 38], [85, 45], [78, 65], [38, 19], [18, 4], [41, 72], [70, 24], [40, 29], [13, 1], [4, 19], [25, 94], [35, 81], [49, 83], [69, 44], [67, 77], [17, 62], [1, 16], [43, 9], [61, 97], [36, 71], [16, 36], [10, 47], [51, 92], [87, 49], [50, 9], [84, 93], [25, 93], [8, 99], [22, 28], [47, 23], [38, 50], [59, 30], [54, 76], [26, 84], [80, 1], [39, 80], [97, 40], [26, 13], [85, 82], [79, 63], [87, 58], [85, 57], [40, 34], [35, 17], [45, 66], [1, 49], [56, 67], [93, 86], [46, 62], [65, 95], [81, 55], [22, 0], [12, 18], [5, 54], [32, 53], [67, 27], [48, 10], [98, 60], [14, 0], [41, 51], [28, 75], [12, 22], [75, 78], [43, 99], [31, 89], [47, 51], [55, 45], [63, 24], [15, 40], [53, 4], [44, 89], [27, 15], [71, 15], [68, 60], [28, 16], [62, 15], [25, 37], [54, 56], [82, 74], [17, 91], [38, 53], [22, 34], [22, 48], [97, 13], [57, 31], [31, 17], [56, 76], [57, 54], [54, 83], [20, 5], [4, 22], [48, 59], [42, 73], [59, 3], [36, 47], [77, 23], [24, 69], [49, 49], [41, 90], [77, 62], [15, 13], [30, 95], [15, 16], [82, 7], [52, 0], [24, 68], [46, 45], [30, 92], [62, 55], [19, 67], [29, 41], [45, 17], [27, 69], [36, 62], [34, 88], [25, 62], [69, 78], [53, 57], [8, 46], [50, 65], [78, 56], [16, 96], [36, 99], [3, 65], [36, 90], [79, 35], [42, 51], [25, 3], [36, 13], [28, 22], [42, 61], [38, 38], [39, 75], [20, 3], [30, 11], [71, 11], [9, 40], [32, 61], [20, 43], [45, 54], [58, 90], [44, 25], [41, 13], [22, 7], [31, 51], [18, 61], [54, 79], [62, 42], [29, 12], [12, 75], [78, 92], [8, 12], [20, 9], [21, 47], [42, 65], [6, 90], [88, 33], [46, 47], [7, 9], [55, 85], [47, 2], [80, 28], [89, 92], [62, 38], [98, 14], [47, 40], [27, 31], [13, 83], [32, 0], [54, 73], [0, 61], [79, 92], [50, 51], [10, 12], [28, 91], [38, 58], [79, 77], [67, 29], [19, 40], [17, 92], [14, 95], [52, 44], [50, 39], [59, 78], [39, 8], [61, 2], [37, 74], [37, 40], [53, 32], [16, 15], [68, 51], [6, 43], [10, 64], [77, 58], [9, 56], [57, 4], [25, 10], [64, 38], [33, 87], [14, 24], [85, 58], [37, 20], [57, 78], [30, 72], [28, 87], [44, 95], [6, 9], [14, 6], [25, 15], [17, 56], [59, 57], [37, 61], [49, 50], [6, 35], [13, 20], [15, 24], [87, 36], [54, 37], [73, 88], [39, 20], [19, 65], [6, 85], [35, 98], [9, 38], [45, 49], [84, 82], [61, 8], [91, 89], [82, 79], [55, 75], [65, 21], [44, 64], [73, 97], [82, 66], [76, 55], [67, 87], [17, 78], [59, 9], [78, 36], [28, 32], [79, 93], [58, 61], [22, 40], [5, 60], [16, 7], [25, 14], [53, 35], [81, 61], [52, 5], [49, 22], [46, 72], [46, 52], [20, 57], [76, 1], [74, 96], [15, 60], [4, 54], [10, 73], [55, 10], [7, 11], [47, 9], [25, 65], [72, 95], [93, 99], [77, 49], [74, 60], [55, 73], [20, 48], [24, 85], [89, 44], [30, 91], [52, 20], [42, 95], [49, 44], [10, 60], [15, 55], [19, 5], [85, 50], [49, 80], [31, 74], [62, 33], [43, 34], [23, 3], [17, 28], [84, 72], [45, 61], [6, 34], [18, 66], [41, 19], [72, 86], [41, 52], [98, 33], [36, 80], [74, 88], [79, 33], [9, 8], [84, 22], [44, 23], [33, 24], [22, 4], [77, 26], [29, 31], [55, 35], [3, 58], [95, 63], [12, 10], [12, 41], [43, 84], [84, 92], [46, 91], [90, 78], [79, 32], [41, 17], [35, 67], [51, 97], [50, 98], [94, 78], [95, 2], [64, 98], [54, 8], [9, 12], [47, 3], [58, 45], [78, 26], [90, 61], [90, 69], [99, 58], [53, 74], [73, 25], [79, 83], [72, 90], [10, 30], [57, 86], [52, 27], [41, 22], [32, 57], [54, 90], [60, 43], [43, 92], [51, 63], [39, 18], [20, 99], [69, 31], [30, 44], [30, 87], [65, 80], [83, 98], [39, 62], [61, 27], [14, 96], [22, 61], [7, 64], [68, 95], [89, 77], [36, 58], [99, 13], [29, 36], [73, 19], [56, 65], [9, 11], [89, 24], [19, 37], [84, 50], [0, 23], [6, 28], [98, 96], [46, 6], [37, 46], [50, 70], [86, 50], [63, 94], [48, 84], [2, 7], [58, 66], [14, 18], [82, 32], [90, 9], [75, 95], [56, 80], [24, 17], [44, 41], [21, 4], [30, 3], [40, 44], [28, 46], [81, 39], [53, 92], [34, 53], [69, 96], [15, 95], [18, 19], [44, 53], [86, 68], [42, 20], [83, 6], [21, 32], [36, 94], [64, 59], [56, 49], [87, 44], [9, 44], [49, 45], [41, 68], [20, 50], [17, 14], [25, 57], [46, 56], [83, 49], [45, 67], [19, 71], [30, 45], [79, 8], [14, 91], [15, 46], [90, 18], [15, 49], [21, 33], [3, 96], [47, 61], [21, 54], [63, 71], [66, 40], [69, 59], [96, 85], [87, 87], [89, 30], [83, 12], [50, 84], [31, 91], [78, 83], [87, 67], [41, 38], [53, 41], [37, 19], [65, 20], [26, 48], [80, 6], [48, 49], [78, 30], [66, 54], [7, 52], [81, 84], [40, 80], [39, 12], [48, 95], [27, 74], [99, 21], [44, 47], [20, 70], [94, 90], [85, 24], [14, 9], [21, 61], [11, 30], [79, 11], [35, 56], [28, 15], [79, 34], [44, 26], [27, 47], [52, 3], [72, 58], [28, 51], [57, 5], [56, 77], [85, 44], [86, 71], [85, 86], [44, 67], [99, 95], [72, 42], [69, 13], [74, 98], [64, 27], [85, 7], [41, 75], [46, 61], [51, 38], [65, 19], [49, 94], [66, 87], [15, 2], [21, 18], [81, 36], [53, 27], [53, 52], [22, 45], [50, 45], [45, 27], [23, 55], [44, 62], [69, 99], [97, 21], [93, 13], [37, 77], [54, 70], [72, 7], [57, 59], [78, 8], [75, 60], [31, 26], [21, 6], [35, 86], [88, 26], [71, 10], [7, 21], [70, 39], [87, 32], [65, 69], [98, 38], [93, 93], [70, 6], [90, 94], [63, 25], [35, 37], [72, 94], [46, 1], [52, 75], [72, 50], [14, 7], [94, 21], [12, 16], [26, 8], [0, 55], [70, 60], [76, 64], [83, 50], [4, 92], [53, 56], [7, 63], [44, 38], [38, 37], [48, 57], [72, 98], [75, 18], [78, 49], [63, 92], [40, 82], [45, 56], [22, 21], [20, 15], [16, 13], [63, 56], [34, 95], [62, 93], [18, 22], [92, 47], [77, 88], [39, 64], [73, 72], [84, 76], [40, 95], [13, 31], [1, 31], [37, 33], [95, 71], [75, 37], [16, 68], [52, 67], [97, 27], [59, 13], [34, 4], [60, 42], [47, 67], [42, 4], [85, 97], [34, 67], [27, 50], [58, 33], [76, 10], [34, 22], [97, 80], [24, 23], [1, 66], [74, 62], [85, 11], [36, 83], [18, 90], [15, 44], [45, 47], [50, 73], [26, 38], [97, 95], [27, 79], [12, 66], [74, 55], [85, 48], [15, 48], [39, 70], [30, 0], [57, 97], [79, 17], [43, 33], [82, 76], [28, 94], [86, 23], [51, 2], [30, 65], [32, 55], [76, 16], [73, 0], [47, 95], [36, 93], [21, 27], [70, 43], [65, 0], [68, 88], [44, 77], [24, 90], [79, 45], [89, 39], [84, 3], [43, 57], [82, 31], [91, 77], [5, 88], [15, 70], [65, 96], [80, 30], [57, 9], [42, 25], [97, 7], [27, 89], [25, 25], [60, 63], [27, 66], [45, 60], [1, 80], [97, 10], [59, 98], [56, 83], [51, 90], [28, 26], [60, 90], [44, 88], [55, 92], [39, 13], [41, 74], [44, 46], [76, 93], [83, 18], [46, 75], [4, 77], [38, 47], [74, 36], [85, 12], [51, 84], [23, 10], [73, 82], [32, 7], [1, 46], [45, 46], [18, 25], [33, 36], [65, 78], [38, 68], [7, 10], [7, 93], [45, 20], [45, 3], [83, 42], [84, 81], [95, 35], [68, 16], [15, 8], [88, 38], [29, 53], [67, 39], [82, 88], [57, 70], [23, 60], [7, 85], [47, 55], [66, 44], [35, 85], [50, 74], [43, 49], [83, 2], [26, 67], [54, 81], [65, 40], [62, 89], [28, 20], [54, 27], [36, 44], [5, 45], [38, 34], [52, 54], [87, 29], [33, 91], [60, 61], [54, 50], [64, 61], [68, 50], [53, 80], [48, 45], [2, 43], [15, 67], [28, 86], [60, 99], [22, 11], [44, 45], [31, 82], [64, 81], [88, 59], [30, 24], [45, 97], [35, 83], [53, 99], [20, 38], [34, 51], [0, 16], [15, 63], [87, 80], [97, 91], [62, 59], [42, 49], [64, 91], [90, 98], [45, 69], [18, 29], [76, 35], [0, 41], [13, 25], [27, 32], [11, 71], [26, 88], [18, 83], [58, 67], [47, 64], [94, 83], [80, 66], [59, 21], [48, 46], [74, 86], [66, 73], [99, 16], [28, 43], [3, 78], [87, 19], [46, 96], [51, 0], [61, 87], [75, 17], [11, 96], [32, 76], [57, 20], [25, 35], [17, 76], [37, 0], [72, 64], [24, 58], [13, 13], [87, 17], [36, 30], [56, 21], [61, 37], [47, 7], [29, 39], [52, 43], [82, 82], [76, 12], [46, 88], [87, 88], [15, 34], [44, 59], [3, 44], [15, 99], [50, 96], [72, 52], [71, 20], [65, 54], [18, 37], [41, 63], [87, 12], [79, 14], [52, 25], [48, 77], [84, 57], [55, 53], [71, 0], [15, 28], [43, 74], [77, 54], [54, 74], [49, 54], [49, 38], [40, 98], [25, 78], [16, 56], [80, 80], [55, 62], [75, 3], [32, 93], [29, 83], [28, 41], [29, 72], [14, 52], [57, 2], [0, 51], [84, 80], [95, 17], [37, 50], [55, 20], [27, 39], [20, 58], [33, 7], [45, 6], [38, 44], [70, 93], [35, 49], [87, 16], [45, 35], [19, 99], [89, 71], [52, 12], [83, 51], [36, 48], [10, 4], [16, 5], [6, 36], [27, 49], [28, 64], [62, 76], [97, 87], [29, 90], [98, 0], [97, 81], [50, 46], [96, 45], [90, 27], [51, 14], [50, 82], [26, 90], [26, 89], [38, 94], [46, 77], [26, 93], [21, 2], [29, 70], [4, 81], [71, 90], [4, 64], [9, 33], [63, 26], [28, 42], [93, 2], [7, 42], [54, 1], [7, 12], [56, 79], [58, 71], [26, 27], [18, 77], [79, 66], [47, 92], [64, 42], [94, 5], [37, 37], [10, 92], [10, 11], [82, 87], [44, 50], [23, 38], [73, 48], [99, 81], [48, 64], [63, 98], [70, 99], [4, 42], [24, 47], [25, 21], [16, 32], [81, 85], [25, 34], [4, 63], [83, 29], [25, 38], [8, 30], [87, 38], [51, 65], [35, 43], [72, 16], [72, 37], [27, 93], [59, 1], [21, 24], [77, 73], [25, 71], [66, 98], [55, 74], [24, 55], [80, 13], [78, 50], [49, 76], [14, 48], [7, 7], [68, 73], [38, 29], [17, 48], [22, 65], [52, 71], [84, 43], [23, 18], [15, 45], [41, 66], [17, 66], [64, 99], [48, 30], [48, 63], [38, 39], [28, 40], [70, 23], [25, 88], [87, 4], [77, 80], [19, 7], [23, 41], [19, 29], [82, 50], [31, 98], [54, 91], [48, 62], [55, 19], [44, 42], [83, 81], [48, 73], [40, 87], [12, 95], [38, 84], [48, 86], [96, 65], [86, 49], [17, 63], [54, 61], [97, 25], [40, 15], [85, 34], [2, 29], [45, 63], [37, 32], [61, 93], [22, 43], [20, 93], [96, 80], [12, 31], [38, 65], [7, 48], [56, 97], [71, 33], [29, 64], [35, 45], [72, 0], [13, 12], [44, 74], [80, 44], [29, 19], [82, 53], [23, 57], [59, 76], [47, 0], [77, 91], [62, 1], [13, 79], [27, 58], [99, 44], [44, 27], [60, 6], [65, 17], [71, 54], [51, 73], [48, 9], [18, 35], [58, 85], [18, 64], [66, 42], [27, 71], [34, 19], [16, 3], [1, 54], [44, 33], [18, 1], [17, 31], [35, 51], [88, 70], [18, 21], [73, 62], [35, 63], [61, 63], [74, 99], [58, 32], [31, 96], [92, 59], [33, 28], [52, 92], [29, 71], [1, 34], [33, 10], [66, 82], [68, 89], [77, 48], [50, 94], [21, 11], [25, 68], [74, 63], [24, 62], [39, 7], [31, 83], [69, 61], [54, 16], [52, 83], [30, 51], [58, 96], [52, 89], [63, 27], [50, 61], [40, 46], [97, 85], [38, 18], [53, 87], [49, 68], [82, 83], [55, 49], [15, 1], [20, 80], [32, 88], [42, 50], [39, 51], [74, 90], [42, 84], [40, 84], [41, 42], [81, 18], [47, 14], [95, 87], [69, 82], [49, 48], [26, 63], [19, 33], [78, 62], [24, 71], [94, 28], [49, 46], [79, 75], [42, 36], [99, 63], [49, 75], [58, 97], [63, 42], [45, 43], [15, 51], [80, 88], [85, 38], [9, 22], [51, 76], [76, 32], [24, 40], [64, 3], [37, 12], [23, 1], [75, 31], [37, 89], [47, 45], [97, 28], [42, 40], [28, 99], [98, 48], [67, 40], [12, 7], [25, 13], [50, 3], [27, 26], [49, 90], [28, 55], [75, 22], [11, 87], [4, 62], [81, 78], [28, 58], [25, 70], [34, 31], [43, 51], [27, 52], [34, 18], [5, 77], [59, 26], [94, 0], [55, 15], [11, 76], [34, 91], [76, 59], [28, 29], [69, 80], [46, 94], [42, 70], [42, 48], [23, 25], [47, 12], [28, 90], [96, 17], [97, 54], [32, 47], [48, 65], [81, 82], [25, 84], [62, 97], [61, 61], [15, 32], [23, 52], [32, 99], [34, 42], [82, 41], [35, 31], [93, 4], [6, 26], [78, 38], [94, 89], [70, 75], [45, 9], [94, 86], [79, 81], [21, 45], [22, 36], [37, 14], [57, 28], [74, 34], [34, 86], [46, 27], [49, 14], [87, 42], [26, 51], [29, 67], [43, 89], [34, 62], [46, 74], [54, 15], [57, 98], [57, 30], [59, 32], [40, 51], [0, 40], [76, 97], [12, 76], [5, 15], [64, 41], [91, 95], [72, 66], [66, 49], [46, 55], [24, 2], [4, 65], [42, 90], [23, 43], [54, 62], [43, 19], [48, 61], [10, 62], [44, 0], [91, 61], [61, 18], [84, 15], [80, 72], [12, 70], [21, 95], [17, 0], [86, 26], [10, 18], [28, 74], [16, 0], [41, 45], [0, 70], [71, 42], [75, 11], [0, 59], [6, 89], [11, 28], [40, 42], [21, 97], [23, 29], [90, 64], [45, 18], [58, 95], [21, 34], [78, 17], [85, 40], [59, 23], [83, 61], [40, 77], [74, 65], [59, 42], [70, 62], [44, 6], [22, 64], [58, 54], [58, 25], [28, 19], [97, 11], [45, 88], [61, 92], [91, 93], [32, 30], [31, 39], [70, 68], [12, 57], [50, 2], [28, 6], [32, 71], [81, 73], [65, 72], [20, 4], [35, 18], [26, 29], [58, 37], [98, 55], [32, 44], [20, 6], [59, 5], [76, 17], [5, 66], [33, 41], [66, 94], [63, 90], [59, 36], [40, 88], [17, 84], [47, 48], [22, 1], [29, 24], [7, 89], [0, 35], [92, 9], [12, 13], [18, 51], [72, 26], [18, 26], [8, 93], [98, 63], [49, 39], [25, 46], [36, 15], [95, 12], [77, 27], [60, 73], [39, 11], [88, 90], [44, 87], [10, 38], [32, 36], [36, 40], [31, 92], [36, 9], [59, 43], [19, 47], [59, 34], [14, 10], [89, 89], [39, 45], [59, 4], [53, 91], [27, 75], [13, 17], [22, 58], [30, 47], [33, 66], [52, 37], [33, 90], [48, 55], [30, 10], [98, 34], [20, 47], [84, 7], [40, 4], [23, 39], [88, 37], [21, 29], [34, 45], [62, 32], [4, 53], [58, 99], [67, 96], [0, 64], [38, 49], [64, 30], [42, 98], [9, 31], [47, 86], [5, 44], [97, 26], [66, 64], [61, 31], [25, 19], [12, 17], [97, 79], [39, 15], [18, 38], [32, 25], [60, 86], [90, 3], [44, 72], [27, 40], [49, 71], [46, 95], [77, 3], [73, 73], [55, 68], [5, 27], [36, 49], [5, 21], [29, 7], [33, 71], [5, 73], [10, 83], [51, 87], [51, 67], [18, 94], [70, 74], [8, 51], [2, 64], [5, 62], [24, 7], [43, 46], [66, 6], [71, 77], [32, 18], [72, 97], [57, 71], [30, 20], [44, 44], [67, 47], [73, 87], [29, 81], [33, 49], [14, 14], [12, 54], [66, 70], [59, 79], [43, 93], [33, 78], [54, 77], [48, 75], [67, 32], [90, 22], [25, 17], [69, 90], [60, 62], [5, 70], [52, 57], [27, 48], [43, 83], [49, 5], [87, 23], [3, 35], [33, 62], [65, 67], [35, 90], [85, 3], [26, 22], [4, 67], [18, 73], [94, 9], [94, 74], [3, 11], [87, 14], [98, 53], [36, 18], [71, 62], [25, 60], [33, 58], [98, 62], [40, 28], [62, 80], [37, 31], [76, 26], [34, 25], [38, 86], [96, 9], [51, 91], [37, 41], [40, 21], [91, 31], [27, 51], [62, 87], [41, 23], [66, 27], [2, 51], [64, 94], [22, 87], [58, 87], [59, 59], [89, 42], [89, 49], [23, 53], [28, 0], [59, 45], [57, 1], [57, 43], [41, 34], [11, 67], [64, 47], [0, 85], [39, 4], [57, 91], [30, 93], [41, 53], [79, 20], [28, 59], [83, 92], [38, 83], [27, 1], [67, 38], [43, 79], [76, 15], [73, 24], [32, 24], [39, 44], [80, 75], [53, 40], [30, 17], [99, 33], [91, 92], [42, 6], [13, 8], [43, 14], [23, 34], [49, 53], [6, 80], [91, 17], [71, 50], [62, 50], [76, 11], [14, 13], [9, 64], [49, 42], [77, 56], [11, 57], [45, 59], [21, 53], [66, 15], [29, 42], [21, 60], [41, 50], [35, 34], [28, 9], [3, 79], [90, 45], [44, 92], [18, 28], [82, 10], [10, 20], [59, 69], [89, 57], [51, 3], [69, 38], [50, 4], [12, 64], [32, 1], [39, 40], [85, 36], [24, 34], [7, 97], [56, 27], [71, 93], [67, 30], [85, 91], [99, 42], [61, 46], [74, 85], [88, 66], [58, 60], [94, 24], [18, 70], [56, 23], [87, 41], [99, 79], [79, 67], [30, 28], [79, 94], [5, 78], [79, 85], [91, 23], [41, 48], [12, 1], [45, 64], [99, 26], [36, 35], [93, 64], [93, 81], [5, 75], [52, 48], [95, 0], [19, 28], [48, 56], [64, 36], [47, 62], [11, 65], [14, 71], [38, 88], [61, 95], [17, 79], [36, 50], [87, 28], [55, 89], [30, 27], [19, 2], [4, 85], [90, 84], [42, 78], [95, 45], [0, 69], [7, 23], [49, 62], [79, 3], [81, 69], [63, 83], [26, 94], [88, 82], [93, 41], [70, 26], [27, 87], [23, 54], [1, 57], [26, 21], [13, 3], [74, 6], [70, 42], [87, 68], [99, 94], [98, 32], [50, 20], [35, 66], [6, 51], [28, 95], [74, 89], [53, 54], [41, 47], [13, 5], [33, 95], [29, 99], [15, 33], [19, 10], [1, 61], [25, 20], [28, 21], [51, 21], [78, 61], [0, 26], [19, 32], [49, 67], [46, 31], [36, 36], [18, 46], [26, 73], [14, 17], [7, 96], [43, 60], [85, 32], [29, 52], [60, 49], [82, 1], [17, 23], [31, 88], [22, 53], [7, 17], [10, 46], [18, 69], [96, 92], [78, 45], [59, 61], [93, 49], [50, 80], [16, 50], [5, 31], [55, 4], [25, 59], [12, 4], [54, 68], [66, 50], [93, 90], [72, 96], [54, 69], [43, 81], [14, 32], [25, 42], [85, 28], [49, 61], [72, 25], [28, 76], [64, 72], [28, 54], [16, 65], [3, 20], [23, 75], [74, 26], [20, 49], [18, 27], [80, 5], [59, 56], [80, 61], [77, 52], [8, 28], [11, 72], [52, 98], [19, 68], [71, 79], [45, 65], [14, 70], [23, 83], [48, 58], [70, 69], [66, 37], [15, 37], [12, 62], [88, 48], [51, 4], [33, 26], [35, 46], [39, 57], [71, 99], [27, 33], [78, 31], [61, 38], [88, 77], [39, 53], [58, 56], [3, 52], [55, 37], [73, 23], [27, 42], [24, 5], [11, 82], [72, 36], [44, 84], [59, 67], [1, 81], [93, 33], [64, 14], [71, 48], [27, 27], [74, 92], [86, 96], [44, 66], [47, 10], [6, 86], [51, 45], [66, 3], [17, 40], [21, 1], [40, 8], [20, 88], [81, 31], [61, 32], [46, 15], [61, 0], [55, 83], [92, 32], [17, 61], [39, 86], [41, 20], [21, 99], [91, 62], [9, 73], [88, 12], [40, 58], [24, 45], [78, 7], [70, 80]], "targets": [[11, 9], [12, 18], [45, 30], [6, 78], [45, 13], [91, 32], [36, 40], [23, 4], [26, 40], [1, 7], [79, 38], [96, 73], [71, 5], [52, 87], [85, 35], [44, 11], [39, 4], [97, 12], [81, 41], [54, 87], [77, 82], [25, 7], [96, 68], [92, 68], [49, 39], [72, 45], [53, 40], [94, 91], [77, 41], [96, 3], [26, 89], [17, 0], [44, 59], [86, 8], [90, 94], [94, 56], [43, 44], [74, 15], [7, 18], [29, 10], [38, 65], [31, 0], [1, 22], [83, 69], [50, 98], [71, 24], [94, 33], [20, 63], [34, 10], [7, 26], [95, 65], [78, 6], [76, 16], [57, 72], [17, 8], [37, 72], [49, 94], [7, 34], [23, 3], [30, 38], [25, 8], [5, 25], [80, 54], [73, 35], [95, 86], [56, 51], [53, 29], [44, 2], [9, 21], [5, 76], [88, 32], [93, 4], [99, 70], [92, 78], [8, 6], [26, 8], [66, 18], [28, 33], [16, 74], [67, 6], [52, 35], [83, 15], [85, 41], [52, 61], [11, 3], [28, 82], [89, 71], [72, 84], [70, 17], [50, 83], [93, 95], [40, 60], [43, 97], [6, 26], [94, 40], [95, 75], [24, 8], [36, 41], [24, 0], [12, 26], [78, 20], [54, 83], [91, 51], [92, 51], [70, 36], [90, 99], [48, 54], [42, 23], [47, 17], [61, 35], [41, 0], [15, 18], [1, 67], [81, 16], [58, 66], [11, 1], [82, 35], [39, 11], [96, 4], [94, 66], [97, 74], [22, 0], [9, 16], [47, 58], [31, 9], [73, 24], [30, 40], [35, 5], [19, 63], [73, 17], [49, 93], [7, 35], [18, 13], [36, 33], [46, 31], [78, 15], [93, 44], [19, 5], [57, 55], [13, 25], [8, 9], [26, 87], [78, 64], [86, 53], [72, 39], [99, 98], [50, 51], [93, 75], [69, 72], [60, 34], [66, 22], [51, 0], [5, 23], [58, 81], [7, 71], [39, 28], [4, 0], [78, 9], [91, 98], [44, 72], [76, 36], [99, 1], [98, 69], [99, 75], [49, 95], [77, 17], [45, 66], [6, 31], [97, 41], [94, 62], [8, 7], [31, 10], [38, 34], [17, 6], [29, 2], [75, 25], [32, 5], [29, 38], [21, 62], [2, 29], [77, 5], [48, 83], [97, 48], [89, 51], [79, 37], [98, 94], [53, 55], [47, 23], [46, 20], [50, 33], [36, 65], [44, 7], [10, 17], [47, 31], [7, 74], [73, 10], [93, 77], [90, 33], [53, 62], [49, 98], [23, 7], [82, 32], [28, 89], [85, 69], [34, 9], [2, 35], [92, 7], [68, 17], [74, 74], [74, 25], [29, 8], [31, 29], [98, 67], [53, 85], [21, 7], [11, 24], [94, 75], [84, 29], [91, 96], [17, 2], [14, 23], [37, 61], [79, 19], [87, 49], [72, 40], [91, 95], [48, 46], [36, 10], [70, 18], [48, 72], [63, 37], [30, 32], [35, 2], [23, 74], [20, 7], [44, 0], [15, 20], [79, 5], [42, 97], [0, 77], [5, 21], [95, 41], [90, 72], [23, 9], [38, 38], [87, 33], [46, 36], [84, 11], [99, 2], [40, 65], [86, 32], [27, 7], [40, 64], [92, 67], [12, 19], [80, 20], [50, 88], [98, 49], [15, 9], [36, 77], [77, 64], [93, 49], [76, 43], [92, 95], [50, 53], [41, 20], [91, 61], [44, 19], [78, 84], [60, 31], [11, 7], [74, 22], [58, 92], [49, 7], [17, 19], [24, 6], [67, 17], [54, 86], [6, 35], [6, 68], [72, 10], [25, 35], [28, 70], [27, 6], [33, 31], [58, 70], [43, 32], [0, 1], [76, 21], [96, 89], [49, 58], [24, 11], [84, 33], [32, 15], [25, 4], [92, 72], [94, 4], [11, 20], [92, 44], [93, 69], [93, 76], [48, 31], [77, 36], [95, 88], [53, 57], [56, 96], [73, 14], [63, 29], [69, 6], [92, 38], [47, 70], [0, 30], [93, 41], [47, 5], [14, 25], [91, 63], [13, 3], [14, 24], [39, 61], [20, 10], [24, 43], [19, 10], [35, 86], [89, 68], [5, 66], [31, 5], [75, 27], [81, 77], [69, 17], [32, 6], [29, 34], [35, 10], [18, 75], [78, 34], [85, 10], [8, 18], [79, 14], [58, 83], [99, 48], [56, 99], [48, 82], [47, 55], [98, 64], [97, 3], [86, 46], [75, 49], [96, 97], [51, 53], [15, 2], [43, 20], [49, 12], [96, 64], [59, 38], [88, 99], [37, 63], [8, 19], [22, 13], [34, 32], [41, 6], [15, 28], [43, 37], [66, 8], [4, 75], [74, 16], [95, 68], [14, 3], [87, 36], [27, 9], [41, 72], [50, 99], [28, 9], [71, 27], [4, 18], [7, 3], [77, 39], [27, 78], [81, 59], [33, 14], [45, 67], [88, 42], [82, 36], [93, 89], [50, 48], [25, 36], [19, 72], [7, 20], [94, 38], [98, 0], [67, 13], [92, 61], [72, 82], [51, 41], [71, 25], [84, 15], [30, 6], [26, 37], [94, 68], [58, 69], [49, 6], [15, 17], [56, 85], [1, 79], [18, 2], [57, 93], [22, 11], [7, 31], [43, 30], [7, 5], [93, 74], [79, 9], [79, 33], [50, 87], [53, 36], [95, 97], [9, 4], [90, 51], [9, 18], [42, 69], [75, 13], [0, 26], [85, 54], [81, 35], [99, 87], [43, 51], [85, 30], [35, 9], [67, 23], [89, 43], [43, 72], [17, 5], [34, 40], [44, 18], [40, 19], [50, 34], [93, 5], [32, 41], [32, 7], [22, 65], [16, 7], [34, 79], [80, 61], [99, 77], [42, 4], [7, 29], [80, 18], [93, 71], [97, 73], [45, 94], [30, 0], [50, 57], [6, 69], [79, 13], [73, 73], [77, 18], [11, 22], [53, 56], [9, 32], [97, 36], [85, 44], [80, 42], [91, 99], [47, 53], [99, 63], [15, 8], [53, 84], [15, 15], [33, 30], [82, 11], [8, 1], [78, 35], [37, 14], [47, 42], [60, 28], [33, 0], [76, 14], [75, 15], [57, 94], [96, 6], [98, 95], [35, 68], [43, 3], [13, 29], [85, 42], [30, 5], [48, 66], [34, 33], [25, 64], [90, 69], [94, 64], [0, 73], [8, 30], [78, 19], [56, 86], [97, 56], [0, 24], [20, 14], [28, 81], [87, 62], [82, 50], [74, 39], [95, 94], [56, 50], [28, 3], [32, 35], [76, 6], [50, 19], [81, 29], [93, 61], [47, 10], [69, 81], [57, 36], [11, 4], [48, 65], [68, 16], [13, 20], [48, 62], [54, 99], [67, 12], [29, 6], [46, 0], [12, 25], [92, 2], [34, 13], [62, 21], [46, 40], [10, 3], [50, 85], [7, 23], [97, 45], [3, 22], [3, 74], [86, 2], [95, 63], [96, 71], [26, 46], [36, 6], [15, 69], [15, 6], [25, 43], [83, 42], [57, 67], [88, 49], [73, 45], [98, 87], [47, 43], [41, 28], [0, 7], [65, 19], [98, 91], [43, 70], [54, 92], [64, 40], [13, 7], [83, 38], [31, 85], [86, 61], [32, 13], [30, 2], [95, 61], [13, 8], [74, 14], [45, 0], [8, 20], [8, 27], [99, 9], [41, 62], [9, 20], [71, 10], [50, 78], [90, 48], [75, 83], [78, 23], [23, 8], [73, 18], [2, 80], [23, 16], [28, 34], [34, 66], [94, 43], [90, 75], [88, 67], [51, 34], [78, 49], [95, 91], [54, 47], [58, 99], [94, 77], [11, 11], [32, 39], [21, 65], [79, 17], [53, 80], [41, 22], [46, 17], [62, 28], [66, 15], [89, 38], [26, 5], [43, 59], [82, 40], [2, 32], [94, 42], [43, 1], [7, 17], [5, 19], [94, 79], [80, 35], [96, 90], [11, 5], [6, 23], [43, 67], [20, 6], [31, 36], [93, 2], [10, 8], [34, 83], [79, 63], [43, 96], [3, 78], [87, 11], [90, 41], [83, 36], [97, 87], [46, 45], [72, 22], [29, 0], [69, 27], [54, 58], [95, 74], [97, 72], [79, 72], [60, 32], [67, 18], [26, 0], [44, 36], [8, 32], [32, 43], [29, 4], [27, 72], [46, 60], [9, 9], [87, 30], [40, 9], [80, 13], [46, 5], [11, 28], [12, 29], [79, 11], [55, 87], [98, 54], [15, 16], [35, 29], [57, 99], [53, 77], [93, 42], [52, 72], [92, 75], [20, 0], [98, 3], [6, 67], [87, 55], [82, 44], [96, 88], [54, 56], [12, 0], [47, 29], [46, 19], [1, 6], [69, 9], [43, 17], [98, 9], [26, 6], [93, 66], [62, 33], [88, 92], [26, 81], [85, 17], [37, 1], [42, 61], [6, 25], [77, 69], [68, 22], [95, 45], [96, 67], [51, 58], [44, 92], [21, 14], [38, 28], [13, 28], [38, 1], [15, 25], [76, 28], [27, 36], [23, 70], [51, 40], [73, 78], [67, 21], [73, 6], [80, 49], [79, 40], [95, 92], [54, 54], [5, 72], [86, 16], [17, 11], [93, 12], [96, 62], [10, 7], [10, 19], [43, 58], [5, 35], [91, 36], [19, 1], [40, 67], [54, 29], [59, 76], [97, 69], [97, 62], [56, 93], [31, 8], [30, 35], [27, 1], [74, 20], [13, 22], [79, 7], [57, 83], [98, 58], [42, 2], [11, 18], [85, 13], [93, 63], [9, 0], [87, 32], [34, 82], [87, 63], [39, 17], [87, 98], [34, 69], [83, 50], [83, 44], [93, 90], [56, 46], [46, 59], [31, 39], [34, 2], [29, 75], [6, 71], [3, 25], [94, 35], [50, 35], [93, 8], [19, 3], [72, 17], [44, 21], [91, 64], [45, 15], [75, 72], [50, 36], [21, 2], [78, 16], [43, 93], [87, 19], [31, 15], [28, 36], [9, 13], [7, 27], [91, 70], [81, 32], [51, 57], [48, 5], [5, 27], [50, 61], [37, 5], [69, 20], [74, 35], [71, 11], [55, 79], [97, 66], [90, 55], [79, 48], [98, 86], [51, 54], [3, 26], [3, 70], [72, 8], [21, 0], [44, 96], [10, 13], [36, 88], [86, 64], [30, 33], [16, 70], [91, 12], [63, 40], [19, 8], [33, 33], [50, 56], [12, 27], [45, 27], [1, 5], [95, 67], [78, 22], [86, 27], [48, 78], [46, 39], [93, 96], [20, 3], [99, 58], [12, 15], [44, 71], [46, 3], [11, 23], [96, 76], [75, 18], [70, 73], [76, 25], [1, 32], [98, 44], [93, 50], [76, 48], [91, 97], [53, 47], [24, 14], [74, 28], [36, 17], [25, 2], [63, 22], [51, 98], [89, 40], [24, 7], [52, 59], [91, 67], [7, 67], [70, 14], [20, 12], [27, 34], [41, 18], [42, 17], [61, 38], [50, 58], [98, 11], [50, 79], [1, 18], [82, 2], [28, 46], [34, 3], [26, 74], [9, 8], [35, 84], [82, 69], [96, 66], [12, 8], [45, 8], [5, 15], [6, 24], [54, 55], [69, 15], [88, 44], [97, 70], [89, 73], [49, 38], [70, 42], [94, 98], [52, 52], [57, 96], [31, 4], [83, 28], [91, 93], [46, 66], [24, 16], [37, 29], [7, 66], [80, 11], [35, 3], [65, 14], [96, 77], [79, 77], [56, 38], [71, 22], [16, 8], [0, 18], [72, 11], [57, 79], [90, 52], [83, 34], [52, 70], [95, 1], [0, 29], [98, 40], [56, 91], [41, 5], [13, 15], [29, 35], [29, 74], [93, 47], [72, 44], [91, 87], [45, 56], [84, 9], [90, 66], [22, 2], [11, 16], [46, 68], [33, 1], [47, 79], [89, 74], [22, 12], [28, 37], [83, 18], [18, 11], [74, 38], [30, 78], [80, 71], [40, 15], [58, 63], [5, 79], [43, 38], [43, 16], [48, 12], [58, 36], [6, 32], [23, 2], [67, 14], [94, 69], [7, 28], [86, 13], [58, 96], [97, 8], [46, 26], [2, 0], [78, 7], [96, 96], [37, 70], [39, 8], [16, 22], [79, 84], [73, 21], [80, 44], [70, 41], [93, 86], [54, 46], [18, 12], [90, 34], [28, 7], [50, 67], [24, 4], [26, 27], [30, 42], [32, 2], [25, 63], [96, 74], [12, 3], [96, 72], [81, 37], [4, 73], [84, 14], [60, 40], [1, 26], [66, 19], [56, 81], [97, 55], [9, 27], [94, 34], [51, 91], [48, 70], [51, 85], [20, 1], [26, 77], [87, 59], [55, 68], [47, 37], [23, 5], [71, 17], [97, 64], [94, 3], [39, 1], [14, 28], [80, 53], [75, 36], [93, 94], [55, 54], [24, 5], [25, 6], [35, 42], [80, 15], [82, 10], [10, 9], [8, 31], [3, 79], [43, 14], [82, 42], [35, 37], [78, 36], [97, 65], [85, 29], [42, 13], [72, 72], [90, 71], [98, 72], [51, 37], [87, 95], [13, 5], [40, 62], [70, 24], [8, 17], [38, 69], [9, 29], [53, 99], [25, 66], [31, 13], [83, 8], [87, 16], [27, 19], [39, 30], [25, 1], [93, 55], [72, 41], [90, 89], [48, 50], [48, 4], [4, 17], [92, 1], [96, 63], [36, 12], [73, 26], [41, 32], [45, 61], [9, 5], [28, 79], [81, 67], [57, 75], [34, 71], [53, 92], [6, 30], [96, 44], [7, 32], [74, 21], [48, 87], [99, 57], [62, 32], [6, 76], [85, 5], [85, 31], [88, 72], [99, 76], [11, 8], [27, 32], [27, 8], [27, 76], [19, 12], [23, 31], [92, 34], [25, 5], [40, 54], [18, 14], [81, 54], [84, 45], [91, 94], [55, 48], [71, 74], [72, 20], [40, 2], [13, 17], [44, 28], [1, 3], [83, 21], [98, 89], [49, 62], [94, 8], [51, 94], [70, 15], [0, 22], [97, 79], [33, 10], [64, 20], [6, 19], [43, 23], [39, 16], [54, 36], [50, 38], [2, 73], [41, 71], [24, 9], [79, 39], [28, 83], [87, 60], [39, 18], [66, 17], [30, 19], [24, 34], [95, 62], [56, 84], [33, 8], [90, 62], [16, 5], [11, 17], [47, 56], [82, 12], [94, 47], [76, 47], [96, 95], [54, 50], [35, 46], [18, 76], [40, 3], [7, 15], [46, 93], [4, 29], [99, 42], [93, 9], [85, 36], [54, 66], [10, 27], [67, 19], [56, 80], [94, 48], [23, 11], [93, 73], [79, 79], [59, 28], [69, 16], [30, 8], [73, 20], [0, 68], [69, 13], [19, 17], [24, 36], [86, 89], [39, 67], [79, 42], [18, 8], [88, 50], [95, 69], [88, 70], [42, 43], [80, 39], [94, 97], [49, 56], [53, 94], [70, 7], [58, 59], [2, 22], [50, 4], [5, 24], [97, 67], [12, 2], [15, 12], [30, 88], [89, 65], [30, 37], [34, 0], [24, 62], [87, 14], [0, 19], [47, 82], [93, 7], [45, 20], [49, 19], [51, 32], [48, 60], [26, 14], [27, 35], [83, 12], [3, 73], [94, 65], [84, 42], [20, 2], [57, 68], [56, 97], [32, 0], [63, 28], [7, 8], [79, 36], [39, 10], [83, 49], [77, 35], [98, 90], [49, 43], [6, 34], [95, 42], [73, 77], [75, 22], [80, 6], [91, 62], [48, 6], [3, 16], [2, 20], [39, 32], [5, 1], [94, 67], [75, 23], [85, 28], [56, 88], [51, 39], [91, 91], [16, 3], [93, 58], [6, 18], [48, 63], [43, 68], [16, 6], [32, 36], [58, 35], [99, 3], [25, 39], [22, 68], [18, 1], [28, 84], [83, 66], [57, 95], [24, 1], [5, 73], [78, 14], [8, 35], [83, 55], [70, 45], [91, 88], [45, 48], [91, 68], [55, 80], [70, 22], [84, 37], [26, 13], [70, 26], [41, 63], [48, 7], [17, 24], [92, 42], [42, 64], [99, 73], [8, 23], [20, 11], [27, 5], [29, 31], [79, 6], [47, 20], [95, 71], [48, 19], [78, 78], [54, 38], [9, 1], [72, 24], [54, 95], [65, 21], [28, 6], [96, 1], [42, 33], [4, 30], [95, 44], [1, 76], [27, 33], [31, 7], [16, 64], [49, 66], [83, 52], [77, 43], [99, 92], [48, 53], [94, 93], [49, 69], [21, 3], [77, 28], [26, 86], [81, 60], [40, 14], [99, 69], [72, 14], [47, 7], [5, 20], [2, 28], [77, 14], [53, 86], [94, 51], [33, 2], [68, 19], [17, 17], [34, 29], [96, 69], [88, 75], [53, 96], [59, 84], [64, 35], [84, 41], [21, 6], [56, 68], [4, 26], [90, 67], [13, 6], [9, 15], [36, 57], [96, 7], [12, 10], [5, 67], [86, 10], [86, 49], [73, 49], [90, 87], [44, 53], [73, 16], [79, 73], [69, 24], [50, 31], [39, 33], [19, 76], [76, 37], [40, 0], [9, 24], [2, 30], [25, 10], [25, 37], [50, 94], [46, 70], [90, 70], [15, 13], [39, 31], [44, 15], [1, 8], [69, 14], [40, 17], [95, 10], [30, 3], [88, 63], [62, 36], [89, 91], [29, 88], [71, 12], [35, 12], [35, 58], [5, 32], [80, 69], [66, 23], [94, 44], [92, 46], [73, 39], [95, 90], [43, 57], [5, 75], [97, 7], [99, 79], [13, 1], [90, 36], [44, 68], [56, 77], [47, 98], [28, 19], [23, 38], [4, 27], [68, 11], [51, 82], [94, 54], [43, 6], [3, 21], [78, 4], [12, 12], [81, 30], [35, 15], [34, 56], [26, 32], [35, 1], [20, 75], [1, 24], [49, 41], [21, 5], [92, 73], [76, 74], [57, 32], [77, 19], [94, 72], [45, 71], [25, 3], [76, 26], [70, 13], [89, 50], [80, 38], [97, 98], [54, 48], [6, 66], [85, 12], [56, 92], [24, 12], [31, 81], [87, 69], [98, 1], [22, 19], [30, 36], [4, 23], [98, 70], [87, 31], [88, 98], [19, 4], [16, 16], [36, 71], [43, 0], [15, 27], [1, 30], [99, 41], [74, 42], [89, 37], [25, 0], [42, 62], [75, 14], [42, 20], [47, 11], [62, 37], [51, 86], [81, 19], [32, 37], [29, 69], [19, 9], [92, 69], [89, 42], [91, 75], [89, 67], [48, 43], [82, 45], [92, 87], [49, 44], [46, 99], [45, 70], [28, 13], [23, 28], [0, 71], [29, 1], [76, 18], [71, 73], [72, 26], [1, 21], [79, 8], [48, 86], [94, 57], [50, 63], [95, 11], [9, 25], [39, 3], [15, 22], [74, 5], [91, 73], [14, 8], [28, 4], [14, 12], [76, 33], [29, 86], [77, 70], [35, 17], [63, 38], [52, 98], [40, 29], [0, 8], [73, 19], [96, 91], [47, 69], [91, 55], [75, 39], [90, 86], [55, 43], [83, 41], [41, 68], [18, 7], [30, 41], [27, 45], [31, 6], [15, 71], [98, 68], [92, 64], [7, 70], [74, 2], [12, 31], [2, 19], [96, 40], [50, 86], [7, 1], [46, 33], [31, 1], [70, 19], [91, 7], [44, 9], [15, 19], [30, 1], [67, 5], [50, 15], [87, 40], [96, 78], [39, 20], [77, 81], [55, 38], [17, 7], [55, 56], [77, 20], [7, 21], [40, 58], [55, 95], [69, 7], [19, 18], [30, 30], [85, 52], [75, 48], [97, 94], [47, 46], [12, 6], [33, 80], [85, 59], [6, 20], [8, 24], [73, 5], [57, 82], [93, 54], [2, 72], [95, 70], [93, 62], [34, 34], [20, 69], [91, 44], [18, 9], [55, 71], [50, 8], [7, 25], [87, 96], [44, 57], [97, 2], [54, 98], [86, 15], [34, 8], [63, 15], [54, 34], [44, 40], [9, 10], [88, 28], [36, 18], [65, 11], [29, 19], [29, 33], [53, 87], [99, 67], [20, 4], [82, 49], [71, 38], [94, 94], [56, 47], [8, 26], [96, 39], [56, 63], [3, 20], [73, 84], [74, 17], [4, 74], [74, 6], [37, 56], [31, 2], [98, 75], [89, 63], [51, 99], [77, 15], [47, 9], [8, 21], [97, 61], [15, 1], [27, 84], [80, 66], [39, 34], [32, 1], [16, 62], [97, 5], [45, 16], [42, 11], [64, 38], [28, 5], [27, 29], [85, 43], [50, 59], [37, 6], [74, 27], [86, 31], [91, 53], [70, 39], [92, 92], [45, 50], [8, 29], [75, 12], [0, 17], [43, 33], [7, 4], [98, 73], [65, 16], [80, 32], [48, 85], [42, 39], [89, 97], [10, 5], [91, 58], [13, 16], [39, 70], [10, 12], [45, 92], [20, 5], [0, 69], [49, 82], [52, 4], [12, 23], [47, 60], [95, 66], [16, 14], [35, 27], [83, 2], [94, 78], [69, 79], [56, 40], [76, 23], [74, 19], [92, 12], [5, 22], [93, 40], [28, 45], [29, 73], [81, 43], [76, 39], [90, 91], [54, 52], [43, 63], [21, 11], [80, 40], [29, 85], [78, 63], [32, 16], [13, 32], [32, 4], [65, 22], [55, 94], [86, 38], [32, 3], [50, 55], [98, 62], [17, 3], [7, 72], [76, 9], [77, 12], [46, 37], [42, 1], [5, 18], [18, 6], [33, 43], [21, 13], [50, 21], [43, 19], [98, 65], [53, 38], [92, 99], [37, 57], [3, 35], [86, 48], [76, 38], [97, 91], [55, 52], [97, 6], [92, 76], [41, 70], [55, 83], [58, 91], [4, 19], [71, 20], [56, 83], [99, 49], [70, 9], [87, 35], [39, 39], [35, 6], [18, 74], [31, 3], [77, 72], [73, 23], [34, 7], [67, 20], [6, 75], [23, 14], [38, 77], [87, 66], [23, 6], [25, 28], [98, 79], [12, 5], [14, 17], [34, 65], [42, 3], [3, 24], [0, 23], [94, 39], [87, 41], [40, 71], [81, 14], [52, 36], [81, 9], [81, 51], [92, 71], [88, 71], [42, 37], [80, 43], [93, 99], [56, 43], [56, 94], [10, 23], [93, 3], [90, 79], [21, 4], [17, 13], [75, 28], [34, 14], [47, 27], [4, 6], [81, 12], [89, 92], [39, 71], [48, 64], [25, 12], [27, 38], [25, 46], [17, 67], [6, 73], [85, 9], [3, 31], [48, 80], [35, 8], [71, 21], [51, 5], [15, 21], [47, 16], [97, 76], [44, 13], [71, 77], [59, 39], [22, 5], [78, 17], [54, 91], [92, 47], [75, 47], [98, 93], [47, 52], [12, 13], [34, 89], [83, 71], [8, 16], [73, 7], [58, 85], [99, 51], [99, 71], [89, 41], [28, 2], [58, 65], [48, 69], [91, 10], [84, 17], [52, 38], [76, 32], [29, 5], [31, 38], [97, 78], [1, 31], [94, 36], [5, 80], [52, 99], [68, 6], [50, 5], [5, 26], [17, 12], [37, 43], [37, 10], [16, 75], [57, 30], [48, 67], [28, 1], [72, 28], [86, 42], [81, 42], [99, 97], [54, 44], [82, 17], [4, 24], [93, 65], [85, 27], [89, 94], [8, 5], [10, 24], [34, 68], [27, 3], [59, 87], [88, 74], [18, 10], [28, 42], [71, 76], [75, 19], [71, 19], [97, 1], [1, 35], [16, 13], [84, 40], [33, 89], [81, 63], [33, 17], [55, 97], [88, 43], [55, 63], [91, 78], [2, 79], [72, 2], [48, 35], [38, 4], [4, 16], [44, 22], [48, 16], [55, 40], [42, 63], [80, 41], [81, 46], [98, 98], [44, 45], [2, 18], [77, 11], [56, 78], [95, 56], [28, 44], [25, 74], [20, 8], [37, 4], [72, 16], [7, 0], [26, 18], [37, 27], [90, 78], [22, 3], [9, 28], [97, 44], [54, 69], [77, 7], [93, 68], [97, 71], [42, 91], [99, 8], [84, 31], [39, 27], [1, 0], [73, 8], [90, 90], [44, 69], [3, 80], [48, 81], [44, 8], [9, 22], [99, 62], [80, 81], [56, 41], [72, 19], [84, 47], [71, 39], [90, 92], [49, 45], [22, 4], [35, 77], [82, 64], [1, 29], [87, 44], [33, 3], [58, 54], [82, 9], [50, 39], [27, 12], [30, 28], [3, 19], [43, 91], [78, 12], [25, 45], [32, 8], [20, 74], [23, 12], [76, 27], [96, 70], [8, 4], [6, 21], [35, 72], [98, 63], [95, 3], [19, 7], [87, 28], [35, 16], [41, 57], [1, 70], [85, 18], [45, 6], [14, 16], [41, 21], [45, 12], [61, 29], [90, 49], [81, 44], [99, 89], [53, 48], [6, 22], [71, 8], [53, 88], [92, 54], [26, 9], [23, 10], [23, 29], [92, 79], [9, 34], [96, 42], [58, 94], [86, 91], [38, 57], [58, 87], [77, 84], [75, 26], [14, 5], [31, 77], [82, 65], [86, 35], [47, 61], [69, 8], [44, 31], [70, 6], [26, 43], [26, 62], [26, 11], [62, 15], [93, 67], [12, 7], [95, 64], [99, 0], [88, 37], [4, 78], [42, 6], [4, 15], [58, 41], [82, 41], [72, 37], [98, 97], [52, 54], [7, 24], [17, 4], [16, 12], [27, 42], [2, 27], [47, 93], [40, 72], [7, 12], [42, 72], [69, 2], [82, 5], [93, 72], [78, 42], [86, 22], [86, 5], [80, 89], [67, 75], [87, 22], [83, 46], [13, 82], [90, 82], [81, 88], [0, 91], [93, 82], [49, 87], [30, 90], [34, 22], [53, 8], [0, 56], [21, 92], [72, 1], [49, 17], [56, 57], [61, 24], [11, 87], [16, 10], [99, 66], [35, 51], [27, 20], [34, 96], [30, 68], [87, 88], [23, 47], [95, 14], [0, 96], [58, 75], [70, 55], [97, 81], [76, 51], [86, 79], [2, 34], [91, 47], [61, 83], [2, 45], [56, 7], [66, 81], [62, 27], [72, 46], [17, 90], [37, 83], [85, 71], [75, 57], [28, 39], [6, 38], [27, 67], [53, 26], [67, 59], [31, 51], [6, 92], [69, 25], [22, 7], [80, 9], [13, 30], [21, 95], [70, 2], [63, 20], [70, 87], [14, 38], [37, 11], [64, 51], [90, 85], [7, 33], [25, 34], [83, 47], [6, 80], [90, 60], [65, 38], [68, 52], [37, 38], [94, 80], [26, 15], [67, 96], [35, 81], [61, 88], [15, 37], [18, 25], [95, 52], [53, 6], [61, 49], [82, 28], [1, 90], [67, 40], [77, 54], [84, 93], [60, 59], [82, 93], [83, 24], [18, 64], [84, 5], [30, 75], [62, 3], [6, 74], [88, 19], [11, 86], [27, 49], [81, 62], [60, 10], [55, 29], [59, 49], [78, 67], [92, 48], [32, 86], [88, 93], [68, 29], [6, 46], [68, 20], [74, 8], [64, 65], [67, 35], [43, 34], [46, 91], [79, 45], [55, 60], [92, 30], [21, 78], [94, 82], [5, 84], [46, 62], [10, 18], [46, 49], [1, 59], [61, 95], [89, 46], [78, 0], [52, 85], [4, 40], [36, 84], [37, 3], [8, 92], [76, 22], [65, 25], [3, 51], [76, 49], [5, 55], [70, 43], [63, 74], [32, 19], [13, 36], [44, 41], [14, 69], [51, 14], [87, 84], [90, 50], [38, 58], [88, 97], [20, 60], [51, 74], [85, 73], [19, 56], [63, 82], [3, 95], [59, 67], [20, 72], [89, 25], [92, 23], [49, 33], [50, 42], [99, 54], [35, 25], [60, 69], [85, 23], [55, 21], [63, 12], [33, 47], [33, 96], [73, 52], [38, 16], [67, 42], [42, 87], [44, 91], [20, 36], [26, 10], [10, 63], [19, 27], [35, 57], [0, 85], [55, 20], [3, 27], [27, 4], [69, 88], [32, 84], [39, 97], [84, 88], [87, 74], [29, 37], [51, 33], [78, 28], [59, 63], [7, 2], [46, 77], [83, 59], [86, 17], [98, 56], [3, 76], [10, 45], [97, 75], [85, 79], [95, 50], [39, 60], [4, 44], [84, 92], [85, 76], [46, 84], [24, 48], [88, 5], [82, 56], [67, 2], [21, 85], [9, 99], [52, 9], [84, 13], [42, 93], [8, 43], [73, 43], [36, 52], [96, 92], [38, 72], [83, 99], [88, 11], [63, 55], [2, 70], [94, 12], [99, 40], [89, 72], [5, 33], [98, 52], [8, 55], [18, 68], [98, 80], [0, 59], [76, 2], [43, 75], [72, 86], [73, 37], [22, 77], [69, 78], [80, 77], [75, 1], [28, 32], [18, 48], [50, 10], [94, 53], [52, 74], [59, 13], [20, 98], [55, 4], [61, 56], [60, 2], [3, 75], [89, 24], [55, 53], [22, 16], [63, 39], [61, 9], [2, 65], [76, 80], [50, 47], [75, 87], [96, 75], [28, 59], [37, 77], [69, 37], [86, 45], [95, 57], [71, 67], [61, 37], [24, 94], [79, 80], [88, 46], [18, 45], [30, 87], [59, 48], [72, 3], [30, 98], [7, 54], [99, 35], [78, 43], [3, 87], [33, 34], [48, 3], [42, 10], [56, 10], [98, 43], [97, 99], [40, 27], [82, 96], [94, 11], [19, 31], [36, 22], [63, 95], [80, 80], [56, 30], [19, 32], [18, 58], [12, 41], [89, 95], [44, 1], [97, 83], [35, 36], [87, 1], [65, 6], [60, 16], [66, 69], [94, 61], [86, 98], [87, 68], [2, 69], [69, 53], [77, 33], [17, 75], [16, 36], [30, 39], [97, 92], [99, 72], [42, 79], [94, 92], [21, 18], [5, 62], [23, 23], [96, 84], [46, 82], [81, 91], [10, 20], [29, 84], [56, 55], [62, 98], [24, 19], [66, 4], [69, 86], [6, 28], [42, 35], [28, 15], [52, 6], [88, 68], [61, 96], [24, 75], [39, 68], [38, 59], [75, 33], [6, 62], [10, 50], [1, 65], [12, 78], [14, 91], [82, 34], [81, 71], [45, 89], [69, 21], [60, 81], [26, 45], [35, 48], [41, 24], [41, 92], [80, 74], [86, 7], [92, 62], [31, 33], [35, 93], [21, 52], [10, 54], [79, 98], [91, 29], [73, 41], [67, 57], [65, 4], [4, 2], [0, 21], [25, 61], [17, 94], [53, 53], [31, 24], [76, 75], [35, 53], [24, 10], [15, 44], [7, 75], [17, 98], [89, 60], [51, 59], [87, 76], [11, 81], [39, 98], [30, 73], [54, 16], [12, 85], [83, 86], [68, 88], [16, 41], [10, 68], [74, 52], [84, 46], [46, 73], [79, 70], [49, 49], [69, 44], [69, 0], [54, 20], [82, 15], [35, 98], [67, 80], [20, 94], [97, 20], [57, 59], [9, 54], [13, 65], [74, 71], [97, 29], [83, 78], [39, 95], [8, 72], [73, 54], [91, 42], [84, 54], [13, 63], [70, 60], [42, 12], [0, 10], [72, 49], [34, 61], [79, 35], [71, 40], [68, 47], [7, 46], [91, 49], [87, 75], [39, 78], [3, 8], [14, 54], [99, 84], [80, 64], [60, 83], [92, 84], [20, 87], [61, 17], [83, 60], [37, 82], [53, 16], [70, 32], [21, 41], [33, 61], [72, 36], [51, 9], [70, 16], [51, 67], [85, 88], [60, 78], [88, 39], [75, 46], [22, 70], [46, 79], [68, 32], [4, 42], [7, 40], [84, 68], [82, 68], [52, 97], [77, 93], [3, 53], [1, 36], [54, 14], [62, 69], [75, 63], [75, 94], [84, 84], [6, 60], [9, 48], [8, 93], [99, 85], [78, 79], [99, 47], [32, 52], [54, 32], [66, 95], [83, 13], [76, 31], [13, 10], [36, 81], [15, 36], [74, 84], [23, 76], [44, 44], [62, 88], [98, 7], [95, 43], [35, 50], [16, 90], [87, 94], [30, 83], [74, 76], [36, 1], [0, 4], [89, 88], [77, 47], [79, 3], [9, 72], [99, 52], [94, 70], [38, 90], [56, 21], [21, 94], [60, 21], [51, 7], [74, 77], [62, 66], [50, 23], [94, 60], [69, 73], [61, 89], [64, 7], [97, 49], [34, 28], [10, 21], [60, 91], [77, 89], [42, 95], [24, 68], [10, 43], [79, 2], [86, 26], [61, 65], [34, 88], [81, 38], [6, 97], [60, 0], [72, 94], [86, 92], [49, 9], [38, 25], [78, 31], [60, 1], [4, 45], [1, 1], [2, 91], [27, 15], [57, 50], [87, 4], [12, 40], [27, 24], [35, 96], [88, 8], [17, 36], [54, 24], [73, 11], [92, 32], [10, 48], [4, 41], [86, 90], [19, 0], [28, 49], [82, 86], [6, 37], [63, 44], [87, 29], [24, 42], [96, 93], [30, 59], [18, 50], [57, 81], [4, 54], [91, 57], [4, 96], [53, 30], [86, 73], [69, 5], [88, 15], [14, 98], [82, 62], [61, 48], [98, 14], [45, 19], [2, 60], [98, 8], [32, 89], [1, 40], [56, 6], [57, 47], [78, 68], [57, 0], [1, 60], [9, 61], [27, 58], [68, 10], [35, 45], [97, 27], [70, 46], [49, 2], [75, 10], [26, 60], [19, 87], [25, 98], [35, 95], [67, 25], [46, 94], [35, 71], [7, 37], [67, 1], [97, 86], [44, 46], [42, 96], [79, 44], [18, 69], [21, 17], [4, 65], [89, 93], [93, 51], [12, 39], [5, 40], [90, 14], [5, 8], [72, 60], [91, 13], [31, 37], [74, 26], [64, 32], [69, 63], [29, 51], [69, 99], [54, 51], [44, 17], [90, 43], [85, 68], [67, 38], [77, 85], [90, 81], [42, 80], [74, 83], [60, 93], [75, 55], [80, 56], [19, 92], [24, 93], [14, 58], [82, 61], [84, 86], [61, 58], [98, 46], [74, 89], [83, 25], [38, 94], [36, 82], [25, 31], [13, 35], [63, 14], [63, 7], [45, 7], [98, 5], [84, 81], [5, 48], [31, 43], [29, 93], [3, 23], [16, 19], [9, 69], [69, 74], [42, 26], [64, 48], [31, 27], [82, 92], [17, 16], [32, 77], [19, 62], [66, 55], [24, 99], [76, 35], [65, 2], [84, 19], [14, 43], [93, 30], [3, 2], [1, 94], [63, 9], [90, 16], [10, 42], [96, 43], [52, 57], [88, 9], [85, 24], [64, 54], [43, 95], [59, 51], [98, 26], [79, 96], [99, 26], [57, 97], [75, 81], [59, 0], [81, 96], [98, 92], [20, 27], [24, 45], [77, 1], [71, 30], [2, 15], [2, 63], [6, 86], [67, 62], [3, 1], [73, 94], [77, 2], [93, 81], [60, 82], [41, 94], [20, 97], [87, 70], [6, 45], [36, 86], [44, 97], [21, 91], [47, 78], [5, 41], [86, 70], [26, 48], [87, 46], [84, 96], [68, 35], [12, 35], [68, 40], [14, 44], [76, 79], [76, 95], [9, 90], [25, 49], [78, 92], [81, 45], [34, 23], [64, 11], [54, 89], [68, 58], [14, 37], [12, 20], [68, 89], [76, 5], [16, 59], [58, 14], [69, 75], [11, 68], [21, 28], [29, 98], [22, 9], [3, 60], [80, 76], [66, 60], [17, 44], [96, 59], [72, 95], [91, 54], [72, 97], [14, 10], [0, 93], [90, 57], [82, 8], [28, 54], [6, 57], [59, 10], [31, 84], [64, 87], [24, 71], [72, 38], [66, 87], [27, 59], [82, 95], [95, 27], [41, 34], [6, 2], [58, 9], [11, 74], [73, 74], [72, 58], [50, 3], [50, 91], [54, 68], [41, 74], [60, 79], [3, 12], [45, 77], [66, 74], [83, 98], [46, 87], [22, 78], [4, 88], [79, 28], [65, 73], [97, 22], [24, 87], [92, 4], [2, 39], [84, 98], [53, 10], [38, 23], [68, 28], [57, 63], [52, 91], [0, 66], [17, 18], [91, 43], [11, 75], [37, 97], [50, 9], [28, 93], [75, 41], [71, 58], [31, 14], [10, 80], [15, 81], [6, 33], [81, 99], [71, 83], [78, 50], [8, 74], [50, 32], [88, 16], [79, 15], [67, 22], [53, 28], [92, 56], [50, 71], [76, 64], [22, 86], [50, 92], [7, 50], [2, 13], [67, 73], [58, 3], [38, 33], [62, 41], [92, 31], [29, 9], [16, 82], [88, 20], [72, 73], [96, 57], [75, 56], [9, 66], [84, 51], [17, 42], [3, 97], [35, 4], [83, 16], [81, 10], [70, 31], [0, 61], [57, 28], [71, 86], [13, 26], [23, 82], [29, 25], [81, 94], [92, 16], [20, 62], [74, 34], [23, 94], [61, 43], [71, 54], [93, 92], [19, 42], [18, 93], [84, 6], [59, 88], [70, 10], [29, 15], [94, 15], [22, 96], [33, 41], [30, 25], [77, 49], [25, 38], [40, 1], [51, 18], [69, 19], [3, 13], [16, 84], [95, 39], [14, 1], [24, 33], [33, 93], [9, 45], [20, 33], [67, 11], [65, 42], [51, 63], [79, 67], [6, 72], [51, 44], [9, 75], [77, 40], [87, 83], [85, 14], [76, 41], [87, 37], [74, 90], [24, 91], [69, 42], [56, 16], [55, 91], [82, 29], [74, 45], [98, 15], [57, 56], [64, 19], [52, 42], [75, 5], [59, 25], [87, 42], [57, 35], [49, 15], [91, 52], [97, 31], [76, 67], [84, 87], [95, 96], [94, 58], [61, 5], [85, 46], [22, 50], [33, 72], [62, 1], [6, 17], [87, 79], [17, 39], [95, 16], [44, 76], [8, 40], [57, 57], [71, 53], [34, 80], [3, 88], [34, 11], [64, 44], [87, 25], [89, 87], [4, 51], [45, 95], [40, 8], [38, 5], [17, 27], [92, 60], [99, 86], [88, 17], [12, 60], [21, 87], [67, 63], [54, 49], [92, 52], [76, 19], [47, 87], [65, 9], [23, 67], [25, 52], [77, 25], [58, 89], [12, 88], [72, 89], [8, 15], [4, 87], [64, 69], [59, 65], [39, 82], [49, 35], [12, 50], [40, 70], [84, 44], [67, 54], [61, 41], [88, 86], [2, 7], [19, 35], [19, 60], [67, 85], [42, 21], [21, 79], [92, 41], [35, 99], [23, 83], [69, 69], [89, 3], [98, 71], [80, 97], [18, 27], [42, 29], [98, 77], [20, 77], [88, 22], [80, 93], [79, 30], [24, 80], [36, 79], [43, 10], [72, 43], [99, 44], [37, 58], [85, 45], [4, 12], [13, 85], [73, 71], [55, 90], [6, 51], [18, 81], [96, 50], [11, 46], [79, 31], [38, 47], [69, 55], [39, 63], [11, 40], [84, 99], [57, 14], [21, 19], [45, 63], [6, 40], [79, 51], [73, 68], [96, 53], [17, 32], [65, 76], [82, 20], [28, 38], [59, 77], [75, 61], [16, 42], [55, 16], [88, 30], [90, 74], [92, 83], [95, 22], [38, 45], [63, 1], [64, 74], [72, 23], [43, 89], [9, 92], [12, 82], [17, 66], [13, 68], [3, 11], [96, 46], [3, 17], [61, 31], [75, 54], [91, 14], [25, 16], [34, 16], [33, 91], [1, 25], [87, 17], [97, 34], [6, 98], [51, 20], [84, 71], [89, 26], [78, 59], [83, 54], [84, 10], [95, 49], [71, 33], [78, 18], [89, 82], [75, 85], [76, 50], [22, 79], [37, 53], [8, 46], [59, 69], [56, 49], [78, 77], [92, 36], [79, 97], [90, 15], [68, 55], [89, 85], [45, 28], [83, 20], [5, 29], [10, 16], [1, 47], [70, 4], [54, 81], [61, 20], [90, 53], [86, 39], [44, 81], [32, 80], [13, 94], [13, 21], [35, 20], [86, 51], [66, 51], [71, 43], [30, 81], [54, 43], [6, 70], [43, 25], [88, 18], [55, 5], [94, 85], [18, 60], [85, 20], [7, 47], [94, 86], [59, 31], [73, 4], [59, 14], [44, 6], [65, 31], [72, 52], [60, 90], [15, 67], [83, 96], [17, 61], [2, 49], [57, 54], [98, 33], [88, 87], [73, 50], [80, 50], [35, 0], [33, 99], [75, 89], [3, 50], [70, 78], [61, 15], [93, 14], [46, 80], [69, 56], [87, 53], [61, 85], [6, 54], [28, 78], [76, 99], [31, 12], [65, 20], [88, 81], [1, 39], [11, 36], [49, 42], [47, 57], [17, 14], [10, 85], [89, 2], [14, 11], [84, 69], [89, 48], [98, 38], [66, 85], [90, 19], [81, 20], [12, 70], [63, 58], [92, 91], [81, 90], [62, 51], [23, 50], [88, 2], [9, 51], [0, 70], [41, 9], [18, 73], [67, 27], [71, 57], [29, 76], [79, 75], [59, 93], [61, 71], [1, 84], [12, 68], [5, 94], [2, 93], [17, 34], [98, 21], [28, 96], [86, 4], [63, 4], [18, 30], [77, 30], [35, 31], [77, 91], [75, 64], [51, 10], [4, 72], [66, 71], [82, 47], [11, 59], [36, 11], [83, 90], [26, 19], [18, 79], [63, 27], [58, 84], [19, 44], [25, 91], [76, 12], [12, 98], [59, 37], [31, 41], [47, 77], [79, 29], [61, 72], [68, 37], [24, 60], [66, 48], [8, 51], [66, 72], [93, 57], [77, 98], [71, 13], [68, 38], [56, 25], [16, 86], [89, 89], [82, 75], [15, 47], [84, 23], [87, 13], [70, 0], [89, 15], [48, 94], [12, 95], [78, 74], [84, 30], [88, 6], [1, 54], [26, 98], [15, 23], [5, 47], [28, 41], [12, 56], [50, 41], [86, 62], [57, 20], [69, 70], [62, 5], [85, 70], [17, 33], [56, 89], [2, 25], [87, 56], [6, 94], [84, 1], [42, 36], [83, 19], [75, 80], [75, 20], [76, 94], [89, 70], [13, 95], [58, 76], [50, 25], [47, 26], [51, 45], [25, 90], [62, 53], [68, 72], [42, 94], [15, 7], [62, 74], [43, 5], [42, 9], [71, 72], [81, 86], [86, 29], [64, 68], [96, 25], [5, 83], [9, 40], [96, 37], [74, 69], [56, 2], [8, 11], [77, 67], [19, 96], [9, 30], [77, 66], [97, 93], [89, 6], [31, 49], [78, 83], [2, 59], [72, 69], [13, 51], [20, 78], [62, 12], [94, 25], [63, 10], [24, 31], [27, 11], [94, 16], [54, 5], [4, 71], [14, 40], [51, 97], [14, 0], [43, 66], [69, 11], [77, 32], [91, 81], [47, 65], [53, 20], [6, 1], [86, 1], [56, 19], [22, 62], [11, 39], [34, 24], [81, 76], [44, 23], [16, 69], [40, 22], [22, 83], [29, 11], [76, 84], [67, 88], [39, 92], [96, 54], [19, 69], [83, 11], [28, 58], [31, 70], [89, 44], [90, 22], [97, 9], [45, 21], [36, 21], [68, 1], [22, 97], [12, 89], [75, 21], [16, 45], [72, 77], [37, 73], [74, 54], [50, 44], [0, 47], [96, 87], [54, 94], [61, 66], [84, 8], [7, 69], [44, 86], [50, 74], [66, 2], [89, 7], [15, 34], [0, 99], [39, 46], [88, 0], [57, 15], [5, 43], [75, 24], [65, 91], [30, 60], [31, 65], [84, 43], [40, 34], [81, 4], [46, 38], [27, 89], [84, 53], [20, 52], [90, 88], [56, 59], [70, 92], [71, 89], [43, 99], [88, 62], [75, 50], [23, 96], [88, 23], [90, 23], [40, 21], [47, 86], [40, 24], [82, 57], [4, 9], [98, 47], [8, 88], [5, 93], [39, 72], [69, 71], [39, 90], [69, 93], [8, 64], [5, 96], [25, 85], [81, 55], [87, 71], [68, 92], [27, 80], [70, 57], [4, 84], [94, 30], [91, 50], [46, 92], [81, 5], [74, 12], [7, 36], [40, 4], [18, 82], [75, 76], [40, 55], [8, 66], [59, 47], [70, 76], [2, 2], [65, 64], [56, 64], [22, 39], [12, 58], [80, 10], [14, 34], [24, 2], [31, 88], [27, 77], [76, 29], [30, 29], [61, 92], [72, 70], [31, 69], [85, 38], [85, 15], [50, 64], [24, 85], [96, 60], [16, 55], [51, 26], [82, 39], [41, 66], [66, 56], [85, 47], [25, 48], [17, 47], [9, 39], [81, 66], [1, 9], [28, 64], [45, 3], [49, 26], [72, 80], [61, 80], [22, 81], [70, 1], [45, 25], [98, 96], [93, 85], [91, 19], [52, 12], [19, 52], [83, 29], [96, 45], [14, 61], [17, 58], [80, 36], [33, 50], [83, 72], [57, 42], [12, 30], [52, 62], [4, 76], [51, 77], [73, 61], [38, 70], [31, 82], [13, 19], [68, 48], [76, 87], [40, 38], [90, 21], [86, 54], [96, 32], [1, 13], [96, 15], [76, 45], [17, 15], [68, 77], [48, 96], [9, 62], [61, 21], [30, 80], [80, 67], [97, 32], [14, 70], [60, 89], [36, 2], [68, 14], [60, 33], [23, 73], [21, 64], [4, 8], [16, 80], [89, 90], [77, 78], [1, 33], [5, 38], [64, 83], [61, 62], [73, 55], [59, 20], [45, 18], [8, 42], [4, 21], [27, 91], [64, 62], [6, 12], [10, 97], [31, 94], [38, 82], [14, 94], [21, 80], [20, 21], [41, 96], [14, 20], [57, 69], [60, 55], [58, 45], [58, 18], [53, 11], [54, 2], [8, 13], [18, 57], [12, 75], [70, 20], [64, 15], [16, 2], [70, 65], [20, 96], [31, 31], [44, 78], [78, 88], [64, 81], [67, 45], [23, 85], [20, 20], [57, 27], [34, 98], [59, 36], [97, 77], [30, 4], [36, 30], [47, 12], [8, 76], [25, 21], [25, 76], [78, 3], [92, 89], [18, 78], [28, 99], [56, 36], [79, 91], [80, 22], [51, 1], [75, 59], [2, 42], [87, 5], [85, 32], [12, 44], [52, 80], [52, 8], [58, 97], [34, 76], [22, 42], [23, 87], [41, 87], [5, 46], [8, 90], [31, 75], [54, 23], [4, 43], [36, 95], [67, 7], [11, 53], [90, 40], [6, 95], [44, 48], [68, 91], [60, 51], [10, 33], [48, 97], [27, 97], [49, 86], [77, 80], [0, 14], [82, 87], [98, 76], [92, 90], [7, 45], [84, 89], [13, 81], [57, 49], [80, 25], [94, 84], [26, 65], [84, 62], [25, 77], [55, 22], [3, 34], [2, 6], [96, 33], [86, 56], [72, 71], [47, 39], [47, 54], [26, 59], [0, 84], [30, 13], [87, 65], [93, 87], [7, 52], [36, 20], [14, 80], [44, 5], [98, 19], [95, 93], [74, 0], [79, 1], [17, 87], [73, 32], [36, 94], [45, 33], [87, 89], [3, 33], [60, 92], [65, 69], [87, 15], [76, 69], [12, 22], [82, 73], [13, 66], [21, 46], [38, 6], [94, 76], [80, 1], [26, 68], [45, 78], [46, 78], [14, 86], [16, 39], [98, 13], [24, 65], [24, 97], [68, 2], [81, 73], [9, 23], [75, 43], [55, 3], [72, 18], [17, 43], [47, 6], [86, 57], [47, 92], [16, 33], [76, 89], [5, 85], [68, 71], [76, 61], [81, 49], [66, 33], [97, 84], [26, 63], [2, 88], [75, 2], [56, 0], [40, 94], [30, 22], [16, 93], [30, 51], [47, 13], [7, 96], [51, 78], [95, 76], [73, 91], [76, 77], [17, 50], [24, 69], [24, 24], [46, 75], [41, 98], [14, 96], [89, 5], [43, 36], [92, 18], [84, 78], [26, 75], [79, 58], [57, 48], [26, 56], [68, 82], [30, 10], [90, 37], [85, 0], [74, 55], [41, 97], [8, 36], [19, 74], [97, 95], [55, 27], [15, 93], [38, 68], [29, 81], [79, 62], [83, 31], [73, 1], [33, 5], [30, 12], [6, 47], [82, 3], [20, 86], [42, 24], [24, 67], [85, 87], [44, 98], [7, 56], [45, 75], [62, 43], [21, 75], [91, 35], [66, 44], [90, 38], [95, 98], [86, 52], [57, 1], [83, 0], [7, 9], [12, 4], [60, 95], [10, 29], [14, 32], [61, 11], [7, 7], [8, 44], [38, 19], [30, 69], [50, 0], [72, 30], [18, 15], [13, 40], [81, 93], [84, 16], [13, 55], [62, 75], [6, 15], [32, 78], [88, 45], [63, 31], [48, 75], [37, 88], [92, 96], [33, 6], [5, 99], [56, 26], [89, 80], [41, 49], [40, 88], [24, 53], [48, 8], [84, 24], [80, 48], [2, 68], [10, 89], [49, 99], [80, 17], [8, 60], [37, 91], [17, 79], [88, 95], [63, 8], [3, 18], [28, 98], [36, 35], [20, 64], [55, 6], [19, 28], [97, 80], [56, 60], [55, 41], [14, 82], [83, 5], [92, 55], [65, 93], [75, 95], [14, 62], [50, 18], [88, 25], [55, 70], [11, 47], [79, 34], [15, 97], [55, 67], [55, 49], [91, 5], [14, 99], [73, 28], [80, 51], [92, 63], [79, 99], [25, 19], [7, 55], [74, 73], [15, 40], [84, 49], [95, 7], [99, 21], [68, 76], [64, 66], [25, 32], [84, 25], [65, 71], [5, 92], [11, 57], [88, 3], [33, 66], [22, 14], [99, 18], [71, 80], [50, 17], [33, 79], [52, 86], [75, 91], [83, 64], [89, 13], [53, 18], [36, 29], [91, 80], [53, 2], [61, 57], [97, 35], [41, 33], [78, 85], [19, 39], [79, 64], [4, 64], [73, 67], [61, 32], [64, 46], [51, 15], [87, 10], [33, 81], [36, 46], [36, 68], [85, 22], [74, 47], [19, 2], [99, 61], [68, 99], [90, 17], [98, 51], [9, 59], [89, 79], [81, 89], [90, 35], [12, 92], [7, 80], [70, 30], [11, 80], [75, 45], [32, 18], [78, 69], [1, 38], [96, 5], [56, 65], [85, 91], [52, 7], [28, 57], [35, 22], [71, 42], [8, 94], [9, 82], [71, 37], [8, 87], [36, 5], [28, 28], [12, 99], [15, 41], [90, 64], [74, 96], [17, 20], [41, 16], [91, 1], [86, 65], [92, 70], [25, 11], [64, 12], [14, 95], [67, 9], [89, 19], [54, 41], [48, 84], [70, 75], [34, 1], [79, 4], [58, 77], [16, 35], [1, 66], [98, 41], [40, 44], [62, 95], [31, 83], [24, 81], [13, 18], [40, 16], [65, 89], [28, 20], [57, 46], [69, 97], [74, 82], [21, 21], [54, 11], [38, 41], [95, 12], [3, 7], [18, 67], [4, 61], [74, 62], [9, 94], [62, 9], [3, 92], [78, 41], [61, 91], [94, 55], [31, 25], [70, 54], [87, 73], [77, 44], [95, 47], [80, 24], [8, 25], [83, 57], [95, 30], [40, 82], [17, 71], [23, 46], [37, 2], [68, 49], [64, 86], [51, 8], [46, 89], [68, 0], [29, 23], [83, 23], [37, 93], [20, 46], [23, 78], [83, 97], [73, 33], [13, 37], [14, 84], [96, 21], [67, 93], [50, 95], [0, 64], [95, 25], [6, 48], [76, 44], [17, 62], [22, 54], [1, 57], [17, 95], [20, 80], [86, 23], [6, 42], [94, 6], [12, 38], [89, 17], [82, 53], [47, 33], [9, 12], [52, 1], [3, 94], [12, 81], [3, 62], [12, 33], [44, 95], [44, 84], [30, 76], [92, 93], [73, 69], [24, 74], [7, 93], [33, 74], [88, 36], [12, 21], [52, 83], [53, 81], [77, 71], [56, 39], [61, 45], [0, 98], [73, 2], [5, 9], [71, 4], [17, 49], [93, 18], [95, 23], [87, 12], [25, 18], [36, 60], [33, 86], [16, 28], [29, 91], [8, 33], [56, 48], [80, 96], [68, 66], [71, 59], [24, 78], [88, 51], [90, 10], [76, 59], [82, 18], [34, 92], [97, 16], [0, 35], [73, 46], [94, 29], [46, 46], [85, 19], [67, 95], [22, 95], [46, 63], [67, 83], [47, 28], [3, 42], [46, 1], [38, 95], [87, 34], [35, 89], [57, 98], [42, 55], [4, 11], [87, 64], [23, 86], [58, 27], [56, 66], [36, 85], [3, 84], [29, 82], [82, 24], [91, 15], [85, 82], [75, 75], [29, 92], [83, 10], [94, 28], [63, 49], [68, 51], [83, 14], [8, 59], [98, 34], [94, 95]]}