{"meta": {"number_of_robots": 4000, "description": {"parameters": {"seed": 9670, "shape": [100, 100], "obstacles": {"n": 0, "mean": 5, "std": 2.5}, "clusters": {"n": 30, "mean": 80, "std": 40.0, "relative_radius": 2, "increase_factor": 1.3, "start_dist": {"generator_name": "Image", "shape": [100, 100], "min": 0.0, "max": 253.0, "mean": 125.7181, "std": 79.88632694266272, "dtype": "uint64", "parameters": {"image": "microbes.png", "transformer": {"name": "ColorChannelSelector", "channel": "v", "inverted": false}}}, "target_dist": {"generator_name": "Image", "shape": [100, 100], "min": 0.0, "max": 253.0, "mean": 125.7181, "std": 79.88632694266272, "dtype": "uint64", "parameters": {"image": "microbes.png", "transformer": {"name": "ColorChannelSelector", "channel": "v", "inverted": false}}}}, "density": 0.4, "start_dist": {"generator_name": "Image", "shape": [100, 100], "min": 0.0, "max": 253.0, "mean": 125.7181, "std": 79.88632694266272, "dtype": "uint64", "parameters": {"image": "microbes.png", "transformer": {"name": "ColorChannelSelector", "channel": "v", "inverted": false}}}, "target_dist": {"generator_name": "Image", "shape": [100, 100], "min": 0.0, "max": 253.0, "mean": 125.7181, "std": 79.88632694266272, "dtype": "uint64", "parameters": {"image": "microbes.png", "transformer": {"name": "ColorChannelSelector", "channel": "v", "inverted": false}}}}, "stats": {"date": "2020-11-17", "free_area": 10000.0, "number_of_clustered_robots": 2427, "number_of_robots": 4000}}}, "name": "microbes_00007_100x100_40_4000", "obstacles": [], "starts": [[92, 1], [14, 47], [49, 47], [91, 73], [76, 34], [95, 78], [95, 33], [92, 23], [52, 51], [58, 65], [82, 17], [12, 78], [17, 60], [51, 71], [48, 7], [83, 37], [80, 32], [53, 83], [56, 40], [51, 58], [8, 87], [8, 69], [4, 96], [67, 8], [4, 43], [92, 47], [54, 76], [87, 63], [9, 67], [67, 82], [89, 76], [86, 33], [80, 46], [48, 50], [89, 23], [76, 32], [78, 13], [18, 49], [38, 81], [81, 20], [71, 56], [44, 47], [97, 83], [84, 27], [24, 66], [70, 39], [49, 59], [11, 59], [88, 66], [92, 46], [69, 46], [98, 17], [48, 47], [57, 26], [3, 91], [90, 2], [7, 46], [62, 9], [14, 46], [1, 61], [54, 92], [88, 63], [85, 24], [79, 16], [12, 76], [93, 29], [63, 63], [93, 36], [59, 63], [79, 22], [40, 59], [90, 6], [86, 86], [91, 71], [90, 21], [91, 46], [17, 42], [12, 77], [74, 47], [45, 68], [66, 82], [19, 63], [86, 65], [82, 35], [56, 81], [66, 54], [97, 27], [48, 46], [64, 35], [14, 76], [72, 21], [10, 91], [50, 68], [93, 70], [99, 0], [87, 20], [65, 63], [14, 48], [94, 19], [45, 3], [71, 13], [25, 48], [85, 45], [42, 45], [68, 62], [96, 21], [2, 69], [62, 20], [48, 73], [91, 82], [90, 41], [87, 17], [18, 79], [75, 11], [71, 48], [55, 66], [13, 77], [10, 48], [95, 76], [87, 39], [64, 62], [93, 32], [68, 64], [21, 35], [97, 70], [55, 43], [62, 33], [90, 39], [9, 89], [42, 90], [39, 60], [89, 19], [82, 74], [82, 47], [51, 67], [91, 37], [8, 55], [84, 64], [69, 17], [98, 36], [75, 23], [71, 2], [84, 51], [17, 31], [18, 62], [0, 67], [76, 52], [43, 73], [61, 70], [72, 88], [89, 4], [24, 57], [79, 66], [81, 37], [60, 77], [90, 71], [58, 55], [99, 30], [91, 38], [49, 44], [50, 42], [79, 19], [9, 76], [83, 21], [21, 45], [4, 79], [7, 98], [59, 68], [99, 86], [79, 15], [91, 50], [89, 38], [45, 49], [89, 30], [72, 61], [47, 73], [27, 75], [75, 36], [6, 47], [86, 47], [56, 67], [99, 21], [43, 11], [90, 73], [67, 0], [22, 63], [83, 74], [17, 48], [83, 41], [73, 15], [88, 34], [49, 57], [81, 12], [61, 49], [90, 19], [2, 70], [81, 76], [55, 42], [75, 30], [52, 76], [96, 78], [70, 55], [87, 27], [10, 90], [84, 38], [86, 42], [11, 37], [52, 66], [99, 25], [79, 13], [16, 76], [69, 25], [72, 34], [54, 71], [75, 40], [87, 84], [45, 47], [17, 78], [66, 81], [99, 20], [17, 55], [80, 70], [8, 49], [94, 34], [52, 85], [68, 47], [86, 19], [69, 13], [68, 69], [79, 3], [27, 29], [92, 71], [59, 55], [77, 25], [92, 36], [6, 64], [17, 68], [86, 21], [82, 50], [4, 91], [62, 70], [46, 47], [96, 31], [18, 78], [45, 76], [52, 59], [91, 70], [83, 35], [39, 57], [90, 4], [94, 29], [30, 29], [87, 81], [70, 21], [26, 64], [89, 67], [65, 53], [89, 46], [66, 67], [99, 19], [5, 54], [83, 71], [82, 21], [91, 42], [91, 21], [48, 11], [80, 14], [7, 86], [60, 46], [56, 73], [77, 27], [73, 6], [84, 45], [21, 37], [80, 45], [54, 47], [27, 72], [85, 72], [69, 45], [95, 38], [4, 69], [10, 99], [78, 44], [57, 55], [94, 23], [58, 63], [75, 89], [93, 0], [73, 26], [16, 57], [81, 63], [68, 27], [82, 53], [57, 91], [85, 64], [23, 40], [69, 55], [99, 27], [99, 38], [10, 54], [40, 58], [49, 54], [88, 3], [68, 35], [69, 50], [82, 66], [14, 65], [84, 39], [17, 62], [92, 77], [73, 27], [87, 40], [71, 12], [47, 49], [95, 34], [68, 40], [39, 71], [59, 80], [14, 37], [8, 90], [4, 86], [58, 77], [23, 56], [79, 61], [9, 68], [82, 72], [76, 23], [91, 8], [94, 31], [84, 22], [50, 59], [86, 24], [42, 63], [90, 51], [72, 55], [79, 11], [16, 43], [47, 77], [89, 84], [52, 42], [17, 73], [63, 31], [88, 39], [7, 55], [84, 52], [80, 18], [75, 47], [41, 62], [62, 48], [87, 35], [93, 19], [43, 12], [68, 78], [82, 79], [58, 15], [12, 99], [20, 55], [77, 68], [19, 43], [98, 23], [56, 64], [74, 16], [90, 46], [54, 87], [69, 28], [47, 47], [81, 11], [49, 43], [90, 30], [4, 67], [13, 76], [91, 83], [89, 78], [85, 31], [13, 72], [51, 42], [89, 52], [70, 27], [10, 49], [82, 46], [53, 55], [10, 68], [86, 12], [50, 64], [98, 26], [55, 77], [0, 45], [90, 63], [71, 28], [68, 63], [41, 49], [84, 33], [24, 48], [78, 65], [10, 86], [62, 68], [82, 38], [70, 23], [66, 4], [84, 49], [81, 70], [16, 41], [45, 64], [88, 23], [81, 14], [91, 41], [44, 89], [28, 68], [75, 27], [3, 61], [46, 46], [84, 42], [68, 37], [49, 72], [68, 56], [64, 27], [93, 76], [51, 46], [93, 40], [58, 61], [13, 81], [69, 84], [91, 44], [90, 8], [21, 47], [19, 58], [92, 70], [13, 44], [93, 83], [92, 53], [40, 88], [7, 94], [81, 66], [97, 23], [42, 11], [73, 33], [76, 15], [48, 66], [97, 29], [87, 36], [71, 15], [13, 74], [73, 65], [87, 11], [23, 31], [85, 36], [45, 60], [82, 65], [97, 34], [59, 54], [53, 54], [62, 18], [88, 43], [52, 74], [60, 60], [92, 31], [11, 66], [9, 73], [10, 53], [85, 68], [77, 15], [93, 18], [85, 42], [88, 80], [91, 52], [14, 36], [2, 46], [62, 57], [98, 37], [13, 79], [10, 87], [62, 69], [77, 40], [64, 64], [95, 37], [24, 69], [56, 88], [55, 63], [86, 72], [75, 49], [43, 65], [86, 2], [91, 36], [60, 6], [95, 24], [68, 21], [53, 38], [71, 85], [20, 41], [91, 84], [61, 22], [63, 52], [94, 26], [15, 57], [79, 67], [91, 62], [71, 53], [78, 8], [88, 21], [87, 33], [54, 86], [0, 72], [49, 62], [25, 63], [59, 46], [94, 32], [76, 39], [7, 97], [12, 52], [15, 44], [99, 67], [66, 29], [75, 46], [52, 72], [93, 39], [98, 19], [49, 13], [94, 37], [87, 18], [9, 87], [73, 69], [55, 39], [39, 80], [46, 61], [86, 23], [93, 87], [74, 31], [65, 9], [80, 54], [27, 64], [79, 74], [6, 73], [29, 44], [91, 34], [82, 15], [82, 37], [50, 62], [85, 13], [25, 66], [96, 65], [55, 53], [98, 27], [68, 39], [11, 72], [5, 96], [58, 69], [50, 93], [81, 46], [48, 67], [94, 28], [94, 78], [68, 70], [4, 50], [23, 48], [88, 47], [64, 88], [95, 73], [53, 41], [90, 3], [72, 29], [64, 67], [86, 40], [13, 58], [91, 67], [65, 17], [88, 24], [40, 60], [72, 2], [92, 40], [48, 75], [8, 82], [82, 82], [24, 62], [14, 29], [69, 62], [67, 61], [92, 32], [90, 5], [87, 21], [73, 36], [50, 66], [79, 18], [9, 88], [71, 14], [99, 69], [80, 50], [7, 74], [92, 54], [5, 56], [47, 79], [44, 49], [87, 41], [60, 55], [30, 49], [68, 65], [88, 36], [20, 57], [80, 66], [82, 19], [75, 37], [92, 19], [42, 10], [65, 50], [87, 70], [8, 70], [88, 51], [13, 71], [86, 80], [75, 14], [99, 31], [62, 6], [66, 63], [96, 26], [78, 41], [47, 64], [50, 76], [16, 51], [88, 8], [58, 25], [81, 62], [80, 29], [47, 48], [4, 82], [7, 96], [58, 68], [67, 80], [82, 39], [65, 70], [20, 49], [86, 76], [48, 51], [92, 41], [55, 38], [2, 57], [7, 73], [89, 75], [72, 13], [55, 37], [98, 13], [22, 44], [29, 67], [83, 39], [41, 90], [88, 30], [81, 49], [52, 71], [56, 52], [90, 37], [88, 79], [55, 52], [60, 28], [69, 5], [89, 41], [62, 66], [82, 2], [91, 48], [84, 31], [77, 30], [17, 39], [11, 98], [51, 93], [91, 87], [23, 63], [79, 76], [61, 47], [87, 37], [95, 80], [52, 53], [19, 64], [70, 17], [6, 84], [84, 40], [4, 56], [95, 35], [99, 2], [10, 71], [8, 67], [39, 48], [85, 79], [70, 38], [39, 63], [21, 49], [72, 64], [65, 49], [91, 33], [85, 20], [96, 18], [47, 12], [39, 90], [86, 25], [68, 80], [62, 30], [86, 46], [95, 19], [80, 82], [66, 2], [10, 94], [51, 74], [26, 49], [80, 74], [64, 65], [94, 25], [9, 44], [50, 49], [27, 68], [87, 43], [73, 66], [77, 26], [93, 52], [51, 76], [77, 28], [57, 43], [89, 72], [70, 36], [49, 69], [91, 4], [10, 47], [87, 53], [64, 52], [95, 23], [84, 34], [1, 70], [17, 81], [24, 47], [89, 74], [83, 48], [96, 70], [56, 18], [40, 76], [20, 63], [95, 65], [76, 12], [79, 10], [62, 54], [90, 38], [5, 98], [67, 48], [86, 20], [24, 65], [46, 62], [62, 4], [62, 47], [94, 79], [90, 44], [57, 27], [20, 47], [71, 46], [51, 73], [7, 67], [83, 36], [82, 16], [64, 48], [86, 31], [52, 94], [12, 51], [63, 87], [96, 88], [73, 24], [85, 50], [68, 53], [65, 34], [1, 65], [41, 59], [82, 45], [13, 34], [11, 49], [81, 61], [95, 18], [45, 9], [19, 66], [51, 64], [99, 29], [89, 7], [81, 73], [10, 83], [3, 92], [61, 80], [49, 49], [88, 38], [60, 94], [86, 43], [49, 58], [76, 31], [62, 2], [86, 45], [89, 36], [81, 29], [87, 86], [99, 83], [19, 49], [76, 63], [52, 62], [89, 37], [82, 18], [88, 40], [57, 62], [0, 44], [85, 22], [63, 28], [46, 83], [16, 58], [92, 64], [16, 65], [95, 82], [55, 54], [93, 35], [67, 10], [10, 67], [16, 44], [78, 5], [2, 91], [58, 46], [86, 51], [76, 50], [52, 55], [98, 28], [69, 63], [79, 17], [94, 62], [61, 67], [99, 37], [54, 77], [45, 61], [5, 76], [73, 7], [17, 70], [73, 88], [93, 23], [91, 43], [78, 20], [17, 37], [76, 21], [92, 78], [22, 79], [17, 49], [92, 79], [66, 37], [5, 51], [60, 63], [88, 33], [71, 70], [83, 82], [97, 22], [86, 50], [72, 47], [41, 63], [85, 32], [60, 80], [58, 54], [10, 98], [57, 77], [85, 75], [91, 0], [96, 22], [48, 13], [29, 43], [56, 54], [3, 76], [72, 36], [83, 16], [65, 62], [96, 39], [83, 24], [80, 37], [92, 63], [63, 3], [19, 61], [69, 65], [78, 14], [22, 59], [93, 64], [48, 95], [55, 17], [13, 33], [8, 76], [91, 23], [60, 67], [91, 28], [0, 46], [71, 49], [46, 67], [95, 66], [82, 11], [87, 51], [54, 46], [56, 46], [7, 99], [78, 3], [77, 35], [66, 78], [93, 38], [55, 88], [59, 65], [90, 40], [60, 54], [10, 43], [83, 65], [6, 74], [14, 71], [92, 39], [14, 62], [88, 85], [19, 54], [79, 70], [75, 17], [94, 20], [84, 16], [73, 38], [61, 4], [89, 54], [59, 57], [83, 64], [56, 65], [95, 21], [78, 38], [50, 69], [80, 36], [53, 87], [10, 46], [12, 54], [63, 50], [70, 62], [96, 35], [17, 79], [3, 90], [53, 72], [93, 80], [79, 31], [80, 4], [54, 65], [96, 28], [82, 24], [26, 73], [84, 43], [99, 22], [47, 14], [19, 52], [89, 68], [29, 41], [89, 39], [43, 82], [57, 44], [9, 70], [96, 83], [79, 39], [69, 48], [44, 68], [81, 4], [46, 63], [86, 35], [71, 59], [90, 34], [72, 15], [96, 38], [81, 25], [55, 45], [94, 68], [75, 88], [9, 50], [9, 56], [83, 75], [44, 73], [10, 89], [62, 28], [53, 48], [92, 20], [27, 65], [94, 2], [97, 32], [57, 45], [98, 31], [9, 69], [12, 59], [94, 63], [91, 45], [99, 82], [74, 65], [9, 90], [78, 50], [52, 57], [74, 23], [21, 50], [57, 22], [66, 64], [90, 22], [87, 12], [90, 25], [96, 36], [42, 86], [2, 65], [91, 68], [61, 54], [67, 13], [41, 46], [17, 66], [63, 47], [99, 17], [73, 30], [8, 95], [56, 79], [85, 39], [72, 68], [2, 55], [20, 31], [96, 33], [90, 69], [96, 1], [84, 21], [17, 59], [94, 69], [39, 76], [76, 43], [51, 66], [95, 29], [60, 58], [95, 32], [59, 30], [98, 20], [49, 6], [94, 77], [84, 47], [86, 84], [27, 48], [78, 10], [53, 63], [13, 83], [69, 79], [64, 66], [56, 38], [8, 73], [73, 22], [26, 62], [58, 75], [82, 25], [49, 66], [89, 32], [99, 62], [56, 22], [67, 15], [86, 44], [82, 48], [5, 87], [25, 49], [94, 73], [2, 56], [94, 0], [10, 76], [72, 37], [45, 73], [23, 42], [84, 23], [97, 71], [63, 49], [90, 32], [71, 61], [72, 25], [98, 38], [53, 82], [77, 37], [50, 53], [79, 14], [93, 20], [21, 64], [52, 38], [90, 80], [24, 31], [54, 66], [92, 34], [80, 35], [55, 21], [11, 62], [14, 49], [88, 70], [8, 78], [10, 97], [58, 70], [47, 82], [83, 44], [42, 66], [74, 6], [85, 38], [80, 10], [82, 80], [86, 63], [63, 67], [78, 7], [49, 52], [12, 53], [61, 60], [88, 41], [14, 30], [84, 53], [72, 38], [70, 83], [97, 19], [87, 82], [28, 67], [88, 50], [55, 91], [54, 37], [80, 11], [91, 19], [37, 5], [69, 19], [59, 67], [86, 34], [81, 50], [68, 68], [11, 58], [82, 62], [76, 29], [9, 30], [88, 19], [68, 45], [57, 71], [99, 84], [54, 62], [8, 97], [7, 72], [12, 72], [82, 14], [69, 7], [46, 45], [98, 29], [92, 33], [55, 85], [1, 58], [89, 42], [4, 85], [92, 87], [71, 32], [66, 18], [26, 76], [13, 51], [66, 53], [47, 44], [85, 80], [59, 66], [90, 28], [86, 15], [85, 33], [40, 48], [89, 34], [18, 58], [77, 78], [91, 69], [70, 37], [54, 70], [61, 24], [55, 89], [4, 98], [50, 71], [10, 50], [85, 12], [86, 32], [48, 60], [86, 27], [80, 67], [85, 30], [86, 13], [72, 86], [64, 61], [0, 61], [27, 74], [72, 16], [59, 6], [84, 41], [12, 43], [41, 87], [45, 63], [83, 20], [57, 41], [81, 64], [11, 34], [64, 44], [91, 18], [80, 30], [13, 50], [80, 63], [10, 82], [74, 45], [43, 70], [74, 29], [81, 18], [66, 27], [95, 20], [45, 13], [69, 57], [86, 39], [87, 67], [11, 96], [12, 73], [65, 64], [91, 31], [98, 32], [43, 89], [17, 77], [20, 34], [88, 82], [92, 3], [39, 44], [78, 28], [78, 12], [82, 26], [87, 65], [10, 69], [61, 9], [14, 55], [55, 46], [69, 51], [97, 18], [82, 36], [11, 64], [81, 65], [86, 49], [40, 64], [75, 63], [46, 85], [10, 35], [89, 6], [64, 32], [87, 28], [92, 62], [59, 62], [87, 32], [74, 26], [22, 72], [83, 43], [40, 63], [15, 81], [3, 89], [90, 43], [54, 75], [70, 85], [84, 66], [85, 25], [61, 29], [93, 1], [17, 33], [39, 86], [64, 54], [81, 47], [42, 73], [20, 65], [92, 68], [90, 47], [50, 63], [87, 25], [51, 51], [14, 44], [59, 12], [2, 66], [89, 79], [87, 22], [72, 24], [60, 35], [42, 62], [79, 9], [82, 87], [17, 46], [14, 72], [85, 35], [54, 94], [69, 67], [95, 40], [11, 75], [9, 95], [85, 67], [84, 29], [75, 69], [99, 18], [45, 4], [70, 26], [83, 15], [74, 14], [77, 49], [42, 64], [9, 79], [13, 55], [86, 75], [83, 46], [51, 61], [99, 23], [15, 37], [93, 68], [61, 53], [87, 24], [55, 75], [39, 50], [13, 57], [68, 38], [72, 1], [88, 54], [18, 71], [7, 75], [75, 56], [68, 84], [97, 2], [95, 30], [88, 67], [65, 61], [88, 26], [98, 30], [76, 24], [28, 29], [6, 93], [52, 69], [57, 86], [60, 20], [85, 34], [49, 70], [88, 65], [16, 56], [93, 66], [82, 27], [81, 30], [40, 49], [84, 20], [66, 65], [98, 21], [93, 81], [51, 39], [72, 58], [22, 29], [15, 71], [86, 17], [65, 29], [84, 76], [15, 78], [82, 40], [9, 57], [82, 32], [57, 93], [56, 45], [97, 31], [64, 8], [80, 3], [4, 73], [16, 75], [7, 92], [49, 51], [80, 68], [71, 43], [54, 61], [83, 26], [22, 46], [66, 34], [26, 48], [79, 72], [75, 58], [89, 44], [64, 58], [91, 24], [84, 24], [92, 22], [44, 12], [82, 13], [51, 49], [56, 76], [92, 52], [22, 73], [84, 62], [91, 40], [75, 83], [72, 17], [81, 36], [12, 39], [64, 63], [95, 31], [6, 53], [50, 55], [81, 13], [70, 52], [80, 84], [95, 79], [67, 20], [94, 36], [66, 0], [84, 35], [49, 60], [43, 77], [7, 90], [5, 90], [61, 74], [16, 60], [82, 67], [7, 71], [66, 20], [83, 40], [53, 49], [96, 37], [13, 46], [87, 88], [54, 52], [16, 64], [89, 28], [89, 9], [70, 56], [76, 19], [92, 50], [41, 76], [78, 31], [42, 48], [52, 65], [97, 21], [81, 80], [88, 32], [18, 33], [79, 47], [44, 62], [18, 70], [91, 7], [1, 47], [27, 62], [85, 71], [3, 87], [81, 31], [66, 32], [64, 6], [84, 54], [98, 81], [67, 50], [89, 20], [94, 39], [59, 93], [22, 66], [83, 29], [2, 75], [50, 41], [67, 63], [50, 54], [11, 83], [72, 90], [89, 18], [9, 38], [87, 80], [88, 48], [90, 70], [96, 24], [41, 9], [68, 28], [65, 54], [89, 29], [87, 31], [73, 39], [39, 66], [47, 84], [14, 63], [78, 78], [77, 19], [89, 17], [96, 69], [82, 51], [13, 32], [2, 58], [75, 64], [87, 19], [4, 93], [50, 74], [79, 32], [62, 65], [97, 25], [21, 68], [44, 63], [59, 1], [49, 53], [87, 77], [83, 12], [94, 35], [90, 53], [51, 83], [9, 62], [56, 44], [95, 28], [76, 35], [13, 45], [74, 30], [71, 34], [40, 69], [3, 83], [74, 56], [85, 74], [86, 54], [26, 61], [82, 77], [18, 68], [84, 26], [85, 53], [58, 56], [80, 19], [30, 63], [45, 62], [89, 35], [68, 32], [13, 99], [59, 76], [93, 79], [3, 50], [21, 38], [69, 83], [80, 73], [54, 49], [66, 10], [82, 23], [69, 6], [99, 39], [68, 66], [69, 61], [90, 26], [80, 20], [71, 37], [53, 66], [66, 38], [82, 84], [1, 73], [48, 85], [50, 61], [87, 23], [10, 37], [15, 49], [77, 79], [96, 19], [43, 10], [89, 45], [29, 69], [77, 22], [64, 59], [89, 24], [85, 17], [70, 24], [88, 83], [10, 85], [2, 97], [53, 71], [88, 31], [75, 57], [45, 44], [3, 59], [24, 42], [85, 46], [49, 94], [82, 52], [44, 70], [60, 61], [89, 40], [80, 76], [56, 62], [75, 32], [66, 12], [89, 47], [98, 12], [91, 29], [70, 19], [20, 58], [85, 78], [89, 81], [22, 64], [92, 30], [6, 75], [12, 69], [97, 66], [12, 34], [68, 59], [68, 54], [97, 36], [38, 80], [86, 26], [67, 79], [59, 19], [80, 12], [5, 93], [49, 48], [66, 17], [81, 48], [57, 46], [96, 85], [86, 48], [56, 71], [9, 54], [69, 43], [93, 30], [89, 21], [9, 77], [28, 41], [74, 38], [49, 95], [28, 61], [91, 63], [88, 9], [70, 67], [15, 65], [68, 5], [97, 77], [89, 31], [96, 25], [50, 67], [98, 18], [69, 20], [56, 35], [6, 61], [46, 48], [10, 45], [94, 22], [37, 3], [98, 14], [81, 84], [2, 98], [58, 73], [51, 50], [84, 50], [54, 82], [83, 50], [42, 60], [85, 48], [99, 28], [83, 81], [71, 63], [63, 54], [93, 25], [11, 57], [77, 17], [15, 54], [83, 79], [24, 70], [90, 75], [80, 23], [18, 31], [90, 1], [93, 53], [85, 27], [58, 53], [93, 34], [49, 85], [53, 61], [6, 79], [61, 5], [18, 72], [71, 87], [90, 74], [55, 28], [71, 64], [88, 44], [77, 46], [43, 67], [97, 30], [51, 48], [6, 99], [90, 10], [11, 41], [7, 62], [69, 10], [67, 67], [87, 26], [83, 68], [14, 77], [22, 52], [84, 65], [43, 76], [78, 39], [87, 29], [14, 45], [90, 45], [44, 45], [82, 12], [68, 55], [86, 41], [66, 66], [12, 30], [94, 85], [95, 85], [66, 11], [83, 32], [63, 30], [66, 9], [87, 42], [68, 51], [39, 58], [84, 44], [49, 74], [52, 52], [14, 79], [4, 89], [52, 70], [85, 77], [82, 20], [61, 65], [96, 29], [26, 75], [98, 24], [39, 5], [12, 55], [88, 77], [28, 49], [85, 21], [57, 54], [5, 66], [78, 19], [76, 65], [80, 34], [74, 18], [94, 75], [67, 81], [7, 59], [53, 74], [57, 63], [91, 25], [82, 3], [83, 25], [7, 69], [86, 36], [49, 63], [29, 29], [71, 25], [97, 39], [90, 78], [51, 54], [59, 10], [54, 50], [23, 77], [48, 65], [95, 39], [11, 99], [83, 23], [67, 60], [91, 5], [81, 24], [14, 58], [78, 73], [42, 83], [66, 39], [81, 88], [81, 33], [81, 78], [10, 51], [10, 78], [0, 68], [97, 20], [67, 43], [88, 17], [86, 53], [4, 52], [83, 2], [71, 44], [47, 59], [87, 87], [75, 65], [85, 19], [92, 48], [39, 84], [77, 39], [42, 44], [87, 34], [25, 77], [49, 42], [15, 46], [47, 43], [92, 35], [25, 50], [91, 72], [8, 88], [62, 79], [65, 1], [81, 79], [91, 6], [84, 36], [59, 18], [71, 78], [86, 37], [45, 86], [93, 22], [44, 4], [67, 19], [48, 48], [94, 27], [56, 70], [14, 35], [74, 34], [55, 69], [98, 80], [50, 51], [4, 63], [16, 74], [90, 9], [94, 53], [6, 43], [91, 30], [14, 81], [61, 19], [22, 74], [52, 50], [84, 82], [50, 65], [93, 21], [19, 55], [84, 78], [97, 72], [42, 76], [6, 86], [9, 41], [80, 21], [82, 31], [83, 42], [78, 4], [66, 51], [61, 33], [58, 9], [85, 49], [42, 47], [83, 63], [69, 44], [94, 33], [77, 50], [47, 69], [91, 35], [80, 48], [55, 82], [15, 69], [10, 42], [94, 1], [74, 25], [75, 25], [86, 64], [6, 62], [2, 44], [45, 45], [62, 63], [94, 30], [10, 55], [93, 77], [66, 50], [97, 28], [84, 30], [48, 49], [14, 78], [8, 99], [62, 80], [70, 84], [86, 78], [73, 19], [83, 17], [31, 49], [44, 76], [85, 43], [57, 64], [63, 53], [86, 38], [59, 11], [83, 34], [82, 29], [84, 75], [30, 68], [84, 46], [12, 65], [84, 71], [61, 59], [99, 15], [47, 11], [76, 36], [78, 2], [19, 65], [91, 66], [64, 55], [88, 27], [20, 37], [50, 40], [95, 27], [55, 83], [51, 62], [12, 44], [94, 54], [11, 73], [85, 51], [86, 66], [74, 19], [2, 86], [72, 22], [81, 39], [42, 67], [90, 29], [89, 2], [48, 61], [95, 26], [71, 60], [19, 32], [19, 69], [89, 69], [10, 88], [89, 51], [56, 77], [61, 12], [50, 56], [90, 35], [60, 33], [20, 59], [80, 79], [46, 65], [97, 26], [70, 11], [87, 16], [62, 49], [92, 69], [72, 78], [80, 39], [22, 34], [7, 47], [70, 68], [92, 80], [83, 38], [78, 46], [40, 73], [48, 82], [5, 91], [54, 68], [4, 71], [69, 33], [54, 64], [91, 39], [97, 76], [14, 74], [80, 17], [86, 10], [94, 38], [48, 45], [82, 41], [26, 41], [11, 70], [14, 51], [79, 62], [65, 28], [64, 0], [93, 51], [81, 74], [66, 43], [98, 39], [38, 79], [53, 47], [61, 56], [10, 80], [84, 17], [88, 52], [96, 20], [39, 3], [87, 44], [73, 46], [53, 73], [76, 14], [92, 66], [16, 49], [5, 58], [10, 96], [56, 21], [62, 64], [98, 25], [20, 72], [49, 55], [86, 3], [91, 26], [83, 49], [43, 75], [6, 70], [70, 70], [86, 71], [13, 61], [92, 72], [63, 57], [96, 30], [61, 34], [81, 87], [12, 33], [75, 84], [55, 41], [80, 13], [82, 33], [65, 8], [88, 53], [81, 19], [80, 47], [43, 69], [84, 85], [53, 77], [56, 63], [23, 67], [57, 66], [90, 33], [73, 16], [8, 83], [2, 87], [59, 71], [84, 25], [75, 50], [12, 57], [9, 33], [97, 35], [97, 79], [93, 54], [83, 18], [84, 13], [14, 54], [84, 77], [6, 72], [13, 73], [62, 55], [97, 37], [53, 86], [93, 37], [67, 37], [52, 48], [97, 38], [54, 45], [97, 69], [68, 34], [52, 56], [17, 32], [78, 17], [70, 66], [26, 71], [73, 9], [88, 45], [66, 59], [97, 24], [68, 20], [57, 19], [99, 16], [38, 6], [97, 68], [7, 89], [88, 35], [51, 85], [87, 85], [9, 49], [21, 66], [78, 61], [16, 50], [91, 20], [84, 28], [48, 62], [94, 40], [40, 62], [3, 82], [68, 85], [83, 70], [79, 21], [60, 69], [78, 49], [47, 65], [91, 53], [63, 55], [4, 61], [73, 18], [22, 75], [50, 83], [83, 31], [95, 1], [60, 62], [88, 28], [25, 42], [98, 63], [67, 30], [71, 7], [82, 54], [90, 42], [2, 92], [60, 68], [24, 58], [83, 77], [94, 24], [59, 58], [73, 54], [67, 11], [98, 78], [9, 52], [54, 89], [68, 49], [97, 33], [85, 14], [15, 77], [73, 48], [57, 73], [18, 32], [61, 21], [81, 38], [49, 46], [19, 72], [90, 31], [92, 84], [91, 76], [11, 79], [0, 64], [65, 65], [89, 22], [85, 15], [70, 57], [81, 27], [90, 36], [55, 74], [60, 23], [51, 47], [92, 38], [20, 50], [26, 59], [80, 78], [4, 99], [70, 13], [82, 76], [69, 88], [99, 24], [48, 14], [68, 46], [90, 23], [83, 51], [48, 59], [85, 11], [92, 51], [7, 44], [85, 37], [61, 25], [21, 77], [59, 44], [98, 65], [54, 90], [9, 42], [75, 18], [67, 52], [87, 46], [39, 46], [51, 55], [91, 32], [87, 30], [87, 48], [81, 16], [64, 34], [96, 80], [7, 70], [18, 65], [79, 65], [17, 80], [6, 87], [52, 68], [16, 38], [57, 87], [68, 48], [47, 68], [65, 66], [86, 18], [67, 14], [92, 37], [76, 30], [95, 87], [25, 76], [84, 37], [6, 76], [85, 73], [75, 51], [57, 39], [84, 11], [53, 42], [56, 53], [10, 52], [96, 32], [62, 46], [89, 27], [19, 31], [86, 68], [89, 53], [45, 84], [71, 27], [25, 61], [89, 63], [75, 24], [90, 0], [70, 90], [73, 60], [85, 29], [78, 47], [43, 71], [9, 86], [7, 68], [53, 53], [90, 20], [89, 80], [21, 69], [88, 49], [47, 63], [21, 36], [73, 23], [70, 10], [87, 47], [43, 91], [49, 50], [3, 86], [78, 1], [95, 22], [37, 4], [84, 19], [76, 18], [85, 86], [3, 57], [63, 65], [86, 29], [92, 45], [72, 62], [20, 56], [95, 61], [72, 31], [95, 74], [17, 47], [90, 27], [90, 7], [75, 34], [52, 61], [85, 66], [41, 75], [39, 43], [18, 73], [61, 57], [88, 37], [10, 93], [57, 79], [85, 44], [80, 16], [10, 64], [18, 66], [87, 38], [55, 27], [56, 41], [89, 70], [24, 30], [83, 13], [59, 60], [71, 1], [66, 52], [90, 18], [81, 53], [46, 74], [9, 43], [17, 54], [80, 72], [90, 24], [58, 62], [10, 79], [66, 88], [90, 66], [75, 22], [81, 45], [40, 66], [83, 22], [20, 66], [98, 2], [57, 67], [88, 18], [18, 44], [90, 52], [90, 48], [7, 88], [89, 26], [61, 69], [83, 66], [46, 75], [56, 19], [53, 46], [91, 78], [4, 76], [48, 43], [92, 21], [92, 4], [71, 11], [83, 30], [53, 50], [88, 42], [19, 30], [24, 59], [87, 61], [67, 5], [99, 73], [94, 21], [46, 3], [70, 47], [44, 66], [8, 47], [70, 31], [22, 78], [40, 85], [69, 70], [47, 67], [92, 29], [93, 27], [89, 49], [86, 11], [85, 65], [7, 76], [2, 95], [53, 68], [20, 38], [70, 22], [13, 75], [77, 32], [51, 37], [44, 59], [88, 22], [58, 67], [92, 27], [94, 81], [81, 34], [49, 83], [18, 61], [90, 65], [92, 6], [71, 84], [61, 68], [74, 50], [43, 68], [11, 60], [12, 61], [16, 31], [63, 33], [65, 16], [83, 45], [89, 33], [77, 21], [98, 73], [3, 48], [47, 60], [98, 22], [89, 43], [84, 83], [78, 9], [54, 88], [40, 47], [8, 89], [96, 23], [59, 26], [53, 39], [94, 70], [22, 47], [62, 59], [45, 65], [99, 26], [87, 52], [19, 56], [82, 69], [4, 87], [70, 35], [48, 72], [77, 11], [16, 69], [85, 3], [86, 30], [99, 80], [48, 77], [73, 31], [1, 66], [65, 51], [95, 25], [92, 43], [52, 58], [14, 34], [60, 5], [97, 12], [45, 11], [1, 48], [66, 61], [92, 28], [88, 0], [80, 71], [10, 95], [61, 77], [66, 28], [18, 75], [64, 36], [45, 46], [56, 55], [96, 27], [83, 53], [57, 92], [28, 50], [78, 72], [67, 87], [82, 44], [44, 67], [23, 74], [20, 44], [83, 54], [83, 27], [82, 68], [93, 73], [96, 12], [52, 54], [62, 27], [62, 52], [49, 61], [91, 27], [82, 42], [14, 83], [76, 25], [87, 45], [81, 69], [39, 78], [4, 74], [19, 46], [74, 1], [4, 44], [78, 15], [8, 86], [60, 30], [46, 50], [46, 59], [92, 18], [85, 40], [20, 52], [78, 71], [69, 34], [53, 64], [28, 70], [91, 22], [84, 79], [40, 45], [71, 68], [71, 17], [53, 92], [11, 30], [95, 11], [77, 16], [63, 56], [93, 31], [92, 42], [83, 19], [97, 82], [65, 99], [94, 84], [37, 76], [74, 68], [21, 76], [78, 21], [86, 70], [21, 30], [63, 6], [22, 35], [62, 23], [87, 2], [8, 75], [44, 3], [23, 83], [76, 67], [63, 48], [67, 76], [34, 60], [61, 71], [37, 30], [14, 59], [96, 66], [30, 13], [44, 26], [64, 1], [83, 84], [16, 23], [58, 78], [64, 30], [14, 80], [24, 68], [11, 17], [24, 50], [6, 28], [11, 29], [82, 63], [69, 49], [25, 84], [21, 13], [45, 48], [11, 54], [67, 3], [31, 14], [29, 2], [0, 26], [60, 19], [46, 94], [41, 3], [21, 39], [29, 28], [18, 74], [15, 67], [48, 81], [68, 61], [57, 5], [70, 54], [32, 0], [60, 34], [3, 41], [45, 12], [72, 77], [23, 3], [55, 29], [7, 4], [28, 63], [76, 5], [90, 95], [96, 2], [59, 20], [29, 65], [25, 70], [5, 33], [31, 8], [22, 8], [20, 53], [83, 99], [52, 5], [30, 98], [4, 1], [78, 83], [78, 94], [43, 9], [5, 85], [83, 14], [18, 52], [62, 17], [22, 77], [99, 75], [83, 55], [63, 27], [1, 25], [65, 32], [12, 83], [72, 9], [73, 74], [81, 17], [52, 31], [75, 12], [54, 54], [20, 2], [55, 68], [1, 26], [31, 7], [76, 42], [95, 70], [46, 71], [48, 57], [71, 9], [31, 99], [19, 77], [2, 88], [99, 79], [58, 6], [92, 2], [59, 75], [5, 12], [60, 45], [56, 8], [73, 95], [72, 74], [10, 31], [77, 2], [77, 76], [91, 60], [58, 27], [27, 63], [34, 24], [21, 28], [78, 66], [23, 69], [79, 58], [59, 73], [42, 21], [37, 7], [33, 49], [34, 26], [64, 3], [82, 73], [31, 21], [13, 64], [24, 77], [22, 1], [11, 74], [96, 57], [48, 74], [14, 27], [53, 22], [13, 38], [6, 71], [3, 33], [74, 37], [77, 74], [36, 23], [72, 89], [42, 19], [74, 60], [27, 70], [89, 97], [90, 56], [76, 10], [86, 99], [45, 15], [50, 72], [56, 9], [37, 68], [96, 62], [0, 16], [38, 69], [83, 58], [57, 6], [3, 10], [30, 9], [96, 60], [11, 16], [41, 48], [42, 20], [24, 78], [46, 9], [46, 72], [33, 99], [19, 27], [19, 57], [49, 75], [68, 83], [6, 82], [4, 57], [90, 67], [53, 3], [37, 70], [8, 65], [82, 98], [78, 57], [10, 18], [88, 91], [82, 83], [65, 3], [39, 40], [67, 74], [46, 64], [3, 13], [16, 53], [72, 65], [6, 50], [28, 1], [2, 0], [63, 5], [49, 14], [63, 66], [47, 3], [34, 8], [11, 45], [76, 94], [24, 1], [74, 36], [8, 43], [34, 5], [74, 12], [62, 12], [84, 12], [96, 56], [93, 88], [57, 10], [15, 63], [61, 96], [71, 73], [17, 74], [37, 73], [6, 97], [3, 7], [65, 12], [72, 54], [66, 16], [36, 87], [68, 9], [27, 8], [48, 68], [16, 8], [81, 23], [25, 71], [61, 45], [80, 26], [37, 38], [4, 17], [52, 29], [32, 49], [54, 13], [13, 27], [99, 72], [36, 69], [63, 75], [38, 0], [3, 19], [60, 65], [71, 75], [75, 66], [18, 28], [72, 73], [63, 99], [16, 10], [7, 7], [65, 96], [0, 73], [82, 61], [78, 6], [51, 65], [45, 33], [92, 25], [35, 65], [95, 75], [49, 96], [8, 98], [94, 87], [7, 84], [58, 35], [62, 96], [65, 45], [27, 76], [18, 24], [99, 76], [7, 37], [90, 68], [46, 25], [47, 95], [54, 69], [12, 62], [18, 80], [88, 59], [27, 16], [21, 79], [18, 11], [74, 15], [35, 97], [43, 92], [44, 7], [61, 0], [39, 37], [26, 42], [94, 89], [0, 15], [94, 65], [93, 69], [83, 76], [97, 84], [85, 95], [53, 20], [76, 40], [7, 28], [19, 2], [86, 16], [84, 69], [6, 77], [39, 67], [77, 7], [38, 29], [55, 36], [0, 93], [79, 73], [36, 43], [52, 13], [87, 69], [28, 86], [22, 11], [87, 49], [62, 13], [69, 96], [64, 45], [83, 96], [88, 76], [59, 34], [45, 32], [0, 97], [44, 75], [4, 84], [69, 30], [43, 64], [25, 81], [71, 47], [64, 51], [64, 73], [84, 15], [11, 19], [42, 65], [47, 85], [33, 63], [21, 43], [2, 15], [89, 0], [36, 74], [3, 1], [40, 32], [9, 0], [42, 18], [79, 6], [91, 94], [20, 3], [53, 60], [13, 18], [59, 45], [58, 60], [55, 81], [85, 90], [34, 40], [11, 53], [34, 73], [94, 58], [5, 23], [64, 68], [21, 16], [70, 12], [43, 13], [0, 36], [49, 12], [36, 49], [95, 67], [17, 40], [35, 27], [28, 10], [93, 59], [79, 87], [16, 18], [38, 88], [16, 0], [76, 2], [62, 10], [81, 59], [89, 64], [16, 42], [0, 8], [33, 4], [87, 60], [62, 74], [50, 23], [56, 43], [61, 87], [6, 22], [31, 97], [19, 40], [55, 65], [98, 0], [14, 38], [75, 75], [81, 83], [28, 64], [64, 79], [0, 87], [75, 45], [95, 62], [45, 77], [1, 62], [76, 1], [70, 48], [63, 19], [42, 32], [55, 87], [76, 60], [69, 29], [47, 70], [34, 31], [78, 18], [70, 4], [79, 55], [18, 25], [81, 21], [65, 59], [0, 33], [71, 93], [46, 60], [31, 27], [80, 92], [35, 9], [16, 29], [34, 88], [2, 47], [76, 83], [90, 99], [53, 30], [99, 59], [23, 45], [36, 32], [76, 44], [77, 41], [71, 10], [31, 5], [6, 12], [0, 82], [63, 71], [56, 2], [9, 17], [56, 85], [35, 72], [80, 2], [38, 1], [97, 81], [37, 47], [24, 76], [93, 2], [54, 28], [97, 74], [15, 51], [15, 4], [63, 62], [67, 38], [59, 29], [76, 8], [69, 37], [41, 85], [95, 81], [35, 66], [53, 37], [85, 28], [12, 41], [64, 78], [93, 91], [40, 31], [8, 41], [83, 33], [19, 1], [69, 42], [6, 67], [5, 41], [1, 60], [23, 64], [5, 9], [28, 98], [71, 18], [13, 31], [67, 35], [40, 33], [31, 60], [4, 90], [91, 80], [14, 23], [83, 92], [9, 7], [14, 41], [48, 70], [92, 59], [14, 0], [74, 10], [22, 4], [57, 68], [60, 11], [74, 94], [34, 9], [69, 27], [13, 16], [75, 71], [21, 34], [31, 91], [6, 0], [62, 1], [62, 56], [38, 38], [11, 42], [3, 16], [18, 39], [59, 28], [84, 72], [85, 81], [86, 81], [39, 42], [39, 79], [57, 35], [32, 91], [18, 51], [5, 36], [9, 34], [34, 3], [89, 94], [43, 29], [77, 83], [21, 18], [46, 29], [73, 76], [14, 82], [80, 15], [12, 22], [3, 40], [6, 27], [21, 83], [62, 61], [72, 67], [74, 69], [28, 14], [74, 85], [79, 95], [70, 53], [71, 35], [16, 33], [65, 36], [2, 62], [1, 82], [61, 18], [34, 89], [4, 37], [38, 63], [81, 55], [71, 8], [74, 75], [51, 36], [97, 58], [31, 65], [1, 76], [76, 85], [13, 17], [7, 30], [5, 61], [27, 77], [5, 69], [73, 8], [61, 97], [13, 9], [35, 87], [9, 53], [13, 15], [31, 20], [42, 74], [22, 40], [55, 90], [42, 75], [42, 88], [4, 36], [76, 0], [4, 59], [95, 84], [79, 63], [93, 33], [70, 69], [62, 21], [20, 73], [57, 34], [35, 96], [8, 29], [7, 78], [2, 40], [69, 94], [5, 0], [65, 98], [23, 28], [59, 27], [89, 87], [44, 74], [51, 68], [9, 15], [73, 17], [18, 42], [86, 77], [26, 72], [25, 80], [41, 35], [59, 87], [56, 4], [63, 35], [72, 57], [2, 68], [73, 45], [58, 20], [86, 94], [98, 1], [71, 23], [79, 82], [85, 63], [56, 36], [2, 96], [73, 63], [55, 98], [6, 31], [17, 25], [40, 40], [65, 10], [38, 76], [34, 94], [73, 94], [38, 33], [75, 90], [23, 16], [70, 94], [80, 56], [15, 73], [39, 61], [3, 43], [12, 75], [14, 18], [12, 71], [75, 5], [17, 69], [53, 95], [24, 71], [36, 59], [1, 34], [69, 74], [36, 1], [79, 48], [22, 45], [35, 40], [53, 85], [69, 66], [21, 32], [21, 6], [5, 38], [19, 80], [2, 26], [12, 26], [52, 4], [35, 63], [54, 1], [46, 87], [1, 99], [23, 6], [41, 36], [10, 3], [0, 10], [33, 74], [30, 3], [6, 1], [35, 29], [64, 49], [62, 75], [63, 34], [75, 76], [43, 63], [76, 17], [4, 81], [18, 30], [17, 36], [74, 73], [16, 82], [5, 70], [94, 61], [9, 31], [0, 60], [67, 12], [97, 59], [7, 93], [10, 14], [77, 18], [57, 81], [29, 98], [69, 68], [27, 5], [36, 89], [5, 22], [79, 46], [54, 20], [33, 3], [20, 12], [49, 73], [2, 42], [67, 68], [64, 77], [87, 90], [76, 97], [86, 98], [75, 77], [41, 8], [59, 78], [94, 86], [2, 24], [48, 76], [49, 65], [43, 85], [12, 32], [80, 77], [12, 66], [69, 93], [23, 75], [27, 49], [22, 76], [71, 97], [43, 48], [73, 0], [3, 84], [63, 69], [85, 84], [30, 97], [92, 83], [47, 34], [50, 60], [11, 28], [68, 97], [98, 86], [22, 71], [58, 26], [39, 33], [7, 83], [88, 96], [97, 57], [7, 21], [11, 5], [9, 37], [26, 86], [4, 8], [9, 45], [75, 1], [12, 21], [18, 41], [36, 28], [55, 35], [16, 48], [67, 54], [95, 88], [6, 23], [69, 56], [88, 56], [69, 21], [78, 86], [40, 67], [0, 41], [45, 23], [75, 0], [76, 45], [80, 25], [38, 39], [65, 74], [1, 86], [23, 29], [13, 13], [59, 35], [62, 45], [22, 10], [73, 93], [95, 10], [7, 82], [31, 3], [35, 74], [11, 97], [19, 28], [62, 62], [26, 74], [20, 40], [17, 20], [34, 0], [82, 59], [28, 62], [8, 77], [62, 25], [89, 65], [12, 40], [60, 56], [61, 75], [6, 58], [48, 64], [79, 78], [96, 76], [10, 1], [22, 69], [11, 24], [1, 71], [26, 0], [61, 98], [93, 65], [89, 85], [27, 7], [30, 73], [85, 18], [77, 52], [33, 62], [87, 68], [82, 28], [77, 96], [39, 69], [95, 57], [63, 73], [45, 30], [74, 95], [33, 93], [0, 2], [18, 54], [57, 24], [0, 42], [12, 80], [99, 64], [62, 14], [28, 28], [14, 43], [23, 66], [57, 80], [77, 71], [86, 85], [42, 34], [25, 4], [91, 81], [56, 98], [8, 5], [43, 16], [41, 73], [79, 91], [87, 73], [89, 66], [8, 4], [35, 24], [80, 49], [63, 12], [70, 86], [26, 28], [13, 26], [94, 57], [26, 60], [5, 73], [26, 69], [9, 94], [74, 4], [11, 21], [19, 41], [66, 99], [69, 24], [75, 73], [94, 60], [74, 72], [0, 6], [30, 19], [31, 90], [59, 59], [22, 33], [72, 76], [45, 74], [70, 1], [17, 30], [55, 40], [14, 33], [25, 59], [91, 51], [79, 53], [12, 74], [75, 42], [34, 65], [80, 9], [59, 0], [4, 80], [38, 52], [91, 90], [51, 13], [30, 96], [40, 29], [36, 21], [46, 12], [28, 65], [84, 3], [3, 99], [94, 83], [52, 83], [6, 36], [63, 13], [14, 26], [11, 4], [63, 20], [80, 57], [54, 17], [7, 15], [43, 8], [91, 47], [23, 17], [91, 85], [11, 86], [24, 75], [11, 69], [58, 81], [68, 7], [63, 58], [98, 83], [7, 14], [36, 27], [44, 24], [51, 69], [13, 10], [13, 14], [36, 60], [80, 65], [67, 16], [20, 35], [51, 34], [84, 59], [27, 10], [41, 2], [8, 19], [27, 0], [5, 64], [15, 56], [61, 88], [37, 69], [60, 71], [40, 38], [3, 64], [19, 17], [91, 96], [35, 39], [5, 34], [2, 61], [37, 64], [70, 92], [9, 82], [19, 78], [65, 75], [2, 9], [12, 4], [23, 60], [84, 67], [66, 19], [43, 86], [61, 73], [17, 2], [4, 51], [15, 23], [19, 3], [1, 79], [26, 70], [71, 55], [79, 86], [1, 98], [33, 25], [77, 99], [74, 0], [22, 41], [16, 6], [55, 92], [8, 61], [21, 41], [69, 85], [81, 67], [15, 82], [74, 61], [81, 85], [13, 7], [15, 72], [75, 53], [81, 92], [15, 3], [57, 74], [16, 7], [58, 4], [42, 13], [25, 78], [68, 18], [29, 14], [89, 1], [5, 26], [79, 77], [69, 59], [93, 55], [45, 71], [53, 69], [66, 62], [95, 83], [2, 89], [38, 31], [38, 74], [17, 24], [88, 60], [32, 94], [17, 7], [46, 26], [78, 89], [17, 1], [44, 15], [25, 8], [8, 8], [13, 37], [55, 25], [17, 72], [3, 18], [44, 6], [75, 6], [25, 79], [41, 84], [6, 90], [77, 10], [80, 59], [59, 56], [9, 47], [82, 30], [4, 41], [67, 34], [3, 9], [4, 47], [97, 67], [77, 44], [92, 82], [12, 35], [21, 0], [6, 98], [51, 38], [82, 91], [10, 21], [93, 71], [24, 5], [81, 60], [54, 4], [52, 16], [9, 18], [24, 49], [10, 15], [8, 24], [16, 81], [70, 72], [46, 78], [1, 81], [12, 79], [11, 12], [58, 24], [2, 79], [18, 45], [63, 60], [52, 36], [18, 9], [2, 1], [66, 36], [38, 71], [58, 1], [12, 85], [60, 73], [6, 21], [39, 8], [78, 91], [78, 70], [6, 34], [76, 72], [18, 27], [74, 58], [4, 13], [60, 57], [96, 68], [91, 64], [61, 26], [95, 56], [96, 34], [60, 74], [61, 28], [38, 90], [9, 72], [31, 26], [18, 63], [16, 67], [67, 72], [6, 24], [8, 62], [32, 3], [93, 72], [82, 49], [17, 16], [24, 8], [30, 90], [91, 49], [90, 85], [48, 31], [32, 88], [38, 72], [36, 50], [88, 98], [79, 37], [92, 90], [36, 70], [30, 27], [3, 44], [30, 88], [80, 31], [8, 79], [73, 62], [41, 10], [17, 57], [75, 68], [5, 68], [14, 68], [59, 61], [35, 1], [69, 73], [76, 79], [72, 95], [34, 21], [25, 29], [58, 92], [29, 8], [5, 71], [30, 0], [18, 22], [2, 90], [31, 4], [41, 31], [70, 97], [7, 63], [70, 32], [10, 39], [87, 96], [88, 90], [78, 58], [50, 47], [35, 5], [54, 21], [36, 3], [86, 22], [65, 69], [84, 86], [12, 23], [18, 40], [8, 28], [33, 5], [54, 16], [69, 53], [63, 17], [0, 59], [50, 95], [7, 77], [79, 36], [45, 27], [24, 74], [63, 7], [48, 84], [56, 99], [35, 49], [39, 35], [52, 2], [4, 25], [51, 22], [12, 31], [6, 68], [2, 25], [55, 20], [55, 19], [61, 58], [98, 69], [66, 70], [18, 55], [20, 76], [37, 21], [2, 17], [57, 0], [17, 6], [31, 16], [41, 88], [75, 10], [76, 16], [58, 64], [70, 88], [19, 74], [86, 61], [49, 68], [62, 60], [90, 60], [8, 72], [4, 6], [68, 42], [6, 44], [13, 82], [70, 29], [7, 95], [17, 9], [62, 78], [67, 6], [1, 46], [53, 35], [77, 64], [86, 87], [15, 8], [13, 40], [22, 38], [65, 0], [61, 61], [9, 75], [39, 82], [75, 97], [42, 31], [32, 18], [0, 95], [76, 68], [5, 62], [14, 16], [22, 58], [18, 59], [70, 60], [71, 94], [14, 24], [81, 22], [52, 30], [41, 17], [47, 66], [67, 32], [13, 43], [50, 0], [56, 37], [83, 95], [91, 9], [6, 4], [77, 62], [65, 44], [10, 34], [33, 2], [40, 1], [76, 48], [83, 47], [76, 54], [13, 4], [9, 92], [28, 9], [55, 73], [77, 33], [53, 51], [57, 90], [74, 77], [43, 59], [78, 97], [98, 68], [47, 13], [23, 33], [80, 33], [31, 62], [78, 95], [2, 63], [52, 49], [7, 9], [36, 68], [19, 45], [40, 71], [12, 97], [19, 18], [58, 14], [17, 18], [62, 29], [68, 94], [26, 84], [3, 79], [77, 86], [36, 41], [15, 9], [15, 62], [60, 44], [21, 44], [90, 91], [24, 82], [24, 9], [50, 3], [79, 8], [40, 46], [97, 75], [67, 40], [31, 43], [40, 8], [76, 78], [15, 47], [30, 89], [97, 63], [67, 96], [44, 34], [27, 9], [15, 31], [92, 65], [31, 19], [3, 47], [54, 29], [5, 75], [91, 97], [2, 35], [3, 98], [79, 90], [4, 45], [30, 91], [52, 73], [85, 54], [96, 79], [72, 39], [1, 56], [34, 29], [35, 42], [35, 70], [21, 9], [16, 21], [15, 2], [32, 1], [56, 28], [63, 61], [46, 73], [8, 96], [15, 5], [89, 56], [71, 24], [97, 73], [94, 76], [43, 22], [73, 87], [40, 44], [44, 60], [35, 53], [20, 26], [13, 52], [15, 43], [84, 2], [16, 9], [52, 67], [63, 74], [46, 14], [36, 62], [33, 30], [36, 4], [95, 68], [2, 84], [60, 21], [33, 96], [25, 83], [8, 60], [84, 95], [63, 0], [57, 25], [40, 86], [16, 39], [44, 69], [50, 34], [57, 12], [0, 98], [63, 80], [6, 18], [49, 67], [46, 69], [82, 55], [86, 74], [42, 17], [53, 34], [55, 80], [5, 92], [75, 41], [45, 16], [57, 1], [44, 77], [7, 39], [3, 42], [72, 48], [37, 56], [21, 59], [27, 86], [58, 76], [56, 94], [15, 59], [7, 42], [38, 66], [19, 16], [95, 55], [21, 56], [7, 58], [59, 13], [38, 44], [16, 78], [35, 73], [80, 97], [45, 28], [2, 78], [43, 66], [22, 50], [60, 79], [52, 97], [85, 60], [31, 96], [31, 64], [77, 63], [21, 11], [79, 30], [23, 61], [11, 40], [56, 27], [80, 58], [27, 1], [69, 76], [6, 41], [84, 84], [71, 76], [81, 75], [45, 2], [52, 14], [12, 19], [4, 33], [87, 3], [12, 9], [44, 2], [65, 72], [8, 10], [96, 71], [26, 78], [57, 2], [0, 12], [98, 59], [21, 12], [54, 91], [13, 47], [16, 52], [43, 30], [39, 73], [37, 53], [12, 45], [12, 64], [20, 28], [41, 47], [5, 81], [18, 37], [17, 10], [64, 99], [9, 93], [82, 58], [49, 0], [47, 76], [6, 20], [18, 56], [67, 53], [21, 17], [77, 77], [57, 82], [62, 89], [61, 55], [67, 75], [20, 45], [1, 12], [62, 15], [93, 86], [86, 93], [47, 75], [20, 74], [89, 95], [50, 50], [97, 61], [6, 42], [68, 16], [17, 23], [33, 41], [24, 17], [45, 25], [48, 33], [97, 85], [78, 48], [52, 77], [1, 24], [0, 56], [14, 42], [7, 60], [76, 96], [87, 58], [55, 6], [33, 11], [2, 43], [55, 86], [19, 81], [35, 52], [81, 72], [92, 76], [11, 80], [80, 96], [7, 6], [51, 60], [34, 27], [36, 72], [28, 89], [51, 33], [73, 99], [12, 48], [16, 22], [45, 14], [24, 73], [38, 4], [89, 71], [92, 67], [62, 53], [24, 41], [9, 11], [90, 82], [47, 8], [89, 90], [6, 26], [89, 8], [72, 27], [7, 3], [40, 68], [69, 47], [99, 58], [68, 73], [69, 4], [57, 38], [62, 5], [96, 84], [91, 98], [64, 31], [79, 59], [64, 4], [4, 20], [14, 21], [39, 34], [72, 26], [77, 89], [70, 49], [66, 31], [17, 12], [11, 84], [5, 21], [45, 85], [17, 8], [61, 27], [79, 40], [36, 42], [42, 7], [36, 39], [35, 31], [25, 73], [48, 80], [90, 89], [68, 30], [3, 63], [76, 62], [49, 82], [50, 75], [18, 46], [38, 48], [42, 91], [4, 48], [25, 5], [11, 15], [85, 62], [25, 0], [10, 17], [55, 23]], "targets": [[16, 67], [11, 7], [75, 99], [23, 72], [69, 28], [66, 88], [51, 63], [78, 47], [19, 32], [66, 64], [8, 31], [1, 27], [57, 87], [33, 65], [84, 87], [16, 53], [15, 7], [52, 60], [9, 83], [64, 43], [42, 77], [21, 33], [27, 10], [77, 88], [58, 56], [71, 14], [7, 33], [82, 92], [86, 59], [68, 40], [17, 61], [29, 59], [7, 14], [87, 97], [57, 44], [7, 82], [1, 77], [18, 10], [47, 59], [10, 26], [55, 73], [51, 30], [24, 65], [11, 59], [10, 14], [70, 35], [38, 71], [63, 96], [69, 78], [17, 7], [71, 96], [50, 48], [16, 20], [8, 95], [32, 5], [13, 66], [54, 53], [79, 87], [7, 13], [21, 29], [36, 41], [18, 69], [19, 54], [8, 30], [42, 71], [9, 12], [86, 87], [38, 49], [54, 75], [8, 82], [50, 33], [15, 71], [71, 87], [36, 72], [8, 60], [82, 15], [6, 19], [1, 24], [79, 31], [23, 73], [66, 33], [50, 83], [73, 94], [3, 13], [37, 38], [67, 88], [55, 40], [25, 29], [11, 99], [85, 59], [3, 34], [25, 1], [11, 33], [27, 75], [10, 83], [9, 47], [64, 71], [50, 49], [74, 51], [96, 80], [74, 77], [12, 11], [9, 15], [45, 33], [64, 97], [51, 39], [21, 27], [9, 85], [50, 57], [35, 75], [22, 42], [6, 72], [9, 14], [6, 31], [66, 34], [37, 74], [49, 72], [56, 92], [71, 94], [13, 6], [78, 88], [47, 45], [60, 63], [20, 7], [39, 75], [22, 28], [11, 97], [17, 57], [24, 3], [51, 50], [54, 35], [3, 76], [74, 79], [11, 13], [88, 99], [39, 42], [52, 48], [26, 65], [13, 27], [11, 62], [6, 98], [80, 75], [74, 8], [15, 18], [8, 21], [17, 35], [74, 26], [40, 73], [65, 75], [64, 34], [18, 81], [46, 85], [78, 82], [13, 10], [50, 60], [31, 68], [83, 95], [46, 44], [26, 58], [50, 42], [19, 27], [19, 80], [91, 64], [3, 35], [9, 5], [54, 72], [36, 1], [16, 31], [30, 70], [1, 66], [4, 1], [12, 62], [76, 97], [55, 39], [62, 74], [35, 50], [8, 14], [16, 79], [48, 46], [69, 26], [32, 67], [74, 44], [92, 89], [15, 67], [86, 85], [50, 84], [78, 89], [8, 15], [20, 59], [2, 34], [2, 9], [62, 46], [13, 76], [85, 94], [48, 61], [19, 37], [70, 91], [15, 23], [15, 79], [36, 40], [18, 75], [61, 70], [29, 48], [25, 5], [5, 8], [75, 11], [5, 24], [77, 95], [50, 52], [12, 84], [5, 31], [11, 24], [78, 36], [40, 66], [3, 84], [30, 74], [56, 44], [43, 73], [61, 33], [22, 41], [54, 92], [78, 78], [55, 54], [2, 5], [40, 59], [81, 98], [41, 48], [79, 83], [57, 63], [11, 70], [3, 25], [23, 70], [19, 35], [1, 93], [11, 50], [14, 34], [82, 66], [14, 18], [15, 14], [23, 9], [10, 40], [69, 94], [40, 41], [11, 19], [36, 42], [54, 37], [18, 59], [73, 33], [38, 75], [10, 82], [27, 62], [4, 9], [73, 90], [5, 87], [60, 95], [76, 93], [52, 61], [8, 10], [80, 95], [46, 63], [49, 45], [21, 63], [4, 27], [15, 37], [76, 47], [95, 86], [6, 76], [49, 68], [31, 29], [38, 39], [14, 99], [77, 76], [75, 3], [16, 19], [12, 12], [53, 29], [10, 32], [15, 75], [65, 98], [49, 44], [23, 29], [26, 4], [73, 36], [36, 68], [16, 48], [69, 69], [69, 30], [10, 65], [15, 32], [54, 90], [80, 85], [8, 81], [17, 12], [40, 46], [25, 84], [11, 12], [69, 88], [54, 51], [30, 40], [55, 41], [51, 41], [19, 29], [2, 86], [6, 89], [67, 69], [17, 81], [86, 63], [10, 9], [8, 26], [70, 85], [3, 20], [18, 38], [86, 75], [64, 98], [38, 40], [66, 37], [35, 65], [55, 47], [21, 6], [50, 67], [24, 1], [15, 30], [56, 88], [77, 81], [20, 39], [16, 58], [2, 92], [6, 81], [7, 2], [22, 56], [72, 86], [49, 51], [46, 31], [72, 7], [57, 69], [10, 17], [19, 17], [38, 57], [25, 77], [17, 24], [2, 26], [13, 80], [33, 62], [51, 55], [13, 12], [13, 69], [81, 25], [30, 69], [79, 97], [51, 51], [75, 43], [91, 80], [68, 39], [13, 81], [80, 80], [25, 10], [48, 84], [81, 89], [8, 22], [22, 61], [70, 66], [2, 35], [5, 5], [37, 52], [0, 86], [57, 45], [12, 65], [80, 96], [40, 60], [18, 37], [47, 65], [65, 79], [20, 75], [33, 49], [2, 21], [32, 22], [0, 1], [9, 86], [9, 4], [77, 26], [28, 70], [87, 62], [12, 79], [80, 92], [56, 62], [42, 48], [48, 49], [25, 58], [8, 29], [59, 63], [61, 45], [14, 56], [57, 85], [68, 94], [39, 6], [10, 33], [9, 16], [14, 80], [80, 77], [73, 8], [18, 67], [9, 18], [86, 94], [60, 61], [12, 80], [18, 62], [37, 44], [5, 26], [9, 26], [21, 28], [22, 30], [13, 8], [70, 28], [39, 82], [59, 74], [3, 87], [30, 73], [65, 96], [42, 62], [46, 30], [54, 69], [61, 32], [21, 36], [12, 64], [7, 16], [49, 82], [79, 89], [48, 57], [71, 86], [13, 18], [37, 40], [32, 2], [15, 60], [76, 44], [91, 90], [9, 93], [4, 19], [82, 87], [45, 45], [20, 38], [87, 82], [5, 21], [55, 72], [0, 80], [17, 20], [77, 23], [23, 66], [24, 66], [4, 16], [44, 34], [20, 36], [17, 80], [12, 45], [53, 41], [78, 92], [48, 59], [19, 33], [91, 67], [56, 80], [80, 88], [2, 22], [5, 80], [74, 2], [32, 72], [6, 0], [25, 8], [53, 47], [70, 55], [21, 52], [45, 74], [31, 1], [12, 41], [2, 95], [79, 88], [54, 52], [10, 28], [44, 49], [56, 45], [23, 78], [73, 35], [32, 65], [17, 73], [18, 17], [82, 79], [28, 60], [9, 24], [22, 36], [62, 32], [14, 21], [67, 82], [9, 94], [88, 90], [56, 63], [52, 94], [82, 90], [19, 64], [59, 55], [18, 77], [21, 49], [13, 9], [50, 55], [26, 29], [61, 46], [7, 24], [79, 90], [42, 45], [6, 79], [24, 5], [44, 44], [16, 16], [20, 63], [2, 17], [64, 27], [38, 66], [14, 45], [73, 54], [93, 88], [6, 17], [2, 78], [49, 76], [70, 65], [26, 30], [35, 59], [75, 98], [58, 62], [13, 70], [11, 83], [83, 82], [70, 7], [45, 85], [69, 90], [81, 65], [16, 8], [19, 57], [4, 24], [18, 6], [46, 28], [5, 83], [2, 20], [24, 79], [87, 98], [53, 49], [10, 99], [19, 26], [27, 6], [5, 40], [53, 48], [74, 27], [28, 66], [31, 49], [75, 83], [70, 71], [53, 42], [11, 23], [3, 7], [62, 33], [32, 63], [17, 25], [1, 67], [6, 27], [79, 94], [49, 53], [55, 86], [79, 86], [10, 84], [14, 41], [54, 41], [83, 74], [18, 14], [36, 60], [50, 66], [31, 63], [2, 16], [7, 5], [59, 68], [72, 87], [59, 46], [15, 73], [13, 44], [81, 20], [33, 68], [11, 98], [33, 1], [1, 35], [36, 65], [18, 4], [22, 31], [74, 7], [59, 43], [49, 41], [64, 45], [9, 37], [18, 35], [7, 23], [70, 89], [49, 62], [61, 96], [71, 91], [9, 84], [5, 85], [71, 48], [96, 83], [71, 73], [31, 73], [93, 55], [4, 4], [0, 14], [70, 87], [14, 29], [10, 45], [86, 78], [79, 91], [38, 63], [77, 36], [27, 69], [50, 51], [7, 19], [6, 69], [16, 81], [19, 62], [14, 10], [49, 43], [54, 71], [35, 4], [9, 35], [61, 34], [12, 48], [64, 62], [54, 98], [65, 78], [71, 93], [59, 54], [20, 29], [48, 48], [17, 27], [35, 72], [5, 17], [0, 87], [11, 66], [19, 5], [10, 18], [19, 8], [42, 49], [19, 49], [74, 20], [33, 69], [78, 95], [61, 62], [30, 65], [51, 37], [4, 89], [76, 74], [78, 6], [57, 62], [17, 72], [19, 7], [9, 61], [7, 20], [15, 5], [27, 1], [51, 52], [31, 65], [47, 94], [75, 79], [83, 97], [38, 62], [69, 86], [17, 31], [9, 31], [10, 92], [52, 67], [24, 41], [56, 55], [0, 9], [4, 73], [29, 27], [85, 66], [63, 29], [37, 75], [78, 35], [23, 69], [14, 12], [63, 68], [81, 88], [50, 62], [5, 19], [76, 50], [94, 78], [53, 46], [19, 58], [69, 32], [11, 79], [15, 8], [6, 70], [25, 63], [79, 74], [27, 9], [5, 30], [55, 82], [82, 83], [69, 98], [45, 61], [12, 13], [16, 33], [11, 18], [12, 53], [56, 67], [2, 23], [4, 8], [48, 52], [15, 82], [54, 29], [18, 63], [82, 34], [39, 78], [10, 71], [50, 54], [71, 16], [73, 91], [59, 60], [25, 45], [14, 38], [50, 74], [19, 10], [68, 85], [0, 16], [30, 63], [1, 96], [37, 60], [62, 87], [77, 89], [10, 35], [11, 77], [52, 65], [24, 50], [39, 9], [68, 96], [44, 62], [7, 15], [63, 45], [80, 74], [14, 26], [15, 81], [5, 9], [7, 96], [18, 11], [80, 27], [27, 77], [87, 66], [20, 37], [8, 88], [78, 98], [54, 47], [42, 46], [60, 56], [59, 35], [21, 75], [12, 31], [18, 7], [65, 74], [5, 96], [19, 28], [62, 28], [20, 62], [14, 9], [59, 98], [74, 85], [76, 54], [88, 81], [6, 26], [71, 89], [55, 61], [6, 71], [38, 81], [50, 76], [36, 5], [13, 37], [24, 30], [12, 6], [41, 59], [80, 22], [36, 70], [6, 87], [74, 72], [68, 13], [10, 48], [13, 19], [75, 84], [23, 68], [14, 6], [59, 70], [88, 98], [52, 40], [10, 79], [1, 5], [64, 30], [48, 47], [21, 39], [4, 79], [36, 54], [54, 95], [77, 77], [1, 26], [16, 77], [87, 96], [58, 43], [12, 29], [20, 34], [15, 9], [14, 76], [38, 7], [32, 27], [7, 3], [69, 27], [25, 73], [15, 39], [62, 68], [1, 83], [36, 73], [83, 87], [61, 60], [38, 53], [64, 46], [52, 68], [84, 75], [90, 63], [64, 35], [9, 54], [0, 12], [5, 66], [4, 22], [11, 29], [22, 66], [3, 17], [59, 87], [68, 76], [0, 88], [45, 48], [78, 86], [49, 50], [60, 75], [72, 85], [19, 46], [70, 11], [69, 20], [25, 74], [6, 2], [45, 60], [20, 35], [28, 8], [12, 30], [38, 58], [5, 73], [78, 54], [88, 83], [13, 20], [57, 30], [20, 28], [3, 82], [6, 28], [86, 97], [52, 49], [12, 61], [15, 2], [13, 73], [79, 82], [8, 28], [70, 63], [17, 68], [49, 93], [68, 79], [36, 55], [5, 93], [23, 6], [54, 68], [25, 59], [70, 88], [50, 50], [60, 45], [64, 20], [35, 69], [17, 69], [8, 16], [3, 10], [53, 38], [17, 32], [26, 8], [1, 87], [4, 99], [67, 38], [14, 37], [41, 47], [69, 97], [44, 63], [53, 57], [20, 17], [20, 80], [16, 24], [82, 65], [18, 5], [3, 16], [68, 86], [51, 83], [78, 94], [12, 15], [32, 60], [2, 85], [8, 96], [76, 82], [79, 4], [56, 43], [14, 75], [65, 95], [38, 60], [70, 20], [39, 77], [2, 10], [41, 60], [6, 7], [53, 52], [20, 32], [59, 58], [11, 41], [45, 75], [33, 2], [9, 41], [28, 77], [4, 87], [9, 88], [81, 87], [39, 44], [4, 21], [8, 17], [17, 1], [70, 47], [93, 84], [50, 96], [73, 93], [15, 12], [13, 41], [49, 56], [51, 32], [28, 28], [26, 62], [0, 93], [65, 30], [40, 75], [16, 73], [71, 97], [41, 44], [52, 70], [7, 8], [77, 85], [10, 59], [13, 35], [23, 32], [21, 78], [60, 30], [16, 21], [60, 46], [72, 92], [40, 47], [34, 7], [6, 82], [67, 95], [48, 60], [11, 17], [11, 75], [11, 15], [57, 43], [25, 41], [83, 61], [48, 93], [82, 91], [71, 15], [23, 58], [54, 70], [46, 65], [79, 21], [25, 72], [13, 28], [11, 21], [19, 79], [70, 99], [39, 41], [7, 64], [12, 56], [18, 15], [49, 59], [28, 27], [22, 69], [17, 28], [76, 78], [54, 28], [6, 24], [81, 86], [62, 54], [8, 93], [28, 3], [5, 34], [34, 43], [64, 59], [51, 53], [16, 26], [18, 18], [33, 61], [4, 68], [3, 33], [49, 80], [72, 91], [44, 45], [78, 23], [39, 66], [13, 54], [76, 96], [46, 61], [1, 82], [75, 53], [93, 78], [39, 81], [11, 0], [62, 88], [13, 22], [8, 67], [50, 32], [48, 66], [59, 34], [68, 69], [21, 35], [23, 30], [0, 26], [9, 22], [38, 44], [11, 51], [88, 95], [55, 46], [32, 61], [3, 81], [81, 79], [70, 2], [13, 15], [28, 13], [63, 98], [69, 91], [56, 54], [12, 68], [90, 66], [81, 37], [23, 71], [9, 23], [9, 44], [27, 72], [73, 99], [61, 54], [60, 71], [11, 20], [2, 15], [40, 45], [13, 83], [53, 40], [2, 64], [9, 52], [11, 16], [23, 33], [37, 72], [25, 4], [80, 89], [53, 61], [15, 4], [7, 80], [20, 26], [52, 92], [67, 87], [50, 72], [24, 2], [16, 41], [35, 49], [71, 21], [25, 69], [79, 75], [20, 52], [10, 21], [69, 85], [24, 84], [53, 71], [18, 82], [50, 46], [52, 50], [70, 94], [52, 56], [22, 7], [19, 1], [4, 93], [66, 38], [29, 50], [16, 59], [7, 27], [73, 16], [37, 47], [15, 31], [9, 65], [77, 51], [91, 89], [3, 21], [88, 89], [48, 50], [10, 3], [69, 72], [51, 85], [83, 79], [7, 81], [17, 6], [15, 41], [75, 26], [35, 68], [22, 73], [64, 28], [34, 10], [17, 30], [93, 66], [12, 77], [82, 77], [87, 91], [40, 43], [18, 16], [33, 50], [49, 54], [20, 40], [47, 78], [30, 64], [3, 96], [5, 20], [5, 32], [13, 7], [53, 64], [22, 29], [70, 84], [74, 90], [46, 49], [8, 71], [16, 17], [58, 45], [10, 46], [56, 86], [80, 94], [37, 69], [77, 21], [33, 70], [7, 79], [37, 58], [34, 6], [17, 39], [16, 7], [13, 17], [19, 53], [75, 95], [49, 57], [24, 67], [11, 6], [1, 76], [67, 39], [68, 59], [21, 37], [11, 25], [3, 93], [79, 72], [78, 15], [51, 46], [39, 38], [63, 35], [21, 47], [30, 29], [33, 60], [20, 12], [86, 91], [57, 55], [5, 7], [56, 97], [76, 89], [43, 68], [72, 32], [40, 67], [13, 24], [0, 66], [3, 86], [76, 48], [90, 84], [60, 55], [8, 54], [39, 69], [39, 1], [91, 60], [68, 95], [52, 46], [0, 4], [34, 60], [8, 23], [7, 9], [65, 80], [1, 75], [55, 45], [1, 89], [11, 28], [19, 52], [30, 76], [30, 28], [86, 81], [49, 48], [15, 33], [76, 95], [41, 61], [3, 18], [58, 98], [73, 89], [65, 29], [41, 77], [66, 73], [49, 46], [22, 6], [10, 73], [4, 88], [32, 62], [24, 77], [86, 93], [55, 63], [7, 35], [8, 24], [14, 11], [56, 42], [46, 77], [26, 10], [79, 12], [14, 30], [67, 40], [32, 74], [14, 58], [2, 82], [6, 84], [11, 8], [50, 59], [68, 67], [65, 35], [37, 71], [62, 96], [69, 87], [2, 0], [67, 96], [61, 48], [18, 25], [50, 53], [77, 79], [29, 28], [17, 58], [16, 42], [14, 22], [8, 94], [47, 31], [7, 88], [70, 93], [12, 17], [0, 24], [3, 1], [37, 54], [71, 98], [53, 63], [89, 63], [30, 9], [25, 64], [13, 60], [67, 65], [76, 45], [94, 80], [1, 99], [1, 65], [13, 31], [76, 38], [30, 75], [46, 73], [54, 86], [83, 77], [19, 11], [75, 93], [53, 56], [21, 17], [37, 64], [21, 31], [30, 62], [47, 51], [47, 46], [57, 54], [9, 92], [83, 80], [72, 12], [10, 31], [18, 32], [51, 68], [63, 30], [2, 76], [1, 3], [26, 70], [88, 97], [54, 40], [16, 44], [12, 28], [7, 17], [34, 9], [7, 31], [35, 41], [7, 98], [70, 38], [36, 71], [24, 64], [55, 80], [78, 91], [15, 56], [1, 1], [52, 36], [7, 76], [75, 96], [47, 61], [67, 79], [17, 38], [61, 72], [15, 19], [10, 30], [12, 24], [0, 83], [39, 74], [56, 74], [10, 50], [44, 47], [19, 14], [37, 41], [65, 99], [45, 49], [73, 76], [2, 73], [15, 35], [86, 65], [28, 14], [64, 31], [24, 74], [72, 37], [39, 71], [12, 50], [19, 25], [6, 96], [59, 96], [65, 76], [54, 73], [11, 5], [84, 96], [39, 49], [10, 19], [69, 54], [94, 87], [10, 68], [14, 27], [53, 55], [80, 14], [0, 25], [15, 64], [25, 60], [69, 36], [0, 95], [1, 13], [6, 15], [82, 89], [59, 45], [53, 54], [51, 34], [7, 78], [64, 60], [39, 76], [69, 84], [12, 33], [34, 52], [79, 81], [79, 23], [25, 76], [38, 54], [53, 74], [25, 0], [7, 32], [51, 95], [82, 88], [17, 34], [7, 90], [14, 17], [70, 97], [40, 62], [19, 6], [15, 74], [16, 32], [3, 26], [19, 40], [11, 74], [57, 75], [13, 29], [1, 2], [38, 52], [9, 82], [55, 29], [88, 87], [46, 48], [23, 65], [10, 51], [4, 5], [81, 33], [23, 74], [92, 63], [11, 73], [52, 54], [55, 84], [74, 89], [34, 0], [11, 14], [8, 98], [81, 85], [72, 2], [35, 60], [85, 98], [43, 48], [20, 46], [37, 45], [4, 23], [14, 31], [17, 33], [18, 20], [56, 68], [46, 29], [44, 76], [67, 35], [12, 83], [7, 21], [66, 79], [16, 12], [26, 72], [75, 46], [91, 82], [19, 81], [74, 93], [40, 63], [15, 62], [71, 28], [36, 74], [34, 53], [53, 86], [79, 76], [6, 22], [18, 76], [36, 62], [19, 16], [4, 13], [55, 53], [56, 70], [27, 45], [36, 0], [6, 40], [7, 92], [72, 89], [39, 48], [6, 32], [63, 26], [87, 86], [32, 21], [16, 65], [17, 77], [31, 40], [12, 0], [50, 43], [22, 39], [85, 97], [51, 40], [4, 86], [8, 8], [6, 25], [78, 29], [24, 73], [48, 68], [69, 73], [27, 68], [73, 9], [55, 89], [74, 94], [92, 67], [16, 46], [0, 11], [55, 27], [2, 80], [6, 29], [73, 92], [62, 47], [20, 79], [36, 3], [37, 39], [68, 87], [46, 46], [10, 15], [60, 35], [39, 79], [14, 35], [2, 19], [13, 56], [85, 83], [4, 10], [58, 75], [72, 99], [50, 40], [2, 79], [78, 31], [26, 78], [9, 90], [39, 58], [15, 34], [54, 49], [46, 26], [13, 46], [10, 13], [56, 82], [68, 78], [73, 47], [87, 80], [8, 11], [6, 16], [15, 24], [67, 89], [39, 51], [8, 72], [2, 97], [34, 63], [53, 65], [28, 12], [17, 41], [21, 43], [59, 72], [16, 25], [47, 47], [12, 20], [3, 8], [37, 51], [71, 27], [34, 71], [68, 97], [59, 56], [32, 71], [48, 44], [7, 83], [81, 78], [76, 6], [5, 72], [21, 50], [9, 33], [55, 81], [72, 88], [61, 79], [3, 19], [5, 2], [18, 29], [82, 61], [17, 60], [13, 4], [57, 67], [74, 99], [38, 45], [52, 57], [10, 60], [66, 39], [6, 85], [3, 73], [38, 0], [21, 34], [12, 27], [14, 13], [63, 34], [13, 77], [71, 38], [33, 72], [59, 53], [71, 88], [62, 59], [15, 57], [44, 67], [21, 18], [5, 98], [36, 39], [57, 91], [71, 85], [9, 79], [71, 68], [5, 23], [82, 81], [13, 62], [1, 0], [18, 54], [67, 97], [38, 50], [15, 25], [13, 98], [21, 30], [59, 26], [17, 19], [74, 53], [90, 82], [14, 70], [14, 59], [37, 3], [15, 36], [18, 22], [3, 6], [54, 46], [75, 23], [24, 82], [76, 12], [20, 48], [69, 82], [63, 67], [83, 96], [48, 63], [60, 53], [14, 82], [55, 87], [78, 83], [6, 23], [25, 83], [9, 34], [25, 17], [8, 78], [9, 17], [18, 44], [68, 89], [46, 62], [41, 46], [53, 32], [53, 69], [79, 85], [81, 55], [64, 33], [17, 78], [4, 95], [60, 69], [21, 48], [82, 20], [30, 66], [13, 1], [24, 31], [24, 9], [17, 71], [17, 21], [14, 24], [15, 16], [69, 93], [59, 59], [19, 67], [9, 25], [57, 89], [66, 78], [42, 44], [3, 91], [18, 47], [55, 51], [12, 16], [57, 29], [6, 83], [66, 95], [60, 59], [54, 64], [9, 21], [15, 63], [75, 88], [5, 28], [18, 55], [0, 85], [84, 74], [81, 11], [67, 28], [25, 80], [1, 10], [55, 43], [14, 32], [50, 65], [38, 8], [5, 35], [21, 65], [6, 88], [85, 96], [49, 52], [8, 25], [80, 54], [85, 87], [52, 96], [80, 91], [18, 9], [11, 54], [44, 32], [23, 31], [7, 84], [60, 73], [9, 10], [7, 28], [15, 83], [68, 38], [52, 47], [45, 44], [64, 99], [50, 61], [0, 75], [22, 52], [90, 67], [74, 22], [40, 69], [3, 12], [9, 87], [6, 13], [17, 79], [17, 37], [76, 72], [53, 33], [11, 31], [72, 95], [62, 58], [32, 1], [16, 54], [71, 71], [5, 75], [4, 20], [47, 93], [72, 77], [50, 56], [0, 92], [23, 61], [13, 14], [61, 80], [7, 7], [51, 76], [18, 27], [14, 47], [78, 97], [41, 63], [78, 9], [57, 46], [18, 71], [80, 30], [38, 76], [22, 81], [60, 72], [7, 34], [17, 10], [47, 60], [7, 94], [54, 39], [24, 46], [3, 27], [17, 29], [23, 8], [68, 93], [51, 49], [63, 97], [78, 80], [37, 1], [16, 29], [78, 74], [26, 74], [4, 74], [0, 15], [0, 81], [67, 30], [12, 51], [34, 50], [78, 46], [92, 78], [13, 30], [87, 87], [54, 61], [59, 75], [10, 4], [78, 34], [33, 73], [24, 58], [60, 32], [16, 23], [90, 64], [10, 86], [3, 4], [47, 50], [9, 56], [48, 70], [1, 79], [10, 20], [32, 26], [75, 86], [69, 92], [43, 60], [52, 83], [76, 80], [37, 62], [52, 51], [32, 6], [6, 10], [14, 23], [11, 36], [14, 5], [0, 67], [63, 73], [7, 87], [73, 85], [76, 7], [53, 34], [39, 73], [66, 97], [48, 56], [70, 36], [31, 74], [15, 55], [9, 11], [53, 53], [9, 28], [11, 22], [5, 74], [10, 96], [8, 27], [16, 72], [19, 34], [57, 41], [22, 38], [69, 96], [58, 46], [45, 88], [79, 77], [64, 74], [12, 47], [16, 9], [46, 33], [43, 69], [30, 6], [5, 36], [69, 41], [13, 79], [8, 90], [3, 80], [12, 4], [44, 60], [70, 32], [38, 78], [79, 92], [51, 58], [82, 82], [18, 49], [0, 34], [74, 92], [8, 18], [17, 16], [84, 67], [25, 65], [67, 71], [72, 54], [95, 89], [4, 91], [5, 88], [45, 94], [81, 83], [81, 91], [39, 40], [18, 13], [32, 25], [8, 41], [48, 45], [58, 26], [45, 46], [82, 13], [17, 23], [13, 5], [14, 73], [2, 24], [26, 5], [4, 80], [77, 33], [29, 70], [18, 60], [16, 76], [85, 93], [38, 59], [64, 75], [16, 18], [5, 27], [35, 71], [55, 67], [1, 16], [45, 47], [88, 85], [60, 44], [19, 38], [7, 99], [49, 96], [81, 90], [88, 88], [40, 48], [5, 18], [1, 86], [32, 20], [28, 68], [65, 31], [2, 14], [22, 5], [58, 55], [55, 55], [71, 90], [22, 40], [72, 20], [35, 70], [51, 54], [23, 3], [13, 34], [19, 30], [6, 97], [75, 89], [39, 39], [19, 70], [4, 25], [14, 72], [6, 20], [2, 6], [55, 37], [25, 49], [14, 25], [87, 63], [50, 94], [81, 92], [3, 97], [87, 77], [76, 4], [38, 80], [84, 91], [50, 45], [36, 59], [20, 31], [56, 75], [53, 67], [18, 78], [12, 9], [74, 45], [85, 85], [27, 50], [70, 30], [28, 76], [3, 22], [39, 70], [13, 25], [46, 45], [30, 2], [5, 82], [81, 99], [54, 63], [7, 29], [58, 27], [9, 81], [31, 43], [14, 4], [35, 40], [27, 30], [71, 57], [31, 67], [60, 97], [67, 94], [82, 93], [39, 61], [4, 81], [68, 83], [18, 19], [57, 34], [18, 24], [1, 33], [22, 57], [76, 84], [0, 8], [6, 68], [74, 37], [41, 67], [16, 75], [52, 38], [55, 35], [6, 30], [68, 88], [60, 54], [20, 82], [48, 73], [32, 12], [5, 33], [14, 55], [60, 74], [58, 53], [21, 16], [3, 0], [15, 58], [68, 4], [11, 71], [6, 21], [55, 95], [79, 84], [18, 39], [93, 63], [76, 94], [46, 60], [51, 59], [8, 57], [11, 84], [22, 32], [0, 7], [55, 38], [27, 76], [70, 33], [26, 73], [7, 26], [11, 80], [56, 65], [7, 18], [77, 72], [27, 49], [70, 92], [39, 62], [2, 25], [9, 99], [75, 48], [91, 88], [22, 77], [27, 15], [2, 11], [34, 41], [67, 83], [57, 42], [54, 93], [82, 78], [6, 12], [14, 68], [11, 48], [78, 96], [53, 51], [53, 36], [43, 66], [58, 35], [20, 58], [6, 94], [64, 72], [74, 31], [23, 79], [17, 17], [21, 38], [30, 27], [11, 26], [8, 32], [33, 40], [17, 42], [0, 79], [81, 97], [40, 49], [16, 5], [20, 61], [6, 99], [81, 75], [72, 8], [11, 10], [38, 4], [7, 40], [56, 94], [68, 84], [20, 42], [58, 44], [57, 66], [9, 32], [29, 63], [60, 57], [34, 51], [71, 92], [58, 63], [10, 87], [82, 56], [82, 35], [26, 69], [3, 5], [19, 82], [10, 10], [15, 29], [3, 32], [9, 45], [25, 61], [64, 79], [55, 70], [22, 35], [84, 97], [52, 63], [15, 68], [63, 69], [15, 20], [1, 14], [38, 38], [1, 80], [50, 34], [13, 47], [3, 9], [56, 84], [80, 84], [27, 8], [80, 76], [35, 61], [67, 37], [75, 47], [92, 80], [84, 92], [62, 52], [76, 21], [41, 72], [13, 64], [19, 3], [49, 47], [15, 54], [18, 79], [4, 26], [16, 30], [22, 59], [35, 42], [10, 7], [14, 19], [52, 72], [77, 12], [44, 31], [80, 90], [39, 50], [18, 40], [15, 0], [6, 80], [7, 91], [21, 82], [20, 27], [46, 83], [77, 80], [43, 74], [26, 15], [9, 38], [16, 10], [52, 52], [82, 27], [35, 74], [78, 87], [47, 63], [78, 73], [21, 59], [13, 26], [68, 81], [3, 24], [4, 18], [88, 63], [28, 61], [65, 58], [10, 80], [9, 77], [18, 30], [51, 31], [52, 55], [19, 50], [85, 91], [57, 53], [10, 24], [28, 63], [19, 18], [52, 42], [14, 79], [47, 81], [75, 77], [12, 26], [6, 64], [67, 33], [52, 74], [20, 49], [69, 23], [32, 68], [27, 11], [14, 28], [87, 93], [46, 59], [16, 78], [9, 29], [5, 4], [53, 37], [21, 8], [4, 92], [84, 79], [82, 12], [52, 39], [16, 22], [50, 69], [2, 74], [68, 43], [84, 88], [18, 42], [15, 22], [31, 66], [48, 43], [74, 98], [43, 45], [9, 0], [71, 61], [53, 82], [83, 91], [9, 97], [64, 87], [16, 4], [8, 44], [1, 68], [75, 37], [38, 73], [39, 67], [41, 58], [47, 34], [11, 32], [70, 95], [42, 59], [23, 1], [11, 39], [15, 3], [4, 34], [18, 34], [83, 62], [10, 36], [3, 83], [15, 26], [29, 69], [21, 10], [11, 76], [71, 72], [78, 76], [88, 94], [48, 62], [3, 3], [37, 50], [54, 42], [45, 86], [72, 94], [11, 38], [52, 33], [42, 68], [61, 35], [21, 70], [0, 82], [71, 34], [35, 67], [6, 34], [1, 25], [10, 77], [85, 99], [39, 57], [18, 8], [77, 7], [6, 11], [23, 2], [10, 38], [62, 63], [13, 61], [51, 38], [5, 92], [31, 20], [61, 88], [14, 33], [77, 94], [53, 50], [12, 67], [12, 21], [0, 13], [49, 39], [14, 44], [22, 17], [53, 93], [76, 83], [80, 78], [26, 63], [68, 44], [89, 79], [72, 35], [27, 74], [56, 53], [9, 95], [2, 18], [38, 51], [62, 57], [86, 90], [40, 50], [9, 50], [16, 0], [8, 80], [22, 79], [47, 67], [27, 2], [6, 37], [15, 17], [10, 25], [88, 65], [2, 81], [27, 29], [51, 35], [19, 55], [73, 95], [48, 51], [28, 64], [0, 10], [36, 50], [52, 85], [67, 77], [8, 64], [69, 35], [61, 67], [73, 20], [29, 73], [15, 38], [4, 17], [8, 19], [10, 88], [76, 85], [74, 9], [16, 50], [12, 34], [16, 82], [55, 44], [88, 91], [50, 63], [8, 3], [71, 84], [15, 72], [44, 48], [61, 26], [28, 0], [19, 59], [20, 81], [28, 29], [20, 65], [6, 6], [65, 62], [75, 94], [61, 57], [2, 2], [50, 82], [83, 81], [50, 70], [70, 27], [24, 69], [12, 35], [10, 29], [16, 66], [11, 44], [21, 74], [36, 44], [17, 82], [19, 31], [86, 92], [61, 58], [16, 14], [59, 30], [23, 4], [72, 73], [73, 44], [89, 85], [54, 50], [53, 68], [16, 36], [17, 64], [14, 81], [33, 0], [11, 37], [11, 34], [83, 60], [1, 95], [18, 33], [73, 88], [42, 63], [4, 12], [35, 54], [50, 95], [80, 87], [64, 36], [64, 32], [39, 83], [9, 30], [23, 17], [80, 10], [17, 52], [37, 67], [65, 88], [13, 82], [52, 34], [12, 82], [71, 60], [79, 93], [52, 41], [5, 3], [48, 65], [12, 18], [33, 41], [29, 75], [36, 53], [18, 26], [19, 19], [73, 75], [49, 55], [0, 74], [23, 5], [10, 89], [20, 33], [77, 93], [60, 58], [9, 13], [60, 98], [79, 80], [78, 26], [23, 76], [9, 19], [13, 53], [32, 73], [45, 30], [51, 72], [12, 19], [51, 60], [12, 5], [11, 78], [2, 83], [83, 93], [38, 41], [18, 1], [19, 44], [24, 78], [83, 45], [90, 47], [94, 56], [28, 17], [44, 86], [77, 65], [38, 69], [84, 70], [78, 93], [87, 48], [44, 13], [99, 70], [3, 88], [70, 3], [79, 59], [71, 76], [36, 38], [42, 35], [91, 65], [88, 61], [41, 20], [89, 39], [37, 42], [44, 12], [44, 17], [74, 95], [13, 32], [9, 68], [83, 23], [14, 0], [97, 2], [33, 4], [56, 71], [60, 33], [88, 80], [89, 0], [65, 15], [83, 72], [61, 5], [56, 37], [71, 69], [90, 31], [37, 43], [40, 91], [30, 3], [55, 25], [72, 46], [93, 72], [40, 83], [7, 22], [8, 68], [63, 80], [72, 65], [95, 79], [60, 94], [66, 76], [71, 67], [62, 29], [83, 65], [29, 18], [82, 16], [29, 16], [88, 60], [90, 79], [36, 21], [6, 18], [15, 77], [88, 67], [24, 57], [41, 89], [71, 24], [75, 41], [43, 10], [87, 53], [92, 70], [87, 1], [77, 83], [68, 51], [63, 49], [65, 17], [19, 66], [0, 0], [81, 73], [94, 38], [23, 84], [91, 57], [57, 68], [63, 47], [80, 11], [75, 24], [40, 44], [45, 62], [77, 19], [16, 63], [74, 3], [10, 94], [83, 54], [16, 51], [28, 71], [97, 73], [65, 3], [53, 14], [5, 77], [14, 60], [76, 1], [5, 0], [97, 79], [86, 50], [5, 51], [39, 32], [30, 67], [31, 12], [57, 82], [80, 34], [90, 45], [5, 95], [75, 0], [91, 55], [79, 44], [58, 70], [5, 14], [1, 63], [67, 44], [71, 44], [6, 38], [66, 81], [63, 61], [11, 4], [88, 48], [2, 3], [89, 95], [92, 20], [46, 93], [82, 71], [93, 60], [84, 93], [85, 23], [69, 76], [78, 61], [70, 68], [34, 89], [30, 0], [86, 77], [33, 93], [54, 74], [71, 6], [39, 43], [65, 0], [6, 62], [65, 49], [35, 26], [90, 50], [80, 69], [71, 13], [96, 75], [58, 54], [79, 34], [53, 84], [71, 0], [72, 19], [78, 84], [94, 82], [88, 86], [69, 95], [91, 20], [66, 51], [58, 4], [63, 8], [66, 3], [5, 94], [29, 68], [9, 67], [47, 48], [29, 60], [31, 61], [36, 8], [19, 74], [72, 16], [97, 85], [62, 56], [67, 47], [28, 42], [40, 42], [90, 56], [49, 98], [83, 53], [41, 87], [59, 76], [41, 45], [44, 71], [97, 58], [18, 65], [9, 7], [72, 72], [84, 69], [92, 22], [66, 48], [44, 15], [48, 78], [65, 4], [77, 75], [16, 80], [92, 76], [8, 13], [68, 41], [60, 19], [76, 8], [71, 35], [73, 24], [9, 40], [95, 37], [16, 74], [62, 49], [74, 6], [12, 1], [92, 99], [31, 70], [86, 73], [68, 36], [85, 67], [45, 6], [67, 70], [89, 80], [91, 81], [96, 61], [45, 65], [54, 84], [23, 50], [12, 55], [97, 36], [34, 67], [98, 68], [57, 24], [54, 23], [37, 49], [93, 79], [17, 2], [71, 99], [86, 96], [0, 2], [55, 71], [5, 45], [12, 69], [31, 98], [59, 33], [33, 25], [44, 29], [10, 63], [61, 27], [91, 2], [89, 8], [79, 40], [79, 66], [56, 40], [18, 46], [54, 96], [66, 18], [16, 2], [92, 31], [2, 71], [52, 14], [59, 80], [27, 71], [89, 90], [41, 34], [93, 64], [66, 0], [67, 49], [42, 23], [37, 28], [3, 67], [58, 77], [91, 63], [94, 69], [97, 88], [87, 56], [26, 68], [66, 12], [18, 2], [54, 77], [62, 21], [57, 78], [28, 4], [30, 19], [1, 92], [20, 74], [1, 11], [92, 42], [50, 35], [88, 34], [13, 65], [79, 78], [41, 68], [22, 75], [74, 39], [84, 19], [28, 62], [67, 6], [78, 79], [89, 28], [89, 71], [89, 2], [40, 8], [18, 72], [80, 58], [41, 2], [96, 29], [85, 77], [96, 57], [52, 3], [27, 16], [4, 36], [78, 8], [42, 73], [81, 40], [19, 12], [36, 49], [90, 44], [87, 37], [92, 87], [87, 59], [36, 64], [59, 77], [62, 34], [98, 87], [1, 88], [14, 1], [26, 86], [95, 83], [37, 76], [91, 4], [94, 68], [27, 67], [95, 72], [87, 64], [64, 96], [59, 88], [80, 65], [19, 43], [72, 60], [79, 20], [36, 99], [85, 78], [60, 5], [30, 92], [92, 77], [91, 78], [14, 50], [96, 62], [94, 28], [87, 40], [77, 3], [67, 81], [22, 51], [70, 53], [77, 24], [83, 75], [73, 65], [34, 90], [90, 10], [8, 73], [96, 25], [6, 60], [55, 17], [67, 41], [87, 72], [59, 94], [74, 30], [64, 18], [93, 22], [91, 19], [35, 43], [92, 47], [9, 51], [96, 86], [84, 52], [78, 99], [68, 26], [5, 13], [18, 52], [23, 16], [12, 70], [74, 25], [66, 68], [11, 82], [86, 79], [14, 20], [64, 88], [52, 82], [6, 42], [10, 69], [51, 16], [98, 79], [55, 66], [41, 73], [86, 36], [8, 79], [47, 32], [94, 83], [72, 30], [57, 9], [91, 94], [18, 53], [81, 50], [29, 71], [28, 18], [42, 75], [84, 50], [80, 63], [89, 42], [91, 77], [85, 70], [18, 28], [79, 36], [89, 60], [86, 37], [26, 9], [82, 58], [75, 13], [81, 60], [62, 61], [35, 1], [26, 87], [84, 68], [90, 93], [86, 72], [85, 27], [35, 8], [6, 9], [61, 78], [7, 1], [84, 44], [63, 75], [91, 59], [89, 65], [64, 78], [85, 53], [65, 54], [14, 42], [77, 8], [44, 2], [94, 55], [93, 35], [88, 46], [41, 88], [81, 80], [76, 52], [94, 61], [57, 81], [79, 24], [90, 43], [11, 49], [52, 2], [68, 71], [23, 28], [88, 74], [34, 75], [15, 70], [61, 69], [62, 0], [22, 10], [13, 38], [1, 97], [7, 46], [81, 61], [39, 8], [63, 0], [49, 97], [88, 69], [1, 56], [31, 87], [69, 4], [72, 26], [65, 18], [67, 18], [82, 73], [51, 71], [31, 71], [9, 60], [24, 29], [39, 68], [83, 15], [66, 14], [48, 14], [91, 97], [65, 65], [62, 30], [53, 87], [96, 22], [31, 0], [10, 34], [1, 70], [67, 14], [69, 64], [88, 42], [73, 86], [43, 16], [63, 46], [74, 67], [88, 57], [63, 13], [63, 76], [43, 35], [62, 12], [97, 66], [76, 28], [51, 74], [37, 7], [53, 66], [9, 42], [13, 72], [83, 47], [97, 76], [3, 47], [74, 52], [94, 34], [56, 8], [22, 44], [20, 10], [66, 77], [47, 68], [86, 21], [82, 63], [90, 32], [58, 10], [74, 66], [61, 68], [7, 70], [83, 14], [98, 20], [97, 30], [81, 12], [74, 73], [42, 64], [47, 29], [20, 41], [65, 2], [1, 17], [48, 3], [51, 47], [70, 24], [97, 64], [0, 77], [88, 43], [88, 37], [1, 98], [85, 42], [21, 41], [84, 42], [38, 43], [24, 70], [91, 84], [20, 76], [85, 30], [67, 45], [51, 23], [49, 12], [31, 97], [54, 82], [86, 69], [92, 62], [37, 21], [94, 35], [63, 6], [5, 12], [32, 15], [32, 98], [82, 24], [91, 62], [92, 79], [10, 53], [60, 78], [19, 4], [90, 75], [57, 76], [37, 77], [61, 4], [54, 5], [6, 33], [74, 10], [77, 59], [64, 77], [75, 9], [76, 40], [38, 79], [66, 29], [28, 87], [89, 83], [80, 59], [3, 77], [1, 48], [76, 22], [83, 26], [29, 98], [63, 33], [87, 39], [94, 75], [34, 29], [76, 79], [42, 29], [55, 68], [90, 78], [7, 58], [54, 30], [62, 78], [50, 73], [6, 78], [75, 56], [84, 39], [7, 41], [49, 32], [96, 1], [64, 19], [64, 0], [66, 71], [37, 29], [13, 97], [35, 25], [29, 87], [86, 89], [97, 86], [84, 46], [88, 51], [13, 39], [99, 1], [58, 19], [92, 61], [67, 43], [57, 15], [9, 2], [16, 40], [61, 63], [46, 72], [26, 17], [48, 96], [9, 73], [85, 88], [90, 23], [91, 50], [77, 32], [9, 63], [72, 36], [93, 74], [31, 75], [69, 58], [53, 17], [93, 33], [43, 87], [47, 69], [14, 8], [12, 85], [57, 0], [63, 51], [45, 70], [73, 31], [75, 20], [99, 83], [71, 39], [76, 59], [3, 64], [77, 96], [36, 57], [49, 75], [25, 9], [91, 7], [9, 46], [31, 7], [91, 58], [83, 51], [47, 3], [68, 33], [58, 6], [65, 34], [77, 49], [72, 58], [35, 63], [19, 68], [14, 77], [89, 36], [36, 69], [70, 43], [2, 93], [64, 17], [74, 15], [72, 64], [7, 89], [3, 41], [22, 60], [68, 74], [79, 18], [57, 23], [8, 2], [96, 35], [77, 52], [28, 72], [55, 6], [11, 35], [85, 43], [93, 94], [89, 51], [15, 78], [84, 82], [54, 17], [43, 84], [11, 57], [66, 31], [47, 66], [91, 18], [91, 30], [48, 79], [12, 99], [67, 53], [24, 61], [86, 74], [86, 57], [29, 89], [84, 34], [81, 58], [15, 15], [92, 93], [64, 80], [98, 80], [9, 89], [66, 63], [85, 12], [91, 72], [42, 90], [12, 8], [86, 9], [57, 64], [10, 54], [91, 38], [75, 32], [82, 19], [97, 39], [92, 36], [60, 80], [22, 47], [90, 77], [96, 64], [80, 56], [5, 90], [22, 3], [29, 6], [3, 40], [8, 69], [85, 81], [93, 87], [85, 54], [87, 70], [19, 76], [83, 22], [80, 71], [79, 29], [27, 0], [83, 69], [87, 78], [67, 19], [60, 76], [71, 59], [52, 71], [59, 95], [91, 41], [97, 29], [51, 66], [16, 57], [59, 24], [49, 69], [68, 61], [6, 56], [12, 39], [93, 30], [99, 20], [63, 59], [76, 32], [38, 72], [29, 97], [33, 98], [45, 76], [78, 44], [16, 60], [39, 4], [74, 76], [80, 62], [18, 57], [84, 3], [66, 35], [66, 61], [58, 8], [5, 62], [9, 66], [38, 88], [40, 36], [64, 47], [21, 77], [73, 45], [84, 18], [30, 71], [55, 90], [55, 24], [74, 65], [38, 32], [70, 1], [96, 65], [7, 4], [14, 15], [10, 12], [73, 26], [76, 15], [89, 46], [45, 73], [26, 60], [72, 0], [57, 36], [22, 70], [98, 13], [64, 7], [84, 77], [92, 65], [45, 12], [56, 77], [94, 57], [76, 77], [82, 31], [34, 26], [90, 95], [95, 76], [75, 8], [11, 63], [82, 39], [53, 70], [48, 75], [8, 84], [34, 73], [83, 49], [84, 13], [22, 64], [31, 9], [84, 24], [75, 36], [71, 64], [33, 20], [5, 61], [73, 7], [9, 72], [41, 75], [29, 49], [15, 48], [89, 49], [57, 72], [3, 54], [89, 64], [99, 71], [75, 27], [1, 15], [80, 72], [14, 48], [67, 59], [98, 30], [0, 64], [68, 21], [12, 57], [41, 23], [60, 10], [67, 10], [94, 79], [79, 71], [6, 51], [32, 91], [84, 38], [43, 61], [30, 94], [8, 77], [91, 99], [81, 17], [11, 58], [39, 31], [4, 59], [26, 98], [76, 26], [84, 31], [22, 37], [53, 39], [82, 96], [91, 54], [59, 27], [42, 10], [68, 35], [72, 98], [0, 98], [33, 30], [76, 24], [18, 66], [25, 99], [10, 23], [30, 86], [52, 95], [85, 24], [0, 59], [96, 81], [93, 3], [89, 10], [99, 82], [60, 29], [23, 63], [35, 5], [54, 15], [50, 13], [46, 66], [38, 46], [81, 13], [91, 5], [99, 2], [63, 7], [34, 5], [80, 39], [82, 28], [84, 78], [66, 28], [15, 42], [13, 99], [24, 8], [31, 41], [69, 33], [85, 31], [95, 59], [94, 32], [25, 81], [3, 98], [89, 1], [72, 34], [31, 72], [89, 97], [49, 95], [52, 15], [66, 15], [37, 59], [68, 7], [15, 69], [5, 6], [61, 64], [67, 54], [30, 10], [24, 71], [62, 14], [79, 61], [59, 25], [89, 37], [71, 54], [97, 31], [86, 51], [74, 0], [70, 10], [49, 94], [87, 50], [0, 60], [99, 61], [4, 55], [69, 44], [53, 13], [2, 99], [52, 32], [93, 80], [90, 5], [47, 79], [49, 14], [56, 52], [83, 83], [53, 0], [76, 75], [33, 29], [31, 3], [0, 72], [66, 74], [17, 47], [81, 27], [33, 94], [64, 76], [37, 6], [11, 88], [59, 12], [99, 58], [60, 20], [39, 34], [76, 43], [47, 71], [33, 88], [79, 32], [12, 37], [59, 13], [23, 57], [41, 66], [67, 68], [94, 59], [88, 8], [6, 5], [76, 68], [4, 48], [80, 49], [85, 38], [5, 68], [44, 92], [56, 24], [85, 22], [79, 79], [78, 45], [64, 66], [5, 71], [4, 47], [29, 8], [35, 87], [90, 80], [77, 30], [93, 77], [83, 86], [63, 20], [7, 37], [89, 82], [46, 69], [68, 72], [1, 46], [15, 66], [23, 49], [98, 17], [43, 46], [3, 92], [36, 97], [35, 21], [3, 63], [42, 18], [92, 51], [97, 84], [28, 5], [3, 90], [70, 12], [75, 55], [56, 28], [0, 68], [40, 39], [45, 5], [68, 66], [77, 74], [84, 76], [75, 15], [3, 62], [70, 31], [54, 2], [94, 39], [75, 39], [95, 73], [94, 29], [82, 22], [91, 52], [6, 95], [56, 12], [73, 53], [57, 6], [96, 87], [77, 53], [76, 69], [52, 62], [13, 59], [22, 55], [95, 77], [82, 69], [83, 67], [5, 57], [98, 82], [36, 56], [29, 7], [14, 46], [32, 51], [28, 86], [92, 95], [14, 74], [38, 65], [66, 62], [76, 58], [87, 41], [35, 28], [70, 26], [63, 15], [92, 1], [78, 49], [20, 6], [72, 61], [26, 77], [3, 48], [59, 73], [63, 79], [44, 0], [44, 6], [35, 44], [8, 47], [57, 90], [3, 74], [65, 27], [14, 36], [99, 64], [1, 62], [69, 37], [44, 93], [22, 72], [38, 70], [21, 76], [60, 79], [33, 91], [40, 84], [74, 29], [36, 32], [36, 27], [96, 67], [5, 60], [14, 16], [33, 3], [76, 41], [27, 87], [37, 8], [91, 43], [41, 49], [37, 0], [80, 70], [10, 8], [78, 12], [81, 96], [58, 69], [85, 49], [48, 69], [58, 28], [98, 64], [5, 54], [30, 87], [60, 11], [30, 14], [85, 60], [77, 54], [51, 36], [97, 83], [17, 5], [36, 67], [65, 51], [27, 41], [71, 63], [7, 44], [40, 79], [0, 35], [47, 10], [33, 89], [98, 57], [46, 68], [77, 64], [22, 82], [86, 48], [81, 53], [98, 69], [95, 81], [89, 41], [83, 27], [13, 43], [1, 45], [42, 11], [87, 58], [84, 54], [92, 52], [72, 78], [66, 40], [32, 29], [1, 60], [1, 36], [64, 50], [94, 54], [66, 98], [75, 61], [81, 76], [2, 70], [4, 65], [58, 81], [89, 57], [48, 55], [87, 19], [85, 20], [78, 70], [86, 15], [39, 80], [1, 81], [44, 68], [68, 60], [11, 60], [3, 45], [48, 10], [76, 55], [94, 1], [14, 98], [81, 47], [83, 30], [65, 1], [19, 60], [55, 94], [58, 5], [58, 87], [28, 44], [89, 45], [84, 36], [35, 52], [59, 61], [87, 10], [49, 84], [97, 20], [80, 37], [92, 60], [27, 43], [5, 81], [21, 3], [51, 13], [12, 54], [53, 97], [75, 78], [49, 34], [74, 32], [11, 72], [20, 71], [46, 9], [37, 91], [54, 97], [3, 46], [7, 77], [80, 61], [81, 10], [59, 78], [55, 28], [43, 2], [75, 31], [85, 64], [92, 2], [73, 59], [5, 37], [77, 43], [44, 85], [82, 21], [90, 92], [7, 74], [65, 66], [74, 14], [77, 40], [24, 99], [66, 54], [78, 50], [6, 49], [71, 9], [48, 32], [17, 55], [96, 74], [63, 62], [72, 23], [92, 30], [91, 68], [1, 73], [97, 27], [6, 3], [78, 20], [65, 14], [61, 66], [29, 14], [5, 58], [22, 45], [32, 96], [55, 77], [2, 69], [81, 59], [59, 93], [44, 11], [89, 62], [61, 61], [73, 18], [89, 99], [83, 20], [31, 91], [23, 42], [29, 3], [0, 56], [82, 14], [98, 23], [93, 92], [10, 70], [31, 59], [42, 3], [67, 74], [87, 32], [87, 55], [23, 46], [55, 98], [15, 61], [29, 12], [28, 74], [43, 7], [26, 7], [82, 36], [81, 46], [2, 56], [22, 0], [79, 95], [22, 80], [5, 49], [93, 38], [30, 5], [90, 72], [49, 83], [6, 36], [49, 61], [55, 36], [82, 55], [34, 24], [73, 64], [31, 93], [77, 5], [97, 63], [72, 17], [32, 50], [9, 96], [49, 67], [0, 78], [29, 17], [31, 5], [0, 58], [55, 4], [88, 26], [99, 22], [16, 99], [44, 10], [66, 32], [36, 28], [57, 65], [63, 56], [8, 63], [72, 62], [53, 72], [63, 63], [99, 39], [26, 85], [18, 73], [69, 77], [82, 80], [86, 14], [85, 92], [64, 2], [38, 31], [74, 16], [0, 65], [45, 32], [98, 75], [68, 55], [93, 96], [28, 49], [74, 21], [38, 61], [61, 23], [83, 40], [85, 50], [80, 13], [12, 58], [66, 9], [27, 73], [5, 86], [49, 77], [2, 88], [88, 62], [85, 29], [57, 77], [4, 3], [69, 22], [83, 68], [74, 71], [99, 81], [53, 75], [8, 4], [74, 34], [0, 73], [56, 66], [72, 90], [62, 5], [68, 92], [23, 45], [68, 68], [61, 12], [85, 26], [39, 90], [60, 60], [87, 75], [90, 7], [70, 56], [92, 92], [13, 51], [38, 6], [89, 38], [56, 21], [83, 42], [94, 19], [76, 73], [24, 49], [32, 90], [43, 22], [86, 32], [90, 71], [84, 53], [81, 72], [70, 37], [57, 79], [99, 19], [56, 7], [60, 26], [70, 5], [20, 64], [34, 97], [38, 90], [24, 83], [38, 64], [87, 49], [36, 75], [27, 18], [11, 56], [94, 74], [33, 90], [90, 38], [9, 58], [69, 7], [58, 36], [81, 54], [79, 16], [28, 10], [6, 45], [66, 72], [75, 69], [63, 28], [23, 62], [56, 22], [0, 46], [73, 38], [43, 72], [84, 83], [59, 19], [22, 33], [87, 42], [43, 34], [13, 78], [63, 53], [49, 1], [42, 84], [78, 2], [34, 1], [41, 85], [85, 74], [56, 29], [63, 17], [95, 19], [58, 21], [97, 75], [70, 18], [68, 16], [86, 67], [61, 71], [89, 93], [16, 37], [56, 25], [54, 21], [84, 35], [5, 63], [92, 3], [75, 29], [67, 4], [57, 11], [87, 43], [75, 16], [18, 31], [94, 86], [89, 7], [24, 42], [91, 71], [3, 55], [15, 49], [51, 84], [33, 87], [47, 77], [17, 18], [49, 6], [79, 60], [2, 66], [63, 50], [64, 29], [33, 23], [12, 44], [82, 99], [91, 35], [87, 29], [81, 26], [76, 66], [41, 64], [19, 77], [90, 40], [27, 65], [58, 88], [71, 22], [56, 23], [40, 9], [11, 40], [91, 69], [2, 39], [74, 96], [63, 64], [22, 58], [90, 73], [33, 96], [24, 48], [85, 14], [77, 41], [65, 13], [25, 79], [38, 89], [82, 23], [36, 76], [72, 55], [50, 4], [31, 60], [73, 15], [20, 13], [95, 35], [91, 98], [95, 63], [35, 9], [56, 27], [75, 65], [74, 17], [34, 96], [29, 11], [81, 32], [48, 31], [87, 21], [52, 73], [39, 37], [77, 37], [22, 49], [34, 23], [12, 22], [73, 98], [92, 83], [19, 56], [55, 69], [98, 27], [81, 24], [10, 66], [53, 16], [92, 43], [20, 68], [5, 50], [31, 92], [31, 62], [53, 22], [48, 13], [29, 64], [3, 65], [15, 65], [93, 20], [40, 90], [61, 76], [77, 44], [35, 88], [94, 25], [4, 84], [10, 37], [10, 95], [77, 50], [71, 25], [67, 48], [92, 10]]}