{"meta": {"number_of_robots": 2500, "description": {"parameters": {"seed": 4897, "shape": [100, 100], "obstacles": {"n": 0, "mean": 7, "std": 3.5}, "clusters": {"n": 10, "mean": 20, "std": 10.0, "relative_radius": 2, "increase_factor": 1.3, "start_dist": {"generator_name": "Image", "shape": [100, 100], "min": 0.0, "max": 253.0, "mean": 125.7181, "std": 79.88632694266272, "dtype": "uint64", "parameters": {"image": "microbes.png", "transformer": {"name": "ColorChannelSelector", "channel": "v", "inverted": false}}}, "target_dist": {"generator_name": "Image", "shape": [100, 100], "min": 0.0, "max": 253.0, "mean": 125.7181, "std": 79.88632694266272, "dtype": "uint64", "parameters": {"image": "microbes.png", "transformer": {"name": "ColorChannelSelector", "channel": "v", "inverted": false}}}}, "density": 0.25, "start_dist": {"generator_name": "Image", "shape": [100, 100], "min": 0.0, "max": 253.0, "mean": 125.7181, "std": 79.88632694266272, "dtype": "uint64", "parameters": {"image": "microbes.png", "transformer": {"name": "ColorChannelSelector", "channel": "v", "inverted": false}}}, "target_dist": {"generator_name": "Image", "shape": [100, 100], "min": 0.0, "max": 253.0, "mean": 125.7181, "std": 79.88632694266272, "dtype": "uint64", "parameters": {"image": "microbes.png", "transformer": {"name": "ColorChannelSelector", "channel": "v", "inverted": false}}}}, "stats": {"date": "2020-11-17", "free_area": 10000.0, "number_of_clustered_robots": 192, "number_of_robots": 2500}}}, "name": "microbes_00006_100x100_25_2500", "obstacles": [], "starts": [[14, 28], [55, 91], [7, 43], [68, 72], [91, 67], [10, 61], [71, 62], [31, 16], [55, 85], [0, 12], [72, 57], [57, 85], [54, 85], [14, 70], [19, 30], [72, 73], [5, 45], [95, 67], [69, 60], [30, 14], [54, 82], [53, 95], [16, 67], [10, 24], [73, 59], [54, 75], [74, 73], [54, 93], [9, 46], [10, 67], [88, 62], [63, 66], [33, 11], [57, 77], [58, 88], [10, 30], [67, 75], [6, 14], [9, 61], [64, 61], [59, 77], [13, 41], [53, 92], [18, 25], [95, 60], [70, 66], [28, 17], [63, 76], [13, 69], [69, 78], [57, 88], [11, 43], [63, 56], [60, 80], [9, 70], [13, 30], [54, 91], [67, 79], [89, 64], [66, 60], [28, 13], [64, 77], [13, 62], [59, 87], [9, 44], [14, 27], [63, 59], [53, 75], [76, 73], [6, 9], [55, 93], [15, 65], [94, 63], [65, 68], [31, 13], [55, 83], [10, 28], [6, 41], [52, 92], [67, 73], [17, 60], [70, 68], [55, 75], [17, 28], [54, 90], [96, 67], [66, 67], [28, 18], [55, 84], [16, 68], [8, 42], [71, 75], [54, 95], [71, 61], [57, 79], [20, 30], [8, 68], [58, 89], [13, 46], [70, 77], [93, 59], [64, 65], [32, 11], [59, 79], [4, 12], [8, 60], [17, 30], [73, 62], [61, 78], [56, 83], [76, 80], [6, 44], [16, 64], [88, 64], [64, 64], [28, 16], [57, 74], [55, 87], [14, 31], [70, 60], [61, 77], [9, 63], [70, 75], [53, 84], [12, 41], [12, 26], [90, 61], [73, 56], [29, 18], [60, 74], [17, 62], [55, 94], [75, 73], [6, 11], [66, 61], [56, 74], [12, 27], [6, 47], [55, 95], [9, 64], [94, 66], [72, 56], [30, 17], [54, 74], [66, 77], [52, 84], [16, 22], [18, 69], [7, 42], [62, 66], [61, 79], [61, 88], [69, 72], [11, 65], [96, 65], [66, 64], [31, 19], [52, 85], [13, 29], [60, 95], [12, 44], [65, 64], [64, 80], [11, 68], [70, 74], [0, 13], [20, 31], [58, 87], [94, 62], [71, 58], [29, 11], [60, 79], [15, 67], [5, 44], [61, 87], [71, 73], [68, 64], [61, 74], [20, 28], [13, 70], [63, 87], [91, 60], [70, 59], [30, 18], [55, 77], [11, 44], [76, 76], [17, 23], [14, 68], [57, 89], [72, 60], [53, 76], [37, 4], [40, 87], [90, 26], [9, 89], [2, 1], [89, 72], [73, 25], [78, 18], [51, 71], [45, 84], [56, 62], [47, 50], [89, 7], [56, 8], [19, 74], [71, 13], [0, 74], [19, 1], [91, 25], [67, 87], [96, 74], [68, 86], [84, 74], [20, 60], [77, 30], [72, 33], [18, 4], [6, 99], [97, 62], [66, 55], [38, 4], [96, 82], [73, 3], [88, 76], [55, 23], [40, 39], [98, 30], [35, 49], [67, 50], [12, 29], [84, 95], [15, 36], [61, 1], [99, 19], [8, 29], [62, 69], [76, 4], [7, 51], [19, 34], [55, 37], [61, 5], [83, 61], [90, 50], [56, 43], [39, 48], [29, 17], [76, 65], [87, 70], [85, 54], [7, 84], [6, 79], [75, 5], [27, 98], [76, 24], [87, 30], [54, 96], [78, 93], [89, 30], [85, 61], [19, 53], [3, 80], [33, 23], [6, 34], [37, 49], [76, 69], [84, 46], [44, 85], [2, 65], [54, 94], [77, 25], [18, 65], [34, 10], [50, 6], [7, 73], [29, 89], [91, 61], [47, 96], [64, 18], [93, 0], [62, 13], [5, 75], [3, 23], [18, 33], [4, 35], [33, 74], [48, 73], [19, 44], [19, 3], [23, 74], [85, 85], [77, 77], [53, 18], [67, 36], [35, 63], [48, 62], [87, 52], [7, 77], [74, 68], [43, 17], [79, 61], [76, 47], [45, 27], [49, 46], [68, 43], [82, 61], [57, 75], [14, 48], [65, 99], [2, 71], [2, 86], [88, 27], [81, 11], [35, 3], [7, 74], [5, 39], [82, 98], [81, 70], [93, 52], [57, 61], [52, 36], [61, 18], [83, 72], [85, 65], [2, 42], [93, 11], [82, 17], [11, 80], [10, 96], [3, 70], [15, 46], [97, 64], [71, 6], [0, 42], [63, 28], [71, 14], [2, 41], [18, 68], [34, 9], [79, 13], [73, 12], [83, 36], [43, 85], [78, 77], [54, 63], [21, 38], [76, 58], [43, 27], [51, 85], [41, 68], [77, 71], [51, 47], [43, 34], [63, 8], [3, 81], [2, 12], [75, 4], [67, 96], [96, 76], [34, 72], [57, 13], [11, 13], [92, 92], [82, 74], [14, 61], [35, 53], [83, 34], [93, 1], [94, 34], [66, 17], [1, 16], [87, 13], [72, 34], [63, 26], [79, 63], [89, 41], [78, 40], [21, 51], [9, 76], [61, 69], [78, 12], [7, 4], [20, 37], [86, 50], [40, 66], [45, 48], [73, 14], [12, 72], [0, 4], [34, 93], [2, 26], [53, 52], [73, 48], [92, 54], [56, 98], [78, 13], [46, 29], [86, 59], [9, 84], [69, 58], [86, 36], [96, 75], [91, 42], [76, 39], [39, 83], [79, 48], [90, 87], [26, 17], [18, 8], [30, 12], [67, 29], [64, 52], [76, 0], [22, 81], [17, 35], [10, 99], [59, 72], [12, 3], [64, 28], [15, 33], [40, 8], [72, 77], [76, 37], [80, 56], [70, 64], [20, 65], [2, 48], [90, 83], [79, 40], [25, 61], [72, 30], [50, 84], [30, 60], [17, 24], [51, 84], [56, 78], [10, 48], [95, 66], [11, 19], [88, 18], [50, 2], [69, 43], [64, 51], [79, 92], [67, 40], [75, 63], [1, 67], [11, 74], [38, 86], [14, 74], [58, 2], [42, 22], [95, 11], [7, 19], [63, 46], [68, 74], [68, 6], [97, 75], [75, 96], [69, 25], [26, 61], [22, 68], [20, 74], [16, 19], [63, 51], [84, 44], [62, 67], [25, 68], [14, 8], [90, 77], [99, 28], [10, 37], [70, 71], [19, 7], [0, 79], [75, 51], [74, 2], [8, 87], [83, 39], [32, 22], [19, 70], [44, 24], [68, 92], [91, 45], [69, 33], [88, 79], [31, 64], [82, 65], [75, 74], [74, 49], [78, 47], [56, 3], [74, 33], [3, 48], [76, 26], [23, 68], [92, 71], [32, 86], [27, 75], [34, 88], [23, 60], [77, 58], [86, 70], [51, 0], [40, 2], [23, 64], [45, 46], [82, 90], [80, 54], [37, 87], [73, 71], [65, 75], [97, 71], [9, 10], [75, 10], [12, 1], [60, 20], [60, 13], [77, 74], [0, 63], [81, 80], [39, 3], [16, 49], [39, 63], [5, 89], [57, 82], [20, 26], [19, 72], [33, 75], [87, 11], [76, 12], [73, 19], [91, 65], [94, 0], [7, 89], [29, 40], [17, 10], [81, 49], [92, 67], [75, 3], [56, 71], [36, 54], [30, 13], [79, 85], [73, 30], [99, 63], [77, 39], [70, 92], [77, 94], [91, 66], [87, 22], [68, 96], [11, 35], [52, 13], [82, 11], [65, 8], [82, 69], [63, 75], [70, 96], [57, 70], [55, 67], [8, 76], [53, 37], [46, 77], [66, 54], [81, 55], [64, 46], [39, 35], [66, 11], [70, 4], [15, 23], [26, 67], [70, 83], [2, 46], [67, 33], [86, 86], [10, 3], [11, 33], [99, 73], [89, 20], [2, 9], [95, 27], [19, 41], [24, 78], [85, 48], [61, 72], [2, 13], [62, 33], [50, 66], [34, 29], [61, 45], [86, 89], [21, 43], [54, 5], [67, 12], [43, 87], [25, 84], [58, 44], [8, 74], [54, 76], [9, 14], [28, 11], [42, 84], [61, 12], [87, 61], [78, 76], [44, 72], [21, 66], [5, 48], [41, 74], [45, 85], [65, 50], [22, 43], [74, 12], [60, 9], [14, 6], [38, 57], [78, 52], [36, 65], [69, 50], [38, 72], [58, 21], [69, 45], [20, 48], [39, 68], [26, 64], [62, 45], [80, 72], [76, 25], [3, 57], [67, 81], [78, 71], [77, 17], [63, 55], [68, 0], [59, 63], [95, 20], [51, 65], [56, 12], [67, 42], [24, 49], [79, 82], [12, 6], [14, 72], [85, 59], [6, 19], [15, 62], [99, 62], [3, 19], [72, 59], [53, 39], [70, 23], [28, 98], [52, 65], [8, 73], [22, 74], [86, 96], [82, 92], [21, 54], [1, 72], [30, 64], [96, 77], [40, 30], [76, 32], [80, 88], [59, 54], [92, 30], [62, 26], [1, 6], [43, 2], [49, 62], [94, 59], [53, 53], [82, 56], [80, 47], [0, 88], [37, 38], [26, 16], [8, 86], [87, 79], [95, 62], [80, 37], [94, 36], [85, 17], [88, 93], [7, 65], [54, 77], [40, 29], [68, 40], [16, 14], [9, 93], [47, 63], [34, 91], [22, 0], [67, 27], [5, 3], [37, 41], [55, 52], [86, 63], [20, 12], [56, 37], [77, 86], [26, 99], [79, 83], [79, 90], [82, 52], [9, 78], [72, 65], [79, 95], [90, 81], [76, 97], [69, 29], [95, 65], [54, 69], [8, 13], [93, 76], [97, 73], [15, 60], [43, 76], [48, 64], [82, 34], [81, 72], [45, 0], [69, 11], [9, 35], [71, 92], [5, 67], [68, 66], [85, 98], [61, 70], [88, 66], [81, 59], [42, 20], [78, 54], [97, 66], [29, 2], [80, 66], [76, 7], [31, 25], [48, 65], [9, 73], [4, 71], [88, 45], [79, 67], [35, 22], [10, 94], [28, 14], [66, 51], [43, 31], [39, 59], [78, 84], [58, 20], [74, 84], [3, 82], [99, 67], [75, 34], [67, 21], [45, 65], [4, 68], [2, 80], [13, 12], [91, 7], [43, 12], [91, 81], [92, 33], [8, 56], [28, 6], [73, 44], [97, 19], [78, 19], [60, 22], [25, 71], [1, 55], [11, 9], [42, 69], [1, 43], [87, 25], [77, 41], [13, 21], [35, 74], [54, 3], [18, 72], [29, 49], [91, 43], [1, 0], [76, 3], [72, 10], [38, 29], [49, 33], [89, 69], [8, 89], [11, 40], [41, 33], [13, 0], [56, 11], [83, 59], [27, 73], [82, 83], [39, 2], [25, 59], [55, 30], [55, 21], [93, 56], [32, 43], [38, 44], [29, 67], [5, 0], [13, 40], [73, 45], [11, 99], [70, 93], [57, 18], [49, 49], [77, 35], [13, 32], [58, 9], [97, 85], [97, 36], [87, 96], [76, 10], [56, 90], [90, 73], [74, 20], [50, 61], [52, 34], [21, 34], [10, 62], [22, 57], [7, 33], [39, 71], [55, 45], [19, 58], [53, 47], [82, 77], [90, 93], [58, 74], [79, 88], [95, 28], [11, 71], [17, 51], [21, 72], [23, 67], [70, 72], [87, 24], [7, 53], [87, 1], [7, 11], [37, 55], [1, 34], [55, 64], [92, 20], [86, 88], [41, 44], [35, 21], [57, 35], [63, 70], [28, 2], [20, 18], [58, 73], [36, 0], [80, 48], [73, 21], [25, 77], [3, 84], [16, 21], [86, 81], [65, 17], [73, 63], [78, 50], [77, 66], [0, 92], [14, 60], [7, 5], [36, 63], [21, 5], [77, 43], [7, 21], [73, 60], [8, 31], [42, 64], [42, 45], [38, 61], [8, 4], [3, 93], [64, 71], [75, 26], [6, 85], [5, 41], [4, 72], [17, 25], [15, 8], [82, 59], [12, 84], [33, 52], [42, 60], [44, 7], [32, 2], [23, 66], [27, 18], [86, 51], [16, 45], [98, 70], [93, 79], [56, 22], [87, 90], [83, 22], [56, 35], [4, 9], [31, 65], [14, 51], [78, 85], [37, 73], [3, 74], [98, 58], [86, 25], [46, 85], [22, 2], [94, 25], [89, 40], [77, 37], [85, 24], [0, 98], [13, 57], [94, 85], [19, 49], [53, 13], [43, 10], [39, 29], [30, 0], [12, 80], [56, 82], [1, 15], [13, 26], [72, 85], [17, 16], [72, 22], [51, 72], [3, 47], [35, 25], [51, 2], [43, 89], [78, 31], [4, 67], [13, 27], [74, 50], [99, 23], [7, 34], [15, 72], [12, 62], [38, 71], [82, 70], [65, 12], [54, 53], [87, 45], [85, 81], [65, 16], [9, 34], [79, 25], [99, 58], [62, 48], [69, 77], [77, 46], [10, 79], [60, 60], [66, 27], [87, 21], [89, 42], [71, 45], [65, 52], [65, 62], [77, 92], [51, 34], [55, 65], [4, 82], [73, 95], [74, 46], [52, 1], [55, 12], [82, 18], [30, 74], [63, 72], [18, 37], [14, 62], [65, 61], [70, 43], [17, 78], [66, 10], [71, 46], [58, 77], [78, 74], [44, 63], [71, 55], [47, 15], [13, 38], [1, 25], [57, 62], [55, 20], [31, 75], [5, 63], [37, 64], [2, 49], [84, 79], [79, 54], [92, 83], [65, 66], [72, 94], [6, 21], [22, 63], [86, 17], [82, 58], [3, 86], [3, 58], [71, 8], [67, 14], [82, 24], [38, 60], [82, 31], [99, 2], [11, 3], [46, 65], [80, 92], [13, 81], [23, 73], [25, 5], [0, 45], [12, 11], [77, 16], [9, 51], [8, 14], [13, 80], [37, 63], [49, 82], [98, 84], [78, 56], [37, 75], [80, 83], [35, 60], [69, 93], [35, 1], [31, 6], [75, 64], [72, 7], [80, 10], [62, 76], [68, 50], [83, 71], [90, 95], [37, 77], [68, 61], [64, 8], [96, 36], [52, 72], [10, 8], [85, 35], [15, 0], [20, 29], [37, 71], [55, 88], [6, 31], [40, 58], [42, 65], [81, 46], [77, 9], [94, 30], [42, 74], [35, 90], [86, 82], [95, 29], [56, 4], [13, 76], [92, 51], [36, 27], [52, 94], [10, 38], [99, 18], [26, 42], [54, 40], [22, 4], [74, 5], [11, 18], [95, 77], [0, 70], [51, 98], [50, 31], [2, 76], [91, 49], [37, 8], [71, 12], [13, 28], [27, 16], [18, 59], [65, 59], [98, 62], [56, 65], [56, 9], [3, 85], [6, 43], [19, 57], [78, 16], [72, 99], [81, 14], [18, 35], [82, 80], [19, 78], [70, 87], [95, 79], [66, 30], [48, 68], [91, 35], [14, 7], [79, 76], [88, 87], [23, 31], [50, 1], [31, 96], [59, 20], [56, 29], [48, 31], [62, 50], [15, 5], [22, 6], [13, 11], [32, 25], [93, 35], [31, 14], [88, 96], [15, 34], [44, 77], [7, 78], [2, 4], [85, 50], [81, 17], [18, 18], [58, 8], [74, 60], [69, 67], [32, 50], [11, 52], [38, 69], [71, 60], [47, 11], [63, 18], [97, 56], [16, 81], [26, 49], [11, 58], [44, 76], [66, 4], [8, 28], [30, 28], [60, 53], [40, 73], [70, 36], [25, 29], [85, 33], [11, 39], [90, 42], [93, 88], [80, 16], [78, 98], [21, 64], [99, 17], [90, 60], [83, 28], [38, 31], [48, 13], [39, 88], [23, 29], [21, 69], [59, 26], [61, 25], [57, 15], [12, 61], [9, 94], [13, 1], [6, 15], [88, 49], [48, 67], [43, 23], [15, 41], [91, 99], [88, 82], [49, 2], [32, 99], [52, 77], [82, 16], [27, 77], [55, 68], [61, 64], [38, 1], [89, 11], [38, 34], [8, 72], [61, 6], [0, 76], [97, 79], [45, 9], [77, 84], [74, 19], [52, 61], [7, 59], [43, 21], [88, 70], [78, 95], [75, 15], [56, 77], [46, 3], [80, 78], [89, 0], [53, 41], [89, 45], [66, 8], [0, 65], [1, 99], [75, 16], [91, 21], [20, 38], [68, 35], [81, 37], [4, 56], [74, 21], [85, 3], [89, 80], [58, 94], [21, 44], [33, 8], [5, 1], [12, 98], [71, 93], [87, 44], [16, 11], [3, 97], [41, 75], [87, 26], [85, 94], [83, 44], [91, 36], [19, 73], [47, 62], [65, 78], [31, 70], [89, 81], [8, 58], [22, 77], [57, 84], [27, 41], [93, 25], [88, 47], [53, 3], [45, 28], [47, 75], [84, 36], [61, 61], [92, 7], [64, 97], [40, 84], [97, 34], [69, 69], [81, 96], [96, 57], [2, 68], [40, 3], [9, 90], [75, 95], [74, 25], [86, 38], [95, 83], [82, 88], [91, 1], [8, 38], [64, 29], [27, 67], [74, 47], [80, 36], [57, 94], [63, 16], [84, 78], [69, 18], [97, 63], [19, 28], [84, 37], [77, 3], [35, 41], [93, 38], [79, 10], [88, 17], [67, 48], [37, 72], [52, 31], [63, 31], [34, 5], [93, 61], [52, 64], [92, 40], [61, 59], [4, 10], [19, 38], [25, 81], [8, 94], [97, 38], [3, 99], [8, 99], [82, 71], [84, 75], [85, 39], [76, 42], [3, 25], [70, 3], [92, 93], [6, 93], [21, 60], [91, 24], [6, 30], [86, 34], [68, 68], [61, 46], [62, 60], [92, 31], [3, 4], [65, 63], [89, 91], [94, 27], [20, 76], [93, 53], [0, 75], [41, 85], [83, 55], [84, 26], [95, 32], [29, 94], [22, 10], [59, 12], [81, 82], [39, 30], [82, 75], [4, 41], [39, 4], [57, 90], [38, 52], [42, 87], [27, 1], [15, 73], [56, 1], [13, 19], [5, 79], [6, 13], [81, 16], [4, 76], [76, 89], [19, 55], [77, 47], [72, 68], [9, 67], [11, 42], [32, 98], [91, 87], [90, 33], [2, 57], [61, 95], [83, 91], [5, 71], [92, 82], [96, 78], [89, 5], [78, 96], [37, 40], [16, 51], [9, 25], [58, 24], [9, 28], [55, 14], [9, 6], [87, 51], [1, 41], [85, 60], [20, 78], [62, 30], [91, 63], [64, 70], [53, 85], [96, 26], [7, 29], [40, 88], [90, 51], [54, 23], [65, 70], [55, 38], [59, 71], [91, 47], [95, 30], [88, 54], [71, 68], [70, 25], [79, 26], [64, 60], [67, 38], [0, 64], [52, 74], [78, 4], [72, 15], [71, 22], [43, 88], [1, 4], [76, 77], [85, 30], [56, 68], [49, 13], [38, 41], [3, 95], [64, 76], [87, 54], [79, 60], [90, 44], [10, 75], [44, 32], [22, 75], [79, 86], [82, 26], [51, 32], [12, 33], [5, 68], [73, 37], [9, 39], [83, 67], [50, 14], [69, 83], [89, 97], [74, 57], [40, 75], [30, 62], [47, 3], [91, 82], [74, 94], [15, 49], [75, 60], [66, 78], [66, 36], [61, 68], [9, 96], [21, 29], [12, 30], [96, 19], [49, 57], [3, 91], [64, 0], [87, 53], [57, 21], [5, 8], [69, 70], [20, 50], [2, 44], [83, 48], [59, 80], [86, 68], [6, 24], [2, 0], [61, 22], [32, 24], [33, 61], [74, 56], [27, 0], [90, 29], [84, 52], [32, 74], [21, 61], [77, 64], [99, 15], [43, 29], [97, 60], [94, 37], [92, 90], [25, 4], [44, 5], [41, 64], [21, 65], [43, 91], [41, 88], [78, 14], [9, 82], [73, 26], [11, 98], [10, 16], [91, 30], [34, 40], [30, 70], [27, 70], [94, 67], [11, 31], [85, 90], [40, 67], [56, 97], [8, 40], [87, 85], [83, 65], [64, 99], [17, 13], [43, 72], [55, 62], [39, 85], [31, 41], [84, 11], [9, 91], [2, 74], [87, 18], [69, 27], [10, 70], [12, 19], [87, 12], [13, 6], [3, 22], [65, 71], [74, 17], [5, 73], [52, 17], [92, 97], [86, 80], [85, 71], [62, 1], [14, 0], [76, 16], [31, 91], [36, 38], [49, 97], [17, 69], [86, 32], [38, 63], [94, 54], [88, 98], [22, 1], [79, 49], [36, 3], [33, 89], [31, 94], [77, 44], [89, 43], [76, 83], [68, 39], [39, 20], [9, 99], [67, 18], [89, 50], [13, 42], [26, 65], [69, 39], [47, 85], [50, 67], [64, 33], [21, 28], [77, 88], [89, 19], [38, 50], [37, 76], [91, 41], [48, 66], [78, 60], [82, 33], [37, 70], [31, 22], [56, 21], [22, 69], [24, 68], [51, 42], [76, 88], [78, 92], [51, 96], [15, 53], [48, 47], [24, 70], [14, 22], [77, 95], [90, 94], [94, 70], [94, 83], [0, 69], [6, 96], [58, 75], [51, 36], [55, 97], [89, 70], [19, 11], [4, 44], [37, 57], [61, 27], [11, 86], [6, 78], [31, 20], [60, 64], [18, 27], [63, 45], [80, 93], [74, 70], [18, 0], [57, 69], [96, 18], [12, 28], [39, 87], [86, 37], [1, 95], [74, 71], [56, 75], [90, 98], [22, 41], [80, 77], [52, 52], [64, 2], [79, 73], [66, 20], [32, 66], [5, 94], [87, 36], [49, 65], [5, 65], [49, 74], [21, 67], [68, 33], [79, 45], [8, 45], [88, 97], [11, 85], [78, 41], [77, 26], [9, 45], [75, 14], [86, 35], [96, 30], [63, 3], [68, 38], [83, 53], [67, 62], [36, 88], [24, 74], [47, 60], [24, 75], [61, 24], [37, 31], [46, 63], [21, 7], [66, 88], [0, 26], [34, 74], [62, 3], [18, 29], [79, 46], [68, 36], [53, 30], [4, 2], [20, 46], [32, 68], [5, 47], [29, 87], [33, 60], [64, 55], [40, 36], [63, 78], [10, 74], [92, 50], [17, 79], [33, 68], [76, 62], [78, 51], [6, 53], [0, 24], [1, 97], [58, 18], [12, 76], [78, 15], [34, 62], [36, 39], [23, 50], [94, 35], [68, 95], [2, 45], [65, 9], [27, 17], [40, 76], [91, 62], [53, 49], [72, 37], [23, 69], [13, 20], [2, 58], [69, 76], [66, 37], [5, 85], [60, 27], [58, 29], [16, 57], [31, 88], [73, 94], [7, 9], [72, 61], [84, 91], [67, 72], [7, 41], [67, 98], [70, 33], [67, 77], [11, 20], [9, 8], [52, 82], [12, 48], [56, 89], [74, 3], [89, 55], [20, 58], [79, 68], [12, 24], [15, 70], [19, 16], [33, 10], [48, 94], [15, 64], [6, 58], [5, 52], [91, 71], [60, 98], [89, 74], [17, 66], [4, 54], [55, 69], [56, 66], [71, 11], [79, 35], [7, 44], [49, 55], [78, 35], [50, 48], [35, 43], [37, 5], [33, 65], [36, 99], [12, 13], [8, 11], [99, 80], [97, 84], [87, 10], [18, 57], [51, 93], [12, 74], [38, 20], [90, 36], [92, 57], [10, 86], [83, 31], [33, 40], [97, 74], [84, 76], [7, 26], [92, 32], [82, 20], [88, 83], [82, 79], [96, 56], [91, 90], [39, 41], [50, 62], [9, 24], [52, 68], [22, 32], [79, 84], [75, 43], [24, 48], [72, 27], [28, 4], [10, 56], [3, 69], [37, 65], [54, 22], [92, 69], [10, 53], [7, 37], [7, 90], [18, 40], [86, 60], [41, 10], [86, 67], [42, 48], [22, 28], [7, 12], [36, 89], [59, 36], [18, 21], [31, 59], [75, 53], [30, 41], [59, 0], [93, 93], [94, 80], [85, 80], [51, 5], [71, 57], [58, 68], [86, 97], [11, 57], [82, 84], [86, 33], [90, 79], [50, 3], [56, 5], [40, 69], [88, 61], [15, 15], [83, 24], [6, 17], [89, 83], [42, 62], [10, 31], [44, 74], [79, 53], [40, 61], [86, 91], [83, 88], [93, 68], [7, 15], [64, 1], [66, 39], [53, 68], [28, 62], [4, 96], [90, 64], [53, 82], [72, 8], [56, 86], [68, 17], [76, 27], [40, 7], [9, 66], [43, 7], [45, 8], [57, 76], [67, 88], [82, 78], [52, 70], [36, 42], [80, 55], [92, 80], [70, 69], [13, 34], [9, 41], [63, 71], [65, 19], [20, 64], [20, 49], [80, 73], [10, 20], [52, 50], [81, 71], [48, 24], [96, 68], [68, 19], [6, 6], [22, 39], [66, 2], [84, 24], [69, 88], [61, 21], [44, 0], [69, 7], [12, 59], [92, 58], [33, 88], [90, 19], [4, 98], [89, 85], [36, 67], [52, 98], [83, 52], [85, 93], [33, 43], [4, 64], [81, 83], [12, 47], [63, 53], [31, 73], [90, 24], [88, 8], [53, 14], [62, 99], [75, 59], [43, 86], [62, 27], [12, 9], [76, 59], [27, 49], [13, 48], [5, 27], [69, 17], [15, 24], [41, 1], [83, 98], [70, 34], [21, 71], [18, 71], [17, 49], [35, 93], [42, 34], [49, 54], [24, 72], [51, 63], [25, 65], [75, 46], [54, 36], [99, 71], [86, 43], [92, 99], [13, 13], [81, 15], [63, 49], [66, 12], [20, 45], [77, 28], [2, 89], [48, 69], [52, 59], [64, 21], [38, 47], [92, 61], [70, 21], [80, 17], [14, 11], [21, 3], [23, 4], [45, 69], [22, 82], [79, 58], [87, 65], [41, 67], [61, 30], [42, 31], [91, 69], [27, 68], [74, 36], [98, 68], [29, 86], [28, 28], [2, 7], [46, 59], [1, 81], [62, 4], [36, 53], [11, 37], [46, 10], [69, 62], [83, 58], [66, 97], [18, 74], [47, 47], [46, 31], [80, 69], [68, 80], [19, 47], [61, 76], [12, 79], [8, 84], [12, 70], [90, 82], [54, 27], [88, 32], [93, 55], [8, 21], [63, 32], [56, 10], [86, 52], [59, 61], [82, 35], [93, 73], [7, 55], [75, 27], [21, 47], [93, 58], [12, 85], [49, 61], [42, 23], [34, 1], [34, 7], [25, 83], [8, 23], [75, 42], [9, 23], [53, 66], [81, 19], [87, 74], [50, 68], [33, 98], [90, 97], [17, 42], [93, 36], [3, 3], [44, 10], [51, 66], [40, 49], [4, 20], [27, 14], [50, 83], [48, 9], [79, 65], [95, 80], [10, 89], [46, 46], [74, 85], [83, 46], [16, 15], [32, 97], [90, 21], [76, 68], [94, 89], [25, 80], [45, 34], [58, 65], [41, 73], [58, 79], [33, 70], [80, 28], [88, 84], [43, 74], [79, 91], [18, 31], [30, 67], [66, 81], [5, 81], [82, 30], [31, 97], [59, 56], [55, 53], [26, 62], [95, 58], [16, 58], [75, 23], [73, 7], [85, 69], [63, 63], [50, 54], [94, 76], [38, 55], [59, 33], [85, 11], [0, 60], [31, 15], [16, 52], [57, 81], [73, 32], [93, 82], [74, 35], [6, 73], [13, 72], [24, 76], [81, 92], [39, 73], [8, 0], [9, 87], [94, 33], [51, 81], [7, 18], [21, 36], [12, 31], [30, 1], [75, 49], [45, 75], [57, 45], [21, 41], [79, 71], [7, 30], [74, 53], [78, 87], [22, 66], [20, 0], [70, 35], [75, 69], [46, 2], [78, 27], [21, 30], [90, 92], [15, 17], [93, 87], [42, 35], [7, 70], [90, 65], [56, 79], [45, 70], [15, 48], [14, 41], [66, 1], [84, 66], [88, 26], [75, 17], [28, 68], [77, 78], [80, 33], [83, 66], [12, 54], [64, 48], [21, 12], [69, 82], [13, 10], [35, 70], [83, 16], [0, 27], [18, 7], [70, 97], [29, 12], [51, 64], [75, 84], [77, 11], [62, 63], [43, 75], [7, 16], [98, 22], [11, 76], [70, 67], [92, 55], [68, 12], [98, 86], [70, 48], [70, 63], [76, 14], [21, 78], [14, 67], [85, 96], [11, 78], [1, 76], [77, 90], [72, 92], [15, 30], [69, 40], [62, 71], [9, 65], [13, 18], [92, 10], [91, 94], [35, 26], [84, 77], [37, 44], [59, 74], [19, 40], [45, 29], [51, 38], [12, 16], [21, 9], [20, 53], [56, 42], [84, 15], [88, 74], [56, 24], [12, 45], [1, 63], [57, 87], [71, 29], [27, 4], [3, 41], [27, 6], [73, 46], [42, 2], [29, 7], [8, 5], [47, 79], [39, 74], [84, 51], [20, 13], [89, 18], [48, 12], [34, 23], [56, 99], [81, 73], [63, 4], [74, 54], [65, 27], [80, 57], [62, 79], [73, 27], [3, 12], [76, 67], [67, 4], [63, 98], [46, 30], [88, 16], [3, 38], [92, 35], [51, 69], [34, 97], [46, 68], [35, 52], [20, 57], [90, 85], [47, 30], [51, 74], [33, 4], [7, 27], [74, 39], [0, 44], [99, 39], [71, 10], [19, 29], [62, 46], [42, 0], [14, 10], [18, 5], [22, 35], [15, 44], [71, 25], [58, 70], [20, 14], [8, 64], [77, 5], [86, 98], [44, 67], [92, 88], [71, 63], [54, 99], [33, 21], [80, 30], [83, 20], [63, 95], [34, 60], [14, 15], [39, 7], [33, 5], [53, 34], [75, 11], [71, 26], [55, 26], [63, 33], [67, 70], [66, 28], [77, 27], [91, 75], [39, 66], [77, 6], [84, 94], [36, 61], [55, 41], [30, 97], [76, 72], [17, 12], [80, 79], [13, 5], [98, 37], [47, 70], [95, 38], [47, 94], [49, 95], [35, 5], [59, 15], [79, 50], [5, 20], [14, 58], [0, 55], [1, 39], [93, 75], [4, 24], [54, 62], [66, 33], [5, 12], [79, 78], [81, 34], [71, 39], [13, 15], [19, 43], [5, 95], [89, 21], [9, 18], [79, 87], [36, 50], [68, 60], [84, 38], [3, 2], [3, 61], [20, 15], [50, 95], [46, 61], [13, 52], [94, 1], [33, 30], [2, 5], [10, 73], [12, 32], [28, 59], [95, 2], [13, 36], [3, 9], [22, 48], [16, 20], [32, 0], [74, 9], [86, 93], [52, 3], [36, 44], [83, 79], [55, 89], [84, 61], [60, 35], [29, 28], [82, 93], [65, 34], [5, 21], [54, 98], [49, 30], [67, 0], [78, 72], [9, 7], [8, 7], [9, 1], [28, 61], [58, 92], [7, 7], [68, 70], [15, 37], [87, 59], [91, 72], [65, 53], [58, 34], [37, 37], [71, 84], [33, 41], [95, 85], [73, 66], [15, 66], [26, 5], [57, 1], [54, 66], [3, 36], [79, 44], [19, 71], [39, 75], [93, 90], [58, 27], [15, 50], [95, 23], [62, 29], [70, 18], [91, 96], [52, 42], [60, 73], [44, 8], [51, 48], [84, 31], [39, 43], [0, 78], [89, 98], [90, 30], [48, 74], [10, 77], [98, 74], [87, 69], [6, 0], [90, 91], [68, 45], [14, 14], [83, 27], [24, 63], [89, 3], [44, 6], [73, 90], [94, 32], [55, 4], [25, 49], [88, 60], [4, 60], [33, 29], [18, 28], [74, 32], [91, 18], [80, 29], [54, 18], [62, 34], [52, 32], [27, 60], [99, 64], [62, 0], [72, 31], [88, 72], [58, 72], [17, 65], [27, 76], [76, 71], [93, 91], [7, 92], [69, 44], [66, 70], [57, 27], [87, 29], [32, 19], [11, 51], [70, 86], [59, 95], [6, 22], [55, 29], [39, 21], [98, 67], [11, 6], [50, 52], [49, 52], [83, 78], [2, 81], [40, 40], [35, 88], [9, 62], [19, 51], [5, 76], [17, 21], [60, 34], [93, 9], [16, 77], [83, 73], [25, 73], [93, 70], [53, 40], [86, 90], [57, 91], [44, 48], [84, 17], [97, 55], [30, 66], [71, 76], [79, 47], [76, 1], [75, 66], [10, 18], [87, 17], [54, 37], [78, 2], [14, 63], [49, 53], [76, 51], [37, 68], [97, 39], [95, 74], [80, 50], [5, 88], [4, 87], [33, 94], [57, 22], [52, 30], [15, 18], [75, 78], [44, 66], [99, 37], [65, 60], [0, 77], [80, 49], [35, 97], [86, 39], [67, 41], [82, 51], [37, 6], [64, 27], [35, 40], [74, 16], [91, 70], [83, 76], [94, 79], [89, 79], [15, 42], [84, 60], [12, 37], [11, 36], [87, 75], [24, 83], [24, 44], [75, 67], [3, 5], [9, 83], [15, 25], [93, 60], [19, 54], [79, 9], [10, 34], [83, 15], [38, 49], [18, 43], [35, 64], [91, 74], [71, 24], [36, 64], [43, 73], [73, 20], [0, 5], [74, 66], [5, 87], [93, 80], [54, 46], [81, 29], [16, 75], [6, 18], [36, 1], [10, 35], [84, 40], [79, 55], [86, 58], [13, 71], [31, 49], [22, 44], [64, 75], [18, 2], [0, 9], [60, 23], [56, 36], [38, 39], [52, 15], [81, 25]], "targets": [[76, 32], [24, 6], [19, 27], [20, 35], [12, 12], [43, 76], [37, 66], [37, 63], [82, 54], [31, 93], [38, 67], [78, 54], [27, 2], [47, 71], [77, 22], [25, 41], [19, 35], [13, 18], [36, 67], [31, 61], [87, 52], [27, 1], [45, 74], [74, 28], [39, 69], [83, 47], [21, 40], [35, 1], [17, 29], [43, 69], [19, 17], [41, 73], [36, 61], [76, 50], [31, 0], [72, 22], [22, 45], [28, 87], [47, 74], [34, 71], [84, 44], [15, 30], [30, 1], [73, 27], [12, 13], [33, 69], [34, 61], [79, 44], [48, 73], [20, 44], [34, 4], [19, 31], [36, 71], [85, 49], [42, 73], [76, 27], [30, 5], [20, 39], [12, 18], [36, 72], [35, 64], [75, 47], [42, 71], [36, 3], [23, 31], [71, 29], [38, 75], [77, 48], [21, 45], [31, 88], [24, 7], [45, 70], [19, 15], [43, 74], [35, 67], [85, 47], [69, 26], [21, 31], [27, 0], [18, 40], [41, 78], [37, 69], [76, 55], [71, 24], [26, 6], [13, 16], [36, 74], [30, 62], [84, 46], [45, 71], [19, 33], [18, 38], [36, 0], [41, 71], [77, 51], [78, 31], [48, 79], [31, 4], [20, 27], [20, 45], [14, 11], [40, 75], [29, 60], [82, 48], [31, 90], [47, 76], [72, 25], [39, 66], [85, 54], [29, 1], [21, 37], [22, 33], [45, 76], [19, 14], [33, 75], [30, 61], [85, 51], [32, 4], [74, 30], [33, 65], [84, 48], [44, 71], [23, 43], [26, 5], [20, 31], [69, 32], [16, 15], [33, 73], [29, 67], [83, 46], [47, 77], [25, 4], [21, 42], [30, 89], [42, 67], [84, 49], [75, 30], [20, 30], [25, 5], [43, 75], [12, 15], [38, 76], [36, 60], [84, 45], [26, 42], [35, 0], [77, 24], [47, 72], [17, 27], [32, 75], [75, 49], [27, 6], [20, 37], [38, 71], [14, 13], [41, 66], [35, 62], [77, 46], [74, 22], [36, 1], [23, 30], [37, 72], [76, 43], [48, 75], [18, 42], [30, 87], [75, 26], [27, 7], [13, 14], [43, 67], [31, 60], [78, 53], [41, 70], [19, 30], [33, 3], [22, 44], [44, 68], [82, 49], [73, 26], [39, 71], [34, 5], [17, 18], [33, 66], [37, 67], [83, 49], [15, 29], [27, 41], [76, 25], [46, 74], [31, 2], [42, 68], [84, 43], [67, 51], [91, 26], [92, 23], [17, 78], [83, 22], [76, 30], [71, 49], [62, 68], [92, 49], [49, 68], [88, 4], [48, 77], [22, 38], [62, 34], [36, 68], [91, 40], [64, 49], [70, 97], [99, 20], [52, 69], [64, 63], [82, 59], [53, 33], [40, 87], [73, 38], [6, 62], [7, 98], [59, 15], [84, 37], [5, 9], [51, 67], [68, 67], [20, 36], [75, 83], [1, 80], [95, 86], [80, 50], [43, 68], [7, 89], [65, 13], [61, 3], [64, 8], [34, 27], [80, 88], [43, 87], [34, 68], [3, 92], [23, 48], [11, 24], [46, 78], [86, 71], [86, 36], [25, 7], [88, 47], [0, 93], [82, 28], [23, 58], [77, 95], [36, 7], [12, 68], [94, 77], [13, 54], [65, 99], [74, 44], [70, 88], [55, 5], [94, 89], [12, 60], [21, 64], [1, 76], [87, 65], [16, 71], [65, 17], [1, 97], [63, 66], [89, 81], [9, 26], [55, 23], [16, 19], [7, 61], [9, 50], [40, 0], [73, 65], [44, 26], [62, 28], [75, 35], [66, 4], [13, 59], [95, 64], [47, 84], [85, 97], [65, 4], [83, 58], [25, 84], [87, 85], [37, 65], [1, 4], [35, 61], [98, 76], [31, 92], [62, 50], [54, 22], [96, 71], [79, 39], [43, 46], [66, 9], [69, 54], [5, 27], [36, 66], [4, 37], [58, 64], [5, 74], [22, 3], [9, 16], [72, 7], [98, 30], [21, 78], [54, 13], [66, 64], [53, 74], [66, 27], [69, 65], [35, 89], [66, 31], [86, 51], [76, 44], [85, 31], [23, 62], [38, 3], [6, 72], [77, 50], [62, 59], [6, 79], [5, 44], [84, 52], [3, 20], [48, 48], [78, 3], [60, 73], [39, 85], [56, 14], [80, 58], [3, 9], [67, 16], [52, 22], [76, 6], [59, 87], [8, 31], [44, 64], [61, 66], [38, 44], [4, 79], [39, 34], [15, 82], [13, 36], [53, 97], [69, 78], [61, 48], [29, 43], [90, 1], [95, 63], [63, 3], [60, 87], [43, 72], [61, 77], [5, 13], [90, 32], [41, 20], [63, 12], [32, 24], [77, 58], [59, 30], [19, 18], [3, 66], [78, 86], [58, 66], [71, 7], [9, 66], [87, 59], [19, 19], [42, 74], [15, 65], [65, 73], [61, 73], [43, 5], [66, 68], [82, 34], [7, 72], [39, 86], [87, 10], [19, 43], [22, 39], [28, 18], [84, 16], [41, 32], [44, 75], [13, 0], [60, 59], [0, 64], [4, 45], [74, 45], [90, 56], [32, 2], [83, 71], [73, 3], [37, 62], [73, 20], [61, 74], [34, 88], [7, 39], [34, 64], [93, 22], [42, 0], [39, 7], [11, 15], [68, 85], [62, 47], [69, 72], [30, 93], [61, 12], [65, 35], [71, 91], [44, 23], [6, 67], [0, 73], [74, 63], [13, 9], [46, 60], [45, 4], [3, 63], [58, 54], [94, 34], [30, 75], [87, 50], [56, 25], [94, 75], [65, 0], [8, 77], [76, 46], [38, 35], [54, 64], [25, 67], [3, 8], [73, 62], [14, 81], [19, 41], [2, 68], [7, 58], [32, 61], [78, 68], [1, 72], [92, 84], [98, 64], [85, 30], [63, 18], [96, 79], [4, 93], [45, 44], [94, 64], [82, 81], [80, 40], [31, 89], [90, 78], [78, 50], [66, 14], [11, 33], [15, 38], [86, 75], [78, 16], [82, 80], [90, 67], [64, 51], [17, 14], [70, 4], [84, 38], [94, 52], [13, 34], [49, 72], [20, 55], [66, 44], [52, 82], [39, 44], [66, 11], [53, 40], [85, 81], [6, 90], [68, 87], [81, 75], [92, 59], [71, 54], [69, 96], [86, 67], [98, 31], [62, 48], [67, 12], [13, 22], [71, 3], [81, 72], [74, 15], [49, 0], [87, 60], [96, 83], [50, 67], [82, 76], [56, 63], [4, 68], [80, 64], [10, 26], [14, 34], [87, 82], [32, 74], [70, 96], [68, 55], [77, 62], [25, 64], [68, 65], [13, 24], [57, 79], [82, 74], [32, 73], [56, 93], [82, 61], [54, 17], [61, 29], [85, 29], [11, 0], [2, 76], [46, 14], [97, 80], [53, 72], [31, 14], [61, 26], [3, 34], [4, 72], [7, 84], [17, 6], [70, 29], [68, 53], [95, 35], [63, 88], [17, 31], [49, 64], [44, 90], [85, 25], [55, 83], [99, 38], [69, 58], [61, 56], [82, 37], [96, 28], [67, 88], [11, 20], [60, 75], [37, 68], [5, 71], [91, 72], [93, 85], [44, 0], [3, 99], [64, 19], [47, 46], [75, 70], [79, 63], [49, 69], [61, 19], [1, 14], [7, 88], [6, 53], [18, 60], [76, 3], [34, 65], [3, 93], [1, 98], [38, 53], [93, 59], [71, 14], [64, 27], [83, 40], [60, 26], [66, 10], [53, 23], [15, 8], [87, 13], [22, 40], [47, 12], [21, 1], [10, 88], [83, 82], [18, 21], [11, 84], [18, 63], [99, 61], [96, 24], [17, 79], [84, 66], [64, 75], [29, 65], [68, 34], [48, 62], [95, 73], [6, 86], [36, 88], [95, 70], [5, 89], [22, 70], [57, 54], [57, 88], [67, 40], [73, 18], [25, 72], [21, 51], [11, 47], [23, 41], [11, 95], [22, 37], [72, 71], [47, 44], [96, 1], [13, 11], [25, 73], [62, 69], [85, 35], [95, 56], [33, 50], [89, 20], [75, 6], [15, 73], [94, 79], [58, 7], [92, 65], [70, 3], [46, 83], [81, 21], [11, 75], [30, 65], [2, 77], [77, 27], [91, 59], [54, 27], [92, 70], [74, 74], [61, 32], [17, 60], [42, 85], [77, 21], [80, 82], [66, 45], [29, 91], [51, 94], [5, 34], [88, 38], [47, 64], [9, 48], [2, 88], [27, 18], [58, 9], [91, 6], [1, 9], [54, 94], [93, 38], [37, 43], [74, 16], [6, 97], [29, 66], [10, 55], [72, 37], [17, 2], [6, 18], [8, 18], [84, 24], [7, 3], [80, 95], [42, 72], [64, 66], [59, 70], [83, 20], [86, 70], [43, 65], [8, 2], [23, 75], [79, 93], [83, 78], [89, 80], [81, 32], [61, 34], [57, 5], [13, 75], [61, 33], [74, 66], [87, 89], [33, 51], [16, 63], [22, 9], [38, 5], [17, 53], [22, 58], [82, 16], [4, 46], [13, 77], [65, 52], [56, 46], [96, 34], [88, 54], [42, 35], [59, 46], [9, 45], [6, 36], [35, 7], [12, 71], [64, 31], [63, 76], [90, 91], [77, 44], [20, 33], [84, 19], [83, 45], [58, 81], [71, 99], [41, 86], [42, 88], [1, 99], [62, 51], [17, 76], [90, 0], [8, 91], [9, 23], [57, 25], [90, 50], [87, 32], [11, 66], [77, 11], [43, 71], [91, 93], [12, 49], [47, 8], [84, 50], [14, 60], [48, 60], [70, 63], [8, 93], [7, 2], [72, 92], [3, 41], [25, 59], [82, 70], [3, 10], [92, 34], [85, 39], [19, 47], [99, 79], [94, 37], [78, 91], [90, 28], [55, 22], [18, 24], [98, 22], [0, 40], [23, 67], [72, 49], [59, 59], [45, 84], [29, 74], [96, 0], [1, 42], [14, 72], [70, 74], [72, 76], [52, 40], [79, 31], [10, 28], [23, 4], [56, 19], [48, 45], [73, 77], [2, 72], [34, 25], [79, 28], [18, 29], [85, 71], [73, 93], [83, 36], [68, 81], [80, 80], [72, 62], [62, 9], [96, 62], [63, 73], [0, 82], [20, 74], [64, 12], [25, 83], [80, 55], [83, 98], [74, 35], [87, 93], [80, 56], [54, 47], [7, 30], [16, 45], [53, 54], [57, 7], [67, 18], [25, 49], [92, 94], [2, 99], [88, 51], [78, 55], [93, 93], [7, 63], [17, 42], [71, 87], [79, 66], [94, 58], [87, 24], [80, 92], [75, 65], [39, 60], [44, 16], [36, 50], [69, 19], [98, 24], [78, 34], [76, 35], [60, 56], [53, 0], [82, 91], [4, 75], [61, 0], [13, 52], [54, 37], [89, 75], [74, 73], [37, 48], [72, 14], [54, 1], [88, 40], [40, 47], [55, 45], [10, 71], [80, 15], [90, 89], [88, 80], [49, 53], [90, 85], [74, 48], [12, 61], [39, 57], [55, 28], [14, 55], [41, 22], [6, 28], [61, 70], [70, 56], [85, 96], [77, 49], [4, 81], [85, 78], [69, 63], [6, 12], [90, 5], [79, 91], [46, 67], [41, 49], [75, 60], [79, 37], [34, 9], [91, 98], [29, 69], [91, 88], [24, 62], [21, 39], [32, 88], [85, 62], [38, 31], [36, 6], [40, 41], [85, 80], [20, 2], [29, 16], [82, 44], [23, 59], [19, 26], [14, 17], [44, 33], [23, 6], [39, 41], [8, 5], [81, 10], [82, 55], [71, 32], [48, 64], [50, 48], [38, 60], [89, 79], [22, 59], [13, 58], [67, 75], [96, 32], [33, 19], [14, 70], [58, 18], [92, 97], [70, 30], [79, 79], [85, 87], [15, 22], [49, 70], [40, 32], [79, 60], [24, 9], [88, 64], [86, 79], [76, 5], [75, 78], [4, 2], [3, 73], [43, 18], [21, 77], [12, 4], [81, 47], [8, 40], [93, 78], [83, 66], [65, 36], [4, 62], [25, 78], [11, 73], [19, 60], [21, 69], [44, 46], [59, 98], [64, 48], [38, 69], [88, 44], [60, 95], [74, 55], [92, 60], [1, 61], [64, 77], [98, 18], [39, 89], [34, 26], [63, 9], [10, 37], [64, 96], [40, 71], [15, 31], [5, 84], [12, 8], [91, 76], [65, 11], [0, 75], [35, 71], [12, 84], [96, 81], [9, 74], [87, 30], [3, 59], [10, 57], [25, 63], [77, 73], [74, 27], [56, 90], [0, 47], [76, 51], [71, 84], [9, 21], [0, 36], [69, 90], [95, 37], [61, 30], [25, 17], [25, 60], [97, 63], [8, 57], [61, 63], [86, 98], [83, 88], [92, 88], [16, 50], [89, 68], [69, 43], [88, 78], [48, 59], [28, 97], [62, 49], [57, 62], [79, 90], [42, 47], [91, 64], [78, 92], [18, 10], [79, 87], [14, 58], [6, 70], [10, 69], [2, 97], [69, 11], [90, 84], [78, 47], [10, 40], [41, 59], [54, 29], [44, 11], [79, 65], [2, 98], [8, 61], [16, 37], [6, 96], [36, 31], [66, 99], [21, 38], [33, 21], [64, 98], [63, 95], [30, 98], [42, 69], [32, 91], [5, 28], [63, 71], [25, 69], [95, 0], [8, 63], [4, 53], [78, 88], [2, 80], [20, 72], [66, 66], [71, 97], [97, 38], [71, 30], [88, 86], [8, 69], [76, 74], [68, 54], [60, 12], [15, 44], [57, 67], [72, 58], [65, 65], [66, 61], [19, 37], [98, 68], [30, 94], [70, 2], [12, 2], [62, 75], [11, 16], [75, 94], [62, 72], [15, 46], [52, 30], [76, 40], [92, 74], [96, 57], [13, 83], [5, 68], [91, 27], [65, 20], [28, 10], [78, 39], [10, 5], [66, 54], [62, 20], [37, 59], [15, 23], [71, 69], [40, 7], [78, 74], [82, 3], [80, 25], [65, 53], [70, 21], [72, 17], [89, 8], [12, 72], [13, 53], [63, 54], [3, 71], [5, 75], [48, 47], [39, 30], [44, 29], [91, 71], [8, 68], [42, 19], [60, 45], [83, 80], [15, 51], [60, 74], [71, 88], [41, 2], [70, 24], [47, 48], [22, 46], [29, 97], [61, 20], [52, 38], [20, 18], [57, 42], [35, 96], [16, 7], [0, 42], [41, 76], [98, 65], [74, 13], [23, 17], [50, 3], [98, 69], [96, 59], [83, 27], [72, 16], [87, 84], [66, 40], [91, 39], [82, 47], [80, 17], [30, 8], [26, 8], [49, 98], [1, 79], [5, 6], [17, 20], [79, 12], [37, 0], [89, 91], [84, 40], [99, 30], [49, 85], [88, 17], [8, 56], [86, 81], [78, 21], [10, 79], [81, 23], [34, 10], [71, 44], [76, 26], [6, 84], [4, 98], [72, 23], [55, 12], [6, 99], [76, 10], [74, 52], [4, 10], [60, 27], [54, 42], [83, 97], [4, 52], [86, 59], [83, 43], [37, 70], [55, 19], [52, 51], [73, 9], [41, 43], [1, 26], [64, 20], [52, 31], [67, 45], [72, 13], [39, 2], [42, 31], [68, 86], [82, 73], [91, 44], [0, 4], [94, 90], [94, 63], [7, 79], [0, 3], [0, 88], [50, 4], [79, 77], [75, 7], [48, 30], [97, 87], [90, 70], [62, 4], [87, 86], [34, 0], [54, 65], [66, 20], [87, 70], [11, 7], [39, 67], [44, 77], [11, 71], [98, 19], [0, 95], [29, 19], [0, 76], [59, 45], [37, 35], [54, 30], [38, 33], [90, 47], [24, 64], [7, 26], [26, 17], [9, 31], [73, 21], [31, 66], [21, 70], [4, 38], [88, 94], [1, 56], [81, 67], [2, 92], [93, 87], [87, 96], [89, 37], [89, 65], [82, 88], [82, 41], [8, 66], [36, 20], [18, 33], [18, 57], [78, 73], [94, 91], [23, 68], [54, 89], [20, 78], [10, 10], [7, 37], [67, 59], [63, 61], [70, 55], [63, 1], [42, 70], [95, 77], [48, 65], [50, 2], [25, 58], [60, 19], [45, 10], [71, 94], [96, 75], [15, 52], [14, 24], [99, 58], [86, 72], [40, 86], [14, 65], [4, 11], [80, 83], [12, 34], [73, 99], [35, 25], [1, 57], [17, 30], [1, 38], [86, 78], [42, 49], [89, 53], [8, 43], [68, 61], [69, 12], [64, 61], [91, 95], [66, 3], [10, 72], [52, 49], [14, 22], [68, 94], [39, 40], [81, 78], [8, 24], [29, 10], [90, 24], [6, 94], [47, 85], [65, 44], [71, 72], [30, 27], [89, 97], [46, 29], [23, 71], [87, 91], [18, 39], [83, 62], [73, 61], [65, 51], [73, 59], [12, 78], [11, 85], [80, 87], [96, 56], [53, 99], [96, 20], [43, 73], [97, 83], [29, 63], [89, 56], [90, 75], [66, 72], [14, 48], [79, 56], [86, 34], [48, 13], [38, 1], [71, 13], [79, 53], [32, 1], [4, 40], [91, 80], [3, 97], [98, 38], [16, 23], [28, 12], [60, 64], [29, 18], [10, 98], [90, 9], [38, 2], [1, 37], [4, 33], [7, 5], [33, 6], [69, 84], [56, 39], [53, 75], [5, 63], [76, 7], [35, 99], [37, 75], [12, 1], [60, 21], [13, 62], [92, 4], [90, 48], [83, 96], [65, 5], [97, 86], [77, 29], [5, 36], [20, 15], [56, 6], [65, 69], [1, 35], [11, 29], [91, 67], [19, 25], [11, 45], [30, 71], [95, 31], [55, 82], [75, 15], [21, 68], [23, 45], [14, 57], [38, 81], [95, 30], [13, 79], [31, 70], [45, 7], [76, 15], [92, 95], [80, 49], [36, 4], [82, 35], [23, 2], [69, 25], [10, 75], [10, 7], [29, 59], [21, 65], [54, 5], [86, 57], [9, 78], [18, 55], [16, 72], [87, 39], [72, 56], [10, 85], [16, 75], [32, 69], [24, 47], [12, 51], [46, 49], [19, 62], [87, 79], [79, 41], [2, 71], [61, 28], [54, 19], [18, 8], [66, 49], [66, 18], [62, 18], [32, 67], [80, 73], [21, 79], [31, 73], [16, 39], [48, 95], [74, 21], [17, 59], [82, 15], [5, 61], [29, 50], [75, 69], [52, 83], [63, 69], [83, 3], [54, 70], [36, 70], [50, 14], [15, 58], [22, 63], [44, 5], [10, 20], [88, 96], [4, 94], [20, 79], [44, 17], [18, 13], [62, 67], [85, 28], [14, 73], [64, 69], [53, 66], [88, 88], [49, 65], [14, 32], [90, 99], [53, 2], [61, 22], [76, 61], [30, 90], [47, 78], [39, 63], [11, 58], [48, 76], [3, 18], [56, 78], [93, 1], [59, 9], [29, 62], [11, 32], [64, 15], [14, 40], [10, 29], [98, 86], [93, 54], [30, 63], [50, 51], [16, 20], [81, 90], [1, 96], [56, 27], [93, 90], [1, 5], [76, 69], [10, 91], [16, 74], [51, 68], [78, 66], [96, 19], [75, 38], [7, 23], [60, 23], [56, 77], [19, 65], [39, 50], [15, 54], [63, 97], [32, 8], [79, 85], [1, 67], [68, 47], [93, 57], [79, 61], [97, 55], [40, 69], [49, 96], [81, 17], [77, 40], [2, 40], [16, 55], [10, 94], [85, 43], [67, 8], [7, 32], [70, 87], [19, 63], [70, 6], [80, 10], [84, 12], [75, 21], [0, 35], [19, 7], [89, 41], [67, 37], [80, 97], [14, 29], [83, 13], [29, 6], [87, 37], [90, 38], [37, 52], [51, 64], [39, 33], [31, 21], [40, 30], [13, 30], [44, 12], [43, 47], [26, 16], [46, 72], [91, 47], [99, 2], [23, 78], [40, 2], [30, 41], [22, 52], [84, 57], [67, 41], [70, 0], [10, 12], [38, 88], [61, 4], [69, 74], [0, 74], [81, 87], [47, 81], [14, 16], [10, 2], [26, 73], [3, 61], [58, 16], [89, 90], [5, 62], [87, 88], [8, 80], [53, 38], [4, 35], [43, 11], [90, 55], [89, 6], [89, 19], [20, 29], [63, 49], [11, 82], [55, 68], [75, 1], [72, 54], [57, 8], [79, 34], [53, 83], [75, 12], [13, 47], [63, 7], [60, 20], [18, 3], [78, 59], [98, 26], [0, 25], [38, 73], [92, 58], [91, 28], [21, 44], [48, 58], [73, 34], [46, 15], [56, 70], [28, 85], [93, 69], [23, 72], [89, 60], [73, 66], [78, 10], [58, 13], [95, 34], [24, 83], [72, 68], [7, 38], [94, 59], [82, 19], [84, 3], [45, 17], [40, 21], [10, 38], [72, 15], [0, 39], [21, 12], [10, 54], [16, 79], [97, 39], [75, 45], [34, 96], [49, 32], [31, 96], [87, 76], [83, 56], [41, 0], [69, 20], [65, 37], [2, 16], [12, 58], [14, 43], [47, 69], [87, 74], [4, 13], [59, 69], [98, 83], [71, 68], [71, 95], [99, 1], [53, 73], [53, 22], [77, 15], [87, 12], [57, 46], [70, 70], [6, 37], [71, 4], [23, 33], [31, 98], [65, 75], [20, 32], [82, 71], [84, 82], [96, 73], [78, 28], [68, 37], [1, 25], [71, 63], [61, 8], [94, 54], [40, 62], [55, 87], [91, 5], [25, 75], [18, 54], [86, 45], [97, 66], [34, 29], [73, 73], [86, 37], [61, 95], [65, 50], [81, 84], [18, 71], [71, 19], [84, 22], [91, 1], [34, 73], [32, 94], [55, 24], [93, 77], [57, 56], [81, 74], [36, 22], [2, 57], [42, 29], [3, 56], [45, 24], [26, 58], [25, 70], [45, 2], [76, 77], [82, 25], [22, 11], [87, 80], [96, 80], [80, 85], [57, 11], [91, 79], [70, 79], [75, 66], [29, 14], [32, 21], [28, 67], [49, 43], [58, 55], [35, 87], [39, 58], [40, 76], [30, 69], [88, 66], [68, 66], [29, 87], [75, 27], [2, 18], [45, 64], [6, 64], [28, 29], [77, 88], [1, 2], [16, 21], [95, 85], [87, 57], [63, 55], [31, 94], [73, 23], [74, 50], [97, 85], [57, 26], [21, 73], [59, 74], [55, 99], [79, 55], [90, 43], [68, 60], [71, 2], [60, 54], [63, 29], [80, 60], [91, 84], [59, 0], [69, 41], [14, 25], [62, 65], [50, 32], [96, 85], [83, 67], [55, 88], [18, 77], [7, 28], [59, 63], [17, 75], [64, 35], [77, 85], [73, 57], [64, 21], [11, 10], [85, 34], [64, 60], [82, 57], [65, 54], [5, 46], [20, 10], [66, 53], [27, 12], [33, 5], [14, 79], [74, 17], [74, 7], [72, 55], [10, 25], [90, 98], [97, 81], [69, 45], [57, 71], [77, 39], [34, 24], [43, 3], [92, 93], [63, 53], [34, 99], [22, 78], [21, 59], [23, 57], [97, 36], [86, 60], [15, 45], [79, 80], [73, 44], [88, 19], [53, 15], [17, 74], [60, 77], [79, 14], [58, 22], [68, 46], [75, 10], [65, 32], [79, 92], [27, 65], [2, 37], [3, 89], [93, 73], [0, 79], [88, 56], [24, 29], [77, 3], [8, 46], [19, 57], [30, 18], [3, 91], [9, 87], [12, 5], [4, 18], [28, 14], [12, 74], [7, 16], [98, 73], [8, 3], [55, 91], [15, 37], [94, 61], [92, 71], [9, 82], [5, 55], [52, 67], [0, 56], [74, 18], [12, 65], [38, 80], [61, 61], [77, 66], [69, 18], [15, 63], [56, 23], [91, 97], [80, 91], [36, 23], [86, 18], [84, 51], [89, 36], [3, 19], [61, 23], [69, 4], [91, 77], [44, 48], [91, 51], [20, 0], [13, 99], [14, 44], [10, 65], [70, 98], [70, 15], [76, 52], [95, 74], [16, 78], [39, 39], [67, 7], [28, 88], [86, 53], [54, 83], [51, 2], [53, 61], [10, 51], [13, 69], [57, 27], [58, 70], [84, 77], [81, 70], [43, 90], [13, 31], [9, 73], [1, 77], [84, 41], [85, 58], [64, 78], [11, 54], [52, 16], [16, 14], [93, 62], [8, 34], [37, 71], [38, 49], [36, 63], [17, 24], [11, 1], [78, 98], [43, 77], [19, 13], [77, 59], [70, 69], [68, 41], [78, 96], [62, 15], [84, 96], [5, 31], [57, 29], [43, 10], [12, 64], [75, 14], [37, 32], [6, 63], [94, 55], [10, 53], [73, 60], [31, 1], [57, 83], [57, 4], [69, 82], [82, 58], [56, 28], [8, 44], [17, 62], [73, 89], [76, 95], [73, 55], [7, 44], [99, 17], [72, 87], [86, 74], [80, 57], [34, 7], [51, 0], [75, 39], [4, 73], [53, 63], [52, 71], [54, 15], [81, 56], [70, 85], [6, 25], [15, 28], [3, 21], [80, 39], [77, 74], [7, 24], [17, 81], [81, 22], [94, 56], [83, 38], [45, 8], [69, 98], [72, 65], [53, 48], [70, 54], [58, 61], [5, 50], [50, 1], [17, 39], [95, 26], [75, 61], [16, 81], [64, 76], [4, 25], [38, 40], [64, 73], [85, 98], [83, 99], [87, 97], [47, 15], [71, 31], [77, 25], [73, 37], [3, 40], [24, 5], [76, 73], [92, 20], [35, 88], [70, 58], [58, 89], [18, 82], [88, 30], [91, 75], [90, 65], [55, 44], [79, 36], [78, 19], [13, 33], [28, 2], [96, 78], [99, 19], [32, 64], [47, 2], [1, 46], [61, 9], [60, 34], [16, 32], [75, 28], [9, 86], [59, 24], [24, 82], [93, 80], [92, 87], [55, 76], [66, 62], [0, 5], [51, 39], [55, 86], [15, 67], [82, 17], [55, 2], [21, 15], [10, 30], [48, 74], [61, 96], [55, 46], [17, 63], [69, 24], [60, 14], [38, 58], [83, 57], [97, 68], [95, 83], [78, 29], [19, 59], [36, 90], [39, 19], [57, 98], [81, 96], [90, 74], [95, 18], [89, 94], [73, 29], [9, 97], [63, 75], [38, 54], [83, 15], [55, 81], [39, 72], [95, 58], [37, 53], [94, 31], [28, 86], [71, 58], [63, 64], [3, 7], [47, 65], [7, 83], [80, 33], [28, 60], [51, 63], [73, 72], [3, 17], [33, 62], [36, 69], [43, 0], [15, 72], [34, 52], [88, 65], [55, 72], [90, 45], [3, 1], [85, 45], [68, 80], [13, 42], [39, 73], [93, 31], [86, 62], [18, 72], [93, 21], [13, 70], [51, 99], [47, 13], [55, 92], [86, 61], [12, 32], [26, 71], [72, 78], [86, 89], [84, 60], [7, 81], [16, 2], [40, 20], [89, 21], [3, 57], [56, 66], [84, 59], [59, 28], [54, 24], [84, 35], [8, 33], [17, 57], [96, 70], [14, 18], [89, 64], [6, 76], [40, 46], [65, 80], [20, 17], [95, 57], [44, 47], [93, 50], [74, 62], [69, 49], [26, 9], [75, 93], [19, 46], [12, 47], [67, 64], [9, 28], [95, 61], [94, 19], [17, 23], [25, 99], [31, 5], [99, 18], [9, 32], [61, 58], [43, 48], [68, 45], [56, 55], [83, 77], [63, 33], [82, 20], [95, 80], [90, 4], [53, 88], [16, 48], [93, 92], [81, 64], [42, 87], [9, 99], [58, 20], [87, 26], [46, 68], [19, 8], [15, 10], [58, 45], [10, 41], [66, 43], [70, 91], [80, 35], [76, 36], [93, 89], [85, 50], [44, 24], [53, 13], [77, 79], [70, 93], [94, 29], [22, 4], [58, 19], [37, 50], [63, 70], [87, 54], [68, 36], [5, 85], [17, 71], [21, 76], [27, 3], [40, 61], [65, 88], [38, 37], [99, 29], [44, 31], [88, 82], [85, 88], [47, 75], [4, 4], [24, 68], [51, 55], [49, 73], [88, 1], [24, 17], [6, 22], [22, 35], [71, 46], [20, 51], [51, 75], [72, 9], [66, 29], [83, 19], [3, 68], [63, 20], [32, 5], [57, 72], [88, 79], [56, 91], [93, 0], [18, 41], [6, 56], [56, 89], [16, 31], [53, 52], [96, 30], [36, 99], [31, 7], [20, 38], [42, 8], [70, 36], [85, 92], [23, 70], [5, 56], [62, 33], [56, 62], [5, 30], [97, 56], [40, 57], [37, 40], [34, 60], [66, 12], [8, 30], [12, 50], [3, 86], [34, 70], [1, 15], [40, 73], [93, 88], [92, 50], [78, 61], [36, 75], [74, 38], [71, 11], [99, 77], [18, 75], [55, 85], [26, 49], [35, 65], [31, 41], [3, 90], [55, 29], [33, 4], [29, 17], [73, 1], [90, 93], [16, 77], [78, 85], [20, 8], [74, 53], [3, 81], [11, 55], [1, 36], [4, 8], [46, 85], [93, 33], [85, 75], [60, 66], [62, 70], [7, 47], [51, 49], [73, 13], [86, 69], [11, 40], [38, 65], [9, 2], [3, 83], [47, 67], [19, 74], [9, 88], [68, 50], [20, 50], [51, 51], [73, 84], [86, 48], [60, 79], [9, 3], [80, 98], [60, 70], [77, 36], [63, 68], [39, 31], [85, 14], [60, 58], [91, 0], [88, 21], [13, 73], [92, 91], [98, 36], [70, 65], [83, 11], [34, 23], [66, 82], [51, 52], [99, 78], [6, 27], [48, 9], [65, 61], [30, 28], [38, 59], [98, 81], [77, 60], [22, 8], [24, 3], [69, 22], [69, 27], [12, 73], [70, 25], [67, 44], [89, 76], [85, 32], [6, 71], [4, 20], [83, 41], [55, 89], [58, 21], [6, 69], [24, 70], [0, 62], [83, 94], [59, 27], [72, 19], [97, 64], [5, 38], [62, 25], [92, 41], [79, 97], [79, 49], [15, 42], [37, 91], [38, 21], [9, 15], [11, 80], [71, 77], [70, 84], [48, 82], [27, 76], [9, 64], [28, 5], [98, 84], [49, 83], [75, 50], [3, 65], [89, 52], [20, 66], [55, 36], [90, 96], [69, 69], [35, 20], [26, 15], [42, 89], [77, 92], [67, 14], [4, 3], [21, 57], [10, 34], [83, 84], [88, 77], [88, 75], [78, 33], [63, 50], [67, 62], [15, 14], [26, 84], [68, 88], [28, 3], [69, 97], [75, 74], [51, 95], [20, 34], [5, 49], [88, 89], [13, 74], [60, 62], [16, 60], [87, 63], [79, 68], [2, 81], [11, 57], [10, 64], [69, 61], [14, 76], [4, 50], [97, 75], [66, 60], [29, 75], [91, 41], [22, 75], [13, 84], [72, 64], [4, 6], [90, 52], [91, 10], [95, 84], [48, 67], [90, 54], [12, 16], [13, 10], [77, 20], [75, 4], [94, 30], [67, 81], [6, 17], [12, 39], [4, 7], [48, 84], [39, 82], [30, 17], [25, 9], [24, 66], [69, 77], [85, 33], [87, 55], [61, 1], [75, 58], [74, 65], [68, 10], [89, 69], [4, 99], [59, 62], [87, 11], [34, 62], [33, 89], [81, 24], [18, 81], [2, 67], [73, 58], [28, 9], [62, 14], [75, 97], [20, 60], [12, 29], [28, 15], [42, 9], [56, 47], [75, 68], [65, 70], [46, 76], [67, 79], [73, 95], [20, 65], [74, 71], [15, 4], [3, 76], [93, 74], [69, 55], [67, 66], [36, 40], [34, 20], [87, 67], [44, 14], [41, 34], [45, 45], [78, 75], [27, 99], [12, 25], [99, 81], [59, 60], [60, 72], [15, 18], [5, 37], [9, 95], [73, 2], [50, 61], [23, 32], [84, 23], [53, 49], [78, 36], [17, 17], [38, 51], [99, 68], [72, 28], [81, 63], [82, 18], [43, 12], [62, 61], [63, 2], [71, 93], [18, 50], [65, 49], [37, 4], [53, 62], [73, 36], [61, 27], [69, 73], [20, 77], [12, 38], [84, 39], [74, 2], [70, 12], [42, 7], [23, 60], [54, 84], [64, 53], [20, 69], [57, 69], [38, 7], [96, 35], [6, 95], [74, 0], [75, 62], [97, 32], [57, 89], [24, 58], [75, 20], [71, 6], [17, 33], [39, 77], [54, 28], [91, 61], [60, 33], [79, 88], [26, 99], [76, 65], [81, 18], [28, 96], [50, 63], [70, 92], [73, 52], [44, 72], [15, 47], [21, 30], [4, 1], [66, 1], [30, 88], [18, 61], [49, 41], [86, 32], [22, 81], [23, 8], [42, 90], [76, 0], [79, 25], [37, 30], [58, 8], [90, 63], [17, 49], [98, 78], [42, 86], [22, 80], [74, 49], [6, 4], [44, 86], [14, 77], [10, 99], [3, 6], [68, 27], [27, 72], [1, 95], [76, 4], [82, 11], [52, 15], [69, 70], [53, 47], [3, 78], [17, 69], [11, 52]]}