{"meta": {"number_of_robots": 958, "description": {"parameters": {"seed": 5765, "shape": [50, 50], "obstacles": {"n": 10, "mean": 3, "std": 1.5}, "clusters": {"n": 5, "mean": 20, "std": 10.0, "relative_radius": 2, "increase_factor": 1.3, "start_dist": {"generator_name": "Image", "shape": [50, 50], "min": 0.0, "max": 250.0, "mean": 125.1348, "std": 71.592177149183, "dtype": "uint64", "parameters": {"image": "microbes.png", "transformer": {"name": "ColorChannelSelector", "channel": "v", "inverted": false}}}, "target_dist": {"generator_name": "Image", "shape": [50, 50], "min": 0.0, "max": 250.0, "mean": 125.1348, "std": 71.592177149183, "dtype": "uint64", "parameters": {"image": "microbes.png", "transformer": {"name": "ColorChannelSelector", "channel": "v", "inverted": false}}}}, "density": 0.4, "start_dist": {"generator_name": "Image", "shape": [50, 50], "min": 0.0, "max": 250.0, "mean": 125.1348, "std": 71.592177149183, "dtype": "uint64", "parameters": {"image": "microbes.png", "transformer": {"name": "ColorChannelSelector", "channel": "v", "inverted": false}}}, "target_dist": {"generator_name": "Image", "shape": [50, 50], "min": 0.0, "max": 250.0, "mean": 125.1348, "std": 71.592177149183, "dtype": "uint64", "parameters": {"image": "microbes.png", "transformer": {"name": "ColorChannelSelector", "channel": "v", "inverted": false}}}}, "stats": {"date": "2020-11-17", "free_area": 2393.0, "number_of_clustered_robots": 123, "number_of_robots": 958}}}, "name": "microbes_00002_50x50_40_958", "obstacles": [[2, 22], [2, 23], [2, 24], [2, 25], [3, 25], [4, 25], [6, 24], [6, 25], [6, 26], [6, 27], [7, 24], [7, 27], [8, 24], [8, 27], [9, 24], [9, 25], [9, 26], [9, 27], [10, 36], [10, 37], [10, 38], [10, 39], [11, 36], [11, 39], [12, 36], [12, 37], [12, 38], [12, 39], [15, 7], [15, 8], [15, 9], [15, 33], [15, 34], [15, 35], [15, 36], [16, 33], [16, 36], [17, 33], [17, 36], [18, 33], [18, 36], [19, 33], [19, 34], [19, 35], [19, 36], [20, 11], [20, 12], [20, 13], [21, 11], [21, 13], [22, 11], [22, 13], [23, 11], [23, 12], [23, 13], [24, 31], [24, 32], [24, 33], [25, 31], [25, 33], [26, 31], [26, 32], [26, 33], [27, 19], [27, 20], [27, 21], [27, 41], [27, 42], [27, 43], [27, 44], [27, 45], [28, 19], [28, 21], [28, 41], [28, 45], [29, 19], [29, 20], [29, 21], [29, 41], [29, 45], [30, 41], [30, 42], [30, 43], [30, 44], [30, 45]], "starts": [[5, 18], [22, 14], [36, 18], [45, 20], [32, 33], [34, 29], [29, 14], [38, 23], [4, 17], [41, 21], [31, 29], [22, 16], [42, 16], [28, 27], [10, 19], [41, 23], [25, 34], [23, 15], [38, 20], [35, 33], [10, 14], [29, 17], [37, 14], [46, 16], [27, 34], [28, 33], [29, 13], [32, 22], [8, 19], [44, 17], [33, 36], [23, 16], [35, 15], [28, 35], [4, 13], [42, 22], [27, 33], [26, 18], [41, 16], [37, 30], [6, 18], [30, 15], [34, 24], [38, 14], [32, 34], [26, 16], [38, 18], [25, 27], [11, 17], [38, 17], [36, 36], [21, 17], [33, 14], [35, 31], [9, 11], [29, 12], [37, 23], [44, 16], [27, 35], [29, 34], [4, 14], [27, 14], [41, 22], [40, 23], [37, 25], [25, 19], [38, 16], [7, 16], [33, 33], [36, 15], [28, 32], [28, 12], [41, 19], [5, 15], [29, 33], [31, 16], [33, 20], [37, 19], [33, 27], [6, 10], [36, 30], [27, 15], [41, 17], [41, 15], [35, 30], [28, 22], [36, 24], [12, 15], [29, 29], [25, 20], [34, 22], [44, 18], [30, 36], [9, 17], [27, 31], [30, 13], [38, 22], [37, 18], [29, 32], [6, 12], [21, 16], [39, 14], [37, 37], [46, 24], [32, 25], [21, 15], [32, 16], [9, 10], [28, 34], [26, 15], [41, 20], [46, 14], [34, 35], [7, 11], [31, 33], [26, 20], [33, 22], [42, 18], [36, 31], [7, 15], [25, 15], [33, 17], [37, 29], [21, 5], [32, 15], [32, 49], [29, 22], [1, 32], [7, 29], [37, 17], [13, 31], [10, 29], [3, 35], [26, 24], [18, 38], [9, 13], [16, 12], [32, 43], [45, 9], [26, 25], [0, 22], [24, 30], [44, 19], [15, 45], [7, 30], [44, 1], [27, 7], [49, 31], [36, 11], [36, 1], [48, 44], [18, 46], [34, 19], [19, 18], [35, 1], [36, 23], [44, 46], [49, 12], [8, 13], [7, 32], [35, 43], [45, 19], [5, 9], [47, 15], [46, 28], [9, 20], [30, 5], [44, 12], [24, 46], [47, 36], [42, 11], [39, 8], [8, 15], [28, 39], [1, 6], [47, 27], [30, 12], [1, 1], [4, 40], [8, 12], [38, 1], [26, 19], [15, 25], [3, 43], [21, 42], [18, 32], [40, 32], [43, 39], [47, 28], [22, 31], [23, 38], [19, 0], [3, 32], [20, 24], [26, 8], [32, 32], [3, 38], [4, 34], [46, 31], [44, 11], [30, 38], [1, 46], [39, 38], [48, 9], [45, 28], [43, 32], [0, 43], [38, 35], [25, 42], [47, 30], [2, 2], [21, 33], [7, 12], [37, 36], [6, 49], [5, 35], [28, 4], [38, 28], [9, 9], [8, 10], [1, 27], [31, 23], [2, 47], [40, 24], [2, 30], [19, 43], [12, 4], [34, 36], [8, 4], [31, 38], [4, 46], [6, 8], [43, 45], [44, 10], [30, 0], [8, 23], [21, 38], [38, 30], [43, 14], [33, 18], [41, 8], [39, 44], [26, 38], [33, 0], [39, 5], [39, 20], [29, 30], [7, 2], [12, 42], [0, 49], [47, 41], [31, 1], [10, 21], [4, 18], [8, 36], [14, 4], [23, 31], [23, 40], [18, 12], [4, 45], [17, 43], [49, 9], [36, 16], [9, 14], [36, 47], [16, 43], [1, 9], [3, 6], [14, 38], [6, 31], [18, 3], [9, 18], [28, 13], [29, 2], [36, 45], [8, 6], [31, 30], [44, 37], [4, 28], [44, 4], [29, 23], [14, 35], [28, 7], [45, 14], [28, 1], [19, 1], [5, 6], [42, 34], [31, 39], [2, 0], [31, 9], [36, 14], [45, 21], [2, 32], [27, 8], [42, 5], [9, 41], [12, 0], [3, 11], [26, 34], [13, 0], [43, 11], [42, 41], [5, 49], [30, 6], [7, 22], [43, 22], [3, 5], [5, 41], [36, 5], [48, 18], [38, 3], [7, 17], [3, 23], [33, 2], [18, 20], [26, 36], [9, 22], [17, 30], [8, 32], [19, 41], [8, 9], [9, 36], [9, 34], [41, 34], [33, 3], [5, 48], [7, 5], [1, 20], [1, 36], [21, 37], [6, 36], [4, 27], [41, 13], [20, 29], [31, 6], [6, 15], [14, 1], [44, 9], [32, 35], [5, 36], [29, 7], [39, 30], [45, 40], [11, 3], [49, 0], [48, 19], [36, 2], [42, 28], [44, 43], [46, 40], [34, 14], [34, 33], [38, 25], [40, 14], [11, 27], [27, 49], [45, 37], [21, 1], [30, 11], [26, 26], [4, 32], [22, 33], [44, 15], [41, 6], [32, 47], [27, 6], [38, 24], [44, 23], [36, 33], [0, 1], [13, 5], [35, 38], [5, 34], [29, 8], [0, 23], [35, 2], [35, 27], [32, 9], [0, 6], [0, 39], [2, 40], [8, 35], [44, 21], [40, 44], [48, 10], [34, 6], [2, 9], [2, 46], [37, 32], [49, 30], [37, 44], [3, 42], [14, 42], [46, 26], [7, 38], [39, 6], [3, 39], [48, 17], [34, 2], [35, 11], [38, 46], [42, 21], [7, 39], [5, 37], [45, 30], [17, 13], [36, 12], [30, 33], [7, 23], [17, 20], [8, 31], [27, 32], [41, 33], [4, 9], [18, 1], [41, 37], [41, 32], [20, 42], [48, 0], [45, 34], [5, 31], [39, 15], [35, 9], [40, 31], [17, 14], [18, 44], [48, 43], [49, 32], [26, 1], [35, 12], [5, 43], [37, 7], [47, 37], [39, 43], [40, 46], [33, 25], [47, 33], [6, 11], [1, 0], [17, 44], [19, 30], [27, 47], [18, 30], [6, 34], [39, 42], [19, 31], [42, 19], [33, 16], [35, 36], [46, 36], [49, 34], [38, 4], [18, 14], [37, 31], [33, 7], [34, 28], [48, 15], [32, 27], [18, 16], [37, 15], [15, 5], [26, 17], [45, 35], [43, 48], [16, 37], [11, 14], [39, 24], [32, 18], [40, 12], [46, 44], [22, 43], [43, 18], [35, 19], [10, 15], [29, 15], [47, 9], [22, 34], [27, 26], [42, 46], [3, 46], [19, 15], [22, 15], [24, 47], [45, 23], [46, 0], [4, 11], [29, 6], [1, 49], [32, 1], [40, 5], [11, 32], [24, 3], [5, 24], [6, 37], [43, 24], [7, 9], [38, 33], [6, 39], [28, 23], [3, 9], [40, 38], [1, 11], [21, 2], [7, 8], [38, 9], [10, 34], [3, 41], [2, 31], [0, 33], [5, 0], [25, 17], [34, 46], [15, 20], [10, 41], [43, 44], [24, 29], [43, 40], [13, 35], [22, 30], [23, 0], [49, 40], [5, 22], [47, 10], [15, 43], [9, 1], [38, 41], [18, 28], [47, 38], [5, 1], [46, 27], [5, 42], [6, 48], [31, 0], [23, 17], [45, 0], [49, 19], [36, 38], [49, 6], [44, 24], [37, 33], [36, 42], [11, 15], [18, 2], [15, 4], [40, 27], [6, 2], [4, 37], [23, 35], [11, 29], [10, 35], [2, 1], [15, 44], [44, 39], [43, 42], [42, 15], [31, 14], [34, 9], [47, 44], [26, 9], [8, 7], [8, 29], [30, 9], [35, 47], [28, 14], [33, 21], [21, 31], [0, 4], [38, 37], [21, 43], [16, 44], [43, 35], [3, 10], [22, 7], [49, 15], [7, 4], [1, 31], [28, 36], [39, 46], [12, 29], [0, 28], [22, 37], [38, 49], [22, 24], [8, 40], [28, 2], [37, 28], [28, 40], [2, 18], [45, 31], [42, 20], [15, 14], [29, 38], [47, 35], [35, 35], [31, 37], [24, 25], [41, 27], [39, 17], [22, 32], [42, 12], [2, 42], [4, 10], [10, 32], [45, 5], [44, 27], [0, 29], [42, 39], [1, 48], [34, 42], [36, 10], [5, 40], [16, 10], [16, 20], [38, 21], [43, 41], [26, 6], [5, 10], [6, 5], [48, 42], [7, 13], [45, 38], [42, 13], [6, 32], [35, 46], [7, 28], [24, 12], [1, 22], [24, 35], [3, 8], [11, 4], [39, 21], [14, 14], [32, 40], [1, 40], [23, 23], [24, 23], [40, 34], [38, 8], [0, 37], [30, 3], [35, 45], [45, 12], [48, 16], [20, 33], [44, 44], [37, 12], [6, 29], [3, 34], [36, 29], [42, 29], [45, 25], [10, 24], [49, 42], [32, 6], [3, 17], [16, 13], [47, 32], [29, 9], [31, 31], [23, 47], [33, 9], [11, 21], [19, 17], [10, 1], [25, 41], [20, 30], [38, 0], [38, 38], [28, 37], [49, 28], [36, 13], [5, 47], [46, 42], [34, 4], [48, 12], [43, 15], [3, 19], [16, 2], [44, 35], [28, 17], [46, 10], [13, 43], [4, 39], [27, 18], [16, 29], [33, 4], [37, 4], [40, 8], [9, 28], [41, 46], [6, 41], [22, 0], [4, 43], [13, 34], [0, 3], [3, 36], [39, 28], [13, 37], [14, 48], [0, 34], [47, 19], [44, 5], [9, 3], [4, 23], [23, 39], [19, 4], [42, 38], [42, 26], [44, 49], [18, 22], [0, 21], [30, 40], [19, 20], [1, 41], [30, 48], [3, 4], [2, 41], [26, 46], [37, 22], [8, 37], [16, 25], [44, 33], [11, 25], [3, 29], [44, 41], [48, 36], [35, 5], [8, 8], [43, 28], [44, 38], [45, 24], [31, 7], [1, 35], [32, 37], [38, 2], [35, 44], [43, 12], [1, 42], [3, 40], [37, 9], [26, 14], [7, 40], [48, 28], [10, 8], [40, 9], [42, 23], [42, 32], [3, 0], [19, 25], [45, 32], [20, 1], [27, 36], [18, 24], [35, 18], [42, 8], [37, 27], [20, 25], [20, 31], [22, 42], [20, 21], [38, 12], [11, 41], [11, 2], [22, 2], [18, 23], [17, 25], [35, 22], [39, 47], [40, 49], [34, 45], [36, 43], [34, 5], [21, 34], [49, 37], [47, 26], [46, 20], [6, 20], [7, 31], [23, 6], [11, 1], [45, 18], [19, 14], [29, 4], [17, 3], [34, 44], [5, 30], [6, 28], [2, 20], [46, 33], [12, 2], [16, 47], [32, 24], [24, 42], [40, 6], [44, 45], [10, 27], [41, 12], [5, 3], [31, 32], [49, 36], [15, 0], [45, 11], [17, 10], [31, 27], [38, 39], [7, 18], [10, 28], [39, 37], [10, 3], [18, 31], [41, 35], [30, 17], [49, 11], [1, 13], [48, 14], [4, 33], [35, 6], [41, 9], [43, 29], [1, 23], [43, 5], [35, 26], [43, 16], [33, 5], [0, 36], [47, 45], [30, 22], [31, 48], [39, 26], [33, 49], [41, 31], [43, 17], [22, 6], [45, 39], [3, 14], [10, 18], [43, 37], [15, 31], [37, 48], [7, 36], [7, 6], [13, 38], [40, 18], [1, 3], [47, 12], [12, 34], [25, 0], [40, 45], [30, 2], [33, 35], [2, 37], [16, 32], [27, 0], [45, 42], [3, 47], [28, 31], [9, 21], [13, 24], [37, 8], [37, 3], [32, 17], [2, 45], [24, 41], [33, 40], [42, 33], [30, 49], [11, 8], [4, 31], [40, 28], [25, 25], [44, 20], [34, 30], [33, 48], [14, 30], [33, 39], [26, 11], [8, 16], [49, 1], [46, 39], [14, 20], [9, 37], [33, 31], [32, 23], [34, 34], [49, 35], [7, 14], [12, 20], [35, 29], [29, 26], [45, 22], [17, 0], [20, 38], [8, 14], [2, 5], [40, 33], [17, 31], [9, 2], [34, 41], [31, 28], [4, 19], [36, 8], [2, 3], [46, 15], [31, 34], [19, 2], [5, 16], [34, 3], [22, 17], [41, 45], [19, 42], [20, 9], [1, 45], [0, 42], [37, 5], [42, 6], [42, 47], [42, 48], [35, 48], [48, 6], [23, 1], [41, 24], [28, 11], [26, 2], [3, 49], [44, 48], [11, 16], [1, 30], [15, 48], [6, 16], [0, 27], [47, 11], [15, 2], [32, 8], [34, 0], [36, 28], [25, 46], [36, 39], [47, 29], [12, 24], [42, 17], [36, 49], [1, 8], [23, 14], [3, 24], [18, 10], [32, 14], [13, 40], [6, 14], [1, 44], [5, 27], [34, 40], [43, 46], [25, 30], [47, 17], [4, 2], [41, 40], [26, 41]], "targets": [[6, 8], [26, 44], [13, 35], [35, 6], [42, 15], [49, 14], [16, 44], [11, 28], [10, 8], [36, 12], [49, 15], [19, 38], [20, 32], [43, 14], [8, 8], [36, 4], [48, 9], [19, 44], [14, 35], [45, 14], [3, 6], [18, 44], [14, 32], [40, 9], [48, 6], [44, 4], [26, 36], [15, 32], [5, 5], [38, 9], [42, 9], [20, 42], [15, 30], [47, 15], [9, 7], [39, 11], [48, 14], [18, 45], [17, 25], [49, 13], [8, 6], [22, 46], [19, 26], [33, 9], [43, 15], [17, 44], [10, 27], [45, 3], [12, 2], [35, 2], [49, 6], [24, 39], [17, 30], [46, 5], [4, 0], [25, 42], [19, 29], [42, 8], [43, 11], [49, 11], [3, 5], [25, 38], [18, 27], [35, 10], [45, 10], [17, 45], [18, 29], [6, 5], [47, 13], [37, 5], [49, 10], [24, 40], [13, 34], [9, 3], [42, 6], [21, 45], [15, 25], [33, 3], [47, 9], [8, 4], [49, 9], [20, 44], [10, 26], [40, 5], [44, 13], [23, 41], [17, 32], [12, 4], [46, 14], [21, 46], [11, 31], [38, 4], [42, 12], [3, 4], [43, 10], [23, 40], [14, 33], [33, 7], [43, 13], [3, 8], [25, 41], [20, 31], [49, 12], [43, 7], [43, 9], [21, 42], [19, 31], [2, 4], [47, 10], [26, 45], [16, 29], [33, 6], [43, 12], [7, 8], [43, 6], [16, 37], [11, 29], [42, 10], [48, 10], [10, 7], [21, 43], [10, 30], [45, 12], [47, 27], [38, 17], [32, 37], [8, 12], [49, 40], [20, 34], [22, 33], [45, 34], [40, 28], [7, 12], [9, 21], [48, 15], [42, 44], [40, 27], [48, 17], [11, 0], [21, 32], [6, 15], [2, 16], [35, 44], [40, 46], [1, 20], [25, 39], [10, 28], [42, 14], [47, 40], [41, 30], [31, 10], [46, 11], [25, 16], [41, 29], [21, 0], [36, 2], [43, 33], [29, 2], [47, 17], [1, 22], [45, 13], [12, 32], [9, 33], [13, 8], [1, 42], [37, 0], [26, 11], [37, 33], [43, 43], [35, 38], [44, 5], [21, 4], [35, 37], [21, 8], [13, 36], [26, 6], [3, 3], [27, 46], [15, 46], [15, 43], [34, 32], [13, 1], [6, 31], [49, 18], [32, 23], [45, 16], [21, 37], [39, 18], [30, 35], [43, 48], [37, 47], [42, 19], [23, 16], [35, 0], [4, 30], [35, 27], [13, 38], [11, 1], [6, 23], [34, 25], [46, 45], [38, 25], [10, 33], [36, 49], [17, 13], [2, 43], [46, 29], [36, 15], [39, 45], [37, 29], [38, 18], [40, 31], [41, 47], [40, 35], [36, 16], [36, 3], [14, 14], [3, 49], [43, 28], [33, 48], [34, 19], [3, 26], [18, 19], [6, 11], [14, 1], [0, 21], [46, 13], [34, 30], [44, 39], [12, 24], [41, 9], [40, 37], [42, 35], [26, 42], [9, 14], [28, 31], [3, 43], [20, 33], [3, 16], [3, 18], [32, 32], [18, 43], [8, 0], [5, 33], [36, 8], [16, 31], [30, 10], [37, 35], [18, 14], [24, 24], [16, 11], [41, 41], [6, 16], [45, 4], [11, 22], [44, 26], [6, 21], [5, 42], [7, 16], [36, 32], [35, 14], [33, 35], [33, 33], [21, 15], [4, 15], [10, 19], [37, 38], [0, 5], [9, 12], [46, 1], [36, 23], [10, 18], [42, 47], [3, 44], [19, 43], [46, 3], [22, 34], [28, 36], [30, 48], [15, 3], [28, 0], [5, 9], [40, 19], [16, 12], [45, 23], [1, 13], [17, 21], [10, 5], [0, 39], [45, 46], [45, 33], [8, 28], [6, 36], [17, 49], [26, 34], [48, 43], [13, 14], [2, 42], [5, 22], [39, 14], [16, 6], [0, 8], [14, 6], [23, 31], [44, 28], [46, 27], [0, 22], [29, 31], [19, 22], [22, 14], [39, 6], [4, 29], [46, 20], [2, 18], [41, 22], [38, 14], [32, 30], [27, 23], [44, 44], [1, 38], [36, 7], [25, 18], [31, 49], [29, 30], [0, 48], [6, 4], [26, 26], [32, 4], [5, 8], [35, 47], [31, 23], [33, 4], [49, 29], [12, 8], [27, 6], [3, 34], [6, 39], [38, 28], [41, 10], [37, 19], [46, 16], [34, 36], [33, 49], [24, 7], [41, 6], [46, 18], [0, 2], [35, 24], [33, 1], [21, 35], [2, 26], [0, 49], [35, 5], [1, 17], [29, 10], [24, 36], [40, 10], [26, 48], [43, 24], [38, 41], [38, 6], [7, 10], [37, 10], [37, 15], [47, 11], [25, 29], [4, 45], [38, 46], [13, 49], [39, 48], [34, 42], [5, 41], [36, 29], [0, 33], [10, 31], [41, 27], [35, 11], [31, 3], [5, 20], [1, 37], [40, 11], [11, 17], [16, 45], [9, 9], [5, 46], [34, 41], [11, 8], [3, 21], [7, 1], [32, 25], [28, 37], [11, 35], [32, 2], [2, 34], [5, 40], [38, 37], [5, 48], [35, 30], [40, 7], [34, 13], [32, 29], [44, 16], [25, 48], [33, 47], [38, 20], [1, 31], [25, 30], [5, 3], [5, 1], [4, 39], [33, 24], [1, 40], [8, 16], [7, 9], [4, 26], [37, 39], [49, 41], [33, 38], [44, 33], [25, 46], [34, 18], [49, 35], [45, 37], [19, 40], [12, 35], [31, 6], [25, 27], [29, 32], [7, 19], [39, 40], [3, 19], [41, 40], [5, 34], [35, 45], [0, 44], [0, 28], [36, 14], [18, 18], [26, 9], [45, 2], [28, 32], [11, 33], [43, 29], [32, 34], [20, 22], [40, 6], [33, 17], [7, 34], [49, 28], [47, 39], [15, 14], [37, 44], [9, 38], [40, 8], [21, 30], [2, 39], [43, 36], [2, 28], [0, 0], [22, 0], [45, 31], [23, 7], [34, 6], [12, 31], [41, 8], [14, 13], [39, 35], [7, 6], [34, 35], [12, 22], [11, 20], [47, 38], [44, 38], [21, 33], [39, 44], [28, 5], [2, 33], [22, 31], [34, 33], [37, 34], [47, 31], [2, 0], [4, 5], [32, 24], [1, 45], [3, 9], [49, 8], [42, 5], [27, 36], [9, 32], [39, 30], [39, 27], [17, 20], [33, 8], [39, 23], [23, 32], [30, 4], [19, 42], [45, 21], [42, 45], [41, 31], [1, 23], [18, 20], [26, 30], [3, 36], [0, 6], [10, 21], [27, 33], [6, 17], [37, 27], [14, 37], [45, 5], [40, 32], [45, 47], [42, 37], [34, 20], [40, 13], [2, 19], [31, 43], [4, 22], [8, 23], [15, 49], [37, 49], [39, 4], [44, 25], [0, 24], [2, 3], [38, 7], [3, 17], [38, 35], [30, 7], [40, 49], [38, 47], [20, 15], [20, 36], [46, 21], [13, 33], [6, 30], [6, 28], [7, 31], [37, 9], [17, 47], [28, 7], [40, 48], [29, 36], [19, 20], [30, 28], [40, 45], [25, 7], [34, 12], [0, 36], [24, 21], [19, 4], [44, 19], [26, 23], [19, 30], [1, 29], [20, 23], [41, 1], [5, 0], [20, 25], [18, 30], [10, 2], [0, 7], [44, 35], [30, 2], [21, 31], [5, 30], [36, 1], [35, 39], [1, 9], [2, 30], [37, 25], [9, 36], [13, 3], [40, 18], [9, 17], [33, 39], [43, 16], [42, 17], [31, 31], [10, 25], [41, 35], [39, 17], [18, 37], [4, 19], [46, 26], [1, 2], [49, 33], [42, 11], [48, 34], [29, 47], [38, 32], [24, 17], [47, 0], [4, 12], [29, 0], [4, 6], [36, 6], [40, 43], [21, 9], [1, 28], [10, 15], [20, 29], [18, 1], [27, 26], [39, 33], [33, 23], [14, 34], [37, 42], [1, 47], [7, 35], [31, 36], [35, 46], [20, 16], [1, 27], [34, 23], [28, 10], [36, 17], [47, 33], [10, 6], [30, 13], [47, 43], [29, 9], [47, 37], [23, 6], [44, 27], [36, 37], [28, 3], [42, 40], [5, 23], [22, 30], [25, 15], [11, 15], [46, 35], [34, 22], [41, 38], [22, 32], [39, 41], [46, 17], [8, 9], [15, 2], [42, 43], [10, 16], [3, 1], [33, 25], [3, 14], [1, 39], [19, 16], [9, 29], [3, 27], [33, 32], [44, 47], [3, 33], [2, 41], [34, 27], [44, 48], [30, 23], [20, 0], [47, 44], [38, 33], [48, 38], [28, 4], [14, 4], [13, 5], [19, 10], [0, 35], [33, 31], [32, 17], [7, 30], [38, 44], [30, 27], [46, 4], [12, 21], [0, 47], [35, 3], [21, 7], [43, 19], [18, 15], [47, 16], [4, 1], [14, 20], [40, 24], [23, 4], [32, 49], [28, 33], [39, 8], [36, 19], [8, 17], [36, 18], [47, 34], [4, 47], [27, 13], [21, 24], [39, 29], [26, 27], [46, 36], [27, 38], [6, 20], [31, 33], [29, 6], [41, 39], [2, 11], [32, 1], [45, 0], [37, 20], [22, 17], [45, 18], [27, 10], [37, 13], [27, 7], [1, 46], [25, 28], [33, 30], [19, 17], [10, 14], [14, 7], [10, 0], [1, 33], [5, 32], [18, 2], [39, 25], [43, 5], [44, 43], [28, 14], [32, 9], [5, 6], [14, 44], [16, 21], [0, 41], [10, 3], [26, 1], [5, 2], [39, 36], [23, 42], [27, 9], [41, 11], [32, 33], [40, 47], [26, 14], [23, 15], [11, 24], [40, 22], [1, 19], [46, 39], [31, 2], [27, 2], [14, 2], [45, 39], [34, 47], [9, 40], [47, 32], [40, 33], [44, 41], [24, 37], [28, 13], [30, 12], [38, 13], [23, 23], [38, 11], [31, 0], [1, 4], [43, 30], [16, 10], [10, 22], [44, 32], [44, 23], [39, 46], [44, 1], [29, 17], [44, 10], [22, 36], [5, 28], [3, 23], [23, 43], [18, 32], [31, 48], [31, 28], [45, 20], [41, 12], [8, 40], [35, 17], [34, 38], [16, 47], [6, 37], [46, 44], [42, 42], [3, 48], [0, 19], [48, 28], [26, 8], [38, 8], [34, 9], [39, 32], [1, 0], [26, 24], [7, 40], [22, 37], [23, 25], [8, 15], [34, 31], [28, 34], [36, 36], [42, 31], [39, 12], [38, 5], [25, 25], [19, 37], [39, 7], [42, 39], [37, 17], [45, 17], [18, 24], [7, 15], [28, 49], [23, 1], [34, 44], [28, 11], [7, 2], [44, 2], [0, 40], [44, 20], [41, 7], [40, 20], [49, 34], [6, 7], [21, 23], [0, 20], [40, 39], [29, 38], [8, 10], [2, 37], [30, 17], [39, 28], [42, 34], [46, 31], [18, 22], [48, 33], [23, 22], [8, 22], [17, 14], [45, 44], [15, 12], [26, 16], [9, 19], [48, 0], [13, 4], [38, 1], [20, 37], [37, 6], [4, 27], [10, 23], [17, 46], [4, 49], [9, 11], [26, 49], [3, 28], [33, 0], [44, 49], [30, 5], [6, 22], [6, 12], [6, 19], [40, 38], [4, 42], [0, 3], [3, 40], [11, 4], [48, 36], [46, 46], [43, 35], [6, 1], [30, 40], [4, 8], [27, 40], [3, 31], [41, 18], [4, 46], [14, 3], [17, 19], [31, 4], [35, 42], [1, 48], [27, 31], [31, 16], [33, 19], [26, 20], [44, 12], [1, 43], [38, 3], [17, 4], [28, 18], [23, 0], [5, 43], [39, 42], [15, 38], [46, 19], [39, 34], [34, 0], [44, 24], [25, 17], [33, 22], [32, 35], [17, 11], [35, 13], [21, 36], [35, 19], [23, 47], [31, 35], [44, 14], [19, 28], [40, 15], [33, 5], [9, 1], [45, 26], [46, 43], [32, 0], [4, 16], [49, 37], [34, 5], [31, 15], [28, 23], [27, 47], [48, 37], [36, 45], [37, 30], [19, 15], [26, 25], [17, 37], [17, 48], [8, 11], [36, 27], [28, 46], [10, 20], [45, 40], [0, 12], [15, 4], [9, 15], [29, 13], [5, 12], [48, 18], [36, 9], [29, 33], [42, 29], [42, 49], [8, 35], [36, 34], [38, 34], [5, 24], [47, 18], [28, 12], [24, 0], [33, 14], [31, 13], [12, 30], [23, 35], [41, 49], [5, 10]]}