{"meta": {"number_of_robots": 110, "description": {"parameters": {"seed": 3670, "shape": [20, 20], "obstacles": {"n": 5, "mean": 7, "std": 3.5}, "clusters": {"n": 10, "mean": 20, "std": 10.0, "relative_radius": 2, "increase_factor": 1.3, "start_dist": {"generator_name": "Image", "shape": [20, 20], "min": 0.0, "max": 215.0, "mean": 124.7575, "std": 56.42103946002768, "dtype": "uint64", "parameters": {"image": "microbes.png", "transformer": {"name": "ColorChannelSelector", "channel": "v", "inverted": false}}}, "target_dist": {"generator_name": "Image", "shape": [20, 20], "min": 0.0, "max": 215.0, "mean": 124.7575, "std": 56.42103946002768, "dtype": "uint64", "parameters": {"image": "microbes.png", "transformer": {"name": "ColorChannelSelector", "channel": "v", "inverted": false}}}}, "density": 0.6, "start_dist": {"generator_name": "Image", "shape": [20, 20], "min": 0.0, "max": 215.0, "mean": 124.7575, "std": 56.42103946002768, "dtype": "uint64", "parameters": {"image": "microbes.png", "transformer": {"name": "ColorChannelSelector", "channel": "v", "inverted": false}}}, "target_dist": {"generator_name": "Image", "shape": [20, 20], "min": 0.0, "max": 215.0, "mean": 124.7575, "std": 56.42103946002768, "dtype": "uint64", "parameters": {"image": "microbes.png", "transformer": {"name": "ColorChannelSelector", "channel": "v", "inverted": false}}}}, "stats": {"date": "2020-11-17", "free_area": 183.0, "number_of_clustered_robots": 110, "number_of_robots": 110}}}, "name": "microbes_00000_20x20_60_110", "obstacles": [[0, 4], [0, 5], [0, 6], [0, 7], [0, 8], [0, 9], [0, 10], [0, 11], [0, 12], [0, 13], [0, 14], [0, 15], [0, 16], [1, 4], [1, 16], [2, 4], [2, 16], [3, 4], [3, 16], [4, 1], [4, 2], [4, 3], [4, 16], [5, 1], [5, 16], [6, 1], [6, 16], [7, 1], [7, 6], [7, 7], [7, 8], [7, 9], [7, 10], [7, 11], [7, 12], [7, 13], [7, 14], [7, 15], [7, 16], [8, 1], [8, 5], [9, 1], [9, 6], [9, 7], [9, 8], [9, 9], [9, 10], [9, 11], [9, 12], [10, 2], [10, 12], [11, 2], [11, 12], [12, 2], [12, 12], [13, 2], [13, 12], [14, 2], [14, 12], [15, 2], [15, 12], [16, 2], [16, 3], [16, 4], [16, 5], [16, 12], [17, 6], [17, 7], [17, 8], [17, 9], [17, 10], [17, 11], [17, 12]], "starts": [[19, 5], [19, 11], [2, 2], [1, 19], [2, 0], [14, 18], [2, 3], [10, 13], [13, 1], [19, 12], [6, 0], [18, 6], [15, 1], [3, 2], [8, 15], [14, 19], [3, 3], [0, 2], [18, 0], [8, 7], [14, 0], [1, 1], [14, 1], [19, 14], [10, 19], [15, 14], [11, 1], [19, 0], [18, 12], [3, 1], [3, 0], [7, 0], [17, 4], [14, 14], [12, 15], [15, 0], [12, 1], [5, 0], [1, 0], [11, 0], [18, 4], [18, 10], [19, 7], [16, 13], [2, 1], [6, 17], [16, 15], [8, 6], [17, 5], [8, 0], [13, 0], [4, 0], [0, 0], [14, 17], [16, 19], [16, 0], [17, 2], [19, 2], [18, 2], [0, 1], [12, 0], [0, 3], [18, 7], [16, 14], [13, 14], [9, 13], [10, 0], [18, 5], [1, 3], [16, 1], [9, 0], [19, 4], [9, 14], [14, 13], [1, 2], [10, 1], [8, 9], [17, 3], [18, 1], [8, 8], [19, 6], [16, 16], [8, 12], [13, 19], [10, 14], [18, 9], [17, 0], [8, 10], [18, 3], [18, 8], [8, 11], [17, 1], [5, 19], [6, 18], [19, 3], [19, 8], [18, 11], [15, 13], [11, 15], [19, 10], [19, 13], [18, 16], [13, 17], [8, 14], [12, 13], [13, 13], [17, 13], [8, 13], [11, 13], [18, 13]], "targets": [[17, 4], [17, 13], [13, 14], [16, 16], [17, 15], [2, 0], [0, 2], [12, 0], [14, 1], [10, 13], [13, 15], [18, 0], [8, 13], [17, 19], [8, 0], [19, 3], [18, 10], [0, 3], [19, 6], [19, 15], [6, 19], [19, 14], [15, 0], [19, 12], [3, 3], [18, 5], [18, 16], [13, 0], [14, 15], [1, 3], [15, 14], [15, 16], [13, 1], [2, 2], [15, 1], [16, 18], [14, 14], [13, 19], [3, 0], [18, 15], [17, 3], [19, 0], [14, 19], [18, 12], [14, 18], [0, 0], [14, 0], [14, 17], [18, 1], [16, 13], [13, 13], [2, 3], [12, 13], [3, 2], [12, 1], [16, 15], [11, 1], [16, 14], [19, 7], [17, 17], [15, 18], [4, 0], [18, 4], [18, 8], [8, 8], [19, 4], [19, 17], [10, 16], [18, 14], [19, 5], [15, 19], [15, 17], [2, 1], [17, 5], [1, 2], [14, 13], [12, 15], [17, 1], [16, 0], [18, 13], [11, 14], [19, 13], [17, 14], [7, 0], [18, 6], [19, 2], [19, 16], [6, 0], [5, 17], [18, 18], [17, 18], [17, 2], [1, 0], [17, 0], [18, 7], [15, 15], [10, 14], [3, 1], [16, 17], [11, 0], [17, 16], [18, 9], [5, 0], [18, 2], [8, 17], [12, 14], [18, 3], [18, 17], [0, 1], [15, 13]]}