{"meta": {"number_of_robots": 200, "description": {"parameters": {"seed": 5381, "shape": [20, 20], "obstacles": {"n": 0, "mean": 5, "std": 2.5}, "clusters": {"n": 5, "mean": 40, "std": 20.0, "relative_radius": 2, "increase_factor": 1.3, "start_dist": {"generator_name": "Image", "shape": [20, 20], "min": 0.0, "max": 215.0, "mean": 124.7575, "std": 56.42103946002768, "dtype": "uint64", "parameters": {"image": "microbes.png", "transformer": {"name": "ColorChannelSelector", "channel": "v", "inverted": false}}}, "target_dist": {"generator_name": "Image", "shape": [20, 20], "min": 0.0, "max": 215.0, "mean": 124.7575, "std": 56.42103946002768, "dtype": "uint64", "parameters": {"image": "microbes.png", "transformer": {"name": "ColorChannelSelector", "channel": "v", "inverted": false}}}}, "density": 0.5, "start_dist": {"generator_name": "Image", "shape": [20, 20], "min": 0.0, "max": 215.0, "mean": 124.7575, "std": 56.42103946002768, "dtype": "uint64", "parameters": {"image": "microbes.png", "transformer": {"name": "ColorChannelSelector", "channel": "v", "inverted": false}}}, "target_dist": {"generator_name": "Image", "shape": [20, 20], "min": 0.0, "max": 215.0, "mean": 124.7575, "std": 56.42103946002768, "dtype": "uint64", "parameters": {"image": "microbes.png", "transformer": {"name": "ColorChannelSelector", "channel": "v", "inverted": false}}}}, "stats": {"date": "2020-11-17", "free_area": 400.0, "number_of_clustered_robots": 200, "number_of_robots": 200}}}, "name": "microbes_00001_20x20_50_200", "obstacles": [], "starts": [[16, 15], [15, 3], [15, 18], [4, 15], [15, 14], [16, 19], [13, 15], [16, 4], [17, 16], [9, 17], [15, 13], [12, 9], [2, 15], [10, 6], [18, 15], [19, 15], [14, 11], [16, 18], [17, 10], [6, 6], [11, 18], [10, 10], [18, 7], [18, 13], [14, 4], [1, 12], [15, 15], [14, 12], [2, 13], [10, 18], [14, 7], [14, 14], [15, 10], [8, 18], [14, 13], [11, 17], [3, 6], [18, 19], [11, 15], [4, 8], [12, 11], [8, 13], [3, 7], [17, 9], [13, 9], [5, 17], [12, 13], [9, 15], [5, 2], [13, 10], [16, 16], [15, 19], [3, 8], [3, 0], [11, 13], [16, 13], [18, 16], [14, 17], [7, 15], [15, 4], [15, 8], [17, 18], [10, 11], [12, 5], [14, 5], [1, 10], [8, 16], [11, 10], [16, 7], [0, 19], [9, 2], [15, 12], [13, 7], [16, 14], [8, 14], [0, 17], [17, 19], [7, 0], [19, 16], [12, 10], [10, 17], [3, 14], [4, 6], [3, 16], [14, 19], [10, 9], [14, 18], [17, 6], [12, 6], [5, 13], [15, 16], [3, 11], [10, 16], [4, 16], [7, 6], [12, 19], [14, 15], [17, 17], [1, 15], [13, 6], [19, 12], [17, 7], [5, 14], [0, 18], [11, 9], [17, 0], [1, 11], [18, 14], [11, 12], [14, 9], [3, 3], [5, 15], [11, 8], [13, 12], [17, 11], [9, 8], [6, 5], [17, 12], [4, 11], [18, 11], [4, 14], [13, 8], [7, 14], [16, 5], [15, 7], [14, 10], [17, 14], [13, 0], [4, 13], [15, 17], [10, 15], [13, 17], [12, 15], [15, 6], [12, 3], [1, 8], [19, 17], [14, 16], [6, 15], [9, 12], [17, 5], [18, 5], [1, 17], [12, 12], [7, 1], [6, 12], [11, 7], [5, 19], [13, 16], [10, 8], [10, 7], [3, 2], [7, 7], [18, 18], [16, 9], [6, 14], [10, 12], [14, 1], [15, 5], [7, 9], [17, 13], [0, 12], [11, 6], [19, 13], [16, 11], [13, 14], [15, 11], [10, 5], [4, 5], [11, 19], [13, 19], [16, 10], [10, 13], [16, 6], [9, 9], [16, 12], [2, 12], [18, 10], [7, 10], [18, 17], [6, 0], [7, 8], [16, 17], [19, 7], [14, 8], [17, 3], [3, 9], [19, 11], [0, 9], [18, 12], [11, 5], [19, 14], [0, 14], [6, 10], [18, 8], [8, 17], [18, 6], [11, 3], [1, 13], [11, 14]], "targets": [[17, 3], [3, 16], [11, 12], [8, 9], [17, 16], [10, 10], [5, 9], [11, 16], [16, 13], [5, 15], [13, 2], [14, 17], [1, 19], [8, 13], [16, 14], [19, 16], [10, 18], [5, 1], [1, 15], [14, 18], [10, 11], [16, 18], [1, 10], [12, 1], [12, 15], [5, 17], [18, 14], [11, 15], [9, 12], [13, 16], [4, 14], [16, 2], [15, 18], [6, 12], [10, 0], [0, 16], [17, 13], [14, 12], [15, 14], [3, 12], [14, 0], [1, 11], [7, 19], [11, 9], [19, 13], [0, 13], [5, 6], [19, 15], [17, 12], [5, 14], [18, 18], [11, 10], [7, 10], [6, 19], [18, 12], [3, 10], [14, 10], [17, 8], [7, 13], [9, 15], [7, 0], [12, 11], [0, 14], [14, 4], [7, 12], [10, 17], [19, 17], [12, 10], [7, 14], [0, 11], [4, 12], [18, 15], [3, 15], [9, 9], [18, 8], [7, 16], [15, 15], [10, 13], [13, 14], [3, 14], [10, 7], [9, 14], [8, 17], [16, 15], [13, 10], [7, 4], [0, 8], [6, 14], [15, 11], [3, 11], [16, 9], [4, 15], [14, 6], [14, 9], [12, 19], [9, 19], [15, 17], [15, 7], [2, 14], [17, 17], [16, 10], [12, 14], [15, 12], [1, 14], [11, 7], [14, 14], [2, 19], [9, 11], [6, 13], [18, 16], [16, 16], [18, 19], [0, 17], [17, 7], [16, 12], [4, 13], [14, 15], [8, 0], [5, 19], [7, 9], [15, 9], [15, 8], [3, 13], [12, 16], [7, 11], [3, 9], [10, 2], [10, 14], [6, 15], [16, 11], [9, 8], [13, 13], [7, 8], [15, 10], [14, 13], [1, 16], [18, 13], [6, 1], [15, 16], [0, 12], [8, 12], [12, 0], [1, 18], [19, 11], [7, 17], [8, 15], [7, 7], [13, 11], [17, 14], [5, 13], [6, 8], [17, 15], [10, 16], [8, 18], [14, 11], [1, 13], [16, 17], [10, 12], [12, 6], [0, 15], [17, 18], [2, 12], [13, 15], [18, 5], [9, 16], [13, 12], [18, 10], [19, 14], [11, 18], [10, 9], [8, 6], [12, 13], [4, 11], [13, 19], [18, 9], [15, 5], [9, 10], [17, 11], [0, 19], [18, 6], [14, 19], [6, 10], [17, 4], [18, 17], [15, 13], [6, 18], [1, 12], [11, 4], [8, 14], [11, 13], [9, 17], [8, 11], [7, 15], [17, 10], [11, 17], [1, 8], [17, 2], [6, 17], [5, 12], [16, 3]]}