{"meta": {"number_of_robots": 1250, "description": {"parameters": {"seed": 1438, "shape": [50, 50], "obstacles": {"n": 0, "mean": 3, "std": 1.5}, "clusters": {"n": 50, "mean": 20, "std": 10.0, "relative_radius": 2, "increase_factor": 1.3, "start_dist": {"generator_name": "Image", "shape": [50, 50], "min": 0.0, "max": 250.0, "mean": 125.1348, "std": 71.592177149183, "dtype": "uint64", "parameters": {"image": "microbes.png", "transformer": {"name": "ColorChannelSelector", "channel": "v", "inverted": false}}}, "target_dist": {"generator_name": "Image", "shape": [50, 50], "min": 5.0, "max": 255.0, "mean": 129.8652, "std": 71.592177149183, "dtype": "uint64", "parameters": {"image": "microbes.png", "transformer": {"name": "ColorChannelSelector", "channel": "v", "inverted": true}}}}, "density": 0.5, "start_dist": {"generator_name": "Image", "shape": [50, 50], "min": 0.0, "max": 250.0, "mean": 125.1348, "std": 71.592177149183, "dtype": "uint64", "parameters": {"image": "microbes.png", "transformer": {"name": "ColorChannelSelector", "channel": "v", "inverted": false}}}, "target_dist": {"generator_name": "Image", "shape": [50, 50], "min": 5.0, "max": 255.0, "mean": 129.8652, "std": 71.592177149183, "dtype": "uint64", "parameters": {"image": "microbes.png", "transformer": {"name": "ColorChannelSelector", "channel": "v", "inverted": true}}}}, "stats": {"date": "2020-11-17", "free_area": 2500.0, "number_of_clustered_robots": 948, "number_of_robots": 1250}}}, "name": "microbes_00004_50x50_50_1250", "obstacles": [], "starts": [[15, 1], [3, 31], [0, 36], [46, 46], [48, 41], [40, 9], [5, 31], [7, 34], [37, 8], [2, 28], [3, 48], [31, 9], [45, 46], [38, 11], [42, 42], [42, 15], [38, 20], [19, 20], [9, 2], [34, 14], [29, 9], [19, 33], [4, 45], [12, 2], [5, 37], [38, 29], [44, 1], [37, 27], [39, 12], [14, 37], [43, 40], [46, 20], [42, 19], [17, 33], [41, 34], [6, 14], [2, 24], [21, 11], [35, 7], [27, 1], [35, 17], [39, 42], [33, 9], [46, 43], [3, 17], [7, 22], [35, 8], [24, 6], [36, 22], [25, 23], [21, 15], [3, 29], [3, 41], [25, 17], [10, 29], [18, 33], [2, 25], [48, 35], [29, 12], [39, 46], [37, 9], [46, 27], [3, 2], [40, 38], [32, 16], [47, 34], [2, 26], [37, 24], [4, 9], [16, 45], [20, 10], [40, 40], [46, 49], [32, 33], [45, 38], [40, 13], [5, 44], [6, 40], [38, 13], [2, 27], [1, 49], [13, 0], [36, 16], [25, 15], [7, 36], [41, 10], [17, 30], [9, 16], [34, 39], [23, 5], [22, 8], [4, 21], [43, 35], [15, 31], [40, 8], [36, 39], [36, 13], [32, 1], [38, 16], [6, 7], [47, 33], [4, 36], [1, 46], [28, 14], [42, 33], [1, 17], [32, 17], [3, 13], [1, 18], [26, 29], [19, 45], [43, 41], [18, 16], [48, 18], [16, 14], [47, 39], [5, 35], [42, 45], [29, 32], [14, 30], [44, 42], [42, 14], [36, 9], [1, 43], [4, 28], [42, 39], [4, 44], [45, 13], [7, 27], [0, 33], [4, 48], [11, 0], [30, 16], [34, 21], [22, 13], [46, 44], [37, 11], [38, 23], [8, 8], [42, 37], [22, 23], [7, 32], [41, 13], [22, 15], [42, 1], [46, 35], [7, 23], [38, 24], [4, 18], [25, 38], [21, 37], [4, 20], [41, 45], [25, 0], [5, 33], [21, 8], [44, 40], [2, 21], [45, 36], [4, 41], [43, 45], [30, 28], [21, 33], [30, 12], [44, 45], [42, 20], [5, 40], [24, 23], [44, 39], [38, 7], [30, 2], [45, 20], [7, 7], [43, 33], [1, 36], [7, 37], [40, 11], [19, 21], [19, 30], [6, 27], [0, 41], [26, 15], [8, 2], [48, 39], [4, 27], [28, 1], [36, 17], [0, 12], [1, 21], [31, 17], [27, 23], [2, 17], [41, 43], [20, 43], [42, 35], [19, 22], [46, 19], [19, 16], [48, 40], [34, 16], [7, 28], [40, 15], [6, 26], [43, 49], [36, 29], [38, 48], [37, 12], [40, 28], [2, 2], [47, 30], [24, 42], [5, 42], [42, 41], [39, 16], [31, 13], [1, 48], [5, 14], [40, 46], [33, 8], [27, 0], [31, 11], [3, 28], [44, 41], [30, 17], [44, 36], [6, 17], [34, 22], [4, 14], [0, 44], [43, 7], [19, 18], [22, 30], [4, 37], [15, 44], [6, 36], [3, 34], [3, 46], [10, 4], [41, 18], [30, 23], [25, 33], [24, 17], [49, 39], [37, 47], [35, 12], [30, 4], [37, 18], [3, 11], [47, 28], [44, 47], [30, 27], [5, 16], [41, 37], [21, 23], [6, 34], [1, 33], [40, 7], [2, 46], [47, 44], [40, 17], [28, 12], [27, 11], [6, 49], [45, 4], [44, 35], [3, 27], [41, 17], [3, 9], [9, 19], [26, 25], [23, 38], [34, 17], [23, 43], [0, 43], [45, 12], [7, 19], [39, 43], [23, 6], [48, 43], [38, 10], [44, 24], [10, 5], [42, 29], [5, 30], [46, 38], [19, 11], [44, 17], [17, 15], [45, 42], [6, 16], [46, 47], [5, 48], [9, 4], [33, 14], [7, 29], [45, 49], [31, 26], [21, 30], [24, 36], [24, 15], [48, 34], [6, 23], [32, 23], [8, 19], [30, 10], [41, 9], [7, 31], [46, 48], [45, 16], [30, 11], [0, 39], [20, 19], [16, 47], [5, 47], [46, 37], [42, 11], [25, 7], [42, 17], [7, 9], [38, 33], [1, 27], [49, 38], [10, 35], [38, 8], [4, 38], [44, 10], [30, 13], [42, 46], [21, 36], [1, 23], [1, 34], [45, 48], [2, 47], [27, 10], [10, 8], [38, 28], [41, 31], [6, 13], [0, 18], [18, 22], [32, 6], [27, 2], [37, 15], [40, 39], [0, 16], [8, 20], [40, 19], [29, 6], [38, 17], [23, 30], [26, 19], [6, 24], [1, 24], [42, 36], [38, 41], [35, 14], [39, 27], [5, 5], [45, 31], [19, 44], [43, 38], [45, 23], [7, 39], [0, 23], [19, 40], [19, 28], [1, 45], [48, 42], [26, 9], [44, 19], [17, 20], [44, 44], [2, 42], [44, 6], [37, 7], [5, 24], [45, 9], [32, 14], [47, 5], [47, 35], [3, 22], [34, 18], [6, 9], [8, 23], [5, 26], [48, 37], [41, 46], [28, 31], [42, 47], [45, 5], [26, 7], [41, 20], [7, 8], [39, 32], [26, 20], [21, 31], [0, 47], [14, 3], [39, 24], [17, 37], [19, 23], [48, 38], [37, 16], [35, 11], [5, 49], [6, 19], [35, 43], [38, 12], [23, 0], [3, 33], [0, 32], [39, 9], [20, 16], [46, 41], [6, 18], [42, 43], [4, 46], [27, 9], [48, 32], [1, 20], [36, 23], [3, 19], [9, 22], [25, 27], [20, 30], [7, 40], [44, 15], [36, 38], [35, 4], [44, 18], [12, 8], [43, 34], [19, 14], [40, 45], [38, 26], [17, 32], [23, 14], [6, 25], [22, 38], [8, 24], [46, 9], [2, 35], [2, 49], [11, 4], [39, 18], [36, 19], [5, 19], [42, 38], [41, 41], [41, 16], [3, 40], [21, 42], [47, 41], [32, 9], [44, 14], [25, 16], [43, 44], [28, 17], [42, 31], [0, 19], [39, 20], [2, 18], [8, 35], [43, 39], [40, 5], [30, 6], [45, 28], [0, 1], [38, 31], [7, 16], [34, 45], [31, 0], [2, 32], [6, 42], [3, 38], [42, 6], [40, 47], [36, 28], [19, 15], [15, 43], [30, 15], [3, 20], [42, 40], [20, 31], [18, 15], [6, 29], [3, 35], [40, 37], [38, 14], [38, 3], [5, 41], [47, 42], [40, 23], [48, 19], [25, 8], [8, 7], [31, 6], [22, 12], [2, 48], [18, 2], [44, 4], [39, 39], [15, 30], [43, 36], [2, 22], [28, 0], [38, 22], [43, 46], [5, 18], [1, 22], [30, 14], [24, 29], [1, 28], [17, 14], [20, 37], [5, 17], [47, 45], [36, 18], [15, 47], [23, 13], [38, 44], [36, 32], [6, 38], [42, 7], [4, 47], [8, 30], [11, 20], [34, 44], [24, 1], [47, 43], [43, 11], [32, 2], [42, 18], [6, 11], [44, 31], [4, 35], [22, 17], [46, 39], [0, 22], [40, 18], [5, 12], [43, 37], [21, 17], [47, 16], [18, 12], [41, 49], [14, 36], [43, 43], [41, 22], [5, 39], [4, 23], [49, 41], [1, 35], [3, 44], [9, 9], [35, 10], [35, 23], [3, 36], [38, 9], [19, 37], [0, 29], [26, 16], [42, 44], [29, 28], [18, 30], [23, 12], [44, 48], [43, 10], [41, 27], [3, 4], [37, 33], [1, 41], [44, 9], [15, 33], [4, 42], [31, 15], [48, 30], [7, 18], [39, 22], [7, 17], [8, 22], [26, 27], [6, 22], [41, 44], [23, 15], [41, 42], [32, 10], [8, 26], [4, 31], [46, 45], [38, 18], [36, 7], [3, 42], [10, 19], [35, 46], [36, 8], [26, 1], [14, 14], [18, 44], [6, 41], [17, 0], [33, 17], [16, 38], [22, 16], [37, 37], [46, 13], [27, 8], [48, 28], [2, 4], [36, 36], [38, 45], [35, 34], [4, 19], [45, 40], [4, 29], [10, 33], [42, 9], [26, 18], [43, 1], [43, 31], [7, 26], [39, 19], [1, 12], [36, 12], [0, 46], [38, 15], [41, 35], [27, 18], [46, 16], [25, 20], [49, 40], [2, 45], [15, 34], [18, 32], [6, 35], [46, 40], [45, 21], [0, 40], [24, 40], [43, 42], [39, 8], [44, 26], [11, 1], [45, 35], [3, 18], [45, 45], [8, 34], [27, 22], [0, 35], [40, 48], [0, 49], [28, 13], [10, 6], [34, 31], [47, 37], [3, 16], [0, 24], [16, 15], [32, 7], [31, 3], [33, 24], [40, 44], [1, 10], [8, 16], [39, 15], [27, 6], [33, 18], [25, 25], [0, 28], [19, 39], [28, 20], [39, 47], [5, 38], [37, 14], [2, 29], [43, 8], [2, 20], [47, 40], [36, 49], [35, 2], [29, 2], [43, 27], [10, 3], [46, 34], [4, 43], [18, 43], [23, 23], [43, 48], [37, 22], [36, 6], [4, 39], [4, 24], [41, 15], [30, 9], [32, 15], [42, 32], [6, 20], [32, 18], [8, 18], [25, 36], [41, 48], [30, 33], [22, 33], [9, 34], [1, 44], [17, 2], [31, 16], [6, 28], [48, 36], [44, 34], [26, 11], [45, 18], [20, 18], [40, 43], [4, 34], [48, 44], [34, 5], [45, 22], [9, 3], [47, 38], [4, 13], [38, 38], [31, 1], [6, 39], [40, 16], [16, 44], [36, 14], [16, 35], [10, 24], [39, 7], [3, 49], [41, 39], [41, 23], [28, 11], [32, 13], [1, 40], [43, 5], [43, 32], [3, 23], [39, 17], [7, 10], [9, 21], [28, 22], [5, 25], [18, 13], [2, 23], [45, 44], [45, 47], [28, 34], [42, 48], [45, 3], [25, 3], [39, 25], [2, 12], [44, 27], [25, 21], [41, 40], [14, 33], [0, 37], [2, 41], [16, 8], [33, 15], [36, 15], [9, 30], [15, 37], [3, 24], [19, 26], [18, 19], [6, 37], [45, 11], [27, 17], [45, 33], [5, 23], [35, 19], [7, 11], [0, 17], [49, 36], [32, 22], [46, 42], [44, 13], [35, 13], [3, 47], [10, 15], [34, 46], [38, 6], [30, 5], [1, 47], [23, 33], [44, 38], [45, 10], [37, 17], [1, 8], [46, 31], [44, 49], [35, 29], [4, 30], [5, 27], [40, 10], [39, 14], [46, 36], [26, 17], [46, 17], [18, 21], [39, 48], [22, 39], [4, 17], [41, 38], [1, 42], [28, 18], [15, 6], [49, 33], [7, 20], [29, 1], [40, 24], [2, 13], [4, 16], [30, 24], [28, 26], [8, 29], [23, 40], [29, 13], [2, 44], [45, 14], [8, 27], [38, 37], [36, 3], [26, 8], [41, 25], [8, 5], [42, 30], [20, 23], [45, 43], [40, 14], [1, 39], [31, 12], [39, 44], [36, 31], [16, 30], [7, 41], [4, 22], [41, 36], [28, 9], [39, 45], [6, 31], [6, 12], [37, 41], [31, 2], [23, 47], [22, 34], [4, 26], [41, 7], [29, 17], [47, 0], [49, 30], [3, 26], [31, 14], [5, 15], [22, 22], [37, 38], [35, 5], [44, 21], [6, 2], [40, 33], [29, 22], [2, 33], [3, 45], [9, 6], [37, 19], [31, 24], [5, 36], [2, 43], [42, 10], [0, 27], [49, 35], [44, 46], [39, 23], [36, 10], [0, 48], [21, 32], [42, 49], [36, 35], [4, 25], [45, 39], [21, 9], [44, 16], [14, 20], [44, 43], [22, 37], [5, 43], [31, 10], [46, 33], [5, 20], [32, 24], [1, 13], [5, 22], [24, 25], [1, 31], [39, 37], [44, 12], [25, 1], [43, 18], [10, 13], [47, 31], [35, 9], [20, 29], [3, 21], [47, 36], [18, 20], [9, 13], [34, 41], [23, 1], [17, 36], [7, 25], [42, 13], [16, 11], [4, 49], [16, 2], [34, 23], [5, 32], [3, 37], [35, 6], [45, 41], [38, 21], [6, 48], [38, 46], [38, 32], [29, 14], [49, 42], [19, 43], [27, 15], [46, 30], [6, 21], [33, 21], [2, 19], [37, 49], [44, 8], [43, 23], [0, 7], [45, 37], [41, 12], [1, 19], [49, 37], [14, 35], [5, 34], [18, 14], [0, 45], [7, 24], [20, 22], [49, 34], [14, 1], [13, 3], [40, 35], [32, 34], [26, 48], [5, 13], [3, 15], [2, 10], [21, 38], [34, 26], [33, 19], [4, 3], [10, 23], [2, 38], [26, 28], [27, 34], [43, 25], [27, 14], [27, 36], [11, 23], [41, 24], [15, 29], [17, 10], [7, 0], [18, 10], [17, 13], [26, 35], [24, 39], [13, 33], [4, 40], [26, 31], [32, 38], [39, 5], [40, 49], [11, 27], [40, 36], [21, 14], [10, 36], [20, 0], [26, 23], [45, 29], [5, 28], [16, 24], [11, 5], [34, 25], [35, 31], [34, 20], [33, 36], [43, 17], [12, 36], [22, 6], [22, 4], [30, 36], [39, 11], [38, 39], [49, 29], [13, 35], [9, 31], [22, 35], [14, 7], [11, 30], [35, 45], [16, 34], [18, 0], [31, 33], [33, 37], [33, 0], [23, 4], [0, 3], [36, 45], [42, 23], [25, 31], [30, 47], [39, 30], [1, 0], [28, 7], [24, 38], [39, 36], [42, 8], [18, 35], [27, 44], [45, 34], [30, 48], [25, 37], [29, 29], [32, 8], [22, 7], [13, 36], [30, 49], [38, 1], [35, 27], [29, 10], [34, 48], [11, 15], [5, 10], [2, 36], [0, 34], [15, 45], [25, 2], [1, 30], [48, 9], [31, 31], [17, 44], [12, 32], [46, 29], [36, 47], [24, 7], [10, 34], [27, 41], [32, 36], [0, 4], [45, 32], [35, 36], [14, 2], [44, 23], [48, 15], [11, 8], [36, 30], [36, 33], [37, 4], [6, 15], [2, 30], [45, 30], [44, 5], [34, 32], [4, 2], [5, 2], [7, 4], [29, 7], [20, 25], [28, 48], [2, 1], [30, 40], [10, 0], [8, 6], [17, 49], [38, 25], [28, 37], [39, 31], [32, 3], [32, 40], [33, 22], [28, 5], [11, 2], [8, 28], [10, 20], [43, 16], [33, 49], [9, 17], [35, 37], [12, 29], [37, 36], [24, 16], [24, 24], [43, 28], [0, 38], [21, 45], [9, 8], [8, 9], [46, 24], [25, 32], [44, 28], [32, 37], [37, 31], [12, 40], [0, 21], [33, 2], [34, 34], [31, 49], [9, 41], [40, 41], [32, 25], [17, 48], [9, 1], [10, 27], [35, 16], [6, 6], [23, 39], [29, 11], [34, 29], [32, 30], [16, 10], [48, 0], [22, 14], [18, 18], [16, 0], [5, 6], [16, 1], [36, 0], [20, 45], [16, 31], [19, 35], [1, 29], [37, 29], [18, 36], [38, 4], [15, 36], [34, 2], [29, 36], [6, 4], [42, 34], [9, 5], [37, 30], [16, 20], [42, 5], [19, 25], [41, 28], [14, 34], [10, 26], [40, 31], [29, 34], [43, 29], [19, 24], [31, 32], [9, 28], [36, 24], [24, 31], [31, 30], [24, 48], [10, 1], [29, 15], [6, 33], [40, 6], [49, 43], [17, 34], [5, 7], [11, 41], [46, 11], [38, 35], [38, 0], [40, 12], [15, 32], [12, 3], [30, 3], [22, 43], [27, 20], [33, 26], [22, 5], [30, 35], [28, 27], [19, 36], [26, 41], [41, 26], [14, 5], [18, 4], [33, 13], [45, 25], [31, 7], [9, 15], [33, 6], [9, 23], [26, 10], [16, 32], [34, 9], [29, 49], [26, 2], [9, 39], [7, 3], [18, 34], [48, 31], [45, 24], [26, 33], [32, 48], [9, 25], [28, 23], [2, 6], [35, 28], [19, 34], [26, 38], [28, 40], [39, 40], [20, 9], [26, 26], [1, 3], [31, 28], [41, 1], [43, 9], [28, 44], [33, 44], [13, 34], [19, 0], [26, 42], [6, 8], [22, 42], [39, 33], [1, 2], [36, 37], [6, 10], [0, 5], [10, 17], [5, 8], [38, 34], [3, 0], [44, 37], [27, 46], [17, 1], [34, 10], [24, 22], [13, 39], [28, 10], [4, 11]], "targets": [[43, 11], [41, 14], [11, 24], [17, 36], [20, 20], [28, 16], [31, 30], [11, 16], [40, 0], [20, 40], [25, 42], [47, 3], [33, 27], [41, 4], [41, 17], [22, 49], [13, 25], [31, 5], [20, 26], [29, 28], [13, 17], [28, 0], [12, 20], [29, 41], [6, 18], [46, 13], [2, 8], [8, 32], [10, 46], [15, 41], [5, 39], [46, 32], [38, 32], [15, 47], [16, 36], [23, 45], [25, 10], [31, 16], [13, 1], [30, 22], [26, 48], [16, 46], [47, 12], [24, 15], [31, 44], [25, 25], [34, 6], [14, 13], [20, 19], [6, 44], [18, 6], [24, 5], [25, 45], [31, 20], [15, 22], [20, 6], [15, 40], [4, 36], [38, 0], [18, 16], [42, 6], [13, 28], [19, 26], [18, 37], [13, 21], [12, 45], [24, 6], [20, 44], [32, 49], [11, 40], [31, 3], [23, 9], [14, 29], [45, 20], [35, 33], [21, 49], [9, 18], [13, 19], [6, 42], [25, 8], [23, 44], [30, 46], [18, 9], [35, 21], [17, 23], [27, 15], [28, 3], [26, 45], [17, 43], [15, 18], [17, 6], [24, 31], [0, 40], [22, 43], [35, 4], [23, 11], [43, 3], [43, 6], [17, 24], [13, 26], [8, 39], [11, 14], [18, 46], [17, 18], [20, 41], [21, 10], [30, 48], [33, 46], [21, 20], [7, 47], [9, 41], [39, 23], [20, 2], [45, 33], [38, 23], [21, 8], [16, 25], [10, 34], [44, 14], [20, 5], [34, 33], [20, 49], [32, 30], [11, 19], [23, 40], [2, 36], [11, 17], [10, 43], [16, 11], [42, 16], [28, 42], [27, 46], [35, 7], [17, 17], [27, 1], [24, 13], [45, 8], [20, 25], [15, 25], [20, 32], [36, 15], [12, 18], [33, 13], [9, 23], [2, 9], [10, 40], [19, 14], [30, 42], [29, 42], [28, 5], [7, 41], [28, 47], [17, 46], [11, 15], [11, 13], [31, 0], [20, 11], [16, 34], [3, 41], [24, 49], [17, 28], [48, 22], [23, 43], [34, 10], [38, 26], [21, 47], [14, 18], [30, 20], [22, 19], [44, 6], [48, 7], [12, 33], [15, 27], [16, 38], [15, 19], [13, 15], [8, 44], [20, 13], [30, 4], [12, 4], [17, 42], [9, 27], [28, 49], [18, 40], [23, 14], [32, 24], [26, 43], [33, 43], [22, 27], [15, 11], [1, 46], [20, 38], [5, 38], [8, 48], [42, 24], [21, 4], [48, 26], [37, 23], [23, 13], [39, 2], [14, 22], [29, 21], [24, 8], [16, 33], [48, 13], [18, 12], [40, 3], [17, 33], [12, 19], [19, 40], [23, 3], [28, 46], [30, 31], [20, 45], [34, 31], [18, 18], [26, 44], [24, 45], [45, 10], [13, 18], [18, 5], [15, 39], [1, 34], [12, 17], [15, 36], [19, 10], [29, 45], [32, 45], [6, 23], [14, 39], [34, 16], [23, 49], [22, 3], [9, 47], [16, 17], [42, 15], [18, 47], [25, 46], [36, 2], [21, 9], [19, 8], [27, 0], [26, 12], [22, 21], [46, 3], [43, 2], [21, 28], [12, 23], [12, 31], [17, 31], [49, 17], [22, 29], [7, 43], [40, 17], [19, 4], [15, 24], [30, 15], [20, 48], [36, 27], [18, 49], [30, 3], [16, 22], [9, 20], [0, 6], [20, 43], [19, 12], [28, 44], [34, 49], [26, 23], [6, 45], [30, 6], [42, 9], [6, 48], [9, 22], [7, 40], [24, 44], [24, 43], [13, 10], [29, 10], [45, 9], [9, 25], [21, 25], [18, 38], [21, 11], [47, 19], [22, 10], [47, 30], [41, 22], [23, 10], [19, 34], [0, 36], [19, 49], [22, 47], [16, 14], [16, 23], [17, 38], [46, 21], [18, 44], [19, 7], [17, 21], [14, 40], [25, 13], [20, 42], [37, 43], [26, 4], [37, 12], [11, 5], [31, 36], [22, 48], [30, 28], [11, 23], [37, 11], [7, 46], [20, 47], [25, 14], [40, 5], [47, 5], [14, 32], [16, 16], [11, 42], [19, 30], [1, 35], [21, 24], [28, 17], [7, 15], [14, 44], [28, 13], [25, 12], [25, 3], [12, 11], [40, 16], [11, 38], [29, 44], [16, 24], [26, 49], [49, 16], [16, 40], [30, 45], [24, 7], [31, 15], [15, 0], [34, 20], [29, 43], [21, 45], [33, 44], [20, 27], [37, 3], [10, 12], [22, 18], [0, 43], [28, 12], [13, 20], [25, 39], [5, 41], [26, 20], [44, 8], [21, 33], [16, 21], [17, 41], [7, 48], [34, 28], [14, 49], [13, 24], [13, 7], [24, 0], [19, 42], [23, 47], [43, 17], [22, 14], [44, 29], [41, 19], [28, 14], [14, 17], [11, 39], [31, 11], [22, 25], [28, 19], [19, 25], [3, 5], [17, 39], [21, 12], [28, 45], [35, 40], [14, 10], [19, 37], [6, 46], [16, 29], [44, 16], [24, 18], [37, 0], [47, 6], [13, 23], [12, 21], [11, 34], [17, 5], [20, 7], [17, 45], [30, 43], [17, 11], [14, 42], [39, 12], [34, 35], [19, 44], [33, 29], [11, 21], [26, 46], [19, 46], [49, 11], [16, 10], [11, 12], [17, 29], [36, 9], [18, 10], [23, 18], [16, 39], [6, 43], [29, 46], [14, 23], [10, 44], [22, 9], [24, 47], [36, 41], [27, 25], [3, 43], [26, 9], [7, 25], [8, 43], [23, 20], [39, 3], [21, 29], [9, 21], [18, 39], [39, 21], [10, 38], [48, 16], [15, 42], [29, 1], [14, 6], [8, 49], [12, 27], [29, 18], [39, 16], [24, 48], [26, 40], [31, 12], [18, 15], [18, 32], [1, 42], [31, 33], [16, 45], [18, 24], [19, 2], [40, 18], [22, 2], [48, 31], [36, 22], [21, 14], [14, 20], [13, 44], [21, 15], [21, 46], [31, 43], [12, 6], [25, 15], [34, 8], [44, 3], [13, 31], [16, 26], [20, 35], [27, 48], [23, 41], [14, 16], [19, 24], [25, 44], [7, 20], [9, 46], [11, 37], [47, 22], [20, 3], [15, 49], [36, 11], [21, 30], [6, 34], [23, 2], [31, 19], [13, 3], [21, 26], [19, 15], [30, 16], [46, 0], [18, 45], [36, 33], [19, 47], [18, 27], [19, 11], [15, 16], [37, 31], [16, 27], [9, 19], [26, 42], [1, 7], [10, 41], [21, 48], [20, 39], [20, 10], [36, 21], [27, 49], [24, 12], [32, 47], [22, 26], [24, 17], [0, 45], [11, 9], [38, 11], [23, 0], [25, 41], [3, 42], [43, 9], [10, 42], [26, 11], [18, 36], [49, 22], [7, 23], [7, 37], [25, 43], [13, 22], [28, 43], [17, 40], [11, 11], [24, 14], [41, 9], [49, 6], [16, 30], [11, 22], [13, 41], [20, 8], [9, 24], [14, 45], [24, 11], [23, 48], [31, 47], [46, 22], [30, 8], [47, 26], [41, 15], [24, 16], [20, 0], [36, 26], [12, 44], [15, 21], [15, 35], [4, 37], [39, 18], [20, 46], [22, 41], [41, 3], [22, 13], [19, 27], [30, 18], [8, 42], [15, 15], [19, 9], [10, 31], [48, 21], [18, 48], [38, 22], [17, 20], [38, 6], [12, 26], [14, 27], [11, 31], [7, 16], [5, 45], [24, 4], [17, 44], [11, 20], [10, 45], [24, 10], [29, 48], [37, 42], [25, 20], [0, 39], [24, 33], [7, 45], [27, 14], [21, 13], [38, 2], [22, 20], [17, 9], [38, 28], [12, 48], [33, 28], [19, 20], [29, 40], [16, 41], [43, 10], [10, 11], [37, 13], [6, 47], [17, 47], [30, 41], [15, 17], [21, 2], [26, 13], [18, 17], [38, 7], [45, 6], [12, 25], [13, 16], [15, 38], [10, 36], [49, 20], [15, 33], [4, 35], [25, 16], [14, 28], [33, 15], [10, 25], [1, 9], [20, 37], [19, 13], [30, 40], [33, 42], [42, 4], [10, 18], [5, 42], [42, 18], [20, 12], [49, 28], [42, 20], [25, 9], [21, 42], [16, 43], [23, 8], [18, 13], [36, 31], [22, 45], [14, 24], [13, 46], [17, 19], [46, 5], [15, 28], [10, 24], [18, 34], [19, 33], [5, 44], [21, 21], [28, 1], [37, 19], [9, 36], [22, 46], [18, 22], [25, 40], [47, 13], [14, 36], [24, 42], [25, 7], [41, 21], [12, 1], [30, 25], [27, 47], [24, 46], [37, 45], [23, 27], [39, 0], [16, 15], [21, 18], [2, 39], [12, 2], [27, 4], [23, 7], [27, 8], [12, 16], [13, 45], [17, 22], [30, 17], [25, 30], [7, 42], [22, 16], [37, 2], [49, 2], [21, 34], [17, 25], [10, 32], [19, 48], [9, 43], [34, 15], [29, 26], [12, 47], [36, 35], [14, 19], [22, 8], [34, 12], [26, 3], [13, 27], [11, 45], [23, 12], [27, 42], [35, 47], [29, 4], [12, 38], [44, 15], [23, 46], [14, 26], [29, 47], [22, 44], [16, 19], [20, 33], [1, 36], [46, 17], [26, 2], [45, 27], [33, 23], [26, 8], [18, 7], [25, 19], [45, 1], [15, 26], [17, 16], [17, 34], [28, 48], [16, 48], [11, 10], [10, 16], [10, 39], [8, 45], [32, 11], [21, 7], [11, 26], [34, 21], [17, 49], [32, 33], [16, 47], [29, 8], [11, 25], [18, 23], [5, 7], [13, 42], [18, 8], [22, 42], [35, 43], [27, 27], [3, 40], [15, 7], [35, 20], [23, 35], [7, 34], [8, 37], [47, 15], [21, 17], [46, 1], [48, 5], [15, 23], [19, 21], [9, 42], [19, 6], [20, 14], [29, 5], [39, 19], [21, 43], [23, 39], [31, 8], [15, 12], [20, 28], [11, 47], [12, 13], [21, 44], [31, 23], [14, 21], [9, 45], [16, 18], [18, 41], [26, 14], [28, 40], [34, 40], [26, 34], [3, 46], [21, 0], [34, 29], [15, 44], [31, 34], [9, 16], [30, 44], [22, 40], [44, 10], [12, 10], [18, 42], [29, 7], [24, 19], [39, 8], [12, 22], [21, 22], [12, 32], [8, 38], [45, 17], [16, 5], [22, 28], [30, 14], [35, 6], [47, 17], [25, 4], [49, 34], [39, 13], [22, 12], [13, 47], [26, 30], [0, 42], [27, 44], [19, 17], [21, 39], [11, 44], [21, 6], [33, 20], [26, 47], [37, 46], [25, 22], [22, 17], [0, 41], [15, 2], [18, 0], [25, 2], [8, 19], [6, 38], [18, 25], [28, 21], [44, 0], [44, 2], [17, 27], [20, 16], [16, 42], [38, 19], [34, 26], [14, 47], [10, 17], [32, 10], [8, 36], [49, 15], [16, 49], [27, 45], [25, 33], [2, 41], [27, 12], [24, 9], [12, 12], [28, 41], [24, 40], [13, 12], [11, 46], [29, 6], [16, 28], [28, 20], [9, 17], [4, 9], [13, 43], [25, 11], [30, 47], [36, 49], [34, 17], [20, 15], [37, 7], [21, 27], [17, 15], [15, 30], [19, 0], [36, 16], [29, 49], [25, 48], [42, 8], [22, 11], [12, 7], [15, 20], [12, 43], [19, 38], [3, 35], [39, 26], [15, 45], [37, 30], [10, 14], [23, 6], [11, 30], [45, 21], [12, 29], [47, 24], [30, 11], [45, 34], [41, 23], [27, 13], [9, 48], [19, 45], [17, 26], [19, 39], [18, 11], [25, 49], [30, 49], [26, 26], [2, 47], [17, 12], [26, 21], [37, 9], [42, 3], [9, 33], [14, 15], [11, 33], [43, 1], [19, 43], [17, 30], [7, 44], [30, 13], [23, 42], [21, 40], [17, 10], [18, 1], [19, 29], [32, 19], [37, 21], [17, 48], [26, 41], [18, 19], [12, 5], [10, 15], [8, 46], [38, 27], [12, 46], [18, 14], [18, 28], [45, 19], [25, 5], [25, 18], [8, 41], [11, 27], [11, 43], [28, 8], [24, 41], [35, 41], [28, 15], [45, 4], [13, 33], [21, 16], [14, 38], [38, 12], [26, 33], [5, 43], [22, 4], [20, 29], [30, 12], [18, 43], [15, 13], [30, 9], [49, 24], [48, 47], [13, 49], [19, 19], [36, 46], [48, 2], [48, 49], [42, 7], [0, 49], [43, 24], [6, 22], [41, 28], [42, 48], [21, 35], [3, 44], [2, 14], [46, 45], [35, 32], [8, 1], [4, 41], [34, 45], [43, 18], [30, 7], [16, 8], [39, 30], [36, 19], [41, 2], [24, 28], [49, 3], [9, 28], [46, 15], [25, 35], [22, 7], [10, 27], [13, 4], [47, 47], [10, 8], [32, 40], [44, 38], [41, 0], [36, 18], [0, 8], [8, 26], [41, 42], [0, 15], [48, 23], [35, 19], [49, 49], [43, 39], [43, 7], [0, 9], [23, 38], [9, 15], [34, 25], [40, 26], [2, 23], [36, 25], [26, 32], [29, 29], [42, 38], [33, 49], [32, 17], [24, 30], [6, 1], [45, 29], [14, 25], [44, 21], [38, 43], [34, 44], [48, 46], [6, 2], [23, 25], [47, 25], [45, 46], [3, 36], [48, 33], [44, 35], [46, 7], [48, 19], [6, 11], [33, 48], [5, 10], [8, 47], [16, 7], [35, 42], [47, 49], [20, 1], [40, 37], [25, 47], [28, 29], [11, 18], [25, 36], [27, 11], [49, 46], [0, 11], [1, 5], [44, 37], [5, 8], [34, 4], [2, 15], [44, 24], [47, 21], [45, 38], [5, 0], [22, 38], [28, 24], [47, 36], [49, 5], [31, 18], [2, 42], [4, 27], [1, 49], [42, 0], [16, 0], [44, 27], [24, 24], [10, 4], [24, 26], [31, 49], [27, 16], [12, 49], [42, 46], [6, 25], [33, 4], [38, 45], [37, 29], [22, 39], [33, 2], [31, 46], [14, 46], [1, 14], [27, 9], [42, 26], [48, 20], [47, 14], [39, 32], [47, 23], [38, 46], [38, 33], [42, 47], [33, 7], [40, 38], [42, 29], [40, 35], [39, 4], [14, 33], [4, 40], [36, 43], [15, 29], [48, 9], [44, 33], [10, 5], [45, 30], [1, 6], [17, 7], [4, 21], [26, 0], [37, 35], [15, 8], [6, 31], [8, 21], [3, 16], [48, 0], [36, 29], [49, 45], [40, 30], [27, 36], [12, 14], [20, 30], [26, 22], [43, 42], [3, 26], [48, 24], [25, 28], [32, 12], [35, 49], [36, 45], [46, 8], [26, 35], [10, 35], [3, 28], [8, 33], [19, 5], [39, 22], [34, 36], [11, 49], [32, 42], [49, 35], [9, 3], [28, 25], [45, 26], [29, 19], [8, 34], [46, 49], [40, 15], [0, 2], [7, 49], [1, 15], [27, 20], [6, 28], [48, 48], [11, 7], [38, 30], [7, 0], [49, 47], [17, 0], [17, 8], [4, 30], [32, 20], [3, 10], [37, 10], [44, 18], [1, 22], [6, 8], [5, 11], [1, 19], [45, 12], [45, 28], [2, 4], [41, 43], [8, 30], [46, 4], [31, 38], [0, 5], [32, 2], [47, 41], [4, 12], [3, 17], [29, 9], [10, 7], [0, 25], [45, 3], [48, 27], [31, 2], [6, 3], [32, 25], [37, 6], [19, 36], [0, 30], [11, 28], [12, 15], [15, 4], [16, 32], [40, 20], [24, 22], [39, 38], [6, 27], [48, 1], [2, 10], [31, 45], [31, 32], [10, 10], [46, 2], [4, 23], [49, 27], [46, 47], [27, 28], [39, 31], [12, 39], [38, 44], [35, 2], [33, 25], [32, 32], [39, 49], [44, 12], [10, 6], [46, 25], [21, 19], [41, 47], [48, 34], [32, 6], [49, 44], [13, 29], [6, 0], [42, 34], [42, 37], [46, 23], [8, 6], [7, 33], [1, 21], [11, 29], [40, 29], [1, 13], [0, 37], [46, 9], [27, 24], [13, 8], [1, 31], [37, 39], [26, 37], [14, 7], [41, 11], [36, 5], [1, 27], [11, 0], [23, 34], [5, 14], [1, 26], [6, 37], [33, 12], [1, 29], [10, 28]]}