{"meta": {"number_of_robots": 1186, "description": {"parameters": {"seed": 8711, "shape": [50, 50], "obstacles": {"n": 10, "mean": 10, "std": 5.0}, "clusters": {"n": 5, "mean": 20, "std": 10.0, "relative_radius": 2, "increase_factor": 1.3, "start_dist": {"generator_name": "Image", "shape": [50, 50], "min": 0.0, "max": 250.0, "mean": 125.1348, "std": 71.592177149183, "dtype": "uint64", "parameters": {"image": "microbes.png", "transformer": {"name": "ColorChannelSelector", "channel": "v", "inverted": false}}}, "target_dist": {"generator_name": "Image", "shape": [50, 50], "min": 5.0, "max": 255.0, "mean": 129.8652, "std": 71.592177149183, "dtype": "uint64", "parameters": {"image": "microbes.png", "transformer": {"name": "ColorChannelSelector", "channel": "v", "inverted": true}}}}, "density": 0.6, "start_dist": {"generator_name": "Image", "shape": [50, 50], "min": 0.0, "max": 250.0, "mean": 125.1348, "std": 71.592177149183, "dtype": "uint64", "parameters": {"image": "microbes.png", "transformer": {"name": "ColorChannelSelector", "channel": "v", "inverted": false}}}, "target_dist": {"generator_name": "Image", "shape": [50, 50], "min": 5.0, "max": 255.0, "mean": 129.8652, "std": 71.592177149183, "dtype": "uint64", "parameters": {"image": "microbes.png", "transformer": {"name": "ColorChannelSelector", "channel": "v", "inverted": true}}}}, "stats": {"date": "2020-11-17", "free_area": 1976.0, "number_of_clustered_robots": 83, "number_of_robots": 1186}}}, "name": "microbes_00003_50x50_60_1186", "obstacles": [[5, 8], [5, 28], [5, 29], [5, 30], [5, 31], [5, 32], [5, 33], [5, 34], [5, 35], [6, 8], [6, 16], [6, 28], [6, 35], [7, 8], [7, 16], [7, 28], [7, 35], [8, 8], [8, 16], [8, 28], [8, 35], [9, 5], [9, 6], [9, 7], [9, 9], [9, 10], [9, 11], [9, 16], [9, 28], [9, 35], [10, 2], [10, 3], [10, 4], [10, 11], [10, 16], [10, 28], [10, 35], [11, 2], [11, 11], [11, 16], [11, 28], [11, 35], [12, 2], [12, 11], [12, 16], [12, 17], [12, 18], [12, 19], [12, 20], [12, 21], [12, 28], [12, 29], [12, 30], [12, 31], [12, 32], [12, 33], [12, 34], [12, 35], [13, 2], [13, 11], [13, 16], [13, 21], [14, 2], [14, 11], [14, 16], [14, 21], [15, 2], [15, 11], [15, 16], [15, 21], [16, 2], [16, 11], [16, 16], [16, 21], [17, 2], [17, 3], [17, 4], [17, 11], [17, 17], [17, 18], [17, 19], [17, 20], [17, 21], [18, 5], [18, 11], [19, 5], [19, 6], [19, 7], [19, 8], [19, 9], [19, 10], [19, 11], [20, 15], [20, 16], [20, 17], [20, 18], [20, 19], [20, 20], [21, 15], [21, 20], [22, 15], [22, 20], [22, 25], [22, 26], [22, 27], [22, 28], [22, 29], [22, 30], [22, 31], [22, 32], [22, 33], [22, 34], [22, 35], [23, 15], [23, 20], [23, 25], [23, 35], [24, 15], [24, 20], [24, 25], [24, 35], [25, 15], [25, 16], [25, 17], [25, 18], [25, 19], [25, 20], [25, 25], [25, 26], [25, 27], [25, 28], [25, 29], [25, 30], [25, 31], [25, 32], [25, 33], [25, 34], [25, 35], [28, 6], [28, 7], [28, 8], [28, 9], [28, 10], [28, 11], [28, 12], [28, 13], [28, 14], [29, 6], [29, 14], [30, 6], [30, 14], [31, 6], [31, 14], [32, 6], [32, 14], [33, 0], [33, 1], [33, 2], [33, 3], [33, 4], [33, 5], [33, 14], [34, 0], [34, 14], [35, 0], [35, 14], [36, 0], [36, 14], [37, 0], [37, 14], [38, 0], [38, 14], [39, 0], [39, 14], [40, 0], [40, 14], [41, 0], [41, 1], [41, 2], [41, 3], [41, 4], [41, 5], [41, 14], [42, 6], [42, 14], [43, 6], [43, 14], [44, 6], [44, 14], [45, 6], [45, 14], [46, 6], [46, 14], [47, 6], [47, 7], [47, 8], [47, 9], [47, 10], [47, 11], [47, 12], [47, 13], [47, 14]], "starts": [[25, 36], [4, 48], [14, 38], [30, 35], [7, 10], [6, 3], [30, 38], [6, 7], [2, 47], [30, 34], [1, 7], [3, 10], [3, 44], [31, 37], [26, 30], [1, 8], [34, 34], [3, 9], [4, 46], [2, 11], [32, 32], [8, 14], [1, 48], [14, 36], [35, 31], [6, 11], [29, 33], [1, 6], [31, 34], [3, 41], [5, 9], [32, 31], [4, 9], [2, 40], [34, 36], [6, 15], [2, 14], [28, 31], [28, 36], [2, 45], [7, 13], [33, 36], [4, 13], [2, 44], [15, 37], [5, 7], [31, 39], [8, 11], [1, 43], [32, 34], [26, 33], [6, 14], [4, 7], [36, 34], [0, 40], [8, 12], [34, 38], [7, 7], [4, 44], [33, 33], [5, 6], [28, 35], [6, 4], [35, 32], [0, 47], [12, 37], [1, 5], [29, 34], [0, 5], [3, 40], [8, 13], [28, 38], [8, 15], [31, 35], [32, 35], [0, 41], [1, 13], [2, 8], [28, 40], [4, 41], [6, 10], [33, 37], [4, 11], [49, 11], [32, 16], [46, 39], [28, 42], [30, 36], [5, 16], [22, 7], [4, 15], [23, 40], [25, 6], [46, 19], [4, 34], [40, 33], [48, 15], [40, 39], [15, 31], [43, 38], [41, 40], [2, 24], [49, 39], [38, 46], [23, 38], [29, 39], [2, 42], [11, 38], [27, 2], [11, 17], [38, 44], [3, 7], [46, 15], [0, 16], [49, 29], [0, 31], [38, 30], [0, 20], [1, 35], [4, 4], [48, 14], [2, 34], [45, 46], [15, 1], [2, 28], [39, 24], [3, 17], [40, 34], [21, 31], [28, 21], [44, 0], [34, 19], [43, 22], [43, 33], [37, 25], [45, 38], [34, 35], [47, 35], [31, 23], [18, 0], [27, 48], [22, 2], [45, 36], [5, 25], [3, 35], [26, 32], [5, 0], [0, 18], [10, 15], [15, 35], [43, 16], [3, 6], [20, 3], [3, 11], [36, 37], [20, 4], [2, 9], [46, 2], [34, 25], [28, 34], [44, 37], [42, 31], [27, 43], [34, 24], [5, 5], [41, 39], [46, 0], [17, 14], [35, 34], [23, 42], [18, 33], [33, 39], [33, 47], [19, 33], [17, 33], [1, 12], [26, 34], [25, 46], [2, 49], [15, 46], [43, 35], [41, 26], [45, 39], [3, 0], [42, 30], [40, 40], [31, 29], [41, 18], [2, 26], [47, 17], [29, 30], [19, 34], [31, 33], [27, 40], [1, 37], [30, 23], [44, 49], [1, 46], [10, 18], [34, 33], [17, 48], [28, 4], [25, 47], [19, 4], [4, 28], [48, 33], [11, 39], [42, 19], [36, 35], [49, 37], [41, 27], [23, 4], [20, 29], [41, 24], [39, 30], [48, 34], [24, 22], [0, 36], [6, 41], [36, 42], [44, 34], [0, 19], [8, 39], [12, 14], [16, 0], [42, 33], [16, 45], [39, 41], [18, 16], [4, 23], [1, 49], [34, 40], [17, 1], [34, 39], [44, 26], [36, 31], [0, 44], [1, 33], [32, 30], [33, 30], [9, 15], [32, 17], [49, 9], [28, 39], [5, 24], [19, 43], [16, 35], [24, 1], [21, 42], [23, 6], [2, 4], [47, 27], [28, 32], [16, 25], [26, 1], [46, 30], [31, 36], [41, 35], [39, 38], [2, 35], [8, 40], [38, 15], [22, 14], [44, 48], [4, 39], [21, 43], [31, 26], [32, 4], [2, 17], [20, 1], [22, 42], [24, 48], [38, 26], [17, 43], [5, 21], [9, 38], [43, 24], [19, 21], [26, 14], [32, 48], [3, 2], [2, 31], [1, 10], [47, 40], [27, 42], [46, 45], [45, 49], [44, 32], [32, 37], [41, 17], [27, 26], [1, 40], [32, 28], [26, 25], [4, 22], [34, 26], [1, 2], [37, 37], [3, 20], [7, 2], [39, 42], [1, 39], [27, 34], [3, 37], [17, 31], [34, 37], [19, 41], [32, 22], [33, 40], [32, 39], [25, 42], [42, 46], [37, 27], [49, 28], [44, 42], [45, 48], [34, 31], [7, 15], [43, 41], [34, 46], [39, 17], [4, 8], [43, 34], [18, 20], [15, 48], [9, 18], [3, 39], [11, 15], [9, 27], [41, 37], [0, 30], [34, 17], [44, 38], [10, 41], [39, 19], [12, 38], [28, 0], [42, 24], [43, 31], [33, 41], [27, 27], [44, 20], [35, 26], [21, 5], [26, 37], [7, 22], [18, 34], [47, 30], [44, 23], [17, 22], [24, 24], [40, 42], [16, 30], [13, 49], [15, 12], [10, 0], [11, 37], [1, 30], [33, 35], [42, 35], [40, 41], [24, 4], [34, 43], [24, 36], [46, 48], [18, 26], [29, 37], [35, 28], [1, 18], [8, 25], [38, 41], [10, 37], [18, 29], [47, 42], [27, 31], [29, 17], [36, 47], [3, 13], [3, 36], [34, 20], [7, 0], [44, 25], [6, 6], [19, 35], [49, 38], [25, 37], [46, 17], [17, 45], [45, 42], [46, 47], [48, 36], [27, 7], [43, 21], [0, 38], [43, 29], [48, 12], [16, 12], [10, 19], [31, 17], [11, 20], [41, 31], [9, 2], [19, 3], [3, 28], [45, 45], [5, 3], [7, 9], [26, 11], [21, 36], [17, 0], [19, 22], [7, 23], [17, 34], [48, 44], [33, 26], [42, 21], [31, 24], [23, 5], [43, 43], [42, 48], [37, 22], [10, 14], [28, 43], [20, 21], [43, 27], [2, 43], [46, 37], [36, 32], [4, 42], [3, 26], [19, 38], [37, 15], [5, 17], [47, 43], [40, 17], [36, 16], [31, 0], [8, 26], [11, 36], [13, 37], [2, 46], [44, 31], [4, 38], [40, 27], [27, 47], [1, 9], [47, 28], [31, 30], [2, 37], [42, 18], [35, 33], [28, 26], [21, 14], [6, 24], [44, 1], [36, 38], [46, 40], [25, 48], [21, 3], [20, 10], [49, 14], [41, 23], [46, 46], [48, 32], [12, 40], [21, 1], [35, 36], [44, 41], [4, 18], [43, 37], [19, 39], [35, 38], [4, 30], [16, 37], [5, 40], [12, 42], [20, 39], [7, 1], [25, 7], [0, 32], [49, 41], [19, 40], [7, 3], [4, 35], [27, 37], [1, 23], [48, 29], [48, 17], [2, 38], [7, 6], [44, 17], [46, 4], [47, 26], [45, 35], [42, 41], [49, 43], [29, 32], [33, 38], [9, 39], [40, 22], [7, 26], [7, 18], [14, 1], [25, 1], [6, 9], [20, 23], [34, 45], [46, 44], [21, 44], [1, 47], [29, 4], [36, 19], [37, 34], [46, 35], [7, 17], [36, 36], [28, 2], [15, 0], [26, 8], [22, 8], [9, 37], [33, 17], [46, 38], [28, 33], [5, 41], [37, 29], [33, 34], [12, 1], [7, 11], [18, 35], [35, 24], [41, 19], [0, 0], [4, 36], [45, 3], [37, 30], [19, 24], [42, 25], [20, 34], [28, 22], [3, 43], [38, 48], [0, 33], [8, 22], [22, 0], [45, 0], [44, 39], [47, 41], [1, 3], [5, 42], [9, 21], [29, 47], [16, 13], [10, 26], [42, 29], [43, 48], [41, 41], [17, 25], [19, 32], [19, 2], [44, 19], [27, 44], [26, 0], [43, 40], [4, 31], [40, 31], [40, 45], [18, 17], [37, 24], [4, 49], [11, 41], [5, 14], [45, 29], [29, 2], [17, 13], [1, 0], [11, 14], [39, 20], [13, 36], [12, 39], [47, 29], [41, 46], [23, 12], [39, 15], [0, 39], [13, 34], [30, 31], [22, 1], [1, 20], [15, 45], [19, 26], [11, 40], [10, 24], [37, 33], [1, 11], [5, 1], [48, 18], [45, 47], [3, 5], [49, 6], [24, 21], [42, 17], [29, 3], [44, 30], [47, 44], [27, 9], [19, 14], [3, 47], [35, 48], [18, 31], [44, 16], [0, 28], [10, 23], [17, 15], [19, 16], [4, 45], [39, 44], [46, 31], [38, 42], [31, 40], [30, 27], [12, 36], [39, 34], [11, 22], [7, 37], [44, 24], [29, 38], [37, 26], [32, 1], [43, 26], [8, 19], [25, 39], [21, 8], [43, 46], [21, 45], [27, 1], [13, 38], [49, 15], [45, 32], [18, 36], [20, 35], [31, 3], [46, 21], [33, 25], [46, 33], [17, 12], [1, 16], [42, 34], [39, 39], [27, 10], [49, 34], [6, 36], [19, 25], [5, 20], [9, 12], [6, 12], [39, 43], [30, 30], [41, 36], [36, 22], [4, 0], [37, 20], [24, 6], [25, 2], [21, 38], [49, 32], [0, 42], [44, 3], [2, 12], [43, 32], [38, 16], [16, 36], [41, 49], [32, 2], [2, 0], [38, 21], [28, 5], [41, 42], [8, 5], [5, 48], [45, 20], [43, 47], [47, 16], [25, 38], [37, 47], [28, 44], [0, 2], [3, 32], [1, 34], [19, 42], [38, 31], [47, 34], [46, 43], [41, 30], [47, 39], [40, 18], [2, 30], [29, 48], [22, 24], [36, 29], [18, 30], [19, 28], [16, 49], [20, 44], [21, 34], [41, 16], [46, 20], [1, 21], [46, 28], [44, 40], [0, 4], [21, 32], [24, 37], [15, 34], [48, 10], [30, 22], [37, 35], [14, 33], [26, 44], [48, 0], [38, 33], [0, 8], [23, 24], [30, 33], [47, 37], [25, 49], [13, 33], [19, 15], [3, 8], [0, 29], [9, 13], [46, 32], [17, 37], [29, 43], [5, 26], [43, 44], [5, 36], [49, 12], [0, 35], [37, 31], [38, 22], [9, 20], [38, 39], [13, 43], [46, 27], [49, 31], [44, 46], [35, 27], [26, 48], [31, 16], [40, 24], [22, 3], [5, 27], [20, 0], [27, 38], [38, 36], [45, 15], [19, 18], [22, 41], [40, 48], [1, 38], [18, 38], [39, 46], [5, 38], [1, 22], [13, 35], [48, 43], [4, 47], [47, 19], [11, 0], [14, 30], [9, 0], [26, 24], [5, 46], [26, 26], [30, 47], [15, 32], [20, 38], [47, 31], [27, 19], [46, 23], [34, 30], [44, 22], [9, 26], [24, 11], [28, 18], [7, 4], [1, 24], [3, 3], [19, 31], [42, 27], [20, 42], [27, 6], [6, 37], [21, 35], [40, 15], [43, 45], [32, 3], [37, 17], [40, 20], [35, 16], [38, 27], [9, 22], [29, 0], [18, 19], [46, 26], [8, 21], [37, 28], [49, 8], [29, 15], [29, 35], [36, 15], [34, 22], [48, 19], [38, 38], [27, 23], [8, 10], [1, 32], [32, 15], [7, 36], [35, 30], [43, 20], [34, 32], [34, 27], [42, 15], [8, 6], [8, 37], [32, 33], [31, 48], [4, 33], [45, 2], [33, 44], [33, 18], [47, 1], [33, 32], [31, 32], [4, 27], [14, 14], [10, 39], [24, 39], [40, 25], [45, 27], [41, 38], [38, 23], [15, 33], [35, 22], [36, 24], [5, 49], [26, 28], [31, 1], [32, 38], [39, 49], [27, 17], [2, 5], [36, 17], [19, 45], [9, 17], [40, 16], [30, 29], [2, 29], [45, 5], [30, 37], [33, 43], [49, 42], [44, 2], [44, 18], [40, 44], [6, 17], [35, 44], [34, 47], [30, 39], [48, 37], [40, 32], [2, 23], [33, 15], [38, 28], [29, 28], [9, 1], [14, 37], [6, 13], [26, 27], [48, 40], [39, 31], [39, 48], [9, 3], [10, 22], [3, 27], [41, 45], [40, 29], [23, 1], [39, 23], [39, 36], [21, 33], [31, 5], [24, 38], [43, 25], [35, 29], [36, 33], [32, 36], [42, 40], [30, 17], [49, 13], [5, 19], [25, 8], [10, 17], [14, 32], [38, 35], [33, 22], [44, 21], [26, 38], [20, 37], [35, 41], [3, 33], [43, 23], [9, 4], [26, 6], [38, 34], [24, 42], [3, 19], [29, 27], [45, 25], [24, 41], [45, 24], [10, 21], [28, 45], [35, 46], [11, 25], [13, 24], [15, 47], [8, 3], [27, 0], [27, 49], [19, 19], [6, 22], [45, 19], [34, 42], [38, 40], [45, 18], [39, 18], [45, 21], [8, 38], [48, 28], [27, 8], [5, 47], [7, 24], [2, 22], [19, 0], [19, 17], [8, 23], [0, 27], [48, 38], [19, 44], [45, 22], [33, 19], [35, 45], [42, 22], [23, 36], [3, 21], [6, 20], [46, 41], [20, 32], [36, 27], [2, 2], [37, 42], [15, 13], [19, 30], [45, 28], [49, 10], [30, 43], [3, 24], [45, 30], [45, 44], [2, 48], [28, 47], [26, 42], [10, 27], [6, 23], [18, 27], [31, 43], [34, 48], [37, 23], [4, 1], [26, 15], [3, 15], [2, 41], [3, 46], [11, 1], [35, 47], [27, 14], [41, 29], [9, 40], [11, 19], [21, 0], [11, 24], [20, 22], [2, 13], [30, 49], [48, 16], [4, 20], [17, 47], [39, 45], [49, 0], [35, 19], [44, 35], [0, 11], [7, 14], [14, 34], [18, 49], [1, 17], [22, 45], [16, 33], [13, 32], [37, 48], [44, 36], [17, 24], [35, 17], [21, 13], [29, 31], [33, 21], [22, 5], [30, 15], [34, 44], [45, 16], [21, 10], [18, 15], [47, 0], [34, 15], [48, 30], [5, 2], [47, 5], [28, 3], [32, 27], [6, 39], [34, 29], [10, 25], [10, 38], [8, 2], [16, 34], [22, 43], [18, 28], [35, 49], [18, 2], [26, 2], [5, 4], [7, 12], [16, 14], [26, 31], [13, 31], [48, 31], [0, 13], [21, 4], [27, 46], [13, 39], [19, 23], [38, 29], [0, 17], [31, 15], [32, 29], [28, 27], [42, 42], [0, 37], [3, 16], [9, 23], [16, 15], [6, 27], [23, 7], [22, 38], [44, 28], [40, 36], [19, 29], [1, 42], [17, 44], [31, 27], [8, 20], [8, 17], [41, 20], [43, 18], [46, 36], [42, 37], [20, 43], [29, 22], [35, 18], [33, 27], [36, 23], [19, 37], [26, 29], [45, 1], [27, 12], [18, 14], [35, 42], [47, 45], [22, 4], [2, 3], [32, 44], [8, 27], [4, 17], [40, 49], [5, 39], [31, 38], [19, 36], [26, 7], [15, 25], [6, 38], [41, 34], [24, 3], [0, 21], [45, 33], [48, 39], [7, 27], [24, 47], [44, 4], [4, 19], [11, 26], [41, 47], [37, 46], [6, 2], [26, 46], [38, 18], [37, 41], [41, 32], [22, 9], [10, 40], [14, 29], [44, 47], [38, 17], [37, 32], [20, 36], [34, 41], [20, 11], [2, 18], [4, 3], [30, 2], [4, 16], [47, 18], [15, 14], [42, 44], [2, 27], [12, 49], [27, 45], [46, 34], [30, 32], [22, 23], [38, 45], [7, 5], [2, 6], [3, 18], [5, 45], [13, 0], [33, 24], [16, 31], [39, 37], [4, 14], [47, 36], [32, 24], [42, 26], [34, 18], [20, 9], [5, 15], [28, 41], [5, 23], [28, 37], [40, 23], [6, 26], [26, 41], [18, 45], [1, 31], [27, 21], [39, 26], [27, 24], [30, 1], [23, 23], [42, 45], [49, 36], [2, 1], [10, 20], [27, 35], [26, 35], [40, 38], [38, 24], [33, 31], [32, 49], [33, 48], [44, 45], [18, 13], [33, 16], [1, 28]], "targets": [[3, 5], [14, 25], [1, 30], [24, 9], [5, 23], [11, 23], [27, 12], [9, 18], [13, 32], [27, 4], [13, 26], [11, 27], [16, 28], [22, 9], [3, 7], [2, 23], [25, 7], [2, 27], [16, 24], [3, 24], [24, 3], [8, 21], [19, 24], [0, 31], [26, 9], [4, 27], [3, 6], [12, 24], [25, 5], [16, 29], [3, 22], [25, 12], [4, 28], [19, 29], [25, 9], [6, 19], [3, 28], [2, 7], [25, 3], [14, 29], [10, 21], [26, 12], [10, 23], [14, 26], [2, 32], [14, 23], [22, 11], [7, 27], [14, 28], [30, 4], [0, 5], [8, 18], [7, 23], [30, 3], [19, 28], [3, 18], [29, 5], [6, 23], [16, 27], [25, 8], [13, 27], [0, 3], [11, 26], [24, 13], [12, 27], [0, 28], [13, 30], [23, 8], [11, 19], [18, 28], [5, 18], [22, 4], [13, 28], [1, 7], [22, 13], [17, 32], [5, 27], [9, 27], [22, 12], [14, 24], [6, 20], [30, 5], [9, 26], [38, 19], [6, 48], [23, 3], [27, 13], [18, 27], [8, 0], [13, 13], [21, 47], [26, 4], [36, 45], [45, 3], [36, 17], [33, 40], [3, 35], [6, 45], [17, 24], [12, 13], [9, 42], [36, 39], [1, 39], [26, 5], [25, 43], [3, 44], [0, 22], [22, 5], [32, 20], [28, 21], [49, 14], [32, 24], [3, 37], [43, 44], [18, 46], [36, 20], [1, 12], [39, 20], [16, 26], [30, 41], [36, 23], [29, 45], [12, 47], [9, 2], [26, 6], [10, 45], [36, 21], [48, 22], [16, 41], [24, 4], [31, 42], [23, 36], [16, 22], [16, 44], [25, 22], [25, 13], [21, 4], [27, 27], [8, 46], [21, 5], [20, 41], [29, 0], [15, 26], [5, 44], [25, 44], [47, 48], [18, 49], [33, 30], [32, 46], [34, 45], [31, 5], [26, 41], [19, 12], [18, 18], [26, 44], [12, 0], [15, 12], [11, 46], [26, 0], [25, 0], [1, 9], [3, 32], [27, 29], [38, 37], [41, 25], [45, 4], [1, 8], [27, 40], [42, 1], [40, 26], [12, 26], [31, 47], [46, 35], [41, 22], [7, 0], [49, 47], [11, 22], [31, 20], [47, 46], [1, 37], [18, 39], [23, 43], [49, 44], [40, 28], [23, 45], [44, 3], [17, 30], [45, 46], [40, 21], [37, 35], [37, 21], [37, 43], [10, 42], [3, 26], [44, 25], [35, 20], [13, 36], [21, 12], [46, 20], [46, 48], [19, 48], [4, 30], [44, 39], [49, 4], [3, 25], [21, 35], [10, 48], [44, 33], [32, 36], [44, 46], [40, 29], [41, 26], [24, 1], [2, 36], [44, 26], [17, 27], [15, 46], [49, 45], [39, 19], [1, 26], [42, 16], [15, 15], [16, 15], [25, 23], [1, 18], [30, 2], [42, 4], [48, 25], [7, 44], [46, 24], [6, 44], [35, 32], [27, 25], [0, 15], [0, 17], [39, 47], [14, 33], [20, 34], [14, 27], [3, 30], [18, 45], [33, 46], [17, 49], [25, 37], [49, 3], [6, 47], [10, 25], [32, 19], [15, 41], [20, 37], [9, 23], [40, 30], [26, 29], [48, 44], [4, 19], [1, 27], [14, 42], [45, 15], [29, 40], [33, 17], [35, 21], [38, 17], [37, 34], [24, 37], [38, 22], [9, 47], [19, 42], [25, 10], [8, 47], [32, 40], [37, 15], [48, 45], [16, 43], [3, 11], [25, 46], [48, 12], [0, 11], [32, 44], [29, 26], [8, 22], [13, 29], [2, 14], [37, 47], [29, 23], [49, 17], [7, 21], [6, 38], [3, 48], [23, 12], [33, 44], [32, 49], [48, 1], [22, 2], [41, 49], [12, 41], [36, 37], [48, 7], [22, 23], [13, 15], [24, 39], [33, 45], [39, 44], [0, 0], [32, 45], [0, 24], [4, 23], [18, 22], [14, 0], [38, 41], [3, 49], [36, 33], [13, 25], [0, 16], [49, 7], [28, 45], [21, 24], [17, 28], [20, 30], [21, 1], [39, 48], [37, 26], [25, 24], [17, 23], [25, 38], [7, 15], [17, 38], [10, 37], [37, 20], [12, 42], [21, 22], [14, 39], [28, 15], [3, 8], [9, 19], [3, 12], [43, 2], [31, 44], [25, 21], [48, 26], [49, 27], [5, 13], [43, 15], [40, 49], [36, 25], [49, 37], [31, 17], [8, 45], [16, 36], [12, 1], [7, 47], [43, 20], [33, 25], [22, 45], [20, 29], [41, 29], [34, 22], [27, 5], [48, 34], [3, 19], [47, 4], [26, 38], [10, 36], [27, 33], [33, 37], [32, 35], [5, 14], [7, 20], [29, 29], [16, 39], [28, 25], [34, 15], [7, 18], [44, 0], [47, 5], [47, 47], [44, 45], [4, 42], [1, 46], [19, 46], [12, 22], [30, 1], [23, 22], [49, 6], [41, 46], [16, 37], [20, 47], [23, 21], [47, 28], [49, 21], [22, 1], [27, 23], [41, 33], [5, 19], [13, 41], [21, 38], [7, 49], [5, 46], [38, 36], [29, 27], [15, 27], [48, 6], [12, 15], [7, 3], [6, 46], [24, 47], [2, 29], [27, 38], [35, 34], [8, 17], [45, 45], [2, 5], [20, 10], [46, 42], [5, 6], [2, 3], [27, 22], [25, 4], [7, 37], [48, 8], [10, 49], [39, 17], [26, 39], [18, 1], [17, 29], [33, 42], [44, 15], [10, 26], [30, 31], [26, 40], [20, 27], [18, 26], [2, 11], [11, 18], [2, 43], [17, 41], [29, 42], [11, 37], [4, 40], [7, 43], [5, 21], [11, 12], [37, 41], [48, 21], [10, 20], [29, 21], [8, 48], [28, 49], [35, 40], [24, 0], [6, 13], [25, 36], [1, 32], [10, 46], [26, 27], [42, 45], [39, 23], [20, 12], [15, 49], [13, 45], [42, 44], [9, 43], [2, 4], [30, 19], [15, 43], [22, 3], [4, 36], [31, 19], [32, 2], [29, 18], [11, 43], [20, 46], [43, 49], [48, 47], [36, 18], [6, 17], [20, 3], [10, 19], [22, 36], [30, 45], [49, 30], [24, 14], [48, 46], [48, 10], [7, 19], [21, 28], [47, 27], [24, 44], [1, 29], [39, 16], [23, 47], [17, 39], [35, 26], [42, 24], [20, 26], [8, 41], [42, 18], [22, 6], [8, 5], [38, 25], [47, 49], [49, 24], [3, 31], [7, 46], [46, 25], [46, 22], [44, 35], [2, 0], [14, 49], [30, 46], [0, 14], [49, 0], [3, 33], [17, 12], [20, 40], [23, 49], [48, 16], [12, 49], [35, 35], [0, 26], [9, 39], [31, 27], [3, 9], [9, 48], [21, 49], [5, 3], [9, 24], [47, 0], [19, 47], [47, 2], [27, 17], [2, 30], [34, 34], [2, 15], [31, 41], [13, 39], [1, 40], [49, 25], [20, 6], [30, 42], [27, 42], [41, 38], [40, 22], [42, 23], [37, 42], [0, 18], [25, 40], [49, 2], [9, 37], [40, 19], [24, 8], [19, 31], [15, 29], [28, 16], [16, 31], [0, 45], [47, 45], [24, 49], [37, 44], [45, 48], [0, 19], [29, 19], [25, 11], [39, 41], [11, 42], [23, 40], [19, 22], [7, 25], [47, 24], [13, 22], [21, 46], [49, 38], [18, 30], [48, 27], [3, 43], [38, 16], [48, 23], [28, 17], [7, 6], [33, 43], [41, 42], [16, 23], [32, 34], [29, 47], [38, 40], [48, 20], [14, 35], [29, 30], [39, 18], [48, 30], [15, 33], [22, 21], [1, 6], [39, 21], [16, 1], [8, 43], [36, 40], [26, 23], [40, 33], [38, 23], [27, 28], [18, 41], [34, 20], [14, 45], [31, 21], [42, 19], [20, 11], [34, 26], [48, 13], [11, 21], [14, 38], [37, 46], [10, 0], [34, 38], [36, 29], [8, 13], [32, 21], [29, 24], [20, 0], [31, 49], [38, 33], [5, 2], [47, 21], [48, 24], [28, 36], [11, 39], [11, 45], [42, 2], [42, 3], [48, 14], [26, 47], [43, 36], [33, 38], [21, 32], [9, 49], [9, 20], [16, 35], [36, 22], [42, 27], [22, 43], [25, 45], [31, 43], [3, 14], [30, 0], [6, 27], [18, 33], [40, 43], [0, 30], [26, 45], [10, 39], [43, 32], [47, 17], [6, 37], [35, 38], [21, 48], [49, 20], [11, 44], [32, 27], [13, 37], [3, 27], [26, 33], [43, 39], [25, 49], [7, 10], [29, 44], [46, 27], [5, 11], [36, 16], [47, 22], [45, 27], [47, 20], [11, 20], [48, 11], [17, 22], [46, 23], [36, 27], [41, 16], [8, 42], [12, 12], [2, 33], [39, 45], [43, 4], [43, 42], [20, 45], [0, 13], [17, 1], [44, 32], [4, 9], [17, 47], [47, 15], [15, 23], [32, 1], [23, 38], [30, 39], [35, 45], [1, 49], [17, 34], [26, 10], [30, 48], [14, 22], [2, 35], [29, 1], [0, 48], [11, 49], [33, 22], [12, 44], [0, 1], [3, 15], [3, 21], [32, 5], [35, 22], [26, 46], [28, 24], [37, 29], [20, 48], [6, 39], [30, 18], [28, 23], [2, 47], [21, 13], [19, 13], [40, 16], [47, 34], [10, 13], [10, 43], [39, 38], [45, 32], [17, 46], [44, 41], [32, 18], [11, 47], [14, 40], [35, 25], [46, 33], [22, 40], [48, 2], [22, 44], [26, 30], [44, 16], [1, 15], [2, 41], [4, 5], [21, 27], [5, 37], [1, 19], [46, 3], [15, 42], [3, 45], [35, 41], [43, 0], [37, 17], [30, 15], [42, 22], [10, 12], [19, 49], [46, 49], [39, 30], [4, 37], [18, 42], [35, 24], [48, 3], [22, 10], [13, 44], [36, 32], [6, 5], [2, 20], [48, 5], [14, 43], [32, 29], [6, 21], [5, 5], [12, 46], [34, 36], [44, 36], [4, 17], [44, 38], [27, 7], [18, 43], [27, 1], [5, 43], [18, 12], [24, 45], [42, 21], [4, 13], [46, 5], [0, 9], [45, 43], [21, 39], [49, 18], [27, 19], [26, 37], [32, 25], [13, 43], [9, 45], [20, 13], [41, 44], [18, 23], [18, 2], [31, 22], [28, 28], [22, 49], [15, 25], [8, 6], [42, 38], [15, 47], [38, 20], [43, 1], [1, 23], [49, 35], [30, 21], [37, 16], [17, 37], [0, 2], [36, 28], [14, 13], [42, 17], [1, 14], [18, 15], [26, 24], [19, 44], [44, 5], [16, 49], [29, 15], [7, 7], [20, 38], [4, 26], [42, 30], [1, 45], [40, 40], [38, 24], [27, 0], [30, 44], [19, 20], [16, 38], [38, 45], [26, 43], [13, 33], [8, 7], [32, 0], [13, 48], [16, 13], [9, 40], [38, 43], [18, 13], [29, 25], [6, 49], [45, 17], [22, 41], [33, 33], [2, 26], [27, 48], [37, 49], [42, 42], [0, 39], [30, 28], [3, 3], [11, 41], [36, 49], [7, 13], [8, 44], [30, 33], [13, 12], [28, 29], [24, 36], [46, 29], [18, 29], [29, 28], [11, 14], [32, 33], [47, 16], [29, 41], [9, 3], [20, 23], [36, 42], [15, 0], [4, 21], [4, 49], [35, 42], [34, 21], [34, 49], [41, 19], [45, 16], [19, 37], [47, 32], [26, 21], [14, 47], [30, 24], [34, 39], [9, 41], [34, 17], [44, 48], [35, 39], [1, 16], [6, 43], [23, 48], [24, 46], [23, 0], [21, 26], [30, 16], [45, 23], [43, 46], [48, 43], [5, 22], [42, 5], [30, 49], [29, 43], [20, 9], [1, 41], [12, 14], [23, 1], [49, 43], [26, 11], [14, 41], [15, 28], [48, 48], [32, 28], [13, 42], [21, 21], [25, 39], [40, 47], [5, 1], [6, 26], [19, 34], [15, 24], [43, 47], [3, 34], [17, 33], [3, 47], [23, 46], [44, 29], [20, 8], [17, 48], [24, 10], [33, 49], [18, 44], [42, 0], [28, 37], [29, 35], [41, 48], [9, 46], [43, 21], [41, 47], [41, 34], [45, 33], [20, 28], [23, 14], [7, 5], [27, 30], [19, 40], [42, 20], [42, 39], [45, 5], [26, 28], [26, 17], [48, 19], [23, 13], [1, 31], [31, 15], [37, 38], [48, 36], [34, 30], [9, 4], [41, 28], [14, 48], [29, 3], [26, 13], [36, 46], [11, 24], [23, 9], [22, 39], [21, 29], [31, 46], [26, 3], [10, 40], [0, 44], [46, 21], [2, 38], [32, 16], [0, 7], [48, 29], [48, 4], [28, 46], [22, 46], [48, 49], [0, 42], [29, 20], [21, 9], [17, 42], [26, 36], [33, 47], [16, 12], [20, 49], [4, 7], [46, 47], [34, 46], [4, 2], [47, 19], [17, 13], [48, 15], [1, 4], [43, 43], [23, 37], [7, 26], [5, 47], [21, 40], [13, 40], [29, 38], [27, 2], [29, 2], [31, 26], [33, 20], [32, 23], [0, 38], [32, 42], [37, 33], [5, 45], [22, 42], [41, 15], [18, 32], [34, 16], [18, 48], [1, 38], [28, 47], [21, 2], [16, 25], [47, 29], [6, 18], [8, 23], [37, 22], [49, 48], [38, 21], [33, 16], [36, 47], [45, 34], [27, 18], [15, 40], [29, 49], [8, 12], [8, 10], [10, 14], [35, 30], [39, 31], [21, 23], [19, 3], [2, 1], [33, 24], [45, 1], [38, 27], [26, 31], [19, 33], [0, 25], [14, 37], [5, 40], [2, 48], [17, 43], [6, 2], [5, 25], [35, 16], [45, 26], [33, 35], [22, 38], [43, 5], [9, 12], [19, 30], [31, 3], [43, 25], [31, 45], [12, 40], [28, 30], [4, 18], [39, 35], [26, 2], [23, 2], [41, 43], [19, 41], [22, 24], [15, 30], [37, 48], [21, 25], [47, 33], [19, 15], [9, 1], [18, 37], [40, 20], [29, 36], [11, 48], [7, 45], [29, 22], [30, 40], [47, 3], [15, 31], [16, 42], [31, 29], [45, 29], [36, 44], [15, 22], [34, 37], [25, 14], [9, 22], [32, 32], [39, 29], [6, 10], [46, 1], [20, 21], [30, 34], [7, 40], [39, 40], [25, 6], [47, 1], [49, 16], [28, 20], [49, 49], [20, 32], [13, 0], [6, 0], [13, 1], [37, 39], [36, 26], [0, 37], [27, 45], [30, 47], [0, 41], [35, 31], [0, 34], [45, 0], [24, 2], [7, 41], [27, 21], [16, 33], [25, 42], [34, 25], [27, 36], [8, 15], [3, 46], [15, 39], [5, 38], [42, 49], [49, 26], [42, 15], [49, 41], [45, 22], [4, 43], [0, 10], [1, 20], [32, 41], [49, 5], [46, 32], [26, 14], [14, 36], [30, 26], [18, 20], [32, 47], [2, 19], [2, 6], [42, 33], [38, 28], [32, 43], [24, 21], [45, 20], [20, 25], [2, 46], [27, 43], [41, 30], [49, 15], [5, 49], [43, 30], [4, 6], [49, 11], [1, 25], [43, 27], [27, 26], [49, 34], [13, 31], [0, 21], [28, 35], [4, 11], [18, 4], [27, 16], [24, 22], [9, 36], [34, 47], [44, 27], [20, 31], [17, 40], [42, 31], [20, 2], [44, 49]]}