{"meta": {"number_of_robots": 2778, "description": {"parameters": {"seed": 3284, "shape": [100, 100], "obstacles": {"n": 30, "mean": 5, "std": 2.5}, "clusters": {"n": 5, "mean": 20, "std": 10.0, "relative_radius": 2, "increase_factor": 1.3, "start_dist": {"generator_name": "Image", "shape": [100, 100], "min": 0.0, "max": 128.0, "mean": 62.6592, "std": 60.47698947004554, "dtype": "uint64", "parameters": {"image": "redblue.png", "transformer": {"name": "ColorChannelSelector", "channel": "r", "inverted": false}}}, "target_dist": {"generator_name": "Image", "shape": [100, 100], "min": 0.0, "max": 153.0, "mean": 78.1275, "std": 72.29855768789582, "dtype": "uint64", "parameters": {"image": "redblue.png", "transformer": {"name": "ColorChannelSelector", "channel": "b", "inverted": false}}}}, "density": 0.3, "start_dist": {"generator_name": "Image", "shape": [100, 100], "min": 0.0, "max": 128.0, "mean": 62.6592, "std": 60.47698947004554, "dtype": "uint64", "parameters": {"image": "redblue.png", "transformer": {"name": "ColorChannelSelector", "channel": "r", "inverted": false}}}, "target_dist": {"generator_name": "Image", "shape": [100, 100], "min": 0.0, "max": 153.0, "mean": 78.1275, "std": 72.29855768789582, "dtype": "uint64", "parameters": {"image": "redblue.png", "transformer": {"name": "ColorChannelSelector", "channel": "b", "inverted": false}}}}, "stats": {"date": "2020-11-17", "free_area": 9257.0, "number_of_clustered_robots": 77, "number_of_robots": 2778}}}, "name": "redblue_00006_100x100_30_2778", "obstacles": [[1, 26], [1, 27], [1, 42], [1, 43], [2, 26], [2, 27], [2, 42], [2, 43], [3, 26], [3, 27], [3, 32], [3, 33], [3, 34], [3, 35], [3, 36], [3, 37], [3, 38], [3, 39], [3, 40], [3, 41], [3, 43], [4, 14], [4, 15], [4, 16], [4, 17], [4, 26], [4, 27], [4, 32], [4, 43], [5, 14], [5, 17], [5, 32], [5, 42], [5, 43], [6, 14], [6, 17], [6, 32], [6, 41], [6, 53], [6, 54], [6, 55], [6, 56], [6, 57], [6, 58], [7, 14], [7, 15], [7, 16], [7, 17], [7, 32], [7, 41], [7, 53], [7, 58], [8, 32], [8, 33], [8, 34], [8, 35], [8, 36], [8, 37], [8, 38], [8, 39], [8, 40], [8, 41], [8, 53], [8, 58], [9, 53], [9, 58], [10, 53], [10, 58], [11, 8], [11, 9], [11, 10], [11, 11], [11, 27], [11, 53], [11, 58], [12, 8], [12, 11], [12, 27], [12, 53], [12, 58], [12, 67], [12, 68], [12, 90], [13, 8], [13, 11], [13, 27], [13, 53], [13, 54], [13, 55], [13, 56], [13, 57], [13, 58], [13, 67], [13, 68], [13, 90], [14, 8], [14, 11], [14, 27], [14, 67], [14, 68], [14, 90], [15, 8], [15, 11], [15, 27], [15, 67], [15, 68], [15, 90], [16, 8], [16, 9], [16, 10], [16, 11], [16, 27], [16, 67], [16, 68], [16, 90], [17, 67], [17, 68], [17, 90], [18, 67], [18, 68], [20, 9], [20, 10], [20, 11], [20, 12], [20, 13], [20, 14], [20, 15], [20, 16], [20, 17], [21, 9], [21, 17], [22, 9], [22, 17], [23, 9], [23, 17], [23, 32], [23, 33], [23, 34], [23, 35], [23, 36], [23, 37], [23, 38], [23, 39], [24, 9], [24, 17], [24, 32], [24, 39], [25, 9], [25, 10], [25, 11], [25, 12], [25, 13], [25, 14], [25, 15], [25, 16], [25, 17], [25, 32], [25, 39], [26, 32], [26, 39], [27, 32], [27, 39], [28, 31], [28, 39], [29, 31], [29, 39], [30, 31], [30, 39], [30, 66], [30, 67], [30, 68], [30, 69], [30, 70], [30, 71], [31, 31], [31, 39], [31, 66], [31, 67], [31, 68], [31, 69], [31, 70], [31, 71], [32, 32], [32, 39], [33, 32], [33, 39], [34, 32], [34, 39], [35, 32], [35, 33], [35, 34], [35, 35], [35, 36], [35, 37], [35, 38], [35, 39], [36, 88], [36, 89], [36, 90], [37, 42], [37, 43], [37, 44], [37, 45], [37, 46], [37, 88], [37, 90], [38, 33], [38, 34], [38, 35], [38, 36], [38, 37], [38, 42], [38, 46], [38, 88], [38, 90], [39, 26], [39, 27], [39, 33], [39, 37], [39, 42], [39, 46], [39, 88], [39, 89], [39, 90], [40, 26], [40, 27], [40, 33], [40, 37], [40, 42], [40, 46], [41, 18], [41, 19], [41, 20], [41, 21], [41, 22], [41, 23], [41, 24], [41, 26], [41, 27], [41, 33], [41, 37], [41, 42], [41, 43], [41, 44], [41, 45], [41, 46], [42, 18], [42, 24], [42, 33], [42, 37], [43, 18], [43, 19], [43, 20], [43, 21], [43, 22], [43, 23], [43, 24], [43, 33], [43, 34], [43, 35], [43, 36], [43, 37], [51, 34], [51, 35], [51, 36], [51, 37], [51, 38], [51, 39], [52, 34], [52, 39], [52, 47], [52, 48], [52, 49], [52, 50], [52, 51], [53, 34], [53, 39], [53, 47], [53, 51], [54, 34], [54, 39], [54, 47], [54, 51], [55, 34], [55, 39], [55, 47], [55, 51], [56, 34], [56, 39], [56, 47], [56, 51], [57, 34], [57, 35], [57, 36], [57, 37], [57, 38], [57, 39], [57, 47], [57, 51], [58, 47], [58, 48], [58, 49], [58, 50], [58, 51], [59, 55], [59, 56], [59, 57], [59, 58], [59, 59], [59, 60], [59, 61], [59, 62], [59, 63], [59, 64], [60, 55], [60, 64], [61, 8], [61, 55], [61, 64], [62, 8], [62, 55], [62, 64], [63, 8], [63, 55], [63, 64], [64, 8], [64, 55], [64, 64], [65, 8], [65, 55], [65, 58], [65, 59], [65, 60], [65, 61], [65, 62], [65, 63], [65, 64], [66, 8], [66, 56], [66, 57], [67, 8], [67, 56], [67, 57], [68, 39], [68, 56], [68, 57], [69, 39], [69, 56], [69, 57], [69, 94], [69, 95], [69, 96], [69, 97], [69, 98], [70, 39], [70, 94], [70, 98], [71, 94], [71, 98], [72, 94], [72, 98], [73, 94], [73, 95], [73, 96], [73, 97], [73, 98], [75, 53], [75, 54], [75, 55], [75, 56], [75, 57], [75, 58], [75, 59], [75, 86], [75, 87], [76, 53], [76, 54], [76, 55], [76, 56], [76, 57], [76, 58], [76, 59], [76, 86], [76, 87], [77, 86], [77, 87], [78, 86], [78, 87], [79, 86], [79, 87], [80, 86], [80, 87], [81, 86], [81, 87], [82, 57], [82, 58], [82, 59], [82, 60], [82, 61], [82, 62], [82, 63], [83, 57], [83, 58], [83, 59], [83, 60], [83, 61], [83, 62], [83, 63], [88, 44], [88, 45], [88, 46], [88, 47], [88, 48], [88, 49], [88, 50], [89, 44], [89, 51], [89, 52], [90, 44], [90, 52], [91, 44], [91, 52], [92, 44], [92, 45], [92, 46], [92, 47], [92, 48], [92, 49], [92, 50], [92, 52], [93, 51], [93, 52], [94, 51], [94, 52], [95, 51], [95, 52], [96, 51], [96, 52]], "starts": [[51, 7], [1, 57], [17, 16], [74, 8], [9, 9], [1, 56], [19, 17], [5, 58], [21, 20], [51, 6], [4, 10], [1, 59], [22, 18], [2, 55], [17, 14], [52, 8], [4, 55], [20, 19], [77, 9], [4, 7], [0, 58], [18, 13], [51, 2], [4, 62], [18, 16], [0, 59], [19, 16], [58, 5], [4, 12], [5, 62], [17, 13], [6, 63], [21, 18], [74, 12], [52, 3], [1, 58], [22, 20], [8, 8], [6, 52], [20, 18], [55, 9], [4, 57], [19, 18], [6, 62], [10, 9], [23, 20], [2, 60], [56, 8], [18, 15], [76, 10], [2, 59], [19, 15], [3, 60], [54, 5], [10, 12], [23, 18], [0, 56], [18, 18], [3, 55], [58, 9], [17, 18], [3, 59], [8, 12], [23, 19], [77, 8], [1, 55], [50, 9], [17, 15], [7, 62], [17, 17], [2, 58], [9, 8], [57, 4], [22, 21], [0, 57], [18, 17], [3, 57], [67, 7], [77, 10], [95, 25], [3, 1], [11, 18], [14, 88], [13, 43], [44, 91], [15, 89], [59, 52], [44, 39], [4, 20], [5, 25], [70, 65], [4, 79], [66, 60], [49, 79], [28, 30], [45, 91], [70, 14], [63, 23], [65, 85], [18, 2], [87, 60], [74, 21], [38, 96], [98, 5], [84, 73], [24, 94], [75, 95], [26, 91], [95, 32], [59, 92], [37, 92], [62, 74], [23, 42], [34, 92], [44, 7], [90, 13], [94, 31], [76, 70], [62, 18], [98, 99], [62, 90], [74, 74], [33, 81], [74, 93], [72, 15], [26, 1], [75, 80], [73, 24], [13, 37], [92, 13], [39, 38], [16, 3], [22, 47], [65, 30], [41, 68], [76, 69], [50, 30], [30, 41], [42, 85], [13, 40], [25, 48], [66, 5], [73, 82], [19, 99], [31, 91], [27, 60], [50, 15], [37, 62], [56, 11], [42, 55], [15, 45], [11, 13], [2, 36], [80, 44], [42, 88], [12, 89], [42, 87], [42, 13], [18, 98], [51, 69], [1, 34], [31, 88], [2, 20], [34, 8], [67, 48], [98, 35], [16, 13], [83, 48], [6, 10], [2, 10], [76, 9], [97, 99], [27, 66], [61, 68], [1, 97], [63, 77], [10, 16], [96, 33], [91, 89], [46, 70], [75, 61], [49, 51], [7, 18], [82, 69], [63, 90], [67, 68], [46, 76], [42, 2], [50, 28], [49, 12], [44, 1], [52, 86], [43, 3], [60, 20], [74, 83], [37, 54], [50, 63], [98, 26], [62, 19], [96, 3], [42, 63], [63, 75], [33, 82], [80, 81], [46, 92], [62, 88], [80, 30], [93, 24], [27, 44], [28, 69], [49, 64], [55, 20], [13, 52], [62, 81], [64, 33], [87, 46], [88, 65], [92, 59], [96, 96], [81, 71], [19, 33], [87, 84], [27, 81], [73, 46], [60, 69], [17, 31], [12, 33], [4, 80], [98, 22], [32, 81], [52, 17], [58, 28], [76, 49], [7, 46], [51, 67], [16, 2], [44, 70], [68, 66], [60, 97], [55, 17], [19, 94], [24, 82], [2, 33], [56, 32], [40, 21], [16, 16], [77, 97], [65, 74], [50, 14], [42, 71], [41, 88], [82, 73], [5, 49], [26, 99], [22, 64], [21, 77], [95, 83], [20, 29], [38, 12], [37, 60], [45, 69], [61, 11], [76, 16], [94, 19], [55, 90], [5, 6], [60, 8], [49, 62], [14, 58], [22, 91], [56, 25], [39, 70], [42, 90], [43, 25], [77, 48], [64, 87], [94, 36], [80, 67], [62, 31], [23, 66], [37, 69], [53, 71], [6, 23], [3, 10], [52, 13], [72, 9], [1, 37], [1, 4], [1, 7], [23, 92], [73, 83], [20, 68], [44, 30], [42, 42], [31, 93], [91, 86], [85, 59], [48, 40], [92, 64], [73, 17], [71, 41], [54, 80], [75, 42], [93, 50], [96, 1], [81, 64], [95, 98], [57, 44], [65, 29], [35, 89], [47, 13], [98, 3], [26, 43], [59, 43], [63, 42], [39, 61], [41, 70], [94, 35], [31, 51], [32, 77], [66, 0], [53, 25], [53, 67], [47, 47], [0, 13], [3, 77], [54, 67], [71, 64], [79, 32], [27, 83], [52, 80], [94, 67], [59, 42], [30, 92], [39, 41], [87, 65], [79, 20], [66, 27], [96, 18], [69, 99], [59, 47], [85, 60], [52, 87], [68, 16], [69, 63], [53, 77], [90, 1], [23, 82], [32, 91], [13, 16], [34, 59], [95, 37], [18, 51], [84, 48], [96, 47], [45, 30], [33, 10], [89, 40], [34, 1], [53, 23], [79, 48], [4, 11], [83, 68], [15, 0], [31, 9], [83, 44], [63, 71], [81, 52], [50, 48], [79, 81], [18, 93], [41, 49], [44, 6], [86, 6], [97, 0], [30, 91], [35, 95], [60, 94], [45, 83], [78, 8], [86, 47], [70, 9], [41, 60], [23, 98], [39, 59], [5, 63], [59, 70], [69, 58], [70, 11], [88, 86], [72, 12], [79, 6], [99, 38], [10, 94], [73, 35], [89, 22], [46, 8], [64, 76], [77, 21], [45, 8], [25, 67], [62, 72], [77, 92], [82, 4], [23, 2], [27, 29], [60, 45], [75, 97], [67, 67], [53, 5], [63, 5], [80, 33], [61, 70], [64, 77], [3, 46], [59, 81], [28, 95], [96, 85], [13, 92], [68, 7], [14, 17], [15, 46], [41, 91], [68, 75], [10, 48], [12, 39], [64, 49], [90, 31], [23, 81], [72, 35], [34, 4], [82, 54], [24, 83], [58, 90], [21, 79], [83, 19], [84, 87], [52, 64], [67, 66], [59, 21], [26, 55], [41, 2], [54, 40], [8, 7], [70, 92], [51, 52], [51, 68], [3, 31], [62, 70], [53, 76], [57, 29], [19, 70], [43, 45], [30, 90], [73, 21], [57, 80], [39, 40], [43, 6], [5, 4], [67, 58], [80, 71], [77, 31], [16, 50], [92, 10], [14, 36], [50, 69], [85, 74], [44, 82], [56, 45], [89, 87], [7, 9], [52, 15], [40, 67], [29, 79], [70, 34], [14, 15], [86, 86], [61, 30], [20, 84], [89, 64], [48, 48], [65, 70], [15, 38], [78, 18], [94, 84], [84, 55], [91, 13], [55, 43], [92, 61], [19, 25], [43, 98], [75, 94], [93, 87], [45, 6], [48, 82], [22, 46], [78, 30], [91, 60], [24, 45], [27, 1], [8, 21], [87, 43], [40, 96], [66, 84], [20, 85], [64, 82], [51, 15], [74, 84], [21, 66], [62, 22], [49, 26], [28, 16], [69, 79], [28, 67], [38, 26], [4, 50], [3, 21], [11, 36], [11, 37], [95, 41], [70, 82], [20, 97], [43, 54], [11, 42], [66, 23], [38, 53], [19, 72], [10, 18], [99, 59], [71, 58], [71, 13], [29, 52], [23, 1], [86, 88], [29, 92], [56, 46], [41, 58], [88, 67], [62, 83], [62, 95], [76, 28], [44, 44], [54, 13], [69, 93], [51, 74], [92, 70], [44, 93], [61, 47], [25, 45], [21, 83], [9, 11], [47, 73], [43, 14], [98, 37], [12, 40], [70, 59], [54, 90], [45, 97], [70, 63], [71, 42], [55, 88], [95, 15], [52, 21], [2, 21], [77, 28], [89, 30], [62, 93], [57, 15], [46, 36], [41, 51], [92, 89], [47, 93], [28, 87], [5, 20], [65, 72], [18, 70], [92, 83], [14, 32], [67, 4], [70, 35], [61, 18], [23, 31], [88, 71], [60, 18], [22, 56], [16, 61], [47, 69], [88, 82], [99, 2], [23, 4], [84, 86], [83, 6], [61, 21], [47, 80], [2, 22], [79, 30], [21, 95], [12, 91], [66, 69], [24, 88], [49, 22], [97, 24], [87, 44], [92, 2], [42, 70], [73, 13], [80, 17], [76, 51], [85, 61], [85, 63], [69, 66], [19, 30], [95, 34], [79, 16], [65, 48], [52, 66], [8, 63], [30, 61], [50, 26], [99, 40], [32, 18], [53, 28], [21, 97], [84, 7], [89, 99], [17, 1], [64, 23], [40, 66], [47, 71], [52, 24], [99, 39], [64, 73], [21, 42], [79, 82], [89, 60], [2, 5], [68, 18], [27, 43], [19, 98], [41, 73], [86, 28], [73, 78], [22, 79], [38, 29], [60, 33], [17, 69], [87, 67], [41, 86], [99, 7], [90, 40], [9, 12], [28, 60], [29, 96], [15, 70], [61, 54], [90, 64], [51, 76], [75, 43], [57, 66], [40, 99], [38, 11], [50, 76], [21, 68], [68, 10], [80, 82], [46, 71], [56, 13], [58, 26], [34, 95], [98, 30], [69, 7], [18, 32], [2, 78], [46, 0], [1, 12], [90, 25], [59, 9], [79, 47], [74, 80], [94, 4], [91, 2], [22, 32], [49, 9], [57, 7], [73, 9], [93, 58], [82, 50], [69, 5], [55, 28], [57, 45], [6, 93], [75, 18], [97, 5], [39, 85], [66, 87], [23, 44], [27, 91], [73, 80], [97, 68], [36, 5], [31, 13], [52, 85], [21, 41], [51, 78], [38, 70], [65, 31], [98, 45], [90, 41], [20, 65], [20, 2], [60, 85], [14, 60], [52, 67], [61, 83], [4, 31], [67, 29], [47, 39], [99, 43], [51, 9], [79, 43], [50, 13], [58, 43], [70, 17], [13, 17], [85, 68], [76, 96], [26, 61], [20, 48], [71, 17], [3, 81], [99, 33], [71, 60], [90, 38], [63, 70], [10, 7], [25, 56], [52, 31], [58, 46], [98, 29], [70, 16], [18, 3], [34, 94], [71, 37], [91, 88], [1, 9], [0, 37], [23, 67], [93, 86], [95, 67], [42, 11], [58, 78], [41, 87], [25, 96], [27, 42], [74, 44], [46, 81], [45, 86], [59, 6], [95, 35], [60, 87], [4, 84], [44, 11], [55, 21], [36, 97], [87, 82], [39, 39], [40, 91], [38, 7], [59, 80], [32, 76], [27, 0], [57, 76], [90, 60], [2, 46], [31, 74], [70, 13], [40, 51], [87, 28], [78, 68], [40, 49], [92, 69], [61, 84], [76, 82], [59, 90], [84, 51], [41, 4], [75, 76], [54, 3], [89, 61], [46, 95], [52, 32], [62, 43], [47, 68], [75, 68], [50, 68], [88, 70], [41, 29], [58, 21], [75, 11], [24, 3], [27, 4], [54, 32], [95, 29], [13, 38], [86, 7], [87, 68], [43, 46], [23, 0], [5, 3], [16, 59], [93, 69], [17, 57], [9, 14], [45, 38], [30, 99], [74, 53], [12, 81], [22, 86], [6, 12], [21, 34], [48, 76], [55, 78], [19, 82], [46, 6], [56, 42], [78, 50], [56, 93], [72, 10], [40, 28], [45, 48], [77, 11], [17, 11], [86, 89], [50, 50], [4, 21], [69, 64], [61, 52], [99, 41], [25, 98], [69, 13], [73, 73], [55, 32], [97, 31], [21, 45], [78, 95], [73, 63], [90, 23], [52, 12], [38, 65], [74, 19], [54, 76], [65, 66], [25, 92], [34, 87], [3, 19], [65, 76], [51, 23], [53, 90], [55, 7], [92, 66], [23, 85], [60, 52], [43, 99], [71, 36], [33, 90], [65, 28], [68, 92], [36, 96], [44, 54], [16, 39], [49, 70], [12, 43], [29, 54], [24, 0], [36, 95], [36, 91], [74, 23], [76, 43], [97, 41], [19, 92], [62, 92], [44, 18], [72, 14], [89, 88], [59, 94], [97, 26], [49, 10], [10, 14], [76, 48], [1, 40], [96, 39], [4, 45], [23, 93], [84, 46], [55, 31], [34, 88], [63, 92], [44, 3], [47, 76], [45, 29], [44, 35], [2, 41], [89, 42], [46, 38], [39, 99], [5, 30], [87, 81], [27, 82], [36, 93], [36, 35], [17, 30], [34, 10], [84, 50], [77, 51], [18, 34], [17, 59], [71, 63], [86, 43], [31, 92], [82, 51], [28, 43], [43, 86], [58, 31], [70, 8], [69, 10], [25, 43], [72, 78], [68, 17], [25, 94], [91, 97], [41, 10], [84, 70], [19, 67], [53, 15], [48, 15], [64, 72], [32, 11], [56, 12], [45, 27], [3, 17], [68, 76], [75, 51], [33, 86], [97, 95], [40, 52], [94, 98], [81, 67], [26, 56], [47, 14], [60, 89], [41, 67], [63, 91], [98, 43], [20, 35], [30, 77], [43, 96], [14, 62], [43, 5], [76, 21], [32, 84], [35, 58], [0, 16], [88, 43], [98, 7], [78, 14], [84, 62], [73, 33], [78, 15], [34, 84], [41, 53], [23, 83], [99, 26], [5, 48], [71, 11], [94, 66], [72, 62], [48, 62], [72, 57], [19, 45], [97, 38], [17, 33], [81, 6], [3, 80], [37, 87], [66, 92], [45, 2], [15, 15], [15, 42], [39, 98], [47, 20], [19, 40], [90, 83], [54, 85], [74, 11], [24, 69], [12, 37], [9, 17], [88, 60], [91, 23], [22, 55], [65, 88], [90, 89], [86, 71], [28, 56], [57, 77], [51, 32], [33, 57], [29, 43], [12, 88], [51, 26], [21, 64], [93, 83], [88, 62], [89, 62], [54, 26], [43, 27], [75, 73], [81, 33], [24, 2], [44, 2], [51, 64], [2, 15], [79, 71], [96, 5], [9, 18], [26, 78], [71, 81], [68, 15], [87, 61], [59, 78], [85, 46], [23, 5], [75, 77], [30, 51], [81, 65], [79, 19], [48, 22], [66, 76], [62, 44], [97, 32], [61, 42], [93, 17], [35, 57], [41, 1], [38, 40], [1, 29], [74, 82], [72, 40], [46, 14], [49, 71], [85, 45], [50, 7], [28, 61], [13, 3], [46, 84], [50, 74], [59, 10], [40, 89], [52, 29], [6, 26], [72, 84], [97, 29], [59, 41], [46, 99], [3, 61], [13, 50], [88, 59], [24, 57], [52, 89], [88, 84], [18, 33], [44, 4], [29, 12], [63, 43], [57, 11], [50, 24], [54, 24], [41, 69], [42, 99], [42, 52], [51, 41], [76, 83], [79, 49], [47, 26], [74, 96], [96, 24], [99, 58], [72, 43], [24, 66], [91, 96], [55, 91], [61, 89], [90, 65], [91, 59], [17, 47], [80, 18], [83, 18], [59, 50], [78, 96], [38, 21], [23, 69], [17, 51], [83, 50], [29, 82], [1, 80], [76, 66], [60, 88], [57, 92], [5, 83], [72, 36], [41, 59], [57, 25], [79, 68], [88, 27], [24, 76], [16, 4], [49, 66], [46, 46], [45, 31], [41, 74], [64, 70], [91, 84], [41, 48], [3, 22], [60, 25], [49, 65], [72, 63], [57, 9], [5, 29], [34, 91], [12, 16], [75, 24], [47, 23], [96, 16], [12, 13], [39, 52], [16, 57], [26, 79], [27, 65], [48, 19], [19, 85], [57, 75], [42, 61], [28, 97], [2, 47], [43, 1], [8, 10], [20, 92], [5, 9], [55, 8], [83, 53], [85, 75], [40, 53], [74, 64], [75, 78], [53, 63], [86, 74], [87, 41], [57, 13], [92, 21], [84, 89], [2, 49], [39, 68], [23, 89], [49, 87], [94, 83], [27, 31], [31, 53], [86, 84], [12, 17], [56, 41], [21, 99], [23, 84], [80, 20], [20, 33], [39, 54], [54, 44], [56, 30], [56, 67], [92, 85], [73, 81], [66, 46], [14, 34], [53, 29], [51, 3], [41, 72], [26, 44], [69, 9], [48, 74], [4, 18], [59, 67], [13, 62], [39, 28], [81, 50], [53, 69], [67, 6], [7, 8], [6, 7], [93, 25], [12, 35], [57, 93], [74, 76], [98, 39], [64, 71], [8, 14], [72, 81], [49, 48], [64, 45], [44, 87], [95, 4], [54, 84], [18, 41], [49, 38], [29, 53], [42, 1], [98, 41], [49, 50], [55, 65], [43, 68], [81, 69], [89, 86], [14, 41], [16, 38], [87, 85], [45, 93], [95, 19], [70, 45], [73, 75], [53, 27], [28, 55], [24, 92], [38, 63], [80, 32], [57, 14], [5, 11], [17, 42], [74, 7], [22, 42], [72, 77], [82, 43], [56, 76], [22, 81], [42, 60], [71, 56], [16, 52], [93, 49], [71, 35], [41, 96], [50, 20], [97, 69], [51, 27], [65, 90], [53, 14], [21, 65], [12, 34], [62, 87], [30, 14], [4, 24], [58, 76], [95, 86], [25, 93], [95, 5], [98, 38], [7, 19], [56, 68], [99, 46], [4, 95], [90, 68], [68, 58], [7, 93], [85, 24], [40, 40], [59, 39], [50, 22], [55, 15], [48, 39], [62, 94], [56, 78], [39, 55], [91, 87], [23, 71], [59, 32], [81, 5], [91, 66], [41, 63], [45, 82], [45, 94], [55, 12], [82, 18], [76, 73], [58, 36], [86, 85], [86, 41], [23, 86], [67, 46], [74, 78], [45, 35], [40, 1], [41, 13], [94, 34], [33, 88], [94, 5], [78, 81], [6, 21], [56, 89], [67, 64], [42, 65], [21, 81], [16, 70], [11, 50], [16, 43], [17, 58], [29, 30], [83, 55], [79, 70], [20, 83], [63, 40], [54, 31], [79, 50], [48, 20], [37, 67], [73, 61], [96, 15], [65, 6], [59, 98], [18, 36], [61, 95], [51, 24], [95, 23], [31, 87], [91, 99], [16, 49], [45, 77], [57, 33], [4, 93], [78, 94], [71, 79], [2, 83], [37, 27], [28, 2], [30, 79], [97, 97], [3, 13], [30, 74], [5, 12], [63, 52], [14, 91], [1, 10], [2, 80], [46, 82], [61, 66], [83, 45], [46, 35], [4, 94], [65, 91], [47, 96], [12, 87], [50, 38], [65, 75], [54, 21], [92, 22], [52, 11], [95, 39], [66, 85], [47, 10], [91, 56], [42, 57], [56, 43], [3, 82], [66, 67], [82, 33], [45, 21], [45, 50], [72, 59], [28, 98], [60, 48], [27, 56], [88, 40], [94, 22], [92, 91], [75, 44], [6, 64], [87, 89], [63, 48], [44, 0], [63, 50], [66, 72], [60, 53], [54, 4], [48, 21], [29, 67], [37, 68], [72, 42], [13, 2], [85, 57], [52, 33], [98, 59], [74, 73], [13, 45], [11, 38], [94, 40], [34, 5], [40, 59], [0, 55], [82, 72], [66, 70], [29, 61], [91, 21], [76, 68], [45, 12], [54, 28], [45, 7], [58, 25], [74, 35], [48, 78], [28, 80], [60, 29], [46, 2], [98, 46], [38, 56], [33, 75], [6, 3], [85, 91], [45, 39], [30, 11], [21, 67], [13, 84], [54, 77], [2, 9], [19, 71], [15, 31], [3, 2], [64, 40], [66, 6], [14, 14], [17, 48], [66, 25], [89, 25], [45, 71], [75, 23], [51, 42], [53, 19], [44, 83], [63, 83], [27, 54], [68, 0], [5, 61], [89, 68], [91, 65], [21, 94], [44, 68], [68, 97], [51, 51], [43, 51], [19, 2], [11, 35], [31, 11], [12, 48], [1, 77], [96, 2], [93, 88], [15, 17], [77, 50], [96, 23], [39, 1], [64, 88], [67, 72], [65, 46], [10, 13], [32, 88], [68, 98], [82, 17], [33, 85], [22, 31], [54, 66], [51, 22], [57, 40], [1, 36], [99, 8], [39, 11], [26, 70], [43, 91], [37, 6], [50, 64], [0, 40], [94, 11], [42, 28], [49, 24], [10, 11], [19, 39], [32, 94], [68, 12], [87, 26], [25, 70], [52, 4], [38, 39], [60, 10], [24, 43], [11, 51], [71, 12], [48, 25], [46, 19], [53, 66], [13, 85], [75, 79], [18, 49], [56, 22], [40, 87], [26, 89], [76, 26], [37, 86], [46, 93], [67, 70], [8, 24], [45, 3], [72, 76], [55, 11], [52, 10], [27, 71], [22, 80], [43, 30], [16, 44], [84, 5], [45, 46], [52, 2], [80, 34], [3, 15], [53, 84], [95, 24], [81, 81], [77, 19], [65, 97], [41, 89], [60, 19], [22, 29], [22, 92], [90, 58], [12, 38], [93, 10], [65, 27], [2, 95], [38, 98], [74, 95], [94, 20], [44, 26], [62, 75], [32, 13], [69, 15], [16, 51], [63, 94], [50, 6], [69, 47], [77, 82], [59, 68], [21, 39], [1, 14], [47, 46], [18, 38], [51, 70], [13, 61], [62, 24], [67, 61], [30, 97], [28, 41], [21, 86], [12, 60], [38, 28], [99, 45], [67, 0], [53, 70], [24, 98], [4, 61], [39, 86], [90, 92], [48, 14], [88, 26], [8, 94], [61, 74], [58, 96], [34, 12], [54, 86], [61, 71], [92, 12], [96, 7], [60, 5], [89, 91], [89, 38], [2, 93], [16, 33], [44, 13], [29, 69], [57, 32], [78, 9], [59, 96], [40, 56], [44, 64], [93, 84], [45, 36], [93, 15], [59, 49], [66, 29], [19, 96], [21, 82], [53, 91], [0, 2], [19, 97], [62, 73], [16, 32], [70, 57], [96, 97], [67, 27], [6, 5], [53, 4], [55, 16], [75, 65], [4, 3], [73, 18], [54, 88], [90, 85], [8, 23], [77, 79], [5, 27], [88, 88], [43, 67], [18, 99], [61, 48], [26, 68], [47, 19], [82, 65], [61, 6], [81, 49], [58, 37], [43, 49], [11, 40], [43, 2], [32, 74], [52, 76], [15, 87], [61, 45], [26, 42], [24, 99], [6, 96], [43, 55], [64, 86], [61, 9], [7, 96], [27, 55], [53, 30], [0, 10], [48, 73], [57, 91], [73, 60], [26, 47], [93, 36], [56, 44], [5, 7], [17, 40], [34, 2], [96, 19], [87, 70], [96, 40], [60, 72], [24, 78], [52, 27], [83, 73], [4, 2], [18, 65], [67, 12], [37, 59], [22, 85], [57, 5], [17, 39], [2, 18], [91, 10], [21, 54], [89, 84], [89, 41], [66, 24], [31, 83], [55, 27], [5, 47], [8, 19], [3, 97], [97, 22], [87, 63], [73, 59], [74, 79], [61, 72], [35, 88], [61, 94], [99, 36], [4, 29], [74, 62], [16, 35], [82, 52], [87, 90], [28, 63], [92, 88], [72, 19], [19, 34], [28, 68], [90, 87], [72, 55], [82, 46], [2, 12], [89, 39], [73, 8], [30, 0], [50, 10], [29, 91], [79, 29], [21, 30], [7, 47], [16, 40], [28, 64], [16, 0], [19, 46], [93, 22], [73, 14], [3, 56], [49, 37], [70, 66], [98, 9], [40, 41], [78, 6], [32, 55], [69, 81], [73, 45], [96, 31], [6, 19], [52, 90], [59, 93], [58, 32], [80, 65], [79, 33], [77, 80], [21, 69], [5, 60], [27, 61], [19, 66], [19, 83], [38, 58], [27, 96], [72, 93], [89, 26], [70, 83], [59, 8], [75, 9], [57, 21], [53, 44], [83, 47], [72, 85], [28, 82], [18, 0], [93, 37], [67, 45], [79, 5], [71, 77], [3, 47], [91, 63], [87, 62], [43, 28], [16, 72], [80, 47], [44, 27], [68, 90], [23, 3], [67, 15], [13, 82], [91, 14], [44, 71], [51, 28], [93, 68], [36, 59], [50, 89], [30, 84], [82, 70], [19, 43], [45, 53], [45, 4], [59, 79], [0, 46], [34, 17], [90, 0], [24, 4], [44, 40], [25, 95], [35, 93], [91, 0], [55, 41], [44, 99], [45, 95], [65, 26], [26, 30], [90, 62], [28, 1], [85, 89], [46, 37], [71, 82], [96, 28], [58, 52], [3, 96], [60, 51], [25, 91], [50, 77], [79, 42], [70, 36], [73, 42], [73, 15], [75, 75], [23, 56], [52, 14], [52, 62], [73, 72], [38, 87], [58, 97], [97, 27], [84, 72], [44, 5], [84, 6], [6, 6], [33, 83], [52, 26], [75, 10], [24, 89], [78, 48], [99, 96], [95, 99], [97, 2], [74, 72], [98, 0], [38, 52], [76, 20], [95, 38], [95, 16], [52, 5], [24, 80], [39, 29], [60, 92], [73, 20], [56, 7], [29, 99], [46, 78], [68, 96], [30, 12], [94, 95], [46, 1], [40, 62], [52, 16], [0, 43], [42, 66], [46, 21], [63, 79], [40, 63], [2, 34], [60, 76], [52, 69], [74, 33], [97, 37], [76, 8], [54, 64], [17, 26], [44, 9], [86, 75], [73, 36], [12, 94], [89, 28], [79, 66], [45, 14], [4, 58], [98, 6], [49, 15], [30, 76], [57, 65], [99, 97], [89, 37], [4, 9], [25, 69], [36, 54], [97, 8], [39, 91], [62, 53], [44, 19], [8, 17], [14, 53], [63, 67], [69, 45], [46, 83], [58, 14], [3, 14], [64, 92], [4, 49], [83, 65], [48, 77], [91, 15], [91, 92], [47, 22], [11, 16], [15, 1], [39, 65], [50, 29], [78, 11], [65, 51], [11, 15], [0, 7], [44, 65], [45, 40], [26, 95], [35, 12], [10, 10], [46, 29], [34, 93], [64, 68], [3, 50], [98, 1], [97, 15], [76, 24], [14, 44], [7, 95], [16, 31], [63, 93], [20, 47], [97, 19], [4, 5], [55, 66], [21, 53], [39, 64], [29, 68], [47, 21], [2, 77], [64, 85], [72, 73], [99, 3], [39, 69], [93, 67], [74, 59], [96, 37], [23, 47], [72, 79], [2, 28], [39, 87], [96, 69], [65, 68], [52, 71], [69, 92], [12, 52], [86, 67], [54, 79], [78, 16], [80, 5], [2, 45], [35, 91], [71, 33], [76, 13], [28, 53], [78, 31], [78, 45], [37, 95], [60, 12], [74, 15], [52, 25], [60, 96], [29, 98], [89, 89], [60, 49], [74, 60], [92, 90], [32, 12], [65, 52], [28, 51], [45, 41], [12, 14], [3, 20], [46, 66], [45, 67], [56, 19], [5, 1], [25, 41], [13, 34], [25, 28], [93, 64], [78, 46], [81, 47], [65, 92], [17, 34], [73, 16], [54, 81], [75, 93], [84, 63], [40, 12], [2, 79], [49, 61], [96, 21], [72, 13], [1, 45], [26, 28], [41, 62], [78, 21], [73, 65], [53, 86], [32, 93], [34, 58], [20, 64], [97, 9], [57, 12], [41, 39], [69, 37], [74, 13], [5, 95], [61, 27], [85, 44], [81, 34], [59, 89], [51, 14], [44, 29], [89, 29], [1, 78], [7, 49], [98, 32], [85, 48], [43, 53], [2, 30], [51, 73], [63, 10], [43, 90], [0, 39], [84, 66], [70, 5], [24, 96], [5, 31], [77, 81], [16, 42], [26, 94], [34, 57], [81, 17], [54, 23], [30, 86], [2, 11], [43, 29], [24, 47], [60, 34], [70, 37], [66, 73], [1, 31], [74, 61], [17, 36], [16, 1], [2, 2], [58, 20], [40, 29], [85, 43], [20, 70], [75, 21], [97, 67], [45, 98], [55, 80], [83, 52], [95, 68], [71, 84], [44, 34], [61, 32], [24, 56], [87, 29], [55, 44], [3, 94], [22, 66], [57, 24], [42, 86], [44, 38], [66, 88], [72, 67], [82, 48], [11, 59], [1, 32], [61, 97], [12, 86], [76, 84], [50, 12], [59, 82], [43, 39], [12, 12], [33, 55], [75, 67], [96, 38], [64, 22], [83, 72], [3, 7], [65, 24], [70, 44], [88, 81], [17, 71], [15, 40], [80, 19], [29, 55], [85, 84], [54, 29], [8, 52], [25, 3], [51, 12], [30, 93], [2, 6], [65, 65], [42, 3], [16, 18], [4, 77], [31, 89], [5, 2], [56, 6], [93, 39], [81, 4], [80, 50], [96, 20], [22, 53], [23, 78], [10, 75], [15, 41], [60, 81], [74, 20], [42, 26], [42, 43], [30, 82], [25, 57], [25, 79], [25, 68], [25, 82], [57, 19], [88, 64], [51, 62], [46, 94], [35, 18], [39, 96], [56, 90], [32, 89], [7, 63], [19, 47], [3, 5], [79, 7], [3, 4], [64, 89], [90, 57], [94, 65], [98, 49], [88, 56], [65, 4], [42, 14], [43, 40], [48, 49], [72, 44], [22, 97], [78, 27], [18, 1], [94, 38], [49, 20], [87, 25], [97, 18], [57, 27], [27, 90], [8, 13], [42, 73], [29, 65], [86, 70], [33, 58], [99, 44], [36, 3], [50, 85], [3, 51], [6, 95], [73, 43], [74, 25], [74, 17], [86, 69], [64, 6], [38, 55], [25, 80], [94, 1], [86, 72], [35, 5], [87, 23], [64, 90], [59, 66], [71, 44], [44, 51], [14, 38], [55, 89], [68, 13], [95, 21], [2, 40], [6, 28], [66, 62], [16, 46], [50, 71], [27, 80], [45, 79], [66, 49], [3, 83], [76, 71], [17, 0], [42, 54], [81, 43], [4, 59], [87, 58], [58, 69], [59, 5], [58, 29], [42, 39], [52, 88], [43, 42], [67, 17], [45, 92], [38, 60], [95, 70], [61, 4], [16, 34], [92, 23], [98, 24], [75, 66], [82, 71], [16, 89], [26, 69], [13, 48], [28, 15], [55, 4], [43, 26], [43, 69], [21, 44], [28, 96], [76, 52], [0, 6], [90, 29], [92, 0], [38, 8], [22, 76], [63, 32], [47, 11], [22, 30], [47, 75], [26, 65], [6, 22], [13, 49], [64, 79], [73, 64], [85, 49], [61, 31], [77, 94], [18, 35], [62, 5], [83, 67], [14, 78], [85, 23], [74, 69], [17, 35], [59, 48], [63, 81], [60, 77], [88, 42], [5, 94], [42, 72], [24, 41], [88, 41], [77, 47], [20, 34], [77, 16], [97, 96], [47, 82], [74, 14], [50, 37], [15, 34], [41, 54], [50, 51], [74, 63], [67, 5], [96, 45], [53, 26], [60, 17], [81, 8], [53, 11], [29, 66], [36, 87], [70, 12], [5, 23], [65, 71], [37, 93], [84, 61], [0, 94], [39, 7], [90, 61], [74, 26], [23, 55], [6, 49], [35, 94], [68, 91], [66, 90], [48, 80], [93, 66], [78, 17], [83, 74], [53, 18], [83, 4], [20, 30], [70, 15], [3, 9], [52, 61], [96, 66], [14, 59], [26, 64], [49, 88], [66, 97], [84, 8], [35, 6], [14, 89], [6, 11], [77, 22], [64, 66], [42, 95], [12, 59], [21, 3], [63, 6], [71, 90], [75, 62], [62, 26], [15, 37], [90, 39], [77, 70], [59, 40], [54, 43], [58, 27], [0, 34], [42, 94], [55, 23], [87, 72], [83, 54], [97, 44], [42, 69], [43, 66], [43, 97], [53, 41], [9, 15], [56, 77], [28, 14], [23, 80], [25, 71], [46, 11], [65, 69], [50, 16], [32, 95], [45, 10], [16, 15], [17, 50], [64, 50], [86, 27], [99, 9], [48, 38], [78, 93], [78, 32], [33, 93], [59, 36], [59, 7], [42, 56], [14, 40], [85, 5], [45, 5], [42, 68], [76, 6], [44, 85], [81, 70], [42, 46], [39, 63], [40, 73], [25, 83], [66, 26], [92, 99], [6, 92], [38, 95], [80, 69], [57, 28], [2, 32], [76, 11], [76, 79], [51, 87], [26, 45], [22, 77], [73, 92], [48, 79], [26, 63], [53, 13], [73, 76], [44, 96], [85, 69], [83, 64], [34, 11], [49, 78], [43, 64], [30, 83], [15, 48], [82, 64], [91, 68], [96, 17], [61, 20], [11, 90], [61, 53], [96, 27], [97, 1], [58, 53], [51, 20], [81, 66], [81, 48], [66, 74], [22, 19], [14, 70], [14, 39], [16, 53], [36, 11], [51, 29], [43, 50], [34, 86], [43, 72], [79, 8], [13, 39], [44, 98], [40, 71], [57, 95], [0, 96], [63, 89], [99, 98], [23, 46], [93, 99], [42, 62], [57, 69], [45, 99], [91, 24], [97, 21], [63, 21], [50, 79], [6, 13], [45, 68], [1, 17], [90, 30], [95, 33], [0, 95], [18, 12], [15, 49], [62, 50], [40, 92], [70, 78], [60, 90], [3, 23], [23, 99], [67, 90], [32, 83], [55, 19], [45, 45], [70, 84], [73, 23], [59, 77], [88, 61], [6, 4], [51, 40], [61, 93], [51, 33], [91, 85], [87, 69], [74, 71], [60, 83], [1, 93], [96, 32], [0, 27], [76, 93], [92, 67], [97, 42], [15, 36], [76, 50], [24, 1], [51, 88], [32, 92], [56, 15], [35, 1], [83, 71], [77, 26], [3, 8], [38, 93], [85, 70], [58, 92], [43, 84], [32, 82], [61, 10], [30, 55], [82, 7], [97, 30], [21, 70], [24, 29], [83, 70], [14, 61], [41, 56], [2, 76], [64, 30], [13, 44], [6, 30], [99, 10], [2, 16], [51, 65], [62, 32], [4, 82], [60, 50], [3, 3], [59, 26], [15, 44], [46, 91], [8, 47], [74, 92], [23, 91], [76, 17], [56, 79], [51, 75], [33, 77], [45, 19], [71, 14], [77, 72], [49, 67], [10, 8], [31, 56], [77, 7], [61, 98], [66, 4], [48, 26], [82, 34], [93, 61], [17, 46], [46, 42], [63, 86], [22, 45], [40, 57], [60, 54], [59, 35], [93, 2], [93, 3], [15, 39], [21, 98], [4, 78], [79, 45], [7, 1], [67, 76], [58, 94], [70, 7], [82, 45], [22, 70], [2, 17], [71, 62], [97, 47], [70, 79], [6, 94], [28, 54], [43, 95], [90, 37], [18, 95], [91, 95], [53, 87], [38, 61], [10, 47], [15, 86], [70, 93], [67, 49], [3, 6], [45, 43], [43, 10], [80, 8], [50, 66], [40, 72], [72, 16], [10, 38], [1, 47], [95, 20], [82, 49], [92, 94], [33, 95], [19, 84], [75, 64], [46, 69], [8, 11], [92, 86], [75, 96], [5, 8], [94, 23], [43, 70], [39, 10], [59, 24], [30, 15], [22, 3], [64, 28], [41, 98], [2, 44], [3, 12], [37, 40], [41, 64], [88, 69], [41, 90], [78, 12], [39, 60], [60, 84], [97, 66], [61, 5], [15, 47], [38, 68], [73, 41], [36, 92], [49, 63], [51, 50], [75, 22], [17, 66], [59, 25], [81, 35], [29, 2], [97, 36], [54, 25], [87, 56], [49, 14], [66, 93], [2, 97], [76, 23], [0, 12], [91, 1], [47, 70], [28, 79], [26, 77], [0, 28], [76, 74], [51, 11], [80, 16], [41, 99], [31, 82], [84, 45], [58, 80], [53, 24], [58, 16], [21, 78], [74, 75], [62, 91], [96, 22], [78, 7], [23, 97], [53, 89], [1, 44], [30, 56], [63, 20], [11, 48], [97, 35], [28, 17], [83, 7], [86, 42], [94, 2], [92, 62], [22, 83], [46, 12], [97, 33], [39, 62], [37, 11], [33, 87], [87, 45], [21, 85], [54, 16], [98, 98], [77, 18], [93, 4], [44, 95], [41, 55], [32, 19], [31, 12], [97, 4], [73, 55], [34, 89], [27, 2], [37, 9], [89, 67], [48, 10], [65, 33], [25, 54], [61, 92], [95, 28], [79, 67], [63, 87], [5, 59], [7, 23], [31, 80], [63, 9], [84, 71], [92, 87], [72, 64], [26, 76], [56, 21], [51, 77], [18, 45], [35, 7], [33, 11], [8, 9], [62, 46], [98, 44], [24, 42], [16, 37], [36, 57], [22, 40], [12, 50], [45, 70], [54, 17], [96, 4], [99, 37], [45, 42], [48, 71], [53, 85], [73, 85], [65, 67], [62, 78], [74, 70], [43, 47], [49, 69], [47, 37], [74, 24], [93, 14], [50, 86], [3, 48], [72, 83], [60, 73], [12, 92], [40, 65], [76, 94], [94, 39], [50, 65], [61, 17], [99, 89], [29, 93], [88, 66], [14, 35], [29, 83], [39, 9], [22, 95], [32, 86], [58, 8], [56, 20], [39, 94], [63, 74], [3, 11], [38, 27], [80, 31], [45, 13], [71, 8], [0, 4], [58, 11], [96, 0], [62, 29], [4, 44], [6, 48], [15, 3], [13, 88], [24, 40], [19, 3], [52, 30], [15, 88], [51, 89], [16, 88], [66, 89], [74, 77], [21, 96], [57, 6], [77, 83], [59, 71], [60, 67], [13, 86], [65, 86], [71, 92], [44, 86], [64, 75], [48, 11], [13, 35], [42, 41], [82, 68], [74, 9], [65, 47], [42, 12], [17, 2], [70, 42]], "targets": [[2, 71], [11, 20], [26, 27], [31, 22], [72, 40], [9, 22], [26, 22], [17, 24], [31, 27], [4, 75], [71, 38], [11, 23], [23, 23], [9, 25], [32, 25], [4, 77], [19, 15], [26, 25], [30, 23], [71, 39], [15, 26], [22, 21], [1, 71], [18, 21], [30, 20], [9, 21], [30, 17], [6, 76], [70, 40], [19, 19], [29, 26], [11, 22], [31, 23], [32, 22], [0, 77], [16, 21], [27, 23], [76, 40], [15, 21], [22, 24], [6, 73], [20, 20], [31, 24], [16, 24], [76, 39], [32, 23], [17, 21], [7, 71], [28, 24], [36, 24], [17, 27], [24, 20], [9, 27], [4, 74], [71, 40], [23, 25], [12, 21], [30, 25], [18, 19], [6, 72], [23, 20], [13, 23], [74, 37], [29, 21], [34, 25], [19, 24], [6, 75], [26, 24], [12, 20], [28, 21], [15, 25], [70, 42], [4, 72], [31, 26], [13, 19], [27, 22], [19, 22], [28, 9], [9, 93], [91, 36], [32, 59], [53, 57], [72, 24], [87, 47], [68, 77], [14, 30], [47, 0], [7, 31], [71, 47], [6, 51], [85, 38], [29, 45], [36, 23], [19, 26], [37, 23], [86, 18], [31, 40], [91, 10], [30, 64], [55, 98], [99, 0], [26, 20], [81, 56], [47, 4], [38, 80], [82, 25], [71, 77], [83, 85], [79, 63], [9, 78], [36, 79], [8, 75], [30, 6], [38, 2], [11, 73], [11, 98], [9, 49], [91, 40], [17, 84], [39, 82], [82, 75], [17, 55], [13, 30], [88, 8], [34, 49], [50, 83], [68, 33], [74, 32], [97, 85], [99, 24], [54, 2], [46, 61], [94, 78], [33, 27], [23, 59], [54, 56], [63, 98], [74, 68], [79, 36], [47, 18], [49, 8], [98, 93], [20, 73], [99, 84], [72, 85], [34, 48], [30, 59], [79, 37], [28, 56], [41, 77], [7, 67], [83, 2], [96, 84], [10, 29], [20, 57], [77, 74], [56, 58], [96, 89], [44, 60], [37, 47], [87, 78], [5, 81], [10, 91], [20, 61], [1, 54], [63, 4], [83, 20], [49, 31], [30, 72], [87, 20], [21, 7], [66, 83], [70, 50], [87, 8], [23, 24], [94, 28], [8, 76], [27, 17], [68, 24], [12, 6], [72, 75], [79, 5], [81, 58], [37, 79], [46, 60], [44, 21], [64, 65], [82, 98], [14, 66], [87, 95], [15, 56], [90, 94], [79, 42], [71, 27], [2, 64], [10, 41], [36, 0], [66, 34], [2, 39], [7, 69], [59, 1], [2, 37], [70, 4], [48, 99], [43, 62], [27, 18], [4, 90], [26, 15], [66, 38], [85, 32], [85, 55], [98, 79], [42, 75], [9, 33], [9, 70], [49, 59], [2, 83], [80, 3], [84, 41], [90, 28], [64, 2], [82, 9], [54, 19], [74, 31], [39, 74], [77, 90], [65, 95], [37, 85], [80, 40], [44, 10], [87, 33], [93, 81], [98, 49], [80, 63], [98, 55], [80, 76], [19, 14], [69, 23], [22, 25], [78, 42], [32, 61], [59, 83], [85, 28], [47, 27], [93, 42], [37, 99], [10, 59], [19, 75], [22, 27], [74, 88], [69, 52], [32, 28], [54, 72], [89, 93], [76, 35], [31, 28], [8, 98], [34, 78], [31, 18], [98, 91], [73, 32], [7, 87], [86, 66], [73, 87], [97, 76], [38, 4], [53, 19], [45, 23], [67, 52], [83, 81], [49, 17], [31, 19], [81, 36], [87, 17], [34, 81], [25, 6], [81, 76], [6, 42], [89, 96], [68, 73], [95, 80], [91, 55], [79, 79], [90, 71], [88, 1], [65, 3], [16, 61], [9, 66], [2, 38], [77, 58], [40, 23], [52, 0], [15, 80], [35, 28], [76, 36], [9, 1], [68, 78], [72, 72], [5, 44], [19, 20], [35, 64], [64, 3], [3, 66], [89, 76], [61, 1], [53, 73], [19, 91], [18, 74], [99, 90], [8, 91], [12, 86], [64, 9], [34, 30], [13, 5], [84, 14], [78, 58], [35, 47], [21, 61], [34, 96], [5, 54], [32, 50], [48, 83], [35, 48], [25, 62], [68, 27], [62, 12], [27, 10], [58, 89], [50, 81], [24, 60], [81, 84], [63, 3], [80, 38], [11, 63], [8, 5], [99, 61], [48, 58], [34, 46], [78, 63], [96, 45], [68, 37], [24, 8], [82, 87], [3, 65], [91, 20], [49, 79], [83, 34], [53, 10], [3, 0], [10, 32], [23, 52], [49, 41], [66, 1], [34, 15], [79, 12], [68, 26], [38, 23], [52, 92], [9, 90], [43, 43], [38, 74], [98, 11], [11, 24], [0, 76], [8, 3], [85, 0], [56, 73], [10, 76], [12, 63], [64, 11], [83, 76], [9, 81], [5, 84], [90, 54], [84, 3], [94, 55], [10, 89], [95, 63], [84, 13], [99, 67], [60, 12], [33, 28], [69, 71], [45, 17], [99, 87], [69, 28], [88, 36], [27, 74], [77, 97], [11, 70], [18, 85], [0, 53], [71, 30], [30, 49], [37, 64], [35, 78], [19, 61], [49, 52], [92, 26], [70, 75], [46, 22], [13, 64], [14, 47], [12, 62], [87, 0], [9, 43], [7, 98], [25, 86], [1, 72], [40, 79], [95, 25], [47, 90], [7, 72], [20, 90], [89, 1], [78, 98], [77, 78], [85, 77], [94, 71], [34, 43], [43, 8], [32, 47], [12, 97], [67, 31], [99, 93], [52, 55], [86, 29], [99, 19], [10, 51], [34, 20], [82, 96], [77, 42], [15, 5], [77, 47], [76, 42], [12, 70], [20, 59], [86, 12], [90, 11], [36, 64], [79, 11], [36, 72], [37, 16], [81, 27], [16, 20], [28, 84], [36, 22], [34, 22], [79, 91], [85, 37], [10, 1], [87, 31], [9, 99], [85, 34], [62, 1], [21, 75], [65, 12], [88, 91], [3, 1], [56, 55], [91, 28], [28, 10], [48, 17], [63, 12], [97, 92], [44, 8], [22, 8], [4, 99], [5, 75], [60, 30], [75, 4], [2, 52], [67, 39], [54, 62], [43, 77], [64, 35], [91, 4], [76, 5], [28, 76], [99, 83], [75, 36], [81, 26], [42, 76], [37, 3], [0, 30], [63, 18], [92, 8], [0, 89], [45, 72], [47, 36], [78, 56], [94, 57], [12, 72], [76, 62], [11, 82], [98, 68], [32, 54], [94, 10], [6, 70], [99, 20], [80, 15], [32, 66], [68, 30], [94, 73], [32, 44], [99, 47], [36, 62], [92, 54], [82, 81], [50, 54], [76, 38], [99, 31], [18, 58], [80, 78], [90, 33], [36, 97], [11, 30], [21, 71], [87, 37], [85, 65], [88, 13], [67, 10], [7, 5], [23, 74], [72, 70], [84, 81], [67, 54], [48, 90], [8, 44], [58, 24], [96, 58], [1, 53], [5, 68], [83, 93], [13, 75], [10, 95], [32, 14], [91, 41], [48, 19], [17, 81], [78, 60], [44, 87], [75, 5], [91, 17], [11, 26], [76, 64], [69, 50], [15, 30], [79, 57], [42, 81], [37, 50], [97, 11], [39, 93], [23, 28], [67, 81], [70, 26], [9, 63], [57, 98], [28, 7], [94, 32], [6, 29], [80, 30], [84, 80], [98, 81], [6, 86], [18, 20], [51, 19], [15, 74], [91, 54], [37, 24], [7, 60], [24, 50], [91, 6], [64, 15], [92, 81], [11, 21], [69, 24], [99, 55], [51, 96], [13, 70], [55, 58], [70, 5], [82, 55], [43, 78], [21, 5], [84, 24], [37, 15], [79, 75], [99, 89], [43, 59], [55, 75], [6, 80], [86, 0], [48, 64], [35, 69], [12, 46], [47, 53], [59, 16], [65, 38], [45, 89], [51, 33], [46, 15], [40, 5], [89, 2], [98, 86], [35, 13], [94, 26], [72, 1], [81, 82], [5, 79], [89, 5], [35, 19], [34, 79], [5, 51], [87, 50], [0, 67], [67, 32], [98, 92], [4, 86], [18, 59], [22, 36], [19, 82], [89, 6], [83, 12], [37, 19], [83, 31], [0, 14], [46, 63], [31, 47], [31, 41], [36, 68], [68, 36], [81, 28], [10, 78], [68, 43], [10, 0], [10, 24], [0, 92], [57, 53], [16, 92], [0, 69], [34, 1], [71, 70], [84, 96], [8, 68], [27, 25], [67, 30], [47, 91], [99, 74], [31, 99], [8, 30], [84, 37], [25, 87], [74, 28], [92, 34], [28, 57], [26, 46], [45, 56], [96, 77], [5, 86], [64, 26], [89, 53], [1, 91], [81, 40], [17, 54], [10, 46], [79, 13], [97, 88], [0, 60], [97, 12], [73, 25], [45, 31], [10, 5], [88, 72], [83, 77], [94, 27], [16, 84], [98, 70], [25, 21], [27, 85], [87, 76], [73, 30], [9, 28], [93, 31], [59, 88], [83, 90], [38, 22], [86, 21], [40, 32], [11, 64], [36, 98], [61, 3], [48, 31], [47, 43], [29, 43], [27, 60], [85, 51], [28, 23], [26, 75], [98, 94], [95, 53], [80, 2], [62, 40], [78, 5], [54, 0], [62, 17], [75, 3], [79, 73], [18, 4], [19, 63], [2, 62], [77, 1], [66, 52], [68, 49], [20, 50], [53, 83], [34, 98], [33, 3], [49, 80], [48, 7], [76, 60], [28, 44], [8, 65], [59, 72], [8, 81], [0, 48], [19, 27], [75, 29], [16, 87], [49, 82], [67, 83], [55, 0], [43, 32], [81, 10], [81, 92], [99, 82], [88, 79], [94, 9], [87, 39], [18, 98], [96, 73], [47, 89], [36, 28], [31, 25], [33, 2], [98, 73], [0, 90], [25, 60], [13, 21], [18, 79], [20, 74], [84, 58], [14, 54], [71, 69], [34, 82], [12, 79], [95, 46], [9, 91], [76, 3], [37, 70], [84, 38], [93, 79], [21, 62], [72, 71], [11, 5], [61, 0], [84, 84], [35, 65], [22, 62], [82, 15], [94, 6], [49, 57], [18, 80], [81, 1], [79, 97], [98, 60], [37, 20], [95, 50], [84, 9], [90, 72], [79, 55], [26, 10], [81, 81], [17, 77], [36, 15], [16, 73], [96, 70], [0, 16], [85, 97], [0, 80], [75, 61], [27, 92], [89, 3], [38, 84], [11, 51], [24, 48], [36, 31], [1, 84], [32, 26], [17, 22], [83, 82], [83, 95], [32, 43], [1, 30], [80, 75], [8, 82], [99, 92], [40, 80], [71, 99], [55, 70], [85, 31], [48, 63], [85, 1], [81, 98], [68, 54], [37, 84], [87, 3], [40, 31], [29, 18], [68, 44], [78, 73], [61, 41], [65, 10], [88, 33], [35, 97], [99, 72], [54, 93], [83, 36], [85, 16], [50, 92], [69, 54], [67, 94], [79, 40], [81, 93], [36, 40], [19, 10], [50, 85], [23, 60], [93, 92], [83, 27], [81, 89], [79, 53], [10, 72], [81, 61], [36, 1], [21, 51], [86, 53], [15, 97], [9, 35], [2, 51], [72, 99], [13, 29], [45, 88], [42, 32], [77, 40], [52, 53], [19, 4], [77, 65], [62, 97], [44, 80], [83, 83], [94, 29], [48, 97], [58, 14], [42, 17], [60, 0], [57, 88], [79, 77], [31, 59], [32, 70], [14, 48], [11, 80], [38, 31], [73, 31], [58, 65], [79, 14], [53, 93], [98, 72], [10, 66], [57, 84], [38, 21], [96, 53], [16, 72], [26, 86], [11, 44], [34, 16], [36, 32], [38, 83], [27, 87], [91, 29], [62, 41], [87, 34], [83, 80], [18, 81], [54, 96], [10, 71], [39, 14], [79, 41], [71, 48], [19, 56], [21, 56], [65, 99], [31, 17], [26, 74], [34, 28], [25, 50], [35, 60], [22, 22], [88, 80], [71, 89], [14, 79], [3, 72], [37, 74], [39, 80], [82, 41], [22, 28], [85, 11], [45, 77], [2, 63], [57, 60], [24, 59], [32, 79], [50, 17], [20, 22], [12, 47], [47, 16], [34, 0], [31, 29], [26, 40], [28, 85], [18, 27], [35, 62], [16, 94], [36, 26], [94, 70], [82, 22], [95, 59], [77, 60], [57, 71], [79, 64], [92, 41], [9, 59], [26, 72], [33, 26], [96, 87], [18, 73], [11, 52], [37, 97], [55, 61], [57, 89], [8, 70], [21, 36], [10, 36], [26, 60], [98, 63], [91, 82], [98, 13], [13, 72], [16, 89], [2, 61], [87, 49], [69, 0], [26, 93], [8, 43], [90, 75], [64, 16], [33, 60], [70, 31], [86, 49], [92, 30], [98, 82], [78, 97], [45, 63], [93, 28], [71, 87], [26, 17], [82, 13], [91, 7], [58, 85], [35, 41], [39, 81], [99, 65], [32, 31], [38, 78], [81, 11], [45, 74], [86, 2], [34, 97], [83, 38], [80, 97], [91, 33], [26, 19], [49, 2], [21, 58], [92, 78], [68, 72], [68, 79], [44, 79], [19, 81], [46, 90], [47, 86], [22, 48], [70, 74], [58, 3], [59, 73], [77, 5], [40, 94], [30, 43], [19, 29], [17, 73], [99, 94], [73, 47], [79, 99], [82, 84], [68, 41], [33, 65], [85, 99], [69, 34], [21, 88], [93, 41], [44, 62], [84, 15], [6, 71], [81, 31], [98, 12], [7, 29], [54, 99], [39, 49], [24, 51], [31, 42], [13, 20], [6, 66], [74, 85], [29, 77], [85, 83], [41, 16], [81, 74], [85, 22], [95, 56], [35, 77], [58, 57], [82, 44], [95, 94], [20, 91], [82, 82], [67, 84], [56, 98], [49, 94], [6, 85], [84, 23], [17, 92], [61, 36], [76, 45], [83, 39], [94, 81], [34, 99], [77, 92], [17, 56], [34, 45], [9, 52], [19, 78], [68, 38], [65, 13], [17, 28], [86, 34], [20, 35], [33, 6], [73, 70], [88, 78], [34, 75], [48, 3], [96, 71], [91, 74], [30, 24], [16, 83], [76, 77], [16, 66], [68, 69], [27, 47], [17, 19], [50, 40], [82, 56], [88, 5], [18, 61], [63, 65], [69, 31], [93, 56], [51, 55], [28, 27], [19, 37], [61, 13], [9, 44], [43, 17], [68, 31], [82, 19], [52, 59], [98, 56], [99, 49], [68, 87], [39, 24], [33, 41], [76, 98], [82, 35], [66, 84], [50, 42], [21, 22], [71, 4], [76, 29], [35, 15], [90, 43], [5, 52], [28, 74], [82, 77], [13, 79], [9, 42], [49, 1], [6, 97], [82, 86], [38, 14], [89, 0], [88, 18], [49, 98], [46, 75], [26, 51], [96, 57], [12, 44], [67, 41], [0, 81], [85, 40], [27, 6], [14, 24], [84, 35], [21, 24], [32, 67], [24, 25], [75, 34], [31, 0], [76, 48], [88, 7], [18, 91], [30, 46], [66, 37], [48, 65], [10, 23], [35, 68], [39, 95], [78, 52], [68, 53], [1, 87], [25, 31], [97, 70], [93, 46], [98, 77], [72, 88], [63, 24], [5, 65], [10, 31], [33, 51], [15, 73], [40, 7], [64, 21], [62, 2], [0, 22], [36, 51], [1, 89], [0, 99], [84, 2], [71, 49], [22, 50], [20, 71], [74, 4], [5, 67], [44, 33], [29, 66], [64, 18], [78, 1], [85, 8], [0, 74], [90, 26], [75, 45], [82, 97], [36, 82], [19, 28], [32, 78], [16, 28], [99, 51], [77, 38], [20, 37], [93, 62], [31, 62], [98, 20], [72, 0], [67, 12], [73, 51], [89, 74], [98, 74], [93, 63], [77, 89], [32, 49], [87, 21], [7, 92], [10, 67], [5, 56], [15, 76], [0, 23], [14, 81], [80, 64], [75, 35], [42, 38], [31, 61], [56, 74], [80, 93], [54, 58], [22, 52], [77, 33], [30, 29], [51, 81], [37, 63], [68, 42], [10, 27], [52, 60], [33, 5], [52, 58], [29, 71], [73, 52], [33, 54], [5, 74], [26, 87], [25, 24], [15, 99], [90, 27], [29, 74], [80, 21], [69, 3], [95, 92], [85, 81], [33, 8], [48, 43], [12, 5], [97, 73], [69, 20], [22, 89], [63, 0], [53, 94], [21, 49], [63, 16], [60, 39], [81, 30], [53, 52], [33, 44], [85, 35], [24, 86], [32, 45], [57, 73], [34, 51], [95, 62], [58, 16], [14, 29], [50, 43], [70, 3], [54, 83], [78, 35], [17, 94], [96, 61], [99, 75], [80, 84], [11, 95], [53, 0], [23, 73], [36, 25], [80, 26], [85, 26], [35, 96], [51, 47], [95, 27], [57, 63], [85, 15], [33, 47], [10, 25], [45, 25], [59, 75], [67, 36], [5, 70], [3, 91], [14, 93], [85, 80], [54, 73], [77, 63], [30, 5], [77, 37], [19, 9], [20, 89], [43, 81], [39, 18], [84, 29], [70, 48], [76, 30], [65, 37], [50, 95], [74, 5], [76, 1], [1, 81], [13, 4], [90, 93], [11, 25], [16, 78], [32, 60], [4, 91], [36, 52], [80, 52], [37, 40], [21, 38], [96, 11], [19, 80], [14, 63], [24, 58], [92, 73], [73, 38], [71, 25], [35, 16], [66, 80], [71, 26], [8, 74], [68, 35], [87, 92], [30, 57], [24, 22], [18, 83], [34, 66], [81, 23], [84, 78], [84, 60], [87, 15], [13, 97], [94, 8], [35, 82], [97, 53], [59, 65], [7, 42], [93, 20], [85, 14], [79, 22], [91, 53], [32, 29], [13, 25], [48, 44], [46, 32], [68, 88], [1, 50], [64, 19], [22, 39], [87, 53], [39, 79], [7, 79], [67, 89], [91, 56], [77, 99], [17, 88], [97, 83], [3, 67], [78, 2], [63, 37], [79, 15], [37, 41], [66, 14], [89, 20], [33, 20], [15, 82], [35, 43], [85, 18], [41, 8], [91, 80], [90, 7], [68, 74], [1, 1], [54, 97], [7, 82], [44, 59], [48, 61], [32, 68], [18, 5], [29, 8], [45, 32], [34, 19], [14, 73], [26, 52], [96, 75], [11, 19], [70, 68], [31, 63], [99, 48], [33, 67], [4, 68], [81, 60], [55, 72], [19, 25], [35, 67], [1, 99], [9, 88], [35, 75], [11, 45], [80, 24], [29, 7], [96, 49], [7, 66], [23, 27], [12, 78], [48, 67], [67, 34], [24, 71], [0, 31], [85, 25], [54, 98], [95, 76], [8, 92], [83, 9], [88, 6], [24, 49], [92, 39], [6, 74], [18, 10], [55, 99], [55, 84], [91, 31], [3, 69], [80, 61], [26, 9], [0, 49], [19, 62], [11, 78], [47, 29], [65, 53], [22, 59], [14, 55], [5, 99], [94, 25], [6, 52], [51, 93], [3, 25], [63, 13], [36, 46], [8, 50], [86, 98], [32, 80], [66, 20], [49, 84], [40, 93], [4, 44], [10, 21], [20, 8], [83, 25], [12, 32], [32, 48], [8, 84], [36, 69], [85, 19], [55, 55], [76, 89], [81, 94], [57, 56], [65, 21], [34, 29], [67, 3], [34, 64], [24, 28], [15, 96], [50, 82], [94, 79], [50, 57], [48, 53], [7, 28], [45, 22], [51, 84], [18, 63], [71, 54], [96, 50], [2, 67], [26, 76], [16, 80], [8, 67], [93, 33], [23, 72], [19, 54], [97, 41], [56, 83], [45, 58], [54, 59], [75, 97], [90, 35], [74, 99], [53, 56], [93, 43], [50, 31], [37, 81], [0, 65], [83, 0], [8, 96], [36, 33], [88, 97], [9, 83], [53, 46], [37, 21], [15, 63], [25, 8], [73, 53], [29, 22], [78, 78], [86, 35], [83, 24], [32, 52], [56, 63], [53, 58], [73, 48], [80, 13], [48, 91], [67, 85], [84, 55], [41, 93], [99, 73], [31, 7], [7, 13], [84, 94], [15, 93], [90, 78], [67, 80], [87, 30], [4, 88], [15, 84], [32, 99], [97, 77], [80, 57], [36, 29], [42, 7], [38, 12], [88, 52], [79, 1], [8, 88], [18, 60], [89, 13], [47, 41], [59, 89], [82, 99], [34, 23], [94, 50], [74, 98], [35, 84], [10, 69], [68, 34], [53, 97], [33, 68], [87, 91], [95, 73], [58, 22], [13, 0], [62, 98], [66, 82], [20, 56], [5, 73], [52, 21], [4, 53], [90, 8], [35, 73], [36, 77], [36, 48], [43, 61], [6, 99], [31, 5], [1, 20], [48, 42], [30, 3], [31, 8], [24, 18], [32, 4], [16, 23], [77, 46], [54, 71], [44, 25], [85, 9], [80, 94], [57, 81], [38, 72], [9, 89], [99, 68], [44, 63], [5, 98], [85, 82], [56, 75], [68, 71], [51, 92], [91, 96], [46, 30], [3, 68], [58, 71], [0, 51], [10, 83], [83, 92], [76, 85], [14, 94], [52, 83], [28, 19], [94, 92], [80, 92], [37, 1], [41, 79], [4, 73], [0, 32], [39, 3], [44, 9], [92, 43], [98, 18], [82, 74], [81, 59], [82, 93], [7, 61], [68, 29], [69, 2], [93, 89], [88, 35], [55, 71], [78, 34], [48, 93], [84, 97], [39, 2], [0, 33], [15, 19], [44, 57], [19, 73], [82, 78], [88, 75], [99, 54], [94, 42], [20, 87], [90, 16], [29, 48], [97, 94], [73, 1], [69, 1], [8, 59], [56, 61], [8, 73], [92, 80], [89, 18], [52, 19], [28, 47], [91, 27], [92, 29], [73, 7], [9, 94], [16, 91], [8, 86], [30, 19], [90, 96], [35, 0], [84, 91], [74, 27], [39, 5], [87, 1], [9, 61], [58, 99], [92, 20], [72, 31], [17, 87], [2, 25], [89, 75], [11, 43], [9, 87], [79, 89], [7, 3], [71, 31], [84, 85], [86, 93], [90, 5], [4, 89], [5, 55], [6, 78], [22, 74], [56, 3], [66, 33], [25, 61], [19, 7], [29, 3], [94, 61], [49, 60], [73, 2], [96, 91], [48, 60], [43, 75], [58, 87], [10, 42], [34, 54], [27, 16], [28, 5], [1, 82], [65, 34], [16, 19], [30, 85], [93, 45], [77, 4], [18, 88], [27, 20], [47, 7], [0, 71], [9, 50], [17, 80], [21, 23], [23, 48], [8, 90], [69, 33], [57, 99], [38, 99], [9, 84], [34, 44], [1, 68], [14, 28], [86, 33], [64, 10], [74, 51], [79, 39], [87, 16], [57, 85], [53, 20], [85, 49], [13, 65], [60, 36], [52, 46], [62, 14], [70, 71], [53, 45], [52, 43], [74, 49], [88, 98], [20, 60], [18, 76], [58, 64], [96, 64], [97, 62], [92, 5], [23, 49], [54, 61], [33, 21], [82, 31], [9, 40], [89, 79], [96, 26], [32, 97], [50, 52], [46, 87], [74, 91], [5, 90], [28, 94], [45, 57], [83, 11], [25, 23], [20, 79], [84, 90], [56, 82], [29, 50], [83, 44], [91, 15], [89, 9], [18, 87], [59, 82], [6, 31], [10, 4], [64, 36], [83, 3], [1, 66], [16, 4], [37, 34], [2, 87], [63, 25], [2, 89], [33, 61], [37, 83], [63, 26], [1, 52], [54, 92], [57, 23], [33, 79], [90, 73], [9, 51], [48, 46], [70, 23], [36, 74], [85, 29], [53, 1], [59, 17], [75, 37], [49, 33], [0, 63], [43, 74], [56, 60], [45, 21], [56, 59], [27, 9], [31, 3], [13, 96], [24, 63], [97, 42], [63, 1], [94, 46], [82, 88], [81, 96], [70, 85], [16, 79], [7, 64], [52, 73], [37, 49], [84, 40], [4, 97], [67, 38], [7, 26], [32, 41], [12, 61], [9, 41], [12, 66], [59, 30], [3, 86], [95, 89], [12, 64], [9, 82], [9, 86], [48, 35], [80, 72], [32, 1], [36, 41], [19, 53], [13, 74], [88, 81], [97, 10], [6, 89], [61, 99], [16, 63], [74, 50], [37, 27], [24, 87], [80, 98], [23, 64], [12, 22], [66, 19], [11, 99], [79, 28], [89, 81], [70, 29], [60, 29], [59, 15], [52, 95], [58, 55], [1, 73], [83, 43], [4, 98], [75, 31], [14, 19], [7, 91], [66, 54], [5, 45], [69, 87], [35, 98], [12, 76], [11, 41], [31, 30], [27, 57], [67, 87], [67, 2], [18, 75], [68, 80], [8, 79], [38, 1], [63, 39], [49, 44], [38, 47], [13, 62], [47, 88], [5, 46], [94, 95], [9, 36], [47, 66], [49, 28], [94, 80], [45, 90], [16, 26], [80, 77], [79, 76], [76, 63], [66, 17], [16, 98], [35, 23], [97, 90], [30, 86], [29, 75], [87, 73], [73, 46], [99, 62], [24, 19], [14, 92], [5, 72], [18, 52], [19, 23], [95, 81], [70, 76], [55, 93], [26, 16], [44, 24], [36, 63], [12, 85], [42, 9], [16, 82], [91, 43], [12, 69], [40, 18], [7, 65], [65, 1], [6, 77], [68, 22], [27, 93], [15, 86], [67, 86], [88, 96], [26, 57], [65, 40], [36, 61], [66, 43], [3, 62], [16, 97], [12, 28], [63, 94], [98, 67], [89, 98], [81, 91], [82, 21], [36, 80], [10, 63], [29, 6], [44, 17], [35, 26], [61, 40], [81, 19], [73, 37], [24, 26], [69, 4], [15, 6], [86, 17], [89, 55], [36, 84], [15, 24], [87, 32], [32, 72], [33, 7], [99, 29], [12, 30], [92, 79], [66, 9], [47, 1], [86, 37], [18, 9], [22, 38], [18, 82], [84, 57], [33, 30], [48, 16], [76, 37], [39, 23], [90, 69], [68, 48], [48, 1], [34, 7], [20, 5], [46, 59], [25, 63], [31, 53], [21, 8], [65, 96], [9, 2], [91, 78], [78, 54], [0, 82], [80, 29], [71, 23], [1, 92], [99, 60], [40, 24], [2, 98], [7, 27], [77, 64], [79, 59], [54, 46], [3, 74], [41, 9], [22, 90], [54, 54], [79, 85], [86, 81], [37, 52], [16, 62], [97, 78], [21, 21], [96, 60], [7, 81], [20, 49], [11, 83], [90, 53], [86, 3], [95, 10], [18, 56], [3, 89], [26, 12], [2, 68], [96, 43], [79, 90], [17, 8], [97, 51], [33, 63], [21, 50], [46, 33], [95, 58], [13, 77], [6, 79], [80, 10], [33, 50], [19, 74], [32, 30], [37, 26], [82, 39], [93, 77], [38, 16], [81, 85], [86, 52], [10, 98], [67, 20], [48, 84], [95, 45], [76, 0], [8, 6], [8, 62], [62, 65], [9, 60], [38, 24], [34, 41], [49, 95], [32, 27], [62, 36], [99, 64], [87, 98], [10, 3], [20, 53], [70, 89], [86, 36], [58, 72], [43, 42], [58, 1], [95, 88], [89, 7], [75, 28], [96, 74], [84, 17], [16, 93], [64, 96], [61, 2], [20, 38], [34, 59], [38, 17], [71, 74], [9, 5], [34, 80], [36, 71], [47, 98], [47, 17], [82, 2], [89, 36], [0, 84], [56, 72], [81, 29], [9, 69], [49, 56], [29, 84], [27, 86], [36, 73], [7, 50], [82, 33], [50, 56], [34, 63], [27, 58], [69, 85], [98, 80], [48, 95], [52, 1], [87, 13], [93, 30], [14, 0], [5, 80], [46, 62], [83, 91], [77, 85], [70, 32], [97, 58], [76, 32], [36, 67], [9, 64], [38, 81], [80, 37], [98, 21], [12, 2], [15, 28], [66, 55], [66, 3], [0, 29], [94, 94], [48, 85], [4, 85], [83, 1], [84, 11], [84, 32], [86, 38], [72, 27], [17, 95], [65, 19], [67, 11], [46, 31], [93, 25], [12, 80], [58, 0], [94, 74], [79, 2], [36, 78], [86, 76], [48, 15], [35, 85], [99, 78], [12, 99], [22, 51], [92, 82], [77, 34], [5, 92], [46, 58], [98, 50], [5, 87], [81, 62], [32, 46], [99, 71], [60, 38], [57, 1], [80, 42], [34, 42], [95, 77], [48, 68], [98, 76], [82, 0], [34, 67], [86, 65], [83, 30], [70, 38], [95, 9], [76, 4], [82, 16], [72, 21], [52, 98], [93, 32], [68, 21], [75, 85], [29, 5], [9, 67], [61, 39], [65, 54], [7, 80], [90, 82], [67, 37], [78, 38], [48, 94], [36, 13], [17, 4], [88, 4], [79, 52], [33, 29], [47, 97], [39, 17], [51, 58], [56, 0], [85, 17], [69, 74], [11, 1], [68, 52], [92, 71], [21, 76], [85, 39], [14, 21], [58, 56], [26, 14], [60, 41], [27, 13], [74, 0], [35, 61], [79, 80], [34, 53], [31, 64], [88, 95], [63, 95], [51, 2], [97, 87], [78, 36], [30, 61], [34, 74], [33, 4], [28, 8], [85, 98], [9, 20], [82, 42], [27, 94], [21, 6], [88, 30], [30, 18], [81, 77], [19, 13], [60, 73], [80, 27], [20, 77], [23, 87], [21, 52], [6, 50], [69, 30], [35, 45], [65, 79], [67, 96], [13, 28], [39, 31], [57, 3], [47, 60], [88, 0], [11, 29], [64, 98], [0, 18], [28, 77], [99, 63], [71, 68], [41, 7], [68, 45], [4, 64], [10, 96], [78, 74], [40, 17], [93, 29], [0, 85], [14, 26], [37, 51], [0, 98], [0, 87], [33, 24], [78, 84], [80, 36], [84, 25], [32, 62], [22, 35], [50, 2], [96, 90], [65, 20], [4, 65], [86, 48], [13, 99], [2, 92], [13, 73], [92, 17], [80, 22], [81, 21], [9, 37], [4, 54], [22, 63], [67, 55], [49, 92], [68, 83], [89, 8], [33, 71], [85, 13], [83, 41], [88, 37], [79, 98], [2, 70], [71, 52], [94, 54], [36, 43], [15, 91], [84, 18], [24, 52], [42, 16], [89, 72], [62, 3], [21, 91], [91, 73], [87, 19], [82, 28], [76, 90], [27, 7], [17, 83], [56, 62], [17, 85], [9, 0], [29, 59], [81, 83], [46, 25], [35, 20], [85, 78], [8, 99], [28, 59], [49, 36], [18, 8], [79, 10], [60, 40], [57, 55], [90, 21], [96, 13], [82, 79], [35, 52], [99, 14], [95, 43], [60, 1], [85, 52], [41, 94], [45, 73], [28, 73], [91, 71], [65, 82], [47, 25], [48, 29], [83, 10], [7, 83], [76, 34], [90, 14], [52, 44], [3, 98], [93, 64], [41, 75], [70, 99], [8, 97], [87, 46], [68, 40], [8, 31], [30, 16], [8, 85], [20, 7], [52, 20], [55, 69], [80, 99], [0, 83], [1, 75], [84, 99], [61, 35], [71, 29], [52, 91], [55, 82], [49, 5], [70, 51], [77, 79], [12, 7], [59, 31], [22, 26], [98, 66], [64, 17], [47, 35], [84, 10], [80, 4], [24, 75], [12, 26], [47, 56], [19, 55], [50, 32], [28, 45], [28, 4], [84, 19], [91, 77], [81, 79], [13, 98], [0, 68], [30, 0], [97, 49], [98, 83], [90, 77], [23, 63], [67, 23], [37, 73], [92, 18], [14, 78], [59, 14], [29, 44], [1, 90], [42, 44], [77, 35], [90, 15], [28, 87], [89, 71], [95, 95], [39, 4], [12, 75], [29, 78], [68, 28], [85, 92], [37, 4], [93, 53], [51, 43], [86, 96], [6, 84], [47, 34], [32, 17], [16, 7], [7, 45], [47, 61], [66, 32], [15, 55], [89, 19], [8, 28], [99, 69], [95, 61], [84, 28], [8, 26], [58, 82], [30, 48], [39, 13], [77, 45], [20, 48], [82, 3], [86, 14], [47, 99], [86, 39], [24, 40], [22, 73], [86, 77], [98, 75], [68, 3], [63, 35], [27, 21], [33, 64], [4, 67], [88, 93], [20, 62], [76, 84], [53, 74], [61, 14], [52, 74], [89, 77], [10, 70], [8, 2], [44, 61], [6, 59], [40, 3], [8, 1], [66, 81], [94, 49], [62, 39], [80, 39], [13, 66], [56, 96], [8, 69], [14, 71], [76, 31], [34, 73], [7, 68], [18, 57], [70, 25], [26, 73], [47, 33], [82, 27], [2, 69], [81, 57], [17, 76], [6, 0], [53, 96], [77, 77], [96, 72], [61, 38], [27, 50], [30, 47], [56, 86], [9, 24], [9, 80], [87, 7], [44, 75], [71, 32], [65, 2], [10, 64], [7, 59], [46, 55], [50, 47], [21, 48], [36, 18], [46, 17], [66, 95], [86, 50], [33, 70], [25, 19], [74, 89], [58, 60], [46, 4], [10, 81], [2, 0], [58, 17], [78, 10], [49, 53], [17, 65], [40, 4], [97, 74], [20, 80], [90, 17], [85, 36], [88, 94], [67, 40], [2, 66], [23, 50], [70, 1], [89, 54], [22, 71], [47, 31], [69, 42], [70, 49], [96, 55], [94, 62], [45, 15], [46, 51], [26, 13], [95, 57], [37, 14], [95, 41], [56, 81], [11, 2], [93, 44], [70, 28], [2, 99], [70, 22], [57, 52], [13, 1], [87, 36], [44, 74], [67, 1], [56, 70], [18, 62], [94, 76], [70, 24], [98, 84], [38, 25], [17, 63], [66, 12], [99, 13], [36, 42], [83, 15], [55, 52], [36, 65], [71, 24], [78, 77], [15, 77], [51, 20], [48, 36], [80, 80], [55, 57], [93, 36], [79, 24], [42, 45], [25, 27], [22, 58], [33, 97], [37, 78], [14, 65], [69, 53], [1, 49], [39, 12], [79, 23], [73, 50], [78, 57], [63, 97], [31, 2], [71, 21], [10, 79], [55, 60], [99, 52], [45, 61], [38, 13], [74, 90], [47, 57], [75, 60], [72, 30], [10, 90], [60, 15], [7, 51], [95, 26], [76, 99], [93, 26], [42, 31], [1, 64], [11, 87], [94, 83], [77, 41], [63, 11], [67, 24], [80, 53], [25, 59], [90, 36], [0, 54], [99, 1], [83, 94], [45, 16], [86, 92], [83, 56], [21, 55], [80, 9], [8, 4], [73, 6], [13, 7], [7, 73], [92, 53], [40, 19], [68, 75], [41, 15], [35, 22], [49, 37], [48, 57], [95, 42], [77, 57], [11, 60], [3, 24], [28, 51], [30, 45], [16, 76], [78, 89], [87, 51], [39, 47], [19, 87], [98, 57], [79, 92], [49, 55], [79, 93], [18, 11], [33, 31], [35, 29], [75, 32], [36, 47], [9, 29], [68, 85], [55, 54], [31, 45], [2, 88], [16, 55], [30, 77], [40, 20], [23, 6], [1, 67], [78, 59], [35, 49], [80, 62], [88, 19], [81, 90], [69, 40], [49, 90], [68, 86], [64, 24], [50, 98], [24, 72], [28, 75], [58, 84], [28, 25], [79, 58], [24, 61], [49, 35], [87, 79], [7, 96], [25, 28], [1, 24], [44, 76], [96, 56], [52, 82], [45, 55], [27, 51], [78, 99], [58, 80], [19, 21], [26, 18], [6, 67], [36, 14], [67, 78], [49, 89], [32, 98], [26, 11], [32, 64], [45, 62], [78, 53], [34, 65], [4, 70], [19, 90], [32, 96], [76, 61], [82, 26], [5, 88], [20, 92], [2, 1], [29, 29], [59, 2], [82, 40], [31, 15], [74, 1], [84, 92], [7, 76], [77, 88], [47, 55], [37, 18], [66, 15], [98, 29], [45, 60], [30, 9], [90, 79], [42, 77], [59, 87], [84, 79], [34, 14], [9, 76], [78, 93], [28, 26], [22, 49], [1, 88], [64, 37], [48, 18], [84, 0], [33, 98], [90, 9], [27, 12], [46, 16], [3, 85], [45, 75], [65, 81], [69, 72], [22, 72], [72, 86], [50, 6], [81, 22], [21, 57], [57, 70], [37, 65], [89, 92], [38, 77], [75, 99], [25, 40], [84, 1], [77, 0], [92, 75], [95, 75], [97, 79], [38, 82], [50, 94], [42, 82], [13, 31], [91, 5], [37, 72], [22, 37], [36, 44], [91, 19], [19, 52], [77, 53], [56, 64], [88, 11], [85, 27], [52, 72], [80, 28], [54, 57], [67, 44], [96, 47], [18, 14], [9, 95], [5, 0], [57, 58], [55, 81], [69, 55], [83, 22], [69, 41], [10, 22], [78, 76], [79, 27], [70, 53], [50, 36], [82, 20], [51, 73], [33, 80], [92, 6], [55, 56], [30, 63], [66, 18]]}