{"meta": {"number_of_robots": 1125, "description": {"parameters": {"seed": 6778, "shape": [50, 50], "obstacles": {"n": 0, "mean": 3, "std": 1.5}, "clusters": {"n": 5, "mean": 20, "std": 10.0, "relative_radius": 2, "increase_factor": 1.3, "start_dist": {"generator_name": "Image", "shape": [50, 50], "min": 0.0, "max": 153.0, "mean": 78.0892, "std": 66.2692239532047, "dtype": "uint64", "parameters": {"image": "redblue.png", "transformer": {"name": "ColorChannelSelector", "channel": "b", "inverted": false}}}, "target_dist": {"generator_name": "Image", "shape": [50, 50], "min": 0.0, "max": 128.0, "mean": 62.6592, "std": 55.460896633213565, "dtype": "uint64", "parameters": {"image": "redblue.png", "transformer": {"name": "ColorChannelSelector", "channel": "r", "inverted": false}}}}, "density": 0.45, "start_dist": {"generator_name": "Image", "shape": [50, 50], "min": 0.0, "max": 153.0, "mean": 78.0892, "std": 66.2692239532047, "dtype": "uint64", "parameters": {"image": "redblue.png", "transformer": {"name": "ColorChannelSelector", "channel": "b", "inverted": false}}}, "target_dist": {"generator_name": "Image", "shape": [50, 50], "min": 0.0, "max": 128.0, "mean": 62.6592, "std": 55.460896633213565, "dtype": "uint64", "parameters": {"image": "redblue.png", "transformer": {"name": "ColorChannelSelector", "channel": "r", "inverted": false}}}}, "stats": {"date": "2020-11-17", "free_area": 2500.0, "number_of_clustered_robots": 54, "number_of_robots": 1125}}}, "name": "redblue_00004_50x50_45_1125", "obstacles": [], "starts": [[10, 27], [38, 19], [5, 28], [25, 18], [22, 31], [29, 30], [36, 19], [29, 35], [28, 31], [37, 23], [26, 29], [23, 30], [39, 18], [3, 29], [26, 26], [34, 24], [17, 24], [20, 23], [43, 19], [28, 23], [17, 35], [37, 24], [17, 27], [5, 31], [35, 25], [18, 23], [18, 25], [43, 24], [22, 28], [24, 17], [26, 30], [34, 18], [26, 27], [18, 30], [37, 25], [3, 27], [17, 26], [42, 17], [21, 31], [18, 24], [38, 20], [23, 32], [19, 23], [40, 20], [27, 30], [0, 26], [34, 20], [27, 31], [23, 28], [38, 21], [27, 34], [25, 23], [33, 18], [24, 30], [7, 3], [45, 3], [39, 45], [5, 34], [47, 23], [19, 40], [44, 26], [9, 2], [3, 39], [11, 3], [34, 14], [42, 18], [38, 18], [32, 39], [40, 46], [27, 23], [48, 31], [20, 18], [12, 32], [17, 12], [18, 22], [47, 37], [40, 4], [6, 40], [12, 44], [28, 43], [33, 10], [43, 39], [49, 34], [0, 12], [24, 27], [13, 11], [3, 24], [40, 48], [20, 40], [5, 41], [14, 28], [42, 19], [47, 26], [13, 9], [40, 28], [45, 15], [43, 25], [4, 2], [21, 16], [8, 39], [9, 29], [13, 26], [36, 24], [2, 21], [13, 14], [26, 9], [4, 22], [41, 45], [45, 18], [33, 6], [47, 30], [39, 31], [4, 38], [16, 3], [30, 32], [24, 1], [43, 15], [12, 5], [45, 16], [8, 37], [45, 35], [19, 2], [35, 11], [16, 18], [12, 7], [15, 29], [41, 28], [41, 27], [13, 23], [1, 27], [11, 25], [4, 30], [19, 0], [11, 5], [30, 31], [24, 2], [11, 10], [38, 42], [18, 9], [24, 34], [28, 26], [30, 30], [17, 38], [25, 42], [34, 10], [41, 46], [23, 16], [49, 31], [33, 17], [45, 39], [25, 27], [43, 18], [18, 33], [12, 18], [9, 36], [19, 37], [32, 49], [31, 12], [15, 34], [6, 3], [15, 23], [25, 36], [4, 33], [4, 19], [0, 36], [27, 28], [24, 16], [18, 39], [12, 16], [4, 32], [44, 45], [45, 4], [1, 32], [36, 3], [21, 10], [46, 13], [5, 23], [15, 14], [6, 11], [8, 9], [16, 15], [6, 36], [27, 36], [22, 43], [22, 16], [24, 0], [38, 44], [34, 38], [48, 35], [29, 32], [23, 11], [5, 38], [46, 36], [36, 35], [43, 1], [44, 36], [18, 7], [36, 38], [19, 9], [18, 17], [5, 25], [49, 35], [44, 3], [33, 41], [8, 41], [4, 36], [47, 44], [11, 17], [34, 36], [23, 1], [40, 37], [31, 7], [42, 13], [4, 31], [45, 23], [39, 8], [6, 48], [9, 45], [34, 1], [46, 35], [10, 43], [10, 3], [26, 24], [38, 0], [39, 21], [12, 9], [27, 48], [40, 0], [27, 49], [22, 8], [1, 49], [18, 1], [36, 43], [27, 27], [45, 26], [5, 42], [18, 10], [41, 48], [4, 47], [2, 32], [4, 49], [16, 19], [10, 6], [43, 37], [47, 47], [37, 43], [43, 48], [13, 24], [19, 6], [48, 25], [38, 30], [35, 36], [16, 34], [0, 46], [20, 3], [37, 14], [17, 23], [38, 17], [1, 44], [15, 2], [20, 46], [20, 39], [9, 32], [43, 6], [29, 6], [15, 22], [12, 13], [27, 26], [10, 29], [40, 38], [5, 47], [10, 24], [34, 13], [6, 34], [48, 20], [7, 31], [14, 17], [34, 39], [35, 37], [14, 36], [42, 5], [1, 37], [0, 42], [12, 17], [40, 12], [3, 21], [47, 4], [42, 45], [40, 26], [47, 29], [32, 31], [10, 30], [1, 48], [43, 16], [13, 38], [43, 11], [41, 21], [48, 43], [12, 29], [28, 37], [4, 29], [25, 28], [42, 28], [4, 18], [3, 33], [17, 7], [41, 29], [4, 16], [9, 44], [40, 43], [38, 39], [23, 21], [32, 19], [49, 36], [29, 15], [25, 22], [25, 49], [18, 8], [20, 38], [33, 0], [21, 38], [8, 43], [0, 30], [36, 25], [38, 43], [18, 26], [14, 38], [41, 13], [42, 2], [20, 12], [2, 0], [2, 36], [8, 36], [5, 14], [36, 42], [41, 17], [20, 24], [45, 21], [40, 11], [6, 0], [48, 29], [37, 26], [39, 1], [10, 4], [11, 6], [46, 41], [15, 3], [31, 8], [0, 24], [23, 27], [2, 33], [28, 35], [14, 1], [18, 16], [41, 38], [49, 32], [32, 18], [48, 28], [1, 31], [5, 36], [23, 14], [18, 41], [44, 48], [40, 49], [15, 13], [3, 22], [11, 24], [2, 38], [18, 36], [29, 43], [6, 13], [36, 13], [38, 32], [48, 32], [27, 25], [14, 24], [14, 12], [33, 26], [22, 12], [17, 14], [36, 49], [44, 25], [9, 42], [32, 4], [17, 40], [6, 26], [17, 41], [29, 37], [13, 2], [19, 16], [33, 1], [0, 45], [18, 38], [7, 32], [9, 47], [31, 20], [17, 20], [12, 25], [48, 26], [49, 8], [33, 42], [49, 9], [11, 31], [42, 1], [13, 43], [31, 19], [7, 13], [7, 14], [49, 45], [42, 41], [23, 13], [21, 8], [18, 6], [49, 40], [27, 9], [3, 40], [38, 26], [0, 35], [35, 16], [19, 22], [1, 30], [6, 49], [13, 30], [24, 32], [16, 23], [48, 6], [40, 31], [49, 24], [13, 18], [1, 34], [23, 49], [43, 46], [4, 0], [17, 36], [34, 22], [7, 39], [23, 33], [15, 0], [10, 25], [27, 46], [44, 10], [46, 16], [48, 22], [49, 42], [16, 24], [30, 28], [16, 32], [19, 38], [36, 44], [47, 41], [8, 10], [29, 7], [24, 43], [38, 37], [30, 36], [4, 42], [4, 41], [10, 44], [28, 27], [3, 35], [34, 17], [46, 39], [38, 1], [45, 17], [33, 27], [34, 40], [49, 41], [45, 10], [26, 36], [40, 41], [14, 18], [43, 17], [15, 16], [14, 4], [1, 13], [42, 8], [13, 19], [22, 44], [34, 43], [28, 48], [46, 18], [19, 11], [21, 11], [31, 29], [4, 43], [44, 0], [13, 22], [47, 20], [16, 21], [11, 36], [38, 16], [44, 46], [47, 45], [13, 3], [20, 6], [39, 7], [41, 1], [20, 37], [16, 36], [39, 49], [17, 22], [43, 26], [10, 37], [24, 18], [44, 22], [43, 32], [15, 12], [4, 17], [19, 8], [35, 38], [16, 26], [47, 5], [41, 18], [18, 14], [33, 20], [15, 24], [3, 36], [18, 31], [2, 45], [17, 17], [45, 25], [18, 40], [42, 26], [17, 16], [15, 28], [6, 37], [4, 37], [26, 40], [44, 24], [5, 15], [36, 37], [13, 42], [4, 15], [38, 23], [41, 14], [37, 45], [26, 17], [36, 14], [28, 40], [17, 48], [39, 5], [21, 39], [33, 48], [5, 22], [48, 30], [41, 7], [6, 12], [29, 41], [25, 45], [5, 49], [14, 35], [16, 14], [47, 40], [49, 27], [5, 44], [39, 42], [2, 43], [39, 43], [21, 41], [49, 39], [27, 47], [38, 15], [28, 30], [42, 49], [7, 48], [40, 47], [46, 8], [24, 29], [8, 42], [7, 33], [16, 39], [46, 2], [6, 10], [38, 29], [8, 27], [9, 40], [22, 5], [44, 39], [14, 20], [12, 12], [26, 18], [38, 28], [6, 15], [3, 49], [22, 38], [36, 0], [18, 37], [4, 28], [42, 48], [42, 11], [36, 26], [7, 49], [40, 45], [40, 19], [18, 42], [13, 25], [16, 31], [9, 39], [43, 47], [46, 40], [32, 0], [0, 49], [44, 8], [29, 28], [40, 18], [12, 31], [17, 37], [5, 0], [22, 30], [33, 21], [15, 48], [42, 38], [5, 30], [46, 45], [5, 21], [29, 49], [43, 33], [17, 39], [17, 25], [22, 10], [40, 15], [40, 42], [8, 11], [10, 13], [24, 45], [15, 9], [17, 30], [3, 25], [15, 1], [0, 11], [45, 38], [14, 3], [12, 10], [21, 9], [6, 33], [7, 46], [46, 23], [45, 8], [40, 39], [28, 32], [2, 35], [14, 10], [42, 29], [16, 40], [30, 2], [42, 20], [28, 44], [48, 45], [42, 4], [46, 37], [2, 44], [17, 15], [20, 16], [25, 17], [23, 15], [6, 22], [3, 17], [28, 24], [23, 7], [18, 35], [48, 24], [5, 1], [46, 9], [19, 21], [41, 19], [12, 6], [33, 47], [10, 14], [16, 49], [3, 15], [12, 36], [0, 37], [4, 44], [0, 39], [48, 36], [25, 20], [33, 16], [47, 28], [47, 22], [43, 10], [15, 20], [47, 46], [28, 25], [4, 46], [39, 27], [1, 36], [8, 48], [42, 39], [35, 27], [33, 22], [31, 31], [2, 34], [8, 2], [41, 12], [27, 0], [47, 3], [47, 13], [17, 8], [44, 4], [37, 0], [39, 30], [19, 3], [5, 35], [45, 47], [41, 44], [48, 40], [25, 1], [14, 22], [15, 31], [1, 26], [6, 27], [26, 28], [0, 10], [1, 20], [19, 17], [2, 48], [41, 30], [34, 19], [5, 40], [10, 12], [38, 45], [16, 33], [29, 31], [21, 4], [27, 5], [17, 10], [48, 41], [9, 4], [31, 2], [12, 8], [7, 36], [35, 14], [25, 29], [17, 21], [22, 7], [17, 42], [21, 5], [31, 49], [16, 27], [46, 28], [3, 45], [43, 23], [23, 17], [31, 5], [7, 15], [5, 29], [42, 47], [29, 44], [10, 11], [42, 6], [13, 10], [42, 16], [12, 43], [37, 1], [25, 9], [5, 43], [15, 8], [32, 5], [42, 3], [26, 0], [1, 33], [8, 4], [0, 43], [39, 46], [12, 4], [43, 7], [0, 25], [17, 6], [0, 23], [21, 22], [5, 33], [7, 28], [39, 36], [4, 40], [19, 7], [9, 30], [36, 11], [35, 23], [24, 20], [1, 45], [40, 6], [10, 39], [44, 37], [0, 16], [25, 41], [45, 14], [15, 10], [9, 6], [30, 6], [16, 25], [28, 36], [44, 18], [22, 13], [7, 9], [15, 15], [47, 21], [20, 11], [45, 6], [17, 0], [25, 40], [24, 28], [49, 26], [38, 46], [24, 47], [12, 19], [1, 43], [39, 37], [47, 35], [11, 18], [48, 47], [2, 17], [9, 25], [32, 7], [36, 2], [31, 6], [24, 23], [29, 27], [29, 1], [28, 1], [45, 13], [46, 3], [0, 44], [9, 43], [40, 40], [48, 39], [20, 47], [44, 16], [2, 19], [4, 21], [19, 12], [45, 22], [9, 26], [5, 9], [36, 10], [0, 15], [13, 7], [26, 22], [8, 12], [39, 39], [27, 1], [2, 46], [33, 25], [13, 4], [45, 40], [12, 30], [40, 9], [2, 26], [14, 37], [49, 15], [3, 32], [42, 15], [46, 20], [5, 11], [7, 45], [44, 47], [14, 13], [3, 20], [34, 41], [21, 40], [34, 25], [19, 36], [8, 40], [14, 25], [44, 5], [48, 5], [27, 35], [42, 46], [32, 12], [11, 2], [1, 35], [32, 10], [43, 9], [19, 20], [37, 19], [45, 24], [21, 28], [43, 8], [15, 38], [24, 49], [41, 47], [34, 26], [42, 9], [37, 18], [46, 14], [17, 9], [22, 29], [36, 23], [2, 23], [14, 2], [31, 33], [35, 44], [30, 29], [3, 30], [33, 4], [47, 14], [12, 2], [36, 34], [22, 36], [3, 48], [1, 0], [35, 9], [15, 11], [43, 49], [16, 30], [34, 11], [35, 13], [8, 13], [35, 42], [10, 18], [0, 0], [25, 47], [3, 26], [24, 48], [49, 33], [28, 0], [14, 39], [23, 44], [43, 38], [15, 30], [35, 1], [45, 46], [14, 19], [31, 0], [21, 21], [49, 12], [41, 37], [24, 15], [25, 26], [12, 24], [16, 11], [47, 32], [24, 3], [8, 46], [14, 5], [2, 42], [0, 8], [15, 35], [22, 27], [44, 7], [35, 47], [24, 46], [8, 14], [35, 26], [42, 0], [23, 0], [27, 41], [6, 1], [41, 10], [9, 11], [35, 15], [2, 20], [9, 5], [28, 29], [16, 7], [6, 32], [30, 18], [46, 22], [37, 15], [48, 23], [9, 41], [3, 13], [30, 15], [38, 22], [33, 9], [47, 38], [18, 15], [11, 26], [35, 43], [41, 16], [49, 37], [36, 18], [24, 33], [31, 30], [17, 13], [34, 16], [3, 0], [32, 40], [0, 38], [43, 2], [29, 0], [16, 29], [14, 9], [27, 29], [19, 10], [41, 6], [10, 2], [39, 20], [32, 32], [28, 42], [29, 29], [3, 19], [23, 42], [20, 7], [5, 48], [30, 1], [20, 15], [7, 38], [36, 16], [29, 36], [37, 44], [25, 30], [7, 43], [11, 19], [39, 47], [10, 10], [45, 9], [37, 22], [13, 6], [3, 34], [32, 9], [45, 36], [15, 25], [48, 46], [47, 36], [49, 14], [11, 14], [42, 33], [26, 4], [16, 10], [11, 12], [8, 38], [23, 8], [15, 49], [39, 26], [13, 8], [38, 27], [26, 5], [43, 4], [43, 3], [8, 32], [15, 21], [35, 35], [19, 41], [4, 3], [10, 28], [49, 25], [36, 12], [47, 39], [35, 12], [46, 19], [42, 7], [47, 25], [45, 2], [1, 12], [39, 14], [39, 0], [42, 25], [37, 20], [27, 37], [40, 27], [15, 18], [13, 36], [15, 19], [17, 31], [40, 8], [31, 47], [9, 10], [34, 42], [35, 0], [3, 37], [47, 31], [5, 39], [33, 11], [21, 30], [48, 44], [40, 29], [42, 21], [34, 34], [16, 16], [14, 8], [7, 27], [21, 29], [1, 46], [18, 20], [1, 10], [17, 33], [42, 27], [3, 14], [33, 5], [34, 15], [49, 46], [0, 9], [8, 45], [0, 19], [4, 34], [21, 3], [0, 40], [14, 11], [11, 29], [44, 23], [43, 0], [49, 38], [5, 10], [39, 28], [14, 47], [3, 18], [33, 28], [40, 1], [39, 38], [44, 9], [46, 27], [44, 38], [40, 10], [34, 44], [31, 18], [37, 17], [40, 14], [19, 24], [16, 0], [26, 37], [15, 42], [47, 24], [39, 40], [44, 40], [4, 20], [19, 35], [39, 6], [11, 43], [17, 49], [3, 44], [10, 45], [32, 48], [38, 3], [9, 48], [0, 34]], "targets": [[3, 11], [47, 12], [28, 39], [12, 34], [29, 2], [24, 5], [43, 14], [23, 1], [22, 5], [46, 7], [27, 2], [17, 3], [48, 9], [23, 39], [27, 4], [47, 14], [18, 4], [17, 6], [49, 14], [26, 3], [20, 5], [48, 16], [19, 0], [26, 44], [44, 11], [27, 5], [21, 6], [44, 14], [24, 4], [12, 37], [22, 0], [47, 7], [28, 5], [18, 3], [48, 8], [29, 42], [29, 4], [45, 15], [29, 3], [23, 3], [48, 12], [25, 6], [27, 6], [43, 13], [17, 0], [27, 39], [47, 11], [17, 2], [28, 6], [49, 15], [22, 3], [25, 3], [47, 8], [22, 1], [33, 33], [30, 16], [6, 44], [27, 38], [29, 21], [6, 25], [13, 0], [48, 2], [2, 29], [19, 15], [32, 44], [33, 29], [15, 42], [29, 24], [9, 32], [24, 9], [30, 35], [28, 34], [19, 47], [37, 22], [34, 49], [7, 44], [48, 22], [3, 31], [21, 26], [36, 10], [39, 11], [10, 47], [35, 28], [37, 29], [6, 26], [19, 45], [45, 28], [38, 36], [18, 48], [32, 13], [43, 44], [33, 49], [12, 46], [3, 12], [39, 23], [24, 31], [26, 43], [32, 42], [26, 31], [44, 31], [44, 13], [0, 1], [38, 33], [6, 18], [41, 37], [38, 47], [1, 21], [5, 19], [16, 40], [39, 6], [37, 5], [25, 35], [34, 7], [26, 39], [46, 46], [32, 21], [3, 27], [0, 22], [38, 41], [30, 25], [26, 16], [1, 2], [24, 38], [12, 20], [43, 36], [12, 48], [14, 34], [49, 18], [26, 25], [41, 36], [27, 19], [17, 1], [17, 44], [32, 37], [33, 6], [20, 19], [12, 44], [31, 37], [37, 6], [48, 0], [17, 8], [37, 30], [0, 29], [47, 20], [0, 13], [42, 43], [14, 31], [25, 32], [6, 28], [1, 47], [47, 1], [25, 45], [39, 40], [28, 21], [2, 0], [0, 30], [40, 4], [37, 11], [28, 9], [49, 2], [0, 14], [32, 11], [8, 18], [24, 39], [32, 35], [26, 20], [23, 40], [42, 31], [42, 4], [9, 12], [31, 15], [9, 33], [22, 17], [29, 26], [48, 14], [30, 41], [29, 25], [43, 31], [35, 22], [9, 7], [36, 20], [11, 21], [45, 32], [32, 45], [36, 48], [17, 29], [49, 16], [21, 27], [49, 4], [16, 45], [37, 20], [12, 27], [22, 9], [33, 25], [45, 49], [15, 47], [31, 16], [28, 24], [2, 13], [26, 32], [21, 48], [20, 44], [33, 23], [22, 39], [29, 13], [26, 34], [24, 35], [49, 12], [23, 33], [42, 27], [31, 26], [10, 14], [21, 13], [44, 44], [7, 22], [27, 40], [7, 21], [37, 40], [47, 0], [7, 1], [4, 11], [20, 25], [49, 29], [22, 14], [15, 27], [48, 17], [30, 38], [34, 2], [27, 11], [19, 31], [21, 33], [0, 48], [11, 38], [32, 43], [18, 6], [26, 6], [6, 40], [45, 18], [17, 27], [23, 5], [31, 40], [0, 23], [25, 30], [18, 46], [30, 14], [28, 46], [42, 23], [12, 2], [34, 36], [20, 20], [36, 6], [28, 2], [22, 43], [19, 34], [24, 19], [32, 2], [11, 37], [46, 34], [13, 15], [46, 2], [8, 7], [37, 37], [13, 32], [6, 24], [45, 29], [43, 33], [27, 18], [4, 31], [49, 28], [47, 10], [42, 22], [7, 34], [23, 20], [18, 30], [43, 35], [4, 5], [35, 3], [3, 24], [32, 29], [8, 4], [24, 12], [28, 17], [14, 14], [16, 6], [7, 26], [23, 19], [18, 43], [1, 39], [42, 34], [24, 36], [14, 47], [0, 6], [8, 0], [44, 33], [5, 27], [45, 47], [25, 26], [8, 23], [46, 24], [27, 20], [14, 5], [26, 21], [22, 2], [45, 31], [8, 13], [12, 47], [22, 23], [40, 23], [44, 29], [38, 9], [34, 4], [39, 10], [5, 20], [20, 42], [32, 23], [13, 47], [34, 46], [23, 14], [14, 41], [25, 20], [0, 7], [46, 32], [31, 23], [12, 42], [48, 20], [22, 15], [9, 49], [19, 26], [3, 26], [27, 10], [36, 33], [20, 32], [21, 32], [3, 10], [18, 44], [35, 32], [28, 7], [19, 14], [40, 44], [6, 5], [30, 46], [25, 34], [26, 14], [17, 18], [16, 4], [6, 22], [47, 15], [28, 15], [36, 30], [7, 18], [14, 8], [27, 22], [12, 14], [13, 35], [8, 5], [21, 9], [45, 20], [36, 46], [7, 35], [3, 4], [28, 18], [36, 7], [14, 7], [10, 33], [27, 7], [35, 5], [40, 33], [32, 25], [38, 5], [40, 16], [22, 7], [29, 15], [13, 21], [32, 14], [17, 38], [25, 37], [33, 2], [9, 9], [30, 40], [10, 35], [11, 8], [29, 38], [27, 14], [24, 10], [11, 9], [33, 12], [6, 45], [10, 32], [21, 47], [29, 46], [6, 30], [27, 16], [9, 19], [47, 34], [20, 31], [33, 38], [6, 8], [46, 47], [20, 34], [40, 35], [15, 48], [30, 39], [30, 27], [15, 44], [37, 34], [36, 21], [18, 13], [32, 26], [31, 42], [1, 22], [46, 30], [29, 28], [11, 32], [34, 8], [39, 14], [9, 1], [2, 41], [40, 25], [27, 21], [13, 41], [10, 22], [22, 25], [42, 32], [48, 34], [3, 46], [6, 46], [45, 11], [42, 33], [36, 5], [26, 1], [29, 45], [26, 11], [7, 43], [35, 4], [11, 23], [12, 23], [38, 15], [10, 41], [2, 7], [23, 23], [15, 39], [22, 40], [4, 4], [25, 39], [9, 18], [36, 28], [38, 24], [13, 1], [30, 21], [7, 16], [46, 42], [34, 48], [10, 10], [25, 14], [10, 42], [14, 40], [35, 21], [46, 1], [0, 39], [39, 24], [2, 46], [9, 42], [38, 46], [23, 48], [32, 36], [19, 43], [29, 19], [41, 16], [20, 6], [19, 27], [14, 21], [38, 4], [16, 46], [38, 6], [21, 31], [42, 25], [4, 23], [21, 14], [29, 6], [11, 47], [46, 29], [20, 26], [13, 46], [13, 22], [27, 13], [12, 40], [40, 17], [17, 42], [28, 4], [33, 14], [2, 9], [36, 41], [12, 21], [20, 47], [38, 11], [45, 25], [35, 8], [8, 22], [15, 41], [42, 24], [12, 28], [22, 13], [22, 42], [6, 41], [37, 46], [23, 22], [24, 24], [26, 35], [2, 5], [37, 12], [10, 26], [26, 33], [2, 14], [16, 9], [15, 40], [35, 47], [25, 11], [2, 1], [47, 42], [1, 41], [44, 34], [11, 48], [43, 21], [36, 39], [24, 33], [42, 30], [1, 40], [12, 41], [49, 13], [21, 49], [14, 0], [1, 8], [25, 24], [26, 2], [15, 45], [19, 20], [48, 18], [30, 5], [0, 3], [9, 48], [10, 46], [31, 47], [45, 42], [46, 33], [11, 43], [43, 3], [3, 8], [10, 49], [12, 15], [38, 48], [6, 9], [13, 16], [20, 45], [35, 40], [31, 11], [15, 37], [4, 7], [0, 38], [19, 46], [48, 7], [17, 43], [4, 10], [7, 39], [1, 29], [12, 0], [30, 3], [21, 43], [27, 9], [46, 45], [48, 15], [20, 29], [23, 6], [23, 10], [13, 14], [28, 3], [48, 33], [1, 5], [31, 39], [20, 28], [26, 18], [19, 35], [37, 38], [16, 41], [3, 3], [9, 46], [20, 12], [11, 10], [37, 10], [38, 8], [34, 29], [37, 35], [18, 29], [49, 48], [35, 38], [4, 9], [20, 49], [8, 6], [1, 13], [23, 4], [5, 37], [4, 28], [33, 37], [39, 36], [34, 31], [47, 19], [30, 24], [47, 49], [46, 31], [37, 32], [31, 12], [31, 27], [39, 41], [19, 44], [23, 36], [12, 38], [45, 7], [4, 6], [1, 10], [7, 9], [31, 24], [20, 36], [13, 44], [1, 11], [11, 1], [25, 31], [39, 3], [4, 27], [38, 10], [45, 33], [31, 33], [33, 48], [38, 26], [49, 3], [41, 2], [30, 10], [42, 2], [11, 46], [8, 16], [42, 35], [14, 6], [46, 5], [48, 49], [21, 19], [4, 26], [38, 25], [0, 20], [30, 13], [29, 9], [41, 33], [37, 28], [23, 41], [21, 20], [2, 10], [19, 1], [37, 3], [44, 12], [49, 19], [2, 31], [18, 1], [47, 33], [8, 25], [19, 19], [25, 5], [25, 18], [21, 34], [41, 26], [42, 26], [37, 7], [2, 42], [8, 1], [2, 12], [9, 22], [29, 34], [6, 17], [16, 5], [10, 27], [37, 4], [22, 10], [7, 8], [46, 19], [34, 32], [12, 22], [28, 20], [37, 47], [37, 21], [47, 35], [37, 13], [22, 24], [2, 8], [27, 42], [8, 30], [9, 35], [9, 23], [9, 25], [9, 24], [23, 46], [17, 47], [15, 25], [4, 8], [29, 40], [4, 24], [27, 17], [35, 9], [29, 35], [31, 14], [14, 33], [25, 19], [25, 7], [12, 39], [11, 0], [39, 25], [32, 3], [1, 9], [34, 45], [30, 49], [13, 38], [31, 3], [46, 0], [19, 28], [13, 45], [37, 31], [5, 17], [39, 4], [11, 41], [30, 34], [42, 28], [16, 42], [26, 8], [36, 4], [1, 25], [14, 32], [10, 15], [45, 45], [40, 24], [32, 28], [25, 12], [13, 33], [32, 24], [3, 7], [41, 27], [37, 33], [38, 35], [10, 43], [24, 6], [6, 16], [30, 8], [29, 23], [29, 20], [43, 29], [7, 31], [43, 45], [22, 48], [48, 13], [23, 11], [22, 33], [25, 44], [27, 8], [40, 2], [14, 45], [36, 31], [20, 24], [15, 43], [17, 4], [25, 36], [7, 19], [42, 42], [48, 23], [23, 47], [11, 20], [8, 19], [29, 48], [19, 49], [25, 1], [35, 46], [8, 28], [20, 2], [30, 43], [39, 34], [14, 39], [46, 43], [21, 25], [21, 21], [20, 15], [15, 46], [21, 22], [40, 15], [31, 17], [11, 45], [29, 44], [13, 30], [1, 17], [32, 46], [39, 48], [40, 41], [23, 34], [20, 27], [16, 37], [37, 9], [33, 46], [30, 11], [46, 48], [21, 1], [13, 39], [31, 2], [26, 42], [43, 23], [25, 8], [44, 21], [14, 48], [49, 47], [22, 34], [49, 23], [3, 16], [11, 34], [36, 47], [29, 33], [16, 47], [46, 8], [23, 35], [7, 17], [20, 35], [39, 9], [49, 44], [30, 23], [49, 22], [33, 44], [13, 40], [5, 5], [22, 18], [1, 7], [10, 7], [22, 22], [7, 7], [27, 43], [10, 39], [48, 4], [43, 22], [25, 13], [14, 35], [6, 21], [6, 20], [34, 9], [30, 48], [15, 5], [36, 32], [31, 43], [21, 42], [26, 13], [26, 45], [40, 34], [40, 21], [20, 30], [10, 17], [25, 10], [13, 34], [10, 31], [3, 9], [9, 17], [33, 15], [0, 28], [31, 9], [31, 10], [44, 20], [8, 9], [38, 7], [16, 28], [20, 13], [18, 19], [11, 39], [0, 19], [16, 43], [38, 40], [5, 3], [1, 38], [47, 17], [23, 7], [33, 42], [27, 44], [18, 26], [44, 28], [23, 12], [39, 16], [28, 48], [33, 43], [19, 4], [18, 32], [43, 20], [22, 32], [21, 15], [47, 6], [45, 46], [21, 5], [41, 25], [30, 47], [32, 38], [22, 47], [46, 28], [44, 42], [27, 15], [5, 44], [11, 33], [42, 29], [45, 24], [19, 29], [24, 43], [35, 42], [7, 20], [19, 30], [30, 2], [2, 15], [24, 37], [39, 8], [13, 49], [28, 47], [42, 21], [20, 43], [2, 47], [31, 44], [33, 3], [40, 9], [21, 29], [3, 5], [8, 15], [7, 25], [29, 11], [14, 1], [42, 20], [22, 6], [6, 7], [17, 46], [40, 3], [11, 42], [35, 33], [45, 14], [22, 26], [32, 39], [44, 43], [21, 7], [35, 49], [17, 19], [49, 21], [33, 32], [13, 27], [17, 45], [8, 21], [14, 26], [13, 31], [39, 22], [23, 24], [0, 18], [35, 23], [23, 21], [6, 6], [1, 16], [31, 48], [1, 6], [29, 18], [32, 20], [8, 33], [28, 22], [34, 33], [29, 17], [24, 44], [9, 8], [14, 20], [34, 30], [41, 22], [26, 19], [43, 41], [37, 39], [22, 21], [30, 15], [38, 21], [38, 27], [41, 23], [34, 22], [1, 3], [6, 29], [19, 5], [36, 36], [27, 34], [20, 11], [35, 17], [5, 6], [49, 0], [37, 42], [10, 1], [21, 35], [1, 42], [1, 4], [22, 45], [36, 18], [35, 29], [11, 15], [48, 1], [31, 36], [45, 41], [43, 34], [6, 43], [15, 6], [30, 17], [35, 48], [37, 48], [9, 15], [5, 4], [29, 22], [30, 22], [18, 45], [11, 44], [25, 16], [10, 34], [12, 35], [31, 13], [33, 8], [29, 27], [28, 32], [25, 25], [38, 14], [32, 10], [2, 16], [33, 30], [2, 39], [16, 44], [46, 11], [20, 48], [33, 45], [19, 48], [49, 17], [27, 12], [2, 11], [40, 36], [31, 41], [41, 35], [5, 45], [21, 44], [8, 24], [42, 37], [25, 4], [4, 3], [20, 0], [19, 13], [27, 33], [18, 27], [44, 32], [12, 1], [10, 16], [45, 43], [11, 22], [27, 45], [35, 7], [37, 27], [7, 28], [8, 35], [3, 47], [9, 20], [44, 35], [14, 49], [35, 31], [36, 23], [28, 38], [14, 30], [30, 33], [28, 45], [1, 28], [48, 3], [2, 23], [2, 48], [23, 18], [1, 48], [0, 2], [18, 5], [7, 5], [31, 35], [9, 34], [5, 9], [15, 28], [3, 6], [30, 45], [30, 6], [36, 40], [1, 15], [47, 9], [10, 21], [36, 29], [1, 1], [39, 15], [21, 46], [47, 43], [42, 3], [11, 28], [0, 27], [37, 17], [1, 23], [3, 2], [36, 8], [29, 37], [2, 2], [45, 44], [18, 18], [29, 16], [34, 3], [41, 8], [33, 36], [39, 5], [31, 21], [0, 8], [0, 47], [34, 23], [2, 28], [32, 32], [27, 3], [8, 44], [32, 27], [14, 16], [19, 42], [21, 18], [2, 6], [2, 38], [36, 42], [32, 16], [49, 11], [7, 36], [18, 28], [36, 17], [31, 4]]}