{"meta": {"number_of_robots": 531, "description": {"parameters": {"seed": 6920, "shape": [50, 50], "obstacles": {"n": 10, "mean": 10, "std": 5.0}, "clusters": {"n": 5, "mean": 10, "std": 5.0, "relative_radius": 2, "increase_factor": 1.3, "start_dist": {"generator_name": "Image", "shape": [50, 50], "min": 0.0, "max": 128.0, "mean": 62.6592, "std": 55.460896633213565, "dtype": "uint64", "parameters": {"image": "redblue.png", "transformer": {"name": "ColorChannelSelector", "channel": "r", "inverted": false}}}, "target_dist": {"generator_name": "Image", "shape": [50, 50], "min": 0.0, "max": 153.0, "mean": 78.0892, "std": 66.2692239532047, "dtype": "uint64", "parameters": {"image": "redblue.png", "transformer": {"name": "ColorChannelSelector", "channel": "b", "inverted": false}}}}, "density": 0.3, "start_dist": {"generator_name": "Image", "shape": [50, 50], "min": 0.0, "max": 128.0, "mean": 62.6592, "std": 55.460896633213565, "dtype": "uint64", "parameters": {"image": "redblue.png", "transformer": {"name": "ColorChannelSelector", "channel": "r", "inverted": false}}}, "target_dist": {"generator_name": "Image", "shape": [50, 50], "min": 0.0, "max": 153.0, "mean": 78.0892, "std": 66.2692239532047, "dtype": "uint64", "parameters": {"image": "redblue.png", "transformer": {"name": "ColorChannelSelector", "channel": "b", "inverted": false}}}}, "stats": {"date": "2020-11-17", "free_area": 1770.0, "number_of_clustered_robots": 55, "number_of_robots": 531}}}, "name": "redblue_00001_50x50_30_531", "obstacles": [[3, 30], [3, 31], [3, 32], [3, 33], [3, 34], [3, 35], [3, 36], [3, 37], [4, 30], [4, 37], [5, 30], [5, 37], [6, 11], [6, 12], [6, 13], [6, 14], [6, 15], [6, 16], [6, 17], [6, 18], [6, 19], [6, 20], [6, 21], [6, 22], [6, 30], [6, 37], [7, 11], [7, 23], [7, 24], [7, 25], [7, 26], [7, 27], [7, 28], [7, 29], [7, 37], [8, 3], [8, 4], [8, 5], [8, 11], [8, 37], [9, 3], [9, 5], [9, 11], [9, 37], [10, 3], [10, 5], [10, 11], [10, 37], [10, 40], [10, 41], [10, 42], [10, 43], [10, 44], [10, 45], [10, 46], [10, 47], [10, 48], [11, 3], [11, 5], [11, 11], [11, 23], [11, 24], [11, 25], [11, 26], [11, 27], [11, 28], [11, 29], [11, 37], [11, 40], [11, 48], [12, 3], [12, 5], [12, 11], [12, 22], [12, 30], [12, 37], [12, 40], [12, 48], [13, 3], [13, 5], [13, 11], [13, 22], [13, 30], [13, 31], [13, 32], [13, 33], [13, 34], [13, 35], [13, 36], [13, 37], [13, 40], [13, 48], [14, 3], [14, 5], [14, 11], [14, 22], [14, 40], [14, 48], [15, 3], [15, 4], [15, 5], [15, 11], [15, 22], [15, 40], [15, 48], [16, 11], [16, 22], [16, 40], [16, 48], [17, 11], [17, 12], [17, 13], [17, 14], [17, 15], [17, 16], [17, 17], [17, 18], [17, 19], [17, 20], [17, 21], [17, 22], [17, 40], [17, 48], [18, 40], [18, 48], [19, 40], [19, 41], [19, 42], [19, 43], [19, 44], [19, 45], [19, 46], [19, 47], [19, 48], [26, 11], [26, 12], [26, 13], [26, 14], [26, 15], [26, 16], [26, 17], [26, 18], [26, 19], [27, 11], [27, 19], [27, 30], [27, 31], [27, 32], [27, 33], [27, 34], [27, 35], [27, 36], [27, 37], [27, 38], [27, 39], [27, 40], [27, 41], [27, 42], [27, 43], [27, 44], [27, 45], [28, 11], [28, 19], [28, 30], [28, 45], [29, 11], [29, 19], [29, 30], [29, 45], [30, 11], [30, 19], [30, 30], [30, 45], [31, 11], [31, 19], [31, 30], [31, 45], [32, 11], [32, 19], [32, 30], [32, 45], [33, 11], [33, 19], [33, 30], [33, 45], [34, 11], [34, 19], [34, 30], [34, 45], [35, 11], [35, 19], [35, 30], [35, 45], [36, 11], [36, 12], [36, 13], [36, 14], [36, 15], [36, 16], [36, 17], [36, 18], [36, 19], [36, 30], [36, 45], [37, 30], [37, 45], [38, 30], [38, 31], [38, 41], [38, 42], [38, 43], [38, 44], [38, 45], [39, 0], [39, 1], [39, 2], [39, 3], [39, 4], [39, 5], [39, 6], [39, 7], [39, 8], [39, 9], [39, 10], [39, 11], [39, 12], [39, 13], [39, 14], [39, 15], [39, 16], [39, 17], [39, 18], [39, 32], [39, 33], [39, 34], [39, 35], [39, 36], [39, 37], [39, 38], [39, 39], [39, 40], [40, 0], [40, 9], [41, 0], [41, 9], [42, 0], [42, 1], [42, 2], [42, 3], [42, 4], [42, 5], [42, 6], [42, 7], [42, 8], [42, 9]], "starts": [[7, 38], [14, 26], [30, 25], [22, 18], [0, 40], [15, 26], [11, 38], [2, 38], [12, 27], [31, 27], [5, 43], [1, 42], [16, 27], [23, 18], [7, 41], [13, 27], [30, 24], [2, 39], [10, 39], [14, 25], [0, 39], [6, 41], [15, 25], [32, 25], [22, 17], [2, 41], [6, 43], [12, 26], [10, 38], [13, 23], [33, 24], [1, 41], [15, 27], [11, 39], [1, 40], [22, 23], [12, 24], [28, 24], [6, 40], [1, 38], [14, 27], [9, 42], [12, 23], [32, 28], [1, 39], [7, 42], [20, 20], [13, 26], [2, 42], [9, 41], [18, 28], [29, 27], [1, 37], [9, 43], [6, 29], [23, 10], [48, 42], [1, 1], [25, 31], [11, 9], [48, 12], [13, 49], [12, 49], [25, 32], [48, 14], [25, 35], [42, 27], [0, 18], [22, 34], [49, 12], [21, 13], [27, 9], [0, 3], [33, 29], [37, 17], [21, 22], [34, 7], [33, 3], [25, 14], [3, 4], [6, 1], [38, 7], [41, 24], [9, 1], [23, 38], [4, 27], [42, 31], [45, 34], [25, 18], [20, 14], [1, 16], [23, 39], [45, 45], [19, 13], [46, 6], [43, 23], [47, 15], [20, 49], [1, 48], [40, 21], [34, 29], [47, 43], [21, 43], [21, 42], [18, 29], [21, 9], [30, 23], [49, 13], [7, 39], [15, 38], [25, 39], [44, 11], [43, 44], [46, 48], [19, 35], [44, 41], [1, 24], [44, 13], [26, 4], [20, 35], [13, 28], [42, 34], [48, 20], [37, 47], [2, 12], [28, 22], [20, 28], [9, 9], [19, 18], [39, 23], [45, 0], [7, 7], [28, 4], [1, 18], [29, 23], [35, 47], [19, 5], [35, 29], [28, 6], [27, 22], [23, 20], [29, 48], [2, 31], [34, 6], [44, 34], [31, 25], [31, 26], [24, 34], [18, 4], [25, 2], [2, 3], [0, 21], [20, 24], [17, 5], [23, 46], [41, 25], [35, 46], [35, 9], [24, 31], [26, 43], [14, 39], [28, 8], [44, 43], [30, 9], [27, 10], [4, 10], [24, 39], [38, 48], [45, 44], [11, 1], [23, 11], [46, 1], [1, 15], [46, 42], [21, 6], [42, 35], [35, 23], [2, 13], [38, 27], [38, 46], [33, 7], [42, 33], [17, 1], [1, 29], [21, 17], [10, 7], [22, 49], [33, 23], [37, 9], [0, 13], [7, 6], [0, 23], [30, 46], [19, 29], [29, 22], [42, 37], [38, 26], [8, 1], [5, 24], [30, 21], [5, 8], [3, 3], [37, 29], [32, 26], [47, 34], [44, 49], [24, 5], [42, 23], [8, 0], [22, 47], [26, 38], [40, 23], [21, 19], [29, 6], [37, 21], [49, 23], [20, 30], [48, 47], [2, 4], [21, 27], [23, 19], [24, 36], [39, 47], [1, 17], [3, 15], [1, 11], [25, 38], [38, 11], [32, 22], [47, 6], [17, 4], [22, 41], [45, 31], [20, 32], [46, 41], [49, 4], [21, 15], [17, 6], [23, 45], [2, 47], [10, 9], [6, 46], [19, 33], [24, 24], [28, 5], [30, 49], [23, 3], [26, 35], [1, 14], [20, 36], [20, 43], [30, 3], [48, 34], [27, 8], [0, 4], [6, 26], [31, 23], [1, 12], [1, 23], [21, 41], [3, 6], [29, 47], [43, 34], [25, 37], [40, 40], [18, 13], [38, 5], [20, 42], [0, 38], [6, 9], [48, 8], [41, 36], [0, 48], [38, 47], [43, 36], [0, 6], [27, 5], [5, 45], [24, 19], [48, 18], [37, 8], [38, 12], [7, 1], [36, 22], [30, 8], [39, 44], [24, 13], [48, 22], [31, 22], [22, 48], [49, 28], [35, 4], [31, 9], [25, 7], [23, 40], [31, 20], [21, 44], [35, 22], [11, 0], [20, 6], [28, 46], [29, 25], [45, 33], [38, 14], [17, 3], [47, 16], [20, 46], [25, 30], [4, 47], [6, 24], [22, 9], [22, 25], [21, 45], [2, 14], [27, 2], [19, 27], [9, 47], [7, 8], [23, 33], [38, 3], [36, 28], [44, 20], [48, 3], [40, 17], [25, 5], [9, 0], [1, 21], [18, 14], [13, 0], [0, 22], [40, 32], [21, 24], [0, 19], [42, 44], [49, 1], [1, 47], [42, 21], [1, 4], [34, 8], [21, 28], [49, 22], [34, 23], [46, 45], [43, 35], [21, 32], [43, 43], [35, 6], [37, 28], [30, 5], [26, 7], [2, 28], [26, 33], [39, 22], [3, 16], [18, 26], [24, 37], [15, 6], [37, 46], [23, 5], [24, 25], [15, 49], [15, 7], [31, 3], [45, 46], [48, 0], [11, 7], [30, 28], [30, 4], [34, 22], [6, 5], [8, 49], [10, 1], [20, 44], [7, 5], [29, 2], [0, 5], [16, 4], [47, 32], [27, 4], [40, 24], [46, 49], [14, 49], [14, 31], [49, 3], [3, 26], [44, 31], [26, 3], [48, 16], [23, 37], [22, 6], [22, 26], [43, 31], [46, 28], [49, 29], [25, 12], [44, 28], [21, 26], [33, 8], [3, 9], [34, 5], [26, 2], [21, 21], [9, 6], [23, 34], [22, 14], [24, 6], [20, 48], [25, 13], [46, 18], [47, 20], [21, 47], [1, 2], [49, 19], [18, 2], [44, 32], [45, 29], [20, 4], [45, 32], [24, 9], [21, 7], [41, 23], [22, 42], [1, 30], [34, 49], [14, 1], [36, 4], [16, 5], [0, 20], [23, 2], [22, 3], [44, 22], [27, 1], [42, 43], [45, 42], [2, 23], [43, 30], [18, 18], [22, 7], [3, 7], [43, 20], [43, 21], [30, 48], [49, 2], [20, 45], [5, 19], [22, 19], [5, 3], [38, 4], [40, 25], [6, 25], [1, 9], [39, 25], [19, 14], [45, 11], [24, 38], [48, 9], [34, 4], [22, 46], [14, 32], [47, 49], [6, 6], [0, 47], [41, 27], [20, 13], [46, 47], [29, 24], [46, 32], [21, 33], [3, 13], [42, 30], [20, 5], [15, 33], [31, 4], [12, 0], [38, 24], [45, 43], [23, 4], [43, 32], [7, 4], [41, 33], [43, 41], [47, 1], [25, 8], [29, 5], [0, 7], [6, 45], [46, 12], [1, 6], [22, 32], [48, 11], [17, 2], [39, 24], [10, 0], [1, 8], [29, 10], [47, 33], [30, 47], [36, 21], [12, 2], [13, 38], [19, 10], [22, 33], [6, 42], [3, 10], [8, 7], [31, 24], [38, 8], [19, 1], [30, 2], [21, 14], [25, 11], [2, 8], [10, 10], [43, 13], [47, 3], [23, 9], [47, 14], [35, 21], [22, 22], [31, 29], [49, 14], [4, 11], [37, 48], [36, 7], [4, 8], [1, 22], [41, 43], [25, 25], [7, 0], [44, 14], [12, 38]], "targets": [[15, 34], [48, 6], [15, 33], [20, 46], [41, 15], [43, 11], [21, 30], [40, 13], [43, 5], [18, 32], [17, 30], [38, 15], [40, 12], [17, 49], [16, 33], [48, 4], [14, 36], [42, 18], [22, 32], [48, 5], [41, 14], [16, 30], [47, 4], [15, 32], [16, 49], [37, 18], [16, 32], [44, 10], [17, 34], [47, 5], [19, 37], [42, 13], [45, 9], [16, 34], [39, 19], [19, 49], [42, 10], [18, 36], [17, 32], [42, 17], [43, 6], [15, 35], [45, 4], [15, 38], [40, 18], [18, 30], [18, 49], [44, 7], [42, 11], [22, 36], [43, 7], [18, 35], [38, 14], [17, 33], [42, 12], [25, 30], [49, 46], [49, 34], [48, 10], [40, 15], [46, 37], [7, 4], [44, 23], [13, 10], [46, 38], [3, 21], [26, 5], [43, 38], [26, 36], [45, 21], [2, 37], [48, 27], [46, 26], [5, 9], [37, 16], [34, 20], [4, 44], [2, 27], [49, 30], [48, 37], [5, 10], [48, 26], [24, 33], [9, 43], [7, 49], [39, 44], [5, 29], [25, 40], [26, 10], [2, 45], [39, 27], [20, 40], [26, 29], [8, 41], [36, 3], [49, 39], [47, 44], [5, 48], [39, 45], [45, 20], [41, 40], [19, 24], [9, 7], [25, 27], [4, 3], [40, 39], [37, 2], [16, 2], [42, 14], [38, 23], [21, 2], [0, 12], [2, 41], [27, 1], [47, 23], [0, 24], [46, 23], [49, 49], [49, 44], [48, 30], [35, 0], [5, 20], [24, 26], [21, 4], [38, 17], [45, 18], [2, 35], [14, 29], [27, 48], [2, 38], [38, 1], [27, 25], [45, 17], [16, 10], [49, 27], [49, 36], [41, 42], [47, 30], [29, 29], [41, 46], [24, 15], [0, 44], [40, 14], [35, 1], [5, 42], [49, 31], [5, 39], [40, 29], [2, 40], [4, 39], [49, 38], [40, 38], [5, 3], [49, 8], [45, 27], [38, 16], [22, 8], [21, 21], [44, 47], [27, 5], [6, 1], [44, 49], [10, 2], [13, 2], [5, 2], [44, 40], [5, 49], [49, 6], [8, 48], [45, 1], [31, 2], [44, 16], [21, 41], [46, 27], [18, 0], [13, 6], [2, 26], [43, 19], [16, 35], [19, 12], [43, 4], [24, 42], [0, 35], [27, 47], [2, 46], [43, 9], [0, 45], [38, 18], [21, 11], [47, 46], [44, 22], [41, 37], [14, 1], [33, 26], [46, 25], [21, 22], [35, 3], [3, 19], [24, 3], [23, 32], [17, 23], [23, 43], [14, 37], [21, 3], [26, 22], [4, 48], [17, 31], [43, 1], [5, 22], [25, 10], [26, 24], [26, 28], [3, 29], [38, 29], [3, 28], [43, 23], [15, 36], [14, 25], [45, 3], [8, 39], [49, 26], [3, 3], [48, 13], [30, 1], [23, 2], [7, 46], [26, 40], [23, 27], [27, 24], [27, 46], [45, 8], [36, 23], [5, 38], [4, 16], [15, 2], [1, 44], [6, 47], [22, 15], [33, 5], [5, 26], [10, 6], [31, 6], [20, 47], [40, 20], [45, 15], [44, 36], [43, 8], [39, 21], [1, 31], [9, 38], [46, 19], [48, 39], [23, 45], [43, 48], [41, 28], [13, 23], [18, 26], [12, 10], [6, 41], [13, 9], [15, 23], [35, 25], [25, 49], [18, 31], [46, 3], [47, 21], [0, 39], [22, 44], [32, 26], [19, 18], [9, 44], [27, 27], [3, 22], [17, 7], [37, 20], [41, 19], [31, 1], [31, 47], [6, 42], [10, 10], [15, 29], [22, 27], [41, 11], [40, 45], [4, 6], [18, 12], [0, 25], [37, 28], [47, 32], [45, 25], [21, 39], [18, 13], [23, 12], [35, 10], [31, 9], [38, 0], [19, 15], [48, 28], [5, 13], [37, 48], [0, 41], [8, 10], [0, 34], [32, 49], [22, 28], [1, 34], [18, 10], [7, 0], [37, 26], [3, 43], [23, 11], [11, 6], [32, 8], [49, 40], [22, 16], [48, 47], [16, 7], [45, 26], [0, 15], [19, 8], [38, 49], [44, 26], [4, 40], [21, 31], [20, 8], [38, 20], [48, 32], [46, 2], [30, 29], [16, 26], [42, 39], [22, 30], [46, 15], [46, 20], [27, 23], [4, 43], [39, 31], [31, 8], [4, 13], [6, 43], [43, 46], [41, 49], [33, 28], [44, 37], [15, 8], [36, 0], [43, 17], [37, 0], [19, 3], [45, 38], [18, 7], [43, 39], [40, 43], [48, 31], [42, 41], [32, 28], [39, 26], [39, 30], [49, 32], [48, 44], [1, 32], [22, 31], [12, 25], [25, 42], [17, 37], [43, 25], [3, 40], [3, 42], [35, 20], [12, 29], [16, 3], [44, 27], [6, 49], [33, 9], [35, 27], [18, 38], [28, 48], [20, 18], [1, 42], [4, 29], [2, 36], [34, 27], [24, 8], [40, 31], [21, 28], [21, 40], [2, 39], [25, 16], [6, 10], [42, 29], [24, 22], [42, 16], [15, 28], [19, 23], [5, 14], [38, 26], [14, 2], [33, 27], [26, 47], [34, 1], [13, 26], [5, 23], [26, 48], [40, 27], [44, 17], [42, 49], [40, 21], [5, 12], [37, 14], [7, 3], [25, 28], [37, 49], [10, 39], [23, 9], [20, 37], [3, 41], [41, 45], [2, 49], [24, 16], [4, 0], [15, 30], [23, 33], [1, 43], [24, 46], [2, 19], [35, 24], [25, 17], [3, 0], [13, 25], [0, 33], [6, 26], [23, 17], [19, 0], [45, 36], [26, 46], [32, 7], [37, 24], [45, 10], [21, 47], [4, 25], [8, 38], [25, 41], [1, 45], [25, 8], [46, 17], [45, 35], [26, 23], [23, 30], [34, 9], [21, 16], [44, 2], [8, 40], [18, 9], [17, 9], [47, 31], [31, 49], [0, 7], [23, 13], [20, 23], [20, 41], [32, 1], [8, 47], [24, 9], [4, 14], [18, 23], [44, 0], [42, 32], [4, 38], [1, 41], [2, 48], [42, 24], [19, 17], [30, 7], [6, 0], [45, 39], [21, 29], [18, 22], [41, 29], [30, 20], [47, 47], [49, 10], [0, 30], [36, 2], [4, 2], [19, 38], [43, 18], [3, 2], [5, 15], [36, 25], [27, 22], [48, 29], [2, 0], [43, 47], [24, 0], [0, 26], [28, 1], [25, 18], [13, 7], [19, 2], [19, 22], [46, 35], [15, 9], [28, 26], [7, 2], [14, 10], [15, 24], [49, 37], [43, 37], [47, 43], [1, 48], [40, 37], [41, 27], [17, 8], [21, 37], [9, 42], [33, 21], [17, 24], [33, 8], [18, 33], [18, 1], [28, 0], [43, 32], [14, 23], [48, 38], [25, 0], [13, 8], [43, 14], [38, 19], [49, 15], [20, 22], [49, 7]]}