{"meta": {"number_of_robots": 3000, "description": {"parameters": {"seed": 1904, "shape": [100, 100], "obstacles": {"n": 0, "mean": 5, "std": 2.5}, "clusters": {"n": 30, "mean": 80, "std": 40.0, "relative_radius": 2, "increase_factor": 1.3, "start_dist": {"generator_name": "Image", "shape": [100, 100], "min": 0.0, "max": 153.0, "mean": 78.1275, "std": 72.29855768789582, "dtype": "uint64", "parameters": {"image": "redblue.png", "transformer": {"name": "ColorChannelSelector", "channel": "b", "inverted": false}}}, "target_dist": {"generator_name": "Image", "shape": [100, 100], "min": 0.0, "max": 128.0, "mean": 62.6592, "std": 60.47698947004554, "dtype": "uint64", "parameters": {"image": "redblue.png", "transformer": {"name": "ColorChannelSelector", "channel": "r", "inverted": false}}}}, "density": 0.3, "start_dist": {"generator_name": "Image", "shape": [100, 100], "min": 0.0, "max": 153.0, "mean": 78.1275, "std": 72.29855768789582, "dtype": "uint64", "parameters": {"image": "redblue.png", "transformer": {"name": "ColorChannelSelector", "channel": "b", "inverted": false}}}, "target_dist": {"generator_name": "Image", "shape": [100, 100], "min": 0.0, "max": 128.0, "mean": 62.6592, "std": 60.47698947004554, "dtype": "uint64", "parameters": {"image": "redblue.png", "transformer": {"name": "ColorChannelSelector", "channel": "r", "inverted": false}}}}, "stats": {"date": "2020-11-17", "free_area": 10000.0, "number_of_clustered_robots": 2366, "number_of_robots": 3000}}}, "name": "redblue_00008_100x100_30_3000", "obstacles": [], "starts": [[69, 78], [72, 22], [22, 63], [90, 52], [97, 86], [8, 45], [39, 15], [24, 52], [91, 27], [52, 83], [32, 46], [22, 22], [99, 13], [85, 77], [33, 79], [69, 75], [0, 93], [80, 3], [12, 72], [10, 70], [99, 91], [29, 29], [92, 31], [1, 48], [71, 0], [72, 49], [97, 92], [96, 9], [38, 83], [89, 10], [98, 87], [40, 15], [82, 57], [86, 7], [12, 47], [87, 9], [18, 52], [28, 24], [95, 27], [80, 73], [14, 66], [96, 94], [84, 84], [60, 64], [27, 46], [97, 13], [40, 6], [75, 58], [87, 13], [48, 83], [76, 3], [99, 84], [89, 20], [85, 2], [11, 44], [99, 53], [99, 86], [62, 14], [36, 82], [81, 21], [6, 67], [8, 39], [15, 23], [16, 76], [89, 19], [73, 69], [22, 72], [9, 70], [39, 2], [83, 94], [71, 48], [2, 86], [88, 9], [93, 81], [69, 74], [10, 29], [24, 50], [94, 7], [88, 8], [23, 6], [68, 79], [68, 43], [21, 51], [86, 97], [23, 28], [94, 25], [86, 14], [78, 73], [54, 81], [21, 72], [77, 5], [95, 88], [35, 19], [95, 90], [91, 17], [84, 14], [8, 35], [84, 44], [31, 15], [89, 96], [88, 47], [65, 21], [71, 76], [38, 82], [90, 28], [16, 62], [79, 3], [35, 50], [4, 42], [26, 26], [16, 74], [92, 34], [98, 18], [70, 68], [87, 93], [30, 65], [23, 60], [21, 6], [83, 88], [76, 63], [7, 51], [55, 83], [8, 91], [74, 6], [46, 89], [89, 14], [86, 1], [87, 97], [91, 83], [66, 79], [4, 37], [39, 14], [22, 11], [99, 22], [69, 49], [94, 29], [85, 11], [74, 69], [9, 40], [93, 44], [13, 56], [38, 43], [84, 92], [82, 89], [89, 16], [82, 9], [75, 28], [37, 79], [98, 14], [35, 17], [68, 81], [77, 52], [4, 73], [9, 56], [97, 82], [25, 20], [1, 84], [85, 25], [8, 44], [77, 73], [66, 2], [78, 78], [44, 81], [29, 59], [87, 4], [22, 59], [20, 7], [95, 92], [30, 17], [96, 88], [77, 53], [31, 41], [96, 89], [81, 20], [93, 8], [97, 20], [88, 6], [12, 44], [11, 30], [8, 88], [83, 2], [14, 28], [88, 19], [97, 54], [38, 0], [90, 92], [78, 62], [63, 27], [78, 79], [79, 84], [31, 60], [82, 98], [29, 77], [86, 11], [10, 59], [81, 11], [90, 81], [19, 10], [46, 85], [3, 40], [34, 49], [77, 45], [6, 38], [88, 1], [19, 11], [15, 86], [88, 35], [97, 85], [90, 10], [90, 77], [91, 81], [21, 56], [92, 25], [90, 14], [97, 11], [22, 62], [25, 16], [87, 10], [69, 76], [67, 83], [90, 95], [89, 50], [7, 49], [90, 48], [0, 53], [82, 91], [14, 25], [91, 26], [65, 15], [55, 81], [27, 47], [37, 13], [6, 82], [75, 6], [89, 49], [79, 77], [49, 92], [39, 80], [90, 15], [89, 7], [28, 57], [87, 7], [12, 31], [85, 81], [9, 75], [86, 98], [36, 28], [99, 85], [78, 74], [5, 35], [21, 9], [10, 30], [8, 71], [87, 30], [79, 61], [71, 2], [99, 32], [90, 7], [88, 99], [84, 17], [89, 73], [12, 45], [98, 49], [20, 71], [30, 47], [16, 64], [33, 0], [86, 91], [86, 99], [79, 56], [95, 11], [72, 4], [5, 52], [63, 17], [51, 90], [60, 74], [13, 24], [94, 30], [74, 1], [97, 89], [15, 30], [41, 81], [89, 11], [40, 7], [83, 91], [68, 77], [87, 78], [71, 53], [11, 70], [30, 72], [9, 84], [67, 1], [80, 93], [33, 43], [87, 18], [86, 5], [11, 55], [88, 96], [22, 23], [11, 77], [84, 22], [22, 5], [91, 7], [3, 41], [68, 82], [89, 44], [92, 20], [86, 39], [85, 0], [73, 68], [49, 93], [93, 90], [30, 59], [76, 1], [68, 21], [13, 72], [22, 9], [5, 44], [98, 91], [30, 25], [93, 89], [73, 53], [23, 25], [94, 26], [14, 30], [28, 56], [84, 99], [79, 4], [29, 84], [88, 17], [60, 73], [0, 60], [40, 17], [90, 11], [82, 74], [99, 24], [88, 7], [55, 85], [82, 43], [17, 63], [85, 97], [16, 56], [8, 51], [8, 83], [82, 0], [88, 94], [28, 23], [1, 75], [93, 25], [95, 52], [49, 85], [97, 12], [32, 2], [70, 77], [89, 9], [87, 98], [82, 58], [37, 50], [90, 96], [66, 21], [81, 82], [69, 71], [84, 2], [31, 72], [7, 38], [6, 40], [95, 9], [18, 62], [37, 5], [93, 82], [17, 20], [86, 35], [81, 95], [42, 76], [81, 12], [92, 52], [93, 30], [86, 10], [14, 73], [70, 4], [82, 93], [24, 15], [89, 72], [52, 92], [10, 35], [83, 43], [14, 63], [34, 48], [85, 65], [19, 50], [68, 76], [87, 6], [22, 24], [10, 79], [83, 32], [92, 7], [80, 97], [33, 22], [97, 90], [84, 97], [91, 20], [1, 88], [67, 2], [36, 0], [64, 25], [4, 44], [77, 43], [78, 80], [97, 83], [6, 51], [31, 59], [90, 27], [91, 8], [39, 81], [84, 26], [26, 14], [88, 36], [20, 58], [41, 15], [82, 3], [79, 74], [28, 58], [69, 84], [53, 91], [91, 95], [86, 65], [9, 72], [94, 81], [6, 43], [85, 9], [91, 46], [90, 21], [77, 75], [43, 17], [99, 93], [11, 47], [81, 13], [31, 62], [85, 17], [82, 92], [81, 60], [12, 26], [12, 78], [85, 19], [70, 27], [51, 80], [6, 29], [88, 93], [78, 84], [38, 47], [36, 15], [85, 98], [10, 81], [66, 14], [91, 33], [90, 9], [80, 55], [80, 77], [44, 89], [21, 37], [40, 84], [86, 13], [90, 17], [23, 71], [16, 28], [86, 25], [82, 2], [6, 50], [9, 63], [19, 3], [98, 92], [9, 61], [85, 52], [80, 98], [32, 25], [94, 95], [88, 16], [87, 53], [72, 75], [36, 42], [85, 96], [81, 79], [0, 51], [98, 11], [30, 16], [62, 17], [33, 67], [20, 12], [64, 80], [11, 71], [86, 34], [5, 37], [73, 51], [69, 1], [99, 20], [51, 97], [92, 18], [94, 9], [82, 90], [83, 96], [24, 14], [86, 3], [69, 83], [35, 84], [96, 13], [10, 50], [77, 76], [69, 55], [9, 41], [13, 93], [81, 9], [87, 95], [95, 83], [23, 27], [86, 30], [97, 50], [14, 54], [37, 52], [12, 64], [10, 68], [20, 14], [80, 92], [94, 92], [79, 65], [92, 9], [94, 6], [87, 11], [11, 42], [10, 49], [59, 16], [81, 80], [51, 82], [59, 84], [31, 2], [11, 19], [7, 84], [85, 32], [92, 32], [85, 4], [23, 59], [99, 92], [74, 5], [70, 54], [33, 42], [71, 4], [82, 87], [24, 18], [92, 83], [7, 43], [42, 77], [86, 8], [23, 7], [52, 82], [97, 84], [13, 55], [97, 51], [69, 81], [86, 81], [98, 13], [25, 23], [83, 30], [91, 53], [4, 72], [33, 54], [71, 70], [0, 87], [71, 6], [82, 99], [11, 58], [37, 16], [49, 89], [9, 43], [85, 14], [72, 29], [83, 89], [36, 49], [93, 27], [87, 8], [86, 66], [10, 57], [82, 1], [82, 86], [89, 81], [19, 22], [12, 79], [93, 26], [79, 1], [38, 17], [93, 83], [32, 59], [93, 6], [6, 41], [59, 75], [68, 56], [36, 77], [82, 23], [97, 93], [92, 39], [80, 95], [7, 56], [71, 1], [42, 16], [36, 41], [15, 20], [78, 75], [6, 59], [92, 38], [45, 88], [86, 96], [84, 65], [7, 41], [22, 61], [78, 5], [87, 19], [84, 11], [64, 19], [93, 20], [21, 59], [42, 15], [8, 82], [72, 3], [79, 64], [99, 16], [67, 78], [21, 49], [82, 85], [89, 92], [34, 20], [99, 94], [90, 50], [10, 28], [5, 77], [86, 29], [81, 83], [12, 32], [31, 1], [90, 44], [14, 56], [31, 45], [83, 93], [79, 14], [43, 78], [84, 16], [38, 84], [84, 59], [11, 40], [69, 79], [98, 94], [2, 67], [82, 94], [25, 13], [7, 30], [87, 0], [27, 24], [94, 28], [90, 8], [90, 78], [92, 33], [87, 12], [67, 8], [67, 19], [51, 84], [77, 62], [86, 16], [32, 64], [95, 87], [96, 93], [26, 40], [14, 67], [19, 14], [10, 51], [8, 32], [1, 82], [85, 13], [95, 95], [21, 28], [13, 76], [96, 25], [65, 81], [90, 47], [98, 52], [79, 63], [52, 81], [85, 93], [36, 80], [89, 12], [35, 14], [93, 19], [33, 72], [69, 72], [77, 1], [74, 4], [2, 51], [15, 55], [99, 98], [68, 50], [91, 30], [88, 14], [13, 66], [39, 48], [15, 21], [86, 26], [86, 92], [24, 28], [98, 90], [24, 7], [66, 16], [80, 63], [87, 21], [77, 64], [83, 92], [84, 1], [21, 58], [78, 53], [19, 29], [51, 85], [20, 56], [89, 5], [14, 64], [22, 7], [95, 54], [83, 82], [28, 26], [16, 85], [89, 34], [81, 99], [79, 2], [43, 76], [81, 25], [83, 76], [91, 45], [8, 81], [87, 2], [29, 56], [10, 42], [70, 76], [42, 17], [90, 19], [95, 7], [29, 57], [83, 81], [94, 91], [12, 46], [9, 67], [71, 28], [76, 44], [16, 24], [83, 35], [85, 10], [97, 9], [88, 12], [87, 92], [96, 87], [25, 14], [85, 82], [50, 85], [6, 36], [67, 79], [93, 55], [19, 57], [33, 53], [92, 54], [7, 40], [78, 76], [83, 87], [83, 1], [72, 1], [48, 86], [22, 60], [33, 14], [12, 20], [5, 75], [85, 28], [35, 83], [84, 8], [7, 35], [95, 25], [87, 14], [82, 88], [36, 21], [96, 90], [80, 72], [85, 83], [81, 63], [96, 7], [0, 80], [73, 5], [38, 15], [15, 67], [8, 56], [0, 61], [60, 15], [49, 96], [37, 45], [59, 65], [84, 90], [25, 22], [91, 29], [84, 18], [7, 31], [85, 50], [94, 52], [28, 11], [81, 78], [88, 5], [85, 95], [82, 12], [88, 95], [7, 39], [27, 57], [95, 8], [88, 51], [95, 94], [87, 32], [83, 13], [7, 45], [45, 76], [83, 22], [13, 28], [9, 83], [89, 21], [10, 63], [39, 6], [82, 11], [85, 94], [67, 81], [30, 49], [71, 75], [86, 76], [48, 92], [87, 96], [78, 60], [73, 27], [11, 62], [1, 49], [97, 88], [25, 59], [27, 11], [8, 49], [10, 90], [86, 12], [95, 10], [74, 2], [24, 25], [89, 35], [96, 47], [92, 5], [78, 59], [97, 87], [78, 77], [70, 71], [40, 13], [80, 87], [32, 20], [98, 86], [31, 46], [91, 32], [88, 4], [11, 50], [19, 51], [78, 13], [32, 68], [35, 76], [90, 18], [92, 81], [51, 92], [89, 52], [21, 22], [14, 79], [91, 19], [12, 71], [27, 14], [59, 18], [50, 80], [90, 2], [76, 64], [93, 18], [83, 8], [1, 33], [96, 91], [10, 71], [94, 89], [73, 70], [8, 40], [87, 46], [94, 10], [92, 55], [32, 66], [29, 47], [27, 15], [24, 11], [93, 29], [91, 94], [89, 93], [68, 72], [6, 90], [75, 0], [99, 23], [89, 6], [4, 41], [81, 62], [88, 79], [48, 89], [23, 12], [5, 50], [93, 91], [89, 82], [34, 83], [97, 14], [70, 74], [98, 12], [20, 53], [77, 4], [25, 19], [8, 74], [86, 19], [89, 4], [80, 56], [32, 49], [66, 20], [1, 51], [13, 71], [32, 6], [99, 82], [11, 59], [72, 72], [92, 53], [4, 54], [88, 10], [98, 88], [30, 21], [90, 94], [79, 11], [68, 52], [82, 82], [33, 60], [89, 31], [92, 6], [8, 31], [90, 34], [25, 15], [59, 74], [52, 93], [12, 30], [92, 4], [26, 53], [82, 97], [3, 87], [88, 15], [91, 51], [88, 81], [3, 53], [35, 81], [84, 24], [78, 4], [24, 5], [81, 87], [67, 21], [15, 66], [8, 26], [65, 82], [6, 71], [83, 37], [1, 39], [89, 97], [69, 70], [84, 60], [75, 3], [98, 84], [95, 43], [12, 62], [13, 63], [33, 2], [90, 4], [92, 21], [10, 52], [71, 71], [47, 91], [93, 28], [93, 5], [97, 81], [40, 48], [85, 99], [0, 48], [55, 82], [27, 21], [86, 20], [86, 49], [31, 68], [87, 16], [32, 14], [81, 10], [87, 90], [66, 81], [29, 86], [84, 19], [7, 50], [89, 69], [81, 53], [13, 47], [75, 30], [30, 1], [10, 93], [79, 15], [90, 20], [83, 97], [81, 90], [24, 21], [96, 84], [8, 27], [17, 74], [85, 31], [88, 55], [19, 58], [30, 40], [47, 90], [14, 75], [88, 32], [83, 3], [71, 51], [99, 21], [88, 98], [9, 66], [27, 17], [6, 56], [8, 34], [83, 9], [71, 73], [90, 69], [68, 84], [75, 1], [17, 19], [83, 34], [84, 95], [84, 94], [17, 65], [85, 53], [91, 5], [24, 6], [37, 76], [82, 16], [78, 3], [41, 45], [7, 29], [99, 99], [3, 38], [67, 25], [82, 81], [70, 75], [40, 82], [88, 53], [79, 54], [76, 84], [40, 4], [20, 20], [17, 77], [98, 20], [96, 27], [89, 8], [84, 98], [7, 85], [85, 16], [31, 65], [1, 73], [82, 83], [92, 27], [13, 48], [80, 10], [14, 47], [90, 16], [73, 48], [9, 65], [28, 9], [39, 43], [82, 79], [88, 92], [90, 3], [16, 29], [83, 20], [79, 80], [83, 86], [24, 19], [98, 89], [5, 40], [21, 60], [35, 80], [92, 26], [54, 92], [70, 48], [20, 8], [64, 15], [49, 84], [95, 89], [11, 54], [83, 44], [66, 80], [73, 4], [96, 26], [90, 5], [87, 79], [93, 7], [26, 11], [5, 74], [85, 30], [87, 3], [87, 52], [25, 52], [10, 33], [27, 12], [83, 83], [1, 72], [90, 6], [81, 92], [17, 52], [69, 73], [6, 84], [69, 4], [5, 54], [83, 84], [80, 53], [94, 94], [23, 72], [31, 16], [70, 72], [48, 93], [3, 39], [13, 19], [93, 34], [32, 80], [85, 15], [72, 30], [84, 10], [89, 3], [83, 99], [81, 93], [98, 50], [33, 65], [27, 40], [98, 19], [99, 12], [86, 54], [39, 13], [16, 54], [77, 78], [78, 1], [5, 38], [96, 82], [76, 77], [16, 27], [4, 86], [87, 34], [80, 2], [8, 67], [84, 21], [75, 47], [31, 6], [86, 94], [26, 28], [99, 90], [33, 61], [44, 88], [97, 94], [5, 51], [71, 74], [99, 18], [32, 57], [6, 42], [79, 79], [0, 86], [87, 1], [68, 54], [12, 68], [20, 9], [84, 82], [23, 22], [87, 38], [42, 79], [91, 6], [62, 16], [95, 93], [83, 42], [90, 32], [96, 11], [86, 6], [89, 98], [24, 58], [19, 38], [9, 32], [72, 0], [81, 56], [28, 6], [89, 91], [60, 65], [48, 84], [38, 48], [22, 14], [80, 64], [11, 85], [14, 71], [89, 33], [95, 91], [96, 10], [49, 83], [82, 15], [99, 83], [38, 1], [77, 56], [85, 8], [2, 39], [20, 55], [30, 69], [80, 89], [77, 3], [89, 32], [91, 4], [94, 54], [83, 98], [67, 28], [44, 78], [82, 10], [26, 15], [93, 31], [80, 75], [18, 63], [27, 5], [69, 52], [1, 86], [83, 15], [72, 71], [11, 29], [40, 44], [97, 10], [68, 75], [5, 39], [87, 99], [50, 97], [25, 61], [84, 96], [36, 26], [99, 88], [36, 16], [72, 48], [81, 24], [12, 73], [80, 13], [11, 28], [11, 80], [94, 31], [81, 76], [88, 97], [9, 42], [75, 4], [59, 81], [11, 45], [41, 5], [77, 58], [92, 17], [85, 12], [87, 48], [32, 69], [35, 49], [97, 91], [94, 90], [92, 19], [82, 13], [64, 14], [34, 78], [84, 25], [21, 13], [85, 29], [8, 42], [82, 78], [50, 93], [9, 68], [22, 10], [93, 92], [79, 53], [82, 95], [12, 54], [11, 83], [85, 3], [70, 70], [33, 63], [94, 93], [82, 21], [12, 63], [96, 83], [32, 7], [17, 29], [37, 43], [74, 50], [76, 5], [22, 27], [2, 75], [85, 22], [89, 15], [84, 76], [89, 17], [87, 5], [75, 5], [71, 72], [86, 50], [10, 40], [89, 94], [73, 26], [49, 86], [40, 14], [78, 54], [48, 91], [34, 76], [83, 11], [32, 53], [7, 44], [80, 99], [31, 24], [96, 92], [76, 75], [24, 12], [99, 30], [82, 14], [92, 82], [83, 80], [36, 44], [17, 62], [29, 9], [89, 46], [94, 8], [21, 38], [84, 3], [2, 50], [84, 23], [82, 96], [11, 60], [19, 56], [5, 91], [89, 13], [85, 92], [88, 20], [89, 2], [15, 24], [7, 80], [83, 25], [38, 2], [70, 73], [77, 44], [86, 48], [77, 79], [48, 85], [94, 88], [67, 20], [13, 46], [96, 95], [15, 29], [36, 43], [72, 7], [41, 83], [85, 26], [24, 17], [91, 21], [73, 46], [19, 53], [90, 93], [80, 86], [8, 28], [85, 21], [65, 80], [77, 2], [87, 75], [79, 72], [74, 3], [4, 38], [0, 50], [9, 60], [36, 2], [84, 83], [81, 22], [79, 52], [98, 30], [83, 12], [1, 64], [49, 94], [92, 46], [14, 55], [40, 45], [27, 25], [14, 74], [90, 26], [81, 91], [26, 21], [99, 87], [99, 81], [91, 3], [0, 82], [88, 2], [24, 10], [73, 30], [5, 41], [80, 62], [81, 75], [10, 45], [45, 86], [90, 12], [76, 65], [94, 82], [76, 2], [27, 6], [79, 13], [32, 65], [72, 54], [22, 25], [86, 32], [49, 80], [2, 37], [81, 94], [28, 40], [82, 84], [89, 27], [88, 3], [85, 80], [40, 92], [4, 35], [82, 26], [99, 19], [18, 64], [37, 0], [1, 67], [90, 54], [98, 93], [70, 0], [76, 60], [68, 74], [83, 85], [60, 16], [20, 52], [18, 13], [70, 84], [11, 76], [90, 33], [11, 41], [89, 95], [35, 0], [78, 10], [40, 79], [84, 12], [15, 54], [86, 80], [82, 61], [1, 85], [78, 12], [98, 81], [34, 46], [91, 9], [11, 31], [47, 84], [77, 84], [20, 13], [20, 21], [86, 36], [99, 17], [88, 11], [26, 58], [98, 83], [77, 63], [76, 0], [81, 86], [34, 27], [90, 97], [81, 14], [2, 54], [90, 45], [81, 74], [1, 61], [99, 89], [13, 68], [19, 13], [6, 39], [74, 26], [32, 40], [82, 55], [88, 0], [27, 22], [6, 76], [87, 33], [86, 17], [27, 53], [98, 10], [76, 78], [34, 82], [92, 28], [84, 93], [80, 88], [19, 52], [26, 9], [83, 79], [49, 91], [75, 44], [3, 51], [91, 18], [86, 9], [7, 83], [67, 11], [68, 83], [87, 94], [94, 83], [19, 19], [91, 35], [38, 16], [91, 42], [23, 63], [25, 50], [86, 22], [88, 48], [21, 36], [68, 78], [83, 90], [12, 61], [95, 82], [4, 39], [78, 0], [91, 16], [90, 70], [88, 13], [69, 25], [51, 81], [12, 69], [27, 9], [14, 20], [10, 75], [83, 31], [80, 57], [54, 96], [85, 91], [40, 78], [90, 25], [25, 64], [86, 2], [5, 46], [6, 52], [88, 18], [86, 4], [35, 51], [81, 88], [29, 26], [98, 85], [26, 10], [85, 79], [59, 83], [95, 81], [81, 54], [98, 21], [87, 49], [10, 23], [83, 21], [81, 0], [91, 28], [8, 86], [81, 1], [9, 29], [38, 4], [18, 60], [90, 82], [7, 36], [1, 66], [75, 29], [80, 58], [81, 89], [71, 77], [48, 87], [68, 80], [31, 49], [63, 66], [89, 99], [75, 2], [11, 66], [26, 5], [22, 12], [7, 78], [92, 30], [41, 76], [99, 14], [8, 38], [87, 22], [93, 9], [91, 96], [76, 47], [92, 8], [30, 68], [6, 54], [84, 85], [99, 51], [32, 4], [72, 69], [89, 1], [80, 90], [84, 13], [71, 54], [4, 34], [83, 27], [15, 19], [86, 38], [88, 90], [79, 73], [34, 43], [54, 93], [72, 24], [4, 67], [2, 52], [19, 72], [24, 13], [5, 85], [73, 2], [91, 10], [75, 46], [86, 82], [72, 70], [80, 94], [36, 23], [90, 83], [88, 31], [86, 0], [5, 34], [39, 79], [94, 11], [20, 22], [8, 80], [85, 34], [12, 65], [41, 7], [45, 79], [80, 4], [80, 1], [84, 81], [79, 76], [17, 54], [68, 45], [94, 45], [23, 62], [35, 43], [65, 79], [13, 29], [90, 74], [51, 93], [43, 7], [88, 91], [84, 91], [83, 23], [94, 5], [72, 6], [28, 21], [88, 21], [90, 53], [72, 23], [8, 66], [18, 57], [87, 80], [87, 91], [28, 59], [91, 31], [83, 0], [42, 9], [59, 72], [0, 49], [35, 48], [5, 86], [80, 12], [77, 60], [80, 83], [41, 77], [97, 15], [83, 4], [86, 93], [25, 12], [5, 81], [91, 37], [85, 84], [84, 42], [23, 58], [30, 5], [95, 6], [9, 51], [50, 91], [8, 30], [76, 46], [16, 66], [66, 9], [91, 82], [71, 69], [99, 15], [86, 77], [71, 23], [20, 10], [81, 98], [36, 20], [89, 80], [22, 26], [84, 37], [35, 44], [3, 73], [89, 18], [85, 1], [87, 47], [98, 82], [20, 36], [4, 43], [70, 1], [66, 78], [90, 1], [33, 68], [98, 15], [37, 1], [39, 78], [86, 18], [96, 81], [80, 76], [52, 94], [95, 53], [81, 52], [67, 80], [26, 20], [12, 74], [83, 29], [83, 95], [9, 92], [71, 7], [3, 37], [20, 51], [21, 63], [24, 8], [34, 40], [86, 83], [95, 80], [13, 70], [85, 27], [72, 51], [68, 22], [53, 82], [73, 7], [90, 31], [84, 9], [90, 75], [96, 12], [16, 30], [84, 33], [80, 9], [5, 42], [31, 8], [86, 95], [2, 62], [81, 96], [77, 65], [18, 55], [71, 50], [41, 94], [39, 82], [84, 27], [86, 15], [91, 79], [96, 42], [19, 55], [32, 42], [41, 17], [4, 51], [81, 73], [26, 23], [13, 77], [83, 26], [82, 60], [81, 97], [29, 19], [91, 80], [97, 80], [8, 50], [72, 76], [99, 11], [77, 74], [1, 81], [73, 3], [20, 60], [19, 7], [83, 10], [68, 29], [88, 22], [96, 8], [74, 0], [15, 63], [14, 46], [87, 50], [79, 95], [32, 52], [16, 25], [89, 78], [1, 62], [94, 32], [46, 88], [21, 7], [76, 4], [12, 43], [80, 91], [90, 46], [78, 87], [40, 76], [87, 20], [80, 61], [68, 71], [0, 32], [90, 13], [20, 54], [90, 80], [37, 4], [80, 11], [17, 26], [15, 79], [87, 36], [87, 77], [94, 79], [80, 0], [9, 57], [87, 51], [94, 27], [85, 7], [33, 41], [80, 96], [70, 20], [81, 28], [9, 39], [49, 97], [13, 67], [19, 8], [80, 78], [10, 89], [68, 3], [70, 69], [17, 56], [5, 67], [69, 54], [22, 21], [88, 34], [98, 16], [90, 72], [67, 77], [94, 55], [1, 52], [92, 80], [47, 86], [37, 14], [38, 76], [91, 25], [6, 45], [78, 92], [31, 27], [99, 80], [80, 14], [28, 47], [85, 55], [77, 6], [84, 80], [30, 70], [87, 17], [83, 14], [10, 21], [15, 82], [85, 20], [38, 14], [79, 83], [71, 68], [40, 94], [72, 27], [0, 54], [10, 32], [67, 3], [86, 21], [98, 17], [74, 46], [80, 79], [77, 91], [12, 70], [39, 16], [2, 74], [93, 42], [30, 58], [29, 45], [24, 26], [93, 36], [94, 80], [78, 98], [10, 85], [80, 15], [10, 34], [78, 58], [72, 74], [6, 35], [41, 79], [91, 15], [79, 78], [85, 5], [21, 11], [79, 85], [91, 78], [95, 26], [91, 2], [52, 97], [92, 16], [87, 15], [88, 49], [70, 29], [32, 61], [19, 23], [69, 77], [8, 76], [84, 20], [10, 43], [20, 11], [85, 18], [4, 40], [88, 73], [99, 79], [25, 40], [61, 66], [78, 43], [66, 13], [77, 85], [31, 21], [88, 80], [91, 52], [3, 68], [85, 78], [20, 72], [28, 5], [7, 33], [81, 2], [23, 13], [83, 38], [30, 61], [95, 12], [38, 80], [82, 27], [19, 54], [88, 72], [51, 94], [92, 43], [87, 31], [99, 0], [4, 91], [70, 5], [94, 77], [29, 8], [37, 47], [62, 64], [79, 89], [14, 48], [61, 17], [48, 81], [18, 28], [9, 77], [88, 33], [80, 54], [98, 77], [83, 19], [32, 63], [71, 13], [5, 45], [98, 80], [31, 7], [82, 76], [99, 1], [89, 45], [84, 0], [11, 32], [79, 93], [4, 63], [85, 54], [78, 91], [47, 83], [69, 82], [37, 53], [66, 82], [67, 10], [13, 69], [25, 5], [12, 22], [92, 29], [33, 77], [82, 24], [94, 33], [89, 0], [30, 66], [18, 53], [83, 77], [83, 78], [88, 50], [8, 36], [67, 18], [21, 5], [8, 79], [70, 2], [89, 22], [98, 79], [79, 99], [29, 17], [93, 80], [82, 28], [12, 24], [2, 85], [88, 37], [77, 0], [76, 79], [10, 41], [73, 52], [94, 42], [25, 58], [26, 49], [9, 30], [80, 74], [48, 94], [38, 13], [92, 79], [82, 8], [15, 65], [99, 25], [80, 16], [83, 58], [42, 78], [84, 15], [79, 86], [19, 26], [91, 36], [96, 80], [9, 64], [27, 10], [82, 20], [18, 54], [2, 38], [31, 71], [73, 6], [61, 64], [86, 78], [60, 30], [86, 79], [32, 45], [74, 47], [95, 78], [67, 84], [81, 3], [33, 3], [84, 28], [54, 97], [92, 41], [16, 21], [5, 71], [91, 34], [78, 86], [10, 92], [72, 2], [9, 45], [5, 43], [78, 85], [33, 66], [69, 51], [48, 82], [93, 33], [81, 15], [86, 64], [82, 22], [32, 1], [2, 72], [59, 64], [41, 82], [81, 26], [79, 12], [95, 77], [39, 49], [8, 37], [26, 22], [88, 38], [72, 52], [77, 88], [34, 29], [91, 76], [11, 53], [17, 61], [34, 0], [69, 23], [79, 10], [27, 58], [80, 85], [74, 70], [38, 81], [73, 0], [94, 48], [81, 19], [74, 49], [66, 83], [18, 51], [83, 18], [19, 6], [14, 24], [15, 75], [99, 31], [81, 81], [7, 37], [93, 32], [81, 16], [37, 51], [79, 90], [10, 83], [67, 13], [29, 71], [7, 71], [79, 59], [88, 78], [72, 73], [96, 78], [37, 15], [40, 80], [82, 19], [9, 44], [92, 76], [79, 0], [11, 22], [92, 35], [72, 68], [40, 83], [59, 30], [5, 53], [67, 9], [83, 24], [85, 49], [99, 78], [79, 92], [18, 58], [42, 6], [96, 45], [26, 72], [36, 47], [6, 31], [87, 76], [82, 25], [91, 77], [99, 29], [83, 16], [67, 12], [77, 61], [9, 27], [12, 77], [84, 36], [39, 7], [13, 45], [59, 82], [78, 99], [26, 24], [92, 78], [12, 75], [82, 77], [3, 42], [76, 6], [16, 61], [85, 24], [44, 76], [81, 23], [85, 64], [48, 97], [84, 57], [1, 89], [68, 10], [27, 7], [33, 58], [65, 18], [47, 85], [16, 26], [84, 32], [93, 78], [12, 55], [83, 40], [7, 34], [78, 55], [81, 85], [68, 73], [78, 65], [67, 14], [13, 64], [31, 5], [83, 28], [99, 33], [80, 20], [31, 61], [79, 98], [84, 77], [85, 23], [93, 79], [16, 20], [6, 73], [84, 29], [78, 2], [21, 50], [81, 59], [27, 44], [13, 30], [52, 96], [42, 8], [84, 78], [69, 0], [4, 71], [42, 83], [81, 27], [77, 87], [33, 64], [69, 68], [90, 79], [69, 21], [76, 45], [96, 79], [29, 3], [88, 46], [25, 28], [84, 30], [7, 86], [68, 1], [8, 41], [9, 50], [98, 29], [80, 21], [77, 32], [79, 26], [89, 79], [28, 43], [78, 63], [79, 87], [36, 29], [85, 76], [19, 60], [40, 8], [74, 7], [16, 63], [81, 77], [54, 94], [66, 8], [78, 64], [10, 36], [20, 19], [3, 72], [83, 33], [80, 80], [12, 56], [3, 71], [70, 51], [64, 79], [19, 4], [44, 77], [80, 25], [67, 23], [69, 3], [81, 31], [97, 79], [77, 86], [85, 39], [25, 62], [39, 45], [5, 36], [82, 75], [88, 30], [79, 21], [85, 48], [20, 23], [89, 36], [32, 5], [9, 46], [64, 65], [96, 77], [78, 90], [79, 5], [80, 27], [46, 87], [0, 83], [78, 11], [49, 81], [11, 46], [80, 59], [77, 90], [19, 61], [32, 15], [27, 52], [80, 84], [88, 75], [82, 31], [27, 26], [7, 77], [85, 33], [5, 56], [32, 58], [70, 3], [13, 65], [35, 77], [80, 26], [77, 77], [59, 17], [86, 53], [97, 77], [38, 5], [84, 43], [12, 29], [87, 29], [79, 16], [77, 97], [27, 18], [97, 78], [72, 5], [31, 66], [90, 73], [50, 81], [66, 10], [27, 16], [83, 36], [88, 77], [15, 47], [72, 47], [69, 80], [25, 8], [79, 24], [77, 31], [33, 49], [18, 29], [67, 82], [79, 96], [11, 84], [66, 17], [82, 59], [77, 99], [21, 62], [26, 12], [32, 54], [88, 74], [28, 20], [10, 84], [85, 38], [20, 49], [15, 72], [44, 79], [79, 23], [64, 20], [99, 77], [97, 52], [4, 36], [90, 35], [71, 5], [84, 79], [73, 1], [54, 83], [68, 2], [85, 66], [37, 2], [80, 30], [23, 48], [69, 69], [93, 77], [77, 89], [24, 63], [87, 66], [27, 27], [86, 33], [10, 53], [86, 31], [10, 46], [69, 2], [78, 57], [32, 3], [92, 77], [58, 16], [31, 50], [70, 24], [35, 75], [55, 92], [49, 35], [73, 50], [41, 6], [37, 72], [32, 24], [83, 59], [33, 30], [76, 89], [33, 62], [40, 19], [24, 73], [31, 96], [27, 8], [0, 71], [28, 92], [66, 56], [26, 87], [47, 99], [33, 69], [41, 80], [64, 2], [2, 0], [20, 75], [72, 87], [21, 88], [58, 81], [93, 64], [35, 15], [36, 53], [46, 43], [45, 73], [76, 43], [34, 97], [64, 97], [62, 60], [11, 96], [37, 42], [61, 41], [9, 76], [67, 34], [46, 30], [56, 48], [37, 28], [33, 36], [81, 37], [48, 56], [55, 97], [45, 25], [70, 19], [57, 85], [51, 34], [93, 75], [0, 79], [38, 74], [50, 19], [65, 62], [59, 15], [41, 75], [75, 35], [69, 88], [77, 33], [70, 38], [14, 92], [17, 5], [76, 85], [38, 34], [57, 0], [44, 55], [17, 55], [32, 37], [71, 30], [32, 72], [56, 97], [52, 98], [27, 51], [33, 20], [58, 59], [52, 99], [13, 98], [44, 9], [94, 56], [39, 73], [47, 31], [58, 82], [38, 41], [95, 62], [94, 51], [73, 22], [45, 31], [58, 70], [60, 2], [25, 7], [79, 75], [1, 98], [97, 55], [18, 6], [45, 89], [72, 39], [48, 67], [37, 84], [22, 38], [87, 39], [47, 60], [80, 41], [32, 43], [78, 36], [67, 53], [52, 73], [49, 45], [1, 54], [93, 46], [76, 62], [27, 86], [67, 55], [96, 58], [12, 4], [56, 52], [47, 25], [36, 19], [89, 47], [27, 87], [31, 43], [17, 75], [17, 28], [25, 60], [82, 35], [54, 70], [13, 23], [68, 38], [87, 54], [12, 19], [43, 24], [36, 79], [0, 65], [94, 60], [55, 58], [36, 48], [17, 85], [31, 99], [59, 23], [3, 97], [15, 93], [44, 62], [20, 76], [7, 65], [58, 62], [17, 97], [10, 77], [22, 28], [52, 20], [91, 41], [64, 98], [25, 32], [64, 11], [33, 52], [17, 81], [35, 30], [29, 46], [51, 91], [44, 56], [46, 56], [30, 27], [23, 39], [34, 71], [2, 73], [12, 84], [99, 60], [56, 59], [8, 3], [48, 88], [37, 23], [29, 85], [98, 56], [34, 80], [37, 81], [65, 19], [48, 61], [2, 88], [67, 26], [18, 73], [7, 72], [53, 10], [7, 76], [50, 56], [74, 52], [28, 78], [62, 1], [43, 81], [43, 61], [68, 35], [1, 25], [53, 98], [70, 88], [28, 36], [19, 77], [54, 49], [49, 31], [95, 75], [22, 13], [60, 62], [33, 98], [9, 86], [18, 88], [75, 36], [67, 44], [82, 32], [27, 72], [18, 27], [45, 75], [14, 5], [68, 36], [55, 64], [54, 51], [34, 39], [83, 57], [92, 42], [33, 6], [15, 91], [53, 74], [69, 26], [47, 41], [34, 45], [32, 33], [53, 51], [75, 45], [73, 89], [34, 28], [14, 23], [4, 96], [42, 5], [50, 58], [65, 98], [57, 86], [98, 57], [56, 49], [69, 41], [36, 17], [32, 26], [93, 47], [11, 73], [65, 94], [5, 0], [82, 34], [72, 31], [8, 5], [96, 76], [30, 64], [43, 62], [36, 22], [68, 33], [28, 74], [7, 99], [46, 3], [59, 29], [43, 79], [47, 2], [38, 6], [32, 78], [93, 62], [52, 19], [94, 53], [16, 8], [54, 95], [25, 36], [8, 4], [56, 2], [19, 90], [72, 86], [95, 56], [52, 54], [8, 98], [90, 76], [53, 45], [63, 38], [76, 99], [28, 4], [26, 34], [37, 18], [75, 61], [2, 98], [3, 98], [56, 55], [57, 97], [55, 93], [26, 18], [70, 21], [72, 90], [68, 94], [33, 59], [72, 40], [63, 12], [93, 74], [32, 39], [69, 43], [68, 89], [73, 47], [30, 6], [52, 60], [53, 60], [66, 30], [53, 97], [81, 39], [96, 43], [9, 35], [51, 2], [39, 35], [50, 1], [41, 10], [71, 88], [39, 83], [36, 78], [52, 56], [17, 27], [69, 94], [65, 56], [49, 68], [75, 48], [56, 53], [51, 18], [16, 87], [21, 14], [62, 59], [51, 55], [97, 74], [8, 96], [99, 55], [41, 78], [52, 57], [31, 39], [32, 32], [40, 46], [4, 53], [54, 19], [94, 75], [39, 50], [0, 66], [82, 29], [7, 4], [32, 62], [73, 32], [50, 98], [76, 58], [6, 44], [79, 62], [70, 23], [6, 57], [57, 55], [83, 41], [35, 42], [91, 73], [6, 78], [30, 50], [71, 49], [49, 95], [12, 53], [44, 32], [27, 23], [49, 7], [68, 26], [38, 99], [78, 39], [94, 58], [10, 86], [17, 64], [45, 32], [5, 88], [51, 1], [49, 60], [71, 26], [70, 28], [89, 54], [5, 68], [99, 73], [76, 29], [58, 72], [72, 38], [9, 36], [82, 41], [65, 20], [56, 89], [57, 2], [18, 83], [8, 69], [68, 49], [62, 41], [6, 86], [7, 69], [36, 99], [22, 36], [6, 58], [70, 25], [28, 33], [47, 62], [35, 40], [27, 59], [21, 35], [33, 19], [58, 23], [98, 78], [16, 84], [18, 56], [55, 94], [96, 62], [9, 74], [9, 25], [9, 98], [27, 19], [49, 42], [55, 63], [20, 28], [62, 15], [10, 72], [52, 18], [26, 47], [43, 56], [58, 80], [18, 79], [15, 22], [11, 1], [73, 37], [35, 35], [49, 98], [5, 80], [3, 92], [98, 64], [83, 61], [53, 36], [47, 57], [34, 62], [69, 42], [88, 52], [57, 1], [65, 9], [94, 74], [30, 29], [11, 78], [45, 22], [25, 17], [50, 53], [21, 39], [9, 97], [18, 7], [95, 79], [6, 65], [42, 44], [36, 83], [87, 55], [48, 15], [6, 83], [50, 18], [78, 51], [5, 79], [27, 34], [76, 31], [3, 70], [49, 66], [20, 59], [22, 52], [47, 15], [61, 13], [39, 76], [19, 28], [35, 69], [38, 79], [59, 63], [64, 18], [48, 98], [70, 89], [14, 4], [55, 3], [13, 94], [42, 32], [37, 22], [29, 35], [15, 96], [15, 98], [0, 18], [36, 14], [76, 36], [58, 98], [38, 75], [36, 68], [56, 73], [43, 77], [24, 72], [56, 58], [40, 31], [54, 11], [37, 82], [49, 56], [69, 24], [65, 60], [76, 34], [2, 53], [7, 59], [36, 65], [64, 34], [95, 49], [18, 80], [8, 78], [38, 20], [71, 27], [35, 45], [43, 44], [10, 67], [33, 16], [33, 50], [19, 76], [81, 58], [74, 29], [27, 4], [64, 16], [42, 23], [20, 78], [44, 43], [3, 69], [15, 80], [39, 32], [7, 27], [33, 1], [77, 38], [48, 31], [30, 62], [9, 85], [73, 38], [50, 59], [44, 60], [55, 96], [2, 71], [57, 60], [69, 33], [82, 62], [16, 23], [13, 27], [96, 59], [27, 85], [16, 77], [18, 10], [95, 61], [89, 48], [65, 1], [52, 43], [19, 82], [9, 89], [96, 71], [80, 39], [25, 86], [37, 35], [96, 48], [46, 34], [19, 62], [4, 90], [6, 96], [11, 67], [54, 8], [12, 96], [6, 28], [26, 27], [37, 30], [40, 95], [9, 82], [66, 44], [4, 88], [45, 56], [63, 26], [37, 21], [45, 72], [31, 64], [19, 78], [47, 64], [77, 36], [94, 44], [96, 63], [91, 48], [85, 40], [78, 38], [7, 90], [96, 74], [37, 19], [60, 29], [52, 44], [48, 43], [14, 76], [31, 63], [28, 60], [10, 66], [5, 97], [38, 32], [79, 55], [39, 46], [0, 16], [53, 59], [58, 75], [53, 44], [62, 3], [72, 53], [84, 38], [98, 60], [92, 44], [47, 66], [47, 61], [31, 17], [6, 98], [7, 0], [26, 59], [95, 58], [28, 19], [48, 6], [38, 77], [97, 58], [2, 24], [49, 17], [52, 45], [93, 56], [48, 60], [46, 58], [26, 74], [25, 87], [70, 33], [10, 60], [10, 5], [0, 19], [67, 86], [91, 44], [54, 60], [46, 90], [31, 4], [25, 27], [70, 53]], "targets": [[89, 39], [25, 29], [60, 35], [40, 96], [79, 72], [30, 90], [43, 98], [47, 69], [98, 33], [42, 48], [25, 91], [55, 9], [89, 91], [69, 45], [59, 27], [64, 51], [3, 26], [21, 70], [23, 0], [46, 45], [44, 36], [14, 39], [59, 29], [57, 34], [36, 38], [55, 36], [15, 38], [57, 27], [3, 3], [39, 66], [72, 78], [37, 86], [57, 33], [52, 33], [60, 54], [40, 68], [19, 85], [58, 6], [43, 14], [77, 52], [64, 86], [46, 29], [75, 66], [90, 31], [37, 92], [58, 32], [46, 92], [54, 25], [34, 18], [7, 17], [26, 64], [17, 38], [96, 38], [87, 88], [64, 44], [36, 91], [69, 62], [22, 33], [56, 20], [37, 64], [41, 48], [23, 86], [67, 5], [21, 0], [54, 27], [67, 46], [58, 69], [58, 49], [38, 91], [47, 22], [55, 38], [2, 31], [45, 28], [73, 54], [89, 25], [57, 48], [31, 88], [55, 33], [40, 69], [58, 94], [63, 51], [42, 38], [27, 91], [72, 76], [58, 19], [57, 16], [49, 39], [80, 36], [11, 8], [62, 84], [23, 66], [32, 18], [17, 34], [18, 38], [91, 40], [87, 82], [53, 43], [40, 97], [44, 99], [89, 64], [59, 38], [19, 40], [89, 38], [51, 27], [46, 70], [47, 49], [43, 31], [27, 97], [22, 95], [57, 10], [16, 9], [55, 32], [64, 32], [80, 43], [70, 78], [57, 78], [62, 47], [44, 98], [44, 37], [55, 39], [51, 41], [43, 51], [3, 22], [57, 19], [11, 13], [38, 62], [23, 71], [89, 59], [21, 41], [97, 28], [29, 91], [37, 91], [57, 12], [57, 30], [57, 20], [94, 33], [96, 85], [82, 53], [58, 43], [41, 98], [48, 78], [24, 92], [30, 31], [69, 57], [58, 28], [58, 27], [28, 30], [56, 23], [27, 69], [34, 93], [63, 52], [59, 26], [51, 51], [28, 82], [74, 76], [55, 12], [22, 0], [41, 27], [58, 39], [90, 24], [54, 28], [64, 48], [14, 11], [52, 66], [26, 61], [63, 45], [39, 98], [43, 29], [13, 39], [11, 41], [44, 28], [34, 90], [88, 58], [34, 58], [71, 40], [97, 38], [93, 86], [31, 80], [57, 44], [4, 25], [50, 39], [63, 10], [50, 24], [43, 94], [42, 92], [74, 61], [46, 21], [18, 32], [80, 50], [86, 41], [65, 83], [46, 35], [63, 20], [33, 76], [47, 45], [46, 37], [83, 69], [51, 85], [9, 9], [66, 46], [35, 92], [51, 24], [25, 79], [20, 64], [72, 15], [26, 3], [53, 14], [17, 37], [65, 31], [75, 43], [86, 57], [61, 77], [95, 34], [88, 86], [37, 57], [60, 46], [54, 86], [41, 40], [88, 42], [59, 55], [38, 37], [59, 32], [56, 43], [38, 92], [33, 94], [76, 69], [67, 17], [60, 18], [19, 31], [46, 47], [39, 89], [37, 90], [3, 29], [46, 20], [44, 18], [67, 47], [7, 12], [50, 29], [38, 58], [55, 27], [48, 69], [24, 69], [63, 33], [73, 62], [45, 42], [45, 30], [14, 31], [14, 37], [96, 35], [13, 81], [57, 96], [63, 5], [27, 1], [42, 12], [43, 34], [51, 31], [98, 41], [90, 89], [73, 74], [28, 55], [78, 46], [59, 47], [39, 91], [54, 79], [21, 95], [67, 45], [57, 94], [47, 26], [81, 68], [49, 27], [56, 40], [35, 35], [33, 90], [18, 26], [16, 11], [95, 33], [69, 14], [56, 14], [26, 62], [14, 40], [51, 40], [61, 18], [47, 72], [45, 91], [80, 65], [64, 52], [66, 49], [64, 23], [51, 50], [60, 84], [3, 23], [50, 30], [42, 28], [29, 96], [90, 40], [88, 84], [25, 78], [79, 70], [59, 12], [22, 1], [55, 18], [55, 88], [55, 29], [56, 35], [85, 42], [61, 17], [31, 73], [46, 99], [56, 30], [79, 49], [13, 13], [77, 67], [47, 71], [23, 76], [24, 29], [65, 42], [34, 95], [11, 89], [41, 26], [11, 37], [7, 33], [51, 38], [61, 7], [57, 13], [52, 51], [34, 94], [71, 63], [57, 32], [57, 26], [40, 57], [96, 28], [44, 42], [44, 91], [58, 37], [70, 42], [97, 34], [92, 91], [48, 50], [53, 18], [51, 76], [88, 64], [31, 94], [54, 41], [1, 30], [35, 37], [38, 21], [55, 17], [27, 4], [49, 25], [42, 98], [16, 13], [42, 74], [57, 91], [62, 52], [21, 64], [85, 73], [63, 31], [32, 93], [19, 36], [19, 32], [83, 45], [88, 27], [43, 26], [59, 80], [68, 47], [27, 77], [57, 38], [67, 48], [42, 99], [84, 67], [69, 0], [56, 31], [42, 24], [61, 24], [41, 59], [42, 30], [99, 40], [90, 84], [44, 47], [58, 25], [92, 65], [36, 94], [74, 34], [9, 11], [54, 34], [40, 91], [58, 78], [23, 98], [59, 39], [22, 91], [99, 35], [24, 67], [68, 7], [23, 1], [55, 14], [42, 56], [41, 29], [13, 34], [12, 40], [86, 71], [60, 33], [9, 24], [43, 36], [42, 93], [28, 31], [47, 50], [50, 27], [71, 37], [73, 79], [25, 85], [67, 66], [99, 44], [90, 83], [59, 20], [41, 56], [54, 3], [51, 28], [69, 35], [58, 97], [57, 35], [89, 43], [26, 97], [63, 55], [5, 18], [47, 20], [61, 19], [41, 54], [71, 64], [60, 34], [16, 72], [47, 97], [58, 35], [69, 37], [47, 96], [15, 36], [30, 91], [57, 24], [51, 70], [41, 66], [85, 75], [53, 27], [67, 16], [17, 2], [53, 25], [27, 31], [44, 50], [64, 47], [34, 37], [96, 30], [24, 99], [52, 88], [70, 59], [3, 32], [50, 21], [97, 45], [92, 87], [56, 39], [73, 41], [18, 3], [23, 92], [55, 20], [32, 75], [72, 36], [49, 74], [56, 8], [56, 25], [21, 77], [54, 35], [61, 49], [38, 89], [76, 70], [43, 45], [39, 99], [39, 29], [13, 35], [22, 34], [51, 32], [43, 27], [94, 37], [35, 89], [88, 60], [65, 51], [27, 78], [30, 69], [34, 91], [22, 40], [64, 78], [60, 9], [66, 57], [25, 2], [49, 12], [55, 42], [44, 27], [52, 23], [64, 31], [10, 7], [95, 39], [90, 87], [80, 67], [29, 30], [54, 89], [13, 68], [87, 26], [59, 28], [42, 68], [20, 95], [80, 48], [52, 31], [55, 35], [5, 29], [57, 29], [87, 59], [13, 41], [52, 5], [60, 17], [36, 92], [65, 67], [24, 89], [36, 57], [66, 48], [56, 89], [43, 25], [82, 68], [46, 18], [55, 37], [43, 71], [52, 38], [59, 42], [26, 90], [34, 36], [80, 44], [10, 15], [89, 41], [38, 97], [72, 9], [29, 1], [54, 18], [90, 39], [89, 89], [51, 75], [68, 62], [17, 66], [62, 19], [36, 95], [51, 22], [48, 24], [11, 39], [14, 41], [57, 41], [53, 15], [40, 71], [34, 89], [45, 44], [88, 69], [32, 76], [36, 97], [58, 52], [74, 45], [58, 36], [57, 4], [61, 30], [43, 28], [45, 51], [66, 71], [97, 33], [0, 26], [55, 23], [88, 66], [69, 47], [47, 94], [10, 12], [60, 45], [39, 56], [18, 40], [42, 27], [25, 98], [95, 41], [88, 87], [62, 21], [22, 85], [25, 65], [85, 59], [68, 45], [66, 5], [26, 2], [61, 22], [40, 41], [45, 92], [20, 32], [66, 78], [62, 31], [66, 32], [98, 43], [56, 21], [56, 15], [43, 72], [93, 67], [38, 94], [45, 35], [13, 84], [45, 38], [40, 88], [33, 91], [71, 19], [70, 44], [41, 41], [54, 17], [3, 7], [79, 66], [63, 23], [58, 34], [60, 70], [25, 77], [98, 47], [87, 89], [24, 31], [28, 69], [62, 44], [41, 90], [5, 24], [42, 35], [91, 41], [60, 25], [65, 63], [26, 91], [83, 55], [38, 30], [15, 32], [15, 41], [50, 22], [71, 18], [22, 3], [58, 21], [76, 49], [63, 53], [51, 87], [37, 93], [60, 82], [29, 98], [90, 57], [56, 22], [50, 16], [29, 70], [10, 17], [58, 29], [27, 83], [88, 28], [47, 23], [49, 49], [67, 57], [40, 92], [48, 37], [15, 61], [55, 16], [51, 14], [64, 33], [80, 35], [95, 32], [89, 84], [37, 28], [28, 29], [44, 46], [54, 33], [36, 55], [62, 86], [20, 40], [73, 73], [21, 90], [70, 43], [53, 90], [31, 82], [50, 37], [1, 33], [51, 39], [47, 19], [70, 10], [19, 1], [58, 22], [89, 40], [59, 24], [41, 91], [65, 47], [8, 7], [87, 57], [55, 15], [43, 70], [42, 94], [67, 26], [64, 73], [61, 52], [19, 67], [52, 30], [52, 39], [22, 94], [85, 60], [52, 17], [96, 34], [93, 85], [40, 53], [24, 98], [61, 11], [48, 15], [41, 30], [12, 37], [22, 41], [35, 86], [27, 32], [66, 51], [49, 77], [95, 37], [68, 65], [53, 17], [64, 85], [47, 37], [52, 50], [4, 11], [11, 94], [58, 30], [63, 42], [35, 96], [45, 99], [68, 64], [59, 9], [14, 2], [44, 19], [48, 22], [14, 61], [65, 23], [39, 70], [70, 47], [51, 30], [4, 33], [45, 19], [36, 93], [57, 47], [86, 44], [44, 94], [99, 45], [92, 92], [63, 69], [92, 70], [19, 34], [28, 95], [47, 42], [26, 31], [51, 37], [60, 10], [58, 26], [45, 37], [58, 31], [37, 58], [73, 64], [43, 37], [44, 95], [79, 43], [10, 16], [49, 37], [66, 63], [46, 93], [59, 77], [28, 92], [57, 21], [32, 89], [99, 28], [74, 74], [22, 69], [50, 20], [44, 52], [58, 46], [36, 86], [52, 14], [19, 2], [49, 23], [52, 25], [27, 64], [53, 38], [94, 36], [95, 86], [35, 36], [13, 38], [17, 25], [65, 45], [87, 70], [53, 26], [57, 23], [9, 23], [53, 30], [35, 85], [67, 67], [21, 78], [46, 48], [22, 30], [6, 8], [29, 88], [90, 41], [68, 60], [68, 9], [44, 26], [29, 63], [57, 43], [43, 35], [45, 94], [37, 95], [79, 35], [21, 67], [45, 36], [44, 40], [68, 63], [29, 81], [51, 74], [65, 27], [60, 23], [16, 37], [98, 39], [87, 87], [59, 50], [56, 19], [38, 57], [71, 14], [24, 4], [57, 17], [72, 43], [56, 90], [40, 21], [74, 72], [96, 32], [33, 93], [64, 57], [79, 44], [14, 9], [45, 29], [57, 22], [29, 29], [44, 43], [31, 87], [68, 66], [56, 67], [35, 93], [69, 46], [1, 27], [55, 19], [36, 58], [26, 69], [56, 7], [60, 26], [46, 98], [66, 24], [43, 18], [86, 60], [89, 24], [68, 48], [42, 88], [42, 26], [12, 39], [18, 33], [26, 96], [97, 35], [87, 81], [28, 88], [49, 40], [49, 26], [53, 68], [63, 27], [46, 77], [86, 68], [17, 17], [42, 39], [59, 8], [24, 5], [55, 28], [59, 49], [35, 91], [21, 34], [42, 52], [34, 17], [71, 47], [73, 34], [18, 70], [64, 46], [74, 58], [46, 44], [41, 21], [95, 30], [23, 78], [63, 28], [41, 63], [44, 96], [60, 75], [30, 92], [51, 90], [70, 14], [43, 19], [21, 30], [73, 56], [65, 52], [4, 28], [41, 39], [97, 31], [94, 86], [52, 37], [56, 34], [77, 47], [14, 14], [54, 88], [27, 79], [40, 28], [69, 58], [59, 25], [38, 56], [98, 38], [65, 28], [56, 77], [41, 24], [69, 18], [15, 1], [51, 21], [24, 77], [45, 21], [30, 99], [23, 40], [64, 45], [58, 41], [53, 91], [92, 64], [41, 50], [65, 49], [48, 94], [24, 94], [40, 55], [44, 29], [11, 36], [6, 33], [47, 36], [63, 30], [82, 54], [60, 81], [94, 34], [94, 84], [68, 8], [45, 27], [38, 88], [97, 30], [15, 17], [62, 53], [57, 37], [21, 98], [69, 56], [7, 22], [37, 26], [54, 16], [74, 41], [24, 79], [53, 21], [48, 72], [17, 69], [56, 93], [41, 25], [18, 25], [55, 77], [68, 12], [60, 52], [23, 2], [47, 21], [62, 49], [77, 71], [87, 40], [64, 20], [37, 36], [16, 34], [38, 96], [47, 47], [59, 44], [43, 97], [72, 33], [30, 55], [24, 78], [74, 44], [13, 3], [98, 45], [92, 86], [87, 63], [29, 90], [45, 18], [55, 40], [41, 49], [70, 11], [41, 28], [44, 35], [61, 75], [38, 27], [43, 96], [26, 70], [92, 68], [87, 28], [56, 27], [49, 70], [25, 84], [71, 43], [45, 20], [53, 39], [29, 31], [45, 97], [2, 28], [57, 36], [59, 36], [89, 65], [42, 29], [16, 32], [10, 38], [72, 18], [24, 3], [54, 31], [46, 94], [62, 71], [35, 94], [12, 18], [39, 52], [98, 32], [91, 91], [61, 33], [42, 67], [70, 57], [61, 48], [43, 92], [31, 92], [61, 54], [52, 24], [99, 43], [77, 48], [67, 63], [19, 69], [71, 8], [51, 26], [39, 30], [73, 75], [60, 77], [60, 19], [61, 32], [43, 88], [65, 24], [42, 66], [39, 37], [26, 88], [65, 46], [12, 36], [13, 90], [21, 40], [86, 62], [70, 36], [13, 17], [36, 96], [59, 34], [87, 24], [46, 97], [56, 6], [18, 2], [54, 21], [93, 36], [95, 83], [38, 29], [4, 29], [48, 21], [59, 71], [40, 54], [67, 75], [28, 66], [56, 33], [24, 70], [15, 77], [64, 41], [53, 34], [68, 46], [56, 87], [32, 92], [63, 41], [89, 66], [48, 27], [52, 11], [56, 16], [96, 37], [49, 22], [14, 38], [19, 39], [54, 36], [64, 82], [53, 28], [27, 61], [16, 18], [46, 19], [39, 97], [23, 29], [43, 42], [83, 70], [29, 83], [47, 91], [59, 53], [40, 27], [97, 39], [92, 89], [83, 52], [64, 28], [56, 9], [30, 9], [55, 30], [21, 69], [51, 20], [35, 95], [64, 43], [55, 91], [86, 72], [43, 47], [33, 56], [38, 28], [59, 70], [86, 43], [4, 22], [40, 26], [13, 85], [69, 66], [61, 20], [20, 30], [72, 46], [42, 97], [74, 43], [6, 12], [65, 41], [55, 11], [48, 14], [58, 13], [49, 61], [19, 37], [40, 39], [56, 29], [67, 69], [41, 20], [40, 98], [64, 72], [30, 98], [96, 36], [92, 85], [62, 28], [35, 90], [14, 91], [98, 36], [15, 69], [66, 50], [68, 67], [73, 42], [60, 4], [28, 1], [60, 24], [55, 24], [50, 49], [41, 72], [52, 26], [44, 90], [40, 25], [15, 42], [14, 36], [60, 76], [14, 8], [67, 62], [12, 83], [62, 54], [61, 29], [37, 89], [62, 46], [87, 41], [11, 34], [38, 26], [58, 33], [63, 46], [51, 88], [79, 46], [58, 8], [55, 26], [54, 19], [34, 76], [25, 28], [73, 55], [41, 92], [93, 39], [91, 85], [18, 69], [39, 25], [66, 75], [26, 82], [62, 45], [58, 20], [51, 23], [47, 99], [84, 75], [89, 26], [45, 46], [36, 90], [69, 12], [81, 51], [23, 3], [44, 53], [54, 12], [16, 33], [59, 35], [9, 13], [47, 70], [72, 57], [45, 95], [47, 24], [56, 38], [58, 47], [32, 86], [59, 84], [46, 36], [15, 62], [96, 31], [94, 83], [42, 91], [91, 61], [26, 29], [53, 23], [46, 72], [72, 13], [50, 26], [82, 33], [72, 42], [56, 92], [62, 26], [4, 26], [39, 27], [97, 27], [47, 40], [36, 89], [66, 25], [66, 58], [19, 83], [83, 61], [11, 17], [51, 69], [39, 26], [12, 33], [18, 30], [52, 85], [57, 15], [45, 71], [38, 53], [58, 38], [68, 16], [27, 2], [49, 15], [82, 45], [72, 77], [53, 50], [22, 76], [98, 40], [22, 84], [53, 86], [59, 22], [90, 37], [91, 92], [37, 97], [62, 67], [22, 96], [33, 18], [71, 59], [64, 40], [50, 38], [24, 30], [64, 29], [40, 60], [62, 7], [56, 24], [53, 42], [70, 34], [11, 15], [60, 47], [40, 90], [6, 32], [64, 27], [87, 68], [12, 92], [2, 33], [52, 27], [99, 39], [61, 66], [37, 37], [44, 65], [45, 45], [87, 66], [42, 86], [63, 44], [23, 97], [42, 21], [24, 71], [66, 0], [25, 1], [54, 30], [56, 26], [76, 53], [93, 38], [87, 84], [53, 37], [64, 58], [33, 92], [28, 90], [91, 65], [20, 39], [48, 47], [50, 90], [52, 32], [4, 8], [51, 29], [31, 56], [48, 75], [62, 33], [39, 22], [17, 39], [18, 39], [98, 28], [61, 4], [61, 21], [44, 39], [76, 79], [73, 40], [34, 88], [70, 35], [44, 86], [54, 32], [67, 25], [24, 85], [19, 72], [57, 46], [41, 64], [83, 53], [37, 55], [52, 68], [3, 28], [42, 25], [49, 21], [98, 42], [89, 86], [64, 5], [15, 4], [43, 30], [54, 85], [90, 38], [45, 34], [33, 95], [78, 48], [5, 13], [90, 65], [18, 37], [21, 86], [21, 31], [58, 45], [39, 96], [47, 39], [53, 16], [27, 62], [44, 85], [66, 27], [43, 20], [50, 86], [73, 63], [29, 17], [64, 8], [57, 14], [58, 51], [25, 71], [76, 52], [97, 26], [54, 39], [65, 48], [20, 85], [62, 48], [52, 87], [83, 66], [33, 57], [62, 27], [97, 41], [90, 91], [43, 41], [6, 3], [40, 99], [65, 82], [39, 93], [70, 9], [22, 4], [58, 12], [40, 30], [12, 41], [14, 32], [86, 73], [56, 37], [3, 35], [35, 18], [55, 87], [30, 40], [59, 52], [61, 23], [81, 35], [30, 94], [54, 20], [29, 55], [89, 30], [74, 59], [26, 68], [58, 91], [52, 29], [61, 79], [41, 38], [65, 6], [59, 19], [43, 48], [56, 41], [38, 36], [25, 92], [88, 65], [97, 44], [91, 90], [79, 33], [3, 9], [25, 80], [48, 71], [64, 30], [61, 46], [38, 90], [45, 52], [37, 96], [15, 39], [43, 39], [54, 24], [99, 27], [76, 65], [29, 33], [49, 75], [71, 16], [67, 61], [16, 0], [53, 12], [61, 51], [36, 37], [57, 93], [22, 77], [55, 25], [39, 63], [26, 94], [80, 34], [52, 15], [8, 25], [44, 20], [74, 68], [27, 98], [62, 24], [61, 44], [9, 17], [98, 31], [50, 89], [56, 11], [51, 15], [98, 46], [89, 85], [62, 72], [93, 58], [59, 33], [54, 22], [48, 20], [18, 42], [18, 41], [41, 70], [15, 87], [46, 96], [72, 41], [37, 56], [74, 60], [60, 43], [50, 87], [55, 34], [18, 35], [23, 94], [63, 32], [15, 72], [71, 10], [15, 8], [57, 25], [36, 36], [63, 77], [63, 34], [91, 24], [66, 22], [48, 73], [89, 68], [48, 19], [24, 83], [43, 87], [82, 48], [12, 9], [50, 25], [61, 47], [98, 37], [91, 86], [2, 30], [53, 40], [58, 54], [80, 68], [16, 31], [62, 10], [61, 31], [53, 88], [47, 92], [63, 68], [22, 98], [49, 76], [62, 32], [20, 86], [96, 44], [42, 20], [52, 48], [87, 56], [50, 51], [23, 70], [62, 29], [71, 42], [45, 41], [31, 32], [48, 46], [70, 46], [43, 90], [53, 13], [22, 2], [50, 15], [48, 25], [7, 15], [82, 70], [53, 29], [42, 65], [63, 67], [54, 38], [52, 49], [20, 93], [94, 35], [89, 90], [22, 90], [40, 20], [17, 40], [7, 32], [41, 87], [81, 47], [96, 25], [92, 66], [61, 34], [60, 29], [41, 99], [71, 15], [50, 23], [22, 66], [29, 68], [4, 30], [55, 21], [51, 49], [36, 88], [65, 85], [67, 70], [14, 78], [44, 44], [26, 32], [62, 20], [49, 24], [74, 53], [4, 19], [66, 59], [23, 93], [88, 44], [80, 71], [48, 23], [59, 41], [47, 93], [63, 6], [27, 3], [60, 27], [62, 18], [41, 68], [57, 39], [97, 43], [88, 88], [15, 31], [62, 25], [57, 31], [62, 77], [29, 95], [70, 55], [42, 96], [44, 89], [72, 45], [25, 68], [38, 35], [56, 36], [53, 22], [58, 48], [44, 67], [53, 5], [53, 31], [75, 76], [94, 25], [39, 88], [8, 9], [18, 36], [45, 47], [24, 81], [67, 72], [51, 86], [7, 26], [46, 41], [70, 37], [45, 39], [76, 67], [72, 34], [37, 34], [14, 35], [6, 28], [90, 42], [87, 83], [55, 45], [60, 21], [41, 58], [68, 4], [29, 0], [48, 12], [71, 44], [42, 89], [41, 52], [56, 32], [15, 70], [90, 58], [93, 37], [11, 92], [54, 26], [47, 98], [62, 80], [21, 94], [61, 56], [49, 51], [76, 50], [3, 14], [50, 88], [38, 22], [74, 64], [31, 55], [72, 40], [46, 39], [69, 13], [55, 13], [46, 38], [18, 34], [40, 51], [26, 89], [13, 40], [91, 67], [61, 72], [94, 31], [92, 88], [38, 95], [99, 42], [60, 48], [30, 97], [1, 32], [56, 28], [62, 30], [77, 49], [62, 22], [42, 63], [17, 68], [36, 35], [71, 11], [17, 0], [46, 13], [72, 73], [44, 92], [61, 43], [58, 95], [65, 32], [13, 87], [10, 14], [54, 44], [62, 23], [59, 69], [54, 40], [86, 61], [94, 38], [37, 65], [73, 35], [20, 33], [55, 90], [39, 28], [14, 33], [11, 38], [60, 7], [47, 18], [23, 95], [37, 54], [97, 47], [88, 90], [63, 29], [83, 67], [14, 90], [60, 44], [51, 25], [59, 51], [26, 66], [65, 69], [65, 30], [34, 86], [65, 26], [41, 73], [71, 56], [73, 44], [9, 12], [39, 92], [53, 24], [89, 42], [72, 10], [19, 0], [45, 12], [42, 19], [3, 27], [56, 17], [55, 41], [30, 85], [61, 45], [54, 87], [32, 91], [91, 63], [19, 33], [47, 81], [33, 58], [61, 35], [19, 30], [43, 50], [54, 23], [99, 38], [88, 85], [63, 49], [67, 27], [62, 9], [55, 31], [26, 65], [59, 54], [37, 88], [84, 64], [38, 54], [49, 20], [99, 34], [30, 78], [47, 25], [3, 19], [50, 13], [38, 64], [37, 40], [71, 78], [43, 95], [57, 75], [28, 96], [55, 86], [66, 47], [80, 42], [59, 5], [20, 2], [49, 28], [56, 18], [37, 35], [13, 42], [10, 37], [92, 62], [23, 80], [64, 56], [66, 30], [98, 44], [5, 22], [37, 38], [62, 42], [53, 89], [41, 74], [30, 30], [94, 40], [94, 85], [14, 69], [66, 70], [56, 44], [61, 27], [84, 61], [34, 92], [68, 11], [83, 51], [42, 57], [60, 32], [7, 9], [45, 96], [44, 30], [26, 92], [32, 19], [38, 98], [78, 68], [60, 28], [39, 65], [54, 29], [86, 28], [50, 50], [59, 40], [57, 79], [13, 36], [44, 97], [50, 28], [53, 6], [16, 1], [42, 13], [63, 40], [68, 68], [23, 68], [16, 88], [40, 29], [99, 37], [99, 88], [28, 97], [39, 21], [21, 33], [28, 65], [48, 48], [4, 14], [65, 43], [41, 85], [67, 76], [6, 25], [39, 41], [93, 35], [65, 74], [40, 50], [45, 15], [58, 11], [52, 16], [61, 28], [81, 34], [66, 60], [46, 91], [14, 89], [91, 66], [48, 49], [45, 93], [52, 21], [27, 60], [59, 43], [33, 19], [13, 43], [20, 34], [53, 33], [26, 98], [60, 20], [19, 64], [90, 68], [50, 74], [98, 35], [93, 87], [57, 7], [27, 0], [43, 13], [49, 88], [97, 24], [73, 36], [11, 16], [23, 31], [25, 83], [48, 39], [53, 32], [33, 55], [65, 29], [63, 22], [83, 63], [37, 27], [64, 42], [39, 86], [48, 51], [43, 93], [59, 67], [32, 88], [68, 17], [51, 12], [13, 37], [88, 61], [2, 27], [51, 33], [58, 44], [55, 22], [83, 50], [25, 90], [66, 26], [42, 69], [85, 43], [16, 70], [42, 95], [49, 29], [74, 63], [95, 38], [94, 88], [4, 15], [58, 40], [40, 22], [54, 15], [25, 30], [60, 78], [68, 6], [58, 53], [24, 1], [41, 13], [63, 50], [36, 85], [37, 62], [27, 81], [64, 50], [76, 71], [31, 91], [92, 24], [60, 22], [52, 28], [42, 36], [14, 42], [17, 29], [38, 93], [52, 43], [87, 60], [72, 44], [43, 85], [47, 38], [24, 68], [59, 4], [54, 14], [55, 80], [71, 36], [59, 23], [29, 69], [21, 93], [76, 43], [12, 17], [61, 26], [96, 39], [95, 84], [3, 33], [35, 38], [84, 71], [58, 96], [26, 99], [88, 41], [42, 37], [61, 53], [30, 32], [46, 42], [67, 0], [24, 2], [56, 12], [58, 16], [70, 61], [49, 65], [54, 81], [44, 41], [33, 86], [7, 25], [55, 89], [82, 47], [73, 23], [43, 91], [16, 69], [62, 51], [92, 61], [38, 52], [61, 25], [44, 34], [19, 16], [63, 58], [29, 93], [91, 30], [52, 22], [70, 45], [41, 89], [62, 8], [59, 18], [52, 13], [37, 60], [98, 34], [93, 92], [65, 78], [12, 80], [86, 74], [82, 35], [60, 36], [47, 48], [22, 31], [42, 87], [5, 25], [42, 40], [57, 28], [90, 64], [48, 26], [16, 35], [19, 38], [39, 69], [70, 18], [25, 4], [49, 14], [20, 65], [86, 27], [27, 87], [59, 37], [47, 95], [61, 82], [39, 90], [67, 49], [63, 47], [7, 7], [40, 89], [76, 76], [45, 40], [40, 52], [95, 35], [91, 84], [40, 38], [51, 16], [42, 64], [32, 17], [67, 7], [47, 12], [73, 61], [64, 49], [41, 86], [73, 33], [30, 83], [57, 49], [62, 83], [38, 40], [95, 24], [80, 52], [20, 35], [17, 33], [25, 97], [44, 15], [75, 72], [65, 58], [20, 71], [45, 90], [39, 62], [3, 12], [43, 99], [52, 6], [17, 9], [50, 12], [34, 19], [7, 23], [49, 38], [52, 40], [27, 88], [75, 54], [55, 66], [42, 31], [47, 46], [97, 32], [93, 89], [75, 53], [66, 31], [35, 88], [43, 46], [88, 26], [64, 21], [29, 67], [48, 40], [68, 69], [25, 94], [62, 34], [59, 11], [43, 15], [59, 21], [37, 29], [12, 42], [19, 25], [31, 75], [59, 48], [38, 87], [18, 29], [18, 67], [47, 82], [91, 64], [69, 44], [3, 13], [50, 40], [41, 97], [44, 64], [48, 38], [95, 29], [54, 42], [71, 35], [37, 87], [57, 6], [28, 0], [61, 12], [90, 69], [29, 80], [99, 36], [87, 85], [28, 99], [29, 32], [8, 24], [36, 39], [53, 76], [44, 51], [54, 37], [80, 33], [60, 51], [84, 66], [56, 94], [53, 19], [42, 55], [63, 43], [6, 26], [13, 69], [71, 17], [46, 12], [96, 33], [17, 10], [22, 29], [30, 84], [43, 38], [69, 36], [45, 31], [75, 63], [33, 20], [58, 42], [48, 93], [41, 96], [54, 67], [22, 99], [60, 49], [78, 34], [39, 64], [72, 67], [95, 36], [92, 90], [46, 40], [44, 38], [55, 5], [28, 3], [47, 14], [38, 85], [23, 77], [88, 29], [33, 17], [18, 43], [20, 31], [42, 46], [86, 56], [59, 45], [26, 77], [62, 74], [65, 25], [63, 21], [38, 67], [83, 47], [8, 14], [64, 22], [2, 22], [47, 41], [40, 86], [23, 91], [22, 32], [40, 42], [72, 17], [54, 13], [86, 75], [22, 83], [44, 93], [60, 53], [53, 36], [31, 31], [61, 55], [93, 24], [39, 38], [71, 41], [45, 98], [37, 69], [94, 39], [89, 83], [57, 66], [82, 73], [63, 48], [72, 35], [15, 37], [55, 3], [17, 3], [41, 12], [23, 69], [20, 82], [51, 17], [37, 94], [62, 50], [8, 11], [34, 85], [76, 73], [38, 38], [41, 57], [51, 13], [39, 60], [38, 25], [55, 79], [89, 27], [81, 46], [20, 29], [46, 22], [84, 63], [49, 89], [39, 95], [61, 6], [50, 14], [1, 34], [43, 24], [56, 47], [27, 90], [95, 40], [88, 89], [73, 24], [45, 77], [74, 54], [30, 88], [62, 17], [41, 31], [16, 42], [12, 38], [62, 43], [34, 87], [22, 67], [66, 66], [74, 40], [13, 15], [38, 41], [89, 28], [47, 44], [52, 8], [17, 1], [58, 14], [86, 70], [30, 82], [36, 54], [58, 15], [66, 61], [36, 87], [59, 13], [40, 67], [28, 32], [53, 41], [66, 28], [67, 71], [27, 30], [46, 95], [66, 68], [25, 99], [65, 33], [77, 51], [91, 37], [87, 86], [58, 24], [69, 7], [47, 13], [56, 91], [23, 89], [87, 42], [17, 26], [74, 57], [18, 66], [49, 69], [5, 3], [6, 30], [37, 39], [49, 50], [55, 43], [46, 15], [27, 29], [71, 46], [56, 88], [63, 79], [85, 62], [82, 46], [57, 40], [60, 11], [25, 5], [42, 14], [31, 76], [23, 90], [43, 40], [42, 53], [65, 22], [41, 69], [97, 25], [23, 30], [63, 24], [74, 75], [57, 90], [40, 95], [54, 43], [99, 46], [90, 90], [29, 14], [15, 33], [14, 34], [23, 67], [62, 76], [78, 47], [11, 18], [39, 39], [72, 11], [46, 14], [72, 63], [19, 93], [50, 11], [63, 57], [38, 86], [35, 56], [67, 29], [28, 98], [63, 54], [99, 26], [93, 65], [5, 31], [52, 41], [36, 11], [29, 15], [61, 42], [41, 88], [64, 74], [79, 51], [68, 14], [15, 9], [49, 13], [14, 83], [44, 48], [66, 23], [41, 71], [21, 29], [73, 71], [41, 93], [51, 52], [97, 46], [88, 83], [21, 39], [23, 75], [4, 5], [39, 40], [51, 42], [57, 95], [67, 28], [28, 89], [91, 38], [89, 58], [28, 33], [67, 68], [81, 44], [64, 6], [48, 13], [27, 89], [28, 62], [50, 48], [40, 40], [46, 11], [39, 94], [91, 57], [71, 60], [12, 50], [44, 1], [75, 82], [59, 3], [96, 19], [80, 51], [44, 2], [99, 33], [5, 30], [1, 78], [27, 33], [12, 11], [74, 7], [58, 7], [48, 10], [5, 60], [73, 83], [80, 7], [61, 10], [8, 62], [63, 9], [68, 73], [36, 6], [2, 17], [76, 95], [21, 63], [87, 22], [95, 2], [11, 7], [81, 19], [61, 73], [8, 16], [40, 58], [90, 62], [28, 42], [26, 81], [38, 8], [12, 59], [72, 59], [37, 59], [22, 47], [79, 69], [29, 99], [36, 4], [4, 47], [8, 17], [96, 16], [75, 80], [90, 88], [93, 50], [45, 4], [74, 16], [59, 46], [34, 7], [41, 3], [50, 79], [53, 85], [61, 98], [6, 5], [88, 56], [75, 57], [24, 56], [2, 12], [67, 59], [43, 49], [20, 98], [17, 32], [41, 55], [13, 14], [80, 4], [27, 96], [17, 30], [20, 15], [75, 8], [23, 81], [0, 12], [65, 93], [94, 23], [78, 15], [4, 79], [4, 82], [22, 52], [97, 19], [35, 57], [35, 55], [0, 88], [45, 3], [58, 4], [13, 33], [2, 80], [71, 82], [62, 5], [61, 92], [13, 9], [85, 5], [21, 52], [49, 79], [52, 78], [87, 71], [84, 7], [28, 12], [73, 67], [40, 64], [78, 22], [7, 62], [66, 72], [1, 35], [78, 50], [6, 96], [72, 58], [69, 6], [51, 89], [46, 65], [54, 65], [35, 9], [40, 56], [66, 77], [15, 18], [56, 76], [51, 68], [71, 92], [72, 91], [64, 69], [79, 18], [20, 69], [19, 17], [29, 12], [62, 56], [73, 57], [24, 82], [14, 1], [49, 73], [81, 5], [64, 92], [51, 78], [70, 5], [87, 23], [6, 14], [93, 99], [15, 48], [93, 97], [21, 43], [44, 12], [7, 11], [92, 13], [46, 6], [5, 96], [1, 18], [93, 69], [79, 8], [81, 32], [78, 42], [85, 58], [8, 48], [95, 5], [97, 29], [11, 74], [9, 15], [5, 92], [60, 88], [72, 60], [1, 31], [95, 69], [69, 5], [42, 90], [78, 97], [33, 11], [51, 67], [42, 3], [2, 14], [28, 15], [75, 23], [40, 12], [32, 9], [21, 53], [17, 52], [44, 83], [25, 66], [72, 82], [4, 59], [6, 15], [70, 12], [78, 16], [87, 62], [68, 90], [45, 2], [3, 30], [51, 61], [64, 76], [19, 45], [15, 52], [75, 7], [6, 21], [93, 98], [50, 71], [94, 66], [91, 1], [78, 31], [4, 92], [63, 71], [85, 47], [70, 90], [93, 11], [32, 87], [70, 62], [92, 14], [15, 43], [16, 3], [18, 1], [86, 88], [49, 10], [88, 68], [97, 16], [74, 81], [60, 96], [86, 55], [27, 28], [29, 65], [72, 16], [74, 11], [73, 19], [57, 76], [24, 93], [94, 70], [91, 97], [34, 10], [78, 51], [55, 7], [96, 67], [80, 18], [43, 67], [30, 52], [74, 12], [44, 13], [84, 70], [67, 65], [57, 80], [71, 84], [63, 80], [56, 65], [28, 80], [20, 0], [3, 59], [85, 72], [22, 68], [65, 92], [75, 74], [44, 4], [13, 86], [66, 29], [62, 73], [64, 7], [92, 97], [63, 74], [12, 43], [92, 11], [62, 6], [30, 93], [8, 21], [15, 14], [3, 79], [85, 46], [45, 67], [62, 81], [76, 11], [45, 81], [2, 32], [41, 60], [32, 81], [93, 0], [5, 33], [83, 68], [55, 46], [2, 36], [37, 10], [0, 46], [88, 59], [13, 82], [5, 2], [21, 55], [28, 41], [92, 15], [37, 53], [37, 63], [97, 68], [69, 8], [74, 22], [70, 58], [14, 18], [73, 95], [93, 57], [79, 42], [61, 8], [28, 53], [91, 11], [90, 92], [10, 47], [18, 99], [0, 14], [46, 84], [57, 42], [38, 59], [33, 12], [1, 81], [7, 52], [4, 60], [3, 80], [79, 83], [18, 51], [96, 17], [4, 31], [84, 4], [77, 25], [92, 21], [28, 79], [9, 8], [5, 27], [97, 97], [44, 82], [27, 92], [52, 61], [38, 68], [2, 10], [95, 14], [12, 16], [43, 12], [86, 6], [59, 68], [17, 50], [1, 41], [73, 25], [69, 94], [97, 98], [46, 7], [60, 68], [28, 11], [71, 81], [42, 51], [23, 56], [3, 82], [96, 0], [24, 80], [34, 5], [82, 52], [12, 93], [13, 18], [85, 61], [87, 58], [85, 87], [97, 3], [21, 84], [75, 17], [48, 11], [38, 39], [4, 81], [17, 48], [75, 11], [5, 49], [12, 52], [46, 49], [98, 4], [75, 51], [87, 43], [77, 93], [16, 71], [86, 85], [77, 7], [93, 91], [44, 14], [20, 19], [92, 23], [58, 77], [1, 47], [14, 10], [13, 57], [44, 49], [97, 67], [17, 58], [66, 88], [47, 77], [92, 1], [81, 65], [92, 16], [42, 1], [68, 72], [63, 73], [34, 4], [52, 76], [73, 94], [65, 65], [60, 90], [8, 23], [2, 83], [3, 58], [82, 49], [71, 57], [57, 50], [13, 80], [75, 78], [31, 93], [98, 3], [59, 85], [74, 18], [31, 54], [14, 57], [69, 63], [66, 64], [70, 66], [78, 30], [74, 84], [57, 69], [79, 7], [66, 99], [39, 71], [16, 49], [91, 58], [8, 46], [58, 65], [70, 16], [85, 89], [12, 8], [65, 89], [12, 81], [96, 23], [76, 81], [74, 9], [2, 43], [80, 70], [98, 59], [78, 7], [74, 97], [36, 60], [5, 7], [31, 95], [11, 12], [27, 67], [78, 9], [21, 92], [84, 5], [6, 23], [72, 85], [77, 28], [58, 90], [32, 55], [86, 86], [46, 50], [55, 84], [58, 5], [82, 16], [63, 89], [84, 45], [43, 2], [45, 85], [1, 12], [84, 88], [72, 66], [24, 46], [30, 73], [14, 17], [94, 11], [27, 43], [73, 10], [53, 66], [15, 51], [40, 43], [34, 12], [9, 48], [85, 84], [3, 57], [17, 60], [44, 5], [49, 68], [63, 90], [34, 57], [69, 99], [52, 64], [41, 14], [57, 5], [42, 70], [99, 95], [90, 66], [65, 88], [6, 94], [76, 97], [42, 62], [76, 83], [29, 41], [0, 96], [80, 17], [99, 25], [82, 5], [44, 69], [2, 48], [26, 45], [29, 84], [3, 61], [65, 75], [72, 20], [84, 50], [4, 24], [13, 58], [90, 61], [5, 19], [21, 18], [33, 10], [79, 67], [16, 50], [18, 93], [65, 66], [56, 81], [74, 92], [5, 62], [8, 13], [3, 83], [47, 0], [52, 77], [21, 68], [37, 61], [81, 48], [96, 47], [97, 96], [4, 57], [67, 92], [7, 94], [46, 2], [85, 68], [7, 96], [74, 79], [92, 98], [8, 55], [92, 51], [76, 84], [22, 43], [15, 46], [42, 11], [96, 22], [45, 83], [53, 3], [67, 6], [75, 56], [13, 32], [97, 6], [98, 1], [86, 47], [86, 42], [48, 79], [11, 11], [22, 54], [81, 70], [2, 41], [91, 96], [80, 82], [50, 68], [31, 74], [92, 3], [78, 8], [52, 86], [71, 65], [79, 65], [86, 23], [78, 44], [41, 47], [44, 7], [22, 78], [79, 71], [94, 19], [73, 18], [47, 9], [70, 82], [84, 51], [10, 19], [14, 62], [70, 17], [40, 11], [75, 68], [78, 81], [75, 71], [53, 77], [62, 69], [16, 46], [76, 19], [97, 69], [71, 83], [9, 54], [26, 47], [85, 56], [79, 20], [41, 11], [46, 1], [93, 18], [86, 69], [69, 65], [90, 23], [78, 67], [52, 42], [77, 10], [21, 44], [90, 0], [24, 55], [90, 30], [30, 79], [25, 0], [90, 60], [41, 4], [89, 29], [69, 17], [8, 10], [7, 14], [29, 87], [18, 49], [84, 49], [91, 93], [51, 48], [5, 94], [11, 9], [7, 54], [61, 95], [97, 9], [21, 3], [61, 86], [25, 76], [79, 29], [17, 70], [18, 15], [65, 59], [13, 48], [7, 20], [49, 64], [76, 54], [92, 10], [29, 52], [98, 24], [61, 88]]}