{"meta": {"number_of_robots": 750, "description": {"parameters": {"seed": 529, "shape": [50, 50], "obstacles": {"n": 0, "mean": 5, "std": 2.5}, "clusters": {"n": 5, "mean": 20, "std": 10.0, "relative_radius": 2, "increase_factor": 1.3, "start_dist": {"generator_name": "Image", "shape": [50, 50], "min": 0.0, "max": 153.0, "mean": 78.0892, "std": 66.2692239532047, "dtype": "uint64", "parameters": {"image": "redblue.png", "transformer": {"name": "ColorChannelSelector", "channel": "b", "inverted": false}}}, "target_dist": {"generator_name": "Image", "shape": [50, 50], "min": 0.0, "max": 128.0, "mean": 62.6592, "std": 55.460896633213565, "dtype": "uint64", "parameters": {"image": "redblue.png", "transformer": {"name": "ColorChannelSelector", "channel": "r", "inverted": false}}}}, "density": 0.3, "start_dist": {"generator_name": "Image", "shape": [50, 50], "min": 0.0, "max": 153.0, "mean": 78.0892, "std": 66.2692239532047, "dtype": "uint64", "parameters": {"image": "redblue.png", "transformer": {"name": "ColorChannelSelector", "channel": "b", "inverted": false}}}, "target_dist": {"generator_name": "Image", "shape": [50, 50], "min": 0.0, "max": 128.0, "mean": 62.6592, "std": 55.460896633213565, "dtype": "uint64", "parameters": {"image": "redblue.png", "transformer": {"name": "ColorChannelSelector", "channel": "r", "inverted": false}}}}, "stats": {"date": "2020-11-17", "free_area": 2500.0, "number_of_clustered_robots": 130, "number_of_robots": 750}}}, "name": "redblue_00003_50x50_30_750", "obstacles": [], "starts": [[47, 45], [9, 25], [35, 14], [37, 14], [37, 26], [31, 49], [26, 9], [40, 47], [34, 12], [13, 19], [44, 41], [23, 14], [41, 45], [42, 9], [37, 44], [34, 11], [13, 20], [34, 44], [29, 7], [38, 43], [38, 28], [34, 14], [39, 37], [15, 28], [41, 11], [26, 4], [44, 49], [42, 47], [26, 5], [38, 49], [32, 5], [16, 24], [40, 42], [36, 12], [42, 49], [41, 13], [27, 1], [42, 48], [16, 20], [38, 23], [44, 37], [32, 10], [40, 49], [30, 1], [33, 47], [16, 21], [40, 12], [24, 2], [44, 45], [45, 38], [31, 1], [41, 40], [10, 29], [37, 2], [39, 48], [36, 0], [37, 15], [47, 40], [40, 26], [36, 2], [47, 37], [6, 23], [40, 40], [32, 1], [42, 40], [25, 10], [46, 41], [14, 29], [36, 11], [34, 10], [32, 48], [23, 0], [40, 43], [11, 24], [41, 48], [36, 3], [38, 29], [43, 49], [44, 15], [31, 8], [41, 38], [33, 6], [13, 28], [43, 46], [26, 1], [32, 49], [42, 45], [32, 9], [14, 22], [36, 15], [45, 37], [32, 7], [44, 47], [23, 12], [41, 46], [38, 27], [12, 26], [34, 47], [27, 0], [41, 42], [43, 17], [25, 0], [39, 49], [15, 21], [25, 8], [39, 38], [37, 0], [41, 39], [38, 37], [37, 3], [16, 26], [42, 15], [43, 47], [25, 2], [40, 29], [39, 43], [33, 0], [47, 47], [6, 26], [35, 1], [35, 38], [37, 13], [36, 44], [32, 0], [44, 38], [8, 27], [31, 12], [34, 38], [28, 0], [42, 41], [30, 30], [44, 2], [35, 42], [16, 0], [35, 11], [19, 21], [45, 16], [22, 13], [3, 28], [18, 17], [31, 7], [16, 25], [42, 7], [13, 18], [42, 24], [7, 38], [3, 44], [9, 31], [30, 32], [8, 40], [46, 39], [19, 37], [11, 25], [38, 42], [28, 35], [23, 27], [48, 34], [48, 23], [16, 8], [48, 38], [16, 12], [25, 36], [24, 0], [47, 22], [25, 47], [6, 13], [44, 27], [40, 31], [39, 36], [43, 25], [49, 10], [8, 10], [6, 36], [49, 45], [48, 45], [47, 38], [24, 25], [46, 44], [19, 39], [42, 0], [44, 35], [35, 20], [11, 37], [37, 42], [49, 43], [35, 44], [6, 32], [33, 25], [40, 1], [10, 45], [14, 1], [12, 43], [17, 13], [33, 26], [9, 37], [34, 17], [25, 22], [22, 8], [39, 11], [42, 18], [2, 19], [43, 1], [3, 2], [24, 33], [28, 30], [5, 10], [29, 41], [4, 26], [4, 49], [24, 29], [43, 48], [32, 8], [14, 39], [45, 2], [18, 10], [21, 3], [20, 11], [18, 41], [24, 18], [4, 22], [5, 30], [24, 21], [5, 49], [9, 38], [49, 0], [32, 6], [45, 3], [26, 36], [11, 17], [44, 17], [29, 15], [7, 27], [48, 26], [36, 26], [24, 42], [36, 36], [17, 34], [34, 1], [2, 38], [26, 37], [2, 35], [46, 22], [17, 17], [40, 14], [5, 47], [16, 33], [42, 32], [27, 48], [15, 29], [7, 14], [40, 28], [5, 37], [8, 36], [5, 20], [7, 45], [42, 8], [20, 18], [10, 31], [31, 31], [28, 27], [7, 9], [33, 15], [25, 28], [3, 20], [30, 19], [28, 29], [30, 37], [19, 9], [27, 49], [35, 12], [32, 13], [48, 25], [20, 40], [15, 11], [27, 27], [17, 38], [1, 44], [13, 6], [17, 48], [8, 39], [28, 1], [40, 0], [29, 28], [36, 14], [8, 33], [28, 32], [19, 2], [47, 46], [18, 49], [26, 24], [22, 44], [19, 25], [24, 14], [22, 31], [2, 22], [0, 40], [31, 47], [15, 2], [12, 4], [46, 4], [5, 35], [18, 38], [2, 18], [10, 13], [39, 0], [45, 20], [45, 8], [6, 49], [29, 14], [43, 8], [35, 21], [48, 46], [4, 16], [44, 1], [21, 41], [37, 19], [19, 17], [45, 5], [1, 26], [17, 0], [16, 34], [10, 4], [0, 44], [9, 29], [4, 18], [12, 17], [21, 16], [16, 39], [3, 21], [48, 29], [47, 29], [3, 39], [4, 37], [21, 38], [31, 6], [0, 15], [10, 11], [48, 40], [37, 18], [43, 19], [15, 13], [35, 16], [18, 8], [47, 31], [44, 18], [9, 4], [26, 23], [20, 41], [20, 16], [24, 1], [28, 31], [49, 32], [46, 2], [23, 1], [3, 0], [6, 38], [46, 20], [29, 37], [10, 18], [20, 39], [25, 1], [10, 24], [38, 20], [21, 29], [26, 49], [3, 41], [47, 44], [7, 11], [4, 46], [38, 0], [17, 14], [46, 45], [8, 37], [8, 43], [15, 35], [10, 30], [5, 48], [16, 13], [38, 45], [49, 38], [14, 19], [0, 7], [1, 18], [23, 16], [13, 25], [18, 7], [43, 11], [13, 26], [43, 4], [0, 41], [4, 33], [1, 34], [42, 4], [24, 41], [3, 25], [0, 10], [24, 43], [25, 15], [2, 48], [38, 31], [12, 29], [47, 5], [47, 36], [18, 24], [20, 23], [12, 11], [5, 31], [13, 14], [25, 16], [12, 20], [17, 27], [41, 17], [3, 6], [46, 16], [33, 5], [3, 34], [21, 7], [12, 37], [40, 15], [43, 39], [31, 30], [26, 35], [48, 6], [49, 39], [23, 29], [36, 34], [19, 18], [21, 21], [12, 16], [45, 17], [39, 30], [16, 32], [7, 15], [32, 30], [45, 13], [10, 3], [38, 22], [25, 29], [23, 31], [44, 25], [19, 22], [17, 23], [20, 3], [35, 24], [20, 47], [22, 39], [14, 47], [13, 29], [21, 8], [39, 40], [20, 17], [41, 0], [27, 37], [47, 32], [16, 17], [11, 13], [49, 34], [23, 8], [41, 9], [34, 34], [7, 33], [35, 3], [44, 9], [5, 15], [26, 45], [21, 37], [18, 42], [45, 35], [48, 35], [19, 36], [28, 28], [42, 14], [19, 42], [47, 23], [0, 43], [29, 36], [18, 15], [14, 11], [27, 41], [37, 1], [34, 21], [34, 15], [15, 22], [13, 13], [14, 23], [9, 40], [22, 16], [12, 31], [30, 6], [5, 0], [26, 47], [8, 12], [15, 19], [32, 18], [45, 23], [14, 8], [38, 30], [46, 40], [12, 25], [27, 28], [31, 20], [33, 8], [23, 2], [44, 3], [44, 40], [8, 41], [47, 4], [33, 1], [34, 9], [2, 49], [4, 48], [47, 39], [18, 0], [32, 27], [4, 17], [24, 30], [12, 12], [5, 25], [14, 9], [12, 19], [40, 48], [11, 16], [9, 27], [3, 46], [28, 36], [6, 0], [2, 34], [37, 17], [18, 20], [3, 30], [35, 35], [34, 13], [20, 24], [38, 21], [15, 31], [49, 49], [4, 19], [21, 18], [10, 6], [46, 23], [1, 48], [16, 19], [43, 0], [6, 31], [2, 21], [43, 3], [39, 39], [3, 29], [5, 2], [49, 6], [16, 49], [48, 43], [24, 8], [19, 0], [9, 36], [23, 32], [49, 7], [30, 21], [35, 26], [26, 10], [11, 30], [4, 14], [38, 2], [6, 47], [33, 9], [31, 9], [49, 36], [1, 45], [1, 10], [14, 2], [44, 22], [44, 0], [45, 48], [5, 26], [46, 19], [23, 37], [32, 47], [33, 10], [39, 45], [17, 9], [2, 43], [14, 36], [18, 25], [42, 6], [6, 12], [41, 7], [2, 39], [19, 20], [7, 39], [48, 37], [39, 1], [7, 13], [48, 39], [18, 35], [24, 48], [46, 14], [24, 45], [15, 10], [23, 44], [27, 24], [3, 19], [22, 12], [40, 11], [29, 44], [22, 11], [17, 26], [4, 30], [2, 26], [15, 1], [31, 17], [21, 15], [47, 25], [43, 2], [18, 23], [25, 18], [19, 40], [23, 45], [22, 4], [23, 26], [41, 6], [12, 8], [41, 47], [16, 22], [13, 7], [41, 1], [18, 36], [26, 48], [4, 28], [18, 16], [40, 7], [47, 30], [20, 15], [42, 13], [31, 48], [17, 24], [35, 37], [5, 14], [5, 41], [11, 11], [6, 10], [1, 49], [40, 37], [42, 17], [12, 5], [5, 28], [35, 10], [9, 43], [45, 10], [9, 3], [5, 1], [11, 18], [18, 14], [34, 25], [24, 17], [5, 33], [17, 25], [43, 10], [13, 30], [34, 36], [1, 37], [8, 30], [14, 43], [2, 32], [24, 9], [4, 13], [11, 5], [16, 35], [39, 32], [33, 16], [16, 10], [20, 37], [9, 13], [28, 41], [0, 49], [32, 31], [24, 49], [0, 8], [25, 21], [30, 8], [47, 21], [23, 43], [6, 2], [33, 40], [34, 20], [48, 32], [38, 16], [39, 19], [43, 27], [7, 40], [20, 38], [13, 12], [16, 2], [14, 20], [0, 46], [5, 32], [7, 37], [32, 17], [17, 33], [12, 7], [14, 3], [7, 49], [38, 39], [5, 39], [10, 38], [49, 30], [0, 37], [14, 46], [12, 13], [47, 27], [22, 10], [27, 46], [16, 40], [37, 43], [17, 40], [1, 11], [44, 16], [15, 32], [15, 14], [3, 37], [33, 43], [49, 8], [5, 45], [12, 18], [13, 37], [41, 15], [36, 35], [41, 49], [5, 12], [5, 44], [18, 32], [4, 38], [26, 29], [22, 30], [42, 21], [41, 21], [34, 24], [0, 0], [9, 28], [13, 42], [19, 11], [11, 26], [48, 44], [39, 27], [40, 46], [16, 16], [47, 28], [34, 35], [6, 11], [45, 22], [7, 12]], "targets": [[27, 44], [49, 21], [21, 47], [45, 29], [15, 34], [27, 38], [15, 45], [37, 35], [15, 46], [48, 12], [27, 42], [11, 48], [32, 45], [45, 33], [39, 47], [22, 45], [47, 18], [30, 44], [10, 41], [35, 45], [11, 33], [13, 47], [30, 38], [44, 13], [42, 28], [16, 40], [38, 48], [24, 36], [9, 49], [30, 41], [17, 46], [46, 11], [29, 34], [15, 41], [34, 41], [42, 27], [14, 41], [32, 43], [44, 12], [14, 32], [24, 35], [9, 47], [31, 43], [10, 49], [29, 39], [48, 15], [48, 34], [16, 46], [26, 39], [30, 48], [20, 42], [37, 38], [44, 19], [12, 47], [30, 40], [16, 43], [40, 33], [23, 41], [14, 31], [9, 42], [37, 39], [49, 19], [30, 36], [11, 49], [26, 45], [20, 41], [34, 45], [47, 11], [42, 31], [16, 41], [23, 36], [21, 43], [31, 38], [43, 12], [25, 35], [11, 43], [13, 34], [30, 34], [46, 31], [17, 43], [28, 47], [15, 49], [48, 19], [25, 39], [15, 47], [36, 36], [36, 46], [21, 42], [43, 14], [43, 27], [31, 46], [20, 48], [32, 38], [13, 48], [23, 49], [12, 35], [49, 15], [34, 49], [9, 48], [24, 38], [45, 31], [18, 46], [29, 46], [48, 18], [17, 42], [29, 48], [19, 43], [24, 34], [26, 43], [12, 45], [45, 11], [43, 28], [31, 42], [22, 41], [13, 33], [39, 35], [13, 49], [30, 46], [46, 12], [20, 44], [33, 34], [43, 34], [30, 43], [22, 44], [24, 43], [45, 15], [10, 47], [23, 47], [16, 44], [30, 39], [8, 13], [15, 44], [5, 18], [11, 31], [7, 21], [35, 48], [23, 48], [39, 11], [10, 32], [12, 28], [35, 39], [7, 39], [37, 42], [39, 23], [10, 34], [24, 19], [35, 42], [27, 13], [22, 34], [47, 2], [24, 13], [23, 5], [18, 2], [2, 6], [11, 21], [8, 6], [32, 29], [45, 45], [32, 35], [34, 3], [34, 23], [22, 19], [20, 36], [2, 40], [10, 7], [38, 15], [0, 21], [44, 40], [15, 42], [41, 16], [43, 21], [12, 15], [37, 26], [30, 33], [34, 5], [8, 34], [20, 12], [34, 4], [21, 23], [43, 13], [30, 23], [29, 44], [32, 23], [7, 29], [40, 9], [38, 13], [2, 12], [30, 16], [34, 46], [12, 34], [48, 49], [26, 40], [36, 8], [9, 35], [2, 23], [30, 5], [33, 37], [25, 31], [46, 24], [14, 26], [24, 10], [20, 5], [11, 42], [39, 14], [41, 9], [11, 39], [1, 1], [21, 15], [32, 2], [19, 13], [28, 23], [42, 33], [1, 20], [21, 17], [22, 32], [48, 22], [36, 30], [21, 20], [47, 7], [18, 4], [35, 6], [37, 33], [20, 30], [14, 5], [1, 28], [39, 8], [14, 46], [26, 14], [7, 5], [12, 0], [32, 46], [37, 21], [24, 24], [27, 8], [22, 46], [45, 42], [40, 44], [7, 26], [1, 9], [32, 11], [25, 12], [21, 25], [9, 18], [25, 6], [26, 24], [8, 28], [24, 39], [21, 45], [31, 33], [5, 6], [38, 35], [1, 5], [25, 44], [0, 20], [49, 14], [40, 3], [28, 5], [19, 29], [36, 42], [13, 32], [36, 22], [33, 29], [37, 22], [26, 21], [36, 21], [45, 28], [2, 2], [24, 32], [28, 7], [10, 40], [20, 25], [9, 43], [29, 22], [29, 12], [32, 33], [2, 5], [31, 11], [11, 41], [38, 33], [18, 5], [8, 0], [34, 22], [30, 13], [38, 7], [48, 47], [37, 4], [29, 20], [37, 29], [46, 41], [19, 42], [43, 30], [33, 14], [33, 3], [21, 2], [28, 18], [1, 2], [32, 25], [19, 18], [4, 5], [5, 8], [33, 30], [47, 20], [43, 11], [42, 23], [0, 13], [48, 1], [47, 8], [15, 26], [33, 38], [22, 25], [10, 33], [42, 2], [39, 40], [48, 16], [15, 40], [44, 29], [21, 27], [27, 32], [9, 9], [44, 20], [9, 15], [48, 2], [28, 11], [42, 43], [35, 8], [7, 42], [48, 14], [3, 12], [0, 5], [49, 0], [11, 26], [31, 15], [33, 13], [6, 26], [30, 37], [18, 34], [27, 18], [5, 4], [30, 24], [8, 35], [28, 45], [32, 3], [0, 22], [10, 22], [36, 29], [20, 19], [0, 39], [34, 31], [35, 28], [28, 21], [13, 39], [20, 21], [33, 28], [25, 13], [21, 49], [2, 24], [11, 20], [40, 17], [1, 47], [22, 35], [45, 12], [40, 18], [26, 18], [2, 7], [1, 13], [36, 4], [1, 15], [29, 2], [6, 6], [31, 2], [37, 7], [14, 48], [0, 27], [19, 45], [39, 34], [0, 18], [2, 29], [26, 11], [32, 41], [22, 33], [10, 15], [9, 12], [19, 6], [5, 3], [36, 47], [45, 49], [31, 22], [36, 5], [47, 6], [14, 43], [2, 11], [30, 27], [19, 3], [25, 36], [14, 39], [35, 40], [29, 43], [38, 4], [47, 1], [29, 10], [26, 31], [29, 40], [17, 5], [14, 1], [46, 18], [28, 4], [22, 47], [48, 48], [27, 14], [35, 33], [14, 8], [43, 35], [25, 25], [40, 10], [20, 33], [5, 37], [39, 44], [47, 33], [45, 1], [49, 1], [13, 15], [20, 31], [4, 3], [35, 3], [12, 40], [20, 26], [37, 16], [41, 4], [31, 24], [10, 42], [8, 30], [25, 2], [38, 32], [41, 31], [22, 17], [20, 35], [32, 34], [36, 40], [31, 41], [42, 20], [3, 15], [39, 15], [49, 11], [28, 2], [38, 46], [39, 41], [15, 5], [33, 33], [40, 34], [8, 2], [20, 13], [25, 11], [28, 20], [39, 7], [6, 25], [3, 11], [22, 2], [7, 4], [27, 3], [16, 42], [9, 21], [44, 31], [9, 16], [22, 23], [43, 29], [31, 3], [38, 9], [13, 2], [12, 46], [46, 44], [45, 25], [4, 9], [28, 6], [48, 4], [7, 28], [20, 6], [0, 16], [6, 5], [2, 41], [40, 35], [6, 19], [13, 43], [17, 1], [2, 9], [7, 17], [36, 32], [23, 7], [49, 22], [26, 38], [19, 34], [19, 49], [26, 9], [13, 1], [44, 43], [15, 43], [38, 8], [38, 26], [45, 30], [12, 48], [28, 13], [0, 24], [26, 7], [5, 9], [23, 6], [35, 49], [46, 47], [40, 23], [31, 10], [1, 7], [49, 13], [39, 16], [3, 30], [44, 33], [22, 4], [6, 46], [7, 23], [7, 30], [31, 25], [27, 19], [26, 2], [30, 45], [47, 10], [1, 14], [0, 1], [35, 34], [42, 44], [8, 23], [7, 7], [1, 39], [24, 11], [41, 36], [10, 0], [10, 20], [13, 23], [23, 14], [20, 20], [10, 23], [30, 35], [27, 33], [44, 41], [30, 12], [13, 16], [19, 26], [17, 6], [21, 12], [3, 9], [37, 6], [2, 3], [21, 32], [43, 3], [20, 34], [12, 39], [4, 28], [31, 37], [8, 8], [27, 46], [12, 21], [27, 21], [32, 37], [17, 29], [3, 2], [7, 44], [33, 45], [36, 35], [46, 29], [15, 37], [37, 27], [7, 24], [2, 30], [10, 48], [4, 4], [22, 20], [16, 8], [7, 16], [27, 45], [38, 34], [21, 26], [25, 42], [33, 12], [43, 45], [5, 19], [44, 35], [11, 16], [39, 3], [0, 3], [6, 18], [33, 49], [8, 5], [11, 22], [42, 37], [22, 36], [45, 32], [11, 15], [31, 21], [0, 17], [23, 33], [30, 22], [9, 22], [2, 10], [32, 24], [26, 33], [2, 1], [14, 49], [8, 21], [43, 22], [34, 8], [18, 28], [5, 24], [19, 28], [22, 7], [38, 36], [21, 24], [9, 36], [37, 5], [2, 13], [38, 5], [19, 48], [42, 29], [41, 27], [40, 21], [44, 28], [6, 40], [4, 27], [17, 47], [35, 32], [27, 5], [24, 23], [14, 47], [13, 26], [37, 8], [36, 7], [22, 21], [3, 23], [28, 46], [35, 23], [25, 14], [23, 0], [18, 30], [6, 9], [39, 10], [46, 2], [36, 39], [29, 23], [1, 24], [26, 13], [22, 40], [16, 47], [8, 22], [25, 16], [33, 42], [20, 29], [39, 4], [1, 22], [36, 17], [45, 34], [28, 38], [22, 27], [41, 3], [28, 9], [13, 22], [26, 3], [26, 15], [7, 19], [46, 0], [17, 2], [27, 15], [29, 21], [8, 18], [23, 42], [11, 27], [20, 1], [2, 15], [37, 10], [39, 22], [22, 6], [18, 19], [37, 3], [42, 25], [48, 7], [19, 4], [43, 23], [22, 18], [42, 24], [49, 2], [22, 22], [13, 0], [3, 5], [11, 38], [43, 36], [11, 8], [46, 30], [22, 0], [31, 39], [41, 24], [30, 4], [1, 41], [33, 8], [9, 23], [41, 34], [1, 16], [13, 28], [25, 18], [2, 25], [2, 17], [17, 45], [41, 8], [39, 21], [10, 16], [37, 30], [11, 34], [1, 6], [2, 38], [38, 47], [46, 42], [7, 41], [23, 19], [46, 48], [35, 46], [15, 7], [31, 5], [14, 44], [32, 49], [26, 10], [32, 12], [21, 6], [32, 31], [27, 6], [21, 5], [15, 6], [29, 17], [30, 15], [31, 40], [27, 10], [1, 48], [21, 36], [33, 44], [42, 35], [22, 42], [11, 23], [39, 32], [44, 14], [33, 24], [15, 27], [19, 12], [14, 34], [39, 25], [14, 15], [18, 44], [1, 27], [23, 23]]}