{"meta": {"number_of_robots": 1125, "description": {"parameters": {"seed": 7690, "shape": [50, 50], "obstacles": {"n": 0, "mean": 7, "std": 3.5}, "clusters": {"n": 20, "mean": 40, "std": 20.0, "relative_radius": 2, "increase_factor": 1.3, "start_dist": {"generator_name": "Image", "shape": [50, 50], "min": 0.0, "max": 128.0, "mean": 62.6592, "std": 55.460896633213565, "dtype": "uint64", "parameters": {"image": "redblue.png", "transformer": {"name": "ColorChannelSelector", "channel": "r", "inverted": false}}}, "target_dist": {"generator_name": "Image", "shape": [50, 50], "min": 0.0, "max": 153.0, "mean": 78.0892, "std": 66.2692239532047, "dtype": "uint64", "parameters": {"image": "redblue.png", "transformer": {"name": "ColorChannelSelector", "channel": "b", "inverted": false}}}}, "density": 0.45, "start_dist": {"generator_name": "Image", "shape": [50, 50], "min": 0.0, "max": 128.0, "mean": 62.6592, "std": 55.460896633213565, "dtype": "uint64", "parameters": {"image": "redblue.png", "transformer": {"name": "ColorChannelSelector", "channel": "r", "inverted": false}}}, "target_dist": {"generator_name": "Image", "shape": [50, 50], "min": 0.0, "max": 153.0, "mean": 78.0892, "std": 66.2692239532047, "dtype": "uint64", "parameters": {"image": "redblue.png", "transformer": {"name": "ColorChannelSelector", "channel": "b", "inverted": false}}}}, "stats": {"date": "2020-11-17", "free_area": 2500.0, "number_of_clustered_robots": 743, "number_of_robots": 1125}}}, "name": "redblue_00005_50x50_45_1125", "obstacles": [], "starts": [[15, 45], [1, 24], [40, 16], [11, 33], [9, 47], [36, 8], [9, 19], [36, 12], [23, 33], [25, 12], [15, 41], [14, 39], [45, 34], [18, 44], [34, 22], [28, 8], [6, 20], [8, 6], [11, 15], [47, 33], [47, 14], [34, 28], [19, 3], [35, 7], [3, 16], [6, 19], [9, 48], [44, 30], [6, 18], [20, 33], [1, 4], [47, 7], [21, 27], [4, 24], [9, 42], [35, 8], [35, 31], [30, 10], [17, 45], [28, 9], [45, 14], [19, 49], [8, 16], [15, 26], [21, 47], [41, 36], [11, 10], [21, 35], [5, 3], [43, 31], [47, 10], [20, 0], [30, 28], [36, 16], [8, 25], [12, 15], [15, 39], [29, 13], [11, 20], [13, 35], [39, 13], [14, 40], [48, 33], [9, 18], [35, 3], [41, 25], [27, 7], [20, 24], [18, 45], [2, 6], [32, 11], [37, 12], [16, 42], [9, 15], [20, 30], [8, 19], [16, 41], [41, 31], [4, 12], [41, 32], [12, 32], [30, 12], [47, 11], [10, 39], [30, 13], [35, 9], [22, 33], [13, 15], [2, 1], [5, 25], [11, 35], [35, 33], [41, 3], [21, 3], [44, 32], [8, 21], [21, 34], [14, 47], [37, 11], [39, 7], [15, 47], [4, 23], [36, 30], [3, 23], [20, 21], [13, 44], [26, 15], [9, 20], [22, 45], [31, 5], [34, 8], [14, 41], [7, 8], [44, 31], [10, 22], [43, 12], [32, 20], [19, 33], [48, 32], [7, 26], [47, 8], [17, 5], [1, 27], [10, 46], [19, 34], [17, 47], [15, 30], [46, 41], [3, 10], [10, 40], [27, 10], [1, 7], [29, 11], [36, 39], [34, 5], [21, 49], [25, 11], [3, 27], [28, 25], [5, 20], [13, 34], [37, 4], [21, 30], [44, 41], [9, 21], [45, 33], [33, 8], [11, 23], [18, 5], [8, 0], [12, 24], [35, 5], [14, 44], [12, 41], [29, 4], [1, 23], [19, 45], [33, 14], [20, 26], [15, 40], [44, 35], [23, 21], [46, 34], [5, 23], [24, 24], [33, 3], [27, 8], [12, 42], [1, 18], [2, 5], [13, 16], [10, 35], [42, 35], [12, 23], [44, 13], [25, 7], [12, 35], [27, 4], [29, 6], [42, 30], [13, 20], [21, 33], [12, 33], [9, 49], [30, 3], [1, 28], [34, 23], [1, 22], [21, 41], [8, 5], [27, 14], [23, 4], [32, 2], [43, 35], [21, 45], [11, 21], [2, 11], [40, 23], [6, 26], [13, 21], [21, 26], [13, 42], [27, 12], [33, 7], [14, 14], [16, 45], [28, 6], [26, 21], [40, 9], [15, 43], [11, 45], [3, 2], [46, 30], [7, 20], [46, 35], [30, 9], [3, 15], [10, 32], [13, 33], [12, 27], [11, 46], [30, 4], [23, 19], [22, 25], [39, 15], [11, 40], [37, 5], [43, 36], [13, 45], [44, 29], [13, 14], [2, 2], [9, 22], [38, 11], [30, 5], [2, 13], [11, 38], [26, 20], [17, 29], [17, 43], [34, 32], [16, 28], [25, 35], [34, 7], [42, 31], [7, 19], [8, 20], [26, 6], [13, 40], [25, 15], [1, 5], [3, 13], [20, 42], [31, 21], [34, 31], [35, 6], [37, 16], [21, 23], [16, 40], [13, 48], [27, 3], [7, 22], [44, 28], [8, 17], [39, 5], [20, 37], [14, 26], [45, 31], [19, 43], [26, 7], [1, 21], [10, 38], [6, 5], [12, 47], [26, 11], [46, 1], [20, 6], [22, 21], [1, 16], [42, 34], [5, 16], [39, 24], [28, 20], [2, 23], [8, 44], [36, 10], [24, 25], [12, 45], [15, 27], [16, 4], [0, 1], [39, 25], [6, 22], [32, 13], [25, 25], [12, 49], [43, 40], [5, 24], [9, 35], [31, 12], [37, 10], [11, 22], [11, 34], [18, 2], [46, 7], [38, 15], [31, 27], [16, 38], [43, 29], [1, 15], [6, 6], [4, 27], [24, 7], [45, 29], [2, 14], [23, 35], [38, 8], [10, 27], [12, 44], [26, 2], [22, 41], [38, 35], [14, 45], [31, 13], [17, 44], [45, 12], [2, 16], [29, 19], [26, 30], [49, 29], [5, 17], [7, 5], [28, 12], [6, 16], [16, 43], [23, 23], [37, 37], [10, 23], [45, 11], [6, 28], [35, 18], [4, 37], [36, 5], [30, 8], [22, 3], [45, 41], [1, 14], [34, 30], [10, 21], [12, 46], [26, 34], [13, 49], [1, 1], [22, 24], [15, 46], [37, 8], [33, 12], [11, 37], [15, 25], [7, 25], [28, 7], [19, 12], [43, 23], [43, 33], [13, 23], [15, 15], [10, 41], [47, 2], [10, 42], [37, 13], [29, 26], [7, 4], [19, 35], [7, 15], [36, 21], [22, 9], [40, 25], [37, 6], [8, 24], [15, 44], [22, 46], [41, 33], [17, 46], [6, 29], [9, 23], [47, 12], [47, 34], [26, 8], [27, 9], [11, 16], [24, 35], [8, 8], [27, 34], [6, 40], [31, 9], [29, 2], [6, 25], [20, 43], [42, 33], [10, 16], [42, 36], [25, 6], [31, 14], [13, 27], [2, 29], [33, 15], [16, 37], [39, 11], [20, 35], [19, 48], [5, 7], [21, 44], [30, 37], [10, 15], [11, 42], [42, 32], [14, 21], [41, 23], [17, 3], [29, 10], [16, 47], [25, 13], [37, 21], [8, 23], [39, 4], [9, 24], [42, 24], [12, 22], [7, 23], [21, 46], [20, 10], [2, 8], [41, 34], [7, 21], [28, 17], [20, 29], [5, 18], [33, 13], [18, 46], [12, 38], [32, 10], [35, 39], [18, 48], [26, 5], [7, 16], [20, 46], [31, 4], [13, 28], [43, 28], [5, 19], [30, 14], [10, 20], [4, 1], [7, 17], [37, 9], [25, 34], [9, 36], [41, 26], [34, 4], [26, 1], [14, 16], [12, 39], [23, 17], [14, 46], [30, 15], [44, 34], [14, 15], [11, 32], [19, 46], [35, 4], [1, 17], [46, 33], [7, 2], [28, 2], [16, 46], [13, 32], [27, 31], [34, 3], [9, 25], [8, 36], [26, 14], [41, 37], [12, 14], [37, 25], [11, 26], [21, 28], [19, 0], [43, 13], [10, 43], [28, 13], [6, 8], [12, 21], [22, 40], [28, 19], [8, 49], [46, 25], [9, 32], [31, 28], [29, 3], [43, 41], [1, 13], [7, 24], [17, 2], [39, 10], [14, 31], [13, 38], [21, 43], [38, 6], [48, 23], [29, 18], [2, 25], [14, 34], [4, 7], [6, 41], [37, 3], [23, 1], [2, 24], [49, 28], [10, 17], [42, 2], [30, 33], [5, 27], [37, 27], [12, 34], [10, 48], [23, 20], [7, 18], [22, 48], [18, 3], [36, 4], [8, 28], [1, 3], [44, 33], [8, 15], [17, 42], [34, 36], [7, 43], [31, 3], [34, 2], [32, 14], [25, 33], [28, 10], [3, 14], [15, 48], [20, 25], [11, 28], [7, 29], [38, 3], [46, 31], [6, 17], [42, 25], [0, 8], [16, 44], [40, 15], [11, 39], [23, 12], [24, 6], [14, 25], [20, 48], [45, 6], [5, 45], [28, 5], [22, 32], [23, 34], [12, 20], [46, 29], [41, 35], [18, 47], [7, 31], [2, 10], [46, 5], [28, 11], [29, 14], [0, 5], [9, 16], [21, 48], [36, 36], [6, 21], [32, 3], [18, 30], [20, 45], [23, 37], [45, 30], [6, 24], [28, 4], [5, 44], [27, 6], [23, 10], [47, 0], [14, 20], [42, 37], [2, 15], [17, 38], [6, 7], [3, 26], [22, 47], [23, 0], [33, 2], [19, 30], [45, 28], [2, 12], [34, 9], [40, 8], [31, 34], [15, 36], [39, 36], [3, 24], [22, 42], [15, 42], [27, 11], [11, 44], [38, 9], [1, 29], [4, 4], [17, 1], [4, 31], [24, 20], [47, 35], [9, 17], [35, 28], [18, 31], [38, 4], [8, 22], [15, 37], [23, 25], [4, 26], [22, 6], [19, 44], [45, 0], [40, 34], [29, 17], [3, 7], [4, 36], [28, 15], [42, 28], [15, 21], [14, 28], [14, 32], [11, 49], [12, 26], [14, 43], [23, 3], [36, 7], [4, 28], [35, 32], [26, 16], [27, 32], [43, 11], [47, 32], [11, 14], [4, 5], [41, 16], [11, 43], [16, 8], [1, 25], [18, 42], [6, 42], [34, 6], [22, 34], [7, 28], [40, 24], [20, 44], [12, 28], [38, 13], [23, 9], [10, 47], [21, 31], [41, 30], [1, 10], [26, 9], [32, 15], [34, 29], [14, 27], [15, 38], [3, 3], [10, 26], [19, 32], [36, 9], [6, 44], [28, 14], [46, 0], [21, 0], [13, 31], [46, 32], [3, 12], [36, 35], [15, 20], [11, 47], [30, 27], [10, 24], [22, 49], [32, 12], [27, 17], [4, 6], [13, 30], [13, 47], [21, 12], [36, 32], [44, 12], [42, 29], [4, 10], [39, 8], [9, 43], [2, 17], [22, 39], [7, 42], [27, 13], [13, 22], [6, 30], [31, 11], [21, 25], [21, 1], [29, 5], [36, 38], [3, 5], [18, 28], [48, 34], [2, 22], [3, 17], [8, 35], [15, 28], [18, 43], [46, 6], [27, 18], [20, 49], [16, 9], [35, 30], [5, 47], [30, 11], [14, 30], [31, 36], [40, 4], [1, 6], [25, 24], [44, 40], [3, 11], [9, 14], [10, 34], [11, 27], [24, 10], [15, 7], [37, 34], [29, 12], [21, 14], [37, 40], [32, 37], [35, 29], [37, 42], [40, 10], [33, 43], [36, 41], [38, 10], [33, 35], [7, 35], [8, 9], [45, 32], [10, 49], [33, 33], [22, 0], [13, 39], [23, 26], [30, 17], [32, 38], [7, 44], [23, 41], [34, 0], [48, 8], [37, 41], [46, 47], [38, 41], [26, 33], [18, 4], [2, 42], [3, 31], [18, 33], [22, 35], [1, 38], [39, 23], [25, 8], [9, 46], [24, 30], [1, 2], [1, 47], [48, 9], [47, 42], [46, 43], [45, 44], [29, 24], [27, 22], [32, 46], [38, 12], [30, 48], [22, 2], [14, 7], [32, 26], [33, 16], [36, 40], [23, 47], [47, 18], [5, 6], [40, 21], [37, 48], [38, 24], [1, 41], [49, 15], [6, 9], [23, 6], [30, 26], [46, 46], [20, 27], [6, 4], [10, 9], [39, 17], [11, 7], [31, 26], [2, 40], [31, 35], [44, 14], [35, 21], [48, 12], [34, 40], [18, 18], [28, 47], [49, 49], [39, 12], [48, 48], [3, 46], [48, 19], [21, 24], [48, 2], [22, 5], [8, 29], [49, 13], [30, 23], [28, 34], [38, 33], [37, 46], [13, 0], [25, 43], [22, 4], [31, 44], [32, 34], [38, 47], [30, 49], [48, 3], [30, 24], [45, 48], [0, 6], [30, 34], [40, 17], [0, 40], [38, 46], [44, 15], [3, 48], [38, 48], [1, 39], [49, 18], [44, 22], [48, 18], [48, 4], [42, 22], [7, 1], [37, 20], [25, 1], [40, 2], [49, 17], [6, 45], [23, 22], [2, 0], [31, 25], [19, 5], [22, 15], [24, 4], [27, 2], [39, 9], [40, 35], [26, 19], [20, 34], [25, 19], [5, 8], [49, 4], [20, 14], [21, 19], [27, 15], [0, 29], [41, 43], [39, 48], [10, 0], [8, 30], [24, 39], [30, 45], [25, 5], [32, 23], [37, 33], [28, 38], [32, 43], [7, 0], [14, 33], [15, 49], [39, 22], [39, 21], [12, 37], [31, 38], [25, 4], [25, 42], [29, 47], [24, 11], [1, 11], [18, 17], [3, 4], [7, 45], [13, 1], [19, 11], [24, 9], [0, 28], [21, 20], [37, 28], [38, 36], [7, 40], [7, 30], [33, 31], [35, 40], [47, 9], [43, 34], [15, 6], [35, 49], [10, 14], [28, 21], [1, 48], [46, 42], [44, 42], [29, 39], [38, 26], [37, 47], [17, 28], [33, 25], [27, 43], [38, 5], [14, 48], [11, 1], [43, 21], [1, 37], [9, 0], [19, 20], [15, 16], [27, 33], [3, 9], [2, 46], [33, 49], [26, 32], [45, 20], [19, 18], [21, 42], [34, 46], [12, 40], [7, 39], [39, 35], [25, 14], [31, 39], [27, 40], [48, 0], [20, 12], [45, 5], [42, 21], [28, 40], [14, 6], [39, 3], [49, 19], [44, 36], [14, 0], [40, 32], [0, 20], [27, 21], [0, 48], [34, 49], [35, 45], [23, 46], [5, 9], [37, 31], [28, 33], [15, 4], [48, 15], [36, 42], [42, 42], [47, 17], [31, 37], [46, 49], [37, 7], [0, 2], [16, 27], [32, 39], [18, 19], [26, 43], [9, 8], [32, 44], [39, 6], [25, 18], [29, 43], [27, 39], [45, 42], [32, 25], [31, 15], [6, 46], [47, 19], [36, 11], [45, 45], [38, 37], [49, 34], [26, 40], [30, 25], [0, 21], [48, 14], [42, 44], [28, 23], [2, 7], [45, 43], [32, 35], [43, 44], [29, 33], [44, 11], [23, 5], [46, 44], [29, 46], [44, 19], [31, 16], [45, 1], [2, 47], [45, 49], [43, 22], [24, 13], [21, 32], [21, 17], [3, 30], [20, 28], [23, 45], [33, 46], [49, 23], [32, 24], [33, 32], [39, 47], [8, 7], [17, 37], [12, 1], [0, 4], [9, 34], [44, 20], [46, 24], [30, 43], [34, 35], [8, 34], [33, 29], [1, 20], [44, 45], [41, 22], [46, 11], [5, 4], [17, 4], [33, 36], [4, 9], [37, 22], [24, 37], [36, 28], [3, 6], [38, 23], [12, 48], [48, 43], [27, 19], [20, 19], [10, 10], [36, 18], [47, 49], [33, 48], [28, 45], [32, 22], [36, 46], [39, 16], [36, 27], [30, 42], [25, 31], [19, 47], [19, 26], [49, 16], [25, 39], [25, 37], [9, 41], [30, 44], [21, 36], [0, 3], [12, 31], [22, 23], [27, 44], [23, 48], [37, 39], [0, 22], [24, 19], [16, 6], [1, 46], [28, 24], [31, 24], [29, 48], [46, 48], [19, 28], [9, 13], [1, 30], [1, 42], [11, 9], [22, 26], [21, 18], [31, 20], [43, 42], [31, 47], [10, 8], [28, 16], [29, 25], [41, 8], [3, 8], [22, 22], [24, 36], [12, 0], [31, 46], [26, 42], [36, 45], [7, 6], [30, 35], [26, 44]], "targets": [[6, 39], [1, 26], [5, 35], [40, 19], [16, 7], [33, 9], [32, 47], [4, 37], [41, 15], [9, 13], [0, 33], [18, 7], [7, 13], [3, 33], [18, 12], [39, 26], [0, 32], [14, 17], [10, 31], [39, 21], [4, 31], [34, 19], [40, 12], [31, 8], [35, 36], [3, 30], [12, 16], [11, 4], [9, 31], [38, 19], [10, 14], [3, 40], [35, 12], [3, 39], [6, 38], [5, 13], [36, 25], [37, 22], [17, 10], [40, 14], [12, 36], [0, 42], [28, 41], [3, 26], [13, 9], [13, 17], [20, 22], [47, 32], [19, 21], [33, 18], [6, 35], [35, 24], [42, 11], [39, 12], [3, 37], [33, 47], [5, 29], [7, 15], [10, 19], [11, 11], [0, 31], [1, 37], [18, 14], [14, 25], [16, 49], [35, 25], [36, 18], [47, 26], [23, 16], [16, 16], [34, 13], [0, 46], [6, 36], [39, 38], [41, 14], [10, 18], [12, 8], [11, 12], [7, 27], [41, 30], [6, 33], [27, 25], [15, 38], [5, 37], [13, 3], [39, 10], [40, 26], [28, 36], [6, 14], [4, 29], [16, 11], [28, 24], [11, 36], [34, 12], [18, 17], [19, 23], [39, 19], [24, 9], [30, 8], [7, 31], [7, 35], [5, 33], [28, 28], [26, 40], [38, 31], [1, 32], [12, 5], [3, 28], [7, 11], [27, 24], [5, 31], [3, 34], [19, 24], [6, 11], [15, 18], [5, 39], [34, 14], [41, 22], [29, 30], [26, 45], [12, 37], [36, 16], [12, 17], [8, 11], [40, 29], [26, 10], [2, 39], [10, 13], [14, 18], [1, 35], [9, 6], [17, 26], [32, 6], [43, 27], [5, 34], [3, 38], [24, 26], [27, 36], [32, 18], [5, 30], [17, 13], [9, 37], [48, 24], [16, 14], [9, 28], [30, 31], [26, 9], [7, 32], [34, 22], [15, 24], [39, 36], [8, 32], [15, 13], [10, 27], [8, 9], [11, 17], [16, 13], [3, 29], [33, 20], [4, 35], [42, 25], [36, 11], [5, 14], [19, 17], [38, 23], [1, 34], [39, 18], [4, 39], [35, 35], [13, 19], [9, 24], [12, 19], [28, 27], [2, 32], [6, 32], [33, 7], [6, 27], [4, 14], [38, 26], [13, 13], [13, 26], [40, 20], [46, 21], [27, 10], [2, 35], [27, 45], [34, 26], [2, 27], [20, 11], [16, 15], [37, 16], [35, 11], [8, 47], [18, 8], [4, 38], [0, 39], [17, 21], [33, 17], [37, 45], [42, 18], [41, 13], [3, 36], [4, 3], [2, 48], [4, 20], [20, 18], [34, 10], [32, 8], [4, 28], [2, 37], [22, 11], [6, 26], [7, 14], [11, 30], [27, 29], [3, 48], [34, 43], [4, 33], [43, 19], [12, 18], [11, 19], [36, 26], [40, 18], [35, 13], [8, 38], [5, 36], [4, 15], [41, 19], [5, 41], [15, 14], [18, 20], [8, 14], [34, 35], [1, 49], [29, 15], [10, 28], [19, 16], [39, 11], [48, 31], [21, 11], [43, 24], [4, 40], [36, 13], [4, 47], [17, 15], [10, 30], [32, 39], [37, 17], [0, 34], [11, 5], [19, 25], [3, 18], [15, 10], [40, 10], [37, 19], [4, 43], [2, 36], [40, 28], [3, 32], [0, 40], [38, 15], [37, 43], [9, 9], [10, 23], [13, 43], [34, 17], [3, 35], [39, 28], [20, 15], [34, 16], [4, 30], [9, 11], [19, 15], [8, 36], [6, 12], [0, 43], [30, 20], [49, 25], [26, 37], [12, 7], [20, 23], [33, 25], [37, 18], [11, 18], [13, 7], [14, 36], [39, 20], [5, 40], [0, 41], [37, 23], [5, 20], [40, 27], [34, 42], [10, 45], [48, 28], [24, 15], [17, 17], [12, 25], [0, 36], [5, 10], [32, 7], [4, 21], [19, 12], [38, 22], [0, 35], [1, 36], [44, 22], [1, 33], [38, 28], [39, 39], [18, 13], [5, 38], [29, 9], [14, 10], [14, 28], [37, 26], [1, 48], [4, 22], [13, 10], [31, 19], [5, 43], [27, 30], [7, 38], [9, 7], [18, 9], [16, 48], [27, 34], [33, 6], [33, 11], [19, 11], [15, 23], [13, 16], [34, 15], [13, 25], [18, 11], [47, 31], [34, 24], [3, 41], [2, 45], [34, 39], [27, 4], [6, 30], [9, 5], [6, 43], [25, 18], [11, 6], [9, 27], [32, 27], [13, 20], [7, 10], [35, 19], [7, 37], [15, 15], [49, 27], [18, 15], [8, 43], [6, 31], [6, 34], [39, 37], [4, 41], [39, 5], [27, 23], [29, 32], [10, 12], [16, 30], [11, 24], [20, 12], [14, 46], [10, 29], [8, 4], [44, 13], [19, 20], [44, 25], [29, 40], [30, 7], [40, 13], [27, 27], [7, 46], [2, 26], [20, 8], [19, 8], [7, 12], [2, 34], [4, 42], [8, 27], [16, 35], [28, 26], [25, 20], [40, 6], [29, 43], [47, 29], [16, 25], [42, 20], [6, 37], [12, 13], [4, 36], [10, 25], [11, 13], [17, 14], [16, 23], [31, 20], [26, 23], [33, 4], [0, 38], [28, 35], [5, 28], [2, 33], [16, 31], [47, 30], [25, 9], [18, 25], [6, 42], [41, 20], [1, 19], [14, 12], [14, 13], [14, 20], [30, 32], [38, 14], [5, 48], [10, 37], [13, 4], [33, 13], [32, 40], [0, 45], [7, 41], [33, 27], [49, 28], [5, 26], [12, 10], [24, 17], [14, 22], [16, 12], [21, 31], [32, 12], [38, 21], [26, 36], [15, 32], [25, 16], [2, 38], [13, 5], [39, 32], [2, 43], [26, 26], [11, 25], [8, 10], [10, 44], [47, 25], [19, 10], [11, 31], [40, 5], [7, 39], [13, 24], [34, 40], [2, 31], [36, 14], [5, 32], [40, 32], [5, 49], [39, 14], [13, 23], [16, 20], [33, 15], [11, 28], [12, 9], [15, 11], [18, 23], [49, 30], [22, 16], [6, 48], [39, 46], [43, 23], [9, 26], [27, 26], [2, 42], [7, 40], [33, 19], [10, 36], [9, 29], [15, 7], [31, 6], [8, 12], [14, 29], [34, 21], [33, 40], [46, 19], [33, 22], [8, 42], [8, 37], [1, 12], [6, 23], [3, 25], [17, 6], [39, 6], [16, 10], [41, 28], [4, 32], [42, 12], [7, 42], [13, 11], [17, 23], [40, 39], [24, 14], [4, 34], [40, 30], [0, 37], [7, 33], [10, 39], [42, 26], [38, 17], [3, 19], [11, 7], [13, 18], [8, 39], [10, 11], [26, 17], [38, 42], [5, 15], [8, 31], [1, 44], [34, 11], [1, 31], [27, 28], [49, 24], [23, 15], [40, 7], [9, 19], [11, 10], [36, 12], [4, 49], [33, 44], [13, 14], [14, 5], [18, 31], [7, 36], [41, 17], [10, 38], [11, 3], [16, 39], [37, 15], [34, 20], [37, 14], [0, 27], [6, 15], [46, 26], [5, 42], [34, 41], [4, 48], [17, 7], [21, 21], [38, 18], [15, 25], [22, 15], [6, 28], [2, 41], [40, 4], [26, 25], [1, 18], [13, 6], [12, 32], [9, 38], [10, 6], [41, 12], [44, 23], [37, 42], [29, 19], [7, 3], [1, 43], [3, 42], [21, 29], [2, 44], [35, 20], [29, 8], [6, 24], [3, 20], [20, 16], [43, 33], [29, 36], [14, 38], [37, 29], [21, 4], [38, 16], [9, 4], [15, 29], [35, 15], [9, 30], [9, 10], [39, 7], [12, 43], [2, 40], [36, 24], [5, 17], [12, 11], [17, 20], [39, 45], [8, 40], [37, 20], [9, 41], [36, 19], [16, 3], [9, 25], [35, 14], [2, 28], [32, 19], [6, 40], [39, 29], [14, 30], [20, 17], [0, 30], [6, 13], [19, 6], [5, 44], [26, 46], [13, 22], [37, 25], [1, 42], [30, 18], [14, 4], [16, 17], [30, 30], [45, 24], [6, 47], [2, 25], [19, 7], [34, 18], [35, 44], [25, 17], [3, 43], [9, 42], [43, 26], [39, 13], [18, 16], [11, 35], [10, 5], [14, 3], [16, 26], [1, 30], [46, 23], [19, 9], [6, 22], [17, 16], [29, 11], [0, 49], [40, 41], [29, 31], [32, 9], [42, 19], [4, 45], [17, 8], [19, 22], [18, 22], [2, 29], [8, 41], [35, 10], [2, 20], [9, 14], [3, 27], [9, 12], [36, 23], [36, 44], [34, 25], [7, 43], [7, 34], [7, 47], [31, 18], [24, 8], [42, 14], [15, 4], [10, 17], [40, 11], [9, 32], [38, 32], [5, 23], [15, 8], [5, 18], [28, 44], [44, 18], [31, 12], [5, 27], [4, 13], [5, 46], [30, 21], [6, 41], [12, 6], [16, 27], [31, 30], [14, 24], [8, 13], [42, 16], [38, 39], [8, 33], [1, 46], [37, 13], [15, 21], [49, 32], [21, 9], [24, 20], [42, 32], [15, 36], [13, 8], [17, 19], [8, 30], [1, 41], [13, 29], [20, 9], [7, 28], [9, 3], [37, 44], [0, 44], [36, 15], [41, 18], [25, 22], [15, 31], [43, 25], [16, 19], [47, 22], [5, 16], [18, 30], [3, 22], [10, 7], [40, 36], [3, 45], [16, 36], [29, 7], [23, 14], [37, 24], [39, 27], [11, 29], [6, 10], [9, 40], [33, 16], [8, 44], [15, 19], [44, 24], [13, 12], [10, 26], [3, 17], [15, 17], [37, 34], [33, 8], [31, 13], [43, 32], [16, 32], [38, 29], [29, 29], [28, 32], [38, 43], [23, 17], [46, 22], [24, 27], [48, 12], [27, 0], [22, 30], [23, 43], [42, 41], [5, 21], [43, 4], [33, 26], [44, 26], [18, 35], [38, 1], [19, 0], [46, 17], [0, 8], [14, 37], [33, 43], [29, 28], [41, 37], [43, 10], [47, 28], [25, 30], [12, 4], [18, 49], [38, 0], [16, 1], [2, 0], [8, 45], [13, 30], [26, 28], [22, 29], [49, 36], [20, 39], [48, 42], [47, 38], [19, 2], [0, 26], [16, 22], [23, 13], [41, 46], [17, 32], [22, 38], [16, 2], [48, 29], [43, 5], [41, 41], [15, 2], [29, 41], [31, 7], [45, 41], [49, 15], [25, 45], [21, 30], [2, 49], [0, 13], [49, 40], [40, 47], [48, 43], [47, 47], [17, 41], [16, 18], [28, 34], [13, 42], [16, 4], [26, 27], [49, 7], [24, 0], [4, 16], [21, 3], [41, 31], [5, 25], [30, 29], [31, 1], [20, 47], [19, 18], [24, 33], [47, 37], [15, 22], [49, 11], [42, 13], [42, 38], [42, 5], [9, 2], [27, 5], [23, 29], [44, 46], [27, 47], [17, 36], [31, 17], [11, 37], [48, 47], [11, 43], [24, 21], [20, 10], [16, 29], [22, 37], [11, 44], [5, 3], [22, 12], [29, 35], [47, 39], [13, 28], [15, 1], [3, 21], [23, 27], [41, 0], [41, 29], [21, 18], [46, 2], [44, 9], [18, 41], [16, 0], [28, 49], [21, 19], [24, 22], [14, 39], [47, 3], [33, 5], [45, 9], [4, 44], [44, 37], [38, 44], [49, 37], [48, 32], [14, 2], [38, 30], [49, 9], [21, 16], [45, 13], [16, 24], [20, 7], [17, 40], [21, 8], [14, 9], [40, 0], [17, 24], [36, 37], [24, 47], [45, 15], [48, 40], [30, 1], [23, 44], [7, 48], [20, 6], [23, 1], [47, 21], [42, 45], [23, 32], [30, 6], [41, 4], [31, 32], [0, 23], [48, 4], [45, 5], [10, 3], [45, 23], [9, 36], [14, 19], [18, 26], [26, 4], [48, 41], [41, 39], [18, 24], [19, 47], [15, 33], [41, 7], [3, 49], [24, 30], [20, 2], [35, 1], [19, 41], [3, 44], [40, 46], [23, 2], [47, 23], [24, 3], [33, 1], [27, 48], [41, 47], [18, 37], [22, 31], [17, 35], [5, 12], [9, 45], [49, 26], [42, 47], [12, 20], [42, 10], [25, 49], [8, 48], [31, 0], [27, 46], [36, 1], [41, 5], [2, 46], [17, 22], [33, 39], [24, 46], [17, 11], [47, 27], [7, 0], [43, 40], [43, 47], [44, 8], [46, 39], [18, 0], [20, 3], [42, 15], [20, 21], [46, 40], [17, 9], [2, 18], [35, 42], [45, 39], [15, 30], [27, 22], [42, 7], [49, 41], [49, 43], [39, 44], [23, 12], [41, 48], [6, 3], [45, 27], [40, 45], [44, 40], [39, 40], [45, 2], [1, 0], [21, 40], [29, 49], [38, 48], [42, 8], [41, 42], [42, 48], [8, 26], [24, 28], [33, 14], [12, 3], [43, 46], [17, 49], [2, 19], [5, 22], [28, 2], [35, 0], [35, 3], [33, 10], [6, 49], [25, 29], [40, 21], [15, 20], [23, 31], [44, 10], [17, 31], [14, 11], [28, 1], [24, 32], [18, 6], [48, 35], [25, 0], [45, 38], [26, 48], [12, 26], [3, 46], [46, 4], [42, 42], [48, 37], [24, 34], [27, 35], [12, 12], [23, 33], [23, 0], [15, 3], [35, 47], [45, 34], [18, 33], [43, 18], [33, 21], [38, 45], [25, 42], [42, 49], [44, 35], [42, 1], [35, 37], [34, 34], [44, 36], [10, 2], [45, 21], [32, 48], [21, 38], [15, 34], [17, 37], [43, 6], [38, 37], [1, 25], [43, 49], [20, 40], [39, 43], [19, 37], [22, 27], [49, 38], [15, 16], [48, 21], [46, 38], [24, 2], [45, 8], [46, 13], [40, 1], [27, 37], [25, 2], [0, 16], [44, 6], [30, 0], [44, 38], [15, 12], [19, 36], [45, 25], [1, 20], [32, 31], [36, 2], [4, 46], [43, 15], [4, 24], [15, 9], [27, 31], [23, 48], [48, 5], [17, 12], [37, 49], [35, 49], [16, 34], [34, 47], [26, 5], [18, 42], [49, 45], [49, 46], [18, 38], [47, 40], [37, 2], [25, 28], [44, 5], [43, 2], [44, 3], [32, 17], [26, 41], [25, 40], [41, 1], [1, 13], [41, 38], [23, 8], [5, 2], [36, 36], [20, 37], [46, 37], [18, 1], [44, 4], [45, 37], [31, 31], [14, 23], [40, 38], [40, 42], [12, 31], [25, 41], [43, 14], [32, 20], [47, 36], [45, 7], [33, 48], [32, 1], [22, 13], [14, 47], [34, 36], [45, 18], [39, 48], [45, 26], [45, 47]]}