{"meta": {"number_of_robots": 4500, "description": {"parameters": {"seed": 1592, "shape": [100, 100], "obstacles": {"n": 0, "mean": 7, "std": 3.5}, "clusters": {"n": 20, "mean": 20, "std": 10.0, "relative_radius": 2, "increase_factor": 1.3, "start_dist": {"generator_name": "Image", "shape": [100, 100], "min": 0.0, "max": 128.0, "mean": 62.6592, "std": 60.47698947004554, "dtype": "uint64", "parameters": {"image": "redblue.png", "transformer": {"name": "ColorChannelSelector", "channel": "r", "inverted": false}}}, "target_dist": {"generator_name": "Image", "shape": [100, 100], "min": 0.0, "max": 153.0, "mean": 78.1275, "std": 72.29855768789582, "dtype": "uint64", "parameters": {"image": "redblue.png", "transformer": {"name": "ColorChannelSelector", "channel": "b", "inverted": false}}}}, "density": 0.45, "start_dist": {"generator_name": "Image", "shape": [100, 100], "min": 0.0, "max": 128.0, "mean": 62.6592, "std": 60.47698947004554, "dtype": "uint64", "parameters": {"image": "redblue.png", "transformer": {"name": "ColorChannelSelector", "channel": "r", "inverted": false}}}, "target_dist": {"generator_name": "Image", "shape": [100, 100], "min": 0.0, "max": 153.0, "mean": 78.1275, "std": 72.29855768789582, "dtype": "uint64", "parameters": {"image": "redblue.png", "transformer": {"name": "ColorChannelSelector", "channel": "b", "inverted": false}}}}, "stats": {"date": "2020-11-17", "free_area": 10000.0, "number_of_clustered_robots": 385, "number_of_robots": 4500}}}, "name": "redblue_00009_100x100_45_4500", "obstacles": [], "starts": [[7, 18], [41, 66], [73, 19], [75, 96], [79, 35], [72, 65], [15, 12], [1, 37], [78, 8], [11, 50], [39, 0], [38, 63], [60, 93], [89, 38], [60, 72], [44, 26], [5, 12], [3, 96], [78, 95], [50, 48], [49, 77], [70, 12], [69, 99], [79, 30], [41, 20], [76, 96], [89, 39], [69, 67], [45, 0], [0, 10], [69, 68], [17, 12], [0, 95], [46, 66], [75, 19], [64, 94], [3, 32], [81, 35], [76, 9], [43, 29], [78, 96], [50, 71], [88, 43], [49, 48], [77, 68], [40, 0], [3, 11], [63, 72], [74, 10], [74, 94], [19, 17], [40, 67], [0, 97], [51, 77], [80, 33], [39, 22], [79, 95], [86, 41], [5, 16], [71, 18], [73, 93], [47, 78], [71, 62], [37, 4], [4, 10], [5, 33], [70, 68], [16, 12], [79, 32], [77, 8], [40, 22], [7, 93], [75, 94], [74, 18], [69, 98], [43, 72], [82, 48], [48, 47], [71, 61], [43, 4], [45, 78], [4, 12], [64, 72], [81, 31], [37, 28], [73, 18], [66, 91], [15, 15], [39, 61], [77, 96], [87, 45], [1, 97], [1, 36], [42, 68], [70, 17], [65, 99], [68, 64], [44, 3], [79, 28], [76, 13], [44, 27], [4, 14], [64, 73], [73, 94], [49, 64], [18, 18], [84, 47], [2, 15], [48, 51], [74, 11], [67, 99], [6, 96], [79, 29], [41, 26], [49, 75], [68, 67], [39, 2], [78, 93], [8, 9], [6, 31], [65, 74], [70, 9], [74, 97], [90, 38], [39, 66], [20, 15], [42, 59], [86, 28], [78, 7], [45, 19], [3, 93], [70, 61], [37, 6], [77, 95], [67, 12], [66, 97], [48, 73], [2, 18], [86, 46], [65, 71], [50, 51], [81, 33], [42, 24], [14, 18], [46, 67], [73, 16], [70, 92], [3, 35], [75, 95], [71, 60], [41, 3], [5, 92], [87, 46], [3, 14], [47, 73], [7, 10], [62, 70], [77, 28], [77, 9], [43, 19], [73, 14], [67, 94], [21, 18], [38, 67], [73, 96], [46, 72], [68, 60], [37, 7], [88, 41], [48, 48], [74, 15], [66, 98], [2, 95], [78, 29], [38, 30], [0, 9], [2, 31], [66, 74], [47, 71], [73, 97], [22, 17], [69, 9], [63, 94], [72, 66], [41, 1], [83, 48], [53, 76], [77, 29], [76, 8], [44, 19], [7, 94], [2, 13], [67, 73], [77, 92], [71, 12], [66, 92], [52, 78], [80, 32], [74, 64], [22, 16], [0, 38], [41, 2], [36, 60], [57, 95], [87, 41], [45, 18], [3, 13], [56, 44], [43, 66], [72, 18], [69, 91], [76, 94], [0, 13], [64, 70], [1, 94], [78, 34], [75, 14], [38, 27], [50, 77], [87, 42], [75, 66], [36, 8], [75, 15], [68, 96], [20, 17], [73, 92], [53, 64], [3, 10], [6, 32], [60, 69], [79, 31], [42, 26], [2, 94], [75, 18], [67, 92], [82, 45], [49, 50], [71, 67], [36, 2], [40, 71], [17, 15], [39, 63], [76, 97], [68, 10], [71, 90], [86, 40], [74, 9], [42, 25], [6, 12], [61, 76], [51, 76], [91, 40], [2, 16], [6, 95], [75, 63], [35, 3], [76, 95], [1, 33], [70, 13], [70, 91], [50, 69], [22, 21], [87, 40], [46, 19], [4, 17], [87, 44], [67, 75], [50, 50], [52, 70], [73, 15], [68, 99], [74, 96], [70, 64], [45, 2], [4, 93], [79, 33], [79, 7], [41, 28], [17, 16], [43, 67], [40, 65], [83, 45], [75, 8], [67, 91], [6, 16], [4, 32], [61, 68], [74, 93], [72, 63], [43, 2], [50, 70], [78, 28], [43, 20], [5, 95], [68, 13], [63, 91], [14, 13], [86, 42], [5, 14], [55, 44], [50, 73], [76, 93], [7, 16], [62, 69], [82, 35], [73, 10], [46, 20], [74, 60], [44, 5], [74, 13], [72, 93], [47, 75], [0, 35], [0, 96], [89, 41], [19, 18], [41, 62], [74, 95], [67, 15], [69, 92], [82, 33], [44, 29], [2, 11], [67, 71], [46, 69], [74, 65], [35, 5], [84, 45], [52, 48], [50, 76], [72, 14], [66, 99], [73, 98], [0, 94], [87, 28], [78, 13], [46, 22], [17, 18], [6, 13], [4, 34], [60, 78], [69, 61], [35, 4], [50, 67], [68, 14], [67, 97], [85, 43], [0, 12], [75, 97], [80, 35], [45, 27], [48, 69], [6, 93], [16, 18], [42, 67], [67, 17], [70, 90], [4, 9], [66, 68], [73, 66], [35, 7], [89, 42], [52, 50], [49, 76], [77, 93], [87, 30], [79, 6], [44, 28], [4, 33], [72, 13], [66, 93], [50, 68], [6, 94], [20, 18], [8, 12], [67, 70], [74, 59], [36, 4], [85, 47], [74, 92], [78, 30], [47, 24], [75, 17], [73, 91], [45, 70], [75, 72], [75, 16], [95, 28], [22, 70], [74, 67], [94, 37], [0, 5], [58, 78], [70, 10], [69, 63], [20, 94], [71, 36], [44, 96], [50, 49], [42, 84], [8, 24], [30, 51], [43, 93], [28, 28], [71, 80], [28, 81], [58, 6], [65, 65], [20, 70], [97, 8], [59, 80], [24, 95], [92, 85], [40, 97], [32, 74], [47, 50], [75, 53], [14, 87], [99, 10], [21, 1], [78, 19], [96, 14], [0, 43], [74, 42], [41, 68], [85, 88], [42, 71], [11, 38], [76, 92], [20, 41], [68, 63], [94, 87], [90, 98], [63, 21], [74, 70], [29, 82], [44, 83], [25, 29], [89, 57], [11, 12], [3, 23], [75, 51], [19, 95], [77, 67], [95, 18], [69, 0], [61, 11], [14, 59], [58, 4], [25, 4], [9, 17], [63, 54], [91, 93], [43, 42], [12, 94], [77, 12], [25, 41], [94, 19], [21, 20], [98, 95], [66, 50], [85, 50], [73, 58], [55, 10], [2, 4], [63, 93], [87, 85], [55, 18], [5, 2], [15, 46], [82, 49], [57, 37], [17, 10], [35, 56], [16, 36], [75, 12], [22, 95], [95, 70], [92, 49], [11, 36], [18, 95], [49, 26], [15, 88], [34, 2], [34, 86], [57, 39], [14, 36], [2, 47], [22, 64], [73, 57], [81, 52], [46, 41], [62, 48], [76, 21], [72, 81], [62, 50], [80, 8], [54, 29], [35, 54], [48, 26], [20, 1], [75, 70], [75, 73], [32, 94], [54, 91], [73, 17], [31, 51], [91, 12], [10, 9], [46, 37], [1, 57], [97, 34], [71, 17], [45, 90], [70, 55], [37, 65], [61, 6], [54, 15], [95, 99], [39, 60], [77, 31], [98, 44], [96, 34], [93, 64], [93, 14], [18, 49], [85, 45], [31, 85], [16, 32], [8, 48], [60, 68], [85, 85], [16, 31], [64, 67], [49, 12], [63, 7], [67, 64], [53, 31], [31, 10], [40, 73], [78, 20], [62, 58], [12, 88], [1, 39], [12, 2], [90, 63], [37, 9], [93, 21], [29, 96], [37, 89], [32, 89], [43, 97], [97, 35], [68, 98], [1, 44], [59, 7], [67, 98], [33, 76], [26, 30], [37, 96], [52, 17], [14, 61], [10, 11], [13, 84], [61, 24], [95, 97], [52, 12], [14, 91], [63, 51], [98, 48], [33, 10], [16, 17], [45, 1], [47, 36], [40, 86], [53, 23], [56, 36], [71, 15], [87, 88], [60, 7], [43, 12], [23, 94], [44, 9], [88, 27], [54, 63], [95, 15], [10, 39], [42, 98], [10, 38], [10, 17], [13, 62], [38, 64], [97, 40], [28, 64], [87, 68], [92, 2], [69, 62], [4, 58], [40, 12], [88, 61], [17, 40], [30, 10], [52, 16], [52, 41], [9, 47], [97, 99], [3, 78], [38, 85], [7, 48], [86, 87], [18, 43], [69, 7], [74, 75], [17, 52], [86, 73], [23, 3], [56, 48], [45, 43], [59, 84], [68, 59], [86, 68], [93, 83], [98, 38], [76, 16], [48, 50], [2, 5], [59, 20], [39, 67], [77, 13], [9, 8], [98, 8], [21, 31], [69, 64], [45, 29], [89, 40], [16, 46], [44, 12], [55, 28], [96, 32], [42, 3], [76, 82], [4, 26], [73, 40], [83, 67], [91, 87], [98, 98], [58, 10], [83, 65], [97, 98], [18, 26], [2, 37], [80, 36], [47, 72], [52, 8], [11, 39], [57, 20], [14, 16], [39, 52], [28, 53], [68, 92], [77, 23], [14, 53], [60, 87], [51, 40], [28, 96], [61, 85], [79, 68], [41, 87], [36, 35], [14, 85], [98, 25], [10, 13], [46, 2], [96, 3], [12, 15], [12, 17], [30, 92], [59, 5], [94, 38], [54, 25], [16, 33], [71, 56], [51, 86], [13, 60], [33, 88], [92, 22], [72, 67], [5, 24], [9, 14], [7, 53], [56, 26], [2, 80], [56, 14], [85, 86], [27, 82], [6, 10], [60, 89], [32, 75], [2, 22], [50, 88], [62, 7], [62, 88], [32, 86], [19, 96], [92, 63], [60, 34], [14, 10], [52, 25], [70, 8], [99, 34], [76, 67], [92, 98], [18, 84], [46, 38], [90, 67], [14, 58], [42, 93], [3, 58], [60, 80], [19, 70], [15, 60], [53, 42], [70, 15], [88, 84], [49, 22], [22, 85], [74, 53], [96, 33], [93, 84], [53, 43], [96, 27], [24, 31], [35, 10], [49, 9], [3, 60], [49, 37], [41, 52], [41, 96], [37, 67], [12, 52], [57, 11], [44, 67], [14, 49], [89, 90], [52, 31], [69, 81], [6, 9], [21, 79], [9, 53], [59, 27], [81, 17], [40, 50], [76, 54], [87, 63], [2, 36], [81, 32], [56, 8], [14, 57], [18, 24], [67, 90], [42, 50], [16, 34], [22, 67], [97, 28], [85, 60], [96, 22], [31, 87], [66, 76], [41, 42], [48, 74], [34, 56], [21, 93], [12, 33], [50, 65], [1, 79], [38, 53], [83, 69], [43, 49], [11, 91], [19, 94], [51, 85], [50, 40], [80, 68], [14, 37], [47, 46], [56, 11], [71, 41], [8, 11], [8, 20], [3, 80], [93, 98], [15, 0], [46, 73], [17, 37], [62, 19], [99, 42], [90, 64], [69, 83], [57, 34], [93, 67], [19, 69], [14, 15], [86, 61], [81, 46], [8, 25], [59, 95], [54, 5], [62, 68], [31, 73], [44, 37], [29, 55], [60, 51], [96, 28], [46, 94], [63, 77], [56, 28], [26, 77], [75, 56], [54, 77], [42, 61], [21, 68], [5, 29], [86, 89], [61, 20], [0, 7], [43, 88], [85, 27], [42, 89], [63, 74], [61, 77], [96, 86], [52, 14], [74, 54], [43, 65], [59, 19], [0, 46], [78, 51], [32, 55], [45, 95], [33, 85], [85, 44], [11, 49], [95, 32], [62, 18], [3, 28], [70, 81], [76, 51], [98, 34], [78, 66], [69, 45], [68, 65], [91, 65], [19, 71], [1, 29], [38, 28], [82, 63], [64, 81], [13, 33], [55, 17], [89, 59], [24, 77], [22, 83], [82, 67], [4, 7], [65, 23], [23, 0], [24, 90], [23, 89], [84, 48], [12, 43], [72, 76], [34, 3], [60, 4], [55, 9], [65, 32], [93, 97], [31, 14], [90, 56], [40, 60], [44, 90], [76, 14], [14, 90], [25, 68], [64, 46], [43, 92], [22, 46], [29, 87], [38, 7], [84, 54], [16, 43], [43, 89], [5, 30], [8, 52], [92, 48], [98, 59], [12, 13], [94, 0], [35, 8], [1, 59], [77, 82], [73, 61], [64, 93], [39, 92], [50, 30], [99, 59], [19, 1], [52, 5], [57, 46], [61, 7], [96, 70], [15, 34], [57, 41], [4, 19], [78, 16], [59, 42], [64, 32], [41, 55], [69, 44], [59, 22], [83, 71], [46, 92], [45, 53], [86, 43], [96, 20], [59, 32], [68, 47], [11, 51], [42, 66], [66, 87], [54, 6], [63, 80], [80, 66], [56, 45], [64, 78], [55, 13], [25, 85], [58, 9], [4, 2], [3, 56], [91, 83], [82, 64], [64, 28], [19, 25], [40, 53], [16, 35], [71, 14], [22, 76], [99, 47], [22, 44], [81, 45], [37, 38], [32, 85], [67, 62], [51, 11], [25, 88], [41, 74], [32, 17], [24, 68], [51, 39], [57, 5], [62, 85], [48, 10], [67, 27], [65, 83], [94, 36], [97, 26], [36, 92], [45, 99], [44, 48], [95, 38], [59, 66], [34, 90], [74, 82], [60, 17], [91, 39], [54, 34], [61, 22], [45, 47], [30, 55], [84, 74], [22, 18], [61, 96], [23, 76], [0, 37], [21, 77], [35, 38], [65, 47], [46, 42], [44, 50], [74, 8], [12, 92], [13, 43], [54, 42], [23, 42], [40, 70], [41, 13], [70, 34], [66, 71], [71, 99], [76, 43], [59, 9], [55, 14], [57, 8], [93, 50], [49, 65], [60, 35], [58, 92], [22, 98], [42, 14], [6, 6], [56, 9], [45, 4], [34, 91], [37, 68], [75, 77], [40, 96], [87, 57], [16, 49], [74, 14], [74, 68], [63, 47], [92, 57], [0, 40], [87, 73], [74, 66], [81, 48], [82, 17], [41, 89], [14, 35], [73, 63], [0, 39], [61, 88], [76, 20], [6, 52], [41, 63], [62, 55], [65, 51], [72, 36], [15, 32], [57, 65], [47, 10], [64, 33], [1, 56], [62, 91], [28, 2], [20, 65], [22, 69], [22, 99], [25, 2], [6, 2], [52, 27], [15, 9], [39, 57], [28, 17], [26, 31], [18, 44], [14, 34], [73, 59], [1, 27], [55, 6], [79, 34], [78, 71], [52, 44], [58, 46], [54, 4], [40, 63], [43, 87], [75, 83], [8, 19], [26, 61], [60, 45], [98, 18], [81, 64], [3, 97], [19, 30], [77, 21], [32, 88], [65, 6], [13, 52], [63, 5], [69, 60], [12, 10], [24, 0], [68, 5], [70, 7], [52, 40], [51, 30], [64, 79], [82, 46], [21, 17], [54, 32], [38, 26], [27, 77], [61, 84], [90, 69], [66, 59], [89, 64], [51, 62], [60, 94], [23, 57], [60, 52], [89, 24], [58, 91], [39, 39], [25, 57], [60, 77], [61, 72], [86, 58], [45, 66], [84, 89], [35, 55], [68, 18], [71, 59], [42, 90], [62, 49], [85, 46], [63, 6], [71, 64], [2, 27], [41, 58], [55, 90], [35, 2], [29, 92], [61, 50], [19, 86], [49, 63], [3, 47], [11, 33], [3, 7], [24, 53], [2, 96], [80, 46], [78, 67], [71, 82], [78, 83], [13, 81], [48, 77], [78, 9], [79, 19], [75, 76], [37, 93], [39, 41], [44, 20], [41, 98], [1, 80], [68, 72], [26, 4], [74, 61], [3, 51], [61, 93], [22, 96], [66, 28], [93, 34], [28, 68], [87, 27], [31, 80], [30, 15], [72, 97], [60, 85], [33, 19], [27, 78], [4, 30], [40, 39], [34, 55], [70, 67], [23, 19], [30, 62], [35, 89], [88, 63], [17, 2], [76, 83], [99, 41], [70, 60], [60, 25], [59, 87], [69, 15], [80, 18], [46, 12], [95, 1], [85, 74], [46, 6], [55, 76], [3, 94], [75, 10], [58, 21], [22, 41], [13, 41], [14, 38], [36, 61], [41, 71], [60, 81], [49, 66], [81, 18], [57, 30], [25, 76], [48, 72], [82, 51], [5, 49], [3, 27], [29, 12], [84, 55], [89, 63], [25, 1], [44, 54], [69, 12], [99, 28], [55, 38], [31, 84], [9, 15], [38, 58], [16, 57], [6, 14], [60, 86], [50, 37], [73, 20], [90, 87], [5, 27], [40, 11], [0, 11], [65, 50], [6, 25], [15, 44], [56, 25], [87, 84], [74, 16], [86, 84], [76, 6], [29, 89], [84, 7], [62, 28], [3, 42], [23, 79], [66, 48], [19, 32], [4, 28], [66, 77], [19, 34], [72, 12], [64, 30], [20, 29], [75, 62], [96, 2], [98, 24], [1, 48], [74, 40], [95, 87], [77, 11], [2, 51], [56, 4], [25, 53], [60, 23], [25, 31], [54, 90], [11, 14], [62, 76], [63, 23], [75, 58], [61, 8], [42, 74], [95, 84], [19, 31], [10, 19], [63, 81], [59, 39], [58, 28], [27, 60], [1, 81], [6, 19], [42, 95], [0, 3], [17, 0], [27, 30], [56, 42], [29, 15], [80, 49], [63, 45], [68, 11], [84, 67], [85, 49], [74, 56], [3, 8], [18, 0], [51, 68], [17, 32], [88, 26], [74, 45], [27, 71], [27, 91], [74, 43], [95, 21], [35, 58], [78, 44], [31, 54], [72, 74], [40, 59], [2, 76], [76, 50], [1, 13], [89, 29], [95, 36], [30, 99], [67, 61], [70, 84], [29, 99], [28, 32], [20, 68], [6, 61], [59, 33], [64, 88], [52, 90], [24, 76], [84, 88], [69, 8], [91, 63], [86, 27], [25, 54], [46, 40], [22, 40], [56, 66], [24, 96], [42, 30], [53, 65], [80, 65], [96, 4], [93, 60], [63, 78], [69, 17], [41, 51], [57, 14], [71, 35], [92, 67], [71, 79], [79, 96], [54, 26], [95, 96], [12, 35], [4, 22], [61, 98], [4, 35], [91, 15], [6, 23], [78, 82], [31, 11], [14, 12], [59, 86], [14, 60], [87, 86], [76, 7], [29, 63], [98, 40], [91, 23], [21, 43], [66, 73], [5, 20], [14, 45], [19, 65], [82, 73], [23, 30], [68, 9], [60, 73], [3, 82], [83, 68], [72, 9], [81, 8], [90, 23], [90, 39], [23, 41], [60, 92], [65, 4], [47, 49], [15, 85], [0, 28], [66, 64], [38, 92], [46, 78], [1, 17], [84, 86], [26, 79], [60, 18], [59, 68], [41, 60], [15, 33], [59, 41], [22, 86], [13, 44], [87, 64], [29, 81], [93, 51], [28, 1], [55, 77], [17, 39], [45, 6], [27, 28], [39, 72], [9, 73], [49, 69], [77, 51], [73, 67], [1, 12], [2, 28], [54, 23], [92, 62], [97, 21], [83, 70], [97, 27], [24, 66], [6, 63], [55, 78], [88, 28], [36, 90], [13, 1], [62, 21], [54, 67], [77, 66], [4, 60], [95, 35], [45, 48], [23, 46], [81, 6], [94, 6], [57, 36], [37, 64], [58, 67], [97, 4], [38, 40], [91, 89], [7, 12], [42, 19], [16, 70], [3, 83], [55, 45], [15, 48], [90, 65], [21, 87], [39, 38], [88, 40], [78, 45], [67, 47], [48, 11], [50, 72], [85, 62], [53, 86], [46, 8], [34, 93], [99, 43], [44, 93], [23, 78], [53, 5], [28, 11], [38, 57], [17, 59], [63, 10], [36, 55], [85, 59], [66, 70], [5, 7], [73, 56], [23, 17], [77, 10], [91, 24], [51, 22], [17, 58], [98, 26], [79, 65], [6, 29], [38, 87], [88, 45], [55, 8], [64, 49], [45, 96], [92, 90], [73, 80], [22, 4], [69, 66], [16, 40], [82, 70], [33, 58], [95, 98], [34, 8], [24, 29], [95, 67], [43, 94], [81, 71], [80, 51], [65, 72], [56, 95], [99, 3], [59, 98], [67, 93], [78, 68], [41, 43], [73, 73], [46, 80], [12, 18], [89, 62], [62, 8], [47, 20], [34, 88], [75, 9], [62, 86], [45, 85], [73, 78], [39, 56], [22, 15], [55, 67], [21, 98], [52, 76], [57, 42], [48, 70], [76, 79], [57, 68], [48, 19], [19, 16], [92, 21], [37, 11], [61, 89], [64, 47], [19, 2], [55, 26], [73, 64], [10, 10], [38, 36], [30, 0], [10, 18], [57, 50], [69, 10], [43, 30], [41, 57], [16, 11], [58, 13], [13, 40], [59, 93], [26, 68], [15, 31], [2, 3], [75, 11], [48, 38], [61, 53], [45, 20], [89, 68], [89, 85], [85, 57], [83, 54], [55, 88], [62, 11], [6, 8], [94, 23], [20, 45], [77, 70], [15, 3], [71, 93], [82, 8], [62, 72], [16, 8], [48, 13], [80, 71], [55, 86], [94, 24], [80, 82], [27, 31], [30, 85], [78, 69], [21, 53], [81, 51], [44, 49], [54, 84], [22, 78], [13, 88], [2, 29], [58, 32], [84, 49], [45, 98], [87, 22], [52, 3], [51, 20], [82, 47], [46, 84], [89, 23], [48, 79], [81, 4], [49, 14], [57, 24], [26, 80], [59, 77], [19, 29], [50, 21], [59, 52], [90, 57], [50, 15], [63, 28], [78, 70], [37, 57], [13, 87], [26, 90], [68, 70], [16, 72], [77, 14], [41, 27], [69, 6], [87, 65], [37, 36], [5, 11], [3, 50], [93, 1], [37, 56], [28, 16], [61, 69], [94, 12], [41, 86], [36, 89], [3, 77], [56, 10], [82, 52], [19, 64], [38, 59], [92, 68], [17, 11], [55, 5], [54, 64], [62, 56], [20, 46], [82, 43], [74, 6], [14, 43], [44, 43], [63, 53], [25, 84], [68, 48], [34, 7], [25, 80], [60, 90], [22, 92], [62, 67], [87, 62], [42, 11], [20, 32], [7, 22], [19, 48], [90, 31], [68, 93], [56, 40], [44, 51], [11, 34], [62, 94], [24, 44], [22, 84], [3, 22], [65, 92], [20, 93], [15, 57], [85, 55], [28, 88], [43, 38], [65, 76], [98, 47], [63, 48], [66, 32], [52, 87], [54, 35], [49, 25], [31, 75], [71, 43], [1, 42], [4, 8], [64, 75], [75, 74], [74, 19], [65, 45], [94, 65], [57, 29], [47, 39], [72, 44], [20, 98], [21, 92], [16, 10], [41, 54], [16, 45], [97, 41], [24, 94], [14, 2], [43, 47], [98, 3], [44, 82], [97, 19], [55, 80], [54, 66], [17, 38], [91, 2], [23, 99], [21, 97], [83, 66], [59, 92], [38, 95], [96, 45], [58, 33], [92, 92], [44, 42], [85, 48], [87, 89], [88, 67], [28, 67], [47, 95], [16, 53], [82, 65], [16, 30], [51, 51], [30, 97], [32, 56], [56, 94], [15, 89], [40, 57], [37, 8], [90, 92], [25, 77], [56, 34], [39, 10], [71, 66], [94, 70], [93, 16], [38, 61], [3, 76], [27, 1], [46, 76], [43, 46], [43, 5], [91, 57], [24, 93], [93, 87], [41, 11], [26, 88], [15, 4], [90, 60], [93, 35], [78, 27], [8, 53], [59, 10], [61, 46], [68, 46], [27, 43], [14, 89], [66, 49], [70, 11], [39, 40], [52, 62], [11, 18], [47, 9], [28, 13], [30, 54], [73, 33], [36, 96], [79, 82], [25, 92], [59, 36], [63, 29], [62, 52], [9, 11], [89, 28], [99, 4], [24, 48], [23, 66], [92, 97], [0, 34], [6, 62], [51, 31], [53, 26], [1, 4], [67, 60], [55, 91], [58, 96], [93, 13], [11, 13], [76, 66], [89, 98], [85, 84], [61, 91], [84, 4], [23, 80], [48, 76], [45, 84], [45, 45], [71, 8], [33, 74], [96, 99], [55, 25], [70, 62], [33, 90], [77, 94], [62, 20], [10, 47], [57, 96], [67, 45], [36, 97], [52, 29], [19, 82], [37, 40], [58, 65], [10, 8], [65, 28], [59, 91], [95, 68], [62, 10], [53, 80], [17, 25], [25, 94], [15, 45], [61, 30], [57, 49], [99, 33], [50, 25], [27, 88], [32, 81], [21, 16], [85, 6], [42, 91], [13, 15], [42, 46], [55, 33], [64, 48], [39, 98], [82, 16], [97, 97], [84, 46], [17, 9], [77, 79], [42, 57], [72, 46], [68, 57], [82, 71], [40, 56], [52, 38], [87, 72], [0, 57], [46, 91], [62, 57], [97, 22], [58, 39], [58, 43], [25, 82], [71, 46], [62, 33], [17, 69], [22, 65], [97, 45], [23, 53], [19, 44], [71, 65], [82, 6], [55, 30], [66, 89], [79, 88], [81, 44], [9, 48], [44, 4], [52, 32], [31, 86], [5, 48], [29, 10], [47, 47], [94, 99], [39, 11], [13, 57], [50, 38], [24, 91], [54, 19], [86, 90], [42, 54], [72, 43], [45, 44], [50, 22], [49, 89], [59, 79], [28, 31], [92, 24], [54, 18], [72, 17], [62, 73], [90, 22], [31, 55], [20, 82], [77, 50], [20, 35], [31, 31], [86, 63], [56, 79], [49, 90], [93, 88], [54, 20], [77, 69], [77, 22], [2, 34], [59, 11], [99, 89], [58, 8], [3, 25], [98, 99], [30, 53], [49, 51], [53, 69], [82, 34], [89, 66], [42, 62], [15, 61], [2, 55], [66, 46], [49, 49], [61, 92], [46, 18], [97, 39], [51, 15], [91, 85], [39, 30], [5, 19], [52, 37], [45, 14], [41, 25], [21, 80], [2, 43], [66, 61], [54, 62], [85, 71], [3, 59], [92, 1], [8, 62], [2, 97], [91, 11], [45, 52], [91, 22], [85, 73], [18, 85], [24, 84], [41, 53], [55, 37], [60, 46], [65, 88], [40, 69], [33, 94], [5, 47], [60, 84], [7, 11], [64, 23], [42, 85], [95, 66], [70, 65], [24, 88], [71, 98], [63, 85], [6, 15], [65, 46], [0, 2], [42, 29], [79, 70], [66, 58], [42, 20], [31, 91], [56, 65], [51, 26], [16, 71], [62, 89], [66, 75], [78, 33], [4, 95], [31, 76], [61, 45], [12, 93], [8, 46], [22, 75], [85, 75], [20, 31], [13, 2], [71, 44], [85, 70], [83, 53], [3, 12], [17, 43], [44, 92], [39, 54], [98, 0], [4, 29], [85, 69], [40, 2], [92, 65], [53, 19], [74, 81], [13, 50], [36, 37], [45, 38], [47, 23], [5, 21], [62, 51], [41, 69], [54, 43], [29, 69], [4, 3], [54, 28], [56, 69], [53, 79], [18, 45], [67, 48], [71, 81], [14, 62], [64, 82], [14, 48], [53, 84], [41, 91], [5, 59], [47, 97], [46, 0], [78, 48], [79, 9], [26, 29], [4, 25], [22, 55], [21, 94], [61, 32], [47, 83], [70, 45], [75, 64], [73, 62], [38, 9], [88, 30], [57, 80], [62, 9], [51, 50], [18, 69], [43, 95], [59, 46], [98, 6], [62, 93], [77, 80], [53, 14], [27, 70], [51, 89], [2, 41], [97, 43], [82, 50], [37, 62], [97, 14], [54, 38], [15, 41], [47, 94], [12, 49], [2, 49], [41, 61], [73, 76], [31, 98], [69, 58], [54, 76], [16, 39], [89, 60], [26, 97], [6, 4], [22, 56], [31, 92], [54, 37], [97, 68], [52, 24], [77, 73], [41, 47], [27, 80], [34, 18], [78, 47], [73, 35], [66, 86], [20, 33], [21, 41], [36, 95], [29, 94], [71, 10], [24, 45], [63, 41], [5, 94], [52, 21], [62, 96], [60, 70], [41, 56], [54, 88], [12, 91], [24, 92], [60, 26], [65, 85], [42, 35], [13, 51], [55, 36], [10, 74], [63, 44], [41, 0], [93, 48], [54, 45], [18, 42], [86, 69], [83, 72], [32, 84], [32, 9], [3, 81], [25, 45], [21, 33], [9, 18], [55, 29], [18, 17], [73, 21], [92, 89], [11, 92], [15, 37], [70, 16], [62, 80], [15, 68], [90, 58], [87, 24], [5, 22], [2, 17], [11, 88], [38, 37], [36, 94], [7, 2], [39, 58], [20, 86], [75, 69], [23, 15], [44, 13], [21, 95], [99, 95], [11, 8], [95, 33], [90, 99], [1, 41], [68, 16], [86, 67], [61, 5], [51, 71], [45, 71], [26, 43], [99, 26], [91, 67], [88, 57], [33, 56], [97, 20], [49, 70], [63, 9], [59, 82], [94, 2], [13, 36], [37, 55], [84, 56], [24, 43], [50, 24], [84, 62], [70, 83], [75, 79], [52, 23], [4, 21], [93, 24], [48, 14], [86, 59], [58, 42], [29, 62], [58, 40], [29, 70], [34, 4], [96, 24], [57, 43], [96, 29], [44, 8], [26, 94], [52, 30], [24, 65], [10, 94], [14, 41], [32, 18], [41, 21], [59, 53], [37, 97], [78, 80], [44, 66], [90, 88], [51, 23], [91, 99], [46, 48], [14, 51], [58, 69], [72, 16], [26, 78], [28, 30], [15, 51], [89, 88], [4, 16], [40, 28], [42, 40], [65, 66], [64, 43], [7, 63], [45, 51], [71, 55], [32, 73], [21, 0], [6, 53], [38, 91], [96, 19], [36, 93], [57, 7], [36, 3], [11, 15], [44, 40], [76, 18], [47, 76], [56, 77], [47, 26], [88, 82], [68, 76], [8, 7], [86, 26], [79, 66], [95, 4], [41, 65], [24, 56], [14, 33], [64, 21], [35, 94], [2, 60], [53, 32], [56, 93], [78, 22], [51, 28], [13, 37], [13, 35], [16, 68], [10, 15], [64, 41], [44, 34], [82, 68], [15, 71], [75, 57], [46, 50], [69, 82], [22, 91], [8, 47], [88, 88], [44, 70], [45, 97], [91, 64], [81, 49], [40, 98], [39, 65], [25, 67], [0, 4], [11, 9], [3, 55], [40, 43], [60, 55], [65, 86], [34, 58], [55, 35], [8, 2], [53, 33], [4, 78], [98, 36], [1, 26], [93, 92], [90, 0], [27, 83], [40, 55], [8, 23], [75, 92], [63, 24], [61, 17], [27, 90], [28, 99], [31, 93], [79, 42], [23, 20], [93, 39], [58, 68], [4, 94], [51, 78], [72, 42], [21, 2], [86, 45], [95, 23], [29, 54], [77, 71], [42, 47], [86, 62], [99, 97], [23, 45], [73, 54], [64, 74], [25, 89], [6, 1], [90, 41], [89, 25], [70, 82], [17, 30], [88, 60], [18, 98], [73, 45], [63, 75], [96, 39], [42, 41], [22, 43], [12, 37], [56, 43], [60, 48], [14, 14], [30, 78], [5, 3], [3, 2], [56, 6], [33, 91], [92, 58], [45, 93], [56, 13], [32, 12], [98, 22], [8, 95], [92, 64], [24, 99], [18, 1], [13, 13], [87, 56], [42, 4], [13, 82], [61, 33], [20, 64], [95, 85], [65, 31], [4, 55], [20, 16], [37, 60], [7, 20], [79, 48], [23, 71], [67, 68], [54, 65], [18, 48], [91, 49], [11, 89], [5, 13], [73, 25], [70, 43], [43, 24], [8, 10], [13, 12], [76, 81], [50, 63], [47, 40], [99, 12], [36, 10], [83, 49], [3, 6], [54, 68], [51, 3], [34, 84], [1, 8], [45, 50], [94, 41], [59, 45], [41, 64], [11, 16], [50, 39], [21, 69], [21, 14], [4, 50], [43, 84], [92, 23], [86, 71], [26, 2], [14, 52], [87, 83], [52, 11], [67, 59], [65, 41], [74, 55], [33, 75], [93, 3], [34, 87], [61, 26], [90, 89], [88, 22], [53, 18], [66, 24], [98, 33], [89, 56], [66, 29], [28, 91], [29, 31], [93, 69], [61, 57], [27, 29], [53, 41], [80, 47], [4, 84], [97, 1], [28, 42], [82, 66], [86, 56], [46, 51], [39, 86], [1, 31], [62, 17], [52, 68], [72, 8], [8, 18], [58, 5], [45, 69], [65, 93], [12, 48], [23, 31], [46, 81], [94, 69], [61, 94], [29, 0], [73, 23], [40, 42], [49, 24], [16, 15], [67, 6], [6, 33], [29, 56], [62, 74], [14, 86], [92, 88], [24, 52], [30, 96], [34, 57], [72, 15], [82, 53], [64, 5], [19, 66], [23, 91], [58, 79], [88, 70], [54, 40], [69, 46], [71, 57], [75, 50], [76, 69], [97, 42], [53, 87], [5, 84], [45, 83], [45, 7], [96, 44], [51, 88], [51, 4], [56, 87], [98, 32], [23, 4], [78, 10], [52, 77], [60, 76], [84, 52], [39, 85], [38, 69], [56, 92], [87, 82], [81, 65], [94, 39], [74, 23], [15, 35], [61, 86], [3, 18], [45, 8], [64, 6], [61, 27], [5, 63], [18, 68], [53, 66], [87, 29], [73, 13], [7, 95], [94, 88], [64, 29], [52, 79], [14, 3], [89, 87], [50, 87], [29, 64], [23, 81], [52, 84], [8, 22], [69, 80], [76, 23], [68, 91], [18, 99], [29, 90], [75, 6], [41, 99], [29, 95], [58, 19], [4, 83], [70, 98], [88, 68], [2, 9], [85, 5], [74, 85], [78, 21], [7, 25], [95, 39], [62, 26], [14, 46], [72, 84], [35, 11], [28, 0], [75, 65], [19, 47], [4, 24], [99, 5], [30, 75], [58, 35], [59, 54], [43, 91], [92, 91], [84, 63], [65, 25], [38, 96], [25, 95], [63, 79], [91, 61], [11, 40], [38, 39], [16, 9], [36, 53], [45, 36], [66, 90], [3, 79], [39, 91], [36, 36], [68, 69], [98, 16], [61, 95], [18, 94], [34, 89], [51, 69], [65, 78], [65, 75], [34, 95], [68, 62], [72, 68], [95, 2], [43, 73], [25, 93], [53, 7], [41, 49], [13, 39], [79, 94], [49, 11], [24, 81], [8, 54], [41, 84], [30, 84], [59, 85], [64, 40], [73, 82], [64, 69], [45, 49], [83, 73], [0, 42], [13, 14], [7, 49], [66, 60], [99, 11], [53, 3], [91, 98], [6, 20], [29, 98], [20, 0], [27, 97], [43, 98], [44, 84], [14, 81], [38, 62], [92, 17], [98, 30], [65, 48], [24, 54], [40, 9], [74, 57], [54, 89], [17, 99], [97, 16], [46, 7], [79, 72], [17, 13], [30, 52], [46, 29], [89, 86], [60, 6], [58, 47], [95, 12], [16, 89], [72, 90], [62, 75], [61, 52], [77, 47], [52, 88], [30, 32], [58, 3], [74, 35], [85, 72], [62, 31], [72, 91], [8, 15], [8, 17], [30, 83], [50, 61], [76, 28], [64, 50], [4, 49], [27, 89], [23, 2], [78, 15], [45, 39], [37, 92], [4, 48], [6, 46], [15, 47], [98, 23], [15, 52], [47, 8], [24, 30], [43, 13], [57, 93], [49, 27], [22, 90], [29, 91], [45, 40], [71, 92], [13, 91], [1, 14], [24, 70], [64, 84], [98, 5], [52, 13], [58, 48], [94, 98], [3, 9], [65, 57], [80, 19], [23, 67], [15, 17], [23, 56], [50, 23], [23, 95], [84, 53], [86, 81], [52, 63], [67, 76], [21, 40], [51, 29], [2, 81], [79, 67], [25, 44], [93, 89], [52, 89], [88, 59], [52, 51], [10, 54], [18, 67], [54, 81], [15, 2], [26, 96], [17, 44], [73, 34], [43, 90], [72, 80], [38, 70], [59, 69], [44, 2], [97, 29], [60, 47], [1, 32], [13, 16], [0, 36], [9, 22], [94, 17], [50, 14], [68, 90], [75, 23], [60, 44], [29, 53], [36, 5], [41, 85], [13, 42], [40, 61], [24, 79], [62, 23], [50, 10], [61, 81], [22, 79], [25, 98], [95, 16], [75, 78], [17, 47], [63, 82], [79, 43], [18, 96], [39, 68], [21, 71], [8, 13], [5, 96], [64, 31], [76, 27], [97, 23], [15, 49], [85, 7], [18, 86], [17, 42], [43, 15], [43, 51], [36, 38], [54, 7], [12, 87], [62, 5], [23, 84], [95, 37], [15, 58], [64, 87], [26, 69], [37, 63], [15, 42], [44, 55], [94, 21], [79, 21], [24, 55], [74, 58], [16, 4], [28, 65], [84, 50], [38, 52], [57, 27], [52, 85], [51, 7], [67, 89], [40, 41], [66, 26], [63, 34], [83, 6], [76, 25], [12, 50], [51, 84], [49, 79], [12, 58], [26, 0], [1, 78], [7, 1], [98, 28], [61, 29], [35, 13], [92, 50], [94, 97], [97, 30], [47, 69], [50, 13], [16, 42], [55, 24], [30, 9], [27, 68], [32, 87], [5, 15], [12, 89], [95, 3], [39, 87], [0, 55], [92, 61], [58, 36], [40, 91], [38, 11], [79, 49], [73, 43], [74, 77], [1, 55], [41, 29], [97, 95], [91, 94], [86, 60], [59, 55], [44, 44], [95, 22], [62, 53], [35, 12], [54, 24], [66, 66], [13, 93], [63, 92], [65, 29], [88, 83], [58, 50], [5, 31], [39, 51], [87, 59], [65, 87], [42, 87], [55, 16], [19, 19], [52, 6], [43, 53], [46, 98], [13, 3], [15, 13], [60, 9], [32, 83], [43, 86], [47, 25], [56, 5], [15, 90], [17, 17], [65, 58], [74, 62], [66, 6], [41, 41], [24, 28], [52, 2], [45, 65], [46, 77], [70, 63], [59, 50], [23, 43], [28, 89], [99, 36], [24, 57], [42, 94], [45, 11], [94, 85], [93, 85], [81, 66], [30, 87], [6, 64], [48, 39], [37, 90], [10, 16], [6, 18], [1, 46], [59, 51], [56, 18], [65, 70], [78, 81], [64, 8], [80, 42], [33, 93], [84, 6], [49, 78], [56, 21], [17, 46], [68, 12], [39, 28], [20, 97], [7, 52], [91, 51], [39, 62], [44, 41], [28, 62], [50, 74], [40, 30], [43, 41], [97, 36], [97, 5], [15, 43], [42, 1], [55, 87], [17, 34], [62, 32], [1, 45], [71, 77], [65, 52], [63, 71], [39, 55], [60, 56], [31, 9], [75, 42], [76, 68], [1, 11], [39, 29], [35, 93], [70, 44], [59, 8], [27, 69], [84, 69], [34, 5], [45, 10], [45, 81], [81, 16], [63, 67], [90, 85], [70, 18], [1, 6], [48, 49], [54, 39], [13, 86], [53, 77], [23, 69], [23, 40], [58, 93], [40, 54], [17, 57], [30, 90], [98, 4], [5, 60], [34, 13], [22, 94], [59, 40], [33, 89], [6, 49], [61, 80], [21, 55], [79, 10], [53, 38], [76, 84], [88, 64], [63, 43], [90, 40], [94, 16], [44, 88], [47, 41], [89, 22], [26, 95], [75, 7], [8, 21], [86, 23], [54, 80], [12, 42], [2, 26], [3, 95], [75, 55], [9, 7], [20, 84], [40, 62], [54, 21], [8, 14], [90, 62], [25, 42], [77, 48], [55, 22], [65, 30], [64, 51], [23, 93], [69, 16], [96, 25], [31, 89], [73, 83], [28, 54], [49, 13], [49, 61], [66, 72], [83, 17], [56, 68], [68, 61], [42, 64], [51, 64], [64, 91], [25, 47], [97, 37], [36, 56], [70, 6], [76, 22], [59, 94], [43, 3], [25, 90], [96, 30], [40, 87], [81, 7], [92, 16], [18, 30], [4, 27], [65, 60], [55, 19], [10, 14], [68, 75], [39, 59], [62, 90], [59, 24], [57, 22], [89, 84], [71, 33], [6, 22], [25, 43], [14, 83], [38, 94], [29, 41], [16, 1], [54, 17], [46, 47], [57, 26], [3, 4], [56, 16], [94, 11], [54, 87], [51, 14], [48, 63], [88, 65], [88, 85], [46, 79], [99, 58], [84, 75], [85, 89], [42, 53], [64, 57], [63, 88], [66, 27], [44, 39], [45, 86], [89, 61], [58, 44], [11, 7], [26, 65], [3, 61], [5, 23], [93, 37], [12, 16], [75, 52], [5, 1], [70, 96], [51, 73], [27, 62], [90, 97], [62, 84], [52, 66], [88, 58], [47, 19], [47, 38], [26, 98], [73, 9], [0, 44], [64, 83], [75, 61], [54, 13], [96, 38], [4, 80], [2, 32], [86, 74], [70, 56], [74, 84], [53, 29], [66, 57], [69, 4], [2, 44], [47, 0], [16, 41], [70, 79], [44, 65], [97, 6], [29, 14], [93, 17], [68, 4], [76, 53], [90, 29], [79, 47], [58, 7], [18, 32], [58, 37], [21, 34], [26, 44], [22, 20], [18, 46], [94, 68], [96, 16], [57, 31], [39, 12], [15, 8], [32, 57], [26, 1], [16, 37], [28, 63], [16, 13], [3, 20], [50, 28], [40, 85], [62, 95], [83, 87], [96, 15], [39, 96], [8, 8], [60, 19], [26, 62], [31, 56], [42, 83], [59, 25], [72, 58], [2, 56], [58, 12], [62, 87], [99, 88], [39, 42], [15, 53], [97, 2], [42, 69], [11, 94], [99, 46], [5, 32], [12, 82], [13, 49], [23, 5], [72, 60], [57, 12], [65, 67], [53, 40], [4, 4], [96, 68], [11, 87], [54, 31], [95, 29], [63, 49], [14, 1], [9, 9], [5, 18], [71, 97], [29, 65], [75, 81], [3, 26], [29, 97], [69, 18], [97, 67], [43, 54], [26, 45], [54, 22], [32, 90], [77, 19], [21, 44], [74, 44], [27, 54], [56, 27], [88, 42], [68, 58], [37, 12], [52, 39], [93, 10], [35, 90], [14, 44], [77, 83], [83, 4], [19, 72], [16, 3], [86, 88], [92, 0], [98, 42], [19, 98], [88, 66], [82, 5], [43, 35], [94, 86], [19, 97], [19, 83], [2, 78], [41, 59], [15, 39], [22, 63], [28, 97], [9, 13], [57, 32], [78, 14], [62, 82], [90, 59], [60, 10], [42, 56], [26, 56], [57, 19], [54, 78], [41, 72], [39, 88], [75, 84], [47, 11], [90, 25], [69, 5], [67, 66], [98, 43], [65, 77], [85, 91], [56, 22], [67, 5], [36, 88], [99, 27], [82, 19], [21, 54], [95, 24], [4, 63], [46, 83], [40, 21], [17, 72], [72, 57], [94, 18], [22, 80], [70, 5], [25, 79], [91, 96], [56, 35], [60, 50], [17, 3], [61, 47], [76, 71], [59, 12], [64, 66], [16, 59], [76, 29], [59, 26], [66, 88], [20, 69], [26, 54], [45, 3], [65, 97], [14, 78], [2, 2], [73, 24], [57, 25], [40, 52], [33, 13], [19, 43], [36, 59], [91, 88], [2, 42], [46, 11], [35, 37], [84, 64], [72, 19], [26, 32], [12, 8], [51, 6], [85, 68], [74, 33], [53, 71], [28, 69], [50, 7], [28, 66], [40, 64], [33, 92], [6, 26], [5, 83], [46, 96], [5, 28], [78, 94], [63, 32], [60, 75], [92, 95], [61, 4], [94, 15], [37, 58], [9, 20], [72, 55], [95, 86], [35, 35], [52, 43], [17, 67], [81, 47], [20, 71], [38, 86], [83, 74], [83, 88], [7, 62], [72, 61], [25, 70], [38, 68], [30, 12], [46, 35], [83, 51], [56, 39], [80, 69], [18, 65], [89, 99], [22, 93], [52, 42], [30, 95], [47, 93], [34, 83], [47, 44], [40, 68], [46, 10], [70, 94], [24, 69], [4, 6], [59, 78], [61, 56], [7, 19], [60, 97], [86, 86], [74, 24], [71, 19], [18, 35], [92, 3], [77, 81], [39, 95], [87, 67], [27, 99], [46, 93], [51, 12], [24, 97], [63, 66], [59, 34], [75, 68], [28, 51], [58, 76], [50, 12], [1, 34], [75, 67], [37, 54], [44, 6], [91, 50], [26, 71], [57, 94], [13, 89], [91, 90], [2, 83], [19, 41], [43, 50], [18, 29], [40, 89], [15, 38], [68, 17], [14, 9], [46, 3], [42, 5], [45, 67], [71, 11], [47, 92], [59, 44], [53, 50], [45, 82], [74, 22], [46, 45], [16, 69], [87, 23], [9, 55], [59, 67], [28, 56], [64, 85], [44, 35], [89, 43], [19, 36], [66, 47], [39, 53], [30, 56], [63, 31], [24, 1], [84, 5], [58, 45], [56, 89], [6, 48], [29, 79], [88, 39], [92, 70], [34, 59], [30, 93], [84, 61], [7, 9], [61, 82], [32, 76], [89, 67], [94, 25], [9, 74], [21, 30], [42, 0], [69, 56], [7, 55], [91, 68], [45, 92], [96, 40], [24, 2], [37, 87], [18, 16], [64, 52], [3, 46], [95, 41], [34, 92], [7, 96], [17, 71], [49, 15], [25, 71], [90, 24], [27, 61], [1, 38], [42, 12], [35, 59], [6, 21], [83, 52], [62, 43], [89, 69], [60, 5], [36, 86], [25, 99], [88, 69], [29, 30], [43, 39], [13, 38], [34, 94], [68, 68], [87, 55], [20, 30], [38, 97], [4, 45], [28, 61], [79, 46], [97, 32], [90, 66], [39, 94], [2, 54], [99, 1], [41, 39], [3, 19], [33, 87], [84, 65], [72, 45], [78, 72], [97, 3], [53, 39], [22, 30], [55, 65], [92, 96], [12, 81], [50, 16], [66, 31], [2, 79], [24, 47], [30, 81], [96, 67], [80, 6], [50, 89], [76, 11], [27, 95], [14, 31], [49, 20], [52, 65], [62, 78], [93, 96], [18, 34], [57, 13], [76, 10], [87, 69], [71, 96], [93, 95], [81, 70], [75, 59], [38, 65], [94, 66], [61, 79], [21, 86], [63, 69], [61, 28], [64, 76], [81, 69], [11, 35], [57, 15], [93, 11], [98, 57], [37, 66], [53, 48], [38, 71], [53, 17], [57, 79], [36, 54], [1, 76], [15, 79], [80, 4], [62, 30], [30, 79], [35, 9], [92, 25], [38, 54], [87, 60], [60, 88], [0, 41], [20, 96], [72, 92], [44, 18], [64, 44], [92, 93], [74, 79], [64, 89], [76, 12], [96, 98], [61, 75], [11, 59], [50, 86], [1, 43], [35, 85], [12, 11], [46, 13], [15, 77], [43, 28], [32, 19], [97, 38], [47, 91], [72, 35], [99, 25], [22, 33], [56, 80], [71, 34], [47, 79], [57, 78], [94, 13], [93, 22], [58, 11], [92, 86], [20, 47], [33, 86], [39, 97], [92, 13], [47, 21], [44, 11], [18, 25], [44, 0], [67, 46], [50, 26], [17, 48], [55, 27], [79, 44], [63, 83], [75, 80], [80, 48], [40, 88], [28, 70], [54, 85], [89, 27], [61, 43], [51, 52], [59, 29], [81, 68], [6, 92], [18, 41], [13, 32], [2, 84], [63, 42], [23, 47], [60, 95], [40, 99], [61, 18], [73, 77], [46, 70], [63, 30], [37, 10], [67, 7], [28, 92], [55, 66], [49, 21], [96, 37], [80, 81], [14, 11], [2, 82], [74, 69], [54, 33], [21, 39], [92, 84], [56, 90], [62, 79], [73, 36], [61, 44], [53, 4], [69, 59], [31, 90], [4, 11], [48, 80], [25, 97], [47, 81], [45, 42], [46, 68], [93, 12], [37, 69], [49, 88], [19, 35], [70, 14], [67, 49], [93, 99], [12, 40], [13, 17], [15, 36], [60, 57], [41, 14], [83, 86], [79, 71], [47, 22], [63, 84], [37, 86], [45, 80], [83, 61], [57, 28], [64, 92], [61, 71], [5, 58], [14, 84], [22, 29], [40, 13], [37, 37], [58, 34], [48, 78], [42, 27], [74, 41], [55, 89], [48, 24], [28, 95], [12, 14], [27, 96], [19, 0], [50, 5], [87, 43], [44, 72], [27, 55], [39, 37], [26, 66], [42, 63], [97, 44], [25, 65], [11, 17], [2, 33], [46, 21], [51, 21], [59, 43], [71, 42], [51, 75], [54, 36], [17, 14], [61, 42], [64, 56], [58, 29], [12, 90], [51, 79], [25, 62], [68, 8], [22, 31], [95, 14], [55, 41], [30, 14], [21, 42], [30, 50], [98, 37], [60, 54], [17, 60], [8, 93], [27, 79], [40, 51], [70, 93], [69, 47], [19, 45], [0, 58], [93, 94], [98, 39], [43, 96], [16, 44], [40, 25], [68, 45], [49, 68], [4, 82], [97, 24], [97, 7], [70, 47], [5, 62], [72, 34], [41, 90], [47, 70], [88, 90], [91, 62], [56, 7], [64, 71], [50, 9], [98, 31], [6, 5], [10, 12], [78, 11], [80, 43], [99, 9], [16, 58], [2, 19], [43, 64], [44, 30], [56, 67], [55, 92], [51, 67], [96, 6], [53, 24], [20, 44], [74, 76], [93, 68], [52, 33], [36, 11], [4, 59], [93, 49], [20, 67], [21, 65], [30, 86], [81, 34], [44, 45], [49, 38], [94, 96], [21, 29], [67, 0], [65, 27], [43, 99], [2, 20], [63, 33], [2, 50], [41, 93], [36, 58], [99, 45], [78, 49], [61, 10], [60, 20], [15, 87], [42, 86], [27, 45], [1, 16], [44, 47], [12, 51], [59, 97], [47, 48], [38, 21], [29, 67], [56, 33], [75, 71], [95, 20], [62, 25], [94, 1], [30, 89], [67, 58], [50, 20], [94, 35], [95, 83], [94, 84], [35, 86], [98, 9], [16, 67], [30, 68], [84, 70], [17, 66], [5, 26], [18, 70], [14, 32], [92, 59], [35, 57], [74, 80], [26, 81], [74, 25], [95, 6], [43, 70], [62, 92], [19, 40], [42, 48], [91, 91], [45, 41], [26, 57], [52, 26], [17, 33], [59, 28], [5, 9], [34, 9], [25, 55], [23, 75], [40, 58], [73, 42], [53, 22], [13, 9], [34, 11], [26, 83], [91, 1], [54, 27], [76, 19], [38, 10], [58, 66], [20, 95], [20, 81], [40, 90], [93, 38], [32, 11], [45, 91], [20, 40], [23, 86], [38, 66], [23, 16], [88, 56], [44, 68], [77, 7], [8, 55], [62, 24], [51, 10], [39, 1], [84, 66], [24, 83], [71, 45], [49, 40], [30, 67], [84, 71], [0, 14], [65, 69], [5, 46], [83, 46], [42, 58], [7, 33], [19, 68], [20, 66], [12, 83], [16, 38], [44, 46], [62, 47], [97, 18], [20, 99], [23, 82], [77, 27], [0, 27], [3, 33], [72, 77], [96, 85], [20, 34], [7, 46], [49, 71], [25, 30], [28, 82], [92, 87], [95, 25], [15, 16], [50, 11], [59, 47], [51, 27], [3, 57], [53, 91], [53, 90], [47, 82], [87, 87], [54, 14], [53, 34], [50, 62], [42, 96], [73, 46], [79, 93], [2, 58], [62, 77], [15, 50], [53, 11], [63, 70], [28, 98], [37, 94], [65, 22], [36, 57], [9, 10], [43, 40], [23, 44], [39, 89], [27, 64], [89, 26], [61, 49], [9, 56], [79, 20], [78, 17], [48, 62], [78, 18], [31, 83], [24, 4], [39, 99], [80, 45], [53, 62], [55, 11], [44, 1], [6, 47], [18, 39], [55, 39], [58, 95], [19, 42], [9, 54], [86, 57], [23, 68], [98, 96], [53, 67], [76, 55], [25, 63], [95, 0], [99, 35], [40, 66], [98, 97], [65, 59], [75, 24], [80, 44], [56, 15], [61, 19], [48, 20], [44, 64], [18, 37], [50, 75], [74, 20], [79, 17], [5, 82], [5, 17], [63, 68], [85, 90], [42, 51], [59, 21], [5, 25], [50, 64], [27, 67], [85, 58], [84, 44], [68, 74], [80, 50], [22, 14], [97, 46], [29, 52], [29, 61], [98, 58], [91, 59], [53, 68], [13, 45], [48, 71], [28, 83], [29, 40], [79, 69], [44, 99], [2, 48], [68, 6], [85, 67], [16, 50], [63, 27], [93, 0], [84, 8], [90, 90], [47, 45], [65, 63], [57, 67], [61, 87], [8, 56], [95, 13], [20, 63], [98, 35], [93, 91], [45, 15], [73, 55], [0, 88], [22, 81], [31, 88], [73, 75], [94, 40], [49, 74], [42, 49], [31, 77], [64, 90], [44, 85], [80, 52], [43, 10], [53, 63], [53, 27], [76, 72], [25, 66], [2, 12], [26, 99], [60, 49], [62, 71], [33, 57], [22, 53], [30, 94], [31, 53], [73, 11], [75, 93], [70, 99], [25, 96], [38, 41], [22, 34], [45, 30], [87, 70], [80, 34], [92, 15], [48, 40], [33, 8], [78, 32], [63, 8], [18, 33], [75, 82], [18, 40], [54, 79], [70, 19], [22, 52], [22, 0], [27, 0], [77, 15], [19, 46], [69, 65], [76, 15], [11, 47], [42, 65], [90, 86], [31, 12], [97, 33], [30, 88], [33, 11], [96, 1], [79, 15], [99, 39], [47, 77], [41, 4], [61, 78], [74, 73], [83, 5], [24, 98], [30, 91], [71, 84], [46, 9], [42, 70], [65, 7], [6, 11], [81, 43], [95, 30], [41, 73], [51, 25], [28, 55], [56, 29], [86, 82], [38, 6], [76, 26], [91, 66], [66, 51], [60, 71], [40, 27], [13, 59], [46, 65], [44, 36], [73, 60], [87, 26], [40, 72], [15, 14], [27, 33], [50, 8], [86, 6], [19, 67], [64, 77], [94, 33], [1, 77], [38, 89], [83, 50], [47, 74], [3, 45], [4, 62], [71, 9], [93, 18], [47, 37], [61, 74], [26, 55], [3, 3], [96, 97], [75, 22], [20, 2], [75, 54], [7, 47], [30, 30], [9, 19], [13, 11], [26, 92], [86, 24], [59, 89], [36, 85], [28, 90], [23, 88], [70, 57], [63, 56], [18, 36], [22, 66], [26, 89], [1, 58], [80, 16], [11, 74], [83, 75], [12, 59], [72, 10], [14, 56], [16, 60], [96, 47], [23, 55], [13, 10], [76, 80], [61, 21], [0, 26], [3, 16], [21, 32], [9, 16], [10, 75], [33, 12], [78, 46], [59, 76], [16, 51], [44, 94], [98, 2], [56, 20], [29, 13], [88, 86], [53, 28], [15, 18], [18, 66], [82, 18], [90, 14], [41, 48], [38, 56], [49, 73], [88, 44], [0, 47], [16, 88], [72, 78], [72, 73], [68, 94], [71, 94], [64, 27], [6, 60], [27, 3], [60, 21], [99, 22], [21, 66], [0, 89], [91, 10], [30, 82], [57, 23], [48, 81], [85, 41], [18, 71], [23, 90], [27, 56], [41, 67], [75, 85], [99, 40], [23, 54], [19, 92], [24, 5], [56, 23], [46, 1], [2, 93], [23, 97], [54, 41], [70, 78], [77, 30], [26, 64], [41, 97], [3, 24], [67, 67], [88, 23], [46, 14], [57, 69], [51, 17], [98, 41], [10, 93], [90, 84], [49, 10], [4, 31], [23, 18], [37, 59], [57, 48], [12, 86], [63, 58], [60, 3], [39, 21], [63, 52], [76, 76], [38, 90], [61, 23], [15, 1], [57, 35], [52, 4], [65, 43], [46, 4], [99, 38], [75, 41], [32, 82], [57, 21], [67, 29], [77, 25], [4, 20], [43, 82], [26, 3], [92, 10], [12, 12], [57, 47], [89, 0], [42, 97], [24, 78], [13, 8], [57, 10], [48, 22], [1, 96], [44, 98], [80, 5], [2, 45], [60, 28], [17, 36], [22, 19], [56, 32], [63, 46], [59, 23], [43, 27], [60, 83], [22, 42], [87, 58], [39, 93], [91, 86], [17, 41], [27, 53], [77, 20], [3, 48], [13, 85], [37, 95], [97, 15], [61, 35], [59, 35], [75, 26], [24, 80], [26, 70], [50, 27], [18, 3], [46, 95], [18, 50], [52, 28], [6, 24], [9, 12], [83, 18], [43, 11], [45, 5], [21, 96], [20, 3], [43, 0], [52, 15], [73, 41], [58, 80], [52, 86], [14, 71], [10, 37], [48, 12], [61, 55], [96, 23], [0, 59], [84, 73], [29, 51], [11, 37], [71, 85], [55, 4], [75, 21], [18, 15], [94, 3], [53, 37], [49, 23], [57, 76], [7, 14], [32, 13], [86, 72], [75, 60], [71, 78], [93, 86], [68, 97], [88, 24], [59, 71], [71, 58], [51, 74], [28, 15], [89, 65], [60, 24], [49, 87], [3, 34], [73, 79], [57, 90], [69, 90], [63, 86], [16, 2], [3, 5], [40, 49], [79, 89], [19, 39], [44, 52], [19, 99], [70, 46], [66, 5], [76, 75], [55, 42], [6, 17], [37, 85], [25, 0], [56, 88], [55, 12], [37, 61], [29, 66], [21, 70], [83, 62], [62, 81], [1, 10], [59, 38], [73, 84], [68, 15], [35, 87], [4, 77], [42, 38], [42, 99], [39, 27], [38, 35], [77, 17], [55, 79], [62, 6], [13, 58], [50, 6], [96, 18], [17, 49], [67, 65], [61, 48], [23, 98], [13, 69], [15, 69], [82, 72], [60, 27], [79, 18], [17, 51], [8, 63], [85, 56], [3, 84], [4, 18], [67, 28], [66, 69], [23, 85], [86, 25], [73, 22], [44, 89], [41, 75], [72, 82], [51, 16], [93, 58], [16, 16], [38, 25], [91, 84], [14, 69], [84, 68], [79, 45], [32, 77], [95, 65], [20, 43], [96, 31], [99, 8], [30, 11], [69, 96], [41, 92], [26, 41], [65, 89], [3, 1], [73, 44], [79, 26], [55, 43], [54, 16], [22, 45], [64, 20], [40, 26], [17, 26], [61, 25], [66, 84], [53, 78], [53, 51], [29, 68], [46, 43], [13, 92], [18, 47], [67, 16], [99, 57], [67, 74], [62, 83], [2, 30], [13, 83], [99, 44], [77, 16], [69, 11], [40, 29], [63, 40], [70, 97], [96, 5], [20, 83], [56, 38], [13, 53], [34, 19], [37, 91], [4, 57], [76, 24], [47, 12], [26, 91], [99, 6], [62, 46], [4, 5], [29, 2], [35, 88], [92, 69], [51, 72], [20, 85], [96, 0], [65, 44], [77, 18], [19, 93], [85, 42], [36, 39], [45, 28], [78, 25], [45, 46], [54, 3], [44, 81], [83, 44], [21, 78], [12, 36], [60, 96], [79, 16], [69, 97], [51, 37], [41, 83], [24, 42], [60, 22], [77, 72], [39, 8], [83, 16], [59, 70], [61, 90], [63, 22], [27, 41], [1, 28], [26, 82], [5, 61], [93, 4], [12, 32], [29, 29], [66, 85], [0, 8], [91, 69], [6, 28], [55, 84], [40, 38], [25, 56], [55, 85], [39, 9], [28, 29], [94, 4], [90, 68], [38, 55], [31, 13], [5, 93], [7, 15], [59, 57], [21, 81], [42, 73], [22, 3], [29, 80], [50, 78], [49, 62], [5, 4], [22, 71], [75, 44], [74, 72], [56, 78], [40, 40], [26, 63], [97, 9], [46, 97], [76, 73], [21, 64], [67, 72], [63, 90], [57, 40], [66, 63], [23, 65], [75, 43], [2, 7], [19, 49], [74, 83], [2, 14], [21, 82], [23, 29], [60, 53], [56, 91], [91, 48], [72, 11], [57, 38], [29, 16], [81, 5], [47, 13], [43, 69], [60, 43], [60, 91], [60, 29], [21, 63], [10, 40], [56, 41], [96, 69], [22, 1], [19, 38], [19, 15], [73, 8], [57, 33], [63, 89], [51, 66], [27, 98], [29, 11], [86, 70], [69, 35], [66, 22], [89, 91], [91, 14], [27, 65], [92, 11], [71, 83], [65, 33], [22, 47], [74, 71], [2, 77], [58, 27], [34, 12], [82, 7], [84, 51], [51, 61], [25, 81], [86, 47], [43, 31], [86, 55], [20, 39], [53, 88], [33, 82], [65, 42], [73, 85], [23, 77]], "targets": [[77, 74], [67, 36], [5, 98], [0, 54], [11, 62], [7, 36], [34, 41], [29, 35], [94, 55], [47, 98], [77, 5], [67, 38], [10, 24], [18, 7], [71, 88], [9, 40], [96, 56], [39, 36], [78, 37], [28, 7], [71, 32], [9, 92], [8, 58], [11, 64], [5, 46], [85, 36], [25, 12], [11, 27], [74, 1], [77, 76], [72, 87], [26, 49], [34, 33], [70, 32], [6, 91], [1, 49], [30, 39], [21, 59], [97, 50], [1, 51], [88, 34], [61, 41], [26, 10], [22, 11], [3, 36], [82, 3], [67, 78], [70, 87], [3, 99], [0, 53], [29, 44], [71, 39], [36, 34], [63, 39], [17, 63], [6, 46], [80, 28], [19, 10], [96, 52], [2, 93], [7, 56], [69, 39], [11, 29], [83, 1], [71, 77], [31, 35], [67, 87], [28, 46], [12, 67], [98, 56], [10, 50], [42, 37], [86, 37], [11, 98], [8, 49], [61, 37], [23, 12], [23, 11], [11, 33], [78, 0], [69, 38], [70, 70], [68, 82], [11, 63], [9, 51], [3, 92], [2, 51], [32, 42], [69, 37], [84, 32], [20, 13], [34, 31], [34, 40], [62, 41], [5, 99], [7, 49], [9, 29], [76, 3], [11, 68], [96, 54], [4, 51], [68, 75], [68, 84], [85, 28], [64, 36], [27, 47], [17, 7], [95, 52], [25, 11], [10, 98], [0, 52], [38, 31], [20, 60], [9, 49], [65, 43], [13, 30], [77, 4], [88, 33], [72, 72], [29, 39], [76, 91], [4, 96], [5, 53], [24, 13], [70, 42], [32, 51], [71, 41], [11, 66], [97, 54], [11, 41], [41, 36], [9, 35], [75, 3], [82, 30], [4, 92], [4, 54], [67, 34], [70, 71], [20, 7], [72, 85], [29, 6], [13, 65], [10, 43], [31, 47], [61, 38], [4, 99], [6, 51], [32, 37], [87, 37], [8, 28], [78, 3], [40, 32], [23, 7], [94, 58], [68, 39], [69, 71], [77, 91], [16, 67], [99, 54], [10, 46], [11, 96], [8, 59], [32, 45], [70, 40], [87, 34], [69, 32], [9, 30], [74, 0], [16, 7], [24, 11], [7, 92], [3, 52], [35, 33], [12, 57], [6, 41], [69, 76], [30, 36], [72, 86], [72, 32], [85, 37], [34, 46], [6, 92], [5, 54], [13, 27], [82, 1], [23, 9], [62, 35], [22, 63], [97, 51], [4, 45], [38, 32], [69, 74], [73, 87], [85, 35], [9, 93], [6, 52], [66, 39], [11, 67], [13, 28], [29, 45], [33, 32], [78, 4], [67, 39], [12, 22], [21, 13], [4, 40], [94, 53], [22, 8], [72, 39], [10, 96], [0, 49], [80, 37], [69, 73], [74, 87], [35, 39], [11, 69], [96, 57], [7, 42], [66, 37], [20, 8], [11, 30], [79, 4], [8, 98], [7, 58], [33, 45], [83, 31], [62, 36], [72, 75], [37, 32], [68, 88], [18, 62], [11, 47], [42, 34], [7, 98], [6, 57], [26, 17], [27, 5], [4, 34], [78, 2], [69, 40], [34, 43], [63, 36], [86, 34], [11, 95], [8, 50], [12, 68], [95, 55], [7, 44], [70, 76], [69, 85], [72, 38], [25, 14], [91, 54], [37, 33], [11, 31], [82, 2], [84, 35], [35, 32], [5, 96], [0, 50], [65, 36], [28, 49], [15, 66], [10, 42], [70, 74], [25, 7], [72, 88], [23, 6], [65, 44], [11, 99], [4, 52], [81, 32], [10, 35], [84, 1], [37, 41], [16, 65], [97, 56], [7, 43], [32, 48], [67, 37], [68, 42], [26, 16], [9, 98], [2, 53], [71, 76], [33, 38], [76, 87], [82, 37], [10, 36], [74, 2], [71, 40], [18, 64], [3, 41], [44, 33], [0, 92], [7, 51], [32, 46], [25, 17], [93, 52], [25, 10], [62, 37], [80, 27], [73, 70], [70, 85], [11, 57], [95, 57], [10, 45], [9, 32], [81, 0], [8, 91], [6, 59], [69, 34], [33, 33], [36, 40], [19, 14], [31, 50], [64, 35], [84, 29], [8, 99], [7, 55], [14, 67], [2, 39], [77, 73], [72, 89], [68, 40], [7, 34], [79, 2], [19, 8], [22, 7], [68, 43], [1, 91], [8, 51], [85, 30], [41, 37], [16, 61], [98, 53], [6, 39], [29, 48], [77, 75], [33, 39], [74, 85], [8, 26], [84, 2], [68, 34], [1, 98], [2, 54], [19, 11], [95, 56], [87, 33], [19, 60], [7, 45], [68, 38], [35, 41], [28, 51], [65, 39], [0, 98], [7, 50], [76, 77], [70, 88], [10, 26], [81, 3], [19, 13], [27, 7], [64, 34], [83, 35], [23, 61], [95, 58], [9, 39], [31, 32], [9, 94], [3, 53], [70, 39], [34, 34], [34, 42], [68, 77], [71, 86], [12, 32], [76, 1], [24, 9], [88, 35], [12, 62], [4, 43], [5, 92], [4, 53], [68, 33], [25, 72], [53, 72], [58, 99], [6, 65], [85, 27], [83, 84], [14, 74], [27, 19], [79, 75], [94, 76], [23, 26], [57, 85], [73, 40], [35, 84], [67, 30], [0, 29], [1, 53], [3, 67], [66, 40], [87, 92], [43, 78], [53, 19], [35, 64], [39, 79], [33, 59], [82, 31], [62, 14], [88, 14], [30, 35], [54, 8], [37, 64], [62, 25], [90, 47], [94, 93], [0, 76], [87, 3], [83, 88], [48, 68], [25, 63], [68, 53], [7, 32], [15, 93], [20, 21], [95, 73], [79, 55], [39, 74], [20, 91], [58, 74], [72, 23], [62, 34], [45, 75], [78, 97], [71, 72], [27, 39], [74, 32], [11, 79], [18, 15], [7, 57], [2, 0], [79, 22], [63, 98], [17, 27], [72, 94], [66, 31], [33, 54], [83, 43], [6, 99], [38, 24], [64, 4], [24, 87], [85, 20], [80, 62], [28, 5], [99, 68], [36, 69], [57, 71], [91, 74], [85, 84], [99, 51], [10, 5], [29, 49], [63, 26], [32, 24], [39, 15], [61, 99], [79, 76], [14, 95], [66, 44], [21, 63], [29, 4], [23, 28], [27, 94], [50, 54], [22, 6], [65, 53], [16, 23], [27, 8], [51, 3], [9, 62], [21, 74], [20, 24], [64, 96], [34, 25], [32, 98], [0, 68], [81, 92], [58, 84], [48, 65], [90, 45], [59, 57], [57, 61], [27, 13], [32, 96], [15, 47], [78, 56], [34, 79], [14, 24], [54, 82], [87, 16], [56, 69], [94, 6], [28, 44], [87, 6], [86, 7], [9, 99], [76, 56], [8, 64], [66, 20], [68, 24], [6, 43], [89, 16], [23, 71], [20, 5], [84, 95], [9, 24], [91, 17], [83, 40], [90, 50], [27, 72], [68, 25], [85, 29], [87, 95], [88, 71], [93, 34], [49, 30], [8, 62], [96, 26], [69, 31], [55, 60], [35, 31], [66, 13], [38, 23], [93, 33], [5, 81], [47, 62], [4, 71], [73, 39], [20, 58], [94, 47], [32, 43], [40, 15], [79, 79], [1, 92], [52, 75], [34, 99], [36, 99], [87, 47], [95, 60], [5, 79], [9, 64], [27, 56], [35, 16], [70, 77], [56, 98], [54, 46], [28, 75], [22, 90], [58, 83], [67, 55], [76, 5], [23, 63], [26, 57], [94, 82], [25, 24], [11, 55], [68, 44], [97, 76], [20, 50], [14, 54], [23, 52], [8, 95], [40, 80], [90, 94], [8, 57], [78, 75], [88, 53], [58, 2], [18, 23], [30, 69], [92, 40], [76, 78], [38, 46], [81, 86], [42, 76], [60, 32], [23, 22], [50, 34], [10, 78], [18, 82], [63, 59], [10, 41], [65, 18], [3, 89], [23, 37], [25, 74], [72, 24], [68, 56], [1, 24], [16, 54], [86, 36], [14, 19], [89, 53], [57, 81], [58, 56], [0, 77], [15, 21], [82, 82], [33, 6], [35, 13], [33, 48], [63, 16], [7, 38], [2, 87], [63, 18], [33, 41], [16, 86], [53, 53], [11, 75], [23, 35], [15, 77], [91, 96], [8, 37], [23, 39], [25, 25], [35, 26], [16, 53], [37, 83], [51, 93], [0, 19], [44, 9], [92, 43], [48, 54], [31, 7], [1, 70], [43, 62], [87, 20], [83, 76], [5, 78], [84, 17], [33, 63], [51, 58], [48, 2], [80, 11], [65, 79], [42, 43], [35, 15], [92, 70], [84, 91], [72, 54], [60, 98], [70, 41], [31, 42], [8, 73], [68, 52], [89, 97], [29, 7], [74, 88], [89, 3], [30, 75], [86, 19], [28, 71], [93, 7], [82, 80], [44, 56], [29, 3], [70, 4], [90, 5], [26, 21], [48, 5], [85, 23], [23, 25], [17, 78], [6, 68], [48, 82], [71, 20], [84, 90], [3, 0], [60, 37], [86, 75], [24, 62], [36, 71], [48, 60], [96, 41], [57, 63], [4, 39], [76, 45], [17, 56], [49, 93], [26, 13], [5, 38], [81, 93], [47, 5], [16, 20], [87, 52], [36, 65], [34, 64], [47, 53], [15, 24], [96, 83], [82, 22], [25, 87], [91, 36], [47, 58], [17, 88], [54, 73], [77, 31], [31, 64], [25, 57], [50, 98], [66, 17], [57, 0], [6, 83], [12, 53], [64, 16], [48, 99], [39, 72], [99, 61], [60, 63], [40, 33], [90, 48], [21, 89], [18, 55], [1, 99], [26, 73], [57, 82], [46, 61], [25, 60], [86, 20], [95, 61], [15, 67], [89, 18], [0, 65], [92, 54], [11, 71], [86, 33], [85, 4], [73, 32], [37, 42], [22, 23], [41, 5], [5, 82], [53, 50], [47, 36], [71, 52], [90, 34], [11, 76], [80, 83], [61, 65], [80, 1], [85, 99], [81, 87], [54, 45], [85, 13], [13, 48], [34, 22], [93, 55], [51, 82], [19, 21], [89, 6], [0, 30], [8, 5], [40, 95], [50, 3], [30, 70], [62, 1], [48, 4], [21, 22], [24, 40], [33, 0], [6, 79], [13, 20], [33, 3], [89, 71], [56, 85], [78, 43], [25, 15], [59, 13], [94, 73], [58, 64], [83, 95], [87, 91], [88, 76], [99, 64], [39, 81], [17, 87], [39, 20], [20, 74], [95, 90], [43, 74], [10, 97], [6, 84], [61, 59], [58, 87], [92, 34], [81, 55], [84, 0], [27, 48], [86, 76], [54, 54], [59, 99], [58, 57], [42, 5], [80, 12], [7, 85], [32, 58], [63, 35], [27, 35], [14, 1], [10, 99], [10, 40], [33, 60], [62, 17], [23, 5], [9, 41], [68, 48], [40, 45], [35, 99], [87, 13], [20, 80], [35, 45], [86, 92], [46, 64], [60, 59], [38, 5], [86, 78], [56, 47], [77, 43], [86, 49], [5, 0], [25, 21], [26, 11], [34, 38], [93, 26], [83, 34], [18, 19], [2, 73], [53, 8], [10, 87], [90, 69], [24, 23], [69, 51], [19, 61], [14, 6], [80, 60], [45, 31], [61, 13], [44, 59], [8, 30], [10, 34], [62, 38], [15, 97], [76, 85], [10, 25], [9, 78], [3, 24], [72, 21], [45, 32], [13, 98], [12, 94], [37, 80], [96, 87], [16, 21], [69, 25], [4, 35], [41, 15], [68, 69], [20, 79], [93, 32], [25, 40], [12, 19], [43, 8], [82, 13], [0, 16], [95, 27], [89, 21], [28, 8], [98, 19], [51, 17], [50, 55], [8, 32], [0, 82], [97, 78], [7, 41], [79, 98], [19, 58], [55, 83], [21, 55], [81, 11], [15, 94], [56, 72], [73, 3], [94, 43], [82, 55], [67, 1], [90, 3], [56, 49], [68, 23], [54, 74], [30, 86], [17, 62], [48, 46], [12, 47], [44, 79], [15, 6], [52, 81], [56, 3], [99, 78], [86, 5], [18, 11], [41, 31], [54, 81], [53, 71], [51, 56], [55, 74], [0, 61], [95, 64], [64, 64], [11, 77], [37, 99], [61, 2], [4, 75], [9, 82], [20, 27], [54, 0], [25, 86], [96, 78], [35, 61], [88, 49], [43, 59], [57, 23], [17, 84], [0, 18], [50, 36], [32, 63], [82, 38], [19, 5], [4, 64], [70, 25], [31, 17], [64, 9], [70, 49], [53, 9], [12, 43], [5, 55], [27, 51], [10, 57], [9, 1], [38, 77], [13, 23], [34, 50], [68, 78], [3, 62], [46, 27], [36, 16], [94, 10], [8, 38], [50, 57], [35, 76], [6, 86], [66, 79], [14, 30], [52, 9], [53, 59], [88, 1], [74, 3], [22, 50], [23, 27], [59, 29], [8, 39], [14, 77], [85, 22], [10, 75], [88, 98], [26, 58], [44, 62], [36, 47], [44, 25], [97, 58], [76, 59], [11, 81], [35, 22], [11, 46], [40, 31], [51, 53], [21, 72], [55, 62], [24, 26], [92, 75], [8, 66], [16, 98], [2, 26], [87, 12], [50, 99], [50, 96], [0, 72], [48, 53], [61, 17], [52, 52], [81, 61], [76, 47], [3, 68], [15, 99], [60, 1], [12, 5], [71, 71], [34, 23], [83, 0], [73, 50], [32, 32], [39, 35], [22, 38], [49, 80], [56, 63], [9, 96], [60, 40], [89, 33], [74, 52], [43, 20], [16, 89], [90, 15], [37, 71], [44, 23], [50, 1], [63, 24], [88, 11], [5, 40], [27, 58], [21, 4], [44, 78], [28, 22], [17, 98], [90, 74], [32, 3], [82, 41], [9, 52], [62, 3], [12, 71], [88, 77], [58, 70], [23, 47], [20, 90], [68, 50], [19, 82], [54, 83], [38, 47], [44, 80], [96, 89], [48, 18], [68, 22], [18, 52], [56, 56], [84, 24], [11, 52], [11, 21], [10, 6], [30, 25], [42, 45], [32, 65], [95, 87], [83, 98], [27, 74], [53, 52], [29, 21], [42, 7], [55, 98], [96, 43], [99, 63], [34, 70], [48, 47], [92, 81], [99, 16], [91, 28], [4, 66], [81, 78], [57, 1], [38, 81], [79, 53], [77, 32], [74, 90], [70, 95], [48, 97], [41, 7], [38, 3], [42, 77], [86, 21], [8, 41], [45, 76], [21, 38], [72, 1], [64, 80], [5, 80], [46, 74], [99, 69], [83, 36], [49, 42], [80, 99], [99, 72], [84, 15], [29, 93], [45, 74], [98, 65], [84, 39], [70, 1], [37, 73], [72, 2], [97, 52], [29, 57], [37, 29], [76, 38], [13, 74], [66, 15], [55, 92], [92, 37], [13, 94], [21, 11], [63, 27], [7, 31], [18, 8], [25, 26], [28, 76], [38, 48], [3, 1], [86, 16], [44, 32], [37, 98], [9, 36], [77, 57], [91, 46], [14, 65], [36, 27], [47, 32], [81, 10], [90, 20], [76, 2], [85, 25], [50, 45], [34, 60], [90, 71], [81, 13], [32, 60], [87, 98], [54, 75], [60, 15], [12, 4], [56, 87], [39, 23], [52, 47], [82, 76], [98, 66], [35, 28], [85, 26], [67, 26], [51, 91], [18, 63], [4, 41], [25, 32], [16, 92], [73, 88], [68, 41], [50, 17], [86, 17], [71, 29], [24, 60], [85, 52], [13, 97], [81, 57], [47, 86], [25, 20], [18, 77], [85, 94], [26, 94], [75, 34], [10, 23], [69, 84], [16, 74], [2, 65], [79, 36], [75, 46], [93, 43], [45, 62], [42, 17], [5, 66], [59, 81], [5, 88], [31, 25], [73, 86], [67, 41], [45, 77], [12, 25], [83, 27], [34, 82], [33, 8], [50, 84], [82, 84], [83, 23], [79, 60], [63, 66], [92, 44], [94, 51], [44, 75], [49, 41], [13, 93], [8, 75], [25, 64], [24, 17], [24, 6], [70, 75], [32, 25], [12, 65], [32, 67], [51, 36], [6, 76], [98, 64], [63, 17], [87, 50], [2, 83], [55, 1], [6, 45], [20, 55], [39, 45], [76, 34], [86, 4], [75, 45], [5, 70], [99, 98], [10, 72], [90, 54], [8, 84], [26, 72], [67, 79], [81, 72], [94, 78], [73, 28], [60, 14], [56, 55], [73, 52], [30, 61], [34, 51], [38, 34], [56, 70], [12, 30], [93, 62], [51, 43], [33, 95], [79, 61], [69, 19], [84, 11], [25, 51], [9, 74], [8, 78], [26, 52], [94, 77], [36, 52], [89, 9], [36, 20], [50, 47], [27, 45], [42, 94], [49, 86], [93, 56], [71, 85], [22, 74], [72, 4], [73, 5], [94, 7], [9, 90], [91, 26], [68, 51], [88, 13], [33, 70], [80, 73], [52, 55], [86, 9], [55, 96], [26, 39], [93, 57], [56, 57], [92, 27], [91, 35], [82, 23], [85, 48], [49, 5], [18, 58], [70, 2], [99, 18], [39, 14], [30, 60], [50, 2], [51, 95], [93, 75], [82, 97], [12, 78], [7, 71], [15, 72], [52, 99], [56, 82], [58, 89], [37, 76], [66, 96], [24, 38], [37, 23], [66, 41], [55, 75], [87, 51], [98, 13], [41, 9], [8, 92], [76, 98], [77, 0], [88, 9], [92, 33], [16, 19], [57, 53], [85, 38], [0, 73], [8, 45], [1, 63], [25, 52], [93, 91], [49, 52], [41, 33], [21, 48], [70, 27], [31, 69], [60, 61], [87, 15], [67, 42], [20, 23], [74, 5], [8, 67], [63, 11], [20, 6], [32, 6], [98, 18], [37, 25], [68, 19], [36, 17], [66, 56], [23, 8], [8, 36], [80, 87], [59, 73], [85, 11], [12, 80], [39, 47], [6, 71], [72, 27], [69, 20], [34, 0], [41, 16], [20, 57], [28, 86], [50, 32], [84, 28], [26, 24], [49, 43], [57, 98], [30, 38], [96, 50], [1, 19], [98, 20], [88, 80], [64, 25], [53, 44], [21, 49], [50, 93], [98, 16], [36, 67], [29, 2], [92, 41], [7, 6], [5, 91], [40, 37], [45, 33], [53, 35], [91, 72], [23, 13], [3, 51], [88, 81], [65, 37], [49, 79], [0, 0], [63, 2], [48, 66], [96, 93], [50, 46], [48, 7], [92, 32], [33, 64], [78, 58], [83, 22], [55, 97], [86, 18], [79, 84], [13, 68], [8, 42], [20, 63], [80, 10], [43, 75], [88, 6], [77, 45], [50, 18], [84, 38], [6, 34], [89, 47], [1, 74], [4, 88], [79, 54], [89, 50], [27, 49], [81, 95], [83, 78], [0, 23], [71, 74], [20, 54], [78, 59], [78, 65], [49, 94], [54, 70], [51, 99], [11, 32], [60, 60], [33, 62], [63, 61], [31, 99], [24, 35], [64, 1], [69, 27], [19, 88], [38, 18], [89, 31], [53, 60], [74, 38], [28, 36], [36, 42], [81, 1], [7, 70], [98, 85], [72, 6], [15, 27], [49, 56], [8, 43], [0, 74], [16, 8], [91, 83], [90, 8], [68, 37], [25, 9], [60, 62], [93, 42], [3, 91], [42, 22], [18, 60], [96, 7], [9, 2], [51, 59], [31, 19], [64, 37], [8, 85], [36, 23], [3, 54], [22, 22], [8, 29], [27, 17], [40, 76], [11, 28], [46, 62], [84, 34], [95, 65], [0, 20], [66, 12], [68, 54], [71, 54], [14, 64], [9, 65], [98, 71], [12, 27], [97, 77], [50, 53], [72, 0], [88, 12], [13, 99], [71, 95], [54, 95], [74, 6], [43, 16], [26, 48], [30, 57], [85, 32], [83, 33], [82, 91], [31, 58], [82, 77], [90, 55], [86, 96], [46, 52], [16, 76], [0, 84], [96, 90], [78, 13], [42, 44], [27, 21], [83, 82], [32, 27], [74, 47], [89, 45], [29, 65], [47, 4], [0, 80], [31, 34], [9, 84], [65, 81], [82, 60], [80, 72], [99, 76], [95, 8], [5, 84], [62, 12], [46, 75], [10, 22], [66, 43], [89, 32], [48, 55], [70, 28], [47, 91], [78, 87], [29, 38], [81, 41], [30, 71], [82, 95], [97, 91], [22, 72], [11, 0], [80, 80], [99, 48], [55, 52], [58, 14], [88, 15], [38, 21], [8, 31], [7, 84], [78, 90], [57, 97], [13, 19], [49, 58], [79, 13], [6, 66], [34, 20], [27, 22], [71, 70], [46, 60], [16, 56], [32, 62], [39, 76], [66, 2], [98, 84], [37, 79], [67, 9], [77, 64], [16, 29], [13, 62], [37, 3], [95, 9], [50, 4], [66, 11], [52, 60], [31, 23], [54, 51], [49, 92], [77, 99], [46, 58], [26, 5], [68, 89], [67, 86], [18, 94], [62, 59], [14, 99], [2, 40], [49, 15], [13, 24], [80, 42], [92, 30], [44, 89], [92, 45], [25, 6], [4, 85], [79, 99], [83, 58], [53, 1], [61, 1], [71, 68], [99, 65], [65, 11], [8, 86], [65, 95], [77, 41], [82, 19], [67, 20], [2, 99], [4, 90], [34, 53], [94, 57], [52, 10], [89, 70], [9, 95], [28, 26], [73, 26], [88, 37], [97, 85], [67, 3], [40, 48], [93, 76], [34, 52], [81, 85], [26, 37], [59, 23], [20, 49], [70, 33], [37, 31], [37, 70], [16, 97], [18, 87], [99, 79], [47, 29], [46, 86], [6, 81], [91, 76], [81, 53], [55, 47], [68, 71], [18, 96], [81, 88], [8, 94], [86, 94], [43, 33], [24, 61], [75, 35], [55, 10], [47, 56], [24, 10], [61, 3], [17, 80], [0, 78], [78, 53], [97, 62], [54, 11], [40, 75], [70, 94], [48, 3], [20, 38], [96, 60], [0, 90], [48, 81], [92, 77], [21, 8], [5, 35], [91, 25], [13, 22], [97, 71], [78, 74], [16, 96], [1, 65], [34, 47], [64, 14], [63, 12], [8, 82], [1, 48], [37, 43], [5, 52], [13, 56], [50, 0], [54, 1], [47, 55], [25, 62], [0, 70], [31, 62], [97, 63], [61, 64], [55, 69], [9, 77], [34, 62], [69, 83], [58, 30], [59, 63], [27, 24], [85, 21], [54, 56], [7, 5], [41, 17], [33, 96], [68, 80], [2, 1], [82, 94], [64, 26], [15, 81], [81, 42], [50, 58], [2, 63], [23, 20], [66, 18], [7, 78], [20, 76], [15, 92], [47, 66], [7, 26], [57, 55], [36, 30], [25, 18], [47, 89], [82, 39], [4, 91], [35, 71], [13, 26], [37, 40], [31, 39], [75, 99], [19, 56], [4, 87], [50, 19], [61, 39], [47, 90], [67, 19], [96, 12], [98, 75], [38, 85], [16, 5], [72, 30], [49, 84], [8, 6], [94, 94], [33, 37], [81, 59], [67, 45], [82, 74], [43, 81], [92, 20], [98, 81], [41, 94], [25, 37], [10, 3], [48, 32], [46, 25], [56, 60], [21, 88], [42, 58], [6, 58], [53, 98], [5, 56], [32, 7], [18, 27], [94, 9], [86, 80], [99, 19], [18, 12], [84, 78], [10, 62], [33, 72], [56, 62], [7, 37], [42, 59], [14, 66], [58, 16], [89, 13], [98, 88], [24, 20], [38, 33], [11, 70], [72, 20], [39, 31], [67, 54], [35, 21], [37, 77], [9, 68], [36, 31], [90, 11], [10, 60], [87, 75], [42, 18], [30, 48], [42, 24], [23, 62], [33, 25], [25, 8], [98, 62], [41, 46], [46, 73], [71, 27], [9, 83], [20, 4], [75, 1], [22, 48], [86, 10], [64, 61], [46, 44], [75, 39], [24, 31], [44, 21], [19, 78], [97, 90], [45, 21], [33, 5], [20, 28], [31, 2], [29, 19], [17, 24], [88, 75], [80, 98], [80, 94], [99, 75], [17, 82], [33, 77], [63, 95], [15, 84], [42, 10], [29, 22], [98, 69], [32, 44], [92, 79], [71, 21], [35, 60], [77, 38], [90, 81], [77, 98], [9, 91], [92, 82], [79, 39], [41, 24], [54, 71], [35, 25], [0, 66], [43, 60], [52, 34], [55, 93], [25, 75], [11, 83], [60, 36], [10, 30], [45, 34], [28, 74], [8, 63], [28, 45], [94, 5], [45, 58], [94, 44], [57, 62], [67, 10], [4, 77], [43, 76], [7, 68], [27, 60], [11, 4], [14, 76], [43, 31], [81, 21], [58, 58], [12, 83], [64, 10], [28, 41], [9, 6], [91, 19], [11, 1], [41, 79], [97, 70], [80, 96], [47, 97], [98, 11], [27, 86], [33, 73], [33, 27], [71, 75], [37, 21], [51, 19], [81, 74], [99, 66], [35, 44], [95, 6], [54, 97], [51, 20], [76, 64], [16, 72], [24, 59], [32, 35], [5, 74], [84, 9], [89, 80], [26, 7], [85, 10], [53, 7], [60, 65], [67, 22], [18, 57], [51, 42], [57, 70], [12, 55], [8, 90], [53, 94], [3, 98], [80, 85], [28, 40], [69, 86], [35, 20], [43, 32], [13, 63], [39, 50], [3, 71], [8, 70], [99, 92], [81, 99], [54, 98], [47, 26], [46, 30], [28, 9], [84, 98], [81, 79], [46, 56], [86, 77], [81, 20], [59, 65], [36, 22], [96, 44], [28, 59], [14, 71], [99, 90], [77, 37], [50, 94], [60, 13], [22, 9], [57, 99], [87, 78], [69, 79], [62, 97], [84, 93], [79, 58], [38, 44], [78, 41], [64, 97], [46, 22], [55, 46], [1, 60], [48, 84], [10, 84], [80, 15], [94, 83], [29, 23], [8, 80], [15, 86], [20, 88], [69, 49], [63, 38], [21, 9], [47, 63], [59, 82], [10, 88], [29, 78], [90, 27], [49, 6], [90, 76], [68, 31], [7, 80], [92, 31], [25, 33], [9, 27], [31, 67], [12, 79], [18, 83], [98, 52], [13, 69], [29, 43], [32, 22], [97, 84], [80, 78], [12, 1], [20, 59], [21, 6], [7, 96], [53, 36], [28, 6], [90, 7], [33, 29], [33, 35], [80, 75], [83, 20], [36, 64], [90, 49], [22, 60], [89, 79], [82, 86], [82, 29], [50, 90], [85, 0], [14, 63], [66, 1], [41, 80], [33, 44], [72, 3], [83, 92], [35, 49], [95, 43], [93, 71], [93, 46], [90, 4], [66, 3], [57, 74], [63, 9], [64, 15], [36, 21], [1, 23], [84, 40], [74, 99], [45, 61], [38, 35], [7, 0], [35, 43], [12, 46], [64, 98], [28, 19], [72, 95], [29, 75], [25, 13], [58, 71], [66, 95], [26, 35], [30, 20], [46, 33], [44, 15], [94, 59], [32, 31], [80, 61], [55, 86], [84, 42], [63, 14], [47, 64], [79, 23], [6, 75], [10, 33], [99, 81], [31, 70], [72, 5], [31, 37], [88, 74], [6, 50], [30, 26], [52, 91], [71, 69], [89, 12], [53, 34], [18, 22], [10, 19], [58, 73], [12, 95], [22, 26], [31, 72], [20, 52], [81, 60], [67, 40], [56, 61], [16, 77], [93, 39], [90, 32], [93, 53], [52, 73], [26, 27], [48, 96], [99, 55], [22, 5], [30, 63], [5, 67], [76, 42], [37, 48], [73, 6], [72, 52], [1, 72], [67, 31], [40, 17], [85, 98], [74, 69], [34, 17], [38, 51], [86, 79], [94, 56], [72, 7], [27, 50], [45, 60], [23, 23], [26, 12], [65, 15], [38, 99], [30, 68], [88, 18], [31, 40], [67, 8], [84, 26], [87, 7], [97, 88], [57, 57], [79, 62], [32, 71], [28, 18], [79, 3], [29, 24], [37, 26], [78, 61], [30, 77], [73, 31], [27, 57], [87, 80], [47, 44], [74, 31], [99, 21], [81, 24], [35, 29], [84, 99], [96, 42], [81, 96], [0, 47], [55, 63], [86, 91], [23, 59], [71, 99], [7, 59], [85, 83], [72, 29], [20, 39], [28, 85], [47, 27], [27, 28], [73, 25], [38, 80], [72, 48], [93, 79], [81, 97], [35, 73], [97, 73], [6, 0], [68, 70], [49, 59], [95, 59], [87, 17], [14, 94], [65, 94], [91, 3], [67, 83], [86, 99], [76, 86], [0, 1], [55, 57], [2, 52], [5, 44], [73, 90], [10, 82], [86, 53], [34, 27], [13, 45], [76, 29], [99, 67], [61, 35], [86, 31], [93, 78], [16, 66], [79, 92], [13, 75], [29, 84], [28, 83], [54, 57], [86, 51], [81, 63], [37, 0], [77, 2], [22, 73], [33, 47], [78, 88], [93, 20], [12, 84], [18, 90], [77, 54], [58, 17], [20, 9], [1, 38], [7, 29], [13, 6], [57, 64], [78, 91], [91, 18], [89, 46], [38, 12], [7, 65], [76, 37], [48, 87], [82, 42], [54, 93], [84, 41], [12, 24], [6, 53], [36, 73], [58, 1], [21, 7], [90, 95], [10, 90], [61, 58], [28, 25], [98, 76], [83, 39], [74, 51], [37, 66], [18, 75], [99, 93], [15, 98], [77, 34], [24, 18], [95, 53], [21, 27], [8, 83], [45, 78], [23, 38], [94, 80], [60, 99], [42, 75], [86, 38], [53, 48], [14, 81], [33, 40], [6, 35], [39, 83], [49, 1], [24, 74], [10, 58], [2, 38], [21, 91], [39, 44], [1, 22], [5, 72], [87, 54], [13, 70], [78, 57], [44, 55], [48, 43], [22, 25], [60, 31], [35, 23], [82, 34], [44, 87], [19, 23], [36, 41], [49, 17], [84, 59], [62, 0], [80, 93], [32, 80], [10, 92], [90, 44], [44, 43], [15, 22], [62, 40], [66, 78], [74, 30], [99, 77], [64, 11], [29, 18], [95, 82], [23, 24], [84, 81], [17, 74], [89, 93], [36, 33], [94, 88], [76, 62], [84, 94], [65, 19], [14, 80], [55, 0], [95, 44], [31, 5], [33, 17], [20, 12], [75, 5], [22, 57], [40, 7], [90, 33], [57, 75], [37, 46], [93, 29], [11, 34], [70, 5], [55, 58], [14, 28], [93, 6], [21, 39], [6, 30], [87, 9], [88, 47], [49, 3], [5, 75], [32, 68], [7, 60], [81, 89], [23, 74], [88, 92], [38, 16], [57, 60], [54, 58], [81, 38], [20, 71], [13, 67], [39, 7], [14, 79], [2, 23], [39, 77], [82, 36], [24, 14], [66, 33], [90, 51], [86, 66], [52, 92], [78, 35], [9, 0], [95, 46], [56, 75], [31, 57], [32, 16], [88, 79], [91, 56], [87, 79], [70, 23], [91, 52], [75, 40], [11, 74], [69, 26], [64, 55], [93, 80], [9, 61], [11, 85], [92, 36], [54, 60], [3, 66], [49, 47], [67, 89], [59, 74], [11, 2], [47, 60], [7, 81], [76, 46], [24, 63], [34, 65], [74, 46], [58, 63], [98, 92], [75, 88], [38, 83], [8, 96], [94, 79], [25, 39], [29, 77], [85, 82], [96, 71], [40, 8], [96, 11], [25, 22], [91, 41], [16, 91], [44, 63], [36, 84], [51, 47], [37, 19], [90, 19], [85, 51], [32, 57], [22, 62], [95, 81], [39, 73], [38, 49], [64, 8], [14, 21], [31, 22], [15, 96], [54, 35], [28, 35], [46, 26], [80, 89], [11, 24], [95, 48], [7, 4], [32, 53], [26, 59], [67, 51], [47, 28], [98, 12], [41, 8], [66, 83], [62, 65], [47, 2], [6, 38], [91, 20], [86, 35], [15, 73], [72, 47], [0, 31], [47, 43], [82, 9], [17, 95], [46, 89], [75, 32], [89, 17], [64, 19], [8, 34], [32, 0], [18, 73], [21, 56], [93, 90], [3, 73], [31, 4], [85, 40], [88, 50], [83, 83], [10, 71], [65, 54], [29, 58], [49, 35], [75, 61], [69, 4], [93, 18], [75, 2], [41, 35], [37, 69], [84, 13], [16, 75], [83, 9], [28, 27], [28, 56], [87, 5], [96, 92], [82, 14], [4, 67], [59, 18], [41, 78], [79, 91], [35, 46], [32, 15], [49, 82], [22, 47], [1, 50], [61, 60], [18, 28], [77, 55], [8, 69], [7, 39], [4, 73], [85, 18], [50, 40], [66, 9], [7, 75], [78, 89], [91, 9], [38, 75], [27, 36], [70, 30], [33, 31], [59, 75], [58, 61], [24, 64], [83, 80], [30, 44], [48, 59], [82, 75], [27, 77], [73, 4], [43, 10], [1, 64], [19, 54], [19, 77], [45, 24], [41, 82], [82, 0], [83, 59], [91, 45], [48, 1], [88, 73], [75, 38], [84, 65], [37, 16], [4, 70], [81, 40], [51, 96], [9, 22], [60, 29], [70, 21], [88, 3], [76, 63], [12, 75], [36, 50], [9, 3], [35, 83], [64, 60], [99, 1], [9, 75], [40, 36], [76, 55], [86, 8], [69, 48], [96, 77], [21, 75], [33, 99], [16, 80], [68, 28], [66, 35], [86, 2], [81, 82], [94, 91], [10, 63], [72, 69], [51, 2], [98, 83], [78, 64], [30, 49], [77, 89], [28, 24], [70, 31], [81, 25], [17, 92], [22, 58], [42, 16], [80, 64], [87, 96], [69, 43], [90, 73], [72, 37], [69, 78], [9, 4], [83, 79], [81, 75], [92, 9], [86, 3], [87, 21], [98, 21], [15, 7], [96, 81], [67, 33], [27, 34], [5, 50], [94, 92], [21, 21], [16, 83], [56, 2], [81, 52], [70, 22], [55, 70], [16, 6], [11, 22], [25, 35], [28, 77], [66, 34], [1, 61], [91, 34], [9, 89], [12, 61], [85, 95], [88, 21], [93, 41], [44, 31], [88, 54], [34, 48], [3, 38], [32, 5], [90, 6], [31, 44], [56, 73], [1, 21], [39, 78], [5, 77], [70, 26], [77, 42], [91, 82], [78, 38], [36, 45], [29, 28], [36, 32], [33, 4], [90, 79], [27, 10], [89, 1], [97, 11], [44, 81], [35, 68], [69, 95], [23, 10], [78, 76], [18, 5], [13, 80], [80, 97], [73, 27], [88, 30], [66, 52], [39, 5], [59, 59], [5, 68], [10, 27], [86, 48], [62, 98], [22, 27], [87, 8], [91, 44], [91, 73], [34, 77], [0, 13], [2, 98], [69, 2], [93, 73], [95, 50], [9, 71], [57, 84], [69, 23], [30, 4], [7, 66], [10, 68], [65, 98], [85, 81], [16, 63], [71, 89], [11, 3], [16, 82], [16, 85], [10, 51], [60, 38], [82, 79], [70, 89], [28, 33], [62, 13], [79, 27], [63, 25], [10, 67], [59, 16], [36, 24], [83, 28], [58, 90], [2, 67], [89, 35], [82, 96], [32, 47], [83, 97], [86, 65], [78, 54], [37, 84], [30, 30], [19, 27], [67, 44], [99, 94], [22, 59], [88, 48], [66, 82], [78, 51], [86, 30], [71, 87], [4, 44], [32, 78], [9, 85], [75, 91], [46, 87], [87, 14], [75, 87], [54, 9], [64, 63], [37, 20], [82, 61], [96, 53], [11, 72], [58, 98], [12, 60], [83, 87], [45, 73], [40, 5], [91, 77], [99, 24], [9, 31], [52, 1], [68, 26], [68, 79], [15, 25], [19, 62], [99, 14], [90, 35], [8, 65], [71, 0], [22, 37], [72, 49], [35, 1], [66, 55], [34, 26], [56, 58], [73, 7], [30, 46], [17, 97], [33, 24], [13, 55], [33, 52], [22, 34], [47, 88], [91, 55], [87, 97], [80, 91], [18, 14], [9, 88], [49, 60], [96, 82], [13, 7], [4, 89], [28, 72], [56, 99], [8, 33], [73, 30], [78, 77], [9, 67], [73, 48], [85, 31], [92, 38], [2, 62], [37, 4], [65, 55], [10, 29], [27, 52], [71, 13], [75, 59], [85, 64], [54, 59], [92, 26], [33, 68], [30, 28], [12, 0], [8, 0], [42, 82], [14, 92], [93, 54], [83, 24], [85, 65], [1, 73], [90, 77], [90, 14], [33, 97], [28, 50], [9, 86], [81, 39], [88, 93], [12, 6], [65, 12], [95, 72], [70, 96], [76, 61], [20, 72], [77, 39], [55, 85], [40, 38], [21, 90], [90, 2], [8, 76], [13, 76], [70, 48], [94, 64], [90, 43], [6, 82], [15, 30], [48, 30], [31, 63], [63, 10], [73, 91], [88, 51], [18, 59], [77, 36], [13, 31], [8, 3], [53, 97], [5, 42], [38, 25], [68, 29], [38, 42], [66, 42], [88, 94], [99, 84], [88, 78], [97, 83], [43, 80], [21, 60], [48, 44], [57, 17], [22, 71], [31, 30], [69, 96], [74, 37], [5, 37], [63, 60], [77, 35], [93, 8], [21, 24], [34, 15], [94, 63], [6, 37], [12, 97], [27, 76], [75, 29], [80, 77], [94, 30], [11, 45], [1, 62], [34, 24], [45, 63], [32, 20], [85, 15], [25, 19], [33, 28], [61, 40], [53, 93], [80, 90], [60, 41], [39, 33], [13, 71], [33, 80], [84, 18], [37, 15], [19, 55], [64, 81], [23, 86], [67, 32], [46, 57], [95, 76], [61, 16], [26, 8], [98, 60], [10, 31], [23, 33], [19, 89], [41, 6], [57, 2], [53, 55], [16, 27], [77, 62], [33, 30], [90, 70], [35, 27], [78, 86], [43, 25], [82, 93], [35, 63], [94, 46], [95, 89], [4, 86], [3, 87], [85, 17], [83, 3], [16, 87], [7, 73], [10, 79], [36, 26], [90, 72], [89, 8], [79, 64], [11, 61], [77, 87], [89, 52], [9, 60], [49, 28], [24, 34], [48, 58], [87, 39], [80, 59], [66, 16], [65, 9], [24, 88], [67, 88], [58, 24], [36, 1], [30, 7], [37, 53], [80, 41], [0, 60], [96, 55], [96, 45], [1, 68], [96, 13], [86, 26], [15, 75], [61, 32], [55, 53], [47, 30], [80, 56], [20, 26], [76, 84], [86, 1], [77, 40], [5, 90], [13, 79], [64, 94], [38, 4], [65, 35], [24, 15], [52, 43], [44, 8], [37, 50], [95, 91], [29, 76], [5, 34], [0, 62], [10, 0], [55, 3], [34, 68], [75, 48], [33, 49], [35, 51], [40, 44], [31, 60], [12, 21], [9, 28], [43, 9], [23, 49], [59, 72], [49, 66], [18, 61], [89, 27], [89, 94], [92, 53], [35, 0], [38, 0], [77, 77], [35, 14], [74, 27], [53, 81], [80, 52], [30, 37], [33, 23], [17, 55], [79, 40], [35, 65], [41, 18], [1, 39], [31, 71], [73, 53], [77, 59], [20, 56], [98, 86], [84, 12], [10, 83], [69, 33], [99, 13], [63, 3], [10, 2], [15, 85], [12, 45], [32, 34], [92, 47], [16, 55], [91, 31], [99, 17], [21, 58], [85, 53], [68, 20], [33, 53], [0, 79], [77, 46], [49, 67], [69, 50], [37, 45], [5, 41], [80, 63], [44, 60], [48, 92], [73, 29], [0, 32], [37, 63], [0, 48], [49, 53], [21, 50], [40, 77], [47, 67], [46, 15], [80, 21], [11, 82], [62, 2], [13, 21], [32, 29], [17, 64], [56, 53], [35, 52], [84, 36], [12, 63], [53, 70], [19, 73], [46, 34], [14, 47], [32, 4], [20, 37], [41, 77], [82, 28], [37, 51], [82, 81], [73, 49], [27, 46], [65, 34], [1, 1], [42, 20], [19, 6], [63, 15], [7, 61], [19, 22], [96, 73], [48, 33], [18, 9], [5, 43], [73, 89], [90, 21], [1, 54], [47, 3], [84, 16], [40, 81], [13, 64], [44, 61], [29, 8], [13, 29], [38, 73], [31, 36], [17, 96], [48, 0], [83, 13], [58, 72], [94, 61], [54, 99], [46, 28], [77, 84], [82, 89], [33, 65], [56, 52], [50, 85], [37, 47], [50, 7], [63, 1], [3, 39], [26, 84], [57, 73], [86, 0], [85, 49], [76, 57], [15, 65], [31, 3], [18, 88], [16, 24], [44, 22], [59, 62], [64, 53], [31, 43], [90, 1], [57, 86], [54, 94], [35, 48], [12, 70], [7, 35], [23, 73], [89, 74], [31, 65], [98, 15], [33, 66], [15, 74], [77, 3], [77, 86], [56, 83], [89, 15], [39, 37], [98, 82], [34, 67], [78, 55], [89, 19], [29, 25], [20, 75], [96, 70], [97, 93], [95, 54], [83, 12], [62, 60], [81, 43], [89, 10], [40, 74], [27, 84], [72, 28], [49, 54], [78, 36], [18, 4], [91, 49], [2, 71], [71, 96], [18, 53], [34, 71], [74, 39], [26, 20], [32, 2], [10, 1], [0, 64], [9, 34], [75, 86], [30, 1], [34, 72], [24, 75], [39, 17], [95, 51], [80, 24], [96, 74], [33, 22], [90, 78], [31, 28], [58, 81], [6, 90], [22, 28], [35, 81], [34, 32], [88, 52], [78, 42], [84, 77], [55, 95], [9, 57], [1, 31], [96, 95], [30, 0], [27, 53], [92, 56], [84, 82], [63, 96], [19, 53], [53, 99], [38, 6], [49, 45], [82, 92], [68, 55], [83, 99], [22, 39], [76, 60], [31, 38], [22, 12], [48, 16], [85, 93], [39, 93], [80, 79], [69, 89], [55, 59], [30, 67], [38, 98], [26, 87], [84, 30], [65, 1], [53, 54], [1, 85], [38, 82], [57, 87], [68, 2], [91, 37], [86, 95], [20, 51], [45, 89], [12, 96], [47, 35], [34, 74], [33, 36], [64, 95], [45, 16], [33, 26], [98, 51], [39, 3], [91, 81], [80, 22], [66, 22], [73, 51], [65, 80], [24, 33], [94, 52], [96, 88], [80, 40], [70, 73], [70, 72], [6, 80], [97, 41], [44, 77], [75, 6], [4, 74], [1, 89], [97, 75], [53, 92], [2, 66], [31, 14], [28, 60], [60, 3], [9, 63], [26, 18], [46, 35], [79, 97], [87, 18], [38, 43], [48, 34], [18, 10], [90, 26], [8, 35], [91, 70], [87, 48], [76, 90], [79, 24], [72, 96], [12, 56], [17, 79], [19, 59], [79, 72], [69, 1], [28, 93], [86, 14], [37, 97], [53, 51], [27, 38], [9, 37], [77, 58], [50, 95], [80, 92], [12, 54], [0, 69], [5, 64], [60, 30], [23, 34], [82, 58], [18, 74], [61, 14], [18, 92], [33, 71], [87, 2], [67, 52], [84, 21], [36, 18], [6, 56], [79, 52], [36, 49], [5, 57], [47, 84], [79, 57], [94, 28], [1, 25], [31, 46], [68, 95], [25, 59], [11, 54], [20, 89], [1, 87], [24, 27], [34, 69], [76, 88], [49, 55], [81, 22], [51, 81], [68, 36], [5, 71], [71, 24], [96, 84], [26, 74], [29, 5], [13, 46], [94, 27], [19, 29], [58, 18], [4, 72], [68, 3], [98, 94], [58, 75], [9, 38], [19, 52], [95, 25], [6, 87], [64, 38], [50, 97], [30, 76], [54, 76], [87, 49], [11, 20], [90, 53], [5, 45], [34, 44], [30, 17], [26, 14], [99, 30], [30, 40], [47, 1], [89, 37], [90, 97], [75, 60], [42, 32], [0, 25], [58, 53], [91, 78], [41, 19], [34, 16], [10, 53], [26, 50], [6, 77], [14, 29], [81, 2], [53, 73], [38, 1], [52, 94], [59, 2], [55, 61], [44, 74], [37, 78], [92, 78], [50, 20], [8, 68], [51, 94], [64, 12], [39, 6], [24, 22], [33, 61], [3, 64], [31, 27], [82, 44], [87, 93], [40, 92], [32, 30], [38, 72], [31, 8], [60, 73], [72, 25], [97, 53], [20, 25], [0, 71], [97, 64], [14, 0], [32, 38], [49, 81], [10, 89], [96, 58], [87, 36], [37, 65], [36, 83], [3, 74], [89, 78], [0, 88], [20, 14], [19, 57], [35, 75], [89, 44], [53, 0], [81, 26], [40, 93], [84, 43], [36, 61], [8, 79], [69, 69], [6, 96], [67, 95], [70, 24], [73, 1], [10, 76], [18, 20], [6, 72], [0, 15], [82, 25], [49, 99], [91, 47], [89, 54], [8, 40], [58, 22], [2, 64], [76, 43], [75, 98], [40, 94], [83, 94], [60, 74], [22, 24], [52, 74], [78, 11], [65, 96], [2, 92], [4, 36], [30, 62], [41, 44], [17, 77], [35, 34], [15, 83], [81, 90], [98, 70], [17, 86], [64, 54], [26, 34], [0, 99], [10, 69], [68, 94], [84, 33], [44, 10], [5, 58], [0, 63], [15, 79], [29, 85], [82, 62], [10, 80], [94, 72], [52, 95], [11, 53], [57, 18], [75, 89], [12, 29], [10, 86], [38, 50], [55, 82], [92, 71], [25, 16], [59, 14], [49, 97], [0, 33], [87, 46], [98, 61], [81, 91], [68, 76], [65, 38], [80, 25], [79, 73], [1, 30], [83, 75], [8, 4], [38, 19], [86, 13], [48, 41], [32, 70], [80, 16], [9, 33], [16, 90], [19, 49], [94, 89], [11, 42], [78, 52], [84, 44], [50, 42], [82, 87], [82, 8], [11, 43], [32, 61], [45, 17], [98, 78], [82, 57], [15, 0], [19, 24], [18, 51], [65, 2], [11, 88], [88, 4], [56, 74], [54, 49], [83, 42], [99, 82], [63, 62], [42, 21], [48, 31], [93, 74], [48, 42], [33, 20], [83, 96], [99, 22], [19, 74], [23, 14], [93, 63], [85, 7], [30, 50], [29, 37], [29, 64], [17, 61], [78, 78], [26, 6], [85, 8], [19, 81], [24, 48], [27, 23], [79, 1], [90, 17], [85, 12], [97, 12], [50, 60], [83, 26], [69, 72], [47, 16], [3, 70], [53, 96], [52, 97], [59, 15], [6, 97], [3, 65], [36, 48], [94, 31], [8, 87], [49, 37], [34, 63], [96, 59], [31, 59], [25, 23], [49, 34], [9, 87], [0, 51], [83, 93], [55, 71], [2, 84], [71, 3], [14, 97], [35, 67], [52, 0], [41, 81], [81, 37], [69, 70], [34, 83], [46, 16], [31, 66], [95, 95], [20, 22], [33, 16], [27, 20], [91, 7], [19, 37], [12, 76], [8, 44], [94, 48], [14, 8], [42, 81], [85, 2], [9, 46], [12, 69], [80, 26], [13, 25], [53, 46], [2, 72], [38, 79], [17, 4], [10, 64], [83, 41], [41, 45], [19, 75], [77, 85], [66, 19], [1, 71], [0, 87], [55, 72], [80, 53], [33, 58], [49, 0], [81, 23], [94, 26], [91, 27], [12, 99], [42, 33], [80, 23], [85, 97], [50, 44], [83, 19], [25, 61], [17, 22], [53, 83], [99, 87], [98, 89], [87, 32], [34, 36], [84, 80], [10, 59], [54, 61], [53, 82], [70, 86], [29, 86], [65, 16], [95, 7], [40, 20], [41, 83], [19, 79], [82, 12], [48, 85], [45, 55], [3, 96], [24, 21], [31, 20], [94, 42], [78, 12], [75, 30], [86, 54], [20, 10], [37, 75], [99, 15], [26, 19], [80, 3], [61, 66], [18, 54], [27, 93], [0, 91], [15, 26], [80, 58], [73, 47], [31, 15], [69, 22], [19, 87], [82, 78], [40, 49], [2, 37], [47, 15], [1, 76], [65, 3], [15, 20], [96, 76], [92, 35], [71, 2], [89, 96], [33, 7], [31, 98], [53, 45], [64, 13], [29, 59], [69, 54], [94, 50], [79, 63], [87, 19], [75, 4], [43, 58], [36, 43], [81, 12], [30, 85], [10, 56], [14, 98], [90, 9], [34, 75], [79, 0], [95, 78], [87, 74], [95, 63], [88, 20], [18, 24], [46, 55], [83, 30], [58, 65], [59, 83], [50, 92], [88, 95], [91, 75], [24, 32], [43, 22], [82, 24], [71, 50], [78, 99], [30, 19], [71, 4], [25, 27], [77, 44], [29, 36], [10, 32], [75, 27], [48, 52], [68, 81], [29, 56], [96, 61], [40, 19], [81, 36], [87, 31], [36, 14], [54, 92], [43, 17], [0, 24], [34, 19], [16, 93], [69, 53], [81, 94], [71, 73], [83, 89], [60, 58], [69, 88], [32, 8], [12, 26], [63, 34], [87, 30], [46, 53], [45, 54], [81, 76], [18, 79], [97, 81], [95, 83], [48, 93], [94, 62], [41, 22], [86, 97], [12, 73], [46, 65], [39, 48], [82, 88], [31, 0], [30, 3], [80, 88], [55, 56], [17, 73], [6, 69], [31, 61], [46, 24], [19, 80], [57, 54], [49, 85], [61, 63], [79, 87], [73, 2], [94, 8], [39, 75], [85, 19], [84, 61], [98, 79], [57, 88], [48, 35], [21, 62], [13, 73], [94, 29], [11, 6], [30, 29], [83, 77], [35, 72], [40, 24], [91, 30], [50, 91], [30, 42], [16, 78], [18, 84], [81, 98], [67, 23], [6, 40], [84, 31], [77, 97], [22, 14], [26, 9], [32, 21], [27, 37], [90, 46], [87, 77], [4, 98], [26, 86], [30, 21], [74, 40], [15, 76], [89, 69], [16, 4], [86, 55], [30, 23], [48, 67], [76, 4], [31, 68], [53, 57], [30, 58], [62, 16], [6, 36], [70, 3], [59, 56], [57, 56], [27, 26], [64, 21], [82, 83], [27, 73], [30, 16], [79, 83], [67, 80], [83, 91], [41, 93], [24, 71], [89, 49], [79, 90], [40, 23], [58, 86], [1, 67], [80, 38], [99, 91], [96, 62], [81, 29], [91, 80], [31, 41], [2, 86], [0, 67], [99, 49], [26, 85], [69, 29], [49, 44], [82, 27], [79, 38], [97, 92], [48, 86], [38, 71], [17, 81], [92, 17], [2, 74], [77, 1], [29, 50], [56, 84], [80, 36], [41, 38], [75, 41], [42, 79], [62, 58], [41, 14], [74, 49], [1, 88], [35, 17], [61, 15], [52, 53], [10, 44], [9, 44], [92, 18], [56, 71], [77, 52], [30, 74], [32, 54], [70, 55], [96, 94], [36, 77], [84, 19], [48, 17], [84, 85], [65, 63], [85, 77], [63, 54], [51, 97], [47, 52], [4, 68], [32, 99], [46, 23], [1, 0], [82, 21], [31, 24], [76, 35], [58, 82], [51, 1], [62, 4], [45, 56], [55, 51], [81, 9], [48, 91], [77, 79], [65, 97], [30, 66], [69, 35], [27, 16], [79, 25], [69, 21], [2, 85], [69, 30], [33, 98], [79, 77], [48, 36], [86, 12], [97, 14], [96, 25], [70, 52], [69, 24], [71, 26], [41, 34], [52, 19], [77, 30], [11, 78], [73, 46], [32, 28], [21, 12], [85, 9], [69, 77], [60, 57], [9, 58], [79, 41], [86, 98], [44, 76], [17, 23], [53, 61], [60, 39], [60, 75], [34, 37], [47, 59], [51, 54], [8, 2], [79, 16], [0, 17], [47, 34], [87, 38], [6, 85], [40, 47], [12, 28], [83, 29], [98, 73], [37, 81], [55, 54], [54, 62], [27, 15], [52, 57], [7, 88], [22, 10], [95, 94], [38, 20], [28, 38], [86, 82], [93, 44], [7, 14], [49, 20], [81, 30], [91, 16], [29, 46], [13, 72], [79, 74], [82, 85], [57, 3], [79, 59], [50, 81], [7, 91], [30, 56], [28, 21], [11, 73], [31, 26], [38, 15], [93, 47], [22, 61], [4, 55], [1, 86], [17, 54], [78, 73], [93, 28], [78, 40], [5, 87], [85, 92], [47, 61], [26, 46], [81, 56], [96, 65], [30, 47], [70, 69], [36, 75], [26, 76], [95, 79], [71, 47], [98, 77], [58, 88], [30, 65], [15, 63], [8, 60], [14, 82], [64, 0], [52, 82], [16, 73], [78, 92], [45, 23], [48, 61], [25, 50], [71, 22], [62, 64], [11, 40], [77, 63], [69, 55], [43, 57], [49, 31], [56, 48], [46, 31], [93, 30], [19, 7], [47, 57], [47, 54], [24, 50], [6, 28], [43, 56], [51, 35], [59, 0], [30, 32], [84, 27], [1, 26], [67, 82], [11, 84], [29, 47], [79, 26], [35, 47], [71, 49], [21, 47], [40, 34], [56, 64], [9, 69], [12, 72], [50, 83], [57, 59], [96, 47], [9, 70], [14, 78], [8, 61], [34, 96], [65, 60], [28, 28], [34, 21], [92, 74], [59, 37], [90, 93], [19, 12], [96, 51], [76, 89], [14, 27], [66, 21], [85, 39], [6, 44], [37, 2], [13, 95], [79, 80], [34, 49], [5, 86], [39, 49], [86, 15], [36, 29], [24, 24], [91, 29], [81, 62], [26, 15], [4, 0], [27, 25], [83, 2], [96, 80], [17, 52], [97, 86], [51, 98], [6, 89], [54, 52], [60, 17], [21, 25], [83, 55], [84, 56], [79, 96], [9, 97], [35, 35], [43, 23], [19, 50], [19, 51], [7, 67], [73, 69], [13, 0], [4, 42], [15, 28], [33, 79], [47, 18], [88, 8], [74, 4], [0, 85], [31, 31], [1, 75], [50, 5], [80, 14], [95, 92], [0, 75], [77, 60], [44, 73], [62, 62], [35, 79], [84, 84], [72, 71], [67, 2], [87, 4], [16, 84], [66, 14], [10, 85], [87, 99], [67, 11], [6, 60], [67, 18], [15, 8], [52, 35], [98, 90], [88, 32], [59, 60], [97, 82], [86, 32], [6, 88], [84, 3], [67, 21], [4, 97], [37, 22], [0, 93], [0, 86], [59, 38], [47, 85], [19, 19], [40, 83], [45, 22], [42, 83], [73, 0], [80, 55], [81, 54], [49, 95], [31, 33], [35, 69], [87, 11], [13, 66], [26, 60], [38, 45], [66, 8], [28, 58], [80, 2], [78, 63], [23, 51], [24, 28], [48, 94], [18, 97], [22, 21], [23, 87], [38, 14], [70, 51], [52, 18], [68, 49], [21, 36], [23, 36], [46, 29], [68, 72], [98, 72], [90, 75], [55, 2], [68, 1], [76, 99], [66, 10], [83, 85], [79, 28], [81, 28], [4, 76], [90, 10], [89, 11], [31, 6], [32, 72], [75, 28], [58, 23], [99, 86], [40, 82], [84, 83], [67, 25], [20, 3], [98, 93], [39, 13], [24, 86], [88, 31], [8, 88], [75, 49], [66, 38], [3, 90], [84, 23], [71, 30], [39, 4], [49, 7], [62, 99], [3, 97], [82, 10], [43, 15], [41, 32], [38, 17], [6, 31], [6, 42], [97, 89], [1, 66], [10, 81], [27, 6], [89, 82], [59, 58], [99, 71], [89, 55], [33, 51], [9, 79], [81, 73], [79, 15], [34, 76], [85, 54], [27, 9], [87, 64], [13, 96], [67, 24], [20, 53], [21, 10], [20, 78], [23, 72], [77, 92], [35, 96], [12, 74], [2, 75], [17, 85], [71, 53], [29, 71], [79, 29], [80, 76], [24, 39], [91, 2], [36, 13], [91, 51], [47, 65], [92, 80], [98, 49], [31, 18], [18, 80], [15, 64], [17, 5], [86, 25], [3, 88], [49, 2], [48, 90], [17, 21], [13, 5], [38, 78], [10, 49], [33, 19], [55, 50], [37, 34], [15, 55], [36, 0], [88, 46], [2, 90], [30, 5], [64, 65], [80, 57], [28, 73], [71, 23], [48, 95], [12, 7], [54, 2], [81, 83], [94, 70], [36, 81], [78, 5], [99, 80], [82, 20], [11, 86], [58, 62], [18, 56], [17, 8], [2, 25], [19, 72], [87, 35], [8, 1], [35, 18], [75, 36], [50, 33], [99, 70], [26, 25], [79, 37], [56, 4], [36, 78], [84, 57], [89, 75], [65, 8], [76, 33], [52, 21], [30, 34], [75, 44], [14, 93], [48, 64], [35, 74], [17, 90], [39, 34], [79, 89], [36, 63], [87, 65], [22, 89], [36, 19], [84, 58], [42, 78], [1, 93], [85, 60], [11, 58], [10, 61], [92, 29], [48, 56], [23, 48], [60, 0], [95, 88], [51, 33], [51, 44], [85, 34], [61, 62], [72, 74], [34, 28], [26, 51], [26, 28], [87, 0], [40, 6], [53, 91], [72, 51], [93, 89], [7, 77], [36, 74], [42, 23], [99, 60], [84, 25], [46, 59], [55, 49], [18, 13], [81, 80], [32, 50], [65, 17], [39, 19], [99, 20], [16, 25], [48, 28], [26, 23], [17, 20], [31, 52], [86, 22], [64, 62], [97, 74], [0, 81], [59, 64], [38, 2], [72, 22], [20, 29], [34, 54], [64, 27], [91, 21], [65, 0], [9, 59], [15, 91], [13, 92], [88, 16], [43, 7], [66, 54], [99, 11], [32, 79], [39, 94], [23, 60], [51, 34], [12, 85], [47, 51], [36, 51], [83, 37], [29, 73], [36, 72], [91, 53], [87, 55], [49, 4], [82, 43], [51, 90], [32, 66], [56, 68], [83, 57], [98, 80], [14, 96], [20, 20], [12, 64], [79, 65], [19, 9], [88, 45], [22, 88], [66, 36], [33, 46], [32, 33], [43, 63], [1, 32], [91, 40], [25, 88], [31, 29], [25, 48], [2, 20], [97, 80], [72, 31], [35, 77], [92, 46], [91, 39], [80, 30], [73, 99], [19, 20], [47, 87], [83, 56], [45, 57], [36, 46], [48, 63], [91, 71], [99, 74], [20, 62], [75, 37], [52, 83], [54, 96], [10, 28], [54, 72], [81, 77], [30, 33], [81, 81], [16, 28], [62, 39], [83, 32], [41, 95], [19, 25], [70, 47], [51, 55], [21, 61], [19, 26], [10, 77], [7, 99], [3, 37], [7, 69], [83, 90], [25, 36], [35, 62], [10, 4], [18, 76], [22, 13], [95, 45], [94, 71], [87, 10], [88, 72], [76, 31], [34, 98], [11, 60], [29, 33], [59, 89], [72, 99], [91, 94], [95, 93], [24, 73], [46, 85], [14, 26], [59, 61], [65, 62], [94, 74], [78, 79], [21, 26], [50, 31], [12, 66], [45, 87], [7, 3], [46, 32], [50, 56], [19, 4], [20, 48], [84, 10], [42, 60], [71, 1], [9, 5], [67, 85], [36, 25], [70, 19], [93, 81], [75, 47], [31, 1], [83, 11], [7, 30], [2, 91], [32, 52], [20, 73], [56, 86], [26, 36], [11, 19], [90, 16], [71, 28], [65, 61], [61, 12], [15, 29], [54, 69], [23, 21], [85, 66], [36, 28], [21, 5], [51, 83], [32, 17], [62, 18], [83, 15], [30, 2], [93, 40], [30, 18], [98, 57], [85, 79], [1, 69], [30, 24], [76, 39], [34, 30], [49, 46], [10, 70], [98, 17], [78, 85], [0, 83], [26, 41], [34, 35], [71, 94], [94, 49], [2, 61], [53, 47], [11, 56], [86, 29], [11, 5], [13, 54], [52, 45], [86, 39], [64, 24], [29, 34], [30, 27], [46, 5], [11, 25], [92, 39], [30, 73], [80, 4], [17, 28], [35, 98], [82, 90], [82, 99], [49, 18], [96, 46], [7, 89], [24, 51], [18, 21], [71, 48], [37, 72], [82, 15], [86, 83], [68, 32], [83, 21], [15, 23], [52, 44], [36, 44], [89, 77], [37, 30]]}