{"meta": {"number_of_robots": 1000, "description": {"parameters": {"seed": 7357, "shape": [50, 50], "obstacles": {"n": 0, "mean": 5, "std": 2.5}, "clusters": {"n": 5, "mean": 20, "std": 10.0, "relative_radius": 2, "increase_factor": 1.3, "start_dist": {"generator_name": "Image", "shape": [50, 50], "min": 40.0, "max": 255.0, "mean": 179.9948, "std": 60.627356638402105, "dtype": "uint64", "parameters": {"image": "sun.png", "transformer": {"name": "ColorChannelSelector", "channel": "v", "inverted": false}}}, "target_dist": {"generator_name": "Image", "shape": [50, 50], "min": 0.0, "max": 215.0, "mean": 75.0052, "std": 60.627356638402105, "dtype": "uint64", "parameters": {"image": "sun.png", "transformer": {"name": "ColorChannelSelector", "channel": "v", "inverted": true}}}}, "density": 0.4, "start_dist": {"generator_name": "Image", "shape": [50, 50], "min": 40.0, "max": 255.0, "mean": 179.9948, "std": 60.627356638402105, "dtype": "uint64", "parameters": {"image": "sun.png", "transformer": {"name": "ColorChannelSelector", "channel": "v", "inverted": false}}}, "target_dist": {"generator_name": "Image", "shape": [50, 50], "min": 0.0, "max": 215.0, "mean": 75.0052, "std": 60.627356638402105, "dtype": "uint64", "parameters": {"image": "sun.png", "transformer": {"name": "ColorChannelSelector", "channel": "v", "inverted": true}}}}, "stats": {"date": "2020-11-17", "free_area": 2500.0, "number_of_clustered_robots": 89, "number_of_robots": 1000}}}, "name": "sun_00002_50x50_40_1000", "obstacles": [], "starts": [[0, 13], [48, 23], [44, 4], [48, 26], [46, 7], [49, 7], [45, 23], [0, 11], [42, 12], [43, 21], [45, 31], [45, 10], [43, 20], [4, 9], [49, 13], [42, 24], [47, 15], [43, 27], [44, 19], [1, 6], [43, 15], [44, 20], [49, 15], [2, 9], [43, 26], [41, 30], [43, 7], [41, 9], [44, 26], [2, 8], [43, 12], [43, 24], [41, 29], [41, 13], [42, 22], [1, 7], [46, 15], [48, 25], [45, 12], [46, 32], [44, 15], [4, 14], [44, 13], [45, 15], [44, 11], [4, 11], [43, 17], [40, 34], [49, 10], [43, 9], [45, 26], [2, 14], [41, 10], [44, 23], [48, 33], [47, 11], [47, 18], [0, 7], [43, 10], [46, 16], [46, 10], [43, 32], [43, 23], [2, 7], [47, 3], [48, 21], [48, 14], [4, 13], [45, 16], [43, 29], [47, 14], [45, 6], [46, 24], [3, 10], [48, 10], [44, 16], [48, 30], [44, 3], [46, 25], [0, 6], [45, 14], [45, 17], [49, 4], [45, 29], [47, 23], [2, 12], [48, 9], [48, 24], [45, 11], [5, 17], [32, 31], [31, 45], [2, 48], [7, 48], [35, 15], [45, 47], [2, 25], [15, 25], [36, 27], [19, 25], [13, 21], [42, 13], [33, 14], [11, 29], [13, 44], [32, 18], [45, 7], [44, 41], [21, 47], [10, 35], [45, 45], [12, 46], [47, 28], [34, 32], [39, 21], [33, 7], [47, 26], [3, 37], [48, 19], [16, 20], [19, 15], [21, 10], [49, 31], [10, 26], [29, 39], [47, 12], [44, 22], [35, 41], [4, 30], [47, 21], [24, 14], [37, 12], [28, 17], [34, 34], [18, 24], [30, 32], [16, 6], [40, 35], [27, 48], [18, 23], [46, 48], [19, 18], [21, 14], [5, 11], [8, 42], [24, 8], [39, 13], [20, 11], [21, 11], [19, 4], [27, 46], [18, 49], [1, 44], [39, 36], [32, 15], [47, 25], [14, 7], [4, 21], [38, 47], [14, 26], [22, 45], [0, 37], [5, 42], [7, 36], [30, 14], [5, 0], [2, 34], [23, 24], [1, 47], [0, 0], [11, 48], [32, 38], [24, 15], [14, 15], [20, 26], [3, 25], [21, 8], [44, 31], [2, 22], [25, 20], [24, 10], [31, 41], [11, 1], [5, 40], [21, 0], [24, 32], [27, 12], [40, 33], [30, 11], [25, 42], [18, 12], [13, 41], [20, 44], [38, 5], [33, 22], [46, 43], [40, 29], [45, 38], [21, 44], [10, 19], [39, 22], [21, 17], [6, 36], [11, 24], [23, 7], [48, 36], [46, 34], [1, 20], [16, 25], [1, 48], [27, 5], [24, 3], [1, 38], [14, 42], [49, 47], [26, 13], [11, 35], [45, 41], [22, 9], [10, 13], [25, 10], [17, 48], [30, 30], [41, 33], [22, 12], [42, 42], [29, 11], [20, 27], [12, 37], [8, 9], [29, 30], [16, 22], [28, 15], [1, 24], [13, 42], [25, 40], [41, 14], [9, 26], [34, 17], [0, 35], [33, 44], [36, 31], [7, 25], [28, 1], [34, 36], [24, 25], [6, 30], [26, 3], [19, 27], [28, 4], [17, 7], [1, 32], [29, 4], [20, 25], [23, 22], [28, 31], [29, 16], [31, 16], [0, 49], [42, 3], [11, 41], [28, 19], [22, 10], [42, 35], [48, 2], [46, 40], [47, 30], [5, 19], [37, 37], [23, 29], [34, 46], [32, 36], [30, 40], [14, 13], [44, 49], [48, 48], [6, 33], [19, 35], [39, 26], [48, 17], [7, 14], [43, 42], [31, 35], [7, 27], [12, 21], [8, 1], [1, 27], [48, 1], [15, 0], [27, 33], [35, 33], [16, 45], [23, 26], [26, 0], [18, 8], [15, 22], [18, 29], [18, 20], [40, 40], [25, 8], [27, 17], [1, 31], [8, 14], [17, 12], [1, 29], [20, 48], [10, 47], [30, 45], [16, 18], [45, 8], [39, 24], [3, 47], [12, 26], [19, 3], [16, 16], [6, 9], [29, 22], [30, 8], [11, 28], [32, 5], [43, 3], [23, 9], [31, 17], [18, 35], [19, 5], [43, 41], [47, 45], [8, 11], [8, 31], [2, 3], [16, 27], [43, 5], [17, 2], [13, 15], [5, 27], [43, 1], [20, 2], [7, 7], [26, 14], [42, 20], [26, 10], [31, 21], [22, 48], [4, 36], [42, 5], [4, 32], [39, 33], [49, 0], [43, 14], [18, 42], [37, 18], [33, 2], [25, 19], [43, 28], [25, 41], [0, 2], [30, 19], [45, 32], [0, 42], [42, 32], [11, 42], [0, 20], [28, 11], [2, 11], [1, 5], [27, 6], [5, 20], [36, 46], [16, 13], [28, 40], [41, 11], [27, 38], [8, 2], [21, 39], [12, 27], [31, 43], [7, 2], [10, 34], [25, 6], [20, 8], [24, 20], [37, 41], [32, 46], [12, 4], [5, 30], [31, 47], [46, 17], [43, 6], [1, 12], [29, 44], [22, 34], [5, 29], [37, 36], [4, 48], [35, 22], [3, 17], [22, 24], [40, 31], [17, 49], [0, 48], [44, 42], [18, 47], [20, 32], [36, 24], [42, 9], [5, 22], [18, 1], [34, 0], [32, 29], [25, 25], [29, 23], [17, 45], [0, 31], [19, 30], [17, 47], [46, 31], [31, 33], [22, 35], [19, 29], [4, 22], [20, 20], [24, 21], [49, 11], [8, 45], [47, 44], [8, 20], [0, 28], [25, 35], [27, 42], [13, 47], [23, 10], [38, 35], [36, 10], [4, 25], [17, 16], [43, 25], [39, 32], [41, 4], [9, 36], [25, 4], [26, 19], [13, 22], [42, 21], [0, 44], [1, 39], [9, 48], [26, 48], [15, 29], [44, 30], [6, 48], [3, 42], [20, 5], [25, 32], [7, 13], [9, 10], [21, 36], [16, 21], [11, 32], [38, 24], [22, 8], [17, 22], [18, 6], [7, 42], [44, 1], [21, 42], [15, 34], [40, 44], [23, 5], [8, 22], [30, 48], [17, 10], [43, 2], [14, 0], [12, 29], [33, 32], [6, 45], [15, 28], [11, 34], [18, 45], [1, 21], [45, 3], [0, 33], [41, 19], [29, 35], [49, 17], [44, 18], [17, 11], [8, 35], [8, 26], [19, 19], [2, 43], [48, 13], [17, 24], [25, 7], [41, 43], [1, 26], [26, 8], [20, 33], [18, 30], [0, 5], [20, 45], [41, 16], [23, 15], [45, 34], [0, 39], [20, 16], [14, 23], [36, 18], [26, 7], [30, 42], [18, 25], [2, 49], [21, 48], [25, 49], [32, 26], [35, 36], [14, 5], [13, 49], [40, 5], [47, 24], [45, 43], [25, 47], [8, 25], [14, 4], [32, 42], [37, 23], [35, 28], [14, 19], [22, 41], [46, 14], [35, 31], [0, 14], [35, 20], [44, 6], [45, 2], [32, 35], [27, 8], [5, 28], [10, 41], [10, 31], [43, 11], [6, 31], [45, 36], [39, 0], [21, 49], [22, 16], [44, 33], [30, 3], [48, 0], [36, 38], [16, 23], [33, 46], [9, 4], [42, 44], [18, 26], [29, 34], [29, 1], [42, 29], [6, 10], [31, 4], [22, 37], [25, 36], [45, 18], [42, 6], [40, 7], [16, 47], [35, 30], [35, 37], [35, 38], [0, 15], [27, 11], [29, 12], [17, 26], [45, 44], [5, 25], [34, 35], [47, 36], [33, 38], [36, 16], [46, 42], [39, 16], [11, 33], [22, 42], [44, 7], [8, 27], [27, 41], [39, 14], [38, 9], [44, 10], [6, 12], [33, 41], [15, 24], [34, 49], [24, 22], [4, 24], [2, 40], [9, 44], [43, 49], [48, 16], [13, 33], [7, 23], [39, 29], [41, 8], [30, 35], [17, 13], [43, 43], [21, 26], [42, 7], [41, 15], [4, 34], [25, 22], [42, 45], [9, 45], [29, 19], [8, 6], [45, 28], [47, 8], [37, 39], [28, 44], [41, 35], [45, 30], [43, 4], [47, 38], [7, 0], [40, 15], [18, 16], [34, 24], [33, 47], [35, 10], [48, 32], [24, 47], [28, 10], [24, 41], [31, 28], [24, 30], [31, 25], [44, 46], [37, 6], [27, 49], [29, 17], [22, 31], [33, 17], [41, 31], [30, 18], [29, 10], [0, 41], [25, 17], [7, 1], [39, 11], [33, 37], [34, 41], [1, 0], [31, 37], [37, 28], [28, 49], [34, 43], [39, 38], [21, 7], [1, 40], [43, 16], [25, 0], [33, 35], [36, 34], [5, 23], [21, 9], [3, 45], [18, 18], [41, 37], [20, 24], [40, 10], [11, 8], [19, 20], [23, 8], [3, 3], [7, 31], [10, 33], [0, 3], [48, 29], [12, 5], [34, 15], [7, 30], [36, 5], [4, 33], [3, 6], [29, 9], [13, 29], [46, 19], [9, 49], [43, 47], [32, 25], [25, 14], [47, 32], [29, 33], [36, 35], [7, 46], [31, 24], [34, 30], [37, 34], [2, 16], [25, 45], [10, 46], [23, 42], [15, 27], [33, 11], [41, 22], [6, 26], [38, 49], [15, 49], [8, 48], [48, 3], [0, 1], [38, 38], [19, 46], [49, 25], [40, 23], [27, 1], [23, 12], [21, 2], [20, 21], [45, 37], [20, 3], [45, 9], [11, 23], [31, 20], [46, 26], [49, 49], [8, 10], [30, 41], [14, 40], [22, 11], [23, 2], [18, 31], [4, 0], [43, 40], [21, 4], [43, 13], [14, 14], [12, 44], [30, 15], [49, 46], [4, 26], [39, 10], [36, 30], [7, 32], [22, 43], [39, 9], [5, 10], [39, 18], [32, 20], [38, 22], [46, 36], [34, 21], [9, 17], [10, 40], [32, 32], [23, 35], [40, 48], [22, 22], [48, 15], [29, 43], [9, 8], [9, 6], [3, 33], [34, 26], [4, 46], [22, 40], [28, 25], [12, 23], [0, 30], [39, 45], [6, 22], [32, 6], [17, 29], [15, 16], [17, 44], [36, 48], [3, 49], [2, 19], [33, 21], [9, 37], [5, 26], [21, 45], [4, 3], [6, 49], [1, 36], [47, 13], [29, 37], [32, 48], [47, 37], [23, 34], [25, 18], [20, 17], [28, 6], [41, 25], [19, 21], [6, 28], [45, 40], [17, 31], [9, 35], [0, 29], [13, 23], [17, 0], [34, 48], [35, 39], [12, 32], [32, 28], [26, 30], [0, 45], [4, 38], [14, 10], [44, 40], [8, 28], [31, 8], [24, 13], [8, 0], [2, 39], [23, 0], [8, 13], [2, 37], [45, 21], [0, 16], [47, 1], [18, 27], [27, 7], [21, 23], [16, 37], [9, 22], [17, 17], [29, 49], [11, 25], [10, 15], [24, 35], [36, 2], [6, 29], [17, 42], [18, 32], [32, 14], [36, 12], [22, 14], [0, 10], [1, 3], [45, 13], [47, 2], [30, 21], [9, 42], [10, 49], [27, 13], [10, 32], [41, 23], [40, 13], [6, 27], [37, 48], [49, 44], [1, 28], [48, 4], [46, 8], [10, 24], [34, 2], [18, 2], [32, 45], [1, 45], [4, 27], [34, 16], [40, 3], [7, 47], [6, 1], [20, 23], [44, 37], [47, 29], [32, 16], [11, 49], [23, 27], [37, 8], [9, 43], [23, 48], [42, 14], [37, 2], [48, 47], [10, 3], [25, 44], [9, 29], [32, 19], [33, 28], [49, 8], [41, 32], [13, 4], [10, 17], [14, 39], [22, 23], [13, 13], [47, 33], [35, 47], [10, 44], [48, 7], [47, 43], [11, 17], [49, 29], [42, 33], [10, 30], [28, 5], [37, 32], [26, 34], [16, 5], [0, 18], [5, 37], [4, 2], [32, 49], [9, 27], [5, 5], [29, 8], [12, 24], [20, 12], [19, 23], [40, 36], [27, 2], [7, 26], [40, 20], [2, 2], [3, 14], [4, 44], [20, 15], [38, 41], [37, 3], [1, 15], [2, 30], [6, 14], [0, 40], [27, 21], [37, 16], [42, 27], [17, 3], [22, 2], [36, 29], [2, 28], [23, 36], [26, 22], [29, 28], [8, 49], [7, 34], [24, 2], [14, 2], [4, 10], [31, 5], [32, 22], [30, 12], [39, 30], [25, 37], [9, 12], [20, 0], [37, 33], [18, 46], [28, 41], [4, 20], [6, 3], [49, 32], [36, 33], [34, 38], [5, 13], [49, 45], [42, 34], [19, 6], [42, 15], [26, 12], [0, 47], [34, 23], [44, 5], [1, 19], [15, 15], [47, 17], [34, 8], [49, 43], [8, 46], [23, 17], [21, 15], [45, 20], [5, 31], [36, 47], [20, 10], [32, 0], [6, 7], [43, 34], [25, 9], [9, 34], [40, 41], [11, 30], [3, 27], [47, 16], [35, 14], [24, 16], [12, 49], [47, 31], [45, 5], [45, 42], [27, 14], [49, 39], [23, 49], [38, 36], [40, 8], [8, 21], [8, 44]], "targets": [[43, 24], [10, 41], [2, 14], [16, 38], [25, 28], [27, 20], [9, 40], [42, 25], [23, 30], [11, 40], [9, 43], [22, 28], [10, 35], [46, 25], [17, 19], [12, 35], [19, 28], [11, 44], [11, 39], [43, 26], [28, 21], [14, 41], [25, 22], [45, 28], [10, 39], [12, 42], [21, 30], [26, 22], [7, 41], [43, 29], [25, 20], [11, 38], [11, 45], [24, 21], [13, 40], [48, 25], [27, 29], [7, 38], [20, 29], [15, 40], [12, 36], [44, 24], [26, 30], [9, 33], [28, 22], [44, 23], [14, 33], [10, 45], [24, 27], [25, 21], [12, 38], [44, 25], [18, 31], [11, 36], [11, 41], [28, 20], [8, 38], [47, 23], [26, 29], [15, 37], [24, 20], [8, 39], [5, 35], [45, 27], [20, 28], [5, 37], [27, 22], [46, 24], [15, 36], [16, 43], [24, 26], [29, 24], [16, 32], [46, 26], [27, 28], [10, 40], [13, 38], [25, 23], [9, 36], [43, 25], [24, 28], [8, 31], [22, 31], [15, 45], [14, 40], [42, 24], [21, 31], [9, 34], [26, 25], [26, 47], [17, 39], [42, 0], [7, 46], [4, 20], [16, 4], [29, 39], [39, 10], [38, 24], [37, 1], [15, 48], [18, 33], [27, 2], [24, 29], [8, 12], [42, 26], [29, 16], [37, 15], [11, 4], [19, 29], [38, 47], [22, 41], [45, 43], [14, 19], [29, 22], [26, 32], [12, 11], [22, 34], [24, 32], [36, 6], [11, 10], [17, 30], [12, 43], [38, 17], [43, 13], [12, 8], [37, 48], [35, 41], [28, 24], [33, 25], [23, 32], [4, 19], [7, 22], [10, 21], [17, 8], [16, 3], [9, 22], [13, 24], [6, 22], [44, 18], [19, 33], [8, 8], [15, 5], [13, 42], [24, 1], [27, 45], [27, 48], [38, 23], [46, 3], [8, 21], [35, 19], [26, 44], [36, 41], [15, 38], [16, 39], [3, 18], [34, 27], [16, 11], [37, 40], [44, 17], [24, 49], [18, 0], [3, 16], [35, 16], [8, 32], [29, 27], [23, 1], [20, 48], [42, 11], [42, 17], [42, 7], [10, 23], [14, 32], [3, 43], [31, 24], [30, 31], [29, 31], [9, 1], [6, 21], [41, 19], [17, 37], [28, 38], [12, 6], [48, 24], [21, 14], [49, 36], [10, 18], [41, 15], [10, 38], [34, 28], [43, 18], [37, 21], [3, 41], [23, 34], [24, 35], [4, 46], [26, 48], [12, 17], [27, 30], [34, 13], [45, 47], [7, 37], [8, 18], [11, 24], [24, 41], [32, 12], [39, 5], [10, 4], [21, 28], [21, 43], [19, 4], [46, 18], [14, 22], [32, 44], [38, 3], [44, 16], [41, 7], [40, 16], [26, 19], [11, 16], [39, 29], [42, 38], [15, 11], [46, 5], [29, 28], [8, 16], [6, 4], [13, 23], [27, 47], [24, 2], [10, 25], [19, 14], [29, 19], [33, 17], [43, 27], [5, 8], [28, 0], [38, 15], [16, 48], [12, 40], [15, 13], [7, 18], [7, 23], [26, 4], [47, 43], [18, 42], [11, 49], [31, 11], [40, 48], [7, 7], [33, 27], [13, 46], [30, 0], [10, 7], [34, 17], [33, 14], [33, 23], [10, 34], [9, 12], [33, 46], [37, 19], [5, 17], [19, 31], [30, 18], [12, 18], [39, 13], [6, 47], [28, 27], [20, 45], [46, 35], [17, 42], [37, 16], [9, 39], [3, 20], [0, 20], [16, 20], [8, 36], [25, 3], [9, 6], [38, 29], [26, 2], [5, 3], [11, 5], [48, 41], [32, 25], [23, 47], [40, 1], [17, 28], [35, 20], [48, 36], [25, 26], [41, 49], [8, 1], [10, 46], [42, 41], [46, 38], [44, 48], [25, 38], [24, 23], [9, 24], [27, 39], [5, 41], [45, 4], [8, 14], [35, 12], [12, 22], [34, 26], [29, 21], [37, 28], [23, 45], [12, 9], [7, 39], [35, 42], [22, 35], [36, 46], [14, 37], [15, 33], [28, 6], [36, 25], [11, 33], [41, 10], [11, 0], [23, 19], [40, 39], [8, 15], [27, 0], [38, 42], [25, 43], [19, 34], [49, 45], [24, 19], [1, 16], [6, 16], [20, 43], [30, 30], [41, 13], [33, 7], [27, 40], [8, 11], [49, 23], [22, 30], [8, 20], [16, 45], [43, 7], [16, 47], [33, 1], [20, 42], [0, 22], [42, 19], [14, 42], [22, 33], [37, 23], [38, 45], [15, 22], [11, 37], [17, 13], [40, 43], [40, 21], [15, 20], [29, 32], [13, 11], [15, 35], [25, 41], [17, 45], [11, 43], [7, 0], [8, 46], [1, 22], [39, 14], [19, 42], [34, 5], [40, 18], [23, 28], [14, 3], [12, 13], [19, 40], [19, 32], [14, 8], [40, 24], [21, 3], [47, 2], [23, 31], [44, 43], [14, 9], [19, 18], [18, 35], [28, 26], [11, 46], [9, 18], [3, 21], [41, 25], [44, 46], [45, 45], [4, 21], [21, 19], [43, 17], [39, 1], [10, 33], [19, 37], [41, 28], [27, 26], [6, 17], [13, 12], [10, 19], [20, 31], [41, 45], [48, 28], [8, 42], [28, 28], [23, 15], [33, 31], [43, 28], [10, 10], [12, 15], [20, 6], [9, 20], [24, 34], [13, 33], [42, 1], [10, 6], [22, 32], [11, 11], [20, 35], [13, 17], [24, 30], [8, 44], [42, 43], [18, 15], [18, 43], [36, 0], [4, 44], [39, 19], [25, 35], [40, 2], [33, 15], [34, 4], [10, 22], [29, 30], [26, 38], [35, 28], [39, 0], [41, 47], [23, 43], [10, 5], [25, 4], [32, 32], [40, 12], [25, 2], [27, 24], [9, 15], [13, 8], [41, 27], [4, 41], [35, 18], [44, 32], [43, 23], [10, 15], [12, 5], [48, 21], [24, 31], [44, 7], [24, 3], [22, 2], [30, 45], [28, 25], [40, 28], [17, 41], [26, 16], [15, 41], [39, 26], [25, 24], [28, 31], [9, 38], [23, 4], [18, 5], [2, 4], [36, 5], [17, 3], [31, 42], [4, 40], [29, 2], [28, 29], [26, 21], [36, 8], [8, 17], [32, 6], [12, 37], [13, 44], [25, 17], [15, 18], [13, 35], [47, 24], [49, 8], [32, 1], [1, 15], [1, 17], [20, 1], [13, 37], [13, 34], [15, 49], [13, 14], [25, 32], [39, 47], [23, 41], [41, 44], [39, 20], [22, 0], [23, 48], [2, 41], [20, 16], [21, 17], [42, 28], [13, 7], [26, 43], [13, 13], [13, 45], [46, 28], [10, 11], [49, 24], [15, 32], [5, 16], [10, 49], [19, 30], [5, 7], [42, 47], [32, 4], [36, 27], [16, 8], [24, 16], [11, 17], [1, 41], [14, 20], [41, 0], [42, 15], [20, 18], [26, 23], [36, 21], [10, 44], [15, 12], [33, 26], [49, 2], [10, 1], [8, 7], [21, 40], [34, 18], [42, 33], [15, 19], [35, 17], [33, 6], [26, 18], [42, 36], [10, 17], [20, 37], [42, 14], [9, 32], [14, 39], [35, 21], [17, 29], [30, 28], [20, 32], [20, 39], [47, 21], [48, 38], [11, 8], [21, 44], [42, 2], [2, 15], [23, 38], [4, 17], [11, 23], [21, 13], [41, 21], [43, 15], [11, 21], [18, 32], [16, 34], [22, 43], [14, 10], [31, 26], [25, 42], [42, 8], [39, 18], [7, 44], [36, 7], [5, 43], [37, 18], [48, 43], [15, 8], [12, 44], [43, 40], [16, 40], [43, 22], [10, 37], [28, 39], [40, 15], [14, 5], [33, 0], [47, 40], [6, 18], [8, 40], [33, 8], [10, 9], [32, 45], [35, 26], [27, 46], [9, 16], [3, 6], [16, 42], [3, 4], [24, 25], [41, 32], [42, 49], [31, 44], [42, 32], [17, 38], [9, 19], [24, 44], [25, 36], [31, 10], [3, 40], [37, 12], [21, 39], [20, 40], [22, 16], [38, 18], [11, 19], [11, 13], [41, 43], [3, 19], [11, 6], [9, 21], [18, 39], [15, 17], [8, 19], [33, 11], [6, 6], [8, 10], [43, 21], [15, 0], [22, 49], [8, 2], [12, 4], [17, 31], [11, 9], [14, 47], [33, 12], [18, 40], [36, 3], [31, 43], [38, 26], [21, 33], [27, 1], [40, 27], [6, 20], [17, 34], [10, 0], [37, 24], [39, 27], [47, 16], [19, 6], [10, 12], [21, 4], [30, 3], [49, 20], [44, 44], [48, 40], [44, 19], [9, 17], [33, 16], [47, 41], [24, 33], [39, 25], [6, 7], [20, 30], [4, 36], [36, 9], [45, 48], [40, 26], [13, 15], [12, 1], [24, 22], [45, 24], [12, 7], [19, 44], [21, 1], [4, 12], [0, 6], [18, 1], [43, 33], [41, 17], [7, 16], [37, 43], [22, 46], [26, 39], [9, 10], [14, 2], [41, 39], [13, 21], [28, 19], [11, 15], [39, 39], [5, 6], [33, 24], [23, 29], [10, 16], [26, 34], [47, 46], [39, 8], [31, 30], [22, 20], [18, 36], [44, 35], [26, 1], [27, 19], [0, 25], [13, 19], [12, 45], [16, 44], [45, 40], [17, 44], [16, 6], [28, 43], [26, 28], [4, 39], [29, 26], [36, 24], [8, 22], [28, 40], [40, 17], [31, 32], [31, 29], [35, 0], [42, 4], [3, 47], [37, 26], [45, 9], [41, 23], [17, 11], [34, 25], [32, 24], [43, 38], [29, 18], [39, 45], [17, 10], [39, 42], [21, 37], [38, 11], [27, 38], [13, 36], [17, 32], [34, 1], [29, 23], [22, 15], [40, 13], [21, 49], [10, 8], [39, 49], [38, 0], [29, 43], [13, 22], [9, 23], [16, 31], [4, 18], [41, 11], [36, 17], [40, 29], [44, 38], [40, 8], [34, 6], [43, 4], [48, 44], [16, 37], [13, 4], [11, 18], [29, 3], [41, 26], [41, 14], [32, 17], [44, 26], [17, 43], [20, 46], [30, 26], [9, 9], [43, 37], [11, 14], [30, 46], [30, 16], [27, 21], [46, 41], [41, 6], [43, 39], [12, 12], [41, 3], [40, 0], [34, 45], [32, 33], [42, 40], [11, 3], [8, 43], [0, 29], [37, 3], [9, 14], [9, 13], [24, 39], [16, 16], [7, 4], [26, 20], [42, 44], [35, 25], [18, 38], [38, 43], [34, 11], [31, 33], [16, 19], [42, 12], [16, 41], [42, 5], [41, 22], [42, 3], [38, 19], [49, 44], [33, 21], [28, 1], [10, 24], [38, 1], [30, 20], [14, 7], [40, 46], [32, 16], [8, 35], [15, 4], [34, 46], [2, 39], [41, 42], [4, 6], [44, 33], [0, 21], [35, 13], [30, 21], [33, 44], [17, 36], [8, 34], [22, 19], [28, 30], [6, 15], [44, 8], [33, 5], [34, 7], [19, 15], [34, 21], [5, 19], [47, 19], [16, 36], [14, 34], [7, 20], [42, 13], [14, 11], [46, 23], [7, 21], [12, 3], [22, 29], [7, 42], [35, 23], [7, 13], [31, 34], [12, 23], [15, 42], [19, 35], [18, 41], [13, 5], [26, 35], [35, 24], [32, 31], [7, 6], [15, 1], [21, 38], [30, 4], [10, 43], [36, 28], [35, 6], [10, 13], [17, 40], [3, 8], [4, 15], [43, 31], [32, 5], [44, 1], [16, 12], [18, 44], [14, 4], [22, 21], [5, 48], [1, 42], [34, 24], [17, 2], [18, 18], [7, 36], [49, 43], [18, 13], [36, 29], [28, 37], [45, 37], [43, 47], [18, 45], [38, 13], [7, 8], [13, 39], [23, 21], [22, 44], [38, 49], [26, 42], [7, 19], [47, 45], [41, 12], [41, 16], [10, 36], [33, 41], [30, 24], [40, 38], [31, 12], [36, 45], [47, 1], [22, 39], [13, 3], [5, 20], [24, 0], [42, 23], [25, 30], [27, 25], [18, 34], [4, 38], [22, 40], [38, 10], [30, 25], [36, 43], [32, 26], [20, 4], [39, 44], [29, 47], [32, 39], [46, 17], [36, 11], [31, 47], [28, 4], [30, 23], [9, 4], [10, 14], [4, 42], [5, 13], [31, 20], [31, 5], [21, 42], [42, 16], [25, 33], [5, 21], [38, 16], [4, 5], [7, 2], [11, 29], [29, 29], [15, 9], [14, 43], [22, 1], [31, 18], [9, 47], [27, 37], [14, 36], [22, 36], [43, 44], [26, 46], [18, 6], [14, 14], [41, 40], [26, 26], [41, 38], [43, 49], [17, 35], [31, 4], [31, 27], [4, 16], [25, 31], [38, 44], [30, 2], [12, 20], [31, 28], [11, 2], [22, 42], [18, 7], [25, 48], [5, 4], [45, 0], [14, 44], [35, 1], [49, 1], [31, 19], [35, 11], [9, 8], [41, 8], [26, 45], [37, 42], [34, 30]]}