{"meta": {"number_of_robots": 3796, "description": {"parameters": {"seed": 8178, "shape": [100, 100], "obstacles": {"n": 5, "mean": 10, "std": 5.0}, "clusters": {"n": 10, "mean": 20, "std": 10.0, "relative_radius": 2, "increase_factor": 1.3, "start_dist": {"generator_name": "Image", "shape": [100, 100], "min": 29.0, "max": 255.0, "mean": 179.9977, "std": 63.56175496877034, "dtype": "uint64", "parameters": {"image": "sun.png", "transformer": {"name": "ColorChannelSelector", "channel": "v", "inverted": false}}}, "target_dist": {"generator_name": "Image", "shape": [100, 100], "min": 0.0, "max": 226.0, "mean": 75.0023, "std": 63.56175496877033, "dtype": "uint64", "parameters": {"image": "sun.png", "transformer": {"name": "ColorChannelSelector", "channel": "v", "inverted": true}}}}, "density": 0.4, "start_dist": {"generator_name": "Image", "shape": [100, 100], "min": 29.0, "max": 255.0, "mean": 179.9977, "std": 63.56175496877034, "dtype": "uint64", "parameters": {"image": "sun.png", "transformer": {"name": "ColorChannelSelector", "channel": "v", "inverted": false}}}, "target_dist": {"generator_name": "Image", "shape": [100, 100], "min": 0.0, "max": 226.0, "mean": 75.0023, "std": 63.56175496877033, "dtype": "uint64", "parameters": {"image": "sun.png", "transformer": {"name": "ColorChannelSelector", "channel": "v", "inverted": true}}}}, "stats": {"date": "2020-11-17", "free_area": 9490.0, "number_of_clustered_robots": 200, "number_of_robots": 3796}}}, "name": "sun_00006_100x100_40_3796", "obstacles": [[33, 17], [33, 18], [33, 19], [33, 20], [33, 21], [33, 22], [33, 23], [33, 24], [33, 25], [33, 26], [34, 17], [34, 26], [35, 17], [35, 26], [36, 17], [36, 26], [37, 17], [37, 27], [37, 28], [37, 29], [37, 30], [37, 31], [37, 32], [37, 33], [38, 17], [38, 33], [39, 17], [39, 33], [40, 17], [40, 33], [41, 17], [41, 33], [42, 17], [42, 33], [43, 17], [43, 33], [44, 17], [44, 33], [45, 17], [45, 33], [46, 17], [46, 33], [47, 17], [47, 33], [48, 5], [48, 6], [48, 7], [48, 8], [48, 9], [48, 10], [48, 11], [48, 12], [48, 17], [48, 33], [49, 5], [49, 12], [49, 17], [49, 33], [50, 5], [50, 12], [50, 17], [50, 33], [51, 5], [51, 12], [51, 17], [51, 33], [52, 5], [52, 12], [52, 17], [52, 33], [53, 5], [53, 12], [53, 17], [53, 18], [53, 19], [53, 20], [53, 21], [53, 22], [53, 23], [53, 24], [53, 25], [53, 26], [53, 27], [53, 28], [53, 29], [53, 30], [53, 31], [53, 32], [53, 33], [54, 5], [54, 6], [54, 7], [54, 8], [54, 9], [54, 10], [54, 11], [54, 12], [55, 30], [55, 31], [55, 32], [55, 33], [55, 34], [55, 35], [55, 36], [55, 37], [55, 38], [55, 39], [55, 40], [83, 46], [83, 47], [83, 48], [83, 49], [83, 50], [83, 51], [83, 52], [83, 53], [83, 54], [83, 55], [83, 56], [83, 57], [83, 58], [83, 59], [83, 60], [83, 61], [83, 62], [83, 63], [83, 64], [84, 46], [84, 64], [85, 46], [85, 64], [86, 46], [86, 64], [87, 46], [87, 64], [88, 46], [88, 47], [88, 48], [88, 49], [88, 50], [88, 51], [88, 52], [88, 53], [88, 54], [88, 55], [88, 56], [88, 57], [88, 58], [88, 59], [88, 60], [88, 61], [88, 62], [88, 63], [88, 64]], "starts": [[28, 44], [7, 16], [34, 9], [57, 73], [53, 97], [5, 97], [75, 40], [61, 34], [45, 1], [46, 82], [56, 71], [49, 77], [25, 5], [58, 90], [50, 3], [63, 70], [71, 37], [56, 83], [32, 41], [6, 97], [58, 34], [67, 62], [25, 2], [1, 23], [46, 83], [56, 96], [49, 4], [62, 69], [71, 35], [48, 75], [24, 9], [60, 63], [33, 44], [60, 99], [4, 97], [63, 32], [48, 73], [44, 1], [64, 64], [34, 5], [81, 31], [6, 20], [48, 74], [54, 97], [68, 62], [51, 0], [28, 42], [6, 99], [32, 2], [55, 73], [60, 62], [61, 39], [74, 30], [57, 95], [61, 74], [44, 72], [31, 4], [48, 1], [6, 15], [66, 73], [55, 81], [33, 45], [57, 91], [2, 99], [79, 38], [26, 2], [68, 65], [66, 35], [50, 71], [45, 2], [62, 74], [53, 90], [54, 74], [25, 3], [74, 37], [35, 43], [1, 95], [66, 68], [6, 17], [49, 3], [53, 83], [53, 92], [65, 40], [59, 68], [28, 3], [51, 79], [77, 32], [61, 63], [47, 1], [30, 48], [59, 97], [2, 96], [33, 2], [45, 76], [67, 71], [7, 15], [63, 39], [48, 79], [76, 40], [65, 72], [50, 0], [55, 96], [29, 6], [36, 41], [68, 64], [4, 94], [51, 82], [31, 6], [51, 99], [47, 5], [61, 66], [80, 38], [56, 82], [63, 33], [1, 20], [68, 67], [53, 82], [29, 7], [32, 43], [59, 99], [0, 96], [41, 3], [66, 64], [73, 33], [55, 72], [31, 12], [62, 66], [62, 32], [61, 95], [46, 71], [45, 4], [2, 22], [62, 73], [34, 43], [1, 96], [72, 30], [34, 3], [44, 79], [56, 69], [58, 99], [47, 3], [54, 82], [59, 32], [65, 64], [24, 4], [73, 35], [32, 44], [53, 99], [0, 94], [56, 81], [65, 70], [7, 21], [42, 5], [24, 8], [68, 69], [46, 77], [61, 98], [81, 38], [60, 38], [68, 68], [48, 83], [24, 2], [34, 49], [7, 95], [43, 5], [60, 69], [60, 92], [46, 72], [4, 21], [73, 31], [25, 6], [59, 66], [51, 2], [47, 74], [66, 38], [28, 45], [53, 93], [7, 98], [58, 71], [27, 2], [54, 77], [73, 38], [57, 68], [50, 2], [60, 95], [50, 80], [1, 19], [28, 12], [67, 67], [59, 35], [28, 48], [3, 94], [47, 71], [72, 32], [66, 74], [41, 5], [59, 95], [30, 8], [56, 75], [57, 62], [70, 7], [51, 38], [0, 43], [12, 61], [77, 96], [13, 20], [4, 25], [95, 59], [4, 41], [37, 50], [19, 61], [98, 94], [30, 32], [95, 94], [5, 68], [71, 6], [32, 16], [24, 98], [12, 49], [25, 93], [96, 79], [48, 54], [34, 97], [51, 71], [31, 65], [91, 6], [7, 87], [55, 22], [91, 65], [4, 56], [99, 79], [46, 61], [74, 74], [91, 24], [26, 96], [80, 66], [62, 15], [43, 46], [63, 21], [98, 29], [38, 44], [46, 92], [82, 63], [76, 47], [97, 15], [68, 79], [88, 4], [16, 72], [5, 0], [96, 61], [12, 89], [29, 37], [0, 36], [52, 72], [15, 20], [94, 63], [24, 99], [57, 7], [97, 89], [83, 93], [12, 72], [12, 69], [97, 23], [6, 46], [33, 47], [0, 31], [64, 81], [57, 54], [56, 98], [3, 27], [13, 16], [96, 66], [97, 71], [91, 87], [90, 42], [20, 50], [39, 1], [60, 0], [22, 58], [72, 2], [98, 19], [51, 65], [1, 90], [94, 66], [72, 52], [10, 18], [55, 25], [28, 51], [9, 82], [13, 75], [4, 75], [82, 22], [13, 66], [54, 95], [97, 58], [69, 89], [8, 69], [77, 13], [6, 78], [63, 18], [89, 57], [83, 70], [21, 63], [15, 27], [94, 59], [67, 32], [82, 29], [27, 82], [79, 90], [0, 38], [61, 3], [22, 41], [65, 36], [15, 51], [52, 49], [83, 42], [75, 74], [25, 18], [35, 34], [15, 73], [7, 32], [23, 28], [9, 14], [71, 29], [68, 12], [31, 32], [74, 61], [64, 35], [79, 67], [88, 13], [62, 81], [93, 23], [9, 64], [0, 8], [80, 61], [54, 64], [57, 22], [13, 90], [13, 67], [36, 44], [63, 27], [3, 62], [2, 81], [0, 69], [5, 44], [93, 79], [4, 60], [89, 83], [32, 49], [35, 30], [97, 34], [71, 78], [93, 3], [10, 61], [35, 54], [35, 96], [40, 8], [0, 79], [34, 34], [7, 68], [91, 43], [96, 28], [68, 99], [57, 34], [74, 31], [90, 16], [9, 65], [6, 0], [20, 79], [36, 59], [9, 96], [11, 78], [19, 23], [46, 95], [98, 28], [16, 49], [64, 94], [82, 89], [93, 63], [19, 80], [66, 66], [78, 10], [0, 54], [83, 79], [21, 68], [53, 46], [18, 70], [46, 42], [38, 3], [77, 90], [88, 71], [16, 27], [84, 44], [3, 14], [96, 82], [11, 83], [79, 50], [45, 42], [38, 9], [88, 97], [74, 51], [10, 38], [50, 39], [70, 24], [96, 13], [65, 27], [0, 81], [62, 25], [66, 44], [40, 44], [6, 28], [23, 7], [43, 61], [73, 69], [87, 40], [18, 57], [93, 55], [18, 4], [69, 4], [89, 43], [21, 69], [35, 1], [94, 31], [34, 47], [11, 38], [57, 90], [19, 60], [34, 95], [65, 98], [4, 34], [93, 47], [47, 14], [26, 19], [48, 90], [1, 34], [54, 21], [37, 15], [69, 96], [70, 22], [23, 69], [37, 52], [12, 15], [81, 88], [94, 28], [84, 75], [37, 42], [81, 62], [21, 91], [69, 22], [23, 61], [12, 93], [45, 90], [66, 78], [28, 55], [57, 47], [86, 24], [61, 12], [6, 4], [15, 24], [97, 98], [19, 95], [23, 55], [11, 66], [70, 64], [75, 41], [23, 60], [89, 79], [92, 54], [86, 78], [32, 29], [9, 21], [93, 21], [51, 47], [96, 64], [17, 58], [93, 68], [55, 64], [39, 63], [40, 56], [95, 58], [79, 69], [82, 74], [33, 81], [89, 39], [9, 97], [58, 18], [67, 19], [11, 6], [78, 38], [29, 4], [19, 49], [17, 63], [82, 0], [72, 63], [90, 60], [6, 38], [76, 35], [99, 65], [44, 12], [2, 70], [19, 2], [83, 22], [31, 1], [96, 80], [55, 20], [21, 52], [67, 70], [25, 68], [45, 49], [38, 88], [66, 17], [52, 15], [91, 28], [79, 29], [0, 98], [82, 94], [0, 10], [90, 82], [10, 62], [52, 84], [14, 76], [40, 50], [46, 12], [22, 57], [33, 78], [53, 95], [28, 40], [75, 97], [12, 28], [17, 3], [35, 0], [70, 17], [19, 64], [8, 93], [45, 79], [23, 50], [58, 97], [60, 89], [65, 22], [24, 67], [65, 56], [52, 1], [91, 48], [54, 93], [98, 31], [67, 63], [9, 52], [28, 95], [16, 22], [36, 29], [22, 53], [79, 45], [7, 99], [84, 77], [60, 80], [68, 19], [98, 26], [57, 69], [91, 71], [35, 97], [95, 20], [18, 68], [60, 18], [76, 55], [81, 70], [87, 5], [57, 94], [20, 94], [72, 45], [94, 94], [69, 87], [66, 43], [74, 22], [68, 29], [29, 29], [33, 40], [93, 20], [75, 95], [94, 78], [87, 7], [72, 64], [45, 7], [1, 85], [41, 87], [0, 75], [97, 78], [7, 71], [97, 90], [90, 35], [60, 8], [20, 54], [35, 69], [40, 46], [96, 48], [18, 95], [23, 52], [84, 98], [28, 72], [71, 98], [39, 76], [97, 61], [26, 37], [95, 44], [30, 0], [30, 58], [71, 68], [63, 78], [49, 71], [89, 88], [18, 85], [43, 35], [97, 67], [87, 27], [80, 65], [54, 16], [89, 70], [7, 73], [31, 2], [18, 5], [53, 0], [56, 90], [1, 91], [95, 35], [91, 12], [6, 73], [68, 35], [14, 35], [64, 47], [79, 16], [18, 7], [7, 24], [72, 75], [96, 9], [74, 70], [28, 21], [42, 43], [33, 0], [36, 12], [59, 15], [9, 32], [93, 76], [24, 92], [4, 47], [38, 10], [4, 83], [83, 1], [81, 81], [59, 47], [24, 28], [60, 90], [54, 50], [78, 99], [68, 22], [74, 28], [49, 54], [6, 37], [8, 75], [9, 44], [40, 90], [68, 32], [31, 36], [23, 88], [70, 51], [65, 83], [1, 82], [81, 86], [41, 52], [12, 44], [85, 99], [67, 60], [63, 16], [43, 55], [1, 2], [11, 5], [75, 79], [31, 52], [55, 90], [37, 46], [15, 0], [85, 84], [18, 29], [18, 12], [28, 90], [74, 13], [82, 72], [2, 10], [57, 9], [75, 89], [22, 79], [66, 87], [56, 11], [92, 6], [52, 94], [24, 63], [30, 73], [48, 98], [29, 64], [55, 75], [42, 13], [94, 20], [1, 3], [67, 69], [50, 75], [26, 56], [24, 91], [20, 12], [72, 53], [27, 20], [36, 32], [5, 41], [64, 39], [39, 16], [8, 24], [5, 50], [55, 24], [97, 33], [84, 10], [5, 20], [41, 70], [82, 75], [73, 60], [42, 99], [40, 83], [99, 9], [78, 62], [61, 20], [78, 6], [86, 31], [16, 20], [2, 46], [69, 3], [76, 43], [4, 16], [79, 33], [96, 55], [68, 23], [93, 77], [43, 90], [86, 83], [85, 21], [50, 50], [17, 42], [24, 73], [18, 54], [91, 52], [69, 66], [85, 20], [84, 24], [66, 50], [66, 2], [60, 37], [95, 49], [21, 92], [66, 71], [96, 88], [76, 6], [91, 50], [77, 49], [14, 14], [41, 9], [29, 0], [4, 65], [32, 53], [96, 25], [2, 61], [21, 77], [83, 89], [90, 99], [72, 78], [70, 79], [15, 57], [96, 73], [88, 20], [78, 34], [12, 50], [74, 87], [2, 33], [96, 3], [57, 11], [64, 10], [62, 31], [36, 91], [52, 99], [72, 42], [33, 37], [54, 37], [67, 89], [34, 80], [29, 90], [0, 24], [57, 93], [77, 10], [90, 28], [63, 91], [28, 54], [1, 59], [0, 3], [41, 94], [24, 55], [49, 74], [78, 60], [18, 63], [29, 8], [67, 22], [44, 42], [61, 29], [81, 28], [94, 38], [64, 99], [87, 66], [59, 69], [97, 16], [25, 65], [79, 34], [62, 85], [29, 3], [3, 2], [81, 69], [88, 25], [90, 93], [40, 99], [61, 11], [59, 89], [27, 9], [30, 82], [93, 9], [31, 8], [58, 77], [73, 63], [72, 18], [57, 16], [5, 47], [54, 89], [28, 99], [70, 54], [2, 4], [86, 33], [34, 48], [95, 5], [64, 72], [74, 60], [29, 61], [46, 9], [43, 62], [61, 76], [0, 76], [7, 10], [76, 39], [2, 8], [79, 62], [96, 99], [23, 57], [99, 53], [32, 47], [4, 29], [40, 60], [61, 64], [49, 52], [15, 23], [23, 4], [47, 47], [26, 59], [79, 80], [64, 78], [9, 87], [71, 67], [36, 10], [66, 19], [11, 65], [30, 19], [30, 49], [99, 50], [72, 82], [54, 18], [82, 25], [11, 37], [93, 1], [62, 3], [40, 14], [59, 48], [2, 49], [97, 11], [8, 31], [31, 74], [16, 45], [43, 13], [32, 7], [94, 39], [22, 81], [22, 62], [85, 28], [7, 94], [34, 61], [93, 44], [89, 9], [42, 48], [98, 50], [18, 0], [96, 17], [85, 83], [78, 56], [71, 64], [89, 45], [12, 18], [31, 60], [17, 57], [80, 86], [18, 87], [54, 56], [49, 93], [59, 17], [98, 95], [81, 89], [19, 68], [91, 99], [34, 60], [34, 33], [37, 45], [86, 99], [28, 84], [72, 62], [25, 56], [4, 73], [63, 81], [57, 36], [75, 26], [32, 56], [56, 72], [0, 57], [34, 39], [0, 90], [59, 54], [5, 89], [87, 84], [68, 76], [62, 97], [75, 94], [94, 15], [34, 32], [69, 47], [54, 41], [78, 43], [43, 8], [29, 23], [34, 4], [78, 48], [11, 46], [44, 84], [38, 84], [39, 4], [69, 69], [49, 39], [2, 83], [77, 42], [47, 64], [29, 52], [84, 81], [76, 49], [83, 36], [78, 89], [81, 13], [8, 94], [38, 56], [79, 89], [94, 27], [66, 40], [38, 35], [13, 49], [0, 13], [59, 84], [84, 85], [46, 51], [78, 79], [7, 93], [76, 70], [80, 17], [29, 25], [80, 57], [64, 95], [58, 20], [8, 55], [3, 89], [81, 72], [66, 47], [97, 19], [55, 63], [60, 34], [5, 91], [44, 71], [98, 71], [54, 49], [66, 65], [89, 59], [75, 90], [31, 85], [51, 78], [79, 57], [22, 27], [3, 11], [78, 80], [25, 20], [27, 83], [2, 14], [69, 71], [97, 42], [8, 66], [40, 5], [31, 68], [17, 21], [15, 32], [61, 41], [91, 53], [35, 77], [57, 24], [63, 37], [72, 8], [99, 61], [18, 50], [78, 21], [65, 63], [45, 98], [56, 16], [58, 2], [16, 91], [70, 85], [35, 89], [48, 0], [49, 50], [30, 95], [83, 18], [64, 26], [20, 63], [21, 60], [82, 66], [55, 50], [75, 34], [64, 96], [56, 46], [78, 96], [63, 77], [60, 87], [52, 70], [85, 74], [36, 43], [13, 62], [45, 41], [25, 49], [97, 36], [10, 49], [5, 73], [42, 12], [76, 0], [38, 38], [2, 53], [7, 44], [26, 65], [26, 30], [68, 49], [62, 83], [0, 4], [18, 64], [75, 56], [78, 85], [8, 1], [26, 95], [77, 14], [92, 46], [3, 45], [31, 69], [67, 85], [77, 12], [67, 29], [77, 63], [3, 74], [53, 57], [14, 28], [84, 82], [58, 81], [55, 7], [11, 27], [69, 6], [48, 16], [42, 42], [87, 76], [0, 53], [3, 98], [79, 9], [21, 57], [1, 97], [60, 19], [62, 4], [88, 21], [3, 35], [70, 70], [5, 39], [41, 14], [11, 55], [4, 42], [62, 52], [41, 39], [10, 59], [33, 97], [1, 37], [5, 54], [89, 82], [65, 48], [86, 68], [74, 76], [57, 72], [45, 89], [56, 24], [3, 60], [80, 4], [11, 47], [28, 92], [93, 70], [61, 75], [29, 77], [76, 69], [85, 41], [45, 47], [19, 33], [39, 48], [38, 76], [48, 3], [8, 17], [89, 27], [3, 66], [62, 94], [90, 89], [3, 84], [67, 65], [71, 30], [85, 1], [84, 39], [31, 72], [79, 64], [63, 45], [82, 44], [4, 13], [61, 9], [63, 41], [41, 47], [17, 64], [5, 88], [34, 54], [95, 74], [41, 53], [17, 59], [38, 82], [28, 53], [12, 0], [70, 72], [49, 89], [38, 15], [76, 45], [74, 54], [35, 44], [32, 21], [37, 48], [33, 87], [42, 94], [88, 72], [32, 60], [64, 30], [60, 94], [44, 5], [62, 16], [85, 82], [87, 65], [11, 25], [36, 60], [6, 39], [75, 27], [86, 18], [53, 34], [31, 55], [63, 4], [21, 64], [74, 26], [21, 56], [69, 55], [22, 10], [79, 43], [24, 50], [96, 62], [6, 18], [34, 53], [87, 14], [0, 97], [20, 72], [83, 77], [84, 69], [95, 69], [35, 37], [48, 41], [30, 56], [63, 6], [9, 8], [65, 3], [74, 97], [45, 72], [13, 84], [61, 86], [38, 47], [70, 99], [81, 39], [60, 11], [74, 59], [1, 49], [13, 78], [1, 71], [1, 53], [35, 48], [85, 86], [12, 39], [34, 99], [94, 45], [63, 88], [3, 26], [4, 67], [86, 44], [38, 67], [82, 34], [14, 22], [24, 36], [42, 93], [82, 88], [47, 10], [2, 73], [52, 97], [27, 91], [25, 88], [46, 86], [91, 19], [85, 13], [37, 4], [16, 78], [12, 83], [82, 59], [42, 56], [21, 93], [76, 31], [4, 53], [54, 0], [32, 96], [14, 73], [49, 87], [80, 8], [13, 52], [54, 20], [20, 24], [58, 46], [11, 62], [90, 30], [32, 40], [88, 5], [60, 10], [63, 65], [37, 79], [22, 96], [12, 91], [75, 80], [4, 4], [89, 32], [97, 91], [67, 58], [84, 40], [30, 68], [26, 16], [70, 57], [3, 34], [32, 18], [94, 32], [55, 61], [4, 45], [28, 61], [8, 58], [66, 97], [33, 65], [72, 48], [20, 48], [34, 62], [6, 47], [70, 5], [43, 15], [13, 59], [64, 70], [64, 20], [31, 96], [62, 92], [4, 74], [96, 38], [8, 51], [25, 4], [60, 85], [68, 48], [77, 67], [83, 87], [69, 18], [7, 4], [90, 66], [38, 12], [25, 67], [6, 21], [33, 53], [94, 77], [13, 69], [89, 4], [37, 35], [39, 90], [44, 96], [36, 46], [73, 44], [38, 1], [55, 47], [32, 67], [57, 30], [62, 24], [5, 15], [65, 67], [92, 94], [76, 83], [63, 55], [41, 2], [36, 85], [15, 86], [91, 8], [88, 89], [50, 40], [62, 7], [36, 37], [50, 91], [16, 51], [29, 48], [78, 2], [87, 13], [57, 17], [92, 86], [87, 71], [36, 35], [62, 93], [19, 53], [89, 55], [63, 56], [68, 88], [39, 45], [95, 33], [97, 40], [71, 61], [92, 24], [98, 33], [42, 9], [95, 24], [79, 37], [16, 61], [81, 3], [99, 88], [13, 88], [67, 2], [76, 14], [37, 6], [7, 5], [63, 22], [54, 25], [42, 54], [10, 69], [49, 62], [12, 80], [81, 51], [91, 30], [93, 56], [0, 44], [39, 43], [18, 61], [67, 87], [1, 13], [49, 49], [65, 54], [17, 81], [13, 48], [86, 72], [22, 86], [35, 80], [27, 0], [10, 4], [44, 0], [98, 59], [72, 14], [83, 90], [97, 64], [86, 73], [37, 78], [3, 33], [65, 91], [59, 34], [24, 27], [27, 60], [67, 25], [23, 62], [1, 61], [95, 99], [88, 92], [58, 72], [6, 54], [47, 45], [5, 38], [61, 2], [10, 16], [14, 82], [76, 12], [22, 51], [56, 99], [5, 11], [68, 93], [97, 27], [9, 2], [88, 42], [37, 53], [7, 26], [81, 58], [75, 50], [0, 84], [35, 13], [4, 54], [84, 88], [47, 98], [3, 59], [11, 26], [80, 21], [31, 76], [24, 49], [83, 0], [55, 66], [23, 1], [89, 94], [69, 67], [92, 41], [35, 64], [95, 4], [54, 3], [5, 63], [81, 47], [18, 76], [98, 67], [7, 54], [32, 48], [27, 53], [14, 59], [13, 99], [94, 89], [59, 55], [5, 1], [98, 49], [20, 53], [60, 14], [56, 19], [24, 30], [56, 59], [15, 39], [98, 9], [43, 51], [22, 48], [87, 8], [30, 30], [90, 70], [95, 29], [45, 85], [43, 11], [40, 49], [93, 66], [85, 67], [62, 82], [58, 4], [96, 37], [18, 3], [11, 70], [87, 70], [10, 67], [87, 86], [14, 21], [27, 40], [12, 58], [86, 2], [10, 42], [33, 76], [8, 27], [56, 6], [61, 77], [0, 78], [39, 60], [70, 16], [29, 69], [81, 80], [1, 17], [20, 47], [1, 98], [34, 84], [66, 4], [97, 51], [31, 81], [95, 63], [70, 93], [1, 18], [95, 10], [4, 91], [64, 45], [97, 21], [92, 27], [83, 21], [41, 91], [17, 51], [61, 89], [86, 15], [76, 8], [31, 16], [12, 23], [42, 72], [14, 55], [15, 54], [77, 60], [59, 51], [94, 96], [25, 97], [95, 96], [63, 46], [8, 99], [73, 71], [61, 85], [33, 38], [76, 94], [15, 49], [59, 23], [93, 35], [52, 76], [38, 40], [86, 0], [71, 99], [44, 41], [70, 74], [69, 58], [94, 97], [29, 40], [17, 65], [14, 26], [46, 14], [34, 0], [62, 19], [59, 53], [96, 40], [73, 0], [0, 95], [84, 66], [68, 24], [90, 94], [48, 4], [92, 70], [49, 51], [20, 5], [69, 79], [59, 28], [38, 95], [99, 93], [35, 67], [88, 74], [15, 14], [30, 51], [22, 94], [39, 75], [18, 37], [64, 48], [92, 61], [82, 2], [69, 93], [28, 20], [69, 21], [1, 75], [13, 60], [13, 57], [52, 81], [57, 74], [49, 53], [30, 22], [12, 95], [65, 53], [16, 41], [3, 8], [99, 29], [9, 89], [72, 11], [83, 74], [64, 1], [9, 49], [86, 21], [7, 0], [72, 23], [23, 15], [30, 90], [62, 96], [65, 78], [86, 13], [15, 53], [83, 65], [98, 73], [28, 76], [17, 12], [36, 61], [10, 22], [4, 2], [42, 81], [56, 84], [16, 99], [54, 23], [90, 25], [20, 87], [43, 14], [39, 80], [37, 38], [30, 96], [26, 75], [98, 44], [85, 96], [17, 6], [92, 52], [97, 50], [60, 41], [89, 84], [29, 86], [54, 99], [14, 25], [70, 80], [72, 19], [94, 79], [35, 10], [70, 21], [69, 64], [10, 63], [54, 73], [66, 9], [72, 71], [59, 76], [57, 39], [73, 20], [55, 67], [24, 17], [17, 62], [41, 49], [50, 14], [66, 56], [56, 4], [78, 0], [3, 64], [70, 35], [51, 75], [32, 37], [17, 9], [22, 98], [90, 13], [95, 18], [46, 38], [8, 4], [70, 42], [0, 73], [12, 87], [87, 1], [11, 1], [63, 3], [41, 36], [65, 74], [65, 19], [45, 11], [60, 88], [32, 17], [47, 60], [6, 51], [90, 54], [61, 69], [93, 29], [86, 98], [86, 96], [95, 77], [94, 99], [0, 5], [46, 74], [36, 54], [74, 8], [72, 44], [3, 7], [29, 28], [39, 13], [56, 55], [98, 82], [87, 72], [64, 19], [33, 50], [58, 79], [36, 86], [67, 78], [49, 1], [15, 98], [6, 94], [50, 62], [80, 24], [5, 16], [78, 75], [58, 53], [99, 52], [75, 55], [98, 79], [11, 61], [70, 23], [37, 14], [64, 49], [34, 41], [54, 68], [91, 23], [89, 29], [23, 89], [5, 76], [20, 52], [99, 14], [13, 32], [84, 79], [78, 95], [9, 17], [68, 3], [56, 63], [65, 9], [7, 74], [76, 54], [6, 75], [4, 72], [59, 79], [18, 49], [89, 23], [19, 15], [53, 45], [78, 52], [82, 68], [98, 51], [21, 48], [18, 89], [31, 94], [9, 16], [11, 72], [2, 39], [25, 92], [43, 77], [11, 15], [74, 72], [43, 67], [91, 36], [96, 84], [83, 88], [65, 81], [92, 53], [3, 21], [73, 6], [13, 97], [96, 30], [4, 61], [3, 20], [5, 81], [8, 56], [28, 87], [52, 50], [77, 22], [13, 2], [47, 37], [1, 57], [1, 0], [24, 5], [56, 12], [14, 67], [61, 62], [40, 97], [11, 58], [59, 81], [51, 93], [93, 36], [21, 98], [15, 99], [56, 67], [50, 42], [48, 39], [41, 43], [97, 44], [61, 27], [46, 3], [28, 27], [27, 58], [68, 60], [14, 34], [40, 35], [86, 39], [8, 28], [27, 56], [62, 91], [78, 35], [86, 14], [11, 74], [60, 48], [12, 98], [65, 14], [85, 98], [16, 19], [87, 69], [18, 97], [98, 25], [58, 24], [79, 6], [70, 18], [99, 99], [97, 47], [3, 88], [12, 82], [52, 14], [58, 9], [73, 84], [95, 31], [29, 68], [67, 5], [61, 91], [44, 46], [60, 35], [42, 88], [49, 14], [49, 82], [4, 27], [60, 71], [7, 88], [56, 88], [49, 69], [2, 40], [76, 63], [92, 13], [19, 50], [31, 34], [60, 43], [94, 4], [97, 87], [26, 87], [42, 96], [69, 91], [40, 38], [61, 31], [1, 31], [27, 41], [42, 2], [43, 80], [61, 78], [75, 67], [91, 96], [59, 64], [29, 99], [40, 6], [14, 3], [76, 30], [72, 37], [87, 23], [90, 95], [10, 65], [81, 9], [93, 12], [93, 75], [68, 9], [90, 56], [36, 16], [51, 69], [86, 74], [62, 20], [18, 88], [77, 45], [38, 98], [42, 40], [15, 7], [1, 50], [35, 7], [10, 70], [11, 44], [0, 45], [81, 30], [48, 97], [25, 57], [17, 13], [7, 77], [31, 84], [53, 75], [13, 4], [30, 12], [61, 8], [42, 49], [2, 12], [58, 87], [46, 11], [27, 50], [97, 35], [63, 83], [20, 90], [63, 51], [1, 16], [56, 54], [99, 94], [91, 27], [20, 7], [68, 83], [79, 59], [89, 93], [62, 11], [11, 80], [3, 23], [71, 71], [74, 67], [70, 62], [70, 86], [99, 34], [70, 50], [54, 80], [14, 32], [26, 24], [9, 93], [0, 59], [68, 71], [35, 63], [89, 21], [1, 55], [38, 4], [89, 65], [40, 15], [24, 52], [47, 96], [97, 43], [89, 77], [14, 83], [31, 51], [13, 56], [2, 24], [67, 13], [69, 98], [70, 63], [2, 1], [11, 63], [38, 60], [81, 35], [10, 78], [63, 93], [8, 95], [98, 74], [31, 19], [2, 95], [85, 77], [44, 11], [59, 14], [61, 67], [44, 70], [35, 59], [51, 44], [23, 68], [10, 64], [63, 44], [59, 27], [47, 94], [83, 75], [73, 57], [34, 56], [28, 60], [94, 41], [58, 88], [35, 3], [2, 92], [80, 81], [92, 32], [44, 3], [99, 21], [2, 65], [47, 76], [10, 84], [73, 26], [99, 57], [45, 94], [56, 27], [94, 13], [6, 7], [19, 9], [61, 48], [16, 88], [10, 91], [13, 81], [20, 42], [54, 13], [7, 72], [65, 97], [77, 40], [7, 69], [77, 62], [77, 47], [55, 99], [35, 35], [9, 58], [4, 19], [34, 38], [69, 86], [34, 76], [59, 87], [55, 13], [57, 71], [40, 55], [83, 26], [78, 13], [67, 12], [97, 68], [33, 61], [4, 98], [84, 13], [71, 45], [18, 17], [49, 13], [78, 72], [56, 9], [77, 91], [2, 52], [26, 54], [78, 53], [4, 33], [97, 7], [64, 46], [76, 23], [60, 86], [34, 81], [28, 58], [55, 9], [90, 88], [44, 73], [4, 40], [71, 93], [16, 90], [2, 41], [55, 17], [45, 51], [35, 42], [3, 50], [93, 85], [95, 28], [63, 90], [82, 10], [64, 13], [78, 29], [32, 33], [79, 19], [97, 31], [98, 45], [37, 89], [75, 75], [41, 10], [17, 38], [77, 39], [43, 86], [96, 19], [99, 67], [23, 40], [28, 43], [5, 46], [46, 52], [86, 38], [3, 52], [77, 78], [20, 96], [78, 58], [49, 94], [59, 88], [68, 14], [76, 51], [39, 91], [5, 17], [30, 63], [73, 61], [44, 91], [86, 42], [90, 5], [39, 84], [10, 99], [58, 27], [34, 35], [15, 15], [57, 70], [83, 43], [2, 31], [7, 81], [98, 68], [28, 8], [34, 45], [57, 0], [26, 33], [13, 96], [81, 53], [7, 60], [9, 95], [20, 30], [11, 40], [66, 61], [95, 80], [25, 72], [92, 84], [98, 63], [40, 93], [66, 23], [7, 79], [17, 7], [64, 18], [38, 41], [9, 22], [79, 2], [18, 96], [91, 82], [80, 18], [44, 2], [63, 25], [53, 66], [61, 81], [74, 6], [17, 45], [92, 44], [68, 13], [31, 95], [94, 65], [39, 77], [52, 16], [32, 20], [90, 85], [70, 46], [11, 54], [8, 79], [3, 31], [20, 60], [73, 7], [67, 84], [32, 45], [14, 15], [79, 95], [13, 79], [60, 32], [26, 55], [94, 17], [64, 67], [0, 77], [42, 7], [6, 32], [53, 51], [77, 25], [84, 90], [88, 66], [3, 80], [96, 67], [85, 68], [19, 21], [69, 82], [83, 40], [13, 18], [15, 96], [20, 62], [61, 24], [18, 35], [87, 9], [27, 62], [99, 16], [95, 45], [85, 23], [54, 52], [22, 5], [81, 37], [39, 50], [62, 99], [41, 7], [36, 6], [94, 71], [98, 60], [13, 65], [16, 97], [33, 1], [65, 96], [75, 73], [82, 85], [44, 89], [59, 9], [62, 78], [88, 11], [51, 97], [37, 91], [93, 94], [58, 30], [36, 39], [12, 73], [22, 20], [69, 19], [68, 95], [96, 39], [51, 88], [52, 67], [95, 85], [53, 70], [89, 46], [16, 13], [88, 39], [95, 27], [75, 36], [17, 88], [32, 50], [15, 60], [86, 16], [90, 90], [62, 62], [68, 30], [19, 34], [10, 34], [38, 59], [14, 4], [76, 20], [80, 12], [76, 29], [68, 18], [49, 41], [59, 36], [52, 86], [4, 82], [48, 38], [68, 25], [97, 82], [55, 5], [70, 71], [1, 58], [70, 73], [75, 65], [43, 34], [5, 57], [16, 87], [60, 39], [17, 56], [75, 57], [8, 61], [73, 72], [85, 14], [96, 97], [91, 31], [8, 15], [47, 72], [22, 17], [43, 43], [14, 99], [13, 21], [35, 40], [99, 24], [59, 40], [59, 39], [52, 51], [5, 23], [11, 16], [9, 24], [27, 97], [73, 78], [50, 88], [94, 72], [30, 71], [95, 61], [93, 88], [4, 8], [2, 67], [91, 17], [2, 62], [96, 22], [10, 90], [0, 58], [8, 25], [58, 3], [22, 76], [95, 25], [59, 31], [71, 70], [86, 91], [71, 19], [72, 74], [72, 36], [85, 5], [56, 10], [28, 88], [5, 42], [36, 92], [97, 65], [24, 51], [22, 23], [90, 67], [74, 73], [26, 11], [82, 93], [91, 41], [17, 44], [97, 59], [36, 30], [17, 27], [63, 7], [0, 55], [98, 93], [93, 82], [69, 73], [23, 30], [3, 90], [3, 83], [69, 77], [54, 39], [38, 92], [61, 47], [52, 91], [1, 76], [20, 29], [54, 66], [85, 29], [50, 86], [7, 67], [67, 73], [93, 62], [87, 29], [71, 87], [2, 78], [48, 78], [53, 3], [3, 67], [59, 83], [1, 51], [78, 14], [74, 93], [99, 32], [6, 96], [37, 77], [40, 52], [54, 65], [82, 33], [42, 70], [2, 91], [63, 58], [32, 36], [41, 95], [58, 10], [90, 7], [58, 91], [55, 14], [41, 56], [50, 97], [17, 48], [44, 98], [16, 86], [95, 62], [97, 49], [91, 14], [16, 94], [76, 19], [88, 83], [22, 34], [21, 96], [71, 9], [70, 59], [49, 79], [65, 8], [87, 6], [84, 78], [90, 22], [5, 67], [95, 13], [90, 17], [7, 18], [98, 56], [6, 40], [96, 60], [10, 20], [63, 30], [4, 46], [34, 64], [52, 80], [46, 45], [14, 60], [33, 93], [80, 45], [92, 39], [59, 52], [14, 5], [66, 75], [45, 48], [40, 11], [5, 98], [50, 68], [4, 48], [99, 73], [71, 24], [23, 51], [11, 9], [42, 37], [94, 48], [10, 72], [93, 71], [22, 88], [67, 81], [97, 92], [78, 17], [59, 37], [94, 36], [34, 14], [78, 65], [96, 27], [96, 93], [92, 49], [3, 75], [81, 10], [24, 53], [46, 5], [41, 45], [97, 56], [14, 19], [4, 62], [96, 74], [66, 57], [97, 32], [35, 79], [77, 7], [54, 29], [87, 12], [21, 58], [17, 26], [2, 57], [6, 16], [7, 27], [63, 53], [64, 24], [43, 42], [51, 67], [87, 4], [40, 88], [71, 79], [4, 44], [53, 42], [1, 94], [54, 90], [93, 11], [11, 71], [53, 64], [85, 90], [7, 75], [32, 81], [34, 58], [64, 79], [72, 21], [6, 53], [48, 36], [98, 58], [69, 65], [25, 33], [9, 9], [76, 44], [48, 82], [70, 65], [72, 77], [67, 26], [20, 51], [4, 64], [9, 7], [8, 7], [6, 87], [25, 87], [87, 20], [10, 26], [82, 61], [5, 36], [92, 35], [9, 92], [5, 18], [53, 94], [95, 30], [15, 97], [41, 84], [89, 1], [61, 49], [6, 24], [30, 45], [12, 41], [84, 23], [44, 35], [2, 25], [26, 45], [21, 51], [25, 0], [91, 56], [32, 88], [78, 74], [43, 52], [96, 29], [0, 85], [9, 99], [72, 76], [19, 85], [33, 39], [7, 58], [70, 48], [90, 31], [54, 67], [97, 28], [74, 10], [46, 97], [68, 73], [50, 53], [92, 92], [38, 7], [91, 39], [74, 24], [72, 83], [33, 35], [86, 82], [81, 23], [10, 96], [17, 78], [18, 94], [67, 3], [27, 67], [39, 54], [71, 76], [61, 87], [61, 36], [36, 87], [35, 47], [38, 37], [29, 91], [36, 5], [63, 24], [1, 67], [16, 64], [8, 86], [83, 7], [26, 5], [70, 98], [22, 18], [77, 16], [58, 12], [6, 31], [73, 12], [19, 55], [22, 35], [73, 64], [13, 61], [94, 85], [43, 41], [24, 3], [74, 77], [15, 88], [14, 91], [7, 23], [48, 77], [99, 7], [54, 45], [56, 53], [90, 11], [16, 3], [66, 80], [3, 58], [97, 45], [13, 73], [69, 72], [93, 14], [2, 66], [13, 46], [66, 16], [80, 28], [22, 69], [53, 1], [7, 53], [73, 25], [23, 63], [81, 1], [77, 31], [96, 87], [84, 1], [91, 74], [92, 66], [80, 74], [22, 49], [85, 35], [42, 79], [31, 3], [39, 53], [71, 92], [61, 99], [63, 31], [66, 69], [93, 18], [75, 53], [45, 46], [17, 16], [72, 22], [82, 18], [14, 0], [46, 90], [95, 23], [73, 93], [1, 69], [39, 79], [95, 91], [17, 96], [9, 80], [1, 30], [59, 3], [71, 21], [67, 77], [78, 70], [29, 79], [75, 58], [76, 64], [73, 29], [88, 87], [55, 79], [70, 96], [99, 54], [6, 12], [5, 83], [21, 14], [8, 97], [73, 77], [29, 67], [5, 2], [26, 58], [18, 45], [19, 96], [82, 26], [55, 1], [16, 1], [41, 96], [25, 89], [13, 0], [64, 28], [33, 27], [34, 51], [63, 36], [5, 86], [59, 73], [81, 93], [44, 51], [57, 80], [90, 58], [74, 71], [33, 60], [23, 91], [82, 36], [74, 44], [4, 66], [23, 67], [23, 65], [48, 65], [92, 30], [59, 96], [81, 87], [36, 40], [37, 12], [11, 81], [90, 29], [77, 19], [26, 62], [54, 70], [62, 23], [8, 35], [69, 68], [91, 98], [9, 27], [15, 29], [17, 50], [34, 13], [69, 83], [18, 93], [13, 54], [63, 34], [63, 23], [43, 16], [96, 46], [25, 14], [1, 28], [5, 71], [74, 55], [3, 39], [56, 65], [98, 4], [64, 51], [6, 5], [73, 68], [21, 53], [95, 92], [79, 72], [78, 97], [50, 77], [83, 84], [68, 16], [8, 33], [99, 44], [31, 42], [14, 63], [52, 98], [71, 7], [37, 85], [68, 7], [4, 77], [4, 90], [72, 7], [83, 34], [82, 35], [39, 14], [45, 52], [80, 15], [31, 15], [78, 55], [41, 86], [89, 67], [63, 98], [56, 14], [58, 31], [27, 92], [3, 10], [1, 72], [14, 98], [12, 21], [21, 65], [19, 18], [16, 73], [11, 98], [62, 84], [40, 89], [27, 25], [5, 65], [32, 97], [7, 6], [91, 58], [94, 35], [53, 43], [57, 50], [12, 1], [98, 17], [21, 97], [59, 74], [41, 64], [68, 63], [20, 56], [97, 9], [62, 68], [74, 12], [23, 46], [99, 36], [46, 2], [52, 87], [21, 95], [8, 72], [87, 87], [41, 93], [96, 0], [85, 92], [63, 0], [19, 88], [81, 60], [9, 46], [94, 37], [23, 48], [92, 7], [81, 42], [3, 3], [26, 99], [74, 64], [15, 4], [3, 12], [98, 46], [7, 9], [15, 1], [20, 2], [56, 5], [16, 71], [81, 82], [7, 41], [94, 0], [72, 95], [23, 79], [78, 91], [54, 51], [2, 11], [31, 80], [74, 46], [29, 54], [1, 99], [19, 72], [7, 52], [66, 93], [40, 68], [32, 98], [42, 39], [82, 97], [58, 96], [9, 3], [19, 28], [8, 84], [47, 11], [20, 35], [91, 75], [68, 42], [0, 21], [66, 70], [34, 44], [4, 26], [28, 1], [27, 47], [32, 38], [43, 87], [41, 55], [90, 64], [10, 92], [20, 22], [53, 15], [64, 90], [78, 66], [78, 22], [31, 64], [70, 77], [84, 83], [15, 67], [69, 14], [30, 2], [60, 70], [82, 37], [90, 96], [0, 88], [85, 22], [66, 81], [62, 30], [92, 93], [4, 7], [77, 46], [79, 92], [6, 86], [33, 11], [58, 32], [25, 19], [98, 30], [10, 60], [56, 42], [96, 58], [8, 32], [93, 98], [63, 71], [82, 39], [81, 27], [89, 37], [29, 38], [42, 45], [59, 98], [17, 15], [94, 18], [26, 93], [85, 85], [42, 91], [3, 9], [31, 9], [11, 82], [85, 43], [17, 8], [43, 69], [28, 30], [29, 58], [44, 8], [10, 50], [89, 56], [36, 13], [25, 41], [21, 24], [68, 33], [95, 22], [23, 22], [66, 98], [90, 37], [85, 78], [64, 59], [81, 64], [42, 50], [87, 31], [54, 27], [98, 77], [33, 94], [44, 44], [29, 13], [16, 21], [77, 4], [33, 99], [27, 79], [3, 76], [89, 69], [4, 95], [60, 78], [37, 5], [17, 87], [67, 36], [79, 54], [74, 98], [54, 53], [90, 47], [44, 4], [40, 85], [85, 3], [64, 74], [13, 58], [62, 26], [3, 73], [88, 2], [94, 22], [83, 38], [13, 98], [56, 68], [89, 22], [55, 27], [96, 6], [31, 22], [91, 9], [28, 32], [4, 10], [7, 56], [27, 3], [86, 65], [72, 0], [80, 73], [26, 90], [99, 46], [95, 6], [3, 71], [55, 11], [73, 96], [42, 36], [82, 90], [28, 89], [43, 54], [2, 60], [47, 13], [25, 96], [12, 63], [59, 85], [92, 62], [45, 34], [36, 94], [85, 79], [47, 2], [54, 75], [33, 95], [2, 80], [6, 43], [13, 64], [39, 41], [63, 79], [27, 49], [8, 13], [73, 1], [32, 94], [64, 41], [3, 61], [76, 58], [49, 75], [9, 67], [93, 17], [95, 68], [38, 2], [37, 3], [69, 70], [86, 6], [15, 18], [92, 5], [52, 74], [99, 56], [82, 43], [56, 20], [43, 47], [92, 60], [30, 46], [96, 96], [17, 95], [58, 48], [57, 67], [32, 71], [19, 48], [11, 69], [95, 98], [54, 22], [0, 34], [87, 15], [62, 44], [62, 35], [59, 58], [3, 48], [86, 27], [30, 6], [88, 43], [58, 17], [72, 49], [89, 31], [30, 52], [90, 74], [98, 22], [9, 71], [8, 26], [85, 42], [33, 98], [75, 43], [61, 79], [24, 85], [68, 86], [4, 32], [2, 56], [88, 86], [46, 15], [69, 44], [67, 50], [8, 41], [63, 97], [48, 55], [14, 85], [29, 33], [50, 99], [8, 71], [64, 37], [15, 34], [40, 63], [48, 99], [81, 59], [81, 95], [62, 77], [2, 13], [99, 25], [24, 95], [55, 12], [2, 48], [8, 67], [38, 45], [75, 98], [72, 13], [22, 68], [44, 37], [89, 24], [4, 20], [60, 29], [92, 11], [4, 6], [93, 39], [5, 60], [52, 35], [95, 75], [8, 85], [63, 75], [95, 56], [12, 53], [99, 17], [12, 20], [60, 9], [53, 67], [37, 90], [33, 43], [44, 6], [15, 72], [61, 56], [44, 39], [78, 49], [53, 68], [81, 45], [10, 53], [17, 22], [55, 51], [95, 17], [77, 3], [18, 81], [18, 90], [5, 4], [37, 16], [80, 58], [91, 69], [14, 80], [1, 65], [40, 94], [41, 1], [61, 92], [34, 31], [87, 11], [93, 84], [23, 41], [4, 52], [26, 36], [83, 9], [16, 4], [15, 17], [82, 82], [84, 11], [28, 98], [62, 21], [59, 13], [4, 5], [80, 42], [43, 45], [6, 57], [27, 98], [98, 64], [17, 98], [46, 75], [76, 91], [26, 76], [97, 18], [22, 60], [61, 71], [58, 19], [11, 28], [97, 13], [31, 57], [6, 74], [76, 66], [19, 0], [79, 91], [9, 57], [20, 18], [85, 71], [65, 33], [55, 71], [84, 18], [25, 55], [51, 14], [78, 98], [86, 92], [60, 17], [53, 61], [45, 97], [23, 34], [99, 74], [15, 22], [46, 39], [59, 80], [12, 94], [41, 68], [45, 10], [50, 69], [55, 23], [86, 22], [77, 65], [79, 82], [42, 66], [67, 97], [56, 74], [37, 98], [1, 41], [26, 97], [39, 11], [97, 85], [30, 39], [87, 73], [75, 81], [33, 49], [99, 95], [62, 0], [98, 62], [71, 11], [70, 26], [42, 83], [21, 62], [20, 49], [81, 44], [55, 18], [1, 4], [44, 55], [96, 63], [18, 24], [95, 14], [87, 74], [44, 85], [19, 11], [16, 38], [26, 0], [5, 84], [33, 4], [61, 68], [0, 82], [0, 56], [58, 16], [59, 45], [61, 50], [89, 73], [40, 40], [40, 78], [54, 69], [72, 20], [19, 36], [43, 44], [43, 12], [75, 49], [93, 25], [27, 76], [71, 41], [64, 31], [88, 6], [9, 66], [69, 40], [80, 75], [93, 8], [18, 56], [10, 9], [65, 24], [14, 69], [89, 86], [73, 27], [94, 64], [87, 83], [31, 50], [51, 83], [82, 81], [42, 4], [2, 2], [53, 49], [88, 19], [59, 26], [94, 87], [46, 16], [90, 38], [71, 90], [89, 71], [31, 97], [78, 67], [64, 2], [11, 59], [77, 95], [94, 19], [70, 39], [31, 49], [76, 25], [5, 25], [63, 82], [10, 55], [92, 9], [38, 13], [64, 0], [96, 54], [14, 61], [42, 0], [10, 82], [14, 74], [6, 64], [48, 92], [76, 13], [21, 34], [89, 6], [4, 15], [28, 29], [13, 72], [81, 16], [10, 56], [13, 40], [89, 97], [82, 14], [63, 80], [94, 1], [52, 88], [50, 78], [50, 90], [59, 0], [2, 89], [64, 54], [96, 53], [64, 63], [57, 26], [28, 56], [41, 71], [83, 19], [72, 12], [2, 69], [99, 60], [20, 4], [52, 39], [11, 52], [99, 91], [0, 37], [72, 90], [88, 12], [98, 6], [98, 98], [19, 46], [29, 85], [62, 29], [68, 43], [6, 59], [8, 64], [56, 18], [47, 38], [16, 58], [20, 28], [57, 28], [69, 90], [29, 44], [88, 9], [5, 27], [72, 65], [53, 85], [95, 86], [79, 63], [65, 60], [9, 94], [76, 26], [76, 95], [6, 56], [83, 2], [96, 68], [25, 94], [4, 14], [79, 1], [79, 27], [62, 8], [71, 52], [86, 43], [81, 68], [67, 45], [2, 37], [89, 61], [44, 86], [96, 10], [35, 90], [38, 73], [59, 8], [96, 98], [3, 69], [58, 44], [44, 52], [7, 59], [19, 94], [33, 3], [91, 84], [26, 81], [85, 12], [98, 16], [93, 89], [10, 46], [26, 61], [54, 44], [47, 46], [8, 74], [75, 93], [54, 17], [29, 97], [90, 43], [50, 46], [5, 28], [38, 91], [7, 46], [46, 48], [77, 97], [77, 20], [98, 90], [23, 71], [2, 97], [19, 57], [62, 48], [86, 3], [62, 17], [21, 94], [73, 58], [97, 2], [73, 56], [6, 61], [22, 43], [11, 96], [59, 30], [82, 38], [67, 57], [39, 0], [12, 92], [66, 63], [2, 55], [63, 47], [6, 52], [47, 50], [66, 32], [48, 93], [28, 70], [42, 8], [15, 95], [32, 25], [75, 32], [94, 55], [68, 77], [34, 36], [23, 36], [20, 67], [70, 43], [28, 0], [31, 13], [67, 92], [53, 54], [70, 55], [11, 75], [29, 18], [35, 82], [47, 59], [31, 29], [42, 67], [16, 83], [26, 8], [14, 9], [77, 75], [52, 85], [76, 17], [60, 74], [86, 11], [77, 21], [76, 82], [6, 30], [64, 15], [46, 93], [93, 22], [16, 9], [89, 52], [70, 76], [27, 5], [63, 35], [97, 55], [1, 64], [42, 41], [95, 32], [97, 5], [39, 49], [92, 47], [74, 32], [17, 0], [56, 87], [81, 0], [8, 40], [96, 51], [15, 84], [68, 75], [29, 59], [29, 55], [15, 62], [57, 79], [32, 63], [77, 6], [20, 6], [2, 68], [57, 19], [7, 61], [1, 6], [72, 84], [19, 73], [14, 95], [79, 25], [20, 88], [11, 51], [99, 71], [90, 14], [25, 31], [63, 17], [33, 9], [24, 94], [17, 55], [8, 96], [40, 95], [94, 88], [75, 10], [90, 62], [25, 1], [80, 6], [88, 34], [3, 54], [13, 33], [49, 80], [47, 53], [94, 91], [61, 33], [98, 27], [90, 1], [46, 43], [60, 53], [40, 77], [45, 91], [59, 24], [47, 36], [96, 43], [95, 81], [10, 11], [9, 51], [59, 61], [75, 66], [75, 30], [33, 68], [92, 15], [58, 74], [95, 8], [75, 13], [62, 90], [29, 12], [93, 51], [50, 89], [11, 10], [93, 97], [89, 28], [69, 54], [86, 23], [4, 89], [14, 54], [5, 26], [3, 0], [55, 97], [77, 73], [76, 96], [81, 56], [35, 41], [22, 16], [21, 27], [3, 82], [1, 83], [95, 46], [10, 21], [71, 83], [85, 37], [82, 65], [99, 48], [79, 12], [68, 70], [14, 39], [8, 90], [3, 79], [38, 0], [60, 73], [84, 27], [42, 52], [98, 61], [71, 46], [55, 82], [40, 45], [23, 3], [17, 54], [93, 31], [74, 20], [75, 18], [66, 62], [86, 19], [61, 35], [47, 77], [1, 46], [95, 11], [3, 53], [22, 97], [68, 45], [0, 63], [89, 19], [3, 22], [7, 76], [95, 37], [85, 4], [89, 38], [14, 84], [77, 82], [87, 0], [74, 11], [28, 71], [75, 59], [85, 16], [30, 24], [62, 86], [57, 29], [99, 5], [12, 4], [86, 41], [73, 65], [5, 5], [91, 21], [42, 47], [67, 99], [0, 33], [26, 41], [25, 36], [39, 96], [13, 95], [35, 49], [30, 42], [68, 98], [71, 65], [56, 97], [22, 36], [96, 76], [13, 53], [67, 4], [79, 93], [36, 89], [83, 68], [51, 35], [85, 45], [14, 72], [35, 33], [66, 45], [66, 89], [55, 16], [53, 87], [32, 65], [33, 58], [63, 57], [0, 16], [5, 66], [24, 12], [81, 11], [5, 21], [87, 22], [85, 7], [56, 7], [88, 65], [93, 0], [79, 88], [30, 99], [91, 40], [21, 87], [92, 72], [6, 1], [69, 1], [23, 11], [94, 61], [45, 96], [17, 79], [67, 95], [66, 25], [92, 18], [10, 43], [28, 66], [59, 82], [2, 9], [72, 29], [94, 9], [10, 28], [27, 32], [20, 10], [67, 98], [22, 40], [34, 79], [39, 42], [52, 73], [3, 65], [4, 38], [95, 78], [28, 5], [70, 30], [56, 92], [92, 65], [47, 70], [69, 62], [1, 14], [87, 78], [25, 43], [57, 3], [32, 95], [87, 37], [15, 90], [92, 50], [70, 75], [33, 91], [3, 46], [38, 87], [33, 5], [92, 36], [77, 34], [1, 11], [39, 94], [83, 14], [43, 75], [85, 11], [66, 99], [67, 68], [27, 90], [30, 40], [74, 1], [3, 6], [9, 69], [65, 23], [32, 0], [30, 33], [27, 78], [34, 89], [28, 65], [31, 5], [54, 24], [15, 5], [45, 70], [15, 44], [50, 59], [56, 85], [31, 43], [97, 39], [57, 15], [48, 60], [77, 1], [91, 90], [27, 95], [18, 25], [61, 94], [75, 54], [4, 31], [3, 93], [79, 77], [50, 96], [37, 94], [75, 28], [96, 31], [28, 63], [19, 76], [27, 18], [2, 20], [96, 8], [11, 73], [63, 5], [13, 44], [88, 73], [10, 35], [43, 39], [65, 21], [92, 14], [75, 99], [74, 4], [14, 87], [89, 42], [52, 59], [9, 68], [38, 49], [48, 59], [80, 9], [31, 25], [59, 43], [81, 21], [2, 85], [31, 45], [16, 11], [70, 84], [59, 91], [86, 77], [62, 41], [28, 31], [91, 16], [99, 26], [13, 22], [63, 73], [69, 36], [84, 8], [19, 98], [40, 39], [25, 99], [21, 49], [94, 34], [47, 42], [97, 99], [73, 19], [35, 93], [98, 48], [87, 36], [32, 78], [29, 51], [30, 92], [80, 69], [16, 56], [50, 76], [65, 18], [65, 66], [21, 88], [5, 72], [5, 58], [6, 23], [77, 43], [20, 65], [59, 5], [14, 64], [33, 90], [86, 20], [46, 47], [27, 69], [30, 57], [21, 33], [78, 51], [43, 50], [0, 18], [87, 28], [68, 80], [0, 2], [86, 40], [59, 41], [92, 29], [11, 29], [9, 73], [67, 20], [95, 3], [84, 71], [26, 18], [79, 36], [21, 55], [21, 5], [1, 26], [26, 20], [28, 4], [73, 75], [88, 85]], "targets": [[20, 71], [55, 82], [62, 41], [11, 35], [88, 38], [88, 96], [61, 5], [66, 9], [16, 75], [27, 80], [16, 30], [37, 73], [54, 38], [89, 36], [14, 74], [17, 31], [64, 14], [28, 74], [16, 71], [91, 94], [63, 9], [9, 28], [64, 39], [55, 78], [30, 76], [91, 40], [21, 70], [16, 28], [59, 4], [33, 74], [57, 42], [6, 35], [17, 75], [88, 43], [83, 94], [67, 12], [25, 75], [14, 73], [10, 28], [56, 43], [60, 6], [49, 78], [33, 84], [96, 39], [15, 26], [20, 75], [20, 69], [89, 91], [63, 36], [32, 72], [8, 31], [66, 11], [64, 6], [96, 42], [10, 33], [34, 83], [59, 43], [14, 71], [52, 78], [14, 31], [37, 84], [20, 67], [89, 37], [90, 96], [60, 7], [54, 45], [17, 37], [62, 6], [25, 84], [16, 72], [13, 34], [95, 42], [28, 80], [56, 42], [68, 13], [14, 72], [88, 95], [10, 29], [52, 76], [19, 75], [27, 74], [95, 43], [59, 8], [6, 33], [59, 40], [36, 77], [67, 11], [7, 36], [18, 71], [19, 68], [97, 42], [83, 97], [62, 40], [29, 83], [11, 31], [53, 83], [66, 7], [28, 77], [64, 10], [13, 36], [18, 74], [90, 42], [63, 45], [16, 74], [11, 28], [89, 95], [32, 76], [55, 41], [87, 36], [20, 68], [17, 34], [66, 8], [27, 75], [63, 11], [51, 75], [9, 33], [37, 79], [60, 39], [17, 69], [96, 44], [91, 93], [19, 73], [11, 37], [65, 11], [34, 84], [63, 38], [13, 28], [59, 5], [96, 45], [25, 82], [21, 73], [49, 76], [9, 35], [18, 70], [86, 94], [64, 8], [56, 39], [32, 81], [7, 30], [90, 36], [13, 73], [32, 82], [64, 13], [16, 31], [54, 46], [64, 9], [20, 70], [94, 37], [87, 94], [35, 84], [11, 29], [56, 83], [19, 71], [62, 46], [16, 33], [29, 72], [97, 39], [69, 12], [66, 10], [11, 36], [29, 82], [59, 44], [16, 73], [85, 95], [17, 70], [7, 33], [97, 40], [28, 83], [54, 75], [66, 14], [57, 41], [11, 34], [14, 69], [35, 78], [67, 7], [13, 72], [95, 46], [89, 89], [5, 34], [54, 43], [28, 76], [67, 10], [13, 37], [19, 74], [97, 45], [26, 79], [55, 83], [55, 44], [8, 28], [63, 7], [18, 68], [84, 91], [36, 72], [62, 9], [13, 31], [18, 75], [91, 39], [58, 37], [28, 75], [11, 25], [66, 12], [84, 23], [31, 72], [41, 95], [84, 28], [59, 41], [10, 70], [33, 12], [29, 40], [47, 96], [28, 72], [29, 15], [10, 76], [3, 86], [33, 58], [42, 61], [17, 79], [56, 79], [42, 94], [15, 36], [10, 30], [24, 33], [9, 11], [13, 14], [50, 44], [70, 34], [29, 92], [17, 84], [25, 72], [11, 9], [24, 32], [80, 48], [70, 12], [56, 94], [98, 40], [29, 39], [8, 57], [22, 40], [27, 15], [82, 14], [9, 26], [73, 7], [35, 86], [37, 61], [49, 65], [60, 48], [15, 40], [81, 85], [66, 38], [81, 48], [19, 47], [24, 36], [4, 81], [68, 53], [34, 81], [7, 80], [23, 46], [25, 45], [77, 40], [23, 91], [79, 38], [13, 44], [52, 41], [0, 46], [82, 78], [58, 66], [30, 19], [24, 5], [23, 18], [23, 23], [39, 65], [28, 78], [72, 18], [76, 87], [40, 74], [51, 62], [40, 61], [86, 81], [28, 10], [50, 45], [71, 32], [34, 68], [8, 78], [5, 83], [58, 50], [19, 91], [32, 6], [89, 76], [26, 44], [41, 96], [20, 39], [11, 40], [98, 87], [91, 57], [34, 67], [15, 17], [10, 41], [45, 55], [37, 65], [36, 64], [37, 5], [69, 36], [64, 63], [27, 22], [78, 46], [62, 27], [96, 87], [83, 37], [54, 80], [99, 42], [57, 96], [70, 47], [21, 33], [81, 2], [20, 88], [64, 53], [7, 9], [63, 88], [33, 41], [22, 45], [44, 67], [20, 28], [64, 42], [59, 58], [18, 46], [84, 68], [80, 35], [13, 35], [73, 26], [36, 13], [34, 79], [75, 49], [46, 66], [65, 89], [51, 72], [65, 37], [28, 18], [22, 42], [28, 39], [98, 43], [12, 46], [66, 67], [2, 83], [32, 64], [94, 87], [56, 45], [47, 93], [85, 42], [5, 17], [67, 52], [76, 23], [17, 7], [56, 75], [69, 54], [57, 37], [92, 9], [46, 37], [86, 27], [42, 79], [14, 15], [28, 84], [35, 90], [45, 57], [85, 14], [10, 13], [29, 26], [74, 86], [94, 81], [32, 89], [51, 46], [38, 63], [62, 8], [29, 9], [13, 39], [8, 12], [27, 36], [80, 13], [10, 14], [74, 0], [10, 8], [21, 18], [13, 8], [76, 90], [79, 6], [58, 60], [78, 15], [19, 80], [42, 71], [26, 10], [55, 42], [32, 39], [22, 19], [85, 33], [1, 43], [27, 37], [12, 39], [83, 32], [51, 88], [44, 7], [51, 55], [27, 20], [92, 2], [88, 91], [84, 44], [79, 28], [63, 60], [18, 77], [14, 82], [52, 40], [64, 60], [33, 7], [83, 15], [82, 47], [38, 1], [5, 8], [71, 2], [90, 7], [25, 27], [51, 89], [75, 7], [68, 32], [21, 79], [10, 31], [25, 26], [61, 43], [64, 66], [69, 94], [69, 46], [23, 21], [37, 67], [15, 35], [31, 71], [42, 99], [50, 76], [39, 70], [38, 78], [31, 8], [1, 14], [81, 4], [75, 81], [2, 5], [47, 64], [73, 51], [14, 11], [23, 72], [13, 11], [86, 45], [48, 83], [31, 21], [14, 28], [31, 78], [23, 38], [39, 95], [94, 14], [70, 49], [47, 42], [20, 37], [27, 47], [71, 29], [39, 84], [33, 3], [10, 32], [64, 44], [24, 19], [77, 23], [57, 68], [16, 32], [77, 93], [15, 47], [76, 54], [40, 80], [46, 81], [98, 41], [26, 82], [58, 2], [69, 52], [51, 91], [38, 81], [41, 83], [35, 62], [87, 9], [23, 33], [90, 45], [71, 49], [22, 30], [58, 99], [9, 42], [51, 77], [22, 48], [30, 24], [47, 77], [11, 12], [4, 9], [65, 28], [27, 21], [41, 78], [74, 93], [51, 54], [90, 72], [29, 23], [35, 67], [35, 8], [80, 34], [40, 85], [32, 8], [30, 66], [91, 16], [45, 80], [42, 76], [27, 85], [79, 29], [24, 45], [11, 88], [36, 65], [31, 42], [30, 28], [60, 55], [49, 39], [19, 78], [15, 65], [33, 11], [88, 45], [79, 49], [71, 16], [12, 57], [22, 86], [24, 90], [82, 45], [76, 28], [9, 38], [22, 11], [74, 87], [46, 6], [71, 22], [12, 15], [12, 44], [60, 67], [32, 25], [41, 73], [69, 31], [75, 25], [11, 42], [85, 5], [55, 76], [22, 13], [69, 4], [72, 39], [91, 2], [47, 79], [54, 85], [64, 3], [88, 36], [25, 19], [17, 9], [21, 20], [90, 18], [35, 61], [59, 91], [61, 62], [52, 89], [7, 84], [80, 41], [74, 36], [38, 76], [30, 22], [15, 12], [27, 45], [7, 89], [28, 25], [26, 13], [18, 15], [65, 27], [41, 88], [25, 12], [72, 17], [20, 38], [98, 86], [47, 81], [45, 43], [38, 61], [14, 13], [85, 87], [57, 76], [21, 74], [46, 8], [44, 58], [55, 92], [38, 69], [43, 91], [22, 44], [57, 44], [73, 2], [63, 54], [91, 77], [87, 37], [26, 73], [93, 85], [29, 73], [25, 73], [44, 89], [74, 31], [31, 80], [68, 35], [90, 16], [29, 18], [53, 1], [56, 3], [15, 66], [94, 49], [60, 56], [62, 1], [61, 61], [63, 89], [2, 29], [80, 79], [19, 16], [21, 89], [51, 47], [48, 45], [33, 78], [76, 29], [29, 38], [70, 14], [10, 34], [33, 88], [86, 96], [82, 80], [52, 57], [94, 57], [51, 53], [80, 4], [55, 60], [32, 77], [63, 52], [67, 49], [82, 27], [15, 85], [34, 10], [19, 43], [67, 84], [67, 40], [25, 86], [80, 82], [36, 3], [83, 28], [46, 61], [94, 2], [47, 86], [48, 97], [76, 25], [54, 60], [22, 15], [85, 75], [43, 56], [41, 67], [34, 74], [75, 52], [89, 90], [23, 16], [83, 30], [42, 72], [80, 21], [18, 17], [22, 82], [76, 48], [11, 4], [1, 45], [40, 73], [46, 77], [20, 29], [77, 7], [84, 25], [56, 64], [18, 36], [61, 39], [72, 31], [30, 1], [27, 68], [33, 79], [81, 31], [26, 38], [20, 18], [80, 32], [94, 83], [17, 47], [25, 78], [45, 3], [50, 64], [94, 73], [71, 80], [27, 11], [97, 84], [0, 36], [34, 85], [26, 25], [81, 25], [56, 80], [63, 4], [24, 29], [43, 59], [75, 59], [26, 24], [91, 3], [93, 82], [98, 38], [69, 88], [43, 83], [16, 41], [17, 15], [21, 9], [77, 83], [8, 38], [67, 88], [60, 53], [19, 35], [19, 86], [37, 71], [95, 83], [48, 91], [78, 16], [36, 62], [19, 66], [31, 84], [14, 35], [5, 23], [15, 46], [74, 23], [94, 39], [5, 89], [40, 87], [33, 77], [94, 86], [43, 96], [84, 16], [29, 76], [79, 14], [91, 95], [30, 11], [1, 48], [10, 10], [49, 43], [2, 32], [34, 14], [64, 23], [63, 15], [50, 59], [74, 7], [64, 92], [29, 89], [22, 36], [55, 75], [71, 10], [39, 66], [30, 32], [8, 40], [58, 52], [37, 15], [17, 18], [26, 32], [82, 49], [19, 27], [77, 37], [91, 36], [29, 78], [67, 6], [75, 20], [77, 53], [64, 32], [62, 52], [67, 66], [18, 66], [25, 77], [34, 13], [55, 50], [31, 74], [51, 35], [31, 20], [89, 51], [39, 81], [35, 83], [85, 73], [52, 60], [86, 80], [15, 48], [28, 27], [62, 68], [75, 43], [43, 81], [51, 56], [28, 81], [87, 39], [84, 22], [58, 53], [74, 50], [80, 5], [46, 59], [5, 10], [58, 41], [71, 57], [50, 49], [67, 44], [67, 29], [11, 80], [73, 25], [17, 25], [91, 34], [75, 8], [16, 42], [80, 14], [50, 48], [83, 18], [28, 9], [36, 67], [84, 72], [25, 41], [78, 49], [44, 1], [49, 40], [22, 29], [27, 32], [24, 24], [27, 8], [52, 46], [57, 45], [15, 76], [78, 30], [29, 28], [27, 13], [8, 81], [94, 55], [72, 57], [29, 43], [78, 58], [58, 63], [45, 69], [32, 38], [49, 79], [9, 86], [3, 90], [21, 90], [47, 6], [76, 8], [39, 77], [72, 87], [17, 22], [18, 35], [8, 35], [24, 28], [59, 83], [36, 79], [50, 81], [63, 39], [53, 60], [26, 87], [42, 57], [70, 3], [60, 29], [34, 70], [94, 38], [28, 93], [6, 80], [1, 49], [26, 22], [8, 82], [50, 42], [75, 32], [64, 26], [28, 36], [72, 0], [6, 92], [82, 37], [9, 47], [49, 56], [79, 52], [81, 57], [76, 34], [62, 66], [20, 36], [53, 41], [56, 96], [81, 3], [45, 63], [98, 84], [70, 52], [43, 65], [96, 43], [1, 9], [39, 87], [42, 63], [9, 37], [66, 33], [36, 63], [44, 0], [33, 87], [18, 33], [66, 91], [83, 19], [40, 65], [60, 57], [44, 68], [64, 65], [22, 16], [79, 58], [12, 34], [62, 49], [80, 52], [22, 99], [44, 57], [96, 75], [21, 98], [52, 77], [30, 84], [53, 57], [30, 6], [72, 44], [79, 41], [78, 31], [74, 58], [80, 75], [59, 54], [19, 20], [81, 78], [52, 94], [86, 1], [67, 91], [80, 87], [63, 49], [83, 26], [27, 2], [42, 85], [70, 28], [25, 46], [80, 28], [38, 62], [81, 14], [85, 26], [75, 38], [40, 95], [93, 77], [70, 27], [27, 83], [82, 36], [67, 99], [57, 51], [29, 71], [61, 52], [70, 25], [61, 40], [69, 10], [75, 88], [51, 58], [71, 92], [45, 83], [58, 93], [53, 49], [18, 37], [57, 98], [34, 56], [40, 62], [60, 59], [63, 3], [6, 23], [46, 90], [77, 85], [20, 91], [72, 34], [38, 70], [74, 22], [94, 88], [82, 75], [14, 77], [14, 40], [1, 5], [17, 3], [20, 19], [47, 75], [68, 85], [22, 37], [86, 41], [21, 80], [69, 85], [27, 44], [9, 73], [80, 50], [90, 19], [44, 41], [27, 81], [73, 32], [84, 33], [16, 8], [67, 3], [88, 86], [58, 64], [66, 86], [1, 54], [54, 50], [32, 22], [74, 40], [14, 27], [9, 13], [14, 76], [20, 72], [44, 88], [39, 73], [85, 37], [90, 6], [49, 37], [81, 22], [56, 65], [26, 72], [76, 24], [43, 98], [45, 2], [87, 26], [37, 60], [22, 23], [93, 49], [58, 61], [68, 57], [28, 68], [18, 43], [72, 33], [44, 74], [62, 44], [67, 36], [83, 81], [30, 38], [85, 35], [32, 10], [96, 54], [76, 92], [81, 38], [44, 69], [58, 54], [40, 13], [38, 80], [56, 35], [42, 59], [29, 7], [90, 31], [9, 10], [26, 18], [26, 5], [45, 67], [30, 83], [73, 46], [78, 40], [92, 5], [29, 32], [30, 81], [0, 27], [48, 55], [32, 13], [72, 86], [61, 80], [25, 43], [4, 45], [20, 81], [21, 3], [86, 39], [23, 26], [67, 53], [36, 57], [60, 8], [86, 26], [22, 5], [58, 40], [40, 84], [49, 58], [48, 94], [48, 63], [83, 5], [49, 94], [59, 1], [47, 66], [72, 27], [0, 55], [73, 15], [63, 79], [71, 54], [18, 30], [34, 73], [15, 13], [46, 60], [89, 93], [65, 4], [43, 68], [84, 17], [26, 98], [78, 25], [55, 52], [19, 11], [21, 69], [13, 10], [43, 37], [81, 77], [19, 15], [19, 18], [65, 26], [10, 74], [49, 72], [28, 6], [82, 51], [64, 7], [23, 71], [24, 39], [7, 42], [34, 71], [33, 86], [23, 90], [27, 87], [57, 55], [50, 79], [14, 33], [6, 41], [82, 6], [46, 70], [63, 40], [38, 88], [85, 44], [66, 21], [66, 85], [63, 20], [33, 56], [18, 8], [81, 23], [71, 28], [79, 85], [32, 90], [18, 26], [68, 42], [18, 78], [51, 42], [33, 80], [31, 39], [36, 66], [29, 10], [8, 37], [55, 87], [35, 82], [71, 12], [50, 93], [29, 8], [20, 86], [61, 81], [31, 25], [58, 34], [66, 48], [59, 65], [79, 88], [63, 10], [88, 31], [23, 25], [80, 86], [26, 45], [68, 94], [48, 96], [84, 11], [67, 30], [32, 86], [66, 44], [30, 67], [43, 92], [57, 78], [37, 12], [37, 10], [45, 75], [11, 57], [3, 33], [58, 43], [87, 80], [28, 40], [9, 30], [12, 82], [22, 88], [71, 17], [9, 14], [82, 85], [17, 23], [82, 17], [24, 35], [38, 37], [24, 27], [77, 32], [34, 6], [56, 62], [39, 80], [78, 10], [68, 55], [52, 90], [18, 24], [80, 42], [58, 56], [60, 98], [24, 44], [42, 83], [30, 89], [58, 96], [55, 2], [74, 25], [91, 12], [76, 32], [12, 30], [75, 4], [7, 12], [23, 41], [2, 34], [33, 83], [77, 20], [28, 32], [60, 63], [14, 68], [3, 87], [38, 8], [25, 79], [23, 77], [51, 60], [27, 23], [51, 76], [86, 86], [73, 86], [44, 62], [81, 91], [63, 21], [24, 75], [47, 51], [20, 48], [59, 67], [8, 80], [23, 3], [85, 10], [76, 51], [35, 27], [79, 15], [58, 95], [47, 62], [24, 43], [27, 10], [94, 1], [82, 20], [74, 84], [64, 57], [64, 31], [93, 52], [25, 38], [18, 27], [8, 15], [19, 5], [95, 45], [22, 9], [53, 75], [72, 81], [22, 6], [29, 19], [23, 85], [45, 58], [60, 89], [23, 92], [63, 61], [25, 74], [24, 22], [22, 70], [40, 66], [11, 10], [51, 59], [32, 92], [80, 78], [29, 80], [46, 92], [63, 63], [33, 8], [75, 50], [56, 76], [23, 4], [20, 30], [94, 12], [56, 1], [86, 82], [86, 28], [58, 65], [41, 82], [56, 82], [19, 10], [46, 67], [27, 25], [9, 90], [77, 86], [66, 84], [41, 85], [44, 91], [94, 34], [90, 83], [48, 59], [50, 99], [24, 83], [71, 40], [28, 13], [41, 80], [78, 1], [10, 80], [50, 91], [83, 84], [31, 44], [6, 43], [26, 85], [53, 51], [18, 40], [92, 54], [51, 4], [18, 39], [21, 17], [54, 71], [56, 56], [84, 84], [65, 14], [25, 4], [64, 1], [60, 16], [18, 29], [93, 58], [34, 12], [75, 48], [54, 40], [18, 42], [57, 3], [66, 34], [85, 8], [36, 61], [13, 38], [78, 90], [95, 77], [62, 2], [93, 81], [70, 38], [2, 9], [40, 0], [73, 53], [19, 42], [65, 21], [32, 20], [72, 40], [83, 78], [52, 72], [40, 12], [48, 51], [88, 30], [28, 15], [81, 46], [30, 65], [29, 81], [27, 9], [99, 41], [30, 10], [74, 17], [23, 29], [69, 59], [17, 87], [54, 56], [64, 12], [31, 17], [45, 53], [23, 0], [48, 4], [57, 67], [90, 49], [16, 46], [67, 56], [72, 5], [65, 92], [43, 76], [61, 41], [34, 11], [70, 56], [40, 59], [17, 21], [96, 48], [35, 77], [70, 36], [94, 10], [47, 55], [63, 94], [23, 39], [65, 34], [57, 4], [69, 26], [70, 32], [41, 68], [45, 76], [90, 84], [15, 80], [33, 62], [0, 34], [56, 53], [40, 63], [21, 10], [50, 58], [86, 29], [26, 65], [22, 59], [83, 77], [83, 33], [95, 2], [5, 32], [73, 6], [16, 85], [0, 7], [18, 9], [51, 87], [37, 98], [8, 5], [65, 31], [17, 78], [9, 32], [89, 75], [37, 80], [73, 18], [29, 90], [57, 50], [68, 45], [71, 33], [62, 67], [76, 31], [93, 80], [17, 20], [60, 62], [25, 36], [46, 78], [60, 43], [48, 71], [8, 93], [79, 4], [39, 96], [21, 71], [90, 94], [8, 91], [32, 23], [27, 39], [48, 62], [84, 76], [66, 37], [16, 24], [1, 37], [72, 25], [65, 12], [31, 87], [28, 44], [28, 90], [47, 97], [57, 58], [80, 33], [9, 41], [12, 12], [90, 17], [65, 35], [75, 22], [77, 84], [33, 81], [50, 4], [62, 21], [29, 68], [36, 58], [30, 80], [70, 33], [69, 15], [53, 91], [55, 96], [31, 29], [72, 38], [58, 47], [50, 60], [14, 12], [4, 90], [19, 46], [25, 24], [67, 25], [29, 16], [69, 56], [83, 17], [10, 6], [82, 15], [48, 78], [26, 66], [54, 99], [23, 11], [31, 27], [20, 9], [62, 57], [35, 79], [77, 15], [95, 52], [84, 77], [88, 41], [26, 43], [78, 95], [47, 65], [24, 81], [68, 37], [23, 19], [16, 47], [3, 23], [67, 92], [77, 33], [50, 83], [75, 3], [19, 84], [24, 30], [20, 76], [81, 27], [30, 3], [83, 34], [73, 5], [79, 26], [80, 8], [20, 84], [76, 35], [29, 5], [73, 55], [68, 0], [10, 96], [27, 93], [65, 2], [75, 87], [18, 25], [51, 48], [64, 62], [95, 82], [7, 39], [69, 11], [59, 49], [21, 38], [45, 42], [81, 34], [65, 10], [24, 79], [42, 39], [32, 79], [21, 35], [73, 50], [80, 97], [62, 61], [15, 78], [67, 13], [93, 9], [74, 41], [77, 47], [54, 65], [83, 74], [54, 1], [79, 82], [47, 59], [8, 77], [25, 70], [71, 47], [39, 57], [24, 13], [64, 21], [18, 85], [31, 46], [15, 88], [80, 94], [6, 97], [72, 56], [82, 54], [33, 68], [67, 59], [22, 14], [81, 83], [35, 91], [9, 31], [41, 62], [69, 0], [98, 49], [26, 31], [52, 69], [50, 95], [79, 2], [61, 97], [65, 54], [68, 36], [27, 84], [80, 30], [68, 46], [47, 60], [32, 12], [15, 32], [22, 7], [2, 35], [75, 46], [23, 15], [82, 87], [15, 37], [98, 88], [30, 94], [65, 36], [96, 74], [81, 37], [21, 7], [7, 78], [40, 78], [31, 16], [4, 31], [74, 83], [3, 80], [54, 47], [94, 58], [48, 56], [18, 5], [23, 44], [32, 17], [74, 34], [59, 77], [97, 76], [27, 77], [53, 55], [24, 71], [68, 80], [46, 68], [28, 91], [31, 9], [73, 97], [81, 96], [81, 54], [66, 3], [44, 76], [81, 87], [96, 46], [19, 36], [56, 60], [80, 57], [15, 14], [82, 83], [54, 32], [60, 96], [55, 54], [26, 26], [61, 60], [44, 87], [56, 57], [53, 78], [55, 74], [54, 87], [29, 94], [30, 73], [72, 48], [6, 12], [28, 85], [49, 93], [54, 49], [21, 11], [80, 7], [22, 46], [71, 0], [87, 35], [48, 48], [8, 39], [54, 48], [30, 35], [36, 28], [37, 8], [5, 81], [96, 90], [57, 53], [78, 7], [78, 44], [24, 76], [71, 34], [31, 81], [91, 83], [10, 35], [85, 82], [41, 75], [20, 13], [78, 59], [83, 83], [44, 79], [37, 72], [32, 71], [61, 42], [12, 98], [63, 86], [81, 97], [40, 70], [85, 30], [92, 32], [69, 58], [98, 50], [70, 51], [16, 11], [77, 27], [29, 77], [74, 69], [27, 5], [29, 84], [59, 56], [26, 89], [59, 3], [26, 7], [64, 88], [64, 59], [79, 42], [27, 29], [43, 89], [83, 22], [14, 36], [9, 82], [5, 88], [36, 83], [10, 11], [53, 45], [44, 63], [76, 14], [24, 69], [29, 11], [81, 52], [32, 68], [86, 7], [73, 3], [76, 89], [48, 49], [39, 5], [50, 43], [55, 47], [49, 4], [85, 29], [54, 52], [29, 95], [81, 13], [48, 65], [24, 42], [69, 57], [81, 21], [34, 64], [79, 57], [23, 78], [53, 94], [56, 5], [48, 74], [68, 33], [11, 17], [87, 41], [81, 99], [25, 80], [24, 70], [4, 33], [19, 40], [97, 87], [16, 84], [90, 89], [82, 26], [9, 89], [66, 66], [95, 74], [25, 15], [24, 38], [72, 16], [35, 73], [66, 89], [79, 78], [13, 32], [46, 80], [16, 86], [35, 69], [90, 87], [90, 76], [77, 91], [61, 91], [38, 90], [58, 39], [51, 64], [79, 50], [30, 86], [15, 41], [91, 50], [6, 79], [12, 33], [48, 76], [66, 32], [14, 47], [49, 99], [27, 24], [49, 86], [84, 2], [52, 75], [42, 8], [78, 37], [58, 62], [59, 62], [55, 51], [40, 75], [23, 76], [99, 79], [76, 94], [17, 13], [66, 55], [29, 79], [73, 14], [86, 77], [14, 16], [82, 92], [54, 54], [26, 69], [14, 66], [23, 20], [32, 85], [21, 44], [81, 86], [82, 7], [55, 95], [38, 75], [82, 56], [47, 85], [64, 25], [45, 37], [64, 5], [55, 89], [22, 98], [63, 33], [28, 92], [85, 72], [50, 80], [35, 57], [22, 2], [33, 6], [55, 99], [54, 37], [6, 82], [76, 38], [76, 81], [80, 40], [54, 61], [32, 19], [7, 38], [31, 86], [11, 33], [73, 85], [56, 44], [26, 14], [58, 35], [76, 76], [67, 28], [89, 87], [37, 76], [53, 52], [48, 43], [37, 83], [63, 68], [39, 62], [46, 65], [52, 79], [73, 21], [14, 4], [65, 32], [35, 89], [79, 94], [72, 49], [62, 56], [79, 0], [67, 9], [0, 41], [54, 3], [85, 24], [28, 86], [82, 58], [21, 85], [6, 29], [40, 56], [37, 69], [48, 61], [56, 47], [25, 10], [36, 68], [88, 73], [43, 64], [37, 11], [94, 8], [20, 41], [25, 48], [95, 90], [53, 47], [88, 18], [34, 88], [85, 0], [89, 88], [16, 77], [52, 59], [13, 13], [21, 32], [0, 35], [15, 28], [50, 86], [38, 11], [22, 85], [25, 5], [19, 31], [33, 29], [29, 14], [45, 73], [78, 87], [75, 99], [19, 29], [17, 33], [72, 94], [55, 94], [70, 23], [51, 93], [15, 42], [28, 21], [70, 9], [15, 45], [4, 85], [83, 91], [68, 93], [38, 74], [13, 30], [82, 94], [98, 13], [78, 34], [76, 91], [41, 89], [21, 67], [11, 30], [73, 4], [46, 42], [21, 40], [36, 86], [10, 83], [16, 25], [59, 52], [48, 89], [79, 8], [52, 45], [30, 0], [63, 59], [19, 79], [49, 85], [86, 17], [50, 41], [39, 64], [29, 75], [29, 41], [16, 6], [82, 52], [26, 36], [82, 96], [22, 73], [86, 40], [73, 79], [98, 44], [21, 45], [20, 10], [42, 96], [57, 64], [23, 88], [51, 97], [24, 91], [20, 45], [18, 83], [72, 15], [53, 39], [53, 93], [17, 68], [51, 94], [17, 46], [68, 41], [61, 33], [29, 85], [76, 37], [90, 55], [49, 41], [56, 49], [99, 44], [36, 15], [60, 99], [15, 10], [63, 2], [68, 47], [88, 89], [12, 14], [66, 27], [80, 11], [68, 89], [58, 55], [19, 28], [43, 87], [29, 46], [22, 21], [64, 89], [74, 9], [71, 21], [84, 78], [14, 65], [41, 91], [50, 46], [70, 1], [3, 34], [22, 71], [23, 49], [66, 31], [51, 92], [68, 15], [67, 51], [67, 58], [43, 75], [30, 17], [74, 46], [45, 85], [56, 7], [67, 60], [28, 14], [34, 15], [2, 43], [31, 28], [88, 66], [88, 76], [6, 6], [23, 84], [28, 79], [83, 88], [49, 80], [42, 34], [46, 63], [55, 5], [68, 30], [24, 26], [69, 53], [32, 35], [84, 88], [21, 16], [16, 10], [9, 29], [39, 69], [51, 38], [49, 48], [3, 84], [39, 67], [78, 35], [85, 4], [30, 15], [25, 30], [2, 97], [26, 80], [50, 40], [72, 1], [82, 28], [62, 11], [58, 58], [98, 46], [23, 43], [79, 53], [17, 36], [44, 5], [76, 19], [29, 48], [44, 4], [56, 48], [40, 60], [30, 21], [43, 69], [48, 54], [46, 50], [51, 99], [25, 92], [32, 65], [55, 59], [24, 41], [46, 87], [89, 39], [40, 68], [73, 39], [95, 57], [52, 93], [9, 58], [95, 81], [38, 65], [85, 16], [32, 7], [56, 4], [16, 45], [14, 45], [57, 60], [26, 40], [78, 41], [27, 67], [87, 16], [33, 9], [73, 34], [18, 79], [71, 93], [59, 33], [26, 12], [41, 56], [99, 54], [48, 82], [31, 89], [74, 28], [35, 68], [73, 0], [15, 4], [60, 38], [19, 19], [75, 39], [50, 66], [86, 15], [42, 89], [0, 32], [41, 77], [42, 78], [85, 68], [80, 91], [46, 73], [50, 67], [65, 87], [52, 2], [63, 83], [58, 67], [69, 8], [30, 34], [49, 96], [47, 1], [74, 15], [79, 95], [50, 77], [7, 31], [82, 35], [83, 90], [61, 50], [83, 23], [14, 43], [69, 39], [5, 80], [5, 78], [86, 85], [72, 3], [80, 26], [53, 58], [28, 26], [23, 28], [41, 63], [73, 59], [63, 64], [81, 56], [62, 91], [49, 59], [72, 61], [17, 41], [38, 77], [15, 43], [81, 24], [30, 97], [17, 32], [12, 8], [45, 79], [19, 77], [31, 75], [79, 36], [18, 18], [54, 57], [56, 93], [32, 18], [21, 30], [74, 88], [88, 81], [68, 92], [31, 32], [69, 79], [91, 8], [59, 97], [25, 2], [74, 60], [14, 7], [15, 34], [66, 5], [67, 87], [18, 41], [19, 3], [23, 79], [29, 4], [43, 77], [3, 35], [79, 66], [46, 93], [52, 42], [82, 95], [38, 60], [84, 3], [41, 94], [54, 73], [46, 0], [27, 78], [69, 14], [76, 39], [38, 68], [34, 29], [79, 98], [59, 7], [29, 74], [60, 40], [77, 3], [58, 77], [32, 73], [67, 27], [28, 34], [43, 71], [80, 1], [71, 50], [28, 37], [47, 69], [34, 69], [81, 55], [22, 10], [87, 38], [10, 38], [22, 20], [92, 55], [57, 82], [75, 42], [7, 6], [71, 51], [84, 66], [10, 71], [86, 38], [41, 61], [37, 70], [67, 57], [19, 67], [32, 88], [50, 61], [56, 67], [50, 69], [10, 7], [97, 16], [72, 89], [92, 91], [27, 71], [60, 61], [22, 1], [59, 96], [67, 22], [65, 24], [76, 47], [59, 81], [43, 84], [33, 65], [96, 14], [20, 31], [13, 29], [32, 70], [5, 98], [84, 93], [63, 48], [44, 80], [49, 82], [50, 57], [73, 9], [53, 50], [65, 66], [27, 7], [74, 27], [45, 66], [5, 90], [25, 81], [56, 52], [17, 35], [60, 47], [98, 71], [39, 11], [25, 3], [2, 8], [1, 16], [55, 56], [82, 79], [39, 68], [79, 92], [61, 28], [56, 59], [89, 96], [47, 4], [22, 79], [44, 81], [11, 16], [87, 44], [21, 21], [89, 18], [36, 11], [11, 15], [66, 2], [23, 35], [35, 59], [37, 4], [18, 28], [16, 3], [70, 2], [23, 32], [81, 98], [40, 88], [11, 83], [5, 33], [87, 32], [10, 5], [66, 36], [75, 31], [69, 41], [73, 38], [27, 72], [32, 63], [34, 65], [71, 31], [4, 98], [17, 24], [79, 87], [23, 14], [15, 68], [15, 27], [29, 20], [49, 57], [74, 54], [33, 73], [79, 39], [10, 27], [42, 80], [61, 63], [48, 42], [76, 2], [16, 13], [28, 31], [88, 19], [65, 86], [83, 0], [12, 45], [7, 82], [30, 71], [31, 13], [89, 42], [84, 15], [72, 90], [84, 99], [16, 12], [45, 0], [8, 14], [42, 91], [16, 70], [31, 73], [78, 92], [62, 55], [7, 91], [63, 62], [53, 89], [45, 4], [65, 47], [4, 35], [31, 67], [69, 35], [67, 98], [95, 50], [9, 83], [54, 39], [18, 7], [24, 88], [36, 59], [55, 58], [83, 2], [85, 85], [54, 58], [65, 44], [24, 85], [35, 74], [59, 95], [40, 83], [79, 40], [81, 50], [42, 87], [63, 50], [56, 50], [35, 7], [32, 11], [58, 0], [91, 84], [51, 85], [36, 71], [81, 33], [5, 94], [45, 77], [76, 85], [15, 6], [11, 11], [50, 36], [57, 52], [74, 89], [84, 4], [80, 22], [79, 77], [77, 48], [13, 74], [60, 42], [91, 91], [46, 82], [65, 91], [15, 79], [94, 3], [35, 9], [60, 66], [33, 28], [79, 27], [22, 24], [18, 34], [60, 32], [24, 4], [29, 12], [68, 14], [22, 47], [95, 16], [55, 3], [1, 15], [10, 78], [39, 74], [33, 66], [46, 74], [37, 64], [76, 16], [78, 85], [45, 89], [81, 94], [68, 7], [85, 38], [79, 51], [23, 1], [69, 51], [97, 72], [72, 2], [33, 14], [39, 92], [19, 49], [68, 23], [49, 88], [56, 88], [51, 45], [26, 77], [56, 51], [40, 79], [43, 62], [62, 7], [9, 56], [91, 53], [16, 65], [9, 39], [25, 85], [16, 78], [34, 7], [5, 95], [74, 47], [89, 1], [46, 76], [46, 5], [35, 80], [14, 99], [78, 50], [56, 38], [57, 5], [70, 95], [83, 16], [57, 46], [89, 17], [61, 44], [75, 2], [74, 37], [34, 61], [62, 85], [55, 80], [0, 42], [59, 37], [98, 51], [44, 3], [59, 0], [23, 75], [29, 64], [32, 29], [66, 23], [17, 27], [19, 85], [80, 93], [87, 30], [65, 9], [26, 0], [6, 37], [33, 94], [65, 56], [12, 75], [39, 13], [11, 70], [44, 34], [38, 36], [44, 82], [94, 41], [16, 37], [57, 54], [17, 29], [32, 94], [58, 57], [28, 82], [52, 86], [31, 99], [96, 50], [76, 15], [50, 37], [19, 34], [75, 51], [54, 92], [49, 46], [51, 71], [56, 9], [95, 41], [36, 29], [29, 29], [54, 98], [14, 8], [77, 36], [47, 63], [28, 12], [21, 83], [89, 41], [60, 2], [35, 71], [57, 93], [92, 8], [89, 62], [51, 51], [1, 32], [90, 1], [16, 87], [80, 80], [84, 79], [33, 16], [26, 76], [97, 66], [43, 70], [35, 76], [99, 40], [26, 17], [80, 96], [6, 91], [3, 10], [70, 46], [35, 10], [91, 78], [47, 5], [39, 58], [42, 62], [20, 5], [46, 54], [73, 1], [56, 29], [84, 74], [25, 88], [68, 10], [16, 43], [77, 41], [9, 85], [66, 51], [66, 54], [90, 2], [40, 67], [26, 21], [54, 53], [51, 83], [42, 9], [45, 40], [51, 84], [20, 44], [37, 89], [38, 54], [15, 25], [85, 77], [46, 38], [4, 43], [15, 9], [48, 34], [3, 25], [16, 66], [47, 7], [99, 67], [75, 15], [39, 36], [52, 63], [48, 0], [42, 66], [5, 42], [42, 38], [84, 80], [47, 78], [73, 17], [61, 53], [75, 84], [41, 34], [44, 2], [80, 76], [41, 12], [20, 43], [62, 88], [49, 60], [22, 27], [49, 77], [74, 53], [99, 88], [52, 82], [56, 0], [11, 97], [89, 85], [14, 14], [25, 16], [24, 77], [25, 44], [94, 9], [77, 4], [27, 91], [62, 10], [19, 41], [19, 83], [84, 67], [43, 67], [33, 13], [12, 9], [24, 25], [75, 14], [93, 8], [38, 5], [44, 40], [99, 97], [23, 5], [61, 29], [86, 32], [53, 68], [3, 28], [84, 6], [44, 96], [39, 35], [75, 78], [5, 77], [22, 95], [34, 86], [69, 13], [84, 10], [26, 88], [60, 51], [2, 48], [22, 87], [36, 84], [11, 8], [80, 25], [23, 80], [96, 37], [61, 58], [74, 35], [3, 30], [21, 46], [30, 41], [55, 84], [38, 56], [97, 89], [71, 1], [19, 92], [78, 5], [70, 37], [72, 7], [68, 38], [30, 25], [81, 20], [79, 24], [64, 86], [26, 20], [11, 7], [67, 32], [4, 6], [69, 34], [99, 93], [39, 76], [58, 75], [11, 93], [27, 43], [55, 97], [43, 79], [52, 88], [14, 0], [80, 56], [69, 40], [22, 89], [53, 59], [74, 3], [56, 37], [80, 88], [60, 52], [37, 66], [80, 84], [11, 78], [32, 21], [54, 2], [38, 67], [56, 46], [28, 48], [14, 42], [87, 33], [84, 45], [9, 93], [59, 15], [72, 55], [54, 31], [84, 20], [70, 53], [83, 36], [17, 77], [56, 61], [40, 1], [4, 42], [65, 38], [73, 20], [24, 6], [39, 85], [21, 36], [11, 82], [67, 55], [40, 76], [1, 41], [37, 1], [86, 44], [23, 12], [7, 87], [55, 62], [61, 55], [62, 93], [10, 86], [26, 34], [31, 23], [86, 33], [61, 93], [38, 85], [71, 30], [26, 9], [95, 78], [2, 50], [0, 48], [73, 48], [45, 65], [53, 84], [14, 83], [13, 40], [92, 11], [40, 71], [28, 69], [45, 68], [38, 71], [21, 4], [26, 4], [84, 30], [41, 60], [73, 54], [62, 60], [51, 37], [76, 5], [18, 49], [0, 25], [17, 48], [61, 79], [70, 35], [80, 38], [44, 65], [11, 38], [65, 41], [35, 11], [56, 77], [89, 78], [31, 12], [96, 73], [48, 72], [75, 98], [61, 6], [38, 79], [22, 81], [30, 14], [24, 68], [8, 7], [18, 99], [69, 75], [82, 86], [28, 16], [93, 40], [29, 45], [62, 31], [22, 35], [20, 46], [53, 90], [69, 37], [58, 1], [61, 64], [10, 72], [10, 12], [23, 81], [0, 43], [59, 74], [92, 71], [71, 82], [24, 73], [71, 39], [48, 87], [34, 66], [86, 97], [93, 87], [60, 90], [92, 73], [77, 25], [42, 13], [67, 54], [40, 2], [59, 94], [35, 65], [24, 78], [68, 56], [57, 89], [73, 52], [65, 51], [84, 31], [21, 22], [15, 71], [52, 70], [24, 31], [19, 13], [8, 33], [34, 38], [37, 88], [59, 59], [56, 55], [21, 77], [41, 37], [64, 48], [23, 31], [13, 43], [19, 25], [93, 92], [31, 82], [48, 53], [89, 38], [40, 89], [70, 31], [54, 33], [53, 34], [2, 33], [78, 83], [4, 84], [15, 67], [57, 66], [28, 5], [70, 24], [29, 88], [75, 82], [55, 6], [51, 66], [22, 17], [65, 53], [27, 94], [74, 85], [42, 3], [68, 54], [26, 19], [31, 15], [77, 57], [83, 35], [46, 75], [67, 65], [49, 44], [99, 48], [31, 34], [77, 34], [45, 95], [86, 25], [34, 91], [16, 80], [64, 33], [47, 57], [22, 76], [12, 32], [53, 4], [27, 34], [55, 9], [28, 30], [62, 0], [83, 79], [68, 1], [17, 40], [11, 6], [34, 78], [24, 16], [34, 80], [29, 6], [81, 45], [30, 82], [35, 70], [55, 66], [54, 59], [15, 83], [35, 13], [53, 82], [24, 89], [43, 80], [42, 60], [66, 30], [75, 21], [31, 76], [18, 48], [36, 12], [20, 26], [40, 37], [97, 70], [39, 82], [37, 36], [2, 31], [28, 42], [87, 31], [84, 13], [50, 90], [16, 5], [73, 95], [94, 82], [55, 65], [22, 18], [93, 54], [73, 57], [71, 6], [71, 25], [13, 15], [69, 38], [48, 58], [74, 2], [29, 42], [99, 36], [73, 87], [37, 85], [8, 47], [7, 43], [89, 40], [34, 16], [18, 16], [26, 84], [62, 33], [93, 55], [48, 66], [94, 92], [88, 0], [86, 10], [81, 41], [32, 83], [72, 54], [15, 7], [16, 1], [61, 56], [6, 59], [52, 38], [26, 35], [67, 8], [12, 74], [70, 55], [25, 20], [38, 84], [21, 28], [28, 3], [69, 1], [98, 72], [27, 79], [39, 4], [31, 18], [18, 6], [51, 79], [37, 63], [83, 99], [22, 8], [39, 56], [65, 13], [84, 12], [4, 92], [98, 67], [95, 40], [70, 40], [51, 57], [48, 64], [75, 0], [20, 82], [27, 27], [11, 71], [8, 6], [83, 25], [72, 24], [84, 37], [21, 29], [7, 10], [19, 30], [32, 75], [29, 22], [18, 38], [83, 43], [73, 77], [22, 43], [69, 2], [27, 48], [69, 9], [85, 22], [53, 36], [50, 55], [48, 69], [20, 11], [14, 10], [88, 14], [20, 79], [36, 10], [30, 33], [18, 4], [49, 70], [81, 6], [36, 40], [35, 14], [61, 59], [42, 75], [0, 54], [48, 36], [11, 14], [21, 12], [42, 84], [71, 94], [33, 69], [77, 96], [21, 43], [27, 88], [82, 46], [58, 14], [32, 27], [31, 36], [8, 27], [13, 41], [59, 55], [34, 75], [88, 79], [48, 93], [16, 69], [31, 7], [78, 26], [69, 81], [16, 98], [85, 69], [8, 85], [79, 76], [39, 7], [95, 39], [29, 47], [76, 77], [65, 62], [69, 91], [36, 9], [79, 31], [77, 1], [53, 67], [22, 49], [9, 12], [51, 80], [65, 3], [50, 54], [5, 76], [30, 69], [87, 74], [74, 45], [88, 98], [67, 43], [50, 56], [55, 91], [12, 10], [90, 37], [75, 56], [53, 71], [38, 57], [64, 49], [73, 82], [50, 1], [59, 61], [14, 39], [72, 35], [79, 34], [24, 37], [57, 6], [46, 57], [87, 12], [42, 86], [26, 27], [52, 47], [44, 72], [87, 27], [21, 31], [5, 84], [7, 35], [95, 48], [40, 64], [28, 23], [76, 95], [47, 38], [70, 78], [33, 72], [21, 42], [81, 53], [58, 7], [22, 58], [58, 6], [44, 78], [46, 62], [17, 10], [22, 75], [85, 91], [78, 47], [47, 87], [84, 38], [30, 79], [24, 92], [82, 13], [49, 64], [66, 43], [0, 13], [92, 10], [12, 91], [40, 69], [66, 53], [17, 39], [85, 66], [19, 14], [32, 37], [14, 29], [86, 95], [88, 70], [90, 93], [16, 9], [22, 72], [56, 63], [8, 30], [38, 86], [81, 19], [83, 42], [39, 83], [19, 44], [14, 97], [72, 53], [70, 82], [22, 25], [28, 88], [72, 97], [10, 25], [95, 92], [85, 32], [7, 79], [43, 2], [47, 8], [80, 15], [6, 10], [11, 27], [79, 5], [67, 89], [54, 63], [93, 86], [57, 94], [65, 0], [42, 73], [42, 90], [13, 42], [98, 81], [49, 67], [77, 31], [74, 55], [33, 36], [4, 87], [9, 80], [78, 91], [48, 50], [26, 75], [70, 54], [27, 26], [22, 3], [52, 67], [73, 31], [33, 70], [38, 92], [95, 14], [22, 22], [31, 77], [59, 82], [50, 65], [5, 7], [83, 6], [61, 10], [85, 81], [7, 98], [21, 5], [93, 79], [66, 88], [10, 39], [72, 50], [53, 85], [38, 10], [72, 96], [76, 69], [53, 53], [77, 5], [86, 35], [4, 34], [46, 40], [8, 56], [94, 44], [93, 72], [69, 32], [71, 3], [93, 6], [12, 43], [1, 31], [22, 33], [6, 89], [20, 85], [62, 36], [98, 54], [15, 8], [83, 93], [64, 99], [69, 48], [86, 74], [47, 80], [61, 36], [6, 8], [45, 81], [92, 84], [99, 91], [48, 80], [65, 45], [76, 79], [18, 23], [42, 55], [49, 42], [55, 68], [82, 25], [34, 76], [16, 40], [86, 6], [20, 34], [64, 24], [47, 41], [63, 66], [74, 51], [48, 86], [21, 39], [94, 72], [19, 12], [80, 17], [32, 80], [61, 1], [31, 10], [36, 69], [27, 38], [73, 83], [60, 80], [76, 83], [48, 75], [22, 77], [32, 78], [48, 85], [43, 1], [71, 56], [84, 5], [66, 26], [54, 64], [28, 38], [80, 31], [82, 84], [17, 45], [88, 8], [33, 10], [32, 87], [75, 47], [54, 89], [13, 6], [38, 66], [92, 1], [39, 79], [69, 90], [40, 97], [29, 35], [18, 21], [80, 83], [63, 35], [9, 34], [6, 83], [57, 74], [53, 56], [75, 83], [50, 89], [4, 40], [27, 14], [47, 67], [71, 4], [41, 72], [88, 16], [25, 29], [98, 85], [20, 32], [41, 81], [76, 86], [71, 58], [63, 44], [70, 8], [5, 28], [10, 82], [68, 12], [30, 85], [84, 35], [36, 70], [1, 40], [71, 35], [45, 1], [56, 40], [19, 37], [20, 12], [55, 55], [23, 37], [44, 73], [1, 27], [75, 93], [23, 40], [82, 50], [8, 58], [58, 91], [30, 45], [47, 61], [34, 63], [29, 34], [6, 76], [78, 14], [91, 87], [39, 8], [64, 87], [74, 33], [60, 50], [7, 41], [32, 95], [50, 96], [17, 83], [42, 58], [61, 65], [14, 78], [13, 99], [59, 66], [52, 83], [90, 90], [33, 35], [93, 91], [62, 62], [30, 26], [42, 70], [74, 95], [62, 81], [78, 4], [85, 94], [54, 90], [23, 87], [36, 93], [66, 56], [2, 36], [58, 4], [67, 14], [78, 80], [46, 85], [78, 89], [84, 24], [77, 82], [59, 39], [7, 40], [24, 18], [62, 65], [41, 87], [40, 72], [47, 3], [47, 0], [26, 46], [43, 74], [22, 90], [84, 14], [85, 31], [99, 17], [51, 43], [88, 78], [19, 76], [88, 17], [46, 94], [83, 96], [74, 57], [80, 0], [35, 72], [78, 33], [56, 32], [0, 8], [77, 99], [91, 55], [46, 69], [97, 38], [15, 30], [72, 45], [42, 0], [4, 44], [70, 57], [16, 20], [92, 34], [57, 39], [94, 77], [79, 3], [35, 1], [37, 13], [42, 65], [63, 28], [73, 81], [79, 33], [79, 96], [16, 27], [49, 63], [37, 62], [77, 52], [91, 46], [70, 50], [66, 0], [87, 45], [21, 47], [45, 74], [37, 68], [47, 76], [18, 14], [19, 82], [74, 32], [2, 51], [65, 55], [93, 12], [67, 46], [7, 88], [25, 35], [15, 38], [68, 16], [80, 47], [17, 82], [22, 39], [81, 76], [52, 91], [86, 69], [38, 64], [89, 9], [46, 98], [79, 30], [46, 39], [58, 44], [69, 86], [28, 29], [48, 99], [27, 41], [76, 93], [30, 58], [60, 91], [9, 15], [71, 14], [63, 47], [28, 7], [70, 91], [20, 14], [48, 84], [41, 1], [9, 16], [43, 63], [81, 88], [71, 90], [31, 43], [82, 74], [83, 21], [37, 74], [74, 26], [82, 91], [99, 43], [38, 3], [94, 35], [18, 31], [93, 93], [1, 52], [95, 10], [55, 77], [71, 53], [10, 84], [77, 2], [9, 95], [20, 17], [74, 71], [49, 66], [64, 81], [20, 80], [82, 3], [21, 82], [59, 98], [0, 24], [19, 8], [51, 61], [37, 58], [49, 74], [40, 82], [98, 80], [6, 60], [85, 9], [36, 73], [74, 90], [32, 91], [68, 40], [49, 61], [26, 74], [36, 14], [17, 95], [67, 21], [92, 44], [45, 84], [97, 46], [97, 75], [85, 98], [79, 46], [82, 12], [20, 25], [60, 78], [49, 69], [89, 34], [98, 93], [41, 5], [10, 79], [43, 60], [77, 0], [62, 30], [21, 6], [15, 73], [96, 76], [93, 74], [65, 49], [3, 31], [89, 54], [49, 47], [42, 69], [25, 9], [24, 86], [13, 47], [9, 84], [56, 91], [80, 27], [14, 30], [34, 95], [9, 40], [50, 71], [52, 39], [38, 15], [7, 83], [21, 76], [4, 78], [53, 42], [78, 6], [29, 86], [85, 2], [26, 23], [23, 36], [17, 86], [23, 74], [54, 74], [71, 5], [57, 83], [19, 32], [59, 57], [28, 19], [52, 92], [88, 92], [53, 64], [44, 6], [12, 29], [70, 93], [74, 5], [55, 85], [59, 32], [80, 99], [69, 55], [68, 6], [34, 9], [43, 5], [39, 59], [65, 22], [24, 11], [23, 82], [40, 35], [1, 55], [58, 74], [27, 86], [78, 55], [27, 73], [28, 45], [97, 41], [67, 45], [29, 36], [56, 41], [59, 48], [56, 2], [59, 68], [84, 41], [82, 23], [7, 11], [85, 1], [89, 77], [42, 93], [4, 30], [99, 37], [76, 0], [87, 28], [30, 23], [34, 82], [21, 14], [70, 10], [62, 35], [68, 8], [48, 60], [53, 76], [12, 35], [29, 99], [10, 36], [3, 82], [78, 36], [85, 92], [79, 86], [1, 7], [48, 38], [41, 2], [63, 84], [47, 88], [10, 81], [32, 28], [20, 78], [2, 7], [64, 67], [35, 64], [24, 21], [79, 13], [51, 74], [9, 78], [75, 86], [50, 92], [95, 3], [21, 37], [26, 15], [97, 86], [27, 70], [45, 88], [6, 22], [75, 29], [56, 58], [17, 11], [76, 9], [5, 41], [75, 89], [42, 4], [19, 38], [77, 89], [92, 86], [22, 32], [57, 90], [22, 83], [82, 21], [51, 95], [76, 1], [69, 84], [67, 38], [84, 83], [7, 94], [80, 49], [32, 66], [60, 83], [90, 50], [14, 81], [29, 17], [86, 16], [30, 70], [55, 7], [25, 76], [8, 84], [64, 2], [20, 7], [31, 66], [60, 95], [30, 9], [13, 12], [70, 48], [79, 84], [45, 60], [69, 80], [45, 87], [82, 5], [50, 85], [14, 85], [27, 35], [20, 77], [74, 10], [63, 34], [75, 54], [91, 1], [2, 46], [97, 88], [15, 75], [8, 32], [26, 11], [2, 22], [23, 70], [27, 19], [46, 3], [90, 51], [54, 95], [77, 88], [4, 8], [16, 83], [39, 91], [14, 75], [31, 85], [14, 34], [5, 96], [83, 92], [51, 40], [14, 46], [92, 48], [97, 49], [76, 55], [39, 88], [18, 0], [24, 84], [31, 70], [39, 75], [7, 90], [68, 50], [7, 8], [79, 35], [40, 3], [88, 1], [25, 25], [26, 81], [47, 34], [4, 99], [37, 37], [93, 84], [35, 39], [77, 45], [85, 17], [46, 97], [95, 35], [31, 22], [82, 41], [60, 37], [99, 80], [99, 89], [77, 46], [43, 39], [30, 92], [68, 86], [30, 18], [75, 34], [55, 53], [4, 79], [33, 90], [31, 68], [64, 20], [9, 8], [31, 14], [81, 82], [91, 51], [18, 32], [31, 0], [45, 82], [27, 12], [68, 58], [49, 83], [16, 93], [83, 89], [14, 37], [44, 83], [59, 60], [26, 3], [19, 9], [57, 8], [11, 72], [96, 83], [30, 39], [89, 50], [78, 96], [23, 45], [30, 57], [82, 4], [84, 0], [36, 89], [15, 86], [88, 93], [69, 92]]}