{"meta": {"number_of_robots": 1000, "description": {"parameters": {"seed": 5488, "shape": [50, 50], "obstacles": {"n": 0, "mean": 3, "std": 1.5}, "clusters": {"n": 30, "mean": 20, "std": 10.0, "relative_radius": 2, "increase_factor": 1.3, "start_dist": {"generator_name": "Image", "shape": [50, 50], "min": 40.0, "max": 255.0, "mean": 179.9948, "std": 60.627356638402105, "dtype": "uint64", "parameters": {"image": "sun.png", "transformer": {"name": "ColorChannelSelector", "channel": "v", "inverted": false}}}, "target_dist": {"generator_name": "Image", "shape": [50, 50], "min": 0.0, "max": 215.0, "mean": 75.0052, "std": 60.627356638402105, "dtype": "uint64", "parameters": {"image": "sun.png", "transformer": {"name": "ColorChannelSelector", "channel": "v", "inverted": true}}}}, "density": 0.4, "start_dist": {"generator_name": "Image", "shape": [50, 50], "min": 40.0, "max": 255.0, "mean": 179.9948, "std": 60.627356638402105, "dtype": "uint64", "parameters": {"image": "sun.png", "transformer": {"name": "ColorChannelSelector", "channel": "v", "inverted": false}}}, "target_dist": {"generator_name": "Image", "shape": [50, 50], "min": 0.0, "max": 215.0, "mean": 75.0052, "std": 60.627356638402105, "dtype": "uint64", "parameters": {"image": "sun.png", "transformer": {"name": "ColorChannelSelector", "channel": "v", "inverted": true}}}}, "stats": {"date": "2020-11-17", "free_area": 2500.0, "number_of_clustered_robots": 609, "number_of_robots": 1000}}}, "name": "sun_00003_50x50_40_1000", "obstacles": [], "starts": [[28, 17], [4, 34], [26, 3], [9, 28], [28, 35], [20, 40], [46, 39], [46, 31], [45, 36], [25, 9], [4, 36], [2, 36], [17, 24], [4, 31], [33, 24], [6, 44], [10, 1], [42, 34], [42, 36], [6, 24], [16, 4], [32, 46], [35, 48], [31, 6], [5, 37], [34, 47], [26, 46], [28, 3], [17, 11], [22, 39], [23, 8], [36, 5], [48, 31], [31, 34], [9, 25], [23, 49], [7, 44], [9, 33], [34, 48], [45, 33], [26, 10], [31, 47], [23, 20], [13, 31], [44, 29], [37, 25], [6, 31], [29, 1], [0, 33], [25, 1], [46, 36], [7, 31], [22, 34], [19, 3], [21, 34], [26, 2], [0, 26], [10, 26], [30, 43], [11, 49], [49, 36], [23, 9], [5, 38], [31, 44], [34, 8], [45, 27], [38, 33], [27, 8], [34, 49], [32, 36], [25, 18], [14, 30], [48, 37], [31, 25], [8, 27], [7, 23], [23, 7], [5, 28], [29, 45], [28, 0], [48, 33], [2, 22], [18, 13], [7, 48], [29, 41], [1, 30], [26, 49], [47, 32], [14, 3], [28, 6], [31, 46], [21, 3], [27, 39], [24, 2], [28, 1], [29, 15], [21, 31], [3, 30], [49, 31], [12, 23], [24, 33], [47, 43], [40, 32], [3, 31], [29, 20], [5, 2], [33, 48], [37, 45], [26, 41], [6, 35], [3, 44], [49, 35], [22, 5], [5, 33], [10, 38], [26, 48], [34, 0], [49, 27], [8, 28], [44, 36], [34, 9], [6, 25], [25, 47], [23, 29], [23, 45], [31, 15], [19, 24], [29, 8], [19, 0], [29, 6], [42, 37], [34, 24], [5, 49], [45, 34], [5, 36], [25, 34], [0, 37], [29, 46], [21, 1], [31, 37], [4, 26], [47, 40], [27, 9], [29, 10], [5, 35], [12, 26], [29, 49], [26, 4], [33, 45], [48, 35], [11, 26], [17, 7], [23, 22], [18, 28], [10, 47], [42, 30], [25, 35], [31, 9], [40, 35], [39, 30], [3, 33], [34, 45], [0, 23], [28, 9], [5, 26], [47, 34], [38, 37], [18, 0], [27, 45], [35, 10], [30, 47], [29, 7], [0, 31], [32, 40], [23, 39], [23, 0], [1, 44], [31, 1], [26, 17], [21, 26], [7, 25], [41, 30], [12, 28], [5, 30], [36, 49], [14, 25], [27, 32], [46, 43], [45, 35], [3, 34], [36, 24], [10, 4], [33, 46], [37, 46], [33, 5], [41, 33], [26, 5], [21, 41], [36, 2], [1, 26], [32, 49], [48, 34], [5, 47], [49, 28], [5, 24], [20, 0], [27, 7], [3, 35], [30, 14], [21, 23], [0, 29], [27, 44], [33, 44], [23, 41], [26, 0], [21, 40], [44, 30], [43, 32], [8, 31], [36, 22], [46, 34], [31, 5], [25, 2], [16, 12], [30, 6], [7, 26], [8, 43], [35, 45], [1, 27], [24, 6], [23, 36], [15, 24], [34, 46], [1, 34], [26, 45], [43, 35], [26, 16], [20, 28], [29, 5], [4, 30], [41, 36], [16, 2], [33, 9], [28, 10], [4, 28], [47, 31], [32, 27], [30, 40], [6, 48], [47, 36], [43, 29], [11, 25], [31, 41], [26, 43], [24, 8], [10, 33], [26, 33], [10, 37], [27, 48], [24, 4], [25, 5], [27, 14], [23, 25], [30, 38], [4, 27], [44, 33], [38, 30], [32, 8], [19, 4], [3, 36], [9, 45], [11, 27], [27, 34], [47, 41], [49, 34], [1, 32], [35, 29], [4, 4], [30, 44], [32, 47], [35, 7], [28, 49], [20, 1], [4, 35], [31, 48], [31, 40], [48, 27], [12, 29], [19, 12], [25, 6], [3, 26], [9, 27], [33, 21], [16, 27], [40, 31], [29, 4], [26, 7], [12, 45], [42, 29], [24, 48], [21, 37], [27, 1], [31, 35], [46, 32], [27, 3], [2, 34], [48, 30], [33, 26], [34, 40], [7, 30], [26, 44], [5, 25], [33, 0], [32, 24], [5, 34], [14, 20], [41, 32], [25, 0], [16, 28], [9, 26], [10, 46], [45, 37], [14, 2], [23, 44], [27, 10], [29, 38], [30, 0], [2, 25], [10, 32], [36, 45], [33, 40], [47, 28], [34, 21], [24, 7], [1, 36], [46, 29], [26, 35], [22, 40], [21, 4], [24, 49], [4, 43], [42, 33], [23, 2], [43, 30], [26, 8], [23, 14], [13, 26], [9, 31], [1, 25], [26, 9], [47, 27], [2, 23], [13, 8], [30, 34], [2, 31], [32, 43], [14, 0], [27, 41], [24, 3], [17, 23], [29, 34], [48, 43], [45, 30], [2, 35], [36, 20], [5, 1], [27, 49], [35, 46], [1, 46], [26, 6], [0, 30], [45, 31], [41, 31], [32, 3], [2, 30], [29, 39], [24, 23], [21, 24], [33, 6], [8, 29], [26, 36], [2, 39], [30, 49], [20, 3], [30, 4], [26, 47], [32, 45], [44, 32], [5, 31], [3, 47], [43, 36], [20, 37], [40, 34], [38, 22], [5, 23], [24, 1], [46, 40], [16, 1], [30, 3], [24, 0], [4, 37], [33, 19], [19, 27], [47, 35], [9, 36], [33, 47], [16, 26], [27, 43], [32, 39], [32, 10], [6, 26], [28, 47], [1, 48], [4, 22], [28, 5], [24, 38], [47, 30], [49, 26], [9, 30], [32, 29], [42, 35], [28, 7], [22, 1], [18, 10], [33, 8], [21, 30], [35, 44], [6, 29], [28, 45], [27, 16], [20, 23], [23, 4], [1, 33], [13, 2], [1, 28], [6, 45], [44, 28], [44, 34], [31, 45], [2, 26], [33, 1], [24, 39], [40, 36], [28, 4], [32, 4], [17, 26], [27, 29], [49, 40], [39, 33], [2, 33], [33, 23], [6, 2], [29, 47], [38, 47], [10, 36], [36, 47], [46, 27], [12, 31], [7, 27], [31, 16], [16, 30], [37, 8], [5, 46], [25, 39], [21, 0], [29, 32], [33, 7], [0, 27], [35, 43], [6, 27], [41, 28], [40, 40], [20, 4], [30, 45], [32, 1], [23, 1], [2, 29], [8, 30], [28, 46], [39, 32], [35, 28], [30, 2], [24, 36], [2, 44], [42, 32], [32, 22], [16, 31], [47, 33], [5, 29], [16, 13], [33, 43], [37, 3], [15, 22], [29, 44], [33, 3], [0, 32], [39, 35], [29, 9], [4, 29], [23, 31], [10, 27], [22, 35], [6, 38], [27, 46], [22, 4], [45, 29], [9, 46], [43, 31], [39, 23], [29, 3], [16, 0], [23, 10], [25, 16], [14, 28], [24, 44], [30, 32], [32, 41], [3, 22], [45, 25], [3, 28], [38, 31], [28, 8], [23, 6], [0, 38], [28, 43], [22, 6], [1, 35], [5, 44], [46, 33], [8, 33], [28, 29], [16, 25], [24, 35], [48, 39], [46, 30], [0, 36], [32, 26], [5, 3], [33, 49], [38, 44], [49, 24], [3, 27], [26, 21], [13, 25], [34, 3], [23, 34], [27, 2], [21, 5], [35, 40], [48, 32], [15, 2], [34, 2], [6, 32], [36, 48], [25, 33], [7, 45], [44, 31], [10, 25], [14, 12], [37, 2], [30, 46], [30, 9], [1, 31], [3, 29], [10, 29], [39, 27], [37, 23], [31, 18], [19, 23], [20, 35], [25, 45], [41, 26], [41, 39], [34, 6], [25, 4], [4, 33], [27, 47], [24, 5], [8, 45], [41, 35], [17, 28], [24, 46], [9, 19], [25, 41], [28, 2], [19, 1], [20, 34], [45, 32], [11, 31], [31, 8], [19, 9], [5, 32], [3, 32], [42, 31], [39, 24], [30, 19], [22, 30], [32, 48], [44, 38], [35, 0], [6, 33], [34, 44], [11, 46], [24, 47], [5, 22], [32, 37], [43, 28], [37, 10], [27, 5], [23, 23], [31, 11], [40, 41], [6, 39], [41, 2], [4, 12], [47, 5], [13, 40], [2, 16], [49, 15], [48, 36], [16, 22], [25, 49], [30, 16], [34, 25], [11, 30], [20, 27], [8, 9], [36, 25], [28, 27], [0, 2], [46, 46], [49, 14], [9, 23], [41, 10], [44, 48], [24, 25], [41, 9], [0, 19], [8, 42], [10, 5], [49, 32], [23, 11], [26, 15], [33, 35], [4, 16], [15, 35], [3, 11], [18, 35], [46, 37], [26, 37], [12, 20], [28, 16], [41, 14], [46, 15], [29, 23], [10, 45], [31, 4], [27, 25], [6, 41], [17, 41], [6, 0], [34, 37], [45, 45], [31, 26], [12, 24], [17, 33], [19, 48], [35, 49], [16, 42], [42, 45], [10, 3], [17, 47], [47, 47], [0, 46], [14, 45], [49, 3], [45, 12], [2, 38], [47, 11], [0, 41], [18, 16], [2, 40], [21, 7], [17, 19], [21, 36], [49, 9], [35, 15], [25, 14], [25, 44], [7, 6], [27, 26], [37, 40], [18, 6], [38, 24], [37, 28], [18, 19], [40, 29], [1, 6], [8, 18], [22, 14], [31, 36], [34, 11], [12, 25], [45, 21], [22, 20], [46, 24], [28, 13], [21, 27], [48, 10], [16, 11], [29, 18], [39, 18], [2, 49], [47, 8], [24, 26], [37, 12], [48, 22], [21, 47], [30, 12], [10, 43], [39, 11], [6, 14], [34, 14], [2, 10], [17, 40], [19, 22], [4, 24], [22, 23], [13, 30], [14, 36], [42, 22], [25, 7], [20, 45], [21, 16], [2, 8], [35, 13], [24, 10], [26, 13], [21, 11], [9, 9], [28, 32], [19, 47], [2, 14], [21, 44], [1, 11], [14, 29], [34, 33], [12, 30], [39, 19], [6, 43], [1, 23], [49, 23], [23, 35], [37, 41], [45, 9], [15, 31], [44, 35], [2, 19], [34, 31], [34, 32], [27, 0], [37, 31], [4, 41], [16, 33], [25, 38], [0, 43], [24, 19], [17, 38], [7, 28], [33, 32], [30, 36], [49, 47], [13, 45], [7, 13], [10, 28], [24, 11], [32, 42], [38, 11], [44, 19], [33, 17], [16, 43], [19, 13], [19, 19], [7, 46], [43, 10], [44, 25], [39, 8], [37, 6], [42, 16], [8, 0], [45, 10], [46, 4], [24, 34], [7, 12], [20, 10], [17, 10], [18, 31], [10, 30], [35, 42], [45, 38], [34, 42], [10, 24], [49, 29], [19, 28], [17, 2], [48, 3], [18, 27], [21, 21], [33, 38], [34, 10], [18, 32], [45, 39], [27, 12], [48, 9], [11, 29], [25, 48], [17, 16], [1, 3], [46, 38], [15, 3], [26, 40], [31, 42], [13, 28], [11, 23], [30, 27], [40, 13], [32, 18], [7, 3], [25, 11], [0, 3], [29, 13], [14, 31], [17, 37], [40, 10], [14, 35], [40, 46], [19, 36], [36, 33], [4, 2], [26, 38], [15, 47], [4, 13], [39, 44], [8, 32], [22, 43], [18, 9], [37, 7], [7, 43], [36, 27], [2, 32], [28, 36], [10, 42], [4, 5], [0, 49], [0, 42], [20, 7], [21, 17], [49, 0], [38, 5], [18, 3], [36, 26], [12, 3], [8, 37], [19, 25], [12, 15], [7, 8], [36, 11], [43, 18], [49, 46], [29, 14], [10, 49], [12, 33], [12, 27], [41, 44], [26, 30], [22, 18], [18, 17], [1, 5], [2, 41], [37, 39], [0, 17], [18, 11], [4, 18], [35, 12], [9, 44], [28, 14], [9, 49], [12, 22], [2, 2], [22, 12], [43, 26], [48, 28], [11, 0], [15, 16], [23, 37], [7, 42], [8, 22], [6, 4], [17, 46], [45, 49], [20, 22], [46, 2], [49, 8], [3, 8], [10, 20], [15, 20], [17, 1], [2, 1], [9, 14], [35, 6], [36, 38], [36, 16], [4, 32], [3, 24], [0, 16], [44, 41], [1, 8], [15, 25], [47, 3], [24, 43], [42, 39], [25, 19], [2, 45], [7, 47], [14, 24], [20, 2], [13, 10], [36, 37], [19, 46], [6, 40], [7, 21], [9, 32], [46, 21], [35, 3], [8, 5], [24, 18], [25, 21], [35, 33], [0, 21], [21, 8], [32, 38], [35, 41], [24, 37], [37, 34], [45, 23], [41, 42], [15, 11], [29, 40], [16, 29], [13, 15], [17, 29], [20, 26], [21, 18], [47, 14], [11, 2], [26, 22], [25, 31], [37, 30], [44, 5], [0, 18], [49, 45], [38, 34], [47, 38], [7, 41], [43, 39], [45, 26], [46, 6], [29, 25], [41, 48], [20, 38], [0, 34], [24, 14], [40, 4], [30, 8], [37, 44], [30, 5], [10, 2], [12, 37], [8, 1], [8, 2], [19, 14], [46, 35], [49, 33], [0, 12], [37, 37], [35, 2], [17, 25], [49, 48], [2, 13], [35, 25], [38, 43], [42, 5], [5, 9], [16, 14], [29, 21], [4, 44], [31, 2], [12, 11], [33, 13], [8, 12]], "targets": [[25, 25], [22, 40], [14, 10], [25, 27], [14, 37], [27, 31], [4, 47], [39, 49], [7, 3], [38, 25], [7, 43], [14, 8], [42, 13], [17, 40], [40, 0], [42, 12], [40, 42], [38, 41], [46, 36], [16, 6], [19, 30], [39, 2], [45, 43], [41, 38], [19, 15], [11, 21], [31, 29], [31, 30], [24, 31], [37, 3], [39, 20], [9, 20], [4, 6], [33, 3], [12, 8], [37, 4], [36, 19], [12, 9], [32, 20], [41, 46], [43, 40], [44, 43], [27, 27], [41, 17], [35, 47], [44, 0], [26, 34], [38, 23], [17, 11], [9, 18], [3, 4], [24, 41], [25, 0], [21, 33], [31, 32], [30, 30], [17, 5], [30, 29], [42, 4], [43, 9], [47, 35], [40, 26], [16, 9], [28, 24], [12, 20], [10, 9], [43, 37], [44, 39], [41, 39], [27, 5], [22, 28], [41, 15], [41, 49], [43, 0], [19, 32], [9, 5], [37, 20], [14, 9], [33, 5], [12, 11], [6, 3], [25, 44], [24, 36], [45, 15], [34, 5], [15, 17], [30, 25], [40, 39], [13, 36], [42, 37], [49, 41], [36, 23], [32, 33], [30, 32], [16, 8], [24, 28], [48, 19], [11, 0], [7, 4], [28, 29], [14, 39], [2, 43], [35, 45], [1, 43], [38, 0], [43, 38], [35, 0], [12, 23], [26, 1], [19, 42], [37, 18], [48, 41], [42, 18], [14, 1], [15, 13], [25, 22], [16, 12], [4, 7], [17, 42], [37, 44], [38, 40], [17, 6], [45, 36], [32, 1], [34, 4], [28, 20], [48, 21], [45, 17], [17, 32], [8, 21], [41, 43], [42, 7], [39, 15], [11, 4], [20, 33], [27, 30], [16, 15], [26, 30], [26, 28], [34, 6], [16, 3], [38, 42], [36, 43], [46, 21], [15, 7], [25, 31], [42, 8], [9, 21], [47, 40], [12, 5], [19, 41], [22, 33], [32, 22], [40, 16], [39, 21], [49, 38], [31, 6], [40, 17], [40, 40], [45, 3], [11, 10], [30, 26], [13, 6], [17, 12], [23, 40], [3, 5], [36, 41], [21, 32], [40, 1], [39, 43], [47, 42], [39, 16], [10, 4], [27, 1], [27, 28], [30, 27], [42, 20], [7, 19], [24, 21], [43, 23], [14, 4], [14, 2], [22, 39], [13, 14], [23, 21], [26, 26], [11, 39], [2, 44], [37, 45], [4, 39], [37, 2], [39, 41], [32, 5], [13, 18], [37, 21], [43, 39], [37, 43], [31, 1], [16, 11], [18, 42], [42, 39], [10, 5], [43, 14], [49, 36], [9, 3], [18, 32], [41, 27], [16, 4], [25, 29], [44, 23], [9, 17], [29, 29], [31, 7], [36, 0], [16, 7], [28, 27], [37, 41], [10, 7], [16, 40], [44, 1], [40, 44], [40, 41], [28, 32], [19, 37], [43, 20], [5, 6], [45, 9], [45, 45], [26, 38], [7, 16], [35, 7], [23, 30], [36, 4], [16, 16], [29, 30], [14, 6], [30, 28], [42, 17], [45, 26], [12, 7], [42, 45], [14, 35], [38, 39], [4, 19], [17, 1], [40, 48], [42, 5], [28, 4], [39, 12], [46, 40], [6, 4], [25, 39], [49, 39], [31, 5], [36, 27], [25, 42], [32, 31], [17, 8], [24, 29], [28, 30], [4, 12], [30, 22], [40, 15], [33, 0], [11, 5], [9, 6], [43, 36], [38, 38], [43, 24], [17, 4], [37, 9], [26, 27], [8, 36], [3, 45], [40, 45], [5, 43], [39, 0], [43, 41], [31, 4], [12, 19], [6, 14], [46, 41], [18, 31], [15, 8], [29, 27], [25, 4], [10, 8], [16, 38], [25, 36], [49, 25], [14, 5], [17, 33], [27, 20], [40, 21], [39, 46], [44, 42], [14, 13], [40, 13], [49, 33], [42, 11], [33, 32], [32, 27], [33, 6], [8, 4], [46, 27], [11, 11], [37, 40], [41, 7], [49, 42], [15, 18], [27, 26], [6, 6], [14, 19], [24, 24], [21, 39], [27, 24], [13, 5], [43, 25], [48, 23], [18, 40], [41, 16], [33, 44], [20, 32], [42, 9], [37, 42], [34, 7], [17, 10], [8, 3], [14, 16], [32, 25], [45, 41], [31, 40], [38, 7], [43, 18], [11, 2], [10, 3], [33, 2], [34, 30], [28, 31], [41, 2], [35, 17], [48, 39], [10, 21], [41, 40], [39, 33], [22, 27], [41, 13], [23, 37], [11, 7], [49, 22], [8, 0], [15, 39], [23, 31], [27, 3], [12, 18], [24, 30], [19, 29], [48, 44], [5, 13], [23, 28], [8, 39], [3, 44], [40, 43], [4, 41], [37, 1], [40, 36], [36, 3], [13, 22], [39, 17], [38, 17], [8, 11], [11, 1], [39, 40], [36, 40], [15, 4], [35, 1], [27, 19], [47, 22], [10, 15], [23, 34], [30, 33], [11, 8], [30, 20], [32, 30], [36, 20], [34, 11], [49, 40], [12, 6], [18, 36], [43, 13], [48, 40], [28, 3], [37, 46], [46, 6], [13, 0], [14, 14], [40, 38], [17, 34], [45, 42], [36, 26], [18, 7], [26, 25], [49, 17], [4, 3], [16, 10], [33, 23], [29, 32], [32, 6], [28, 2], [5, 20], [23, 41], [41, 45], [42, 14], [5, 7], [37, 25], [33, 27], [34, 45], [6, 5], [15, 43], [46, 5], [38, 43], [39, 39], [33, 28], [19, 31], [9, 8], [30, 0], [37, 7], [14, 12], [32, 29], [29, 28], [43, 16], [41, 23], [10, 10], [16, 31], [7, 6], [38, 21], [48, 36], [11, 3], [49, 35], [18, 38], [7, 10], [35, 5], [42, 38], [42, 42], [42, 25], [27, 29], [8, 40], [6, 48], [33, 45], [5, 41], [42, 2], [42, 40], [35, 9], [17, 18], [12, 12], [25, 30], [10, 0], [18, 37], [12, 2], [31, 27], [42, 15], [11, 15], [35, 14], [31, 26], [29, 33], [26, 2], [44, 24], [14, 3], [41, 42], [22, 32], [13, 3], [39, 38], [21, 34], [41, 11], [45, 37], [10, 20], [9, 7], [9, 16], [31, 24], [34, 46], [38, 2], [38, 18], [25, 3], [38, 16], [47, 39], [29, 19], [45, 23], [10, 6], [22, 41], [22, 35], [43, 45], [7, 20], [23, 32], [40, 3], [44, 25], [9, 2], [35, 43], [39, 42], [8, 6], [28, 5], [24, 38], [32, 32], [14, 17], [30, 24], [27, 34], [7, 7], [36, 17], [38, 44], [47, 6], [4, 17], [20, 34], [49, 19], [24, 20], [40, 23], [35, 4], [29, 4], [43, 35], [13, 4], [8, 5], [20, 45], [35, 40], [44, 37], [9, 15], [14, 11], [33, 29], [43, 17], [10, 11], [44, 18], [48, 38], [17, 35], [36, 2], [24, 27], [10, 38], [4, 45], [38, 48], [2, 41], [45, 4], [41, 37], [37, 0], [14, 18], [5, 5], [10, 1], [23, 29], [44, 15], [17, 13], [33, 26], [34, 27], [36, 25], [44, 41], [36, 39], [16, 34], [36, 35], [11, 13], [23, 27], [26, 3], [41, 12], [9, 4], [17, 37], [20, 31], [18, 8], [41, 4], [40, 28], [17, 3], [7, 5], [21, 36], [32, 44], [40, 2], [26, 20], [44, 22], [32, 0], [48, 37], [2, 6], [42, 43], [37, 38], [11, 14], [10, 12], [29, 26], [46, 25], [38, 12], [49, 34], [24, 26], [37, 8], [13, 7], [29, 31], [28, 33], [19, 28], [36, 7], [13, 1], [16, 36], [14, 21], [45, 21], [18, 5], [27, 42], [41, 44], [39, 7], [24, 22], [42, 22], [47, 38], [33, 43], [44, 40], [9, 12], [33, 21], [45, 20], [36, 9], [13, 2], [31, 0], [5, 2], [7, 14], [49, 26], [13, 11], [34, 29], [40, 20], [9, 37], [10, 36], [21, 17], [13, 37], [20, 29], [2, 17], [9, 11], [28, 16], [8, 18], [29, 17], [47, 26], [9, 42], [11, 6], [14, 43], [38, 8], [13, 23], [27, 35], [3, 47], [4, 40], [12, 40], [25, 43], [4, 20], [29, 7], [17, 20], [31, 3], [2, 4], [45, 47], [30, 17], [44, 8], [2, 45], [30, 4], [45, 44], [39, 14], [42, 19], [28, 46], [36, 1], [21, 31], [17, 28], [12, 38], [0, 7], [33, 24], [16, 48], [23, 18], [28, 39], [42, 32], [5, 22], [37, 19], [15, 6], [29, 38], [34, 21], [33, 20], [26, 0], [7, 22], [9, 22], [9, 23], [45, 38], [8, 42], [31, 17], [9, 24], [14, 40], [1, 17], [8, 16], [23, 46], [5, 19], [21, 16], [14, 23], [24, 2], [3, 11], [42, 33], [11, 43], [19, 39], [15, 14], [13, 15], [5, 17], [16, 1], [6, 22], [8, 38], [31, 33], [5, 14], [21, 15], [47, 21], [21, 20], [15, 40], [28, 21], [15, 5], [20, 39], [18, 2], [41, 29], [9, 38], [12, 36], [20, 30], [20, 14], [12, 45], [23, 3], [24, 32], [14, 36], [34, 3], [31, 28], [11, 9], [3, 39], [11, 22], [32, 40], [20, 38], [46, 24], [35, 29], [4, 46], [5, 21], [7, 21], [15, 36], [15, 37], [13, 43], [37, 12], [16, 14], [24, 23], [23, 38], [12, 14], [48, 43], [15, 49], [23, 25], [25, 48], [10, 42], [30, 23], [40, 47], [16, 13], [16, 41], [26, 22], [37, 24], [33, 46], [15, 10], [6, 37], [26, 5], [39, 4], [41, 26], [10, 18], [10, 17], [25, 23], [31, 12], [27, 0], [5, 35], [0, 19], [48, 20], [24, 37], [35, 22], [49, 18], [45, 18], [37, 22], [9, 14], [27, 49], [16, 32], [32, 41], [42, 48], [3, 29], [28, 1], [13, 41], [35, 6], [0, 28], [12, 16], [19, 2], [13, 16], [14, 15], [44, 44], [39, 24], [32, 4], [7, 40], [32, 23], [40, 8], [3, 18], [47, 8], [27, 25], [23, 2], [8, 22], [18, 35], [35, 26], [2, 14], [8, 24], [24, 33], [20, 43], [2, 46], [25, 24], [45, 46], [35, 23], [0, 20], [18, 12], [16, 44], [11, 18], [21, 1], [38, 24], [32, 45], [12, 15], [16, 45], [15, 9], [45, 1], [29, 24], [49, 44], [29, 37], [19, 38], [13, 34], [11, 16], [38, 14], [10, 16], [26, 46], [33, 25], [15, 38], [12, 1], [18, 33], [13, 21], [6, 7], [32, 47], [12, 13], [18, 39], [25, 21], [28, 41], [24, 40], [39, 25], [37, 17], [24, 5], [6, 15], [12, 22], [34, 20], [9, 33], [22, 17], [12, 37], [25, 47], [37, 15], [43, 26], [11, 23], [43, 47], [6, 21], [26, 47], [48, 46], [22, 44], [42, 47], [29, 22], [22, 31], [34, 16], [31, 31], [29, 25], [5, 44], [48, 25], [28, 22], [29, 43], [13, 24], [1, 22], [9, 41], [12, 21], [26, 49], [49, 43], [34, 24], [31, 18], [48, 42], [20, 46], [33, 19], [39, 23], [11, 37], [23, 43], [27, 17], [2, 39], [43, 33], [21, 38], [39, 5], [40, 22], [25, 45], [21, 43], [28, 38], [43, 34], [34, 23], [28, 37], [23, 17], [47, 44], [4, 15], [43, 15], [33, 22], [29, 8], [3, 40], [16, 29], [34, 40], [47, 28], [3, 41], [0, 27], [22, 47], [36, 42], [35, 27], [23, 33], [35, 24], [26, 21], [27, 21], [46, 46], [22, 18], [3, 19], [38, 13], [32, 19], [34, 14], [37, 39], [7, 18], [41, 18], [28, 15], [21, 35], [43, 8], [47, 23], [8, 43], [18, 14], [25, 38], [13, 38], [40, 5], [40, 46], [11, 40], [27, 43], [25, 40], [27, 46], [32, 15], [2, 19], [18, 30], [19, 13], [42, 0], [26, 31], [25, 2], [23, 42], [17, 41], [15, 30], [24, 17], [22, 30], [38, 26], [21, 2], [22, 42], [46, 3], [42, 16], [43, 27], [27, 37], [13, 44], [10, 40], [41, 41], [26, 23], [11, 44], [1, 20], [14, 20], [46, 42], [24, 34], [42, 27], [23, 48], [15, 45], [6, 18], [17, 31], [37, 29], [25, 28], [33, 42], [17, 45], [22, 29], [49, 23], [11, 42], [34, 18], [34, 22], [30, 3], [34, 1], [27, 22], [6, 40], [25, 26], [21, 44], [7, 15], [47, 7], [28, 26], [40, 12], [44, 46], [29, 3], [6, 20], [34, 43], [14, 38], [26, 37], [14, 42], [12, 3], [40, 10], [35, 21], [13, 39], [4, 49], [10, 44], [0, 24], [27, 38], [24, 43], [1, 21], [3, 20], [28, 45], [17, 2], [33, 14], [15, 41], [38, 15], [0, 23], [35, 13], [39, 26], [12, 24]]}