{"meta": {"number_of_robots": 1875, "description": {"parameters": {"seed": 7282, "shape": [50, 50], "obstacles": {"n": 0, "mean": 7, "std": 3.5}, "clusters": {"n": 30, "mean": 40, "std": 20.0, "relative_radius": 2, "increase_factor": 1.3, "start_dist": {"generator_name": "Image", "shape": [50, 50], "min": 40.0, "max": 255.0, "mean": 179.9948, "std": 60.627356638402105, "dtype": "uint64", "parameters": {"image": "sun.png", "transformer": {"name": "ColorChannelSelector", "channel": "v", "inverted": false}}}, "target_dist": {"generator_name": "Image", "shape": [50, 50], "min": 0.0, "max": 215.0, "mean": 75.0052, "std": 60.627356638402105, "dtype": "uint64", "parameters": {"image": "sun.png", "transformer": {"name": "ColorChannelSelector", "channel": "v", "inverted": true}}}}, "density": 0.75, "start_dist": {"generator_name": "Image", "shape": [50, 50], "min": 40.0, "max": 255.0, "mean": 179.9948, "std": 60.627356638402105, "dtype": "uint64", "parameters": {"image": "sun.png", "transformer": {"name": "ColorChannelSelector", "channel": "v", "inverted": false}}}, "target_dist": {"generator_name": "Image", "shape": [50, 50], "min": 0.0, "max": 215.0, "mean": 75.0052, "std": 60.627356638402105, "dtype": "uint64", "parameters": {"image": "sun.png", "transformer": {"name": "ColorChannelSelector", "channel": "v", "inverted": true}}}}, "stats": {"date": "2020-11-17", "free_area": 2500.0, "number_of_clustered_robots": 1177, "number_of_robots": 1875}}}, "name": "sun_00005_50x50_75_1875", "obstacles": [], "starts": [[2, 26], [30, 8], [20, 42], [7, 4], [29, 0], [4, 10], [43, 46], [20, 12], [35, 42], [22, 49], [8, 28], [47, 10], [40, 26], [41, 35], [26, 28], [27, 10], [29, 5], [5, 12], [2, 37], [45, 29], [28, 5], [11, 3], [48, 45], [37, 16], [22, 40], [27, 32], [47, 25], [41, 36], [46, 33], [25, 7], [27, 17], [41, 8], [25, 5], [37, 1], [22, 22], [39, 30], [7, 35], [17, 0], [16, 34], [21, 18], [17, 38], [40, 47], [39, 7], [43, 16], [10, 3], [27, 0], [24, 11], [30, 11], [22, 6], [48, 29], [24, 0], [43, 47], [15, 40], [23, 15], [41, 39], [33, 28], [1, 34], [42, 11], [28, 15], [47, 39], [15, 10], [7, 16], [21, 45], [20, 28], [28, 12], [8, 7], [31, 8], [16, 48], [30, 18], [40, 41], [43, 33], [29, 15], [28, 36], [45, 16], [7, 24], [8, 3], [41, 45], [34, 0], [31, 12], [37, 9], [21, 3], [17, 2], [49, 32], [34, 2], [40, 45], [18, 39], [43, 8], [17, 44], [16, 18], [32, 31], [37, 38], [44, 28], [13, 42], [27, 11], [46, 48], [3, 35], [44, 21], [26, 10], [18, 16], [24, 5], [43, 39], [33, 21], [27, 13], [3, 18], [28, 38], [3, 8], [4, 33], [43, 18], [11, 37], [20, 18], [4, 11], [31, 11], [40, 12], [21, 6], [36, 13], [16, 9], [43, 32], [32, 9], [46, 44], [25, 41], [2, 31], [19, 39], [37, 20], [49, 47], [44, 34], [43, 10], [33, 38], [33, 6], [42, 30], [19, 15], [10, 47], [17, 24], [12, 9], [41, 3], [48, 22], [1, 24], [47, 14], [36, 33], [7, 1], [36, 41], [35, 7], [28, 18], [29, 23], [31, 10], [12, 49], [28, 6], [44, 33], [25, 2], [23, 9], [45, 40], [45, 34], [29, 7], [47, 45], [17, 31], [27, 12], [0, 18], [21, 34], [23, 27], [25, 16], [33, 0], [3, 29], [36, 25], [41, 34], [43, 20], [25, 4], [43, 21], [27, 5], [24, 48], [7, 3], [22, 14], [41, 5], [32, 17], [22, 8], [46, 41], [40, 33], [10, 38], [23, 22], [2, 34], [45, 21], [37, 37], [37, 10], [25, 8], [23, 18], [46, 27], [29, 8], [42, 45], [22, 34], [31, 4], [49, 28], [39, 25], [30, 3], [21, 15], [22, 48], [9, 14], [43, 30], [2, 12], [2, 38], [44, 24], [18, 7], [4, 26], [34, 36], [10, 32], [14, 18], [38, 5], [16, 0], [43, 40], [36, 38], [39, 0], [35, 3], [19, 4], [25, 26], [36, 8], [14, 1], [29, 34], [22, 2], [43, 29], [27, 9], [48, 49], [21, 36], [7, 40], [42, 18], [25, 9], [13, 44], [9, 43], [16, 24], [20, 16], [29, 21], [43, 23], [44, 49], [42, 29], [26, 8], [45, 6], [12, 4], [31, 39], [45, 28], [26, 4], [40, 1], [32, 24], [19, 9], [22, 5], [10, 35], [10, 17], [33, 25], [32, 2], [41, 22], [15, 43], [21, 32], [13, 26], [26, 6], [42, 40], [28, 9], [49, 31], [24, 8], [42, 47], [18, 32], [45, 43], [43, 25], [11, 27], [42, 3], [30, 7], [29, 26], [4, 7], [35, 48], [18, 1], [35, 11], [19, 11], [36, 9], [45, 23], [13, 43], [24, 25], [27, 3], [22, 47], [35, 14], [33, 34], [36, 12], [45, 27], [28, 24], [6, 40], [19, 5], [21, 9], [33, 9], [49, 38], [38, 38], [49, 33], [24, 2], [42, 43], [21, 43], [32, 3], [2, 19], [30, 37], [5, 16], [0, 38], [45, 20], [9, 40], [28, 29], [11, 0], [36, 24], [14, 49], [20, 3], [30, 12], [7, 30], [37, 11], [30, 6], [29, 13], [27, 14], [31, 40], [39, 12], [44, 48], [22, 9], [33, 35], [37, 6], [27, 8], [15, 4], [28, 26], [23, 47], [17, 29], [40, 13], [45, 32], [25, 1], [48, 44], [20, 35], [0, 28], [47, 30], [23, 42], [42, 35], [6, 3], [35, 47], [20, 10], [30, 2], [34, 3], [9, 5], [24, 17], [0, 7], [31, 2], [24, 10], [38, 49], [43, 35], [18, 36], [20, 20], [11, 31], [39, 6], [43, 31], [40, 4], [24, 7], [34, 28], [20, 2], [40, 18], [11, 44], [15, 15], [32, 16], [29, 9], [43, 26], [35, 8], [47, 44], [24, 36], [29, 4], [12, 11], [35, 37], [6, 35], [26, 3], [21, 47], [21, 21], [39, 38], [12, 5], [48, 27], [17, 1], [32, 22], [37, 8], [28, 10], [25, 14], [16, 45], [33, 4], [30, 5], [8, 13], [39, 33], [6, 8], [5, 35], [43, 22], [12, 8], [4, 39], [40, 17], [41, 31], [26, 20], [11, 40], [17, 22], [47, 32], [26, 7], [49, 49], [23, 41], [15, 8], [44, 41], [38, 48], [41, 30], [31, 7], [21, 12], [29, 12], [45, 14], [30, 23], [23, 8], [19, 13], [13, 48], [3, 25], [23, 20], [40, 5], [34, 7], [18, 37], [19, 20], [37, 3], [30, 17], [47, 18], [47, 27], [12, 1], [42, 34], [26, 13], [41, 37], [4, 5], [45, 30], [36, 5], [47, 48], [19, 40], [23, 26], [41, 26], [5, 38], [39, 19], [3, 11], [35, 6], [15, 42], [20, 0], [10, 2], [20, 31], [24, 33], [45, 33], [43, 2], [23, 13], [37, 2], [35, 33], [17, 7], [45, 24], [36, 3], [34, 11], [6, 39], [42, 37], [39, 32], [10, 1], [42, 16], [7, 2], [44, 42], [38, 35], [17, 41], [48, 39], [44, 32], [38, 8], [49, 46], [16, 43], [20, 47], [18, 21], [24, 22], [25, 6], [43, 36], [31, 13], [17, 14], [12, 25], [47, 12], [24, 6], [1, 7], [42, 22], [3, 10], [4, 35], [44, 13], [34, 10], [44, 43], [30, 1], [31, 17], [30, 10], [30, 4], [11, 47], [13, 31], [25, 20], [30, 16], [19, 6], [6, 1], [16, 16], [8, 38], [38, 24], [26, 9], [44, 30], [28, 4], [48, 43], [22, 35], [29, 18], [35, 18], [23, 7], [37, 35], [46, 35], [22, 7], [36, 45], [38, 34], [49, 18], [14, 46], [13, 30], [19, 47], [32, 5], [9, 24], [46, 9], [23, 10], [18, 14], [28, 30], [28, 13], [21, 28], [6, 2], [35, 49], [15, 2], [7, 11], [47, 17], [28, 8], [24, 14], [44, 26], [38, 9], [49, 48], [24, 41], [27, 34], [0, 24], [20, 32], [18, 22], [46, 40], [30, 14], [35, 28], [31, 9], [21, 48], [44, 14], [21, 8], [45, 4], [39, 36], [35, 5], [39, 5], [31, 5], [47, 35], [36, 37], [9, 0], [26, 15], [6, 25], [40, 14], [21, 2], [25, 39], [24, 21], [23, 4], [28, 3], [43, 44], [40, 35], [13, 47], [46, 26], [36, 6], [48, 47], [15, 34], [21, 1], [30, 21], [0, 12], [37, 40], [4, 12], [4, 34], [48, 15], [34, 17], [19, 8], [16, 6], [9, 25], [30, 9], [34, 30], [14, 31], [15, 23], [38, 20], [38, 6], [18, 12], [32, 10], [7, 7], [43, 42], [43, 24], [42, 46], [30, 19], [24, 46], [13, 3], [39, 2], [48, 34], [7, 33], [46, 18], [47, 23], [33, 7], [47, 47], [19, 38], [19, 2], [45, 13], [11, 46], [19, 28], [25, 13], [29, 22], [32, 27], [13, 4], [32, 7], [35, 9], [0, 39], [33, 3], [4, 0], [0, 13], [48, 46], [19, 16], [22, 43], [48, 9], [36, 31], [26, 1], [40, 31], [41, 4], [32, 4], [15, 1], [28, 23], [33, 24], [17, 3], [24, 39], [15, 31], [46, 21], [17, 10], [45, 25], [41, 9], [45, 49], [25, 32], [0, 26], [46, 6], [48, 33], [41, 0], [16, 1], [23, 38], [35, 20], [43, 48], [36, 28], [17, 5], [36, 44], [29, 11], [16, 12], [23, 5], [27, 16], [17, 36], [20, 29], [44, 27], [37, 0], [13, 33], [11, 9], [18, 19], [37, 30], [4, 19], [45, 37], [6, 12], [5, 34], [46, 13], [29, 3], [21, 5], [45, 35], [39, 8], [43, 45], [17, 37], [13, 49], [38, 37], [46, 30], [38, 2], [19, 12], [10, 39], [12, 22], [26, 0], [11, 26], [32, 6], [23, 16], [16, 5], [33, 32], [32, 8], [48, 38], [29, 2], [34, 9], [32, 33], [29, 14], [22, 4], [44, 17], [23, 46], [26, 5], [39, 26], [31, 3], [42, 44], [11, 32], [25, 21], [9, 34], [36, 40], [24, 15], [48, 35], [35, 10], [47, 43], [24, 37], [33, 12], [36, 4], [9, 10], [24, 1], [4, 6], [39, 45], [34, 27], [34, 12], [29, 36], [22, 11], [25, 10], [0, 31], [38, 13], [33, 11], [22, 45], [16, 47], [13, 28], [45, 22], [48, 41], [38, 36], [12, 7], [49, 30], [44, 35], [18, 9], [29, 31], [43, 9], [39, 24], [40, 3], [47, 31], [38, 1], [42, 49], [18, 43], [3, 27], [21, 14], [5, 11], [11, 5], [28, 16], [21, 44], [21, 19], [24, 43], [37, 14], [33, 14], [37, 33], [40, 11], [39, 40], [23, 3], [1, 18], [28, 40], [2, 8], [1, 37], [40, 20], [8, 9], [9, 26], [41, 19], [29, 10], [22, 16], [40, 34], [34, 5], [35, 30], [15, 41], [16, 22], [45, 26], [28, 2], [45, 48], [22, 36], [48, 37], [18, 45], [41, 40], [6, 11], [45, 45], [32, 18], [11, 1], [36, 46], [41, 33], [4, 30], [34, 4], [41, 10], [42, 25], [26, 14], [23, 17], [25, 19], [31, 0], [39, 3], [33, 33], [17, 39], [19, 19], [15, 5], [20, 5], [10, 44], [24, 3], [5, 17], [5, 32], [41, 21], [39, 31], [37, 17], [49, 29], [37, 5], [49, 45], [21, 31], [9, 8], [39, 39], [18, 13], [35, 34], [9, 3], [30, 13], [12, 35], [20, 24], [36, 11], [36, 14], [40, 25], [49, 37], [24, 9], [27, 33], [9, 33], [22, 46], [23, 11], [18, 3], [36, 32], [40, 2], [27, 18], [23, 0], [23, 6], [39, 42], [40, 29], [9, 2], [37, 47], [48, 31], [40, 6], [47, 49], [23, 33], [23, 32], [12, 33], [37, 19], [33, 31], [3, 31], [27, 19], [16, 7], [10, 12], [33, 30], [4, 15], [3, 33], [47, 24], [35, 2], [32, 11], [10, 48], [18, 2], [37, 4], [42, 17], [23, 23], [23, 1], [46, 39], [10, 10], [47, 38], [15, 36], [14, 26], [38, 11], [12, 30], [44, 25], [5, 0], [46, 5], [22, 15], [46, 34], [23, 2], [40, 49], [16, 37], [37, 22], [27, 1], [17, 48], [41, 17], [16, 4], [36, 26], [40, 7], [40, 8], [29, 24], [5, 40], [33, 13], [16, 40], [20, 23], [46, 46], [38, 33], [35, 1], [24, 12], [8, 8], [27, 29], [15, 9], [32, 1], [40, 15], [19, 10], [4, 2], [37, 45], [35, 39], [11, 48], [42, 31], [11, 33], [48, 23], [39, 9], [49, 44], [15, 37], [46, 19], [15, 35], [16, 30], [26, 17], [21, 0], [33, 8], [39, 4], [39, 13], [46, 37], [28, 14], [33, 27], [33, 39], [24, 4], [19, 7], [39, 10], [11, 36], [44, 18], [26, 11], [20, 7], [18, 42], [34, 33], [8, 11], [20, 36], [16, 29], [10, 11], [43, 27], [4, 13], [0, 34], [48, 17], [28, 22], [43, 34], [38, 4], [45, 46], [13, 39], [40, 37], [46, 38], [35, 0], [28, 11], [16, 2], [6, 32], [31, 24], [32, 14], [42, 28], [38, 31], [33, 20], [17, 47], [22, 10], [16, 41], [18, 24], [27, 23], [28, 19], [28, 1], [39, 11], [17, 6], [5, 2], [41, 43], [37, 15], [18, 4], [10, 27], [30, 15], [45, 19], [43, 37], [33, 40], [38, 12], [46, 25], [38, 10], [42, 48], [22, 38], [10, 5], [17, 35], [18, 20], [14, 43], [46, 22], [29, 6], [31, 31], [5, 15], [7, 29], [19, 3], [27, 4], [40, 36], [41, 6], [31, 6], [44, 31], [32, 34], [13, 7], [39, 14], [25, 3], [39, 49], [43, 38], [48, 13], [30, 26], [28, 7], [10, 31], [20, 21], [15, 48], [34, 8], [8, 30], [31, 20], [47, 33], [27, 6], [45, 44], [16, 31], [21, 16], [37, 39], [21, 4], [33, 2], [35, 29], [21, 11], [46, 16], [40, 9], [40, 39], [12, 10], [43, 43], [25, 0], [25, 37], [24, 20], [37, 28], [10, 25], [8, 2], [5, 9], [44, 39], [1, 10], [3, 36], [49, 23], [19, 49], [20, 6], [46, 10], [22, 17], [49, 35], [26, 12], [23, 19], [49, 25], [37, 7], [40, 44], [25, 40], [12, 0], [31, 14], [27, 24], [1, 28], [38, 19], [16, 33], [15, 26], [42, 39], [37, 32], [20, 9], [22, 23], [37, 12], [30, 0], [11, 8], [24, 44], [26, 2], [42, 13], [15, 6], [47, 19], [41, 32], [35, 35], [0, 32], [31, 1], [39, 28], [19, 37], [21, 26], [10, 19], [44, 2], [48, 25], [33, 10], [45, 47], [23, 39], [39, 37], [15, 11], [17, 9], [35, 12], [42, 33], [10, 40], [17, 8], [34, 35], [24, 19], [36, 1], [6, 7], [44, 45], [25, 31], [5, 33], [42, 14], [43, 13], [33, 1], [19, 0], [21, 37], [21, 29], [20, 11], [40, 30], [39, 1], [36, 34], [38, 22], [37, 41], [38, 32], [34, 22], [19, 45], [1, 40], [48, 26], [38, 3], [41, 49], [22, 41], [20, 4], [32, 13], [22, 12], [32, 19], [34, 6], [13, 5], [17, 42], [22, 20], [10, 13], [37, 29], [2, 13], [1, 35], [48, 24], [22, 3], [27, 22], [47, 29], [23, 14], [32, 0], [14, 9], [5, 25], [36, 18], [38, 47], [28, 0], [11, 41], [33, 26], [38, 39], [30, 25], [9, 36], [21, 23], [32, 12], [48, 28], [27, 2], [48, 48], [25, 34], [18, 8], [22, 0], [38, 7], [27, 7], [25, 12], [10, 9], [37, 48], [4, 24], [49, 16], [28, 32], [30, 20], [39, 41], [37, 31], [34, 24], [19, 44], [35, 4], [8, 0], [38, 0], [23, 35], [13, 34], [0, 11], [17, 12], [47, 37], [22, 18], [1, 38], [47, 21], [37, 36], [31, 37], [34, 21], [47, 28], [33, 5], [43, 49], [25, 43], [10, 0], [35, 13], [17, 4], [36, 2], [10, 8], [44, 23], [33, 22], [37, 49], [17, 45], [9, 35], [25, 27], [16, 8], [13, 32], [32, 36], [23, 29], [40, 10], [14, 0], [23, 12], [31, 15], [2, 16], [0, 45], [19, 23], [6, 13], [29, 48], [34, 49], [15, 0], [2, 41], [27, 41], [13, 29], [46, 2], [15, 33], [0, 0], [25, 35], [48, 20], [47, 16], [19, 43], [38, 16], [2, 33], [20, 37], [8, 35], [22, 44], [22, 26], [27, 36], [46, 7], [2, 42], [1, 45], [6, 36], [39, 35], [6, 44], [41, 47], [41, 48], [33, 23], [5, 3], [3, 38], [29, 33], [7, 8], [24, 27], [5, 21], [34, 37], [16, 14], [49, 39], [48, 42], [4, 8], [31, 27], [23, 21], [1, 44], [10, 49], [28, 37], [7, 37], [20, 26], [20, 48], [0, 35], [1, 36], [39, 23], [11, 49], [15, 13], [14, 4], [1, 46], [31, 41], [12, 46], [0, 6], [4, 17], [42, 5], [8, 24], [15, 24], [26, 43], [37, 23], [3, 2], [17, 17], [6, 28], [38, 26], [0, 43], [2, 0], [28, 46], [14, 25], [7, 27], [12, 26], [7, 23], [40, 40], [5, 45], [21, 24], [33, 49], [5, 28], [3, 23], [19, 17], [46, 29], [45, 15], [3, 22], [20, 49], [4, 38], [6, 34], [39, 29], [46, 0], [30, 38], [18, 31], [27, 30], [0, 33], [49, 19], [1, 4], [29, 17], [48, 10], [18, 18], [24, 45], [4, 45], [0, 17], [23, 40], [41, 7], [49, 15], [11, 17], [22, 27], [7, 42], [1, 22], [6, 27], [17, 20], [44, 3], [48, 5], [2, 35], [7, 26], [5, 48], [9, 39], [47, 9], [17, 23], [1, 25], [11, 25], [18, 44], [6, 31], [29, 16], [2, 30], [6, 33], [21, 17], [28, 31], [36, 10], [37, 26], [16, 49], [16, 36], [6, 16], [36, 30], [40, 43], [31, 45], [8, 1], [14, 10], [32, 37], [10, 24], [34, 48], [25, 38], [2, 10], [31, 16], [48, 2], [12, 27], [25, 36], [18, 23], [42, 20], [4, 9], [45, 10], [8, 43], [12, 29], [6, 43], [24, 49], [37, 34], [12, 40], [49, 40], [5, 10], [6, 42], [45, 9], [8, 49], [41, 28], [7, 13], [4, 47], [36, 36], [33, 47], [1, 49], [39, 43], [18, 26], [40, 22], [18, 25], [20, 25], [5, 1], [5, 49], [7, 34], [48, 7], [7, 44], [27, 21], [45, 18], [14, 34], [1, 39], [21, 22], [11, 18], [33, 29], [28, 20], [2, 4], [45, 0], [28, 39], [18, 5], [46, 17], [40, 46], [46, 47], [25, 29], [49, 22], [37, 42], [19, 22], [14, 47], [8, 26], [30, 44], [9, 49], [48, 3], [48, 18], [13, 6], [41, 18], [7, 48], [0, 3], [32, 26], [20, 1], [34, 47], [1, 17], [27, 49], [2, 28], [29, 35], [32, 23], [11, 15], [17, 21], [6, 47], [9, 46], [39, 27], [2, 11], [28, 35], [2, 18], [49, 9], [46, 32], [2, 23], [5, 31], [7, 10], [45, 11], [31, 47], [18, 41], [15, 20], [48, 0], [5, 22], [41, 38], [45, 42], [0, 46], [48, 1], [31, 44], [1, 9], [17, 46], [21, 42], [1, 12], [22, 42], [19, 48], [19, 29], [0, 10], [35, 21], [48, 19], [15, 32], [47, 46], [3, 26], [6, 49], [3, 14], [42, 15], [34, 34], [19, 1], [5, 26], [42, 24], [31, 18], [34, 41], [14, 44], [3, 43], [33, 37], [32, 38], [5, 44], [35, 25], [11, 35], [46, 49], [3, 40], [49, 34], [26, 24], [46, 36], [15, 19], [0, 25], [3, 19], [38, 45], [6, 20], [13, 17], [11, 7], [48, 32], [29, 40], [6, 24], [4, 29], [44, 4], [20, 8], [8, 33], [16, 28], [47, 11], [38, 25], [9, 30], [49, 3], [28, 49], [2, 6], [1, 32], [13, 18], [15, 14], [23, 24], [4, 27], [19, 24], [17, 19], [2, 40], [23, 43], [49, 7], [38, 23], [19, 35], [11, 14], [22, 39], [16, 20], [44, 9], [3, 21], [27, 44], [23, 25], [48, 6], [30, 42], [36, 47], [9, 21], [27, 15], [31, 21], [41, 24], [48, 8], [7, 49], [8, 27], [25, 18], [45, 1], [23, 48], [8, 10], [3, 20], [3, 7], [24, 18], [14, 24], [37, 43], [15, 27], [13, 12], [49, 2], [18, 27], [4, 43], [16, 17], [17, 13], [43, 11], [23, 49], [16, 23], [26, 46], [34, 43], [5, 36], [7, 0], [24, 35], [0, 23], [26, 47], [2, 9], [32, 29], [7, 20], [1, 43], [11, 4], [33, 18], [37, 25], [31, 34], [8, 45], [11, 34], [37, 46], [11, 12], [12, 28], [23, 36], [25, 25], [8, 21], [31, 38], [9, 31], [28, 47], [41, 2], [47, 7], [47, 0], [33, 19], [42, 6], [4, 36], [41, 25], [34, 42], [27, 42], [46, 15], [31, 33], [1, 48], [18, 11], [23, 37], [34, 32], [36, 43], [47, 34], [2, 48], [16, 10], [8, 29], [10, 33], [18, 46], [32, 49], [48, 30], [35, 38], [38, 30], [27, 45], [14, 45], [27, 35], [30, 28], [21, 7], [1, 41], [0, 49], [13, 45], [2, 36], [29, 47], [26, 42], [8, 48], [18, 15], [15, 30], [21, 20], [47, 4], [19, 30], [1, 0], [44, 7], [32, 41], [4, 14], [3, 9], [0, 1], [11, 13], [26, 35], [6, 46], [2, 22], [49, 42], [34, 25], [4, 32], [41, 41], [14, 19], [3, 13], [46, 11], [18, 47], [28, 42], [17, 16], [21, 41], [16, 35], [20, 43], [28, 41], [3, 48], [42, 9], [4, 48], [17, 11], [49, 10], [49, 13], [21, 49], [31, 49], [49, 17], [6, 26], [49, 21], [4, 49], [24, 24], [37, 13], [36, 16], [13, 13], [46, 8], [13, 37], [31, 22], [45, 8], [33, 41], [5, 8], [45, 5], [49, 5], [14, 28], [30, 46], [4, 1], [35, 41], [44, 22], [11, 30], [0, 37], [9, 27], [49, 6], [11, 28], [31, 36], [30, 34], [26, 27], [0, 48], [11, 24], [19, 18], [30, 27], [25, 23], [13, 46], [25, 46], [45, 38], [0, 9], [5, 41], [35, 16], [38, 17], [27, 43], [2, 3], [14, 7], [15, 25], [19, 21], [14, 12], [7, 32], [34, 46], [22, 24], [9, 4], [42, 42], [42, 32], [32, 35], [46, 14], [1, 16], [30, 35], [7, 31], [13, 24], [27, 25], [12, 24], [3, 1], [25, 11], [24, 23], [1, 23], [0, 16], [1, 3], [29, 19], [32, 46], [33, 36], [14, 20], [34, 31], [5, 47], [39, 21], [9, 44], [12, 42], [2, 32], [4, 3], [12, 44], [16, 27], [10, 45], [44, 36], [25, 44], [8, 20], [3, 47], [7, 38], [12, 48], [29, 43], [44, 40], [32, 43], [18, 10], [45, 31], [44, 1], [44, 15], [7, 39], [5, 23], [26, 37], [47, 22], [7, 18], [44, 20], [2, 49], [3, 4], [25, 30], [32, 28], [4, 4], [47, 20], [13, 41], [26, 21], [25, 15], [34, 13], [13, 9], [2, 2], [0, 42], [1, 6], [3, 44], [15, 7], [44, 46], [9, 19], [29, 42], [1, 21], [8, 12], [23, 45], [6, 41], [47, 3], [26, 18], [47, 42], [5, 37], [49, 26], [21, 35], [45, 39], [2, 27], [14, 5], [22, 1], [10, 29], [37, 24], [48, 36], [2, 39], [49, 12], [46, 31], [6, 9], [6, 5], [14, 32], [34, 18], [15, 28], [22, 25], [44, 16], [33, 42], [43, 17], [20, 41], [32, 44], [8, 42], [40, 32], [8, 46], [2, 20], [49, 4], [30, 48], [27, 47], [40, 42], [36, 7], [43, 12], [43, 6], [16, 15], [1, 47], [13, 8], [24, 47], [15, 44], [35, 45], [13, 2], [46, 42], [7, 12], [0, 5], [1, 15], [29, 44], [33, 43], [4, 40], [46, 24], [3, 34], [0, 21], [12, 32], [28, 21], [40, 19], [6, 14], [35, 15], [40, 21], [8, 31], [20, 17], [25, 17], [18, 40], [0, 40], [27, 38], [49, 8], [14, 14], [45, 41], [3, 24], [30, 45], [46, 43], [24, 26], [2, 45], [15, 47], [18, 17], [38, 42], [43, 14], [19, 14], [27, 28], [45, 2], [38, 18], [5, 46], [10, 22], [33, 44], [3, 39], [16, 21], [1, 8], [18, 29], [45, 7], [42, 10], [1, 19], [29, 46], [15, 21], [4, 16], [26, 34], [14, 2], [26, 39], [10, 20], [22, 19], [31, 35], [46, 45], [29, 49], [30, 36], [21, 27], [3, 45], [31, 32], [0, 29], [40, 0], [5, 27], [9, 13], [20, 40], [48, 40], [5, 5], [12, 36], [3, 30], [22, 37], [19, 27], [16, 26], [33, 48], [46, 12], [24, 29], [10, 15], [29, 30], [20, 45], [17, 30], [35, 40]], "targets": [[4, 4], [28, 25], [37, 45], [7, 20], [37, 24], [44, 19], [6, 14], [40, 27], [40, 13], [3, 47], [48, 46], [21, 42], [17, 10], [49, 44], [13, 35], [40, 39], [33, 29], [26, 1], [14, 41], [13, 3], [39, 43], [13, 6], [9, 22], [25, 28], [17, 42], [21, 0], [29, 20], [35, 20], [18, 42], [29, 3], [34, 29], [32, 24], [12, 11], [26, 37], [8, 4], [9, 6], [5, 4], [31, 27], [37, 40], [18, 34], [9, 38], [11, 13], [35, 15], [33, 27], [7, 15], [21, 33], [22, 0], [30, 25], [11, 6], [12, 15], [31, 41], [3, 22], [15, 41], [14, 3], [3, 4], [44, 46], [6, 3], [27, 22], [36, 29], [15, 43], [36, 18], [46, 22], [46, 42], [25, 29], [23, 34], [12, 5], [26, 46], [15, 44], [6, 7], [7, 14], [33, 25], [34, 22], [12, 17], [25, 20], [2, 5], [11, 18], [41, 16], [30, 26], [30, 1], [26, 15], [10, 4], [30, 29], [14, 8], [23, 46], [6, 18], [13, 38], [31, 19], [41, 48], [24, 24], [9, 12], [8, 19], [49, 45], [15, 45], [20, 33], [3, 17], [8, 7], [25, 22], [23, 2], [34, 24], [24, 39], [11, 43], [14, 10], [40, 28], [42, 21], [8, 6], [24, 3], [10, 43], [27, 24], [45, 46], [12, 38], [6, 15], [29, 28], [26, 29], [27, 4], [26, 21], [22, 5], [20, 15], [31, 43], [8, 15], [10, 41], [11, 3], [4, 39], [19, 5], [5, 19], [32, 18], [29, 26], [6, 4], [16, 35], [41, 38], [29, 22], [45, 45], [20, 39], [15, 11], [36, 46], [27, 21], [10, 8], [37, 12], [8, 1], [8, 12], [42, 12], [32, 20], [46, 35], [14, 18], [23, 0], [13, 41], [31, 18], [11, 42], [11, 7], [33, 18], [15, 14], [12, 9], [37, 42], [4, 14], [12, 36], [24, 27], [43, 24], [43, 40], [20, 37], [6, 6], [28, 27], [11, 2], [0, 7], [44, 39], [34, 25], [11, 9], [25, 27], [28, 43], [4, 38], [13, 21], [40, 23], [16, 37], [8, 0], [25, 3], [3, 18], [30, 19], [44, 47], [11, 34], [9, 5], [32, 22], [13, 12], [32, 17], [26, 4], [35, 27], [16, 5], [39, 49], [9, 17], [9, 41], [29, 25], [11, 37], [15, 10], [36, 14], [42, 32], [10, 44], [42, 23], [11, 17], [21, 4], [7, 48], [36, 26], [26, 2], [3, 6], [44, 45], [48, 44], [21, 37], [36, 44], [1, 15], [38, 12], [16, 18], [21, 31], [31, 25], [32, 5], [19, 2], [30, 18], [25, 2], [5, 5], [39, 27], [13, 4], [34, 47], [1, 17], [12, 42], [7, 6], [35, 28], [26, 34], [12, 43], [42, 41], [18, 39], [42, 27], [16, 8], [24, 22], [10, 23], [35, 25], [10, 2], [34, 27], [7, 19], [7, 13], [22, 44], [27, 40], [27, 28], [48, 39], [36, 28], [30, 5], [5, 7], [46, 26], [12, 10], [28, 22], [31, 11], [9, 39], [37, 41], [21, 30], [9, 3], [5, 16], [23, 33], [12, 3], [21, 40], [4, 21], [17, 39], [12, 19], [23, 30], [10, 11], [22, 17], [38, 23], [16, 11], [10, 13], [41, 13], [10, 5], [34, 26], [42, 34], [25, 40], [14, 19], [40, 43], [19, 36], [26, 0], [2, 46], [23, 19], [44, 37], [34, 18], [10, 42], [12, 13], [1, 8], [11, 11], [43, 23], [18, 33], [6, 17], [35, 17], [17, 13], [23, 42], [4, 13], [16, 45], [28, 24], [47, 23], [15, 18], [22, 1], [9, 42], [30, 30], [43, 46], [13, 32], [9, 16], [6, 5], [5, 44], [19, 0], [18, 35], [0, 11], [30, 27], [36, 48], [19, 3], [29, 19], [16, 9], [36, 24], [10, 14], [42, 28], [49, 42], [33, 28], [27, 23], [9, 4], [17, 6], [34, 43], [20, 36], [35, 23], [12, 6], [23, 40], [2, 22], [7, 38], [3, 5], [15, 40], [3, 39], [17, 19], [13, 13], [44, 21], [30, 21], [33, 24], [26, 26], [13, 9], [9, 11], [48, 22], [28, 1], [27, 43], [16, 16], [32, 21], [42, 40], [23, 37], [11, 0], [23, 28], [8, 17], [24, 25], [23, 25], [42, 45], [21, 3], [31, 22], [14, 36], [32, 29], [15, 6], [41, 26], [12, 7], [25, 42], [7, 17], [13, 44], [34, 12], [12, 22], [16, 3], [10, 6], [32, 27], [47, 43], [14, 23], [10, 18], [24, 2], [15, 37], [27, 0], [15, 7], [37, 15], [38, 42], [40, 20], [14, 43], [34, 15], [20, 32], [43, 26], [13, 14], [18, 2], [8, 43], [33, 26], [15, 9], [10, 9], [18, 28], [42, 48], [16, 12], [39, 40], [17, 36], [12, 4], [32, 45], [8, 20], [15, 36], [9, 23], [39, 15], [11, 20], [35, 21], [29, 37], [33, 21], [44, 26], [23, 27], [16, 19], [11, 10], [31, 0], [8, 39], [11, 8], [13, 2], [34, 40], [34, 19], [44, 48], [17, 33], [28, 19], [27, 27], [36, 20], [10, 37], [13, 5], [10, 19], [37, 25], [9, 13], [9, 14], [13, 11], [36, 43], [1, 18], [12, 40], [16, 4], [46, 46], [10, 10], [26, 22], [42, 20], [30, 23], [9, 36], [31, 1], [17, 4], [45, 47], [25, 26], [9, 2], [37, 11], [38, 25], [31, 38], [8, 11], [39, 22], [25, 30], [25, 23], [34, 16], [3, 11], [9, 10], [35, 19], [24, 0], [22, 19], [9, 18], [39, 12], [3, 3], [8, 38], [21, 38], [13, 7], [29, 47], [6, 20], [14, 38], [41, 44], [19, 39], [12, 8], [17, 30], [48, 37], [36, 19], [32, 2], [5, 6], [31, 13], [18, 7], [48, 28], [9, 15], [22, 2], [13, 43], [29, 31], [22, 40], [13, 10], [32, 32], [12, 12], [24, 23], [27, 16], [12, 39], [43, 42], [16, 39], [45, 26], [23, 3], [9, 21], [31, 30], [11, 4], [14, 7], [19, 30], [15, 3], [30, 45], [5, 17], [14, 37], [21, 17], [12, 2], [20, 1], [41, 46], [15, 38], [11, 5], [5, 20], [34, 17], [33, 20], [42, 47], [17, 38], [11, 38], [21, 32], [9, 8], [37, 14], [32, 40], [44, 27], [5, 15], [33, 13], [17, 7], [7, 16], [40, 22], [27, 1], [49, 26], [22, 27], [24, 30], [44, 24], [19, 6], [33, 46], [0, 22], [13, 39], [14, 9], [7, 3], [49, 43], [20, 29], [3, 19], [28, 0], [15, 4], [30, 33], [13, 37], [23, 32], [25, 4], [29, 27], [47, 46], [32, 26], [39, 46], [24, 16], [14, 44], [9, 20], [2, 16], [18, 5], [11, 1], [30, 15], [10, 0], [38, 41], [9, 24], [44, 25], [28, 21], [11, 15], [30, 22], [5, 45], [17, 8], [37, 39], [0, 16], [13, 40], [21, 1], [26, 19], [45, 23], [0, 3], [22, 3], [6, 49], [30, 31], [15, 8], [39, 25], [16, 6], [4, 2], [22, 32], [47, 41], [39, 42], [25, 33], [21, 21], [27, 39], [41, 23], [33, 22], [2, 15], [37, 18], [15, 5], [4, 20], [7, 12], [14, 39], [19, 1], [34, 28], [10, 40], [6, 0], [24, 29], [17, 5], [30, 41], [8, 14], [13, 42], [18, 1], [25, 21], [47, 42], [23, 36], [32, 33], [16, 10], [14, 12], [21, 5], [25, 32], [36, 23], [7, 4], [26, 20], [8, 23], [43, 27], [5, 18], [35, 29], [8, 40], [19, 42], [41, 43], [28, 47], [27, 20], [29, 23], [28, 29], [16, 0], [10, 1], [11, 14], [37, 28], [36, 42], [10, 39], [25, 24], [31, 2], [18, 15], [26, 41], [6, 16], [7, 40], [4, 6], [23, 18], [14, 46], [26, 33], [12, 1], [12, 41], [18, 3], [12, 20], [2, 6], [9, 19], [41, 15], [24, 20], [36, 25], [27, 46], [28, 14], [47, 40], [19, 37], [48, 43], [27, 19], [10, 7], [9, 1], [40, 24], [6, 13], [45, 21], [16, 15], [18, 0], [13, 45], [23, 31], [29, 18], [29, 1], [20, 8], [22, 42], [7, 22], [16, 43], [10, 47], [17, 9], [27, 26], [25, 36], [33, 31], [41, 49], [24, 32], [17, 11], [7, 5], [24, 28], [5, 3], [3, 13], [13, 18], [35, 18], [22, 36], [25, 47], [24, 35], [48, 41], [26, 17], [16, 7], [35, 26], [14, 40], [31, 32], [21, 7], [30, 8], [3, 20], [44, 41], [18, 38], [5, 8], [14, 6], [44, 34], [19, 14], [22, 38], [2, 21], [17, 41], [26, 28], [32, 13], [43, 21], [26, 5], [13, 17], [39, 17], [7, 8], [33, 16], [15, 13], [31, 26], [24, 41], [0, 2], [35, 16], [22, 31], [2, 41], [39, 41], [19, 35], [27, 25], [11, 19], [36, 27], [9, 7], [19, 41], [47, 44], [24, 4], [9, 9], [22, 29], [10, 3], [34, 21], [18, 9], [35, 47], [7, 18], [9, 37], [6, 8], [32, 28], [0, 14], [19, 9], [41, 28], [43, 47], [14, 33], [11, 44], [33, 17], [31, 15], [4, 7], [32, 25], [4, 18], [32, 46], [45, 17], [11, 16], [21, 2], [7, 46], [26, 31], [19, 4], [9, 0], [23, 21], [32, 0], [38, 26], [43, 37], [32, 23], [4, 5], [40, 44], [25, 31], [15, 15], [27, 48], [4, 17], [15, 39], [21, 41], [14, 42], [14, 4], [10, 17], [36, 13], [30, 24], [23, 1], [17, 14], [31, 17], [4, 3], [36, 15], [22, 28], [31, 20], [28, 32], [20, 2], [43, 33], [27, 47], [18, 29], [10, 16], [45, 43], [20, 34], [18, 8], [20, 0], [8, 42], [26, 25], [42, 24], [8, 3], [28, 28], [43, 44], [8, 5], [15, 12], [28, 48], [6, 22], [8, 36], [1, 14], [14, 15], [28, 20], [12, 18], [19, 8], [24, 21], [49, 41], [24, 31], [20, 31], [25, 18], [35, 24], [10, 38], [21, 39], [14, 2], [1, 7], [11, 49], [31, 5], [23, 4], [13, 16], [22, 21], [38, 24], [43, 18], [17, 34], [11, 23], [28, 23], [10, 12], [38, 22], [13, 8], [31, 44], [5, 13], [9, 40], [35, 43], [21, 35], [20, 3], [44, 44], [2, 3], [36, 17], [15, 2], [41, 22], [13, 20], [25, 0], [14, 47], [34, 20], [23, 35], [30, 16], [2, 44], [37, 19], [33, 44], [33, 12], [18, 6], [31, 6], [12, 37], [15, 0], [15, 17], [34, 46], [23, 39], [30, 32], [2, 8], [2, 4], [11, 22], [27, 17], [37, 26], [20, 6], [25, 41], [0, 13], [16, 44], [14, 13], [40, 19], [5, 48], [37, 34], [15, 1], [44, 43], [33, 19], [30, 20], [15, 20], [8, 2], [17, 29], [44, 40], [16, 38], [4, 16], [29, 21], [24, 42], [20, 5], [47, 26], [22, 4], [17, 0], [26, 27], [29, 14], [28, 34], [1, 16], [43, 15], [2, 11], [15, 42], [22, 41], [1, 4], [18, 14], [23, 41], [8, 21], [15, 48], [28, 26], [49, 40], [25, 39], [5, 2], [17, 3], [31, 29], [31, 24], [27, 18], [7, 21], [41, 25], [49, 46], [14, 17], [28, 31], [31, 4], [23, 38], [7, 7], [21, 18], [22, 34], [14, 11], [7, 41], [18, 4], [13, 15], [40, 46], [16, 31], [45, 27], [14, 14], [24, 1], [13, 49], [23, 29], [19, 17], [21, 13], [36, 40], [6, 19], [11, 40], [11, 12], [26, 23], [16, 32], [30, 28], [25, 5], [8, 8], [14, 5], [35, 22], [22, 48], [41, 45], [20, 19], [12, 46], [27, 5], [47, 45], [9, 34], [4, 15], [39, 24], [29, 48], [29, 32], [25, 1], [13, 19], [45, 22], [8, 10], [42, 25], [2, 7], [33, 11], [24, 26], [4, 22], [7, 2], [16, 34], [18, 13], [23, 44], [4, 19], [7, 39], [14, 1], [38, 43], [15, 35], [11, 39], [37, 21], [26, 24], [17, 2], [43, 28], [1, 11], [27, 2], [33, 32], [44, 42], [24, 34], [31, 40], [20, 38], [3, 16], [12, 23], [32, 15], [20, 4], [13, 22], [33, 23], [29, 29], [13, 0], [42, 33], [36, 45], [17, 28], [11, 36], [34, 23], [8, 9], [28, 15], [16, 13], [33, 43], [1, 21], [17, 40], [32, 30], [8, 16], [24, 5], [32, 14], [17, 12], [30, 0], [37, 29], [24, 37], [10, 20], [0, 25], [42, 15], [23, 43], [41, 41], [18, 36], [41, 37], [3, 8], [13, 1], [49, 25], [12, 16], [26, 3], [10, 45], [31, 33], [12, 44], [31, 31], [28, 18], [18, 11], [20, 42], [19, 33], [38, 27], [20, 14], [35, 46], [5, 22], [17, 47], [16, 1], [33, 14], [8, 18], [3, 2], [32, 16], [37, 46], [24, 36], [16, 17], [26, 18], [28, 7], [7, 0], [21, 36], [29, 33], [2, 17], [3, 46], [24, 38], [33, 30], [27, 3], [22, 20], [42, 38], [10, 15], [7, 1], [17, 35], [8, 13], [38, 49], [22, 26], [46, 17], [31, 14], [17, 15], [25, 48], [1, 12], [18, 46], [13, 23], [39, 18], [19, 7], [25, 19], [17, 43], [6, 48], [30, 4], [2, 14], [39, 26], [26, 30], [11, 21], [39, 13], [5, 12], [4, 0], [23, 23], [36, 22], [21, 45], [20, 9], [37, 43], [18, 31], [41, 24], [45, 49], [19, 28], [1, 13], [32, 12], [15, 22], [31, 21], [20, 7], [5, 49], [1, 3], [21, 15], [38, 39], [1, 22], [18, 37], [18, 10], [30, 14], [28, 5], [37, 17], [25, 25], [12, 21], [40, 49], [10, 36], [47, 24], [0, 15], [28, 3], [7, 42], [31, 28], [43, 19], [16, 2], [19, 38], [40, 26], [32, 43], [17, 1], [3, 7], [24, 17], [14, 22], [17, 27], [7, 36], [45, 41], [16, 14], [4, 8], [47, 47], [13, 34], [26, 16], [19, 15], [38, 40], [5, 21], [11, 45], [44, 23], [23, 5], [30, 13], [29, 5], [16, 33], [3, 15], [41, 12], [0, 6], [27, 31], [12, 14], [19, 29], [14, 21], [32, 19], [19, 13], [4, 40], [23, 45], [14, 0], [16, 29], [35, 40], [16, 36], [43, 20], [41, 19], [22, 37], [42, 26], [0, 4], [22, 15], [43, 39], [14, 20], [7, 9], [20, 13], [30, 48], [6, 21], [18, 40], [12, 0], [25, 16], [31, 7], [29, 30], [2, 18], [27, 32], [37, 16], [15, 23], [13, 46], [48, 45], [13, 36], [44, 20], [0, 8], [15, 19], [20, 12], [27, 38], [19, 10], [18, 32], [21, 27], [19, 44], [15, 33], [41, 9], [41, 14], [46, 6], [40, 1], [32, 8], [29, 46], [20, 28], [26, 45], [43, 16], [49, 33], [16, 40], [35, 13], [26, 44], [42, 44], [45, 42], [14, 34], [41, 7], [36, 16], [16, 42], [47, 29], [43, 29], [22, 30], [25, 17], [25, 37], [27, 45], [20, 43], [28, 40], [39, 47], [16, 41], [24, 46], [42, 7], [39, 0], [9, 35], [6, 34], [42, 46], [38, 16], [39, 6], [10, 34], [37, 0], [29, 2], [38, 44], [41, 27], [19, 34], [36, 41], [42, 22], [40, 6], [44, 1], [0, 21], [24, 19], [42, 9], [15, 46], [17, 31], [39, 14], [40, 12], [11, 41], [28, 2], [38, 13], [17, 32], [42, 8], [44, 17], [40, 42], [20, 35], [19, 46], [34, 30], [38, 30], [5, 42], [7, 43], [40, 45], [33, 5], [34, 45], [41, 40], [17, 37], [38, 46], [11, 24], [14, 45], [42, 14], [45, 28], [17, 45], [40, 11], [27, 36], [34, 13], [37, 3], [21, 34], [10, 21], [46, 24], [7, 44], [43, 31], [2, 47], [41, 3], [48, 21], [35, 0], [3, 42], [15, 16], [4, 41], [48, 20], [0, 27], [43, 25], [45, 16], [47, 1], [45, 4], [38, 10], [39, 1], [37, 44], [14, 48], [40, 7], [46, 25], [36, 47], [39, 21], [31, 34], [41, 5], [37, 35], [40, 38], [35, 12], [22, 39], [39, 8], [2, 38], [22, 33], [49, 39], [45, 6], [48, 26], [39, 33], [38, 0], [10, 33], [28, 46], [48, 42], [35, 11], [28, 45], [44, 8], [0, 24], [45, 8], [26, 40], [21, 14], [32, 7], [10, 22], [43, 22], [46, 43], [11, 35], [39, 44], [36, 9], [8, 22], [43, 13], [46, 36], [23, 16], [28, 30], [43, 1], [7, 23], [4, 44], [33, 3], [41, 47], [0, 17], [22, 47], [26, 39], [42, 18], [15, 32], [38, 19], [41, 0], [27, 37], [19, 32], [33, 7], [40, 2], [37, 7], [3, 21], [39, 5], [43, 48], [5, 41], [34, 0], [3, 14], [18, 47], [35, 41], [21, 19], [19, 43], [15, 21], [10, 24], [26, 48], [39, 10], [14, 35], [34, 6], [48, 38], [39, 28], [46, 21], [37, 2], [42, 43], [31, 47], [10, 35], [42, 1], [21, 28], [40, 0], [29, 34], [5, 28], [22, 43], [38, 29], [43, 7], [44, 15], [49, 21], [41, 2], [47, 7], [34, 44], [12, 35], [39, 29], [41, 18], [39, 2], [7, 33], [10, 46], [13, 33], [31, 3], [38, 28], [29, 39], [42, 16], [40, 40], [40, 10], [3, 38], [35, 4], [19, 48], [46, 40], [20, 16], [29, 7], [20, 30], [48, 33], [8, 37], [49, 23], [33, 1], [38, 20], [42, 6], [11, 29], [47, 36], [2, 40], [38, 38], [37, 47], [19, 40], [28, 38], [47, 16], [38, 45], [30, 6], [27, 29], [40, 14], [41, 10], [28, 44], [42, 35], [0, 23], [37, 49], [40, 16], [5, 38], [32, 1], [44, 16], [43, 5], [17, 44], [33, 15], [36, 21], [42, 42], [11, 33], [21, 20], [19, 27], [3, 43], [33, 8], [12, 24], [35, 48], [38, 4], [37, 20], [40, 41], [44, 38], [15, 31], [38, 11], [25, 45], [19, 16], [24, 33], [43, 17], [38, 18], [20, 41], [5, 37], [11, 47], [41, 6], [24, 47], [4, 28], [32, 11], [15, 30], [13, 24], [27, 15], [19, 31], [18, 43], [12, 45], [30, 47], [0, 20], [15, 49], [39, 23], [29, 0], [20, 40], [46, 7], [33, 2], [27, 44], [18, 49], [28, 41], [49, 36], [47, 22], [35, 5], [33, 4], [32, 4], [3, 40], [3, 44], [6, 23], [29, 24], [47, 21], [35, 45], [45, 9], [2, 43], [5, 23], [45, 18], [39, 3], [44, 3], [30, 3], [4, 42], [33, 47], [25, 46], [36, 0], [44, 0], [46, 41], [35, 42], [5, 14], [38, 15], [41, 17], [39, 38], [3, 45], [49, 19], [20, 46], [1, 44], [21, 16], [31, 16], [32, 49], [31, 23], [27, 30], [39, 20], [45, 48], [43, 4], [7, 47], [46, 1], [27, 35], [33, 42], [28, 6], [7, 37], [8, 44], [40, 47], [8, 47], [18, 41], [40, 5], [36, 8], [1, 43], [40, 25], [45, 35], [38, 3], [37, 1], [29, 16], [40, 9], [43, 8], [46, 3], [43, 2], [28, 39], [28, 17], [34, 42], [28, 42], [39, 39], [41, 11], [8, 32], [18, 30], [29, 49], [25, 44], [3, 41], [37, 27], [31, 42], [39, 45], [5, 39], [39, 7], [38, 17], [20, 49], [36, 10], [19, 45], [9, 30], [36, 3], [36, 4], [45, 3], [45, 19], [40, 33], [16, 47], [16, 46], [37, 22], [49, 18], [48, 24], [46, 18], [27, 42], [22, 16], [26, 36], [5, 40], [4, 45], [8, 41], [45, 36], [28, 33], [34, 5], [48, 47], [5, 29], [2, 48], [36, 1], [42, 19], [38, 8], [40, 15], [14, 29], [8, 34], [45, 44], [4, 46], [32, 31], [40, 48], [16, 20], [36, 5], [2, 42], [48, 6], [42, 37], [35, 8], [8, 33], [27, 41], [18, 45], [37, 8], [30, 2], [33, 6], [45, 25], [7, 24], [23, 20], [24, 45], [49, 24], [22, 25], [36, 30], [5, 27], [47, 25], [42, 17], [25, 49], [24, 48], [36, 7], [23, 15], [5, 43], [36, 12], [2, 39], [40, 17], [9, 49], [45, 5], [26, 38], [26, 43], [47, 5], [43, 38], [43, 35], [35, 1], [31, 10], [47, 19], [34, 4], [46, 5], [16, 48], [47, 18], [48, 7], [35, 2], [28, 4], [34, 7], [12, 33], [9, 43], [30, 43], [25, 34], [40, 37], [31, 12], [49, 20], [20, 45], [43, 14], [29, 43], [38, 1], [42, 13], [48, 19], [4, 23], [49, 8], [35, 7], [37, 48], [43, 36], [41, 42], [5, 35], [47, 4], [43, 45], [22, 45], [0, 18], [1, 19], [21, 29], [25, 38], [42, 10], [38, 9], [34, 1], [29, 40], [42, 11], [20, 18], [42, 5], [44, 49], [28, 37], [37, 10], [49, 34], [30, 37], [21, 49], [20, 27], [43, 49], [35, 6], [42, 29], [23, 47], [23, 26], [41, 21], [42, 4], [49, 35], [29, 13], [37, 4], [42, 0], [23, 48], [14, 16], [4, 48], [46, 37], [25, 35], [37, 13], [8, 24], [47, 39], [24, 44], [40, 21], [35, 30], [49, 2], [47, 38], [45, 40], [34, 11], [39, 48], [48, 35], [32, 10], [17, 18], [23, 49], [7, 49], [1, 41], [1, 48], [0, 19], [17, 46], [38, 5], [44, 18], [45, 0], [36, 2], [33, 33], [30, 17], [20, 48], [29, 4], [20, 17], [47, 6], [5, 36], [32, 42], [32, 3], [41, 1], [22, 18], [42, 39], [8, 35], [9, 33], [39, 11], [45, 38], [49, 3], [15, 28], [38, 47], [32, 34], [32, 44], [2, 49], [10, 28], [29, 38], [15, 34], [42, 2], [48, 25], [38, 7], [22, 46], [42, 3], [32, 39], [30, 49], [0, 26], [1, 23], [24, 15], [17, 16], [21, 48], [25, 43], [38, 48], [21, 44], [35, 14], [26, 49], [44, 22], [9, 48], [21, 46], [14, 32], [24, 18], [28, 49], [47, 17], [26, 32], [24, 43], [29, 44], [7, 31], [35, 3], [18, 44], [33, 45], [40, 18], [4, 43], [31, 45], [43, 41], [38, 14], [44, 9], [49, 27], [4, 37], [26, 35], [22, 14], [47, 28], [7, 35], [26, 42], [35, 44], [4, 47], [27, 34], [21, 43], [39, 19], [36, 49], [31, 46], [35, 9], [1, 20], [37, 9], [41, 39], [3, 48], [31, 39], [41, 8], [45, 1], [15, 29], [36, 39], [1, 45], [43, 43], [45, 15], [14, 24], [29, 42], [49, 37], [1, 27], [45, 39], [34, 8], [29, 45], [22, 49], [37, 23], [41, 20], [28, 16], [23, 22], [46, 16], [19, 18], [36, 11], [29, 41], [40, 29], [39, 37], [6, 45], [46, 20], [24, 40], [7, 32], [1, 24], [43, 3], [3, 29], [1, 42], [11, 46], [22, 35], [49, 22], [10, 49], [38, 34], [46, 4], [46, 28], [39, 16], [27, 49], [5, 46], [24, 49], [16, 27], [6, 44], [43, 12], [9, 46], [40, 4], [45, 24], [49, 32], [0, 12], [27, 33], [46, 44], [46, 27], [31, 8], [33, 0], [46, 49], [30, 46], [14, 31], [18, 16], [44, 7], [39, 4], [47, 48], [41, 36], [33, 49], [48, 36], [7, 34], [9, 32], [45, 29], [7, 45], [32, 41], [46, 0], [28, 36], [16, 49], [48, 1], [47, 20]]}