{"meta": {"number_of_robots": 4000, "description": {"parameters": {"seed": 9426, "shape": [100, 100], "obstacles": {"n": 0, "mean": 5, "std": 2.5}, "clusters": {"n": 30, "mean": 80, "std": 40.0, "relative_radius": 2, "increase_factor": 1.3, "start_dist": {"generator_name": "Image", "shape": [100, 100], "min": 0.0, "max": 226.0, "mean": 75.0023, "std": 63.56175496877033, "dtype": "uint64", "parameters": {"image": "sun.png", "transformer": {"name": "ColorChannelSelector", "channel": "v", "inverted": true}}}, "target_dist": {"generator_name": "Image", "shape": [100, 100], "min": 0.0, "max": 226.0, "mean": 75.0023, "std": 63.56175496877033, "dtype": "uint64", "parameters": {"image": "sun.png", "transformer": {"name": "ColorChannelSelector", "channel": "v", "inverted": true}}}}, "density": 0.4, "start_dist": {"generator_name": "Image", "shape": [100, 100], "min": 0.0, "max": 226.0, "mean": 75.0023, "std": 63.56175496877033, "dtype": "uint64", "parameters": {"image": "sun.png", "transformer": {"name": "ColorChannelSelector", "channel": "v", "inverted": true}}}, "target_dist": {"generator_name": "Image", "shape": [100, 100], "min": 0.0, "max": 226.0, "mean": 75.0023, "std": 63.56175496877033, "dtype": "uint64", "parameters": {"image": "sun.png", "transformer": {"name": "ColorChannelSelector", "channel": "v", "inverted": true}}}}, "stats": {"date": "2020-11-17", "free_area": 10000.0, "number_of_clustered_robots": 3041, "number_of_robots": 4000}}}, "name": "sun_00007_100x100_40_4000", "obstacles": [], "starts": [[67, 91], [14, 30], [84, 54], [50, 91], [61, 39], [70, 14], [72, 90], [8, 8], [78, 0], [64, 50], [72, 53], [72, 0], [66, 13], [20, 9], [62, 34], [67, 55], [23, 45], [13, 73], [15, 11], [99, 85], [52, 61], [44, 97], [10, 31], [90, 85], [70, 28], [52, 39], [57, 96], [44, 98], [23, 81], [66, 38], [87, 54], [7, 28], [39, 85], [68, 56], [65, 30], [14, 10], [65, 63], [34, 71], [48, 34], [66, 56], [73, 10], [92, 85], [80, 99], [85, 83], [21, 82], [47, 97], [23, 33], [2, 39], [65, 50], [16, 10], [76, 38], [62, 39], [14, 45], [20, 16], [69, 55], [34, 73], [78, 48], [76, 78], [60, 35], [23, 11], [57, 97], [62, 66], [40, 67], [63, 21], [30, 88], [70, 34], [78, 21], [70, 13], [83, 44], [89, 92], [74, 82], [93, 81], [12, 35], [23, 82], [68, 1], [35, 73], [84, 49], [62, 38], [51, 91], [14, 14], [33, 32], [56, 66], [50, 67], [14, 44], [69, 12], [83, 56], [62, 40], [12, 12], [57, 34], [76, 35], [75, 0], [48, 35], [5, 28], [89, 85], [23, 16], [80, 57], [34, 77], [72, 46], [82, 86], [76, 87], [51, 38], [85, 90], [74, 48], [15, 10], [46, 95], [58, 65], [19, 87], [31, 66], [46, 33], [23, 90], [60, 49], [13, 39], [46, 99], [27, 30], [68, 24], [48, 74], [56, 1], [4, 29], [60, 65], [78, 56], [64, 30], [88, 92], [16, 8], [21, 3], [70, 44], [75, 92], [59, 56], [37, 69], [89, 87], [59, 40], [7, 29], [57, 43], [29, 16], [20, 85], [72, 52], [72, 34], [87, 40], [73, 6], [36, 81], [67, 61], [85, 91], [72, 42], [70, 3], [44, 87], [94, 88], [13, 13], [56, 90], [38, 29], [47, 57], [47, 66], [17, 34], [12, 32], [67, 26], [69, 40], [71, 92], [64, 29], [31, 78], [88, 95], [49, 96], [10, 11], [82, 45], [70, 52], [67, 34], [64, 39], [22, 68], [66, 23], [72, 8], [60, 29], [14, 7], [9, 32], [74, 54], [63, 62], [92, 89], [26, 23], [50, 50], [40, 99], [78, 51], [58, 81], [52, 96], [63, 35], [67, 54], [80, 83], [30, 38], [80, 94], [75, 36], [59, 55], [96, 79], [2, 28], [85, 54], [11, 31], [14, 9], [61, 96], [17, 9], [70, 12], [54, 57], [9, 79], [32, 70], [73, 1], [87, 93], [46, 90], [67, 42], [85, 46], [44, 35], [34, 85], [74, 20], [79, 47], [59, 37], [67, 38], [17, 30], [77, 87], [53, 87], [16, 12], [26, 8], [90, 86], [73, 52], [25, 47], [51, 64], [72, 21], [39, 96], [47, 67], [75, 1], [9, 37], [62, 53], [65, 20], [76, 85], [93, 56], [25, 78], [63, 28], [97, 88], [63, 34], [17, 31], [21, 7], [56, 44], [14, 8], [53, 95], [67, 32], [58, 94], [48, 67], [54, 77], [87, 53], [37, 56], [90, 82], [68, 42], [46, 91], [57, 6], [68, 22], [61, 32], [2, 30], [56, 45], [26, 43], [33, 75], [88, 96], [15, 14], [19, 84], [8, 34], [73, 54], [69, 42], [20, 11], [87, 45], [69, 8], [51, 86], [56, 78], [76, 51], [29, 68], [86, 82], [12, 0], [77, 89], [72, 30], [7, 43], [74, 16], [62, 14], [87, 89], [52, 44], [73, 32], [76, 53], [52, 85], [94, 87], [22, 10], [56, 97], [46, 77], [69, 38], [30, 41], [47, 75], [8, 78], [72, 56], [50, 38], [42, 60], [71, 44], [11, 43], [10, 33], [77, 24], [25, 26], [78, 53], [66, 88], [75, 49], [64, 45], [27, 84], [70, 1], [92, 84], [34, 76], [14, 1], [16, 3], [91, 84], [61, 57], [56, 53], [55, 55], [74, 86], [0, 39], [57, 44], [59, 90], [48, 61], [75, 53], [60, 39], [19, 77], [22, 48], [46, 43], [65, 12], [75, 3], [40, 81], [75, 7], [77, 93], [10, 30], [63, 33], [24, 22], [50, 97], [62, 43], [10, 39], [92, 92], [81, 48], [59, 64], [71, 40], [71, 41], [93, 92], [20, 18], [34, 70], [46, 94], [72, 60], [24, 6], [49, 79], [43, 85], [48, 38], [28, 85], [4, 88], [82, 54], [13, 14], [76, 55], [10, 40], [54, 4], [83, 73], [70, 31], [22, 35], [68, 87], [66, 65], [55, 41], [64, 54], [46, 50], [97, 85], [88, 79], [8, 39], [77, 23], [60, 31], [45, 87], [70, 57], [6, 27], [51, 42], [84, 47], [9, 6], [54, 91], [63, 10], [31, 23], [63, 42], [21, 1], [57, 14], [66, 66], [19, 70], [55, 99], [86, 49], [75, 57], [75, 94], [47, 61], [79, 38], [71, 3], [88, 76], [43, 81], [25, 48], [88, 97], [3, 35], [70, 37], [62, 54], [50, 43], [20, 81], [20, 8], [84, 87], [3, 31], [59, 36], [57, 55], [74, 44], [71, 14], [47, 40], [48, 62], [56, 47], [24, 74], [58, 78], [15, 25], [72, 89], [52, 95], [60, 62], [94, 82], [22, 3], [23, 13], [11, 0], [47, 90], [55, 38], [94, 86], [67, 24], [76, 54], [75, 48], [21, 44], [46, 65], [64, 14], [62, 37], [57, 82], [35, 67], [55, 3], [12, 31], [5, 29], [58, 44], [68, 41], [75, 15], [80, 75], [67, 52], [11, 79], [58, 82], [15, 4], [71, 34], [88, 87], [58, 43], [36, 87], [52, 33], [51, 57], [57, 95], [78, 1], [90, 89], [39, 75], [11, 35], [8, 12], [52, 50], [83, 37], [66, 43], [71, 10], [31, 15], [25, 43], [67, 53], [87, 49], [77, 25], [9, 8], [47, 94], [7, 39], [52, 45], [69, 41], [95, 76], [79, 88], [57, 60], [22, 86], [9, 31], [38, 82], [90, 55], [39, 63], [96, 83], [77, 50], [68, 14], [40, 87], [88, 89], [70, 38], [55, 2], [51, 43], [56, 37], [21, 20], [22, 8], [10, 32], [63, 39], [22, 29], [19, 85], [71, 39], [38, 79], [50, 68], [91, 91], [21, 18], [74, 89], [69, 46], [35, 65], [19, 76], [8, 33], [41, 95], [79, 66], [72, 40], [77, 41], [72, 45], [93, 82], [67, 15], [7, 13], [57, 94], [75, 2], [85, 52], [76, 2], [9, 30], [38, 77], [42, 96], [41, 39], [62, 64], [68, 53], [91, 83], [52, 56], [84, 84], [50, 33], [13, 12], [23, 46], [59, 82], [60, 38], [84, 50], [11, 32], [69, 14], [16, 73], [21, 19], [71, 49], [40, 84], [71, 6], [88, 90], [4, 36], [22, 27], [64, 67], [61, 38], [24, 82], [71, 53], [66, 44], [79, 52], [74, 40], [45, 73], [40, 97], [76, 26], [92, 91], [14, 28], [17, 1], [58, 98], [80, 84], [46, 85], [80, 40], [21, 41], [18, 12], [53, 3], [46, 78], [17, 86], [82, 55], [42, 28], [79, 53], [60, 33], [98, 86], [74, 88], [41, 56], [59, 33], [13, 44], [11, 30], [72, 1], [87, 76], [11, 10], [39, 74], [79, 25], [25, 10], [77, 57], [60, 97], [77, 48], [77, 46], [63, 24], [66, 92], [61, 56], [47, 63], [72, 62], [59, 41], [27, 87], [68, 15], [8, 28], [67, 31], [5, 85], [46, 55], [22, 37], [86, 96], [51, 89], [7, 10], [21, 22], [53, 94], [66, 60], [87, 98], [59, 38], [60, 43], [61, 37], [11, 36], [53, 59], [84, 80], [17, 29], [64, 34], [58, 93], [68, 25], [70, 2], [58, 87], [41, 69], [91, 51], [39, 91], [32, 26], [77, 37], [10, 9], [15, 66], [86, 94], [60, 56], [86, 50], [39, 29], [98, 81], [76, 49], [53, 70], [17, 33], [72, 41], [57, 42], [76, 15], [23, 0], [77, 4], [56, 39], [24, 86], [51, 95], [45, 59], [57, 1], [63, 86], [0, 44], [65, 33], [18, 20], [54, 94], [84, 52], [59, 94], [78, 18], [3, 23], [85, 86], [95, 98], [92, 48], [52, 75], [11, 82], [68, 51], [64, 35], [99, 82], [79, 31], [51, 34], [18, 14], [35, 77], [31, 43], [41, 67], [56, 7], [21, 8], [47, 98], [71, 50], [82, 63], [77, 84], [82, 51], [4, 23], [23, 6], [54, 62], [14, 36], [65, 25], [61, 44], [37, 73], [85, 93], [44, 86], [55, 39], [54, 30], [22, 91], [90, 77], [22, 70], [38, 64], [74, 18], [67, 47], [19, 16], [53, 98], [81, 46], [2, 34], [62, 4], [73, 91], [76, 36], [21, 31], [78, 3], [64, 89], [58, 68], [58, 36], [23, 22], [44, 84], [59, 57], [74, 53], [63, 36], [9, 7], [71, 56], [45, 66], [92, 86], [91, 88], [14, 43], [83, 51], [25, 7], [12, 40], [23, 77], [42, 89], [64, 12], [73, 20], [55, 42], [50, 37], [50, 66], [52, 97], [70, 55], [67, 88], [60, 41], [16, 26], [58, 34], [27, 38], [25, 77], [70, 60], [44, 53], [75, 39], [23, 19], [46, 92], [95, 92], [86, 90], [65, 21], [90, 87], [32, 23], [93, 50], [76, 18], [48, 80], [24, 12], [55, 10], [64, 58], [20, 77], [3, 33], [60, 92], [75, 52], [17, 36], [59, 53], [73, 39], [55, 34], [75, 98], [31, 64], [9, 14], [67, 65], [73, 7], [59, 28], [73, 33], [96, 88], [40, 78], [28, 34], [59, 79], [85, 96], [9, 41], [69, 9], [66, 37], [77, 51], [6, 83], [68, 58], [68, 46], [49, 44], [33, 89], [30, 74], [26, 16], [53, 89], [75, 84], [31, 19], [10, 13], [13, 28], [42, 98], [76, 86], [65, 28], [53, 77], [1, 44], [65, 9], [83, 64], [71, 12], [56, 75], [89, 94], [80, 49], [61, 64], [60, 2], [91, 97], [23, 42], [53, 38], [21, 6], [37, 60], [42, 43], [58, 41], [20, 70], [54, 74], [76, 37], [75, 33], [17, 38], [73, 95], [67, 62], [55, 79], [50, 93], [1, 36], [66, 54], [97, 89], [23, 12], [27, 14], [69, 6], [76, 82], [55, 4], [7, 7], [60, 91], [38, 68], [42, 37], [24, 77], [90, 92], [58, 90], [56, 56], [62, 29], [8, 32], [80, 45], [49, 94], [81, 58], [32, 30], [57, 77], [22, 74], [62, 57], [56, 28], [72, 87], [68, 9], [93, 83], [2, 1], [71, 31], [46, 79], [68, 49], [36, 68], [48, 95], [67, 3], [76, 31], [14, 35], [58, 39], [6, 32], [72, 48], [9, 11], [95, 87], [70, 56], [85, 57], [73, 17], [26, 26], [75, 82], [73, 56], [16, 86], [28, 35], [35, 72], [77, 83], [21, 10], [64, 99], [2, 23], [70, 24], [99, 83], [49, 61], [71, 52], [61, 29], [28, 75], [53, 1], [60, 44], [53, 40], [73, 50], [61, 63], [56, 95], [87, 50], [71, 4], [90, 99], [68, 37], [13, 29], [40, 82], [16, 46], [16, 13], [18, 18], [65, 34], [65, 13], [30, 72], [4, 78], [67, 86], [90, 78], [56, 29], [71, 55], [68, 40], [57, 0], [30, 17], [41, 30], [65, 38], [55, 58], [86, 84], [9, 26], [38, 85], [69, 56], [77, 31], [88, 88], [20, 0], [56, 94], [57, 85], [50, 57], [47, 33], [69, 39], [12, 42], [49, 36], [23, 87], [60, 50], [61, 40], [96, 85], [80, 87], [66, 46], [11, 12], [70, 9], [62, 67], [23, 86], [9, 38], [41, 75], [79, 24], [68, 30], [38, 30], [9, 10], [87, 47], [46, 59], [26, 12], [97, 86], [81, 56], [51, 41], [66, 11], [78, 7], [48, 86], [17, 23], [73, 84], [49, 62], [69, 36], [94, 79], [46, 74], [72, 2], [80, 54], [68, 93], [79, 51], [9, 35], [75, 27], [48, 40], [24, 75], [24, 14], [49, 95], [63, 44], [24, 10], [28, 67], [70, 50], [16, 37], [54, 45], [29, 33], [32, 86], [97, 83], [78, 50], [44, 85], [58, 55], [60, 51], [75, 32], [87, 77], [72, 7], [13, 9], [30, 10], [59, 96], [72, 88], [82, 52], [44, 66], [8, 82], [15, 44], [67, 40], [8, 38], [74, 84], [52, 31], [50, 90], [42, 95], [87, 48], [48, 60], [53, 32], [65, 22], [66, 29], [74, 42], [78, 41], [27, 4], [93, 87], [74, 22], [30, 33], [17, 4], [48, 92], [87, 80], [73, 5], [60, 42], [86, 51], [74, 0], [11, 38], [45, 52], [77, 95], [46, 87], [51, 90], [56, 42], [27, 86], [61, 66], [15, 74], [66, 27], [18, 16], [66, 40], [91, 41], [9, 27], [5, 9], [85, 51], [13, 40], [87, 96], [90, 84], [55, 1], [41, 64], [76, 89], [53, 81], [79, 50], [55, 37], [71, 32], [24, 13], [21, 38], [63, 82], [57, 40], [60, 66], [67, 36], [69, 54], [11, 40], [72, 17], [61, 61], [22, 88], [22, 22], [52, 94], [50, 94], [79, 34], [41, 80], [33, 71], [66, 4], [96, 89], [94, 94], [7, 38], [88, 52], [28, 15], [72, 18], [56, 55], [64, 21], [34, 86], [78, 87], [8, 42], [77, 1], [73, 41], [15, 2], [29, 46], [67, 13], [10, 10], [59, 54], [76, 40], [49, 33], [84, 48], [51, 88], [73, 88], [79, 39], [16, 79], [49, 57], [56, 93], [63, 15], [52, 34], [97, 92], [52, 68], [85, 98], [10, 35], [45, 42], [63, 56], [5, 10], [52, 89], [14, 37], [88, 54], [78, 95], [54, 88], [58, 56], [64, 23], [31, 12], [37, 72], [32, 41], [69, 34], [10, 34], [26, 1], [59, 6], [56, 74], [19, 75], [87, 95], [70, 33], [72, 55], [61, 41], [25, 81], [91, 55], [57, 35], [45, 98], [20, 20], [92, 90], [69, 57], [47, 74], [75, 86], [64, 48], [80, 88], [42, 61], [77, 35], [15, 39], [12, 36], [84, 37], [74, 6], [56, 59], [74, 41], [61, 2], [47, 45], [93, 78], [8, 6], [55, 95], [37, 88], [24, 31], [18, 73], [70, 16], [27, 11], [97, 91], [12, 11], [74, 51], [2, 33], [65, 39], [52, 93], [36, 69], [83, 54], [78, 34], [65, 23], [76, 88], [64, 27], [74, 50], [63, 67], [49, 97], [85, 49], [35, 78], [46, 42], [30, 75], [11, 14], [68, 10], [77, 91], [89, 88], [1, 37], [66, 64], [0, 43], [75, 41], [20, 80], [75, 58], [31, 72], [27, 31], [89, 89], [73, 51], [63, 77], [60, 75], [79, 94], [55, 91], [23, 8], [18, 10], [20, 14], [63, 90], [62, 45], [65, 40], [70, 47], [70, 5], [13, 46], [72, 33], [88, 77], [58, 38], [78, 2], [45, 55], [69, 52], [78, 55], [86, 54], [10, 25], [69, 60], [14, 72], [42, 75], [66, 48], [98, 89], [67, 9], [83, 78], [16, 1], [16, 36], [52, 38], [26, 30], [30, 84], [58, 83], [63, 27], [65, 14], [63, 7], [41, 90], [81, 54], [91, 86], [43, 58], [26, 6], [76, 41], [57, 58], [51, 83], [14, 12], [56, 67], [64, 33], [16, 24], [9, 15], [49, 89], [19, 69], [61, 33], [54, 34], [88, 94], [70, 35], [5, 34], [67, 48], [79, 91], [77, 42], [75, 50], [68, 11], [47, 58], [36, 30], [42, 84], [88, 81], [79, 57], [65, 57], [75, 79], [2, 41], [40, 91], [17, 5], [73, 48], [61, 28], [76, 21], [26, 7], [71, 2], [71, 19], [31, 91], [65, 56], [96, 92], [20, 79], [75, 29], [32, 24], [41, 81], [47, 55], [75, 8], [65, 92], [2, 45], [61, 79], [1, 26], [71, 54], [63, 23], [99, 80], [84, 42], [19, 6], [64, 97], [22, 33], [76, 30], [56, 34], [70, 54], [76, 52], [54, 89], [72, 13], [47, 91], [11, 37], [33, 67], [83, 88], [89, 91], [67, 60], [15, 3], [64, 13], [61, 67], [9, 85], [63, 57], [76, 91], [3, 4], [54, 36], [89, 76], [73, 46], [61, 51], [54, 35], [21, 83], [32, 10], [11, 29], [41, 77], [13, 38], [70, 17], [87, 46], [25, 36], [56, 40], [41, 73], [55, 57], [47, 87], [72, 4], [74, 15], [9, 9], [57, 93], [87, 90], [59, 39], [74, 23], [49, 92], [69, 49], [25, 86], [66, 41], [64, 88], [88, 80], [54, 97], [70, 49], [8, 40], [64, 24], [14, 11], [80, 86], [35, 57], [50, 74], [79, 27], [7, 30], [18, 8], [74, 39], [89, 56], [83, 55], [64, 15], [22, 20], [23, 37], [77, 49], [8, 41], [55, 74], [85, 81], [46, 86], [53, 37], [63, 30], [32, 78], [89, 77], [74, 85], [24, 72], [71, 13], [51, 65], [67, 14], [57, 76], [77, 56], [70, 59], [72, 28], [18, 5], [58, 91], [24, 9], [59, 52], [1, 34], [48, 96], [68, 57], [60, 3], [12, 39], [85, 84], [49, 42], [69, 32], [99, 96], [41, 33], [88, 93], [90, 37], [63, 2], [35, 74], [80, 91], [41, 93], [57, 56], [14, 68], [71, 38], [30, 12], [18, 9], [63, 52], [6, 37], [50, 86], [63, 40], [60, 55], [58, 1], [92, 44], [60, 30], [19, 78], [26, 9], [80, 50], [50, 56], [76, 20], [94, 77], [53, 60], [89, 96], [1, 29], [84, 46], [24, 15], [51, 96], [9, 33], [71, 96], [37, 83], [71, 15], [40, 31], [22, 76], [65, 43], [90, 56], [49, 90], [79, 79], [57, 57], [69, 13], [59, 42], [66, 25], [19, 19], [4, 31], [68, 31], [49, 55], [54, 40], [72, 54], [57, 59], [53, 92], [18, 6], [90, 81], [67, 56], [85, 94], [63, 89], [21, 2], [68, 0], [57, 51], [85, 66], [12, 44], [24, 88], [16, 39], [47, 32], [32, 32], [36, 79], [66, 21], [68, 2], [41, 85], [80, 60], [32, 69], [78, 46], [45, 86], [47, 62], [78, 29], [21, 14], [64, 98], [93, 86], [86, 80], [64, 9], [85, 95], [24, 16], [74, 95], [15, 36], [72, 49], [62, 26], [85, 53], [66, 30], [53, 41], [81, 50], [58, 97], [35, 64], [23, 4], [63, 12], [62, 63], [20, 83], [26, 21], [2, 40], [26, 36], [45, 89], [41, 92], [83, 58], [95, 82], [68, 50], [13, 27], [59, 32], [54, 39], [62, 59], [66, 55], [39, 78], [92, 95], [40, 35], [35, 79], [75, 87], [77, 19], [39, 61], [47, 71], [17, 3], [61, 90], [66, 10], [73, 85], [81, 51], [79, 0], [23, 76], [26, 11], [17, 39], [59, 35], [22, 4], [76, 25], [99, 79], [72, 51], [8, 44], [46, 80], [72, 16], [21, 39], [43, 97], [57, 53], [54, 42], [52, 52], [62, 77], [25, 6], [68, 43], [86, 98], [72, 86], [86, 53], [3, 30], [65, 10], [65, 41], [76, 33], [59, 44], [50, 72], [24, 69], [98, 93], [80, 37], [67, 49], [57, 32], [21, 81], [34, 68], [49, 59], [20, 15], [60, 95], [74, 83], [30, 14], [0, 41], [52, 30], [16, 11], [6, 38], [22, 32], [53, 93], [85, 82], [72, 95], [57, 7], [77, 21], [79, 59], [39, 89], [84, 56], [17, 26], [62, 42], [79, 20], [67, 8], [83, 53], [79, 26], [62, 79], [23, 85], [22, 7], [94, 93], [45, 74], [65, 42], [57, 48], [79, 46], [50, 79], [81, 55], [75, 31], [69, 7], [73, 83], [99, 86], [60, 96], [26, 45], [12, 30], [18, 13], [64, 25], [16, 31], [28, 18], [80, 77], [15, 6], [60, 90], [53, 79], [40, 61], [44, 34], [21, 91], [59, 50], [81, 43], [94, 98], [17, 81], [51, 75], [69, 48], [72, 19], [61, 43], [74, 3], [12, 43], [71, 51], [72, 85], [90, 88], [89, 42], [24, 11], [69, 59], [35, 61], [57, 31], [63, 54], [46, 97], [35, 37], [70, 25], [54, 80], [9, 34], [73, 47], [69, 37], [91, 85], [16, 0], [60, 32], [13, 37], [27, 16], [17, 66], [85, 45], [77, 0], [86, 76], [73, 3], [13, 15], [59, 93], [49, 66], [44, 58], [71, 26], [66, 86], [48, 39], [33, 90], [85, 92], [60, 81], [59, 66], [58, 54], [74, 30], [61, 46], [7, 35], [90, 48], [89, 78], [45, 96], [80, 52], [52, 88], [33, 40], [9, 24], [17, 10], [9, 12], [66, 2], [53, 56], [25, 82], [36, 62], [51, 80], [63, 63], [47, 41], [52, 41], [72, 43], [57, 33], [63, 47], [15, 46], [79, 83], [27, 25], [99, 90], [74, 24], [79, 77], [93, 80], [5, 4], [50, 96], [78, 37], [58, 77], [49, 86], [65, 53], [38, 71], [80, 43], [52, 90], [67, 11], [74, 32], [12, 29], [55, 31], [21, 37], [34, 80], [24, 85], [7, 33], [74, 58], [58, 49], [76, 5], [12, 10], [69, 87], [92, 83], [72, 47], [89, 95], [11, 13], [41, 83], [68, 59], [59, 51], [65, 32], [47, 59], [69, 30], [16, 30], [66, 12], [26, 13], [54, 43], [62, 0], [67, 46], [76, 76], [42, 90], [79, 58], [72, 38], [18, 72], [24, 29], [67, 25], [54, 78], [71, 82], [13, 34], [12, 14], [56, 89], [80, 46], [17, 24], [90, 90], [51, 60], [66, 32], [96, 84], [47, 68], [84, 53], [20, 4], [46, 35], [27, 80], [76, 56], [65, 0], [80, 39], [58, 40], [51, 72], [15, 37], [64, 40], [22, 17], [16, 25], [62, 27], [58, 61], [13, 72], [52, 98], [63, 88], [36, 73], [70, 51], [68, 7], [91, 95], [26, 29], [99, 92], [78, 35], [52, 37], [89, 83], [1, 38], [58, 4], [61, 52], [39, 86], [15, 28], [69, 58], [17, 11], [26, 4], [50, 95], [77, 34], [82, 49], [80, 51], [50, 58], [65, 16], [51, 56], [66, 24], [11, 87], [65, 87], [94, 84], [44, 30], [24, 79], [47, 34], [57, 92], [96, 82], [56, 80], [15, 33], [85, 48], [85, 47], [72, 15], [19, 13], [25, 30], [61, 35], [60, 40], [13, 7], [6, 30], [79, 37], [46, 62], [46, 63], [79, 87], [10, 7], [0, 25], [41, 37], [86, 52], [35, 83], [98, 82], [78, 88], [63, 65], [25, 69], [47, 92], [76, 60], [56, 30], [73, 37], [97, 90], [5, 15], [51, 94], [73, 4], [64, 1], [47, 85], [51, 62], [48, 73], [58, 37], [41, 34], [86, 55], [1, 42], [78, 10], [42, 77], [4, 30], [22, 24], [44, 32], [34, 83], [62, 58], [66, 33], [72, 37], [90, 96], [24, 5], [70, 92], [63, 58], [24, 8], [68, 3], [63, 76], [21, 74], [92, 41], [95, 88], [81, 88], [37, 65], [16, 35], [47, 77], [72, 24], [59, 91], [66, 59], [76, 48], [63, 29], [76, 19], [25, 31], [22, 15], [63, 91], [70, 48], [94, 83], [60, 37], [68, 36], [13, 30], [56, 73], [7, 36], [62, 83], [54, 7], [52, 63], [38, 75], [18, 25], [74, 34], [16, 78], [98, 88], [82, 53], [81, 37], [53, 39], [77, 17], [17, 7], [76, 0], [51, 37], [28, 80], [3, 8], [46, 88], [15, 35], [84, 91], [50, 77], [57, 50], [87, 92], [49, 93], [23, 29], [37, 63], [68, 13], [82, 50], [77, 59], [58, 95], [66, 52], [0, 36], [66, 26], [86, 99], [63, 38], [44, 36], [17, 88], [4, 9], [54, 98], [17, 27], [77, 32], [58, 69], [25, 9], [43, 88], [69, 45], [89, 37], [11, 7], [43, 57], [87, 88], [74, 59], [42, 93], [72, 9], [79, 23], [76, 34], [78, 84], [0, 26], [49, 35], [25, 40], [32, 81], [17, 22], [77, 82], [78, 16], [98, 80], [91, 38], [38, 86], [55, 61], [12, 80], [13, 32], [77, 55], [82, 47], [71, 45], [33, 66], [63, 1], [51, 32], [75, 34], [93, 84], [11, 44], [55, 5], [69, 31], [68, 54], [52, 42], [14, 13], [48, 94], [15, 18], [19, 8], [53, 90], [66, 87], [51, 71], [47, 64], [62, 47], [91, 98], [28, 48], [35, 59], [64, 53], [6, 80], [70, 32], [16, 33], [78, 59], [7, 31], [92, 88], [78, 89], [56, 2], [6, 9], [62, 41], [22, 83], [52, 77], [43, 95], [87, 56], [52, 78], [76, 47], [62, 22], [78, 86], [72, 20], [62, 46], [73, 55], [38, 57], [48, 93], [71, 24], [17, 25], [65, 37], [15, 7], [91, 89], [71, 18], [22, 12], [14, 78], [29, 29], [52, 76], [7, 14], [58, 92], [97, 93], [63, 43], [58, 3], [64, 51], [48, 55], [69, 51], [77, 7], [9, 42], [13, 41], [74, 28], [47, 60], [73, 90], [57, 45], [78, 81], [37, 82], [86, 66], [97, 79], [18, 3], [53, 97], [64, 28], [87, 55], [54, 31], [21, 76], [61, 50], [67, 33], [92, 82], [12, 5], [57, 9], [49, 65], [18, 66], [17, 35], [72, 39], [22, 38], [30, 69], [26, 24], [74, 17], [74, 36], [55, 76], [73, 86], [68, 48], [12, 38], [23, 17], [59, 95], [72, 50], [5, 45], [42, 30], [85, 97], [61, 62], [73, 29], [98, 92], [71, 0], [48, 98], [32, 63], [20, 82], [66, 57], [84, 88], [38, 92], [73, 57], [62, 30], [59, 47], [74, 52], [7, 9], [79, 16], [25, 46], [14, 6], [80, 41], [78, 5], [17, 28], [75, 91], [42, 36], [35, 87], [58, 60], [53, 43], [30, 9], [72, 44], [10, 36], [89, 97], [99, 84], [62, 2], [38, 73], [43, 87], [11, 27], [73, 16], [75, 54], [14, 84], [21, 4], [60, 99], [51, 85], [72, 58], [66, 42], [72, 27], [51, 69], [54, 38], [68, 88], [26, 38], [13, 1], [73, 36], [49, 38], [83, 49], [38, 88], [80, 82], [28, 74], [56, 5], [87, 94], [86, 95], [8, 30], [74, 56], [18, 15], [1, 30], [88, 49], [64, 38], [28, 13], [70, 41], [47, 76], [19, 79], [59, 45], [24, 78], [50, 87], [42, 97], [64, 85], [28, 71], [1, 40], [74, 47], [73, 8], [77, 52], [56, 0], [99, 89], [11, 8], [53, 91], [29, 30], [71, 17], [96, 95], [7, 11], [75, 35], [75, 18], [66, 28], [78, 23], [57, 37], [63, 66], [47, 93], [71, 57], [40, 83], [49, 39], [75, 83], [10, 37], [91, 56], [15, 43], [9, 83], [35, 63], [70, 46], [59, 92], [48, 85], [28, 24], [11, 11], [71, 8], [67, 22], [99, 88], [69, 47], [52, 72], [43, 75], [73, 53], [91, 82], [15, 27], [44, 42], [21, 45], [32, 76], [81, 52], [52, 59], [13, 8], [71, 47], [16, 16], [62, 90], [14, 73], [47, 31], [51, 44], [13, 42], [65, 49], [67, 90], [75, 55], [73, 0], [37, 87], [91, 78], [74, 55], [64, 68], [84, 76], [1, 33], [55, 87], [47, 38], [67, 23], [79, 2], [60, 57], [92, 87], [21, 27], [51, 67], [80, 44], [21, 12], [39, 35], [70, 23], [73, 15], [44, 95], [16, 29], [19, 0], [69, 11], [70, 58], [9, 80], [61, 58], [69, 93], [95, 79], [78, 38], [60, 53], [63, 37], [29, 80], [6, 28], [91, 39], [56, 36], [44, 64], [52, 99], [21, 17], [60, 93], [98, 84], [68, 23], [73, 60], [40, 86], [10, 27], [86, 77], [51, 55], [84, 55], [61, 60], [61, 0], [30, 26], [31, 40], [65, 51], [60, 45], [95, 84], [77, 86], [16, 76], [32, 66], [76, 9], [55, 44], [26, 18], [20, 10], [3, 40], [40, 76], [2, 32], [64, 43], [89, 93], [81, 53], [79, 7], [55, 88], [47, 78], [59, 62], [56, 33], [69, 50], [74, 5], [43, 35], [37, 81], [74, 49], [52, 62], [64, 32], [99, 81], [10, 43], [21, 16], [62, 91], [75, 88], [45, 82], [22, 31], [15, 84], [86, 39], [75, 77], [73, 21], [19, 24], [63, 46], [56, 62], [98, 87], [10, 12], [69, 43], [0, 33], [17, 41], [44, 39], [74, 43], [62, 5], [46, 98], [48, 65], [68, 38], [38, 93], [77, 38], [25, 22], [98, 91], [75, 14], [64, 92], [56, 38], [59, 59], [68, 55], [6, 78], [31, 42], [45, 93], [77, 54], [67, 58], [11, 24], [77, 39], [80, 55], [55, 84], [99, 91], [53, 33], [31, 86], [51, 63], [26, 19], [56, 99], [60, 1], [79, 80], [77, 6], [25, 11], [27, 7], [98, 85], [80, 48], [5, 30], [41, 91], [58, 57], [71, 37], [72, 96], [13, 31], [79, 41], [51, 31], [35, 71], [20, 72], [78, 43], [54, 41], [41, 72], [20, 21], [60, 36], [34, 38], [86, 91], [60, 9], [61, 54], [89, 38], [12, 45], [76, 16], [81, 49], [70, 15], [62, 60], [91, 76], [55, 89], [71, 42], [75, 93], [49, 88], [4, 42], [22, 6], [28, 14], [82, 79], [19, 17], [54, 99], [33, 73], [48, 44], [23, 83], [80, 56], [89, 40], [22, 67], [82, 43], [67, 30], [74, 2], [9, 40], [87, 97], [53, 57], [26, 41], [34, 84], [75, 20], [95, 94], [49, 40], [75, 46], [63, 3], [13, 17], [29, 67], [65, 84], [64, 44], [83, 47], [77, 53], [17, 40], [78, 58], [54, 92], [8, 31], [19, 5], [62, 9], [52, 67], [6, 82], [40, 85], [76, 28], [79, 55], [31, 26], [91, 90], [65, 11], [82, 91], [92, 76], [19, 14], [46, 96], [74, 29], [36, 64], [62, 49], [4, 33], [55, 29], [26, 39], [21, 89], [78, 47], [76, 83], [86, 45], [56, 83], [55, 63], [54, 33], [75, 22], [75, 17], [56, 3], [42, 88], [15, 76], [2, 36], [13, 10], [84, 57], [17, 32], [90, 97], [91, 77], [37, 61], [87, 52], [17, 12], [44, 37], [81, 45], [56, 46], [39, 77], [28, 22], [69, 27], [68, 60], [79, 93], [78, 6], [29, 47], [75, 47], [79, 84], [70, 10], [16, 38], [76, 58], [26, 17], [58, 99], [65, 64], [76, 23], [51, 53], [24, 84], [98, 83], [64, 42], [34, 79], [49, 32], [43, 93], [90, 95], [45, 75], [71, 58], [74, 31], [5, 31], [46, 57], [18, 4], [11, 41], [88, 53], [65, 91], [60, 47], [50, 92], [82, 48], [26, 20], [62, 1], [45, 58], [29, 34], [54, 84], [30, 16], [43, 30], [65, 27], [67, 39], [97, 87], [57, 41], [53, 72], [17, 71], [82, 46], [91, 94], [81, 77], [0, 46], [66, 22], [48, 87], [59, 58], [22, 14], [61, 92], [50, 36], [9, 36], [66, 91], [57, 12], [39, 57], [37, 71], [82, 56], [40, 27], [78, 15], [20, 12], [71, 1], [66, 31], [33, 79], [7, 42], [65, 67], [57, 36], [97, 76], [25, 34], [86, 57], [62, 65], [86, 79], [11, 83], [6, 7], [62, 44], [29, 21], [41, 82], [68, 52], [51, 59], [55, 93], [72, 5], [73, 40], [74, 92], [4, 35], [49, 41], [72, 91], [54, 79], [0, 30], [63, 59], [70, 40], [65, 35], [95, 91], [67, 57], [13, 11], [61, 91], [26, 10], [43, 77], [86, 93], [39, 30], [34, 64], [5, 77], [55, 43], [8, 46], [62, 13], [53, 42], [29, 88], [79, 56], [49, 76], [65, 47], [68, 90], [73, 22], [69, 29], [76, 57], [44, 88], [63, 55], [77, 16], [30, 18], [50, 85], [19, 21], [94, 92], [71, 5], [11, 28], [17, 44], [66, 39], [28, 66], [85, 75], [87, 99], [47, 35], [90, 52], [63, 22], [83, 57], [7, 12], [71, 9], [51, 66], [20, 76], [27, 29], [58, 35], [42, 81], [75, 85], [17, 0], [56, 96], [16, 34], [75, 40], [87, 78], [54, 86], [33, 70], [88, 48], [75, 63], [67, 37], [85, 50], [48, 43], [29, 87], [51, 58], [21, 26], [11, 34], [86, 81], [57, 4], [34, 88], [8, 37], [73, 24], [20, 88], [9, 16], [64, 52], [67, 45], [67, 28], [64, 84], [30, 39], [25, 5], [65, 26], [82, 83], [29, 72], [87, 85], [80, 42], [53, 55], [45, 33], [54, 93], [43, 79], [7, 37], [84, 38], [67, 2], [56, 8], [6, 12], [59, 98], [67, 12], [89, 90], [75, 51], [58, 42], [75, 38], [47, 95], [78, 57], [9, 29], [24, 67], [37, 59], [78, 45], [68, 86], [19, 15], [88, 78], [48, 64], [51, 92], [82, 44], [16, 28], [46, 39], [35, 29], [28, 78], [7, 8], [9, 22], [55, 35], [62, 31], [59, 7], [61, 48], [75, 90], [41, 87], [71, 25], [83, 46], [92, 79], [52, 66], [78, 49], [49, 77], [5, 41], [53, 76], [21, 75], [72, 92], [89, 82], [59, 46], [61, 27], [1, 27], [10, 15], [64, 90], [67, 29], [83, 48], [91, 37], [82, 59], [53, 9], [32, 20], [26, 44], [57, 52], [31, 68], [22, 9], [17, 46], [51, 79], [91, 93], [68, 8], [44, 96], [46, 69], [60, 28], [57, 29], [37, 85], [54, 44], [96, 76], [20, 13], [66, 99], [25, 71], [76, 46], [81, 86], [78, 13], [65, 54], [56, 48], [7, 40], [15, 45], [74, 8], [39, 60], [43, 90], [78, 36], [75, 24], [54, 76], [22, 40], [78, 52], [93, 58], [73, 30], [96, 87], [42, 32], [25, 19], [52, 92], [25, 25], [27, 9], [93, 88], [59, 48], [40, 96], [69, 91], [3, 29], [42, 74], [5, 83], [61, 55], [32, 73], [64, 31], [55, 6], [86, 48], [48, 58], [52, 43], [5, 43], [83, 84], [6, 11], [40, 29], [29, 83], [66, 47], [66, 34], [12, 41], [98, 90], [25, 44], [52, 87], [93, 98], [83, 40], [79, 1], [38, 63], [63, 87], [79, 40], [73, 49], [45, 88], [22, 1], [74, 4], [50, 60], [25, 76], [55, 36], [31, 10], [75, 21], [25, 21], [48, 97], [85, 56], [13, 43], [50, 44], [93, 48], [55, 83], [62, 33], [78, 26], [5, 37], [99, 94], [96, 78], [37, 55], [67, 35], [76, 42], [54, 56], [64, 87], [21, 30], [67, 41], [80, 79], [62, 10], [16, 40], [68, 45], [3, 14], [82, 57], [4, 85], [43, 37], [36, 93], [44, 89], [58, 76], [9, 13], [42, 92], [86, 58], [38, 60], [26, 27], [68, 28], [89, 79], [59, 49], [67, 64], [92, 43], [85, 89], [2, 29], [74, 57], [25, 20], [61, 95], [64, 26], [7, 27], [77, 88], [63, 9], [42, 82], [61, 36], [69, 25], [74, 7], [23, 39], [10, 84], [61, 47], [67, 51], [39, 66], [55, 86], [59, 29], [1, 31], [82, 89], [46, 56], [62, 62], [78, 42], [94, 81], [22, 21], [22, 13], [40, 95], [87, 91], [59, 1], [50, 45], [23, 80], [70, 53], [70, 90], [83, 50], [75, 23], [23, 14], [14, 41], [1, 45], [75, 19], [40, 59], [62, 25], [63, 45], [53, 78], [14, 75], [28, 47], [56, 43], [37, 84], [24, 19], [51, 97], [95, 83], [56, 91], [72, 59], [79, 33], [43, 42], [86, 97], [63, 4], [9, 25], [68, 12], [72, 31], [77, 92], [12, 7], [88, 74], [52, 53], [73, 59], [51, 78], [42, 79], [77, 58], [78, 4], [3, 10], [74, 35], [83, 65], [5, 42], [17, 73], [30, 13], [97, 94], [17, 37], [53, 31], [24, 40], [22, 89], [51, 39], [65, 31], [54, 2], [40, 88], [69, 53], [86, 92], [38, 65], [93, 43], [57, 83], [46, 73], [77, 96], [75, 42], [23, 10], [57, 91], [58, 52], [23, 2], [3, 28], [52, 40], [53, 36], [89, 84], [22, 87], [75, 45], [83, 83], [79, 14], [62, 51], [3, 34], [62, 3], [51, 54], [59, 89], [71, 16], [51, 70], [25, 35], [80, 53], [92, 81], [25, 12], [19, 26], [49, 85], [67, 93], [16, 44], [58, 50], [55, 30], [92, 42], [52, 32], [45, 43], [20, 86], [64, 49], [65, 36], [38, 87], [96, 77], [77, 3], [45, 56], [15, 12], [73, 9], [56, 76], [10, 87], [26, 15], [48, 99], [14, 42], [67, 44], [10, 38], [86, 85], [75, 56], [70, 39], [58, 85], [21, 42], [83, 86], [66, 49], [51, 45], [52, 86], [54, 81], [49, 98], [74, 60], [43, 63], [26, 25], [88, 91], [52, 70], [75, 37], [16, 32], [7, 5], [50, 32], [60, 8], [72, 10], [22, 82], [79, 30], [65, 24], [65, 55], [79, 43], [17, 6], [54, 72], [86, 83], [42, 40], [21, 86], [69, 90], [89, 51], [78, 14], [2, 43], [14, 34], [31, 65], [49, 58], [28, 45], [15, 19], [58, 96], [93, 91], [43, 99], [61, 10], [58, 33], [85, 76], [63, 48], [44, 81], [72, 61], [65, 3], [79, 35], [87, 51], [17, 79], [23, 15], [7, 34], [62, 28], [53, 34], [97, 82], [40, 66], [60, 67], [64, 91], [69, 28], [12, 13], [21, 5], [68, 32], [94, 76], [73, 42], [81, 41], [13, 36], [67, 7], [57, 75], [67, 16], [23, 43], [59, 99], [4, 37], [61, 53], [51, 40], [30, 80], [50, 59], [48, 77], [6, 84], [19, 10], [61, 97], [83, 42], [90, 91], [73, 26], [63, 84], [82, 88], [60, 58], [56, 87], [81, 63], [28, 21], [90, 76], [15, 34], [63, 32], [75, 9], [77, 45], [66, 35], [21, 13], [64, 36], [67, 59], [76, 24], [6, 42], [47, 65], [54, 59], [32, 31], [15, 1], [56, 85], [73, 35], [72, 57], [38, 80], [64, 0], [22, 80], [4, 34], [85, 80], [78, 96], [91, 87], [79, 49], [54, 6], [74, 21], [57, 38], [45, 32], [30, 87], [29, 59], [61, 59], [25, 15], [46, 93], [70, 36], [84, 79], [60, 63], [39, 79], [84, 65], [32, 9], [15, 26], [52, 35], [62, 35], [10, 6], [68, 47], [0, 31], [41, 32], [42, 99], [21, 85], [92, 93], [78, 85], [88, 86], [70, 8], [74, 37], [63, 26], [52, 55], [49, 70], [18, 7], [64, 37], [61, 42], [44, 77], [1, 41], [81, 39], [52, 46], [36, 14], [37, 79], [33, 84], [83, 82], [4, 80], [14, 77], [16, 81], [77, 90], [60, 4], [70, 45], [22, 85], [80, 21], [93, 57], [46, 54], [83, 14], [50, 80], [22, 36], [41, 55], [48, 10], [53, 62], [15, 75], [80, 76], [26, 86], [32, 29], [7, 76], [31, 30], [82, 28], [31, 74], [82, 30], [34, 14], [58, 48], [82, 99], [17, 47], [49, 43], [83, 33], [34, 37], [22, 11], [27, 46], [16, 84], [19, 31], [20, 36], [95, 45], [43, 4], [77, 99], [19, 42], [86, 67], [38, 66], [12, 28], [99, 49], [75, 96], [83, 43], [33, 83], [31, 38], [83, 18], [81, 94], [30, 70], [6, 10], [69, 4], [28, 89], [30, 4], [48, 78], [38, 74], [51, 76], [97, 45], [20, 44], [12, 15], [99, 47], [89, 47], [26, 79], [29, 76], [29, 39], [36, 2], [49, 56], [47, 99], [43, 78], [12, 6], [85, 12], [18, 36], [43, 59], [19, 41], [31, 79], [56, 10], [57, 67], [24, 48], [43, 36], [59, 77], [36, 88], [66, 15], [32, 84], [84, 32], [95, 2], [87, 2], [80, 97], [24, 37], [20, 27], [32, 21], [20, 19], [64, 7], [68, 39], [97, 75], [80, 98], [38, 61], [31, 34], [39, 3], [30, 85], [31, 81], [15, 0], [30, 35], [53, 4], [4, 84], [1, 7], [56, 54], [33, 69], [18, 34], [79, 98], [35, 84], [0, 28], [83, 93], [37, 37], [58, 16], [19, 32], [36, 76], [16, 41], [37, 26], [71, 94], [15, 70], [33, 74], [35, 88], [86, 44], [70, 42], [23, 40], [6, 16], [55, 67], [86, 89], [19, 81], [44, 33], [97, 14], [84, 83], [24, 91], [24, 42], [94, 55], [47, 4], [65, 61], [5, 97], [20, 25], [21, 9], [18, 0], [42, 68], [42, 55], [55, 51], [69, 94], [90, 17], [26, 83], [4, 96], [87, 7], [26, 87], [62, 61], [64, 61], [31, 85], [29, 79], [85, 69], [53, 46], [52, 8], [81, 80], [22, 23], [63, 0], [37, 36], [85, 67], [17, 84], [19, 43], [24, 70], [85, 15], [38, 6], [84, 26], [93, 12], [60, 60], [72, 35], [1, 49], [82, 41], [19, 46], [89, 44], [39, 99], [97, 47], [36, 57], [36, 86], [96, 16], [48, 57], [37, 74], [9, 93], [28, 20], [98, 41], [14, 38], [32, 22], [29, 14], [84, 30], [55, 78], [28, 87], [26, 82], [44, 6], [25, 85], [40, 32], [18, 27], [96, 42], [21, 88], [18, 82], [42, 78], [37, 70], [81, 96], [51, 1], [26, 75], [51, 48], [25, 8], [88, 69], [14, 33], [51, 61], [25, 4], [35, 70], [83, 26], [46, 40], [28, 46], [81, 12], [12, 70], [21, 35], [26, 32], [64, 11], [46, 72], [50, 7], [26, 74], [50, 62], [69, 23], [83, 38], [28, 26], [29, 26], [5, 58], [37, 16], [66, 94], [41, 6], [31, 84], [51, 50], [27, 2], [50, 83], [64, 59], [20, 67], [44, 68], [24, 24], [46, 2], [20, 26], [41, 68], [47, 81], [62, 85], [21, 46], [95, 3], [40, 73], [48, 46], [4, 43], [20, 34], [68, 92], [63, 99], [29, 36], [80, 25], [76, 1], [80, 85], [89, 86], [83, 92], [88, 33], [33, 87], [69, 0], [66, 3], [69, 96], [19, 65], [17, 49], [57, 10], [96, 41], [72, 98], [29, 82], [56, 82], [82, 4], [85, 30], [34, 27], [35, 10], [55, 46], [45, 34], [23, 88], [99, 72], [83, 24], [93, 73], [56, 63], [67, 27], [36, 92], [32, 35], [27, 88], [19, 34], [90, 47], [23, 26], [56, 61], [89, 17], [26, 85], [31, 18], [68, 27], [39, 73], [30, 76], [65, 93], [81, 13], [49, 80], [15, 73], [36, 29], [83, 13], [2, 37], [44, 1], [33, 77], [45, 60], [27, 81], [2, 17], [28, 39], [32, 68], [94, 40], [89, 45], [34, 28], [47, 44], [34, 12], [39, 88], [44, 2], [67, 1], [26, 84], [9, 88], [81, 28], [81, 6], [22, 28], [85, 16], [25, 84], [31, 27], [47, 6], [26, 88], [34, 67], [53, 68], [43, 60], [81, 34], [64, 6], [1, 43], [3, 37], [16, 68], [58, 53], [18, 41], [14, 80], [15, 8], [85, 25], [81, 57], [18, 24], [86, 29], [89, 43], [15, 94], [14, 74], [33, 8], [44, 5], [57, 74], [19, 72], [26, 28], [3, 9], [46, 37], [25, 83], [30, 90], [33, 24], [28, 29], [77, 81], [7, 32], [22, 78], [35, 38], [51, 4], [25, 88], [79, 42], [14, 99], [82, 94], [28, 3], [13, 16], [95, 78], [93, 34], [77, 97], [41, 78], [32, 19], [54, 0], [27, 95], [31, 22], [39, 6], [52, 64], [19, 44], [99, 40], [44, 59], [63, 11], [24, 46], [6, 81], [45, 64], [48, 59], [36, 72], [39, 90], [27, 67], [50, 64], [42, 65], [45, 78], [86, 75], [5, 32], [28, 12], [30, 63], [2, 35], [17, 77], [16, 75], [64, 63], [96, 74], [9, 28], [39, 80], [23, 68], [82, 87], [23, 91], [55, 8], [81, 32], [91, 7], [31, 87], [29, 17], [91, 42], [46, 83], [27, 8], [83, 1], [16, 83], [50, 10], [19, 22], [45, 80], [2, 86], [93, 71], [10, 92], [26, 42], [10, 28], [94, 73], [50, 76], [32, 82], [16, 4], [95, 81], [28, 7], [30, 89], [54, 60], [92, 71], [84, 25], [47, 83], [13, 99], [30, 42], [80, 14], [63, 8], [31, 58], [49, 0], [53, 5], [91, 81], [57, 54], [90, 34], [26, 81], [48, 5], [17, 76], [24, 76], [77, 8], [30, 7], [33, 27], [19, 4], [30, 91], [56, 79], [63, 49], [53, 0], [45, 77], [32, 96], [34, 74], [80, 8], [0, 49], [28, 88], [94, 34], [29, 44], [88, 5], [35, 80], [17, 43], [95, 90], [35, 86], [57, 88], [3, 38], [20, 41], [84, 85], [46, 3], [12, 98], [4, 92], [70, 7], [70, 4], [81, 85], [31, 20], [59, 0], [28, 16], [82, 20], [20, 46], [24, 73], [80, 90], [87, 3], [60, 82], [37, 11], [31, 71], [19, 25], [41, 89], [85, 44], [64, 86], [17, 85], [64, 10], [25, 72], [27, 69], [85, 34], [34, 95], [12, 96], [45, 76], [26, 31], [28, 37], [41, 61], [84, 3], [81, 2], [46, 75], [16, 88], [91, 35], [30, 36], [71, 81], [29, 11], [28, 70], [74, 1], [55, 75], [26, 40], [96, 14], [6, 36], [33, 96], [23, 48], [94, 72], [41, 86], [69, 81], [75, 97], [79, 85], [27, 75], [40, 77], [31, 67], [38, 59], [7, 81], [50, 39], [10, 58], [82, 24], [65, 4], [44, 41], [19, 30], [17, 45], [22, 25], [41, 58], [62, 11], [32, 14], [39, 68], [31, 7], [95, 93], [83, 36], [79, 48], [85, 74], [20, 22], [26, 35], [18, 35], [31, 33], [16, 95], [32, 79], [54, 5], [50, 55], [53, 75], [22, 84], [91, 47], [35, 58], [25, 14], [37, 19], [20, 43], [10, 41], [84, 44], [48, 4], [8, 9], [18, 31], [67, 43], [42, 80], [92, 33], [3, 7], [80, 36], [82, 14], [9, 56], [34, 24], [29, 89], [49, 68], [90, 94], [85, 55], [18, 26], [18, 40], [2, 44], [54, 37], [11, 88], [50, 53], [76, 90], [27, 44], [88, 38], [24, 4], [36, 83], [18, 77], [11, 91], [83, 34], [16, 72], [43, 41], [81, 79], [83, 97], [27, 27], [84, 35], [86, 33], [2, 88], [62, 80], [16, 45], [59, 76], [26, 71], [41, 66], [74, 91], [76, 94], [26, 69], [30, 20], [18, 68], [88, 14], [83, 17], [47, 69], [29, 10], [56, 98], [18, 39], [18, 76], [82, 33], [71, 61], [91, 50], [32, 65], [97, 80], [40, 68], [11, 81], [80, 78], [53, 63], [65, 2], [36, 1], [86, 17], [49, 46], [91, 19], [28, 81], [80, 35], [20, 93], [31, 17], [20, 33], [79, 5], [82, 90], [38, 76], [89, 8], [14, 87], [60, 61], [15, 95], [42, 2], [32, 27], [29, 48], [48, 70], [62, 82], [80, 12], [85, 13], [77, 79], [15, 47], [37, 66], [98, 47], [84, 33], [31, 89], [98, 42], [1, 4], [38, 9], [53, 2], [8, 79], [59, 67], [36, 77], [17, 13], [16, 42], [21, 79], [22, 30], [32, 36], [48, 9], [4, 95], [22, 39], [49, 64], [19, 20], [67, 4], [9, 59], [42, 29], [24, 34], [7, 41], [35, 28], [3, 45], [67, 92], [74, 27], [70, 93], [48, 6], [92, 77], [27, 73], [20, 47], [27, 22], [35, 7], [19, 71], [22, 42], [90, 2], [8, 14], [29, 75], [43, 29], [21, 36], [51, 5], [32, 67], [1, 9], [92, 11], [49, 73], [80, 89], [31, 35], [31, 69], [50, 71], [82, 96], [52, 51], [91, 80], [25, 79], [24, 39], [2, 9], [96, 71], [84, 40], [37, 80], [23, 79], [32, 92], [85, 38], [79, 28], [62, 88], [15, 40], [46, 58], [96, 54], [31, 25], [37, 62], [43, 67], [92, 1], [81, 84], [28, 40], [40, 28], [21, 15], [43, 6], [22, 73], [79, 92], [0, 27], [57, 30], [50, 2], [19, 38], [21, 32], [40, 64], [89, 54], [54, 58], [30, 31], [84, 90], [24, 23], [59, 5], [10, 14], [17, 69], [33, 80], [72, 97], [99, 20], [68, 80], [31, 16], [66, 8], [76, 8], [78, 39], [41, 7], [29, 81], [42, 85], [33, 63], [42, 64], [25, 80], [22, 16], [26, 66], [34, 63], [85, 33], [82, 25], [14, 95], [64, 2], [21, 47], [59, 65], [18, 28], [9, 97], [83, 16], [13, 69], [33, 18], [46, 61], [54, 55], [34, 11], [65, 88], [84, 11], [55, 59], [84, 96], [23, 21], [33, 64], [6, 39], [38, 69], [48, 2], [31, 32], [15, 77], [68, 34], [79, 11], [87, 44], [43, 83], [20, 69], [39, 71], [78, 80], [30, 25], [48, 82], [16, 82], [85, 0], [95, 44], [58, 2], [17, 83], [24, 18], [84, 27], [33, 15], [10, 16], [31, 92], [20, 29], [94, 2], [28, 19], [32, 83], [33, 82], [31, 83], [40, 63], [70, 0], [61, 7], [7, 95], [95, 70], [89, 48], [87, 30], [2, 25], [41, 60], [70, 98], [53, 85], [57, 64], [66, 53], [76, 80], [23, 31], [0, 48], [32, 87], [52, 79], [99, 44], [50, 65], [18, 81], [23, 72], [9, 43], [24, 27], [18, 22], [50, 35], [8, 13], [52, 91], [99, 67], [43, 2], [36, 85], [2, 42], [28, 33], [2, 54], [55, 65], [50, 40], [27, 43], [27, 41], [27, 70], [78, 83], [17, 80], [76, 99], [19, 1], [34, 61], [58, 62], [89, 19], [42, 63], [73, 70], [28, 17], [15, 79], [39, 76], [31, 75], [23, 28], [41, 76], [84, 16], [49, 54], [33, 78], [91, 17], [32, 77], [31, 14], [7, 83], [98, 43], [24, 44], [37, 3], [99, 50], [3, 13], [94, 91], [64, 55], [15, 30], [52, 60], [76, 4], [97, 46], [56, 49], [58, 79], [44, 29], [87, 70], [46, 34], [41, 29], [64, 4], [47, 96], [54, 46], [33, 13], [18, 75], [48, 84], [28, 41], [43, 0], [31, 73], [23, 75], [1, 48], [69, 92], [11, 20], [31, 80], [43, 86], [11, 6], [90, 18], [27, 79], [84, 68], [26, 93], [38, 89], [23, 84], [26, 34], [28, 44], [37, 67], [19, 67], [81, 99], [80, 19], [57, 65], [11, 45], [11, 57], [58, 67], [39, 9], [46, 8], [84, 22], [11, 33], [20, 17], [71, 22], [70, 81], [97, 67], [8, 93], [29, 12], [15, 86], [24, 26], [77, 33], [86, 7], [96, 46], [52, 74], [53, 6], [42, 86], [52, 47], [56, 64], [48, 63], [73, 79], [58, 58], [34, 82], [65, 45]], "targets": [[38, 36], [67, 12], [81, 32], [14, 39], [51, 33], [69, 45], [50, 43], [17, 71], [52, 58], [73, 55], [54, 61], [72, 52], [80, 55], [82, 25], [12, 36], [5, 84], [55, 57], [49, 78], [5, 82], [32, 10], [50, 60], [52, 91], [61, 5], [51, 61], [31, 46], [26, 66], [56, 86], [43, 85], [18, 82], [60, 68], [87, 30], [67, 38], [55, 87], [60, 57], [18, 37], [2, 82], [12, 78], [44, 64], [32, 20], [48, 73], [75, 54], [32, 16], [31, 41], [50, 59], [45, 69], [30, 87], [59, 55], [56, 3], [82, 23], [19, 79], [21, 34], [17, 63], [68, 34], [84, 37], [53, 60], [38, 67], [65, 61], [53, 52], [11, 30], [7, 80], [58, 99], [9, 90], [50, 72], [37, 26], [19, 80], [44, 59], [79, 45], [83, 52], [65, 9], [22, 29], [23, 38], [38, 70], [66, 32], [46, 80], [57, 54], [34, 70], [84, 52], [21, 30], [28, 86], [16, 93], [58, 65], [16, 78], [35, 68], [47, 6], [87, 50], [70, 35], [29, 44], [36, 68], [41, 63], [17, 34], [79, 48], [21, 59], [78, 29], [16, 9], [83, 37], [63, 66], [36, 80], [72, 40], [60, 44], [22, 41], [22, 39], [51, 63], [82, 26], [17, 86], [61, 96], [21, 87], [40, 69], [39, 73], [33, 38], [23, 80], [55, 53], [72, 13], [32, 85], [61, 63], [81, 50], [47, 92], [81, 51], [56, 4], [70, 60], [90, 18], [23, 47], [17, 10], [30, 70], [5, 80], [25, 36], [25, 49], [10, 86], [42, 64], [36, 72], [31, 65], [83, 36], [29, 28], [85, 31], [55, 63], [64, 61], [49, 73], [85, 8], [55, 48], [39, 80], [75, 52], [59, 38], [26, 39], [64, 49], [44, 83], [31, 21], [10, 72], [49, 95], [58, 53], [17, 82], [37, 74], [72, 20], [55, 6], [78, 54], [77, 21], [20, 46], [34, 23], [28, 79], [38, 73], [54, 87], [35, 77], [67, 62], [55, 60], [14, 45], [21, 38], [39, 65], [82, 51], [84, 53], [24, 48], [12, 82], [81, 28], [65, 24], [14, 78], [19, 23], [83, 33], [44, 58], [13, 35], [63, 61], [56, 67], [34, 92], [28, 35], [83, 46], [62, 38], [58, 48], [30, 35], [31, 42], [46, 65], [48, 66], [45, 7], [70, 11], [79, 36], [16, 75], [53, 96], [19, 82], [68, 57], [8, 93], [49, 82], [42, 62], [47, 48], [29, 16], [37, 88], [29, 41], [80, 39], [30, 40], [26, 74], [28, 41], [74, 34], [22, 48], [57, 55], [67, 16], [31, 43], [33, 87], [82, 35], [7, 79], [37, 77], [52, 62], [59, 62], [15, 71], [79, 52], [38, 83], [38, 64], [66, 63], [46, 3], [83, 47], [85, 55], [50, 34], [69, 10], [48, 85], [28, 39], [17, 8], [31, 24], [83, 29], [30, 66], [57, 53], [17, 84], [51, 92], [23, 41], [21, 46], [7, 78], [35, 84], [66, 12], [44, 75], [38, 69], [74, 42], [34, 81], [72, 57], [15, 41], [28, 66], [82, 13], [47, 41], [63, 60], [29, 75], [26, 24], [81, 24], [48, 68], [60, 9], [59, 58], [53, 57], [5, 81], [68, 27], [59, 52], [54, 91], [16, 71], [77, 57], [54, 74], [48, 44], [30, 84], [19, 48], [25, 39], [75, 38], [78, 52], [73, 54], [40, 67], [27, 25], [31, 35], [69, 15], [30, 79], [26, 22], [6, 92], [60, 97], [43, 68], [53, 63], [52, 67], [9, 82], [49, 68], [66, 36], [31, 57], [56, 74], [27, 47], [73, 28], [63, 14], [83, 56], [98, 41], [85, 22], [27, 44], [51, 68], [36, 31], [22, 74], [62, 43], [55, 73], [52, 89], [23, 72], [4, 85], [12, 12], [63, 62], [61, 53], [20, 72], [66, 43], [62, 27], [13, 33], [36, 77], [41, 70], [65, 10], [19, 38], [50, 70], [61, 64], [40, 27], [79, 49], [52, 52], [45, 88], [77, 54], [27, 40], [62, 3], [31, 64], [15, 72], [52, 92], [64, 39], [65, 14], [52, 78], [74, 32], [5, 83], [47, 63], [26, 29], [24, 16], [88, 38], [43, 66], [8, 40], [58, 63], [21, 81], [40, 88], [31, 84], [50, 33], [16, 76], [41, 75], [69, 14], [17, 79], [64, 50], [70, 29], [73, 51], [64, 48], [13, 47], [57, 65], [23, 33], [18, 85], [24, 39], [38, 59], [45, 74], [22, 28], [41, 64], [57, 0], [83, 51], [27, 48], [33, 89], [75, 19], [66, 37], [28, 20], [78, 56], [14, 76], [48, 93], [73, 53], [86, 39], [30, 34], [36, 85], [69, 54], [16, 89], [48, 64], [42, 92], [60, 53], [45, 70], [19, 32], [33, 72], [68, 16], [53, 59], [34, 15], [34, 84], [51, 64], [37, 65], [74, 29], [19, 34], [77, 55], [32, 21], [26, 71], [11, 87], [55, 50], [62, 11], [28, 37], [15, 80], [84, 34], [80, 46], [28, 48], [53, 72], [39, 67], [42, 65], [32, 79], [81, 26], [28, 47], [29, 95], [78, 40], [22, 30], [36, 67], [81, 35], [6, 80], [49, 93], [29, 30], [44, 72], [12, 42], [81, 21], [55, 58], [59, 48], [15, 81], [73, 41], [24, 37], [55, 77], [54, 62], [65, 53], [73, 29], [57, 13], [57, 66], [61, 57], [85, 53], [60, 49], [77, 25], [38, 72], [24, 31], [16, 82], [25, 34], [20, 28], [42, 42], [27, 73], [26, 48], [10, 82], [37, 85], [55, 54], [38, 76], [47, 84], [70, 24], [18, 70], [34, 66], [64, 27], [64, 52], [71, 49], [91, 34], [52, 65], [42, 69], [54, 65], [12, 41], [16, 77], [62, 89], [61, 0], [30, 37], [20, 44], [24, 21], [19, 36], [5, 90], [52, 66], [80, 12], [42, 75], [82, 33], [35, 56], [56, 63], [69, 49], [71, 51], [26, 77], [57, 44], [59, 66], [64, 65], [16, 31], [21, 49], [8, 81], [27, 79], [63, 15], [49, 38], [48, 56], [16, 74], [79, 11], [42, 73], [17, 89], [33, 10], [93, 38], [31, 37], [65, 50], [36, 69], [37, 84], [46, 6], [12, 33], [57, 68], [29, 47], [28, 33], [61, 65], [36, 64], [82, 60], [15, 87], [53, 94], [80, 56], [80, 27], [57, 48], [71, 31], [42, 71], [27, 77], [34, 24], [20, 82], [61, 51], [22, 8], [52, 55], [52, 47], [16, 66], [23, 73], [62, 65], [41, 35], [30, 42], [66, 26], [74, 35], [69, 52], [43, 84], [8, 86], [57, 57], [58, 82], [65, 43], [54, 60], [64, 14], [92, 41], [20, 69], [36, 37], [17, 73], [68, 36], [14, 37], [56, 53], [68, 26], [54, 75], [30, 92], [7, 38], [17, 22], [71, 14], [14, 82], [54, 94], [27, 37], [57, 69], [51, 56], [53, 58], [17, 65], [67, 59], [9, 79], [41, 66], [74, 48], [41, 29], [75, 16], [23, 48], [42, 79], [63, 46], [46, 55], [27, 38], [73, 35], [46, 4], [57, 52], [24, 20], [3, 81], [58, 78], [80, 58], [98, 40], [54, 50], [25, 86], [65, 28], [17, 38], [80, 45], [31, 33], [82, 50], [15, 70], [65, 66], [45, 35], [29, 82], [80, 50], [66, 13], [30, 41], [42, 68], [50, 65], [60, 60], [57, 59], [40, 78], [24, 69], [13, 89], [47, 90], [70, 10], [33, 15], [23, 66], [61, 54], [52, 68], [49, 7], [18, 76], [57, 42], [65, 15], [40, 28], [23, 36], [25, 41], [70, 55], [33, 88], [36, 61], [87, 34], [43, 79], [87, 36], [21, 40], [16, 84], [42, 83], [50, 57], [60, 47], [51, 57], [64, 58], [22, 23], [49, 67], [14, 70], [65, 34], [84, 36], [44, 31], [82, 46], [24, 73], [48, 61], [15, 37], [19, 69], [54, 83], [33, 66], [65, 52], [35, 38], [55, 2], [31, 58], [15, 91], [46, 89], [73, 60], [34, 85], [90, 54], [79, 23], [49, 39], [37, 64], [84, 35], [14, 83], [43, 75], [46, 69], [27, 33], [18, 18], [30, 43], [50, 38], [86, 26], [41, 80], [54, 56], [33, 68], [62, 63], [7, 83], [9, 32], [61, 59], [83, 54], [31, 39], [71, 26], [83, 24], [33, 76], [7, 82], [50, 2], [19, 40], [44, 61], [53, 78], [39, 74], [42, 78], [30, 63], [51, 44], [24, 84], [29, 14], [40, 71], [55, 61], [83, 50], [64, 10], [2, 87], [49, 94], [63, 54], [64, 22], [78, 51], [57, 51], [26, 36], [63, 55], [56, 58], [22, 47], [7, 92], [13, 41], [94, 38], [50, 84], [59, 60], [81, 31], [29, 36], [29, 77], [50, 55], [40, 63], [15, 27], [43, 64], [63, 23], [84, 43], [15, 86], [46, 7], [40, 65], [37, 78], [65, 64], [90, 51], [31, 34], [27, 66], [20, 73], [38, 78], [72, 14], [27, 32], [58, 59], [65, 30], [40, 30], [56, 57], [30, 81], [62, 62], [37, 56], [16, 37], [11, 73], [51, 94], [24, 28], [51, 36], [81, 39], [50, 78], [83, 31], [66, 10], [20, 39], [44, 88], [26, 68], [75, 49], [17, 74], [58, 83], [53, 3], [39, 83], [52, 64], [80, 13], [60, 58], [51, 53], [43, 29], [21, 36], [35, 71], [8, 76], [67, 29], [57, 50], [26, 65], [14, 47], [26, 27], [41, 79], [49, 64], [19, 84], [45, 75], [70, 13], [70, 53], [32, 39], [66, 47], [45, 77], [85, 34], [50, 61], [36, 28], [16, 85], [49, 75], [8, 83], [59, 96], [52, 45], [82, 38], [31, 74], [59, 7], [24, 92], [38, 31], [30, 39], [45, 73], [76, 15], [73, 50], [55, 64], [91, 55], [15, 76], [23, 22], [75, 15], [72, 41], [72, 43], [36, 70], [59, 57], [30, 64], [17, 81], [47, 70], [42, 29], [45, 68], [51, 78], [38, 81], [6, 42], [19, 35], [65, 33], [25, 44], [78, 35], [16, 87], [35, 85], [53, 7], [76, 52], [25, 10], [29, 81], [85, 38], [46, 61], [49, 46], [76, 50], [9, 94], [48, 91], [37, 62], [33, 22], [15, 82], [49, 57], [39, 84], [59, 53], [18, 33], [65, 38], [91, 17], [14, 34], [59, 64], [63, 59], [19, 85], [39, 82], [79, 53], [31, 63], [32, 32], [70, 47], [17, 11], [11, 89], [21, 47], [44, 73], [66, 8], [37, 63], [43, 82], [67, 52], [21, 39], [70, 32], [29, 25], [52, 2], [46, 68], [25, 66], [47, 77], [11, 86], [67, 40], [85, 54], [85, 42], [64, 34], [77, 16], [38, 85], [57, 64], [51, 76], [28, 43], [16, 86], [53, 95], [77, 15], [12, 39], [31, 18], [34, 65], [61, 61], [45, 30], [15, 83], [62, 59], [48, 54], [26, 50], [69, 55], [18, 69], [37, 86], [76, 31], [50, 53], [38, 66], [25, 45], [58, 3], [40, 70], [80, 20], [36, 78], [6, 88], [30, 46], [76, 51], [50, 56], [38, 74], [39, 30], [16, 15], [46, 39], [83, 27], [59, 40], [73, 49], [84, 28], [56, 62], [47, 61], [21, 93], [55, 34], [68, 24], [43, 83], [53, 62], [27, 45], [50, 63], [17, 83], [49, 88], [30, 88], [57, 67], [15, 48], [77, 36], [61, 12], [37, 31], [23, 69], [81, 48], [22, 42], [17, 14], [21, 31], [58, 58], [28, 82], [64, 62], [4, 78], [47, 67], [64, 15], [44, 86], [78, 53], [28, 29], [66, 55], [16, 92], [86, 30], [56, 60], [90, 37], [56, 66], [74, 55], [28, 24], [72, 39], [54, 55], [37, 80], [72, 26], [50, 45], [21, 89], [39, 58], [30, 8], [57, 73], [63, 58], [61, 55], [27, 39], [69, 32], [47, 5], [16, 44], [22, 57], [58, 81], [17, 76], [53, 93], [20, 47], [35, 70], [35, 63], [67, 37], [65, 22], [50, 44], [48, 55], [28, 80], [48, 75], [64, 20], [41, 76], [16, 83], [40, 72], [8, 43], [17, 28], [62, 54], [15, 92], [88, 31], [41, 81], [28, 45], [77, 49], [34, 74], [46, 72], [61, 27], [77, 34], [48, 7], [64, 47], [29, 22], [53, 91], [15, 38], [53, 65], [10, 83], [20, 48], [75, 43], [29, 42], [8, 34], [37, 67], [28, 69], [42, 76], [88, 53], [54, 63], [8, 84], [60, 98], [23, 23], [62, 64], [60, 39], [88, 34], [47, 57], [78, 14], [43, 62], [22, 36], [37, 83], [25, 81], [48, 33], [27, 74], [20, 74], [57, 80], [27, 34], [82, 31], [49, 58], [73, 22], [45, 3], [10, 80], [68, 59], [57, 35], [49, 59], [28, 25], [71, 53], [49, 62], [50, 48], [57, 76], [48, 70], [29, 65], [22, 46], [18, 78], [46, 58], [32, 35], [47, 40], [3, 84], [17, 49], [69, 11], [75, 31], [82, 54], [59, 41], [45, 79], [17, 85], [46, 86], [29, 84], [49, 61], [54, 68], [49, 52], [69, 51], [15, 25], [42, 57], [51, 5], [80, 16], [81, 27], [14, 30], [16, 73], [32, 27], [15, 85], [19, 45], [74, 20], [52, 60], [78, 55], [11, 92], [66, 52], [83, 59], [25, 76], [40, 62], [16, 34], [18, 66], [54, 54], [52, 77], [52, 44], [80, 9], [38, 77], [38, 57], [41, 87], [73, 46], [23, 40], [30, 10], [8, 90], [42, 77], [68, 31], [32, 24], [82, 39], [14, 75], [51, 87], [61, 14], [87, 9], [21, 44], [44, 74], [39, 56], [78, 46], [86, 25], [44, 53], [60, 55], [22, 45], [67, 24], [21, 76], [81, 46], [5, 92], [45, 80], [23, 28], [20, 43], [75, 36], [48, 42], [22, 81], [66, 11], [24, 49], [44, 81], [17, 72], [53, 74], [61, 60], [34, 77], [61, 52], [44, 67], [38, 34], [45, 67], [17, 36], [65, 23], [62, 10], [79, 29], [49, 55], [21, 72], [59, 59], [65, 65], [44, 40], [19, 15], [11, 81], [62, 97], [52, 79], [55, 62], [56, 80], [84, 56], [85, 26], [37, 76], [29, 66], [37, 71], [63, 12], [24, 36], [33, 80], [34, 58], [65, 26], [24, 45], [72, 47], [23, 43], [21, 66], [74, 58], [11, 88], [8, 35], [51, 65], [41, 72], [29, 34], [27, 72], [6, 94], [75, 46], [53, 38], [22, 14], [51, 2], [88, 36], [66, 33], [15, 44], [39, 78], [56, 52], [34, 71], [56, 50], [38, 62], [60, 40], [21, 84], [44, 77], [19, 43], [44, 78], [28, 77], [95, 40], [6, 78], [53, 92], [35, 24], [89, 19], [18, 44], [71, 58], [70, 31], [10, 43], [19, 28], [16, 64], [56, 59], [36, 71], [80, 44], [45, 62], [58, 66], [50, 5], [4, 80], [40, 80], [35, 92], [67, 36], [39, 63], [79, 54], [51, 41], [9, 83], [71, 13], [42, 36], [51, 54], [29, 85], [27, 35], [18, 40], [83, 53], [71, 50], [26, 84], [69, 38], [29, 9], [52, 59], [18, 83], [68, 28], [50, 73], [36, 86], [92, 37], [11, 74], [20, 38], [82, 28], [8, 85], [48, 92], [59, 63], [44, 38], [16, 65], [40, 79], [18, 42], [59, 0], [91, 10], [25, 35], [75, 53], [48, 57], [81, 64], [44, 65], [60, 62], [54, 86], [24, 26], [39, 59], [8, 80], [52, 39], [75, 35], [36, 88], [12, 81], [83, 34], [49, 32], [73, 42], [18, 81], [55, 55], [19, 37], [24, 78], [60, 42], [58, 57], [47, 83], [20, 41], [81, 25], [48, 82], [35, 72], [81, 47], [20, 31], [60, 36], [7, 77], [53, 4], [45, 63], [20, 66], [29, 15], [68, 10], [15, 93], [50, 87], [58, 56], [19, 44], [40, 26], [53, 61], [81, 54], [30, 80], [87, 53], [49, 77], [61, 29], [41, 61], [56, 42], [38, 63], [89, 34], [32, 81], [84, 45], [9, 73], [39, 75], [60, 64], [23, 31], [8, 78], [25, 42], [17, 13], [17, 37], [69, 39], [32, 36], [25, 71], [96, 38], [59, 6], [41, 92], [58, 15], [69, 53], [77, 8], [47, 51], [17, 48], [34, 68], [7, 81], [31, 77], [52, 46], [67, 46], [4, 82], [52, 97], [46, 79], [43, 59], [13, 46], [7, 36], [49, 71], [47, 80], [62, 56], [29, 46], [17, 9], [56, 84], [89, 32], [63, 32], [51, 34], [19, 83], [51, 37], [52, 54], [20, 77], [27, 50], [63, 9], [17, 94], [10, 32], [85, 17], [76, 53], [66, 58], [88, 37], [60, 54], [46, 71], [68, 14], [52, 93], [45, 60], [44, 84], [16, 63], [29, 43], [23, 76], [26, 25], [22, 33], [42, 67], [77, 52], [42, 70], [72, 44], [10, 78], [50, 66], [92, 12], [28, 38], [15, 78], [51, 89], [31, 76], [76, 36], [58, 36], [53, 77], [43, 65], [71, 54], [46, 8], [61, 50], [50, 37], [24, 44], [44, 66], [65, 47], [29, 18], [85, 35], [44, 55], [47, 65], [19, 46], [29, 88], [19, 70], [40, 66], [11, 43], [89, 42], [15, 79], [79, 43], [73, 34], [32, 83], [14, 65], [57, 63], [66, 64], [79, 35], [29, 26], [20, 71], [32, 65], [60, 61], [45, 55], [30, 38], [26, 30], [20, 80], [43, 57], [65, 27], [71, 37], [6, 79], [49, 98], [56, 5], [21, 41], [35, 79], [74, 44], [63, 50], [43, 80], [16, 36], [80, 31], [28, 87], [51, 40], [51, 52], [74, 52], [42, 32], [79, 62], [81, 30], [81, 18], [29, 35], [44, 62], [21, 58], [74, 54], [21, 74], [35, 80], [8, 77], [29, 23], [83, 21], [43, 61], [41, 39], [30, 71], [53, 46], [56, 65], [63, 69], [51, 4], [49, 63], [76, 33], [29, 38], [57, 49], [24, 70], [24, 30], [72, 58], [43, 93], [65, 45], [38, 65], [83, 25], [44, 89], [21, 73], [21, 35], [17, 88], [53, 89], [33, 27], [55, 37], [71, 40], [51, 72], [92, 31], [40, 35], [80, 22], [48, 65], [18, 65], [82, 15], [18, 48], [45, 40], [75, 50], [49, 84], [33, 64], [34, 72], [62, 58], [14, 77], [58, 67], [11, 72], [48, 3], [46, 67], [30, 83], [14, 38], [48, 67], [13, 11], [82, 14], [79, 31], [27, 41], [16, 45], [70, 51], [61, 56], [32, 72], [37, 68], [42, 39], [28, 74], [31, 38], [77, 51], [35, 62], [20, 86], [6, 86], [54, 93], [66, 50], [53, 47], [78, 18], [52, 53], [37, 69], [94, 37], [68, 15], [23, 49], [31, 69], [26, 31], [12, 30], [61, 40], [59, 4], [52, 83], [72, 46], [50, 54], [42, 81], [55, 56], [38, 29], [49, 53], [17, 75], [4, 81], [84, 13], [41, 60], [28, 44], [57, 61], [76, 30], [70, 52], [18, 35], [16, 46], [58, 51], [53, 82], [37, 73], [13, 8], [80, 32], [39, 62], [31, 23], [19, 81], [54, 57], [7, 88], [16, 79], [59, 94], [53, 36], [81, 38], [62, 12], [25, 48], [22, 73], [63, 5], [52, 63], [31, 86], [47, 79], [23, 37], [66, 59], [25, 40], [70, 40], [50, 80], [85, 15], [82, 19], [34, 26], [72, 49], [51, 51], [60, 59], [82, 57], [10, 85], [38, 82], [9, 84], [23, 27], [51, 58], [26, 42], [41, 71], [77, 20], [47, 85], [79, 51], [18, 45], [80, 49], [41, 41], [47, 62], [29, 86], [51, 66], [49, 0], [25, 73], [20, 56], [77, 38], [91, 33], [66, 41], [6, 77], [49, 87], [5, 78], [42, 66], [34, 34], [30, 73], [47, 56], [88, 33], [16, 30], [47, 64], [35, 73], [71, 52], [21, 48], [20, 42], [64, 64], [77, 33], [65, 54], [23, 46], [58, 64], [83, 9], [8, 82], [10, 79], [47, 68], [43, 28], [41, 67], [36, 84], [56, 56], [70, 50], [43, 67], [60, 1], [70, 58], [18, 46], [27, 10], [23, 77], [15, 66], [75, 20], [99, 41], [56, 76], [83, 23], [59, 47], [58, 43], [84, 47], [17, 78], [50, 94], [10, 76], [53, 75], [81, 59], [34, 37], [27, 30], [30, 78], [50, 58], [48, 80], [73, 48], [44, 63], [26, 44], [17, 39], [69, 36], [73, 16], [27, 20], [13, 39], [62, 57], [35, 86], [58, 49], [64, 8], [14, 71], [21, 79], [70, 48], [18, 74], [46, 77], [47, 69], [39, 86], [60, 41], [32, 26], [22, 32], [74, 36], [15, 63], [45, 66], [71, 17], [20, 36], [81, 33], [40, 58], [67, 53], [59, 45], [18, 27], [10, 90], [57, 88], [31, 44], [20, 75], [46, 90], [82, 27], [46, 64], [63, 36], [34, 79], [80, 57], [19, 33], [73, 32], [45, 31], [54, 53], [13, 68], [43, 71], [54, 2], [64, 68], [51, 71], [47, 59], [25, 75], [20, 35], [49, 60], [85, 27], [28, 15], [17, 77], [39, 79], [9, 87], [67, 48], [20, 57], [41, 58], [7, 39], [74, 18], [85, 57], [99, 40], [41, 37], [68, 46], [53, 56], [65, 39], [34, 82], [71, 35], [29, 37], [45, 65], [63, 64], [70, 39], [54, 77], [20, 33], [51, 6], [15, 77], [56, 93], [79, 57], [61, 20], [39, 76], [18, 77], [8, 39], [23, 14], [42, 61], [50, 67], [27, 82], [32, 22], [28, 83], [89, 31], [84, 44], [61, 68], [19, 61], [33, 81], [74, 24], [81, 49], [14, 72], [95, 35], [27, 36], [20, 83], [56, 78], [25, 84], [23, 32], [44, 57], [81, 29], [52, 56], [23, 13], [62, 50], [36, 57], [24, 38], [31, 22], [55, 42], [61, 2], [64, 51], [37, 72], [55, 76], [72, 28], [78, 57], [36, 66], [15, 94], [54, 96], [21, 33], [69, 8], [60, 66], [4, 88], [78, 42], [35, 64], [79, 59], [49, 69], [22, 31], [21, 21], [43, 34], [29, 67], [21, 57], [33, 79], [57, 58], [35, 82], [64, 32], [67, 23], [67, 55], [72, 51], [90, 34], [66, 56], [58, 54], [13, 30], [7, 95], [56, 9], [18, 38], [9, 85], [40, 75], [51, 47], [34, 80], [83, 12], [50, 42], [67, 8], [47, 78], [20, 14], [34, 40], [58, 52], [49, 79], [11, 31], [56, 64], [14, 35], [54, 58], [46, 75], [10, 87], [57, 99], [71, 55], [48, 46], [31, 89], [14, 90], [39, 64], [30, 65], [65, 55], [68, 23], [62, 34], [68, 47], [42, 72], [55, 8], [86, 27], [46, 35], [21, 83], [70, 44], [20, 37], [30, 44], [20, 17], [6, 81], [21, 32], [44, 60], [28, 67], [65, 51], [21, 90], [56, 75], [75, 32], [41, 77], [54, 38], [54, 73], [72, 15], [48, 79], [88, 52], [24, 77], [80, 41], [53, 55], [32, 40], [14, 44], [56, 49], [11, 84], [58, 95], [88, 35], [14, 28], [18, 49], [60, 56], [58, 1], [20, 90], [81, 12], [34, 30], [72, 45], [36, 63], [37, 81], [81, 37], [13, 43], [40, 84], [46, 74], [68, 38], [86, 29], [32, 25], [72, 48], [33, 85], [50, 62], [19, 42], [22, 67], [15, 84], [24, 90], [70, 14], [65, 40], [6, 76], [59, 67], [32, 30], [51, 70], [49, 66], [55, 52], [82, 48], [62, 60], [80, 54], [23, 35], [74, 8], [63, 1], [7, 31], [38, 79], [31, 66], [30, 31], [43, 69], [10, 88], [51, 97], [78, 33], [17, 47], [18, 79], [85, 29], [40, 82], [56, 68], [69, 25], [31, 70], [35, 69], [22, 20], [58, 47], [25, 89], [62, 44], [85, 64], [13, 36], [28, 31], [81, 15], [27, 23], [64, 57], [25, 85], [11, 95], [50, 36], [82, 47], [48, 59], [78, 36], [42, 74], [14, 74], [38, 68], [44, 0], [48, 60], [62, 39], [59, 65], [35, 58], [48, 62], [19, 65], [11, 42], [23, 24], [67, 30], [68, 45], [23, 42], [64, 23], [39, 31], [8, 92], [51, 98], [82, 34], [24, 68], [32, 86], [27, 43], [39, 71], [11, 80], [61, 58], [54, 59], [58, 60], [45, 64], [39, 70], [55, 80], [27, 46], [74, 33], [64, 21], [50, 4], [24, 19], [59, 42], [73, 44], [9, 72], [30, 23], [29, 76], [57, 75], [13, 34], [60, 65], [18, 75], [84, 51], [14, 66], [26, 41], [81, 45], [23, 39], [71, 23], [47, 73], [40, 77], [25, 37], [69, 16], [39, 66], [27, 76], [51, 74], [87, 57], [82, 37], [46, 81], [49, 56], [42, 85], [7, 93], [48, 87], [23, 11], [49, 42], [78, 47], [74, 37], [20, 89], [67, 21], [56, 47], [49, 3], [73, 27], [26, 46], [34, 56], [19, 49], [40, 61], [55, 39], [48, 84], [62, 68], [41, 78], [11, 91], [27, 83], [19, 66], [64, 9], [40, 34], [27, 71], [66, 44], [16, 41], [33, 14], [25, 77], [81, 56], [20, 88], [37, 66], [79, 34], [10, 30], [46, 66], [51, 73], [88, 30], [83, 49], [37, 70], [32, 77], [19, 39], [89, 18], [50, 3], [10, 73], [44, 90], [67, 56], [70, 27], [49, 40], [47, 60], [19, 78], [19, 30], [28, 17], [72, 54], [30, 91], [48, 51], [52, 85], [78, 24], [54, 37], [46, 88], [63, 67], [15, 65], [25, 38], [59, 54], [34, 78], [82, 53], [51, 60], [6, 93], [81, 40], [53, 49], [75, 33], [27, 31], [29, 20], [22, 75], [19, 71], [14, 29], [95, 42], [73, 15], [57, 8], [55, 75], [34, 22], [79, 46], [40, 59], [47, 82], [74, 16], [79, 44], [74, 50], [56, 79], [9, 78], [50, 86], [41, 88], [58, 61], [81, 34], [29, 39], [21, 88], [41, 31], [24, 46], [54, 48], [21, 75], [14, 42], [18, 61], [50, 71], [40, 86], [51, 39], [47, 74], [72, 55], [24, 11], [52, 61], [65, 13], [71, 43], [15, 88], [56, 1], [66, 27], [58, 50], [86, 31], [10, 37], [19, 77], [43, 70], [48, 39], [29, 74], [42, 96], [53, 85], [32, 33], [33, 65], [61, 36], [65, 29], [51, 46], [65, 57], [72, 53], [30, 17], [6, 83], [52, 90], [64, 66], [86, 53], [49, 70], [26, 78], [47, 66], [16, 42], [15, 35], [80, 51], [15, 64], [21, 78], [15, 31], [54, 70], [46, 76], [34, 35], [65, 37], [47, 10], [66, 25], [64, 24], [45, 81], [53, 68], [68, 37], [24, 43], [37, 90], [84, 29], [7, 91], [79, 58], [31, 32], [25, 28], [48, 63], [18, 84], [39, 89], [78, 23], [40, 73], [77, 37], [27, 27], [62, 61], [22, 77], [79, 38], [35, 66], [29, 73], [18, 39], [6, 89], [51, 90], [44, 80], [29, 64], [22, 43], [53, 1], [84, 12], [25, 46], [51, 59], [79, 65], [50, 92], [19, 17], [57, 56], [20, 76], [49, 43], [77, 35], [31, 78], [28, 23], [75, 55], [51, 55], [78, 50], [38, 58], [82, 30], [55, 51], [91, 9], [17, 93], [58, 55], [10, 31], [81, 57], [32, 88], [80, 28], [25, 72], [62, 46], [19, 86], [51, 77], [56, 51], [20, 45], [28, 18], [23, 34], [62, 42], [32, 37], [28, 70], [61, 6], [73, 31], [28, 49], [36, 74], [26, 92], [16, 81], [51, 91], [37, 79], [23, 45], [48, 71], [39, 87], [73, 18], [53, 45], [15, 75], [90, 36], [59, 50], [74, 57], [91, 42], [56, 55], [52, 50], [29, 40], [26, 23], [19, 31], [51, 85], [57, 62], [77, 41], [25, 47], [13, 94], [20, 85], [80, 38], [44, 69], [58, 5], [33, 41], [46, 73], [82, 20], [48, 50], [38, 87], [21, 86], [74, 46], [29, 48], [61, 49], [73, 52], [31, 30], [29, 78], [49, 65], [47, 55], [9, 31], [34, 9], [80, 34], [10, 77], [57, 93], [26, 45], [46, 93], [59, 51], [45, 76], [84, 11], [56, 45], [82, 52], [87, 26], [71, 39], [11, 75], [40, 60], [28, 75], [46, 56], [52, 5], [76, 37], [36, 20], [21, 45], [63, 47], [33, 84], [36, 73], [68, 11], [46, 82], [14, 41], [14, 92], [19, 19], [80, 40], [24, 35], [22, 49], [76, 47], [14, 79], [44, 85], [52, 57], [7, 40], [66, 53], [73, 30], [57, 14], [11, 37], [41, 55], [58, 79], [46, 57], [44, 36], [26, 73], [42, 58], [10, 93], [61, 99], [62, 48], [59, 39], [57, 60], [84, 32], [18, 67], [13, 28], [73, 40], [47, 2], [35, 87], [3, 80], [77, 27], [24, 40], [83, 19], [17, 41], [9, 30], [32, 89], [56, 81], [38, 60], [47, 30], [33, 70], [7, 94], [24, 50], [55, 47], [37, 58], [81, 55], [83, 41], [86, 28], [69, 23], [67, 44], [65, 63], [79, 55], [3, 87], [14, 26], [50, 83], [7, 34], [24, 47], [28, 85], [56, 0], [26, 82], [85, 28], [61, 39], [6, 82], [58, 94], [40, 64], [44, 34], [24, 85], [59, 68], [91, 18], [59, 83], [80, 52], [13, 45], [69, 56], [72, 30], [41, 62], [14, 73], [51, 50], [55, 78], [11, 29], [20, 27], [27, 58], [80, 19], [54, 46], [11, 82], [33, 71], [26, 37], [31, 20], [68, 41], [53, 70], [79, 37], [53, 54], [41, 94], [45, 2], [18, 71], [71, 57], [19, 91], [59, 80], [32, 78], [8, 30], [71, 16], [91, 36], [36, 58], [67, 39], [53, 34], [27, 14], [11, 77], [57, 90], [17, 46], [36, 62], [64, 41], [83, 30], [29, 21], [47, 49], [20, 84], [60, 51], [20, 32], [75, 34], [51, 93], [20, 70], [17, 66], [28, 46], [86, 57], [71, 45], [25, 90], [45, 83], [54, 7], [5, 95], [58, 42], [83, 28], [38, 71], [20, 9], [48, 58], [48, 69], [25, 83], [38, 26], [70, 15], [49, 72], [34, 76], [87, 38], [14, 43], [4, 90], [22, 35], [56, 48], [60, 67], [24, 42], [49, 34], [67, 65], [82, 32], [75, 58], [12, 77], [57, 94], [86, 16], [75, 48], [46, 62], [53, 69], [14, 12], [42, 27], [25, 69], [20, 50], [37, 89], [41, 74], [32, 73], [53, 53], [11, 45], [48, 10], [19, 76], [30, 69], [65, 36], [69, 26], [27, 42], [79, 41], [11, 35], [61, 62], [12, 94], [74, 45], [35, 61], [53, 50], [54, 76], [83, 26], [27, 22], [16, 35], [14, 31], [18, 28], [60, 50], [21, 92], [47, 81], [88, 32], [57, 78], [54, 39], [83, 14], [86, 51], [24, 83], [62, 53], [10, 74], [47, 94], [30, 60], [52, 9], [21, 42], [75, 44], [41, 65], [56, 77], [84, 17], [31, 26], [69, 46], [35, 75], [50, 46], [18, 34], [29, 79], [63, 34], [20, 81], [56, 73], [16, 12], [49, 48], [55, 59], [69, 57], [45, 61], [42, 63], [16, 72], [16, 38], [86, 33], [47, 76], [80, 29], [43, 55], [24, 79], [82, 45], [11, 36], [31, 36], [82, 12], [45, 29], [57, 41], [4, 91], [62, 6], [82, 49], [39, 54], [31, 59], [20, 11], [85, 10], [5, 91], [47, 97], [23, 71], [36, 75], [58, 62], [63, 48], [56, 61], [38, 80], [10, 35], [76, 38], [65, 60], [46, 41], [25, 79], [60, 63], [20, 79], [73, 37], [20, 40], [69, 43], [15, 36], [86, 8], [26, 79], [59, 49], [82, 56], [83, 38], [46, 78], [4, 95], [18, 15], [55, 46], [55, 5], [81, 13], [16, 40], [33, 58], [48, 35], [39, 69], [21, 50], [64, 31], [31, 28], [72, 60], [24, 75], [83, 44], [19, 74], [55, 83], [63, 65], [48, 53], [32, 67], [20, 34], [8, 89], [47, 87], [83, 22], [15, 46], [20, 15], [27, 78], [39, 61], [78, 16], [64, 56], [13, 42], [76, 42], [49, 31], [16, 68], [17, 80], [85, 24], [63, 7], [44, 76], [64, 45], [48, 83], [76, 32], [82, 40], [49, 80], [15, 95], [47, 58], [70, 28], [13, 38], [36, 30], [57, 47], [27, 68], [14, 64], [55, 43], [51, 75], [15, 29], [68, 43], [18, 88], [30, 26], [29, 87], [54, 92], [74, 31], [69, 31], [51, 62], [79, 47], [15, 74], [50, 89], [86, 54], [50, 64], [59, 56], [29, 45], [33, 40], [15, 30], [66, 57], [62, 1], [42, 82], [33, 73], [64, 54], [23, 30], [90, 38], [23, 26], [14, 69], [52, 80], [86, 35], [64, 38], [27, 28], [54, 51], [26, 80], [28, 81], [14, 80], [23, 57], [8, 37], [70, 54], [43, 60], [50, 47], [32, 87], [80, 42], [64, 44], [39, 68], [55, 74], [64, 33], [42, 89], [71, 38], [10, 81], [49, 83], [28, 42], [19, 13], [21, 37], [39, 28], [60, 10], [9, 81], [49, 86], [17, 42], [61, 66], [66, 28], [77, 46], [70, 59], [90, 35], [59, 61], [44, 68], [51, 67], [27, 70], [81, 19], [52, 75], [42, 60], [43, 58], [24, 91], [11, 90], [26, 49], [30, 28], [29, 69], [24, 32], [27, 19], [4, 79], [20, 30], [43, 73], [70, 33], [55, 49], [79, 50], [67, 54], [52, 51], [58, 7], [65, 21], [66, 48], [41, 59], [34, 73], [17, 35], [68, 52], [14, 81], [63, 63], [63, 56], [72, 16], [18, 43], [36, 76], [28, 21], [11, 83], [50, 95], [89, 33], [34, 83], [12, 13], [72, 50], [42, 86], [21, 43], [78, 26], [37, 82], [56, 85], [37, 61], [34, 75], [22, 65], [69, 47], [88, 16], [5, 87], [13, 29], [54, 4], [58, 39], [14, 87], [43, 37], [26, 75], [66, 42], [28, 40], [80, 30], [46, 70], [54, 64], [53, 86], [34, 10], [75, 17], [46, 49], [54, 71], [25, 43], [46, 54], [64, 60], [41, 86], [23, 70], [63, 49], [11, 79], [53, 84], [18, 30], [88, 41], [68, 44], [6, 85], [59, 99], [76, 46], [64, 28], [42, 31], [71, 28], [40, 74], [16, 48], [86, 55], [64, 3], [43, 76], [20, 21], [48, 74], [40, 56], [9, 38], [3, 89], [22, 40], [50, 49], [13, 40], [55, 40], [65, 56], [63, 13], [70, 38], [16, 80], [92, 8], [41, 84], [36, 39], [18, 68], [37, 87], [56, 92], [17, 70], [14, 36], [64, 55], [34, 69], [89, 41], [12, 44], [24, 15], [41, 56], [8, 88], [80, 8], [37, 57], [69, 22], [84, 50], [3, 86], [47, 93], [19, 57], [47, 7], [25, 33], [63, 52], [46, 85], [45, 36], [80, 43], [56, 54], [54, 47], [45, 82], [26, 40], [82, 22], [46, 60], [38, 89], [13, 31], [60, 29], [62, 41], [7, 90], [75, 57], [49, 54], [25, 15], [8, 91], [22, 83], [38, 90], [42, 59], [70, 49], [48, 37], [20, 78], [62, 66], [25, 31], [81, 20], [89, 50], [84, 30], [44, 3], [71, 36], [9, 37], [41, 57], [13, 66], [58, 40], [5, 85], [59, 75], [62, 67], [54, 72], [45, 78], [15, 73], [46, 99], [24, 25], [35, 78], [84, 19], [15, 40], [47, 34], [54, 69], [66, 61], [70, 34], [69, 50], [17, 43], [41, 38], [21, 77], [66, 45], [34, 60], [62, 37], [6, 91], [41, 82], [70, 25], [54, 49], [5, 88], [47, 72], [61, 67], [46, 2], [40, 83], [85, 30], [33, 28], [72, 35], [43, 32], [49, 47], [23, 83], [29, 59], [19, 41], [74, 51], [40, 81], [63, 39], [39, 57], [53, 51], [81, 22], [55, 85], [20, 87], [26, 35], [32, 38], [7, 74], [45, 95], [52, 49], [23, 68], [72, 18], [44, 32], [16, 32], [23, 21], [51, 79], [78, 12], [62, 45], [79, 56], [68, 40], [57, 3], [66, 51], [34, 67], [58, 80], [68, 55], [21, 71], [64, 63], [55, 68], [39, 60], [9, 80], [85, 32], [36, 83], [41, 36], [70, 22], [47, 54], [25, 65], [75, 8], [30, 29], [34, 32], [26, 83], [79, 40], [28, 34], [33, 82], [18, 25], [44, 52], [36, 65], [36, 79], [69, 58], [12, 80], [48, 78], [16, 94], [48, 97], [68, 32], [79, 28], [61, 8], [48, 77], [46, 59], [11, 44], [41, 33], [53, 67], [54, 34], [70, 36], [42, 33], [42, 97], [32, 75], [9, 34], [64, 53], [52, 74], [87, 39], [26, 17], [16, 70], [84, 26], [80, 37], [4, 92], [31, 62], [67, 50], [71, 42], [44, 79], [15, 45], [13, 37], [67, 42], [47, 53], [30, 72], [50, 93], [43, 74], [43, 30], [25, 68], [25, 32], [74, 9], [82, 64], [58, 10], [71, 24], [45, 59], [10, 92], [64, 67], [6, 84], [57, 89], [25, 14], [34, 87], [66, 46], [26, 47], [49, 45], [80, 36], [33, 74], [84, 14], [47, 47], [41, 68], [64, 59], [44, 82], [89, 39], [80, 25], [51, 42], [18, 50], [40, 57], [50, 74], [19, 72], [26, 32], [26, 43], [4, 84], [22, 80], [17, 45], [18, 26], [78, 8], [64, 37], [49, 4], [82, 55], [51, 80], [67, 45], [55, 67], [39, 85], [71, 12], [60, 52], [28, 30], [30, 75], [45, 56], [12, 69], [59, 79], [5, 94], [57, 91], [79, 14], [40, 68], [15, 34], [40, 32], [56, 37], [66, 54], [50, 88], [65, 67], [87, 28], [23, 17], [62, 29], [13, 65], [84, 48], [28, 36], [53, 64], [18, 80], [34, 28], [90, 9], [87, 54], [45, 5], [55, 66], [9, 86], [50, 51], [9, 76], [40, 91], [22, 38], [61, 47], [55, 92], [48, 52], [53, 76], [60, 32], [37, 60], [33, 39], [27, 13], [76, 21], [66, 65], [67, 47], [37, 59], [43, 31], [24, 80], [35, 57], [21, 85], [6, 90], [56, 95], [7, 35], [66, 34], [81, 60], [57, 77], [53, 71], [83, 32], [74, 15], [30, 57], [31, 40], [22, 71], [78, 13], [44, 4], [65, 58], [33, 92], [57, 82], [54, 78], [24, 34], [12, 11], [74, 49], [45, 57], [43, 39], [33, 67], [5, 79], [7, 76], [10, 36], [62, 51], [49, 92], [69, 27], [66, 23], [52, 3], [51, 95], [53, 44], [37, 14], [64, 36], [36, 82], [27, 85], [1, 38], [73, 4], [63, 27], [77, 18], [19, 2], [12, 34], [11, 10], [89, 4], [15, 8], [52, 82], [55, 44], [34, 18], [69, 40], [36, 89], [79, 25], [79, 87], [77, 2], [4, 31], [38, 75], [70, 1], [35, 83], [84, 94], [75, 39], [23, 84], [2, 14], [99, 39], [84, 15], [33, 69], [82, 83], [82, 80], [65, 32], [30, 76], [79, 89], [51, 48], [48, 34], [14, 8], [18, 31], [90, 0], [42, 37], [80, 0], [59, 43], [98, 15], [26, 38], [90, 82], [80, 77], [19, 25], [57, 46], [23, 75], [80, 5], [30, 7], [89, 55], [91, 50], [92, 10], [32, 11], [48, 86], [81, 4], [77, 88], [77, 77], [31, 99], [3, 14], [82, 3], [55, 38], [19, 8], [79, 39], [48, 43], [30, 15], [39, 95], [87, 74], [99, 64], [90, 94], [32, 12], [76, 94], [35, 67], [25, 74], [82, 86], [90, 6], [17, 19], [18, 9], [64, 89], [77, 81], [83, 16], [70, 80], [62, 93], [71, 10], [96, 90], [80, 86], [70, 4], [48, 9], [87, 75], [34, 12], [44, 39], [95, 83], [96, 48], [22, 2], [43, 42], [42, 88], [90, 96], [33, 5], [77, 84], [77, 28], [61, 37], [81, 87], [86, 44], [8, 13], [20, 65], [87, 33], [21, 29], [49, 99], [60, 96], [58, 96], [60, 33], [86, 81], [47, 91], [30, 25], [93, 80], [28, 14], [70, 77], [98, 47], [74, 28], [66, 30], [55, 31], [99, 3], [38, 3], [26, 67], [22, 24], [43, 0], [85, 47], [87, 24], [91, 53], [0, 37], [78, 92], [63, 87], [90, 1], [27, 5], [22, 70], [18, 16], [86, 90], [88, 49], [49, 5], [67, 14], [11, 32], [30, 13], [8, 12], [90, 49], [19, 26], [27, 18], [51, 84], [15, 11], [55, 36], [45, 87], [74, 2], [31, 7], [77, 39], [12, 8], [43, 35], [91, 70], [2, 47], [25, 99], [20, 18], [29, 13], [76, 27], [32, 14], [82, 1], [84, 23], [74, 87], [73, 7], [52, 38], [92, 18], [8, 11], [77, 89], [33, 83], [40, 0], [43, 8], [31, 19], [76, 26], [31, 81], [55, 86], [42, 93], [96, 72], [83, 68], [74, 14], [32, 70], [97, 15], [9, 27], [87, 6], [53, 48], [36, 21], [80, 83], [15, 7], [68, 95], [11, 8], [57, 37], [74, 60], [65, 35], [25, 27], [28, 16], [49, 1], [96, 44], [8, 42], [66, 3], [99, 83], [26, 6], [12, 14], [98, 85], [72, 59], [96, 82], [32, 80], [86, 92], [47, 31], [31, 27], [88, 75], [35, 18], [57, 95], [97, 89], [22, 90], [68, 89], [69, 77], [77, 0], [7, 32], [32, 92], [82, 74], [34, 62], [54, 84], [31, 25], [12, 9], [74, 3], [96, 58], [20, 68], [24, 14], [58, 35], [88, 95], [68, 29], [68, 1], [56, 40], [98, 83], [26, 10], [22, 7], [34, 17], [10, 97], [72, 19], [17, 32], [50, 35], [84, 6], [14, 11], [68, 42], [9, 91], [31, 6], [35, 8], [22, 12], [69, 24], [33, 13], [88, 89], [16, 6], [15, 32], [42, 2], [28, 6], [55, 93], [28, 76], [38, 18], [0, 49], [86, 67], [22, 91], [70, 0], [3, 83], [58, 46], [62, 90], [93, 82], [84, 55], [83, 5], [82, 88], [17, 29], [58, 92], [84, 9], [30, 77], [45, 1], [76, 90], [64, 90], [30, 16], [17, 31], [87, 49], [31, 45], [84, 81], [77, 1], [33, 16], [80, 98], [31, 80], [21, 70], [70, 2], [74, 84], [31, 17], [64, 85], [16, 11], [85, 65], [71, 34], [84, 5], [41, 14], [67, 85], [75, 45], [97, 43], [75, 86], [42, 91], [72, 27], [98, 36], [37, 29], [55, 88], [35, 3], [0, 33], [78, 44], [25, 22], [57, 1], [89, 53], [36, 81], [88, 87], [47, 1], [72, 38], [34, 31], [22, 25], [8, 14], [93, 34], [76, 8], [2, 45], [44, 35], [20, 12], [79, 1], [81, 85], [46, 36], [16, 24], [24, 4], [22, 4], [94, 87], [72, 9], [97, 41], [21, 99], [39, 98], [36, 27], [92, 48], [66, 24], [85, 4], [83, 87], [97, 45], [92, 69], [11, 34], [67, 32], [63, 94], [1, 43], [33, 23], [94, 73], [73, 92], [76, 34], [53, 97], [33, 96], [77, 93], [71, 92], [94, 95], [34, 61], [87, 79], [17, 3], [3, 15], [37, 75], [13, 13], [88, 50], [72, 37], [30, 99], [16, 14], [81, 89], [1, 47], [80, 6], [13, 7], [62, 19], [18, 23], [39, 9], [94, 98], [14, 97], [2, 37], [81, 98], [82, 97], [85, 18], [26, 12], [87, 89], [12, 37], [97, 39], [82, 79], [77, 29], [3, 97], [19, 29], [65, 8], [72, 31], [43, 72], [26, 91], [0, 7], [26, 18], [7, 30], [56, 88], [64, 82], [85, 50], [83, 4], [36, 18], [24, 6], [98, 68], [41, 28], [91, 35], [93, 93], [96, 59], [78, 84], [88, 2], [50, 40], [43, 86], [25, 8], [54, 45], [6, 16], [52, 42], [70, 26], [41, 83], [73, 39], [25, 78], [15, 67], [92, 3], [85, 45], [65, 86], [33, 26], [79, 78], [99, 37], [32, 68], [79, 16], [58, 38], [83, 84], [62, 80], [23, 29], [8, 8], [23, 87], [28, 73], [65, 46], [32, 9], [73, 0], [74, 59], [69, 93], [27, 87], [22, 21], [98, 72], [85, 95], [22, 95], [25, 5], [13, 0], [96, 56], [92, 13], [29, 80], [70, 93], [47, 37], [7, 13], [10, 26], [95, 91], [0, 39], [72, 56], [30, 68], [62, 2], [80, 1], [55, 10], [65, 31], [61, 78], [23, 86], [87, 78], [95, 82], [27, 16], [25, 30], [27, 6], [14, 46], [6, 9], [72, 36], [49, 49], [29, 72], [89, 9], [3, 3], [82, 29], [70, 8], [42, 34], [98, 86], [98, 89], [99, 80], [14, 86], [69, 13], [72, 22], [65, 12], [21, 1], [41, 91], [13, 75], [95, 44], [44, 95], [87, 37], [75, 28], [81, 0], [56, 90], [53, 32], [76, 91], [76, 35], [1, 36], [89, 0], [73, 59], [15, 12], [32, 95], [36, 87], [50, 10], [21, 13], [65, 42], [92, 55], [82, 94], [73, 36], [80, 84], [67, 33], [5, 8], [19, 88], [90, 77], [89, 95], [89, 44], [22, 5], [75, 18], [20, 2], [51, 86], [41, 73], [64, 26], [18, 11], [82, 89], [44, 93], [18, 21], [21, 28], [99, 42], [84, 0], [28, 71], [87, 16], [80, 47], [38, 61], [60, 8], [23, 6], [35, 74], [90, 45], [94, 82], [24, 41], [85, 33], [94, 2], [74, 93], [84, 38], [86, 82], [40, 76], [86, 3], [10, 13], [15, 0], [6, 59], [26, 13], [23, 90], [0, 12], [63, 25], [71, 94], [31, 92], [80, 53], [90, 8], [81, 52], [30, 90], [62, 14], [68, 9], [44, 33], [55, 35], [89, 96], [94, 77], [79, 27], [63, 24], [26, 9], [46, 63], [83, 6], [30, 4], [22, 37], [12, 10], [76, 89], [88, 7], [0, 36], [77, 87], [98, 88], [76, 28], [16, 88], [14, 15], [61, 86], [82, 21], [4, 7], [92, 91], [27, 8], [89, 67], [43, 56], [80, 11], [45, 32], [86, 88], [75, 27], [34, 7], [7, 9], [38, 2], [23, 79], [79, 97], [8, 31], [8, 38], [67, 28], [63, 38], [71, 15], [84, 75], [52, 36], [93, 7], [66, 85], [56, 30], [90, 7], [96, 73], [38, 92], [88, 9], [77, 86], [26, 33], [63, 22], [98, 46], [57, 9], [68, 54], [19, 21], [82, 81], [77, 4], [1, 10], [67, 6], [31, 16], [14, 40], [32, 84], [85, 6], [6, 98], [14, 88], [74, 38], [8, 57], [36, 16], [22, 78], [39, 32], [15, 28], [14, 67], [6, 11], [78, 97], [17, 25], [94, 75], [78, 79], [26, 81], [96, 57], [77, 40], [98, 50], [59, 1], [59, 78], [22, 22], [26, 70], [68, 56], [80, 26], [54, 30], [22, 17], [80, 3], [40, 29], [85, 46], [95, 76], [21, 23], [5, 28], [21, 6], [20, 23], [79, 9], [18, 36], [31, 11], [27, 69], [23, 89], [11, 5], [94, 41], [2, 34], [0, 29], [88, 55], [59, 95], [0, 43], [65, 87], [4, 83], [89, 1], [51, 99], [67, 41], [66, 9], [95, 12], [86, 52], [7, 33], [66, 7], [66, 91], [67, 26], [36, 23], [4, 33], [92, 33], [8, 10], [97, 40], [77, 78], [63, 76], [9, 11], [28, 94], [34, 38], [2, 42], [88, 46], [25, 24], [19, 96], [79, 96], [67, 25], [12, 68], [76, 41], [98, 74], [24, 10], [78, 5], [94, 45], [86, 94], [81, 2], [89, 74], [15, 26], [12, 31], [27, 81], [68, 8], [50, 50], [61, 11], [47, 46], [86, 42], [30, 6], [38, 0], [26, 1], [77, 85], [36, 0], [87, 91], [86, 41], [84, 54], [27, 3], [22, 92], [54, 42], [85, 99], [99, 84], [89, 38], [11, 12], [97, 90], [80, 65], [37, 11], [61, 13], [84, 66], [78, 95], [55, 9], [76, 99], [30, 74], [30, 19], [71, 2], [26, 90], [65, 92], [75, 92], [32, 15], [3, 16], [36, 90], [59, 92], [54, 9], [87, 47], [74, 22], [86, 66], [9, 10], [35, 29], [54, 44], [99, 18], [19, 3], [76, 18], [8, 32], [87, 2], [35, 81], [43, 33], [89, 47], [66, 92], [72, 42], [85, 36], [86, 89], [81, 3], [89, 37], [12, 35], [19, 11], [82, 84], [35, 59], [84, 31], [21, 0], [85, 67], [71, 0], [70, 57], [22, 88], [26, 28], [83, 73], [73, 71], [56, 8], [82, 17], [20, 22], [94, 80], [4, 44], [56, 41], [48, 4], [87, 5], [93, 94], [63, 53], [82, 87], [85, 16], [55, 1], [64, 93], [69, 0], [9, 18], [13, 97], [91, 0], [87, 59], [61, 28], [22, 34], [93, 83], [33, 35], [48, 81], [57, 5], [86, 91], [49, 6], [51, 10], [45, 54], [6, 37], [87, 95], [11, 4], [93, 47], [86, 93], [16, 47], [69, 91], [46, 1], [2, 40], [86, 80], [25, 92], [9, 40], [91, 43], [26, 19], [43, 3], [77, 48], [83, 79], [10, 33], [82, 5], [59, 44], [56, 6], [88, 79], [57, 43], [14, 98], [27, 80], [52, 41], [44, 56], [93, 10], [74, 79], [47, 86], [0, 54], [93, 73], [88, 43], [94, 10], [20, 13], [58, 74], [18, 13], [91, 77], [34, 8], [34, 11], [26, 72], [46, 83], [58, 33], [23, 19], [67, 90], [90, 52], [29, 83], [46, 33], [6, 30], [11, 33], [31, 96], [31, 83], [90, 39], [58, 44], [7, 8], [94, 46], [30, 1], [13, 10], [10, 25], [18, 47], [1, 45], [83, 48], [84, 84], [15, 43], [84, 27], [65, 16], [68, 93], [45, 43], [74, 97], [9, 97], [55, 89], [76, 58], [80, 85], [82, 82], [2, 16], [37, 7], [97, 71], [24, 89], [92, 85], [72, 88], [33, 94], [57, 40], [43, 77], [26, 21], [78, 80], [96, 71], [10, 14], [70, 3], [83, 86], [52, 88], [55, 79], [17, 5], [27, 24], [32, 28], [23, 74], [12, 32], [73, 58], [90, 88], [20, 29], [62, 96], [2, 30], [32, 62], [85, 48], [11, 28], [49, 8], [23, 81], [89, 43], [87, 18], [8, 41], [6, 23], [53, 88], [79, 91], [85, 7], [24, 5], [5, 22], [24, 81], [77, 45], [80, 35], [80, 23], [97, 80], [77, 3], [76, 17], [27, 7], [12, 16], [76, 0], [99, 85], [63, 10], [46, 32], [21, 3], [85, 12], [90, 53], [31, 12], [76, 78], [73, 23], [2, 7], [29, 10], [82, 96], [53, 42], [18, 10], [30, 95], [59, 93], [28, 13]]}