{"meta": {"number_of_robots": 143, "description": {"parameters": {"seed": 3231, "shape": [20, 20], "obstacles": {"n": 5, "mean": 3, "std": 1.5}, "clusters": {"n": 5, "mean": 40, "std": 20.0, "relative_radius": 2, "increase_factor": 1.3, "start_dist": {"generator_name": "Image", "shape": [20, 20], "min": 0.0, "max": 205.0, "mean": 75.0325, "std": 54.25570425079745, "dtype": "uint64", "parameters": {"image": "sun.png", "transformer": {"name": "ColorChannelSelector", "channel": "v", "inverted": true}}}, "target_dist": {"generator_name": "Image", "shape": [20, 20], "min": 0.0, "max": 205.0, "mean": 75.0325, "std": 54.25570425079745, "dtype": "uint64", "parameters": {"image": "sun.png", "transformer": {"name": "ColorChannelSelector", "channel": "v", "inverted": true}}}}, "density": 0.4, "start_dist": {"generator_name": "Image", "shape": [20, 20], "min": 0.0, "max": 205.0, "mean": 75.0325, "std": 54.25570425079745, "dtype": "uint64", "parameters": {"image": "sun.png", "transformer": {"name": "ColorChannelSelector", "channel": "v", "inverted": true}}}, "target_dist": {"generator_name": "Image", "shape": [20, 20], "min": 0.0, "max": 205.0, "mean": 75.0325, "std": 54.25570425079745, "dtype": "uint64", "parameters": {"image": "sun.png", "transformer": {"name": "ColorChannelSelector", "channel": "v", "inverted": true}}}}, "stats": {"date": "2020-11-17", "free_area": 356.0, "number_of_clustered_robots": 143, "number_of_robots": 143}}}, "name": "sun_00000_20x20_40_143", "obstacles": [[5, 13], [5, 14], [5, 15], [5, 16], [5, 17], [6, 13], [6, 17], [7, 13], [7, 18], [8, 13], [8, 18], [9, 13], [9, 17], [10, 3], [10, 4], [10, 13], [10, 14], [10, 15], [10, 17], [11, 3], [11, 4], [11, 16], [11, 17], [12, 3], [12, 4], [15, 8], [15, 9], [15, 10], [15, 11]], "starts": [[13, 11], [11, 11], [14, 17], [14, 19], [8, 5], [19, 18], [16, 3], [2, 8], [17, 11], [12, 5], [6, 18], [2, 7], [11, 14], [15, 15], [18, 18], [12, 12], [2, 5], [14, 3], [16, 15], [13, 17], [4, 6], [19, 17], [12, 13], [12, 17], [1, 8], [8, 12], [16, 6], [11, 13], [11, 10], [6, 5], [15, 7], [17, 18], [12, 15], [10, 8], [6, 4], [11, 9], [9, 6], [4, 14], [1, 6], [13, 8], [13, 18], [13, 10], [8, 19], [5, 3], [13, 9], [15, 16], [4, 13], [6, 8], [12, 8], [16, 9], [17, 19], [2, 2], [16, 18], [19, 8], [4, 15], [12, 11], [1, 2], [8, 7], [16, 19], [17, 13], [18, 7], [4, 7], [15, 17], [13, 16], [16, 10], [1, 5], [11, 12], [14, 4], [19, 16], [15, 18], [5, 2], [11, 19], [14, 16], [11, 15], [8, 6], [14, 10], [18, 14], [8, 11], [5, 4], [14, 12], [16, 7], [10, 18], [14, 9], [3, 6], [17, 7], [19, 9], [7, 5], [12, 18], [11, 8], [14, 11], [4, 17], [12, 10], [13, 12], [4, 2], [19, 10], [14, 18], [4, 8], [18, 15], [16, 17], [11, 18], [17, 17], [6, 3], [9, 8], [17, 5], [17, 9], [10, 0], [10, 10], [4, 16], [19, 14], [14, 15], [9, 1], [14, 6], [12, 9], [0, 8], [18, 16], [11, 7], [7, 19], [16, 16], [7, 12], [10, 11], [10, 7], [18, 17], [17, 15], [1, 1], [9, 12], [10, 19], [13, 7], [17, 14], [5, 5], [16, 11], [10, 6], [16, 8], [4, 0], [5, 18], [16, 5], [18, 19], [14, 14], [4, 4], [10, 12], [17, 16], [7, 11], [3, 5], [18, 6]], "targets": [[14, 16], [9, 12], [12, 5], [3, 8], [12, 9], [6, 6], [15, 3], [13, 7], [10, 11], [19, 17], [1, 17], [9, 11], [11, 13], [16, 5], [16, 2], [14, 4], [13, 5], [13, 18], [5, 3], [5, 18], [13, 10], [14, 19], [13, 2], [16, 7], [10, 12], [19, 8], [14, 11], [6, 8], [14, 10], [16, 11], [17, 9], [11, 14], [19, 3], [14, 7], [15, 5], [8, 5], [11, 10], [3, 15], [6, 5], [6, 9], [12, 15], [13, 11], [8, 0], [16, 4], [15, 6], [19, 15], [4, 18], [11, 8], [13, 0], [15, 17], [12, 17], [12, 2], [17, 1], [15, 2], [3, 17], [13, 1], [6, 0], [11, 12], [5, 8], [11, 15], [14, 6], [11, 9], [13, 3], [4, 15], [13, 4], [16, 3], [17, 5], [12, 7], [15, 16], [17, 13], [14, 1], [15, 4], [14, 9], [1, 8], [17, 6], [16, 6], [16, 9], [3, 13], [7, 11], [19, 16], [12, 12], [4, 13], [6, 11], [15, 7], [13, 6], [13, 13], [15, 0], [11, 11], [17, 15], [12, 18], [4, 16], [16, 16], [8, 7], [19, 14], [10, 10], [13, 8], [6, 12], [5, 5], [18, 18], [2, 9], [12, 10], [11, 7], [5, 9], [18, 15], [12, 13], [17, 10], [14, 2], [4, 8], [16, 15], [16, 8], [18, 1], [17, 7], [3, 9], [6, 4], [7, 12], [14, 15], [1, 16], [11, 18], [4, 6], [16, 13], [18, 9], [4, 14], [14, 14], [16, 10], [9, 7], [0, 8], [13, 9], [17, 17], [8, 12], [4, 9], [17, 18], [4, 4], [12, 1], [3, 16], [18, 2], [14, 8], [14, 17], [10, 2], [5, 4], [11, 6], [6, 2], [18, 0], [17, 8]]}