{"meta": {"number_of_robots": 3820, "description": {"parameters": {"seed": 1691, "shape": [100, 100], "obstacles": {"n": 10, "mean": 7, "std": 3.5}, "clusters": {"n": 30, "mean": 20, "std": 10.0, "relative_radius": 2, "increase_factor": 1.3, "start_dist": {"generator_name": "Image", "shape": [100, 100], "min": 7.0, "max": 249.0, "mean": 182.0554, "std": 55.942139133572645, "dtype": "uint64", "parameters": {"image": "universe_bgradiation.png", "transformer": {"name": "ColorChannelSelector", "channel": "b", "inverted": false}}}, "target_dist": {"generator_name": "Image", "shape": [100, 100], "min": 7.0, "max": 249.0, "mean": 182.0554, "std": 55.942139133572645, "dtype": "uint64", "parameters": {"image": "universe_bgradiation.png", "transformer": {"name": "ColorChannelSelector", "channel": "b", "inverted": false}}}}, "density": 0.4, "start_dist": {"generator_name": "Image", "shape": [100, 100], "min": 7.0, "max": 249.0, "mean": 182.0554, "std": 55.942139133572645, "dtype": "uint64", "parameters": {"image": "universe_bgradiation.png", "transformer": {"name": "ColorChannelSelector", "channel": "b", "inverted": false}}}, "target_dist": {"generator_name": "Image", "shape": [100, 100], "min": 7.0, "max": 249.0, "mean": 182.0554, "std": 55.942139133572645, "dtype": "uint64", "parameters": {"image": "universe_bgradiation.png", "transformer": {"name": "ColorChannelSelector", "channel": "b", "inverted": false}}}}, "stats": {"date": "2020-11-17", "free_area": 9550.0, "number_of_clustered_robots": 653, "number_of_robots": 3820}}}, "name": "universe_bgradiation_00007_100x100_40_3820", "obstacles": [[8, 14], [8, 15], [8, 16], [8, 17], [8, 18], [8, 19], [8, 20], [8, 21], [9, 14], [9, 21], [10, 14], [10, 21], [10, 79], [10, 80], [10, 81], [10, 82], [10, 83], [11, 14], [11, 21], [11, 79], [11, 83], [12, 14], [12, 21], [12, 79], [12, 80], [12, 81], [12, 82], [12, 83], [13, 14], [13, 21], [14, 14], [14, 21], [15, 14], [15, 15], [15, 16], [15, 17], [15, 18], [15, 19], [15, 20], [15, 21], [39, 84], [39, 85], [39, 86], [39, 87], [39, 88], [39, 89], [40, 38], [40, 39], [40, 40], [40, 41], [40, 42], [40, 84], [40, 89], [41, 38], [41, 42], [41, 84], [41, 89], [42, 38], [42, 42], [42, 77], [42, 78], [42, 79], [42, 80], [42, 81], [42, 84], [42, 89], [43, 38], [43, 39], [43, 40], [43, 41], [43, 42], [43, 77], [43, 81], [43, 84], [43, 89], [44, 17], [44, 18], [44, 19], [44, 20], [44, 21], [44, 77], [44, 81], [44, 84], [44, 89], [45, 17], [45, 21], [45, 77], [45, 81], [45, 84], [45, 85], [45, 86], [45, 87], [45, 88], [45, 89], [46, 17], [46, 21], [46, 77], [46, 78], [46, 79], [46, 80], [46, 81], [47, 17], [47, 21], [48, 17], [48, 21], [49, 17], [49, 21], [50, 17], [50, 21], [51, 17], [51, 21], [52, 17], [52, 18], [52, 19], [52, 20], [52, 21], [59, 80], [59, 81], [59, 82], [59, 83], [59, 84], [59, 85], [59, 86], [59, 87], [60, 80], [60, 87], [61, 80], [61, 87], [62, 80], [62, 87], [63, 80], [63, 87], [64, 80], [64, 87], [65, 80], [65, 81], [65, 82], [65, 83], [65, 84], [65, 85], [65, 86], [65, 87], [68, 50], [68, 51], [68, 52], [68, 53], [68, 54], [68, 55], [68, 56], [69, 50], [69, 56], [70, 50], [70, 56], [71, 50], [71, 56], [72, 50], [72, 56], [73, 50], [73, 56], [74, 50], [74, 56], [75, 50], [75, 56], [76, 50], [76, 56], [77, 50], [77, 56], [78, 50], [78, 56], [79, 50], [79, 51], [79, 52], [79, 53], [79, 54], [79, 55], [79, 56], [86, 63], [86, 64], [86, 65], [86, 66], [86, 67], [86, 68], [86, 69], [86, 70], [86, 71], [86, 72], [86, 73], [86, 74], [87, 63], [87, 74], [88, 63], [88, 74], [89, 63], [89, 74], [90, 63], [90, 74], [91, 63], [91, 74], [92, 63], [92, 74], [93, 63], [93, 64], [93, 65], [93, 66], [93, 67], [93, 68], [93, 69], [93, 70], [93, 71], [93, 72], [93, 73], [93, 74], [95, 87], [95, 88], [95, 89]], "starts": [[96, 14], [16, 3], [32, 29], [14, 58], [35, 51], [97, 0], [69, 68], [57, 16], [85, 77], [64, 95], [58, 39], [64, 97], [14, 27], [16, 24], [22, 86], [57, 23], [29, 24], [80, 44], [97, 68], [34, 62], [74, 69], [67, 47], [81, 44], [20, 29], [25, 54], [32, 71], [60, 59], [82, 61], [91, 56], [33, 2], [42, 64], [79, 37], [33, 3], [17, 5], [34, 79], [56, 57], [62, 30], [10, 61], [81, 64], [65, 74], [97, 7], [24, 25], [13, 30], [69, 48], [97, 8], [34, 57], [30, 28], [71, 34], [24, 5], [19, 3], [35, 80], [58, 64], [17, 83], [79, 47], [60, 20], [14, 59], [90, 58], [60, 73], [97, 14], [18, 20], [24, 23], [36, 61], [13, 26], [67, 49], [96, 8], [75, 36], [24, 2], [24, 7], [67, 90], [67, 96], [36, 58], [80, 63], [23, 55], [30, 70], [55, 64], [56, 28], [97, 65], [4, 55], [80, 67], [32, 59], [59, 65], [23, 25], [75, 66], [99, 9], [25, 22], [76, 39], [20, 3], [14, 0], [57, 12], [28, 70], [51, 57], [8, 29], [65, 43], [22, 90], [80, 54], [95, 5], [60, 19], [6, 58], [33, 58], [83, 57], [68, 70], [69, 43], [33, 16], [93, 13], [14, 9], [36, 82], [52, 57], [25, 19], [24, 22], [35, 55], [22, 27], [57, 26], [10, 31], [69, 45], [11, 60], [81, 66], [99, 0], [83, 32], [25, 12], [14, 1], [29, 28], [64, 73], [65, 94], [64, 98], [38, 59], [76, 69], [21, 48], [27, 74], [53, 54], [95, 6], [36, 59], [17, 84], [74, 45], [18, 13], [53, 19], [96, 68], [10, 59], [83, 60], [78, 43], [22, 16], [10, 32], [66, 52], [15, 6], [29, 76], [52, 56], [42, 58], [97, 5], [66, 73], [86, 79], [24, 28], [76, 62], [94, 15], [60, 25], [17, 22], [23, 29], [76, 43], [20, 14], [7, 57], [83, 58], [15, 9], [61, 13], [36, 75], [50, 61], [30, 63], [10, 36], [61, 52], [60, 71], [19, 82], [82, 45], [95, 7], [99, 5], [64, 26], [75, 40], [33, 15], [15, 7], [6, 55], [37, 54], [60, 95], [66, 91], [26, 14], [22, 28], [34, 56], [77, 67], [21, 55], [34, 72], [54, 65], [80, 68], [71, 74], [11, 28], [63, 52], [74, 42], [26, 16], [55, 22], [96, 65], [36, 60], [95, 13], [15, 3], [34, 77], [55, 58], [99, 8], [3, 64], [79, 67], [23, 19], [20, 21], [17, 88], [81, 48], [82, 42], [31, 11], [39, 64], [61, 65], [28, 26], [79, 68], [62, 27], [23, 4], [30, 79], [51, 54], [18, 30], [64, 44], [98, 3], [15, 60], [84, 67], [97, 1], [27, 17], [73, 33], [19, 5], [41, 58], [25, 4], [27, 29], [59, 69], [58, 14], [59, 94], [67, 97], [62, 24], [39, 61], [73, 61], [25, 56], [31, 79], [61, 64], [15, 53], [84, 57], [99, 7], [11, 33], [62, 48], [43, 61], [29, 29], [80, 42], [26, 6], [20, 90], [81, 49], [25, 15], [22, 26], [98, 1], [25, 0], [34, 74], [60, 57], [64, 28], [97, 67], [68, 74], [12, 56], [34, 64], [89, 60], [78, 34], [24, 14], [99, 15], [15, 33], [67, 41], [20, 6], [35, 75], [60, 64], [19, 17], [64, 20], [36, 54], [96, 7], [59, 73], [91, 80], [30, 31], [81, 67], [72, 38], [23, 2], [14, 56], [85, 66], [19, 83], [80, 46], [97, 9], [25, 3], [63, 98], [62, 90], [35, 62], [76, 66], [24, 52], [31, 75], [50, 60], [17, 33], [68, 47], [54, 22], [42, 55], [18, 25], [25, 28], [81, 35], [23, 11], [65, 65], [14, 57], [84, 65], [94, 1], [23, 1], [55, 14], [30, 80], [52, 61], [98, 10], [40, 63], [32, 31], [56, 30], [96, 66], [77, 42], [27, 3], [8, 36], [63, 42], [18, 17], [67, 75], [4, 57], [85, 59], [20, 82], [72, 45], [23, 8], [32, 79], [57, 55], [41, 62], [96, 0], [99, 6], [61, 20], [74, 39], [31, 9], [22, 3], [29, 31], [6, 64], [29, 58], [60, 75], [63, 96], [68, 95], [20, 32], [16, 14], [31, 29], [33, 59], [76, 63], [66, 41], [28, 22], [20, 48], [39, 74], [60, 55], [80, 65], [85, 58], [76, 37], [25, 5], [63, 22], [98, 4], [97, 6], [34, 60], [16, 7], [33, 81], [56, 55], [23, 82], [75, 46], [7, 64], [80, 61], [63, 66], [18, 14], [16, 29], [61, 49], [71, 41], [29, 7], [59, 24], [98, 69], [32, 53], [27, 26], [99, 11], [15, 0], [55, 16], [31, 74], [53, 61], [96, 6], [3, 58], [87, 62], [66, 65], [75, 45], [31, 15], [20, 15], [20, 28], [43, 55], [53, 24], [11, 32], [59, 50], [24, 8], [66, 94], [61, 95], [35, 59], [77, 68], [27, 50], [33, 80], [54, 58], [98, 8], [22, 83], [82, 50], [13, 60], [82, 60], [76, 32], [28, 5], [38, 62], [95, 8], [68, 65], [85, 74], [24, 31], [82, 64], [59, 29], [25, 17], [20, 9], [39, 73], [62, 62], [16, 33], [71, 42], [95, 15], [77, 41], [21, 15], [10, 63], [32, 52], [82, 56], [66, 76], [60, 24], [99, 68], [19, 9], [27, 70], [54, 62], [96, 1], [16, 13], [22, 29], [19, 90], [80, 48], [70, 37], [24, 9], [35, 60], [28, 23], [15, 25], [65, 52], [93, 7], [12, 63], [83, 67], [23, 0], [33, 26], [70, 75], [60, 16], [61, 96], [65, 91], [58, 25], [36, 57], [77, 64], [25, 53], [34, 76], [59, 62], [35, 54], [71, 35], [31, 13], [17, 20], [97, 4], [12, 61], [85, 64], [97, 10], [13, 27], [70, 47], [22, 0], [38, 73], [59, 58], [53, 21], [42, 51], [71, 67], [32, 26], [82, 67], [70, 41], [26, 10], [22, 84], [75, 49], [21, 13], [28, 27], [8, 64], [91, 61], [94, 3], [22, 8], [38, 76], [60, 65], [94, 14], [35, 63], [57, 21], [94, 71], [83, 39], [28, 6], [15, 26], [60, 44], [71, 68], [22, 7], [11, 55], [37, 63], [62, 91], [65, 95], [22, 18], [28, 29], [34, 58], [72, 68], [23, 49], [27, 73], [50, 62], [81, 56], [70, 38], [32, 2], [57, 24], [98, 9], [94, 5], [16, 83], [81, 51], [71, 71], [11, 29], [71, 49], [39, 51], [13, 6], [57, 14], [30, 76], [50, 53], [15, 56], [81, 63], [82, 33], [25, 2], [18, 16], [24, 26], [58, 28], [95, 14], [38, 61], [95, 0], [61, 76], [87, 79], [25, 27], [79, 69], [17, 2], [27, 76], [52, 62], [18, 28], [67, 50], [75, 35], [25, 16], [3, 56], [84, 68], [60, 22], [94, 65], [26, 20], [21, 90], [81, 50], [37, 55], [94, 11], [22, 5], [33, 28], [62, 75], [66, 93], [67, 91], [39, 63], [77, 69], [24, 48], [35, 70], [56, 54], [73, 45], [29, 14], [98, 5], [12, 53], [91, 58], [9, 33], [68, 48], [64, 25], [34, 54], [30, 25], [25, 20], [24, 21], [13, 4], [36, 78], [53, 60], [93, 15], [74, 41], [25, 10], [71, 72], [15, 52], [31, 56], [85, 57], [55, 28], [99, 2], [20, 88], [77, 44], [9, 35], [65, 45], [23, 7], [55, 17], [37, 74], [61, 53], [81, 41], [24, 12], [23, 17], [93, 8], [40, 64], [67, 72], [22, 25], [76, 67], [15, 54], [88, 57], [59, 20], [96, 71], [15, 5], [65, 93], [65, 92], [39, 57], [73, 69], [22, 54], [29, 75], [60, 61], [79, 34], [20, 7], [96, 2], [15, 24], [61, 51], [37, 50], [21, 16], [27, 28], [99, 4], [67, 65], [12, 64], [88, 58], [56, 29], [20, 81], [74, 47], [19, 0], [32, 75], [51, 58], [72, 35], [26, 9], [35, 61], [31, 27], [95, 1], [12, 28], [59, 47], [19, 24], [98, 6], [69, 64], [9, 58], [84, 58], [55, 23], [17, 0], [36, 70], [56, 59], [69, 35], [31, 12], [41, 64], [5, 62], [51, 42], [8, 35], [6, 27], [98, 64], [17, 52], [27, 33], [35, 29], [86, 87], [1, 83], [76, 98], [10, 5], [17, 75], [81, 4], [75, 92], [66, 74], [63, 77], [47, 46], [30, 34], [11, 86], [54, 24], [4, 73], [57, 90], [70, 95], [60, 54], [97, 3], [43, 24], [34, 0], [41, 3], [32, 82], [64, 31], [36, 18], [17, 10], [83, 79], [47, 26], [40, 99], [11, 89], [83, 74], [45, 64], [34, 3], [88, 98], [74, 24], [61, 11], [72, 18], [52, 2], [46, 7], [78, 46], [65, 47], [41, 33], [56, 35], [21, 94], [15, 36], [2, 23], [34, 31], [0, 81], [46, 57], [44, 82], [50, 71], [67, 77], [87, 49], [65, 77], [24, 29], [69, 34], [58, 99], [64, 54], [87, 61], [87, 28], [34, 8], [75, 7], [88, 29], [42, 96], [27, 75], [40, 18], [93, 33], [52, 65], [71, 9], [92, 4], [47, 14], [25, 38], [13, 51], [36, 64], [16, 92], [94, 26], [70, 73], [33, 22], [43, 26], [12, 66], [94, 28], [81, 57], [67, 68], [57, 82], [25, 52], [51, 79], [20, 5], [40, 8], [6, 18], [19, 70], [63, 3], [47, 50], [28, 84], [80, 83], [35, 8], [74, 34], [71, 66], [92, 48], [90, 56], [67, 20], [74, 80], [66, 19], [77, 8], [6, 26], [28, 72], [93, 86], [75, 23], [80, 14], [77, 15], [2, 19], [84, 26], [25, 63], [40, 82], [88, 41], [81, 12], [53, 59], [94, 63], [51, 50], [89, 41], [66, 44], [15, 80], [77, 46], [6, 81], [58, 31], [43, 11], [50, 40], [28, 38], [80, 34], [55, 51], [56, 5], [50, 90], [79, 11], [91, 89], [97, 24], [1, 80], [68, 81], [0, 25], [49, 84], [57, 86], [77, 19], [26, 94], [50, 8], [13, 97], [17, 21], [47, 28], [62, 42], [58, 19], [67, 34], [22, 56], [52, 25], [57, 61], [16, 55], [22, 98], [89, 57], [65, 19], [13, 11], [9, 12], [30, 68], [46, 98], [47, 10], [78, 90], [5, 14], [52, 14], [4, 63], [15, 23], [6, 42], [24, 24], [11, 62], [13, 58], [22, 55], [84, 37], [41, 19], [91, 85], [47, 78], [15, 95], [43, 43], [11, 3], [26, 32], [15, 72], [5, 54], [98, 50], [81, 95], [79, 57], [89, 8], [37, 85], [1, 62], [8, 83], [36, 32], [88, 52], [33, 90], [74, 15], [60, 56], [96, 79], [61, 93], [11, 50], [18, 43], [82, 12], [54, 90], [7, 54], [9, 29], [99, 51], [92, 44], [71, 25], [60, 35], [18, 15], [64, 27], [82, 20], [65, 25], [81, 88], [52, 88], [43, 97], [99, 32], [33, 5], [4, 24], [56, 80], [85, 44], [47, 25], [99, 86], [66, 54], [93, 50], [61, 69], [79, 30], [97, 31], [45, 99], [56, 49], [4, 23], [44, 6], [82, 19], [17, 12], [48, 66], [89, 48], [24, 39], [75, 33], [44, 70], [45, 43], [32, 22], [61, 16], [13, 94], [46, 11], [15, 97], [79, 84], [48, 4], [7, 52], [64, 60], [70, 82], [4, 91], [84, 27], [95, 44], [6, 7], [40, 43], [36, 5], [70, 0], [24, 73], [97, 40], [20, 1], [17, 31], [2, 74], [98, 93], [58, 30], [21, 49], [7, 56], [8, 10], [54, 4], [78, 33], [17, 26], [80, 74], [89, 1], [19, 81], [82, 18], [92, 80], [84, 39], [18, 49], [12, 43], [19, 39], [91, 79], [13, 72], [4, 1], [96, 99], [35, 98], [65, 21], [84, 63], [48, 48], [95, 85], [90, 77], [13, 75], [78, 48], [19, 59], [49, 10], [65, 35], [21, 66], [5, 26], [53, 33], [88, 43], [87, 32], [78, 21], [5, 51], [27, 87], [7, 28], [91, 95], [34, 95], [97, 48], [48, 16], [30, 2], [1, 61], [2, 63], [65, 54], [76, 7], [43, 83], [98, 91], [15, 8], [32, 43], [38, 20], [9, 52], [76, 61], [67, 66], [17, 49], [23, 48], [33, 88], [79, 15], [22, 65], [10, 42], [10, 86], [97, 82], [28, 44], [87, 18], [37, 27], [95, 22], [88, 15], [73, 83], [21, 17], [39, 50], [54, 36], [61, 63], [22, 76], [67, 95], [95, 9], [45, 33], [28, 2], [54, 67], [30, 44], [64, 22], [0, 8], [63, 44], [80, 91], [75, 75], [31, 82], [26, 38], [25, 89], [29, 34], [14, 83], [93, 85], [53, 78], [70, 6], [93, 41], [44, 25], [78, 45], [35, 88], [67, 13], [66, 0], [44, 3], [80, 5], [15, 69], [17, 19], [62, 31], [70, 88], [98, 94], [57, 77], [4, 6], [64, 75], [20, 64], [94, 10], [59, 3], [5, 0], [52, 37], [44, 30], [94, 24], [38, 47], [90, 87], [59, 90], [41, 59], [99, 24], [64, 99], [26, 47], [29, 74], [15, 74], [27, 93], [16, 73], [34, 39], [74, 6], [25, 13], [14, 64], [7, 89], [2, 76], [84, 86], [70, 99], [62, 96], [19, 67], [17, 43], [41, 29], [55, 52], [38, 75], [13, 96], [4, 47], [24, 65], [72, 39], [79, 22], [30, 43], [98, 21], [42, 7], [41, 16], [31, 54], [47, 52], [4, 82], [78, 60], [7, 65], [33, 55], [96, 78], [40, 90], [48, 23], [82, 96], [73, 30], [70, 76], [72, 23], [31, 8], [61, 38], [5, 16], [37, 10], [55, 15], [69, 61], [34, 82], [56, 17], [99, 26], [65, 14], [63, 74], [61, 31], [55, 66], [29, 32], [42, 46], [62, 71], [28, 51], [97, 32], [38, 98], [3, 83], [93, 35], [89, 51], [69, 73], [86, 80], [78, 79], [68, 90], [61, 99], [17, 96], [45, 27], [45, 65], [6, 94], [96, 40], [31, 35], [60, 77], [54, 81], [77, 96], [35, 33], [23, 94], [71, 27], [36, 44], [88, 97], [95, 49], [46, 87], [20, 59], [28, 43], [15, 32], [78, 92], [56, 15], [11, 88], [82, 99], [78, 16], [67, 21], [12, 1], [45, 60], [17, 95], [9, 13], [14, 51], [2, 93], [94, 62], [22, 62], [16, 97], [59, 4], [79, 82], [44, 32], [8, 40], [89, 83], [14, 38], [86, 22], [28, 86], [2, 40], [76, 11], [96, 52], [39, 17], [49, 4], [87, 52], [63, 47], [73, 93], [13, 32], [12, 92], [1, 31], [33, 17], [39, 30], [63, 69], [20, 76], [52, 48], [39, 5], [30, 57], [61, 91], [69, 17], [69, 9], [30, 10], [38, 8], [90, 60], [18, 71], [56, 68], [18, 11], [68, 0], [54, 59], [73, 71], [84, 95], [78, 14], [4, 45], [1, 87], [16, 5], [54, 11], [61, 10], [52, 27], [8, 48], [11, 91], [32, 63], [87, 80], [38, 30], [89, 56], [85, 27], [65, 16], [63, 6], [34, 17], [5, 79], [26, 29], [74, 57], [87, 88], [60, 48], [12, 90], [29, 23], [54, 64], [14, 81], [11, 78], [41, 99], [35, 13], [59, 11], [44, 37], [67, 32], [49, 12], [55, 37], [6, 8], [36, 19], [17, 39], [6, 50], [57, 15], [3, 65], [92, 20], [92, 87], [21, 70], [50, 97], [15, 79], [35, 79], [93, 47], [89, 25], [7, 4], [12, 42], [9, 32], [90, 22], [72, 71], [10, 73], [36, 55], [94, 46], [42, 15], [22, 10], [93, 57], [69, 3], [33, 7], [85, 47], [94, 44], [45, 93], [98, 92], [41, 74], [86, 8], [12, 2], [38, 58], [87, 92], [29, 12], [96, 60], [97, 36], [29, 91], [6, 11], [48, 92], [1, 57], [38, 11], [27, 48], [10, 91], [42, 14], [9, 89], [52, 94], [28, 83], [57, 69], [86, 76], [43, 73], [82, 10], [33, 50], [0, 74], [54, 6], [93, 58], [85, 8], [83, 23], [97, 53], [14, 3], [50, 99], [48, 7], [89, 76], [46, 34], [92, 83], [92, 34], [35, 23], [63, 61], [40, 19], [96, 59], [86, 97], [69, 85], [80, 18], [30, 89], [94, 42], [67, 3], [91, 41], [41, 25], [65, 12], [95, 46], [81, 52], [44, 2], [84, 36], [21, 89], [45, 70], [98, 97], [82, 30], [99, 59], [10, 1], [65, 72], [29, 85], [28, 21], [56, 53], [42, 74], [13, 71], [54, 77], [39, 60], [88, 89], [87, 42], [70, 79], [68, 32], [44, 75], [11, 40], [29, 92], [53, 88], [21, 47], [27, 32], [23, 47], [75, 65], [39, 94], [12, 7], [55, 95], [56, 58], [35, 32], [20, 52], [68, 1], [88, 49], [5, 9], [48, 36], [57, 3], [71, 95], [54, 12], [71, 19], [23, 41], [58, 29], [60, 74], [56, 9], [79, 88], [70, 20], [14, 75], [37, 98], [90, 15], [88, 59], [78, 71], [44, 98], [23, 23], [0, 54], [63, 92], [31, 68], [30, 64], [4, 7], [51, 14], [99, 83], [56, 12], [55, 42], [52, 44], [94, 92], [36, 66], [71, 43], [18, 23], [93, 49], [36, 88], [64, 1], [44, 7], [29, 46], [92, 57], [30, 87], [10, 53], [95, 78], [63, 73], [15, 92], [11, 69], [79, 9], [24, 55], [61, 24], [46, 14], [35, 5], [77, 88], [58, 5], [92, 29], [24, 82], [62, 20], [30, 4], [85, 79], [77, 95], [96, 83], [39, 28], [86, 41], [17, 67], [69, 31], [59, 19], [83, 70], [56, 23], [37, 24], [46, 30], [21, 46], [78, 95], [82, 34], [34, 81], [67, 51], [23, 51], [21, 61], [74, 87], [76, 82], [48, 31], [17, 77], [58, 38], [46, 85], [67, 71], [68, 3], [54, 92], [71, 8], [9, 2], [33, 33], [69, 1], [63, 63], [12, 68], [37, 66], [81, 31], [74, 68], [17, 54], [20, 57], [86, 32], [47, 36], [35, 3], [29, 39], [87, 57], [3, 0], [17, 79], [15, 48], [49, 9], [82, 93], [73, 75], [52, 47], [16, 99], [41, 28], [29, 26], [72, 93], [96, 57], [56, 60], [55, 47], [43, 58], [65, 60], [99, 69], [30, 15], [19, 19], [76, 77], [47, 73], [46, 37], [20, 62], [49, 54], [11, 56], [48, 9], [95, 73], [31, 98], [65, 23], [88, 53], [72, 58], [55, 70], [49, 56], [86, 29], [52, 51], [11, 41], [58, 92], [73, 35], [31, 65], [5, 65], [84, 90], [47, 71], [28, 15], [17, 15], [93, 14], [57, 93], [39, 4], [86, 54], [16, 65], [94, 70], [49, 30], [68, 46], [97, 2], [88, 21], [58, 50], [45, 41], [71, 26], [80, 21], [32, 78], [26, 39], [40, 55], [15, 85], [71, 4], [68, 59], [69, 99], [67, 52], [49, 85], [89, 3], [61, 15], [9, 60], [3, 24], [57, 70], [47, 66], [52, 80], [38, 33], [23, 87], [33, 78], [86, 2], [83, 4], [70, 12], [91, 31], [45, 31], [1, 89], [4, 38], [10, 2], [18, 91], [79, 27], [49, 1], [37, 47], [16, 76], [78, 12], [4, 66], [75, 10], [65, 89], [36, 65], [30, 71], [69, 2], [82, 7], [26, 66], [89, 37], [12, 30], [52, 54], [55, 13], [97, 20], [92, 54], [64, 91], [49, 55], [5, 87], [35, 31], [90, 41], [36, 25], [0, 64], [14, 82], [44, 93], [63, 90], [9, 70], [99, 25], [95, 76], [47, 82], [83, 78], [40, 75], [92, 31], [78, 47], [36, 47], [77, 20], [98, 88], [10, 72], [5, 66], [35, 84], [76, 59], [95, 23], [20, 47], [53, 50], [8, 62], [47, 8], [82, 44], [1, 72], [4, 70], [24, 16], [45, 29], [49, 41], [7, 45], [36, 68], [14, 91], [88, 90], [61, 89], [64, 61], [38, 89], [63, 40], [60, 14], [55, 82], [31, 88], [14, 48], [73, 27], [78, 77], [7, 75], [49, 14], [59, 43], [70, 80], [57, 31], [28, 65], [42, 92], [7, 68], [54, 9], [80, 38], [59, 33], [95, 43], [93, 17], [62, 35], [69, 80], [5, 42], [9, 43], [92, 62], [49, 70], [67, 40], [68, 98], [0, 11], [94, 12], [47, 59], [89, 98], [86, 35], [67, 57], [91, 15], [90, 89], [21, 10], [91, 30], [24, 38], [96, 46], [46, 71], [21, 8], [97, 11], [25, 99], [90, 44], [17, 97], [56, 26], [33, 41], [85, 7], [72, 5], [18, 12], [3, 76], [1, 19], [63, 54], [73, 20], [8, 67], [59, 42], [56, 21], [23, 21], [85, 97], [16, 98], [93, 87], [15, 84], [81, 14], [10, 13], [50, 5], [70, 3], [55, 75], [8, 28], [47, 41], [28, 7], [60, 40], [44, 68], [26, 18], [52, 8], [20, 27], [98, 15], [86, 53], [75, 16], [97, 46], [97, 38], [66, 64], [81, 92], [35, 96], [36, 72], [21, 85], [50, 76], [2, 75], [54, 52], [51, 35], [96, 26], [87, 13], [91, 46], [22, 81], [69, 79], [21, 58], [12, 74], [18, 8], [23, 67], [56, 48], [57, 64], [0, 37], [31, 81], [47, 2], [81, 54], [21, 50], [84, 62], [30, 6], [2, 7], [41, 6], [69, 90], [47, 60], [23, 31], [48, 5], [62, 18], [17, 74], [56, 1], [85, 40], [45, 22], [6, 70], [54, 49], [93, 60], [36, 83], [47, 30], [8, 7], [11, 37], [90, 48], [40, 71], [72, 88], [22, 74], [40, 7], [77, 34], [87, 40], [44, 13], [74, 19], [18, 78], [9, 27], [67, 58], [72, 16], [71, 45], [69, 4], [80, 13], [39, 0], [51, 46], [10, 70], [62, 33], [91, 98], [46, 10], [55, 92], [28, 93], [30, 48], [80, 1], [68, 76], [70, 44], [96, 49], [71, 15], [52, 58], [34, 43], [7, 77], [63, 53], [1, 21], [30, 69], [41, 2], [87, 15], [7, 15], [99, 64], [97, 47], [69, 37], [93, 16], [23, 85], [32, 0], [58, 27], [24, 15], [27, 16], [27, 84], [70, 84], [58, 61], [97, 39], [37, 84], [97, 30], [21, 40], [24, 17], [68, 87], [73, 79], [46, 25], [76, 94], [4, 48], [82, 1], [95, 16], [45, 28], [33, 95], [7, 60], [68, 83], [94, 82], [2, 83], [26, 22], [77, 80], [37, 58], [26, 56], [59, 71], [62, 26], [69, 87], [53, 65], [95, 45], [8, 58], [9, 87], [19, 61], [94, 90], [93, 95], [22, 14], [90, 30], [52, 36], [23, 68], [79, 71], [8, 30], [3, 14], [3, 18], [64, 5], [8, 76], [61, 4], [78, 66], [4, 4], [74, 89], [67, 45], [12, 69], [54, 83], [23, 83], [79, 31], [34, 88], [20, 35], [80, 40], [86, 90], [18, 58], [25, 93], [24, 92], [51, 63], [27, 9], [71, 78], [25, 60], [80, 84], [86, 51], [59, 54], [26, 17], [94, 81], [66, 6], [63, 71], [47, 32], [81, 9], [13, 40], [35, 86], [58, 11], [0, 35], [42, 95], [76, 14], [81, 27], [83, 28], [76, 91], [80, 50], [15, 44], [83, 51], [31, 4], [52, 32], [31, 3], [50, 26], [8, 1], [97, 27], [28, 87], [96, 17], [18, 99], [63, 78], [75, 98], [24, 3], [4, 59], [27, 30], [57, 35], [61, 6], [66, 15], [61, 56], [23, 12], [68, 33], [66, 67], [4, 11], [62, 94], [90, 25], [17, 98], [38, 13], [96, 31], [0, 6], [30, 17], [36, 86], [67, 78], [31, 73], [63, 16], [49, 46], [55, 68], [91, 86], [4, 93], [86, 82], [48, 54], [2, 94], [69, 14], [11, 66], [48, 15], [9, 34], [56, 74], [7, 19], [5, 86], [5, 83], [5, 5], [70, 61], [62, 64], [44, 58], [93, 48], [81, 86], [45, 9], [91, 43], [15, 27], [6, 85], [33, 10], [12, 35], [72, 49], [28, 0], [17, 38], [68, 99], [38, 5], [29, 88], [58, 48], [14, 45], [87, 85], [21, 68], [19, 49], [51, 11], [11, 93], [60, 26], [83, 56], [9, 92], [40, 9], [39, 68], [54, 39], [46, 31], [88, 93], [76, 72], [60, 13], [78, 70], [19, 1], [41, 47], [98, 82], [22, 66], [8, 92], [77, 23], [71, 99], [59, 46], [45, 45], [98, 74], [79, 13], [69, 66], [91, 18], [75, 76], [77, 14], [76, 64], [92, 24], [80, 88], [68, 72], [90, 83], [39, 27], [18, 57], [35, 76], [84, 89], [31, 53], [52, 23], [80, 51], [14, 29], [57, 63], [72, 3], [65, 24], [66, 16], [53, 14], [23, 84], [52, 22], [62, 36], [53, 53], [53, 31], [12, 78], [42, 32], [43, 4], [95, 26], [68, 10], [27, 80], [64, 12], [20, 49], [26, 31], [20, 2], [40, 68], [42, 72], [89, 42], [59, 37], [72, 2], [32, 98], [8, 71], [62, 46], [18, 29], [95, 65], [78, 35], [20, 87], [81, 16], [78, 19], [67, 69], [8, 44], [29, 61], [6, 87], [16, 30], [82, 97], [12, 24], [92, 16], [68, 11], [27, 83], [17, 99], [83, 86], [14, 28], [75, 13], [20, 55], [77, 10], [71, 21], [82, 76], [52, 78], [31, 14], [79, 81], [32, 97], [19, 92], [7, 38], [22, 96], [91, 16], [49, 8], [19, 45], [47, 54], [19, 40], [92, 19], [84, 19], [81, 94], [30, 36], [39, 52], [86, 40], [89, 95], [96, 98], [65, 9], [40, 47], [21, 9], [42, 18], [75, 47], [45, 96], [6, 69], [1, 68], [34, 45], [18, 87], [99, 60], [76, 88], [71, 58], [27, 1], [46, 38], [28, 34], [39, 25], [4, 46], [94, 96], [9, 42], [99, 84], [79, 77], [94, 16], [2, 77], [58, 93], [42, 24], [97, 70], [64, 45], [30, 38], [62, 10], [12, 26], [61, 48], [26, 24], [52, 76], [27, 54], [98, 42], [37, 77], [40, 74], [48, 79], [91, 91], [4, 62], [81, 23], [20, 61], [28, 75], [35, 28], [85, 68], [44, 28], [99, 80], [67, 14], [24, 0], [55, 18], [76, 13], [77, 26], [67, 99], [6, 4], [68, 14], [19, 14], [4, 51], [89, 94], [59, 14], [73, 39], [86, 26], [57, 88], [65, 36], [78, 62], [27, 23], [88, 16], [36, 13], [31, 44], [89, 97], [77, 3], [17, 87], [62, 34], [15, 4], [84, 35], [73, 38], [46, 1], [37, 26], [47, 99], [97, 33], [32, 77], [41, 37], [19, 32], [22, 13], [60, 45], [74, 82], [64, 0], [33, 99], [82, 53], [70, 33], [15, 86], [44, 40], [24, 71], [53, 12], [3, 52], [56, 11], [68, 6], [70, 2], [90, 46], [37, 79], [16, 27], [9, 9], [0, 27], [97, 35], [60, 38], [7, 17], [41, 93], [20, 66], [42, 4], [52, 13], [19, 56], [79, 48], [37, 87], [52, 97], [61, 54], [78, 40], [2, 49], [13, 10], [55, 9], [81, 1], [32, 14], [96, 97], [75, 77], [58, 49], [80, 79], [43, 25], [7, 83], [27, 72], [6, 32], [1, 74], [41, 50], [65, 68], [53, 58], [33, 8], [25, 67], [65, 4], [61, 32], [23, 54], [84, 32], [37, 19], [67, 79], [31, 85], [97, 81], [39, 32], [36, 11], [14, 41], [9, 44], [78, 23], [99, 42], [59, 21], [29, 56], [92, 38], [20, 46], [24, 56], [81, 98], [27, 42], [78, 57], [52, 52], [0, 48], [56, 47], [95, 25], [39, 55], [72, 90], [8, 52], [3, 12], [51, 94], [43, 18], [75, 91], [21, 77], [62, 13], [41, 72], [38, 29], [12, 31], [29, 11], [76, 71], [70, 1], [7, 70], [1, 53], [7, 25], [72, 69], [81, 90], [3, 26], [20, 24], [87, 35], [62, 74], [14, 44], [44, 74], [83, 55], [37, 12], [23, 22], [21, 26], [2, 2], [17, 72], [30, 77], [98, 7], [56, 96], [38, 84], [89, 27], [0, 31], [13, 34], [59, 13], [82, 68], [83, 76], [8, 60], [48, 65], [33, 29], [71, 60], [2, 72], [87, 16], [37, 9], [87, 96], [36, 87], [30, 21], [37, 6], [46, 60], [46, 72], [86, 49], [29, 83], [80, 41], [10, 7], [8, 68], [94, 59], [68, 5], [91, 22], [84, 82], [7, 79], [45, 57], [22, 79], [83, 12], [49, 37], [50, 30], [91, 14], [24, 76], [47, 35], [54, 16], [25, 55], [66, 29], [84, 9], [85, 85], [93, 11], [38, 7], [16, 81], [71, 11], [66, 82], [93, 20], [21, 60], [99, 66], [18, 42], [86, 88], [18, 19], [63, 55], [96, 24], [91, 13], [96, 42], [98, 68], [1, 73], [77, 93], [27, 78], [51, 75], [83, 92], [42, 90], [43, 2], [41, 12], [13, 57], [39, 20], [43, 8], [93, 38], [29, 53], [77, 29], [94, 25], [35, 83], [96, 95], [5, 6], [42, 9], [71, 0], [18, 21], [43, 75], [85, 33], [39, 3], [40, 58], [84, 93], [63, 5], [45, 71], [96, 4], [7, 6], [71, 57], [40, 20], [8, 70], [3, 29], [3, 77], [68, 64], [76, 40], [56, 70], [94, 6], [27, 18], [89, 20], [56, 18], [80, 29], [30, 95], [28, 48], [10, 67], [62, 39], [73, 82], [53, 74], [43, 29], [57, 95], [4, 83], [78, 86], [72, 9], [31, 41], [96, 3], [58, 32], [29, 72], [40, 95], [1, 47], [81, 75], [97, 95], [74, 31], [46, 62], [12, 88], [31, 31], [82, 62], [58, 2], [25, 50], [87, 41], [10, 35], [19, 15], [5, 71], [63, 18], [37, 31], [81, 61], [79, 17], [46, 66], [38, 63], [43, 20], [30, 5], [3, 34], [99, 39], [56, 22], [29, 49], [72, 32], [64, 29], [47, 61], [58, 41], [49, 61], [20, 70], [82, 55], [32, 9], [3, 91], [82, 66], [79, 76], [62, 17], [9, 40], [92, 45], [32, 6], [55, 61], [22, 1], [79, 32], [12, 47], [79, 44], [2, 22], [17, 63], [80, 10], [60, 36], [78, 94], [61, 25], [86, 75], [61, 40], [73, 48], [91, 94], [51, 25], [48, 6], [55, 60], [54, 15], [52, 74], [80, 64], [54, 71], [66, 78], [66, 34], [15, 1], [96, 32], [50, 1], [30, 16], [35, 4], [25, 61], [83, 29], [61, 7], [59, 88], [76, 5], [67, 67], [61, 8], [12, 76], [30, 27], [24, 98], [77, 27], [92, 60], [92, 78], [4, 25], [97, 83], [76, 12], [83, 89], [6, 39], [90, 75], [1, 30], [75, 30], [31, 70], [63, 14], [11, 63], [88, 85], [62, 95], [23, 5], [22, 82], [8, 4], [59, 18], [45, 66], [36, 97], [80, 52], [97, 55], [38, 31], [6, 99], [68, 62], [17, 90], [57, 92], [83, 62], [25, 90], [42, 49], [22, 80], [42, 45], [39, 29], [34, 84], [90, 85], [13, 35], [1, 79], [90, 8], [62, 89], [50, 6], [54, 63], [91, 7], [96, 90], [33, 24], [61, 71], [10, 25], [38, 17], [3, 27], [74, 17], [70, 19], [95, 68], [73, 29], [80, 45], [78, 85], [72, 62], [30, 61], [1, 75], [15, 35], [1, 7], [87, 34], [5, 75], [20, 98], [34, 12], [97, 62], [11, 59], [41, 9], [68, 9], [69, 42], [99, 87], [84, 83], [27, 96], [34, 32], [10, 33], [82, 70], [11, 9], [35, 72], [97, 75], [75, 97], [13, 99], [62, 49], [32, 7], [75, 25], [89, 40], [73, 5], [62, 8], [14, 85], [68, 85], [5, 24], [46, 76], [54, 2], [92, 28], [50, 34], [54, 0], [95, 93], [8, 86], [31, 22], [1, 3], [56, 83], [13, 87], [76, 10], [30, 82], [31, 63], [35, 50], [60, 69], [62, 69], [91, 8], [79, 94], [4, 9], [68, 45], [75, 74], [87, 27], [93, 40], [49, 65], [26, 7], [20, 16], [63, 4], [79, 46], [71, 76], [95, 20], [83, 26], [29, 19], [80, 72], [1, 81], [56, 62], [92, 49], [71, 62], [93, 91], [85, 98], [34, 16], [83, 83], [80, 95], [82, 35], [58, 75], [85, 24], [5, 47], [87, 82], [40, 16], [62, 43], [57, 76], [7, 24], [29, 41], [13, 59], [6, 98], [48, 52], [78, 11], [46, 5], [55, 74], [55, 59], [23, 70], [32, 44], [28, 25], [96, 56], [32, 61], [66, 27], [6, 17], [71, 91], [97, 60], [57, 54], [26, 43], [2, 66], [58, 35], [30, 84], [73, 43], [74, 9], [55, 12], [57, 30], [68, 88], [48, 8], [70, 62], [41, 35], [36, 80], [39, 99], [70, 46], [57, 74], [99, 99], [59, 77], [78, 64], [87, 94], [29, 9], [84, 54], [85, 19], [67, 53], [92, 94], [42, 52], [0, 65], [78, 28], [2, 86], [3, 86], [26, 84], [96, 75], [99, 82], [94, 58], [89, 9], [55, 56], [24, 6], [40, 31], [64, 16], [0, 17], [10, 38], [44, 36], [39, 21], [85, 78], [91, 97], [4, 14], [65, 56], [74, 64], [70, 63], [16, 39], [40, 33], [72, 76], [92, 22], [64, 57], [68, 71], [83, 20], [2, 42], [27, 14], [22, 33], [97, 90], [88, 94], [97, 16], [9, 54], [94, 86], [26, 15], [36, 81], [12, 9], [28, 8], [68, 24], [50, 98], [54, 55], [62, 38], [61, 77], [97, 51], [68, 36], [25, 30], [63, 94], [30, 40], [67, 60], [26, 60], [6, 33], [6, 16], [32, 70], [46, 93], [43, 9], [57, 45], [43, 52], [84, 69], [7, 42], [54, 53], [56, 3], [16, 34], [26, 57], [99, 94], [14, 43], [45, 59], [54, 14], [36, 93], [51, 31], [32, 5], [36, 34], [36, 89], [98, 85], [46, 32], [16, 88], [97, 22], [76, 29], [24, 67], [98, 41], [12, 5], [6, 79], [36, 46], [15, 22], [30, 32], [66, 31], [71, 93], [77, 76], [97, 86], [18, 50], [66, 77], [52, 10], [0, 62], [23, 66], [66, 21], [23, 16], [4, 60], [63, 24], [0, 63], [36, 45], [58, 12], [61, 0], [97, 80], [41, 1], [47, 89], [50, 67], [47, 3], [35, 30], [79, 63], [42, 16], [62, 41], [16, 95], [0, 46], [84, 25], [29, 38], [44, 76], [11, 42], [9, 71], [36, 2], [85, 70], [4, 19], [16, 57], [65, 2], [94, 50], [52, 31], [28, 30], [3, 38], [53, 47], [16, 66], [1, 44], [35, 64], [0, 15], [47, 1], [3, 72], [32, 50], [22, 37], [23, 78], [55, 80], [84, 23], [28, 59], [31, 93], [54, 94], [72, 8], [55, 27], [82, 95], [55, 3], [51, 41], [15, 50], [97, 17], [86, 11], [81, 19], [3, 15], [56, 14], [91, 93], [40, 66], [3, 80], [86, 3], [70, 29], [20, 72], [35, 9], [71, 23], [14, 32], [10, 90], [58, 26], [39, 16], [39, 70], [3, 13], [75, 18], [9, 63], [33, 97], [57, 11], [50, 46], [76, 89], [78, 3], [84, 42], [12, 49], [94, 20], [59, 30], [36, 9], [76, 87], [82, 58], [57, 13], [17, 29], [40, 25], [0, 79], [42, 29], [59, 59], [39, 8], [96, 47], [89, 18], [11, 61], [82, 52], [27, 60], [3, 55], [45, 76], [21, 5], [60, 41], [85, 81], [56, 82], [84, 71], [39, 2], [64, 24], [26, 95], [62, 88], [30, 59], [70, 57], [26, 48], [69, 5], [84, 84], [83, 77], [44, 0], [24, 34], [83, 45], [26, 49], [33, 40], [43, 60], [86, 77], [27, 44], [8, 32], [53, 36], [79, 95], [51, 39], [38, 87], [2, 0], [84, 13], [31, 86], [99, 88], [42, 37], [90, 11], [37, 70], [80, 57], [90, 21], [61, 67], [91, 19], [72, 57], [28, 89], [33, 23], [68, 69], [80, 86], [67, 29], [57, 52], [66, 99], [86, 1], [47, 94], [18, 53], [77, 85], [98, 35], [20, 86], [43, 16], [3, 5], [65, 28], [12, 32], [67, 70], [3, 4], [3, 98], [30, 52], [78, 69], [30, 94], [68, 28], [48, 82], [57, 32], [8, 0], [2, 17], [88, 1], [68, 16], [43, 6], [1, 24], [85, 72], [60, 53], [10, 29], [59, 48], [36, 85], [28, 31], [41, 27], [84, 98], [74, 44], [63, 19], [36, 91], [31, 16], [20, 19], [33, 32], [44, 53], [13, 84], [21, 36], [40, 97], [30, 72], [5, 40], [63, 95], [16, 74], [6, 84], [48, 77], [79, 61], [49, 13], [83, 73], [30, 47], [33, 56], [39, 33], [28, 20], [88, 84], [70, 42], [16, 52], [20, 74], [50, 87], [91, 0], [5, 53], [32, 64], [62, 12], [29, 70], [55, 77], [6, 13], [29, 1], [28, 41], [0, 7], [31, 28], [66, 30], [35, 69], [62, 78], [3, 63], [0, 40], [1, 97], [0, 39], [6, 23], [54, 28], [89, 92], [48, 30], [22, 4], [79, 99], [69, 23], [52, 1], [96, 91], [48, 27], [21, 29], [16, 18], [47, 95], [24, 89], [95, 30], [3, 22], [85, 2], [64, 18], [14, 71], [5, 12], [4, 18], [41, 36], [85, 13], [59, 56], [66, 92], [20, 12], [34, 19], [3, 35], [75, 93], [85, 12], [67, 31], [85, 16], [24, 19], [22, 36], [13, 66], [35, 57], [21, 65], [90, 59], [40, 23], [93, 84], [5, 96], [78, 5], [65, 88], [61, 30], [63, 21], [2, 52], [91, 2], [58, 51], [38, 50], [47, 55], [54, 13], [73, 0], [55, 29], [32, 27], [26, 45], [93, 92], [16, 68], [29, 95], [73, 32], [1, 88], [33, 47], [77, 99], [96, 76], [9, 26], [11, 65], [29, 17], [50, 49], [70, 39], [49, 82], [17, 78], [17, 46], [22, 53], [87, 26], [55, 41], [17, 56], [79, 59], [35, 43], [76, 65], [85, 56], [64, 70], [63, 1], [0, 42], [8, 47], [93, 51], [39, 15], [16, 48], [70, 10], [79, 80], [51, 62], [2, 4], [16, 31], [19, 65], [91, 17], [80, 99], [43, 35], [99, 48], [61, 59], [88, 23], [21, 88], [93, 26], [11, 64], [76, 70], [38, 66], [69, 77], [90, 52], [49, 35], [76, 4], [87, 37], [24, 59], [38, 22], [50, 11], [58, 47], [65, 34], [95, 47], [7, 27], [10, 96], [66, 90], [3, 30], [32, 88], [52, 64], [93, 44], [21, 38], [69, 11], [28, 57], [44, 97], [33, 77], [90, 36], [97, 57], [49, 64], [77, 17], [8, 50], [80, 7], [79, 35], [91, 48], [30, 3], [9, 84], [86, 60], [67, 9], [19, 37], [82, 88], [96, 88], [99, 54], [7, 88], [14, 35], [67, 17], [10, 26], [68, 19], [99, 40], [74, 8], [17, 34], [90, 9], [69, 24], [30, 78], [56, 66], [80, 20], [29, 79], [87, 17], [62, 67], [69, 38], [35, 82], [64, 41], [31, 91], [85, 99], [55, 21], [92, 8], [11, 77], [41, 65], [31, 26], [41, 24], [63, 72], [72, 77], [10, 88], [55, 39], [63, 33], [27, 31], [47, 77], [69, 65], [98, 28], [61, 42], [57, 57], [16, 64], [35, 7], [10, 47], [90, 20], [47, 70], [39, 65], [88, 31], [58, 18], [73, 10], [57, 33], [37, 36], [56, 20], [30, 58], [10, 10], [59, 25], [75, 37], [90, 54], [95, 71], [34, 53], [19, 53], [53, 29], [54, 47], [31, 90], [71, 16], [47, 84], [37, 13], [51, 8], [67, 19], [60, 66], [7, 71], [97, 85], [36, 12], [3, 74], [28, 1], [83, 25], [19, 89], [16, 53], [95, 91], [46, 33], [56, 31], [12, 72], [2, 35], [60, 6], [28, 62], [17, 73], [43, 12], [81, 85], [2, 26], [86, 4], [76, 78], [31, 32], [51, 99], [66, 10], [77, 60], [91, 27], [41, 34], [52, 49], [99, 95], [51, 47], [91, 76], [81, 6], [58, 37], [52, 70], [96, 33], [69, 36], [84, 40], [38, 27], [24, 72], [78, 17], [34, 30], [18, 18], [66, 50], [66, 24], [34, 42], [1, 17], [14, 70], [11, 67], [86, 92], [34, 37], [39, 13], [21, 35], [76, 85], [55, 45], [77, 82], [89, 14], [58, 34], [45, 12], [40, 0], [63, 7], [25, 80], [71, 69], [7, 1], [27, 10], [7, 51], [66, 85], [51, 85], [69, 41], [80, 23], [64, 39], [70, 14], [22, 6], [87, 46], [85, 73], [87, 30], [15, 57], [59, 76], [76, 2], [84, 18], [19, 68], [98, 66], [25, 98], [26, 27], [69, 97], [2, 16], [19, 74], [21, 32], [60, 28], [62, 56], [12, 40], [35, 56], [22, 11], [20, 85], [3, 50], [18, 7], [69, 26], [51, 96], [55, 7], [21, 96], [74, 88], [47, 16], [14, 8], [21, 41], [38, 71], [28, 40], [69, 71], [37, 80], [28, 46], [0, 2], [21, 74], [1, 34], [47, 76], [3, 71], [38, 74], [26, 64], [10, 3], [4, 99], [33, 18], [9, 49], [45, 36], [66, 86], [47, 45], [89, 82], [96, 94], [29, 69], [82, 39], [49, 39], [2, 12], [3, 78], [13, 36], [24, 47], [50, 85], [28, 32], [85, 14], [17, 1], [8, 95], [0, 52], [63, 99], [38, 34], [94, 18], [83, 85], [40, 91], [69, 74], [20, 34], [78, 0], [28, 3], [37, 90], [8, 99], [73, 73], [83, 47], [16, 20], [72, 48], [96, 82], [59, 75], [18, 44], [17, 57], [90, 27], [94, 85], [41, 57], [92, 14], [79, 29], [14, 53], [16, 87], [22, 99], [20, 33], [3, 93], [46, 49], [37, 75], [44, 35], [68, 89], [32, 20], [21, 2], [81, 3], [89, 84], [4, 36], [24, 78], [35, 22], [56, 38], [45, 74], [19, 62], [14, 86], [33, 31], [43, 3], [75, 89], [36, 22], [89, 88], [73, 84], [25, 14], [61, 29], [0, 24], [36, 29], [70, 81], [74, 23], [48, 33], [16, 58], [22, 12], [39, 82], [86, 83], [65, 53], [49, 69], [12, 51], [70, 98], [75, 3], [77, 63], [82, 36], [11, 10], [92, 81], [92, 17], [83, 22], [16, 51], [40, 24], [69, 7], [87, 9], [82, 29], [56, 50], [23, 32], [50, 10], [24, 63], [84, 38], [80, 60], [77, 33], [8, 81], [25, 44], [0, 78], [9, 91], [81, 24], [5, 93], [66, 47], [39, 59], [92, 25], [76, 6], [66, 4], [61, 78], [21, 82], [86, 91], [16, 6], [71, 36], [25, 84], [59, 28], [10, 77], [77, 4], [84, 78], [0, 16], [33, 57], [25, 11], [41, 53], [2, 73], [21, 71], [70, 18], [92, 35], [24, 83], [79, 74], [96, 55], [32, 47], [56, 19], [47, 24], [7, 55], [28, 98], [37, 94], [41, 68], [75, 82], [70, 93], [22, 46], [45, 83], [28, 91], [51, 80], [4, 75], [11, 48], [30, 92], [96, 61], [47, 88], [12, 67], [97, 54], [51, 26], [17, 37], [94, 27], [68, 82], [16, 47], [74, 35], [2, 47], [13, 76], [1, 35], [41, 71], [59, 70], [27, 88], [8, 8], [85, 3], [48, 73], [20, 97], [38, 28], [21, 72], [57, 22], [28, 53], [68, 63], [30, 19], [72, 95], [39, 19], [83, 41], [1, 86], [35, 92], [15, 66], [86, 81], [55, 43], [6, 57], [79, 72], [0, 89], [98, 2], [63, 38], [24, 46], [4, 98], [40, 13], [65, 98], [5, 20], [4, 21], [90, 62], [34, 14], [17, 82], [4, 90], [8, 82], [94, 66], [49, 44], [40, 5], [10, 0], [75, 79], [69, 69], [87, 2], [99, 92], [49, 36], [95, 24], [1, 40], [95, 70], [39, 36], [32, 19], [10, 87], [37, 91], [93, 18], [36, 92], [43, 96], [78, 27], [77, 1], [11, 47], [57, 9], [34, 90], [68, 67], [20, 89], [80, 81], [53, 70], [49, 40], [87, 43], [83, 38], [19, 33], [76, 38], [62, 7], [85, 41], [60, 63], [11, 53], [49, 29], [62, 54], [29, 78], [71, 63], [34, 18], [0, 84], [89, 93], [66, 26], [6, 48], [43, 13], [49, 89], [35, 45], [90, 1], [31, 18], [5, 57], [15, 2], [97, 41], [92, 36], [1, 65], [38, 14], [87, 53], [2, 30], [93, 29], [3, 73], [36, 14], [18, 76], [85, 94], [41, 97], [46, 91], [99, 70], [49, 60], [63, 36], [83, 33], [99, 29], [81, 34], [97, 77], [0, 50], [10, 34], [25, 72], [99, 56], [87, 58], [80, 27], [72, 41], [64, 64], [64, 36], [94, 79], [74, 13], [54, 45], [13, 47], [25, 71], [59, 49], [25, 21], [58, 76], [53, 73], [50, 55], [37, 53], [48, 63], [52, 43], [47, 98], [50, 59], [71, 17], [58, 24], [39, 48], [95, 17], [1, 18], [68, 2], [92, 9], [9, 7], [23, 79], [57, 99], [86, 7], [83, 13], [7, 36], [47, 37], [67, 2], [79, 91], [39, 47], [3, 46], [33, 87], [54, 70], [81, 74], [52, 33], [58, 20], [92, 96], [2, 54], [48, 2], [56, 42], [53, 49], [53, 75], [75, 81], [12, 36], [94, 61], [59, 79], [4, 56], [71, 94], [77, 78], [7, 74], [91, 20], [67, 80], [43, 1], [41, 7], [30, 99], [51, 49], [72, 21], [55, 78], [79, 79], [98, 78], [5, 63], [80, 32], [89, 53], [78, 97], [55, 11], [68, 60], [43, 76], [97, 78], [43, 62], [99, 28], [51, 61], [66, 8], [15, 65], [84, 50], [8, 6], [21, 28], [0, 51], [44, 23], [22, 67], [1, 29], [94, 99], [51, 48], [41, 48], [92, 99], [99, 16], [91, 25], [80, 85], [56, 69], [94, 37], [84, 6], [25, 82], [74, 3], [89, 34], [33, 53], [76, 46], [98, 99], [63, 8], [88, 25], [23, 28], [87, 45], [49, 73], [57, 5], [52, 77], [51, 4], [28, 28], [14, 46], [4, 8], [56, 36], [27, 24], [46, 23], [91, 45], [16, 26], [56, 91], [62, 40], [82, 31], [18, 62], [78, 98], [24, 66], [36, 71], [2, 13], [85, 49], [82, 24], [62, 47], [3, 39], [28, 96], [63, 23], [87, 33], [9, 85], [73, 44], [67, 94], [74, 29], [70, 59], [74, 18], [70, 69], [34, 99], [74, 30], [57, 66], [25, 97], [77, 62], [87, 97], [57, 81], [39, 12], [73, 95], [40, 45], [10, 76], [90, 94], [65, 63], [16, 90], [60, 46], [69, 95], [9, 51], [21, 53], [50, 88], [93, 52], [92, 1], [31, 0], [62, 0], [29, 45], [82, 94], [72, 6], [24, 51], [18, 40], [18, 4], [59, 40], [7, 92], [91, 53], [32, 25], [65, 41], [9, 81], [32, 51], [91, 10], [33, 21], [99, 10], [98, 32], [35, 89], [24, 10], [47, 12], [23, 75], [98, 56], [35, 25], [87, 8], [65, 73], [10, 54], [57, 38], [56, 45], [39, 43], [76, 76], [89, 5], [54, 3], [22, 92], [14, 61], [58, 3], [77, 12], [15, 91], [0, 49], [17, 76], [12, 55], [69, 21], [37, 11], [6, 76], [74, 22], [58, 58], [42, 20], [50, 13], [83, 42], [35, 93], [73, 65], [56, 97], [70, 30], [14, 47], [20, 30], [72, 72], [85, 53], [6, 71], [51, 59], [61, 47], [78, 91], [57, 75], [81, 21], [84, 34], [25, 57], [56, 52], [68, 31], [93, 88], [65, 15], [72, 80], [8, 97], [85, 90], [13, 77], [38, 37], [98, 37], [13, 38], [24, 32], [36, 73], [61, 3], [75, 84], [59, 99], [18, 69], [67, 46], [39, 83], [34, 5], [27, 94], [96, 44], [15, 71], [27, 19], [67, 81], [40, 49], [39, 62], [35, 91], [9, 56], [64, 89], [22, 52], [21, 24], [48, 44], [62, 2], [1, 28], [13, 82], [90, 53], [85, 22], [92, 2], [11, 38], [34, 41], [35, 16], [68, 75], [46, 2], [59, 8], [98, 76], [95, 19], [72, 25], [71, 7], [92, 51], [67, 12], [49, 88], [1, 48], [52, 16], [99, 37]], "targets": [[36, 32], [65, 27], [19, 72], [39, 35], [1, 80], [56, 51], [85, 41], [41, 23], [7, 51], [7, 32], [86, 77], [22, 34], [22, 27], [93, 43], [85, 70], [45, 51], [95, 40], [1, 18], [25, 68], [91, 91], [23, 10], [85, 52], [52, 41], [4, 16], [86, 49], [17, 10], [66, 79], [31, 73], [54, 45], [91, 8], [6, 83], [44, 38], [84, 16], [68, 31], [20, 10], [70, 74], [49, 53], [38, 34], [55, 48], [78, 42], [39, 38], [93, 37], [21, 19], [86, 52], [54, 47], [14, 72], [99, 45], [56, 33], [96, 7], [62, 28], [16, 17], [75, 82], [82, 69], [6, 17], [48, 59], [42, 36], [50, 48], [83, 47], [34, 34], [96, 47], [6, 18], [13, 71], [24, 19], [85, 50], [50, 43], [49, 45], [87, 6], [58, 24], [12, 37], [25, 37], [95, 93], [21, 10], [87, 50], [20, 14], [67, 82], [49, 61], [19, 67], [40, 33], [56, 50], [13, 80], [81, 47], [99, 41], [34, 76], [36, 34], [99, 43], [44, 37], [91, 14], [70, 32], [38, 25], [13, 8], [74, 80], [23, 26], [94, 46], [84, 69], [6, 20], [55, 53], [46, 51], [48, 28], [2, 81], [53, 47], [82, 40], [53, 44], [90, 11], [34, 29], [70, 28], [20, 16], [68, 70], [98, 43], [1, 17], [10, 75], [94, 43], [51, 55], [32, 23], [90, 56], [40, 26], [60, 50], [54, 48], [46, 32], [85, 9], [70, 31], [14, 73], [81, 41], [7, 36], [20, 36], [92, 93], [22, 15], [82, 54], [10, 7], [73, 81], [36, 29], [11, 76], [84, 76], [2, 23], [93, 44], [54, 63], [18, 68], [45, 34], [56, 46], [42, 43], [97, 11], [31, 19], [91, 56], [59, 29], [22, 7], [74, 79], [13, 81], [52, 47], [85, 38], [12, 51], [99, 46], [32, 73], [36, 38], [49, 57], [98, 44], [1, 19], [48, 34], [97, 8], [45, 27], [57, 43], [61, 30], [42, 23], [13, 7], [69, 82], [8, 73], [25, 20], [93, 48], [86, 40], [84, 74], [8, 26], [51, 53], [29, 36], [47, 52], [49, 37], [93, 17], [62, 23], [49, 33], [8, 80], [7, 37], [21, 35], [98, 42], [97, 43], [94, 92], [18, 16], [81, 55], [17, 11], [76, 77], [48, 45], [77, 44], [26, 20], [85, 46], [51, 42], [98, 4], [50, 54], [22, 72], [6, 71], [31, 35], [58, 26], [17, 15], [71, 76], [56, 49], [42, 35], [55, 49], [97, 38], [1, 13], [86, 75], [1, 24], [56, 43], [84, 7], [1, 81], [80, 39], [96, 45], [30, 73], [50, 59], [61, 32], [18, 12], [72, 78], [20, 23], [96, 51], [28, 32], [45, 26], [49, 49], [50, 50], [93, 40], [54, 32], [89, 17], [15, 80], [62, 21], [15, 73], [75, 43], [43, 24], [13, 37], [19, 36], [53, 63], [94, 93], [22, 18], [82, 52], [10, 10], [77, 71], [39, 24], [48, 50], [31, 28], [25, 19], [92, 55], [2, 76], [95, 47], [51, 39], [98, 13], [88, 75], [2, 25], [97, 48], [3, 16], [52, 50], [63, 28], [17, 18], [73, 72], [51, 54], [24, 67], [80, 41], [42, 27], [4, 80], [51, 49], [47, 33], [97, 14], [37, 35], [26, 26], [86, 55], [68, 32], [19, 14], [74, 78], [94, 41], [55, 61], [6, 72], [47, 43], [75, 49], [12, 53], [99, 48], [32, 76], [48, 31], [93, 16], [49, 32], [49, 46], [80, 75], [5, 22], [40, 37], [61, 28], [9, 38], [19, 33], [90, 87], [17, 16], [86, 54], [20, 15], [75, 80], [24, 16], [95, 53], [47, 60], [3, 84], [94, 44], [5, 18], [45, 45], [94, 10], [77, 38], [48, 29], [52, 51], [57, 49], [60, 29], [41, 25], [17, 14], [78, 81], [31, 34], [15, 79], [96, 43], [48, 52], [21, 68], [45, 39], [94, 4], [25, 17], [93, 52], [97, 40], [76, 39], [38, 36], [53, 42], [80, 69], [6, 21], [63, 22], [16, 13], [67, 73], [15, 81], [53, 46], [28, 38], [52, 55], [51, 41], [90, 5], [63, 25], [14, 74], [42, 33], [10, 85], [76, 49], [8, 38], [27, 39], [24, 18], [96, 44], [94, 42], [96, 89], [20, 12], [94, 48], [5, 11], [81, 49], [16, 18], [71, 72], [35, 75], [57, 50], [47, 40], [85, 12], [52, 53], [33, 31], [50, 52], [2, 83], [61, 21], [21, 13], [73, 70], [82, 78], [5, 23], [41, 24], [48, 48], [85, 47], [97, 45], [31, 22], [88, 55], [53, 32], [92, 16], [47, 55], [23, 71], [9, 80], [95, 43], [28, 34], [70, 33], [39, 23], [22, 8], [70, 75], [52, 46], [46, 30], [53, 51], [82, 47], [52, 40], [95, 17], [93, 47], [6, 19], [8, 72], [48, 62], [26, 16], [85, 44], [60, 30], [8, 31], [27, 33], [92, 94], [21, 18], [81, 48], [12, 13], [78, 76], [30, 28], [79, 76], [9, 24], [41, 27], [60, 45], [48, 38], [92, 14], [3, 83], [53, 49], [78, 44], [8, 50], [98, 48], [28, 76], [48, 51], [99, 36], [70, 30], [17, 19], [70, 78], [27, 16], [93, 45], [39, 31], [54, 37], [85, 5], [38, 35], [9, 73], [56, 47], [76, 37], [52, 60], [21, 65], [59, 27], [18, 13], [74, 76], [56, 53], [95, 42], [0, 19], [84, 70], [7, 20], [55, 43], [86, 14], [6, 82], [96, 48], [32, 18], [95, 54], [38, 39], [42, 24], [56, 41], [62, 24], [18, 72], [75, 38], [43, 26], [7, 38], [27, 38], [56, 59], [92, 87], [19, 10], [85, 54], [19, 19], [66, 82], [9, 76], [56, 40], [84, 15], [99, 39], [48, 53], [45, 24], [48, 47], [40, 30], [29, 25], [93, 50], [63, 29], [17, 7], [69, 71], [52, 52], [2, 71], [87, 43], [95, 46], [29, 80], [45, 41], [94, 13], [82, 70], [4, 18], [93, 36], [2, 12], [44, 25], [58, 41], [51, 47], [62, 22], [19, 16], [78, 80], [30, 30], [10, 72], [57, 51], [25, 69], [53, 40], [85, 13], [29, 26], [96, 50], [85, 48], [63, 24], [44, 27], [2, 74], [12, 36], [23, 36], [99, 44], [97, 49], [91, 94], [16, 10], [84, 49], [10, 11], [78, 75], [59, 47], [54, 39], [93, 11], [50, 55], [40, 35], [47, 50], [78, 74], [2, 22], [82, 48], [23, 22], [92, 53], [14, 71], [67, 31], [41, 29], [15, 8], [66, 75], [42, 28], [58, 48], [50, 44], [98, 10], [96, 38], [3, 19], [53, 55], [31, 29], [12, 78], [55, 46], [84, 48], [8, 56], [95, 50], [27, 74], [64, 24], [15, 13], [71, 75], [29, 18], [96, 54], [52, 43], [97, 17], [44, 30], [56, 42], [48, 56], [19, 70], [96, 39], [88, 77], [2, 26], [11, 77], [29, 37], [64, 27], [16, 77], [75, 46], [9, 32], [25, 33], [89, 94], [18, 10], [82, 51], [21, 17], [71, 73], [50, 37], [97, 5], [57, 46], [39, 28], [55, 41], [27, 18], [91, 45], [47, 63], [13, 74], [99, 49], [93, 41], [4, 11], [69, 26], [13, 9], [74, 70], [30, 34], [50, 41], [89, 16], [77, 49], [37, 24], [7, 84], [50, 49], [54, 51], [51, 50], [80, 71], [5, 16], [30, 25], [87, 55], [67, 30], [40, 28], [19, 17], [75, 72], [44, 45], [92, 5], [93, 38], [40, 36], [7, 80], [81, 43], [99, 50], [30, 76], [47, 35], [58, 52], [48, 58], [23, 66], [60, 24], [13, 39], [19, 35], [89, 91], [23, 18], [84, 51], [21, 12], [69, 76], [50, 39], [89, 7], [55, 50], [22, 23], [89, 47], [8, 78], [96, 40], [1, 15], [30, 33], [87, 37], [44, 29], [60, 41], [45, 61], [87, 75], [7, 26], [58, 28], [12, 11], [71, 82], [48, 33], [93, 6], [11, 75], [95, 49], [57, 48], [24, 22], [90, 45], [95, 41], [39, 36], [79, 43], [45, 36], [58, 47], [52, 57], [64, 26], [16, 8], [70, 70], [42, 45], [84, 6], [3, 76], [60, 73], [62, 33], [80, 85], [53, 89], [50, 84], [95, 12], [48, 71], [74, 92], [98, 79], [37, 78], [75, 7], [53, 50], [83, 26], [85, 31], [55, 98], [65, 70], [89, 35], [70, 80], [21, 56], [47, 72], [77, 19], [91, 22], [62, 59], [95, 39], [46, 29], [92, 91], [4, 70], [74, 87], [34, 88], [14, 35], [46, 34], [13, 62], [85, 2], [87, 36], [27, 13], [12, 59], [86, 99], [2, 54], [14, 56], [46, 86], [60, 39], [84, 26], [84, 50], [94, 30], [57, 11], [59, 18], [57, 84], [27, 42], [31, 78], [51, 84], [63, 91], [26, 43], [69, 91], [22, 71], [84, 83], [19, 6], [70, 96], [6, 68], [89, 8], [94, 94], [36, 75], [1, 75], [80, 36], [45, 49], [10, 60], [77, 90], [6, 91], [47, 70], [7, 65], [51, 76], [3, 2], [55, 55], [88, 53], [37, 20], [36, 15], [87, 29], [58, 0], [76, 97], [94, 11], [24, 43], [78, 23], [74, 32], [83, 73], [10, 12], [18, 86], [79, 64], [0, 38], [70, 94], [59, 60], [37, 92], [79, 42], [49, 6], [12, 69], [35, 69], [87, 35], [18, 90], [16, 48], [32, 54], [87, 92], [53, 52], [12, 41], [81, 2], [20, 91], [5, 80], [66, 60], [94, 32], [65, 43], [25, 61], [56, 36], [3, 55], [9, 67], [86, 32], [22, 14], [95, 14], [76, 76], [74, 81], [65, 7], [99, 21], [32, 65], [3, 46], [63, 77], [34, 11], [11, 11], [2, 24], [93, 56], [23, 97], [85, 18], [0, 8], [83, 90], [99, 7], [80, 74], [49, 52], [52, 10], [9, 60], [2, 94], [62, 75], [66, 99], [40, 2], [47, 87], [56, 92], [97, 52], [24, 49], [50, 95], [25, 21], [7, 93], [16, 3], [19, 9], [74, 98], [8, 94], [35, 89], [27, 24], [96, 27], [59, 75], [48, 7], [62, 14], [78, 84], [83, 35], [26, 65], [8, 13], [86, 36], [27, 5], [60, 62], [84, 0], [46, 76], [34, 51], [1, 85], [67, 50], [38, 5], [21, 93], [74, 37], [7, 89], [37, 33], [62, 89], [83, 25], [60, 4], [39, 15], [35, 85], [0, 7], [33, 19], [21, 7], [57, 55], [31, 3], [31, 53], [57, 83], [48, 92], [8, 92], [87, 57], [74, 66], [92, 25], [63, 69], [2, 62], [39, 98], [82, 30], [50, 42], [22, 58], [35, 60], [54, 6], [45, 35], [15, 32], [82, 43], [84, 94], [71, 79], [21, 20], [18, 87], [44, 62], [52, 24], [66, 33], [11, 28], [78, 70], [87, 16], [78, 85], [45, 90], [73, 99], [92, 34], [41, 28], [61, 1], [85, 51], [27, 60], [94, 52], [73, 14], [77, 91], [45, 13], [16, 96], [8, 5], [77, 2], [32, 50], [23, 64], [91, 97], [56, 14], [26, 68], [11, 70], [48, 66], [15, 95], [77, 16], [84, 58], [65, 74], [93, 95], [81, 7], [12, 70], [95, 44], [5, 55], [55, 0], [2, 99], [78, 48], [44, 14], [7, 1], [43, 35], [11, 12], [46, 26], [61, 41], [21, 8], [55, 66], [30, 96], [73, 1], [98, 74], [92, 0], [20, 20], [98, 1], [44, 10], [18, 0], [35, 86], [2, 61], [53, 53], [77, 68], [54, 12], [3, 50], [38, 91], [44, 49], [96, 75], [35, 9], [65, 88], [26, 98], [6, 58], [48, 74], [84, 47], [41, 47], [91, 19], [96, 53], [90, 49], [53, 0], [47, 96], [6, 31], [35, 19], [17, 97], [94, 5], [57, 69], [49, 0], [95, 32], [37, 9], [74, 14], [95, 1], [36, 88], [19, 4], [10, 48], [91, 75], [19, 64], [99, 70], [26, 54], [20, 2], [55, 35], [79, 24], [30, 63], [95, 52], [32, 77], [97, 78], [11, 30], [66, 27], [50, 83], [79, 18], [83, 0], [79, 74], [69, 58], [87, 88], [48, 40], [47, 27], [77, 8], [0, 72], [8, 40], [83, 3], [41, 7], [21, 46], [97, 74], [38, 70], [61, 52], [77, 3], [68, 6], [57, 73], [28, 56], [33, 57], [66, 24], [40, 95], [40, 6], [11, 26], [99, 26], [37, 86], [86, 76], [69, 4], [79, 29], [71, 97], [51, 6], [54, 54], [25, 48], [80, 2], [62, 41], [45, 28], [36, 65], [39, 25], [27, 52], [29, 2], [0, 91], [87, 84], [13, 79], [28, 26], [23, 63], [6, 33], [88, 86], [11, 50], [87, 52], [1, 58], [85, 42], [72, 35], [5, 73], [97, 16], [58, 89], [3, 72], [14, 6], [50, 91], [34, 53], [2, 52], [6, 87], [94, 12], [63, 94], [61, 20], [95, 78], [78, 91], [1, 33], [19, 26], [72, 91], [42, 2], [75, 74], [45, 55], [90, 42], [38, 79], [6, 95], [85, 57], [93, 59], [57, 57], [63, 78], [47, 2], [23, 15], [21, 72], [39, 71], [78, 33], [62, 3], [11, 23], [79, 99], [84, 67], [1, 66], [40, 78], [61, 33], [17, 21], [27, 30], [39, 44], [37, 51], [34, 12], [65, 31], [99, 92], [51, 11], [75, 10], [24, 99], [73, 66], [78, 32], [98, 25], [40, 71], [12, 57], [11, 60], [55, 45], [76, 85], [80, 10], [72, 12], [21, 60], [73, 92], [25, 6], [4, 76], [1, 2], [15, 63], [18, 2], [14, 63], [74, 95], [4, 75], [86, 39], [13, 23], [51, 16], [12, 58], [24, 61], [85, 72], [76, 5], [28, 86], [94, 57], [33, 80], [0, 34], [25, 56], [30, 93], [49, 34], [1, 77], [43, 27], [77, 25], [75, 16], [19, 21], [96, 62], [88, 92], [66, 77], [90, 79], [28, 22], [20, 77], [88, 26], [89, 60], [68, 11], [47, 39], [60, 68], [15, 0], [64, 52], [87, 22], [41, 12], [28, 25], [88, 18], [10, 71], [40, 18], [13, 27], [38, 88], [56, 78], [86, 13], [57, 99], [99, 73], [4, 85], [6, 43], [14, 78], [94, 35], [10, 50], [38, 58], [7, 35], [31, 85], [72, 60], [82, 92], [36, 71], [80, 25], [77, 62], [22, 65], [80, 44], [81, 62], [95, 35], [81, 79], [11, 49], [34, 41], [26, 82], [35, 33], [9, 91], [85, 92], [3, 28], [23, 40], [14, 37], [72, 66], [59, 16], [3, 74], [37, 8], [65, 61], [75, 59], [75, 21], [62, 62], [77, 61], [83, 63], [15, 89], [9, 0], [23, 79], [38, 46], [22, 82], [36, 61], [99, 23], [77, 65], [36, 9], [77, 17], [47, 61], [41, 33], [28, 24], [30, 41], [77, 87], [65, 72], [89, 76], [80, 70], [90, 57], [34, 97], [26, 92], [68, 68], [58, 57], [89, 39], [6, 86], [89, 0], [79, 62], [89, 22], [65, 42], [51, 83], [51, 46], [87, 42], [66, 16], [51, 69], [41, 76], [17, 28], [11, 63], [81, 90], [93, 13], [41, 16], [61, 62], [30, 47], [11, 47], [86, 10], [52, 16], [82, 90], [52, 6], [65, 62], [34, 45], [82, 62], [10, 33], [74, 25], [63, 60], [71, 3], [66, 14], [57, 62], [89, 96], [7, 97], [25, 97], [12, 47], [89, 14], [83, 48], [95, 69], [38, 18], [38, 22], [92, 80], [7, 14], [94, 64], [61, 51], [34, 6], [34, 91], [36, 57], [86, 50], [99, 89], [67, 60], [92, 22], [97, 15], [20, 67], [37, 67], [64, 5], [45, 2], [4, 10], [30, 87], [42, 98], [29, 85], [50, 63], [30, 67], [44, 99], [18, 14], [97, 94], [42, 31], [24, 31], [82, 86], [59, 45], [80, 19], [18, 46], [18, 80], [85, 17], [44, 42], [8, 27], [30, 4], [14, 4], [44, 91], [22, 80], [70, 17], [49, 47], [56, 65], [99, 72], [8, 77], [22, 93], [10, 78], [50, 88], [34, 70], [24, 25], [66, 71], [40, 13], [83, 71], [28, 71], [54, 44], [35, 71], [83, 32], [3, 85], [74, 31], [74, 30], [2, 55], [21, 79], [91, 47], [37, 47], [27, 67], [1, 83], [25, 31], [78, 68], [25, 73], [17, 88], [96, 41], [20, 50], [22, 87], [95, 82], [73, 15], [39, 10], [87, 17], [98, 64], [45, 58], [76, 91], [30, 56], [48, 24], [34, 44], [34, 46], [82, 76], [54, 67], [43, 74], [59, 61], [26, 29], [81, 13], [5, 97], [15, 82], [65, 20], [74, 89], [12, 67], [62, 96], [63, 41], [34, 37], [68, 97], [17, 57], [79, 7], [9, 78], [72, 67], [56, 98], [6, 56], [36, 95], [27, 51], [78, 10], [62, 71], [80, 46], [10, 77], [70, 97], [58, 75], [93, 21], [87, 94], [60, 28], [84, 99], [87, 11], [98, 50], [25, 36], [21, 1], [46, 24], [24, 98], [35, 68], [0, 31], [99, 38], [38, 50], [11, 6], [50, 14], [33, 3], [82, 1], [27, 25], [97, 30], [60, 12], [68, 84], [28, 21], [32, 83], [58, 37], [40, 3], [11, 41], [72, 0], [42, 64], [39, 57], [46, 52], [20, 58], [30, 12], [93, 58], [87, 87], [10, 1], [88, 27], [0, 69], [3, 63], [89, 2], [38, 63], [75, 97], [32, 88], [42, 67], [15, 44], [15, 90], [86, 23], [76, 7], [5, 9], [74, 82], [31, 77], [67, 86], [74, 8], [80, 27], [98, 32], [76, 20], [68, 71], [63, 65], [4, 27], [14, 13], [55, 15], [17, 60], [70, 60], [73, 83], [80, 0], [8, 91], [61, 58], [56, 91], [5, 71], [87, 31], [81, 65], [18, 82], [3, 64], [80, 61], [20, 85], [94, 45], [60, 14], [6, 69], [31, 46], [12, 38], [10, 59], [86, 85], [73, 61], [30, 85], [66, 53], [23, 13], [95, 34], [29, 46], [97, 36], [28, 39], [10, 68], [53, 99], [50, 99], [43, 62], [55, 84], [27, 72], [29, 35], [18, 22], [34, 32], [11, 54], [73, 9], [3, 38], [80, 26], [44, 9], [56, 15], [85, 93], [62, 15], [48, 30], [79, 11], [97, 73], [12, 7], [11, 46], [69, 57], [4, 40], [39, 73], [83, 21], [41, 11], [76, 31], [40, 11], [93, 94], [11, 4], [86, 9], [53, 56], [56, 22], [7, 16], [91, 12], [74, 15], [52, 3], [82, 17], [55, 88], [27, 29], [4, 25], [67, 83], [28, 61], [0, 81], [64, 98], [92, 58], [22, 86], [93, 25], [56, 62], [28, 62], [38, 33], [32, 20], [18, 6], [80, 82], [4, 79], [21, 29], [93, 14], [35, 16], [0, 37], [47, 88], [97, 34], [36, 30], [50, 51], [11, 33], [42, 63], [45, 9], [91, 61], [75, 75], [42, 62], [32, 49], [61, 70], [16, 92], [65, 22], [41, 73], [81, 94], [7, 64], [61, 38], [65, 24], [0, 90], [8, 28], [49, 95], [35, 7], [79, 91], [37, 42], [19, 45], [1, 23], [99, 25], [79, 44], [40, 10], [62, 38], [0, 13], [37, 57], [42, 51], [70, 3], [54, 3], [77, 59], [94, 25], [28, 67], [76, 81], [59, 91], [59, 74], [11, 35], [41, 34], [13, 57], [37, 61], [44, 11], [89, 79], [94, 65], [20, 82], [48, 2], [65, 30], [66, 64], [34, 3], [74, 94], [29, 78], [32, 35], [88, 57], [82, 97], [73, 97], [80, 33], [46, 35], [55, 65], [11, 5], [51, 90], [72, 40], [66, 63], [35, 70], [51, 5], [27, 75], [28, 63], [94, 3], [37, 87], [89, 87], [6, 41], [0, 52], [56, 57], [95, 57], [67, 4], [52, 12], [79, 17], [37, 62], [96, 74], [95, 29], [85, 88], [97, 82], [89, 56], [61, 78], [53, 18], [80, 7], [9, 39], [0, 53], [95, 18], [46, 88], [62, 4], [51, 99], [77, 95], [57, 47], [20, 17], [2, 53], [5, 7], [99, 24], [65, 48], [84, 65], [99, 14], [57, 21], [36, 87], [95, 86], [27, 40], [60, 78], [29, 65], [62, 18], [78, 25], [67, 59], [4, 90], [91, 41], [4, 86], [20, 70], [18, 63], [7, 75], [99, 68], [55, 22], [66, 86], [75, 8], [26, 34], [57, 8], [88, 61], [74, 9], [8, 39], [39, 97], [34, 14], [99, 91], [23, 74], [58, 38], [75, 67], [46, 55], [76, 82], [38, 48], [55, 38], [49, 26], [31, 70], [81, 53], [70, 35], [28, 58], [24, 26], [71, 98], [24, 28], [1, 91], [63, 73], [0, 61], [70, 23], [21, 63], [87, 97], [43, 18], [35, 30], [96, 5], [91, 96], [12, 91], [92, 10], [93, 5], [75, 9], [96, 76], [28, 73], [74, 90], [21, 47], [11, 71], [49, 83], [25, 0], [0, 94], [85, 40], [65, 73], [6, 32], [7, 56], [81, 26], [82, 96], [64, 97], [16, 64], [56, 71], [32, 75], [69, 77], [90, 30], [15, 53], [42, 97], [11, 10], [43, 96], [44, 47], [54, 10], [11, 86], [2, 49], [21, 32], [97, 69], [9, 96], [79, 97], [33, 69], [83, 33], [96, 35], [40, 22], [52, 22], [97, 56], [88, 50], [72, 3], [86, 38], [26, 52], [72, 49], [97, 59], [66, 18], [87, 58], [99, 47], [57, 26], [23, 82], [44, 75], [3, 58], [66, 97], [83, 44], [77, 48], [62, 52], [61, 95], [11, 2], [13, 78], [41, 14], [16, 44], [57, 64], [6, 13], [82, 64], [96, 13], [24, 92], [52, 70], [19, 49], [40, 14], [56, 68], [61, 71], [15, 26], [47, 3], [90, 80], [33, 11], [75, 29], [52, 93], [15, 61], [76, 60], [35, 8], [68, 28], [14, 81], [64, 74], [29, 62], [85, 34], [94, 97], [57, 5], [18, 96], [31, 39], [6, 4], [16, 94], [32, 95], [75, 78], [46, 89], [37, 71], [7, 19], [9, 68], [1, 73], [95, 11], [27, 94], [19, 97], [56, 48], [70, 69], [65, 10], [74, 42], [4, 81], [24, 87], [66, 67], [59, 57], [67, 42], [81, 20], [47, 9], [69, 95], [12, 8], [85, 35], [19, 91], [96, 19], [56, 84], [94, 89], [71, 37], [34, 21], [67, 33], [15, 46], [74, 84], [0, 28], [13, 42], [86, 33], [43, 61], [13, 72], [33, 22], [57, 77], [15, 31], [83, 61], [57, 95], [47, 71], [58, 68], [58, 39], [49, 1], [50, 77], [49, 58], [94, 66], [3, 1], [0, 64], [86, 28], [75, 77], [60, 67], [71, 40], [81, 75], [6, 93], [98, 89], [5, 6], [63, 35], [86, 4], [48, 27], [68, 26], [72, 46], [79, 49], [25, 44], [38, 26], [66, 31], [75, 66], [94, 26], [28, 74], [40, 79], [97, 63], [33, 20], [61, 2], [35, 13], [78, 46], [1, 34], [75, 96], [2, 56], [48, 6], [0, 92], [8, 90], [46, 40], [6, 79], [80, 38], [59, 24], [31, 21], [64, 0], [21, 22], [47, 5], [70, 67], [35, 22], [94, 95], [83, 54], [49, 69], [35, 47], [66, 52], [84, 56], [81, 6], [63, 70], [95, 83], [3, 25], [76, 84], [52, 29], [15, 85], [6, 61], [17, 82], [76, 3], [88, 43], [52, 27], [73, 74], [22, 90], [68, 12], [26, 60], [72, 75], [37, 85], [56, 83], [14, 58], [88, 81], [14, 51], [9, 11], [43, 66], [4, 64], [55, 1], [13, 56], [94, 50], [49, 11], [79, 96], [55, 78], [21, 69], [83, 84], [78, 3], [20, 26], [29, 90], [87, 12], [98, 21], [83, 4], [6, 98], [96, 17], [40, 66], [48, 94], [15, 57], [69, 8], [97, 60], [96, 97], [12, 65], [97, 97], [93, 54], [88, 89], [89, 58], [91, 16], [71, 26], [14, 41], [17, 52], [32, 70], [47, 83], [23, 83], [79, 5], [61, 4], [42, 47], [76, 43], [5, 5], [15, 54], [25, 49], [30, 8], [42, 4], [54, 61], [18, 4], [53, 2], [26, 70], [57, 70], [45, 74], [92, 37], [76, 65], [12, 68], [64, 29], [71, 24], [12, 4], [4, 45], [70, 4], [50, 2], [47, 59], [48, 83], [68, 78], [2, 79], [83, 39], [78, 1], [47, 69], [45, 91], [56, 18], [56, 99], [19, 32], [34, 99], [39, 6], [90, 46], [37, 23], [85, 30], [58, 49], [20, 57], [16, 53], [79, 98], [66, 69], [30, 15], [82, 19], [80, 62], [10, 23], [73, 18], [98, 5], [75, 3], [43, 93], [33, 84], [2, 57], [46, 44], [90, 22], [79, 84], [93, 90], [77, 70], [19, 82], [54, 78], [69, 24], [46, 67], [21, 75], [54, 90], [31, 83], [1, 53], [63, 4], [75, 98], [6, 26], [33, 8], [69, 1], [86, 15], [98, 67], [96, 71], [87, 1], [33, 75], [82, 6], [61, 25], [47, 62], [35, 91], [67, 97], [86, 88], [66, 3], [22, 29], [27, 0], [91, 34], [30, 68], [19, 57], [86, 44], [12, 9], [54, 64], [61, 16], [81, 86], [57, 12], [59, 73], [94, 98], [32, 17], [3, 15], [47, 14], [29, 22], [67, 21], [33, 34], [38, 99], [11, 39], [65, 18], [24, 40], [65, 77], [96, 80], [75, 0], [52, 81], [33, 66], [86, 97], [54, 5], [73, 4], [25, 51], [71, 35], [90, 90], [94, 9], [44, 51], [91, 85], [74, 71], [48, 37], [93, 98], [75, 69], [48, 91], [48, 26], [17, 17], [45, 76], [15, 23], [83, 19], [17, 73], [93, 84], [81, 97], [10, 98], [15, 2], [54, 43], [46, 16], [35, 54], [55, 92], [12, 95], [97, 19], [40, 96], [19, 50], [55, 39], [2, 17], [76, 99], [64, 4], [47, 36], [48, 81], [57, 42], [68, 74], [47, 12], [71, 89], [16, 73], [23, 11], [19, 77], [39, 16], [75, 87], [34, 82], [62, 35], [42, 17], [11, 61], [45, 15], [14, 38], [58, 65], [9, 47], [34, 90], [11, 45], [43, 0], [57, 92], [68, 81], [57, 18], [56, 85], [12, 25], [38, 38], [83, 65], [46, 37], [76, 17], [28, 46], [64, 28], [23, 55], [20, 46], [44, 41], [20, 83], [59, 19], [58, 5], [47, 11], [17, 43], [49, 10], [78, 6], [90, 50], [48, 16], [59, 38], [38, 80], [63, 6], [77, 69], [31, 68], [3, 70], [90, 40], [97, 29], [96, 85], [84, 89], [58, 25], [26, 8], [13, 45], [16, 42], [11, 92], [95, 16], [49, 15], [35, 31], [81, 42], [67, 88], [2, 86], [19, 61], [29, 88], [31, 31], [51, 24], [14, 75], [97, 65], [46, 5], [59, 90], [56, 12], [88, 95], [6, 49], [69, 5], [67, 78], [36, 51], [81, 87], [2, 90], [15, 84], [40, 23], [39, 48], [23, 65], [58, 32], [4, 9], [1, 93], [55, 5], [54, 69], [84, 71], [90, 25], [27, 59], [61, 0], [16, 43], [63, 66], [72, 61], [77, 86], [70, 79], [31, 38], [70, 46], [23, 70], [38, 13], [0, 65], [61, 61], [79, 20], [44, 64], [35, 2], [91, 90], [91, 58], [43, 29], [88, 0], [64, 49], [75, 15], [14, 64], [32, 58], [79, 27], [3, 78], [96, 1], [31, 59], [77, 64], [0, 24], [86, 27], [81, 35], [56, 55], [51, 3], [8, 82], [26, 18], [18, 30], [66, 15], [8, 48], [30, 80], [91, 13], [95, 13], [75, 57], [71, 95], [35, 11], [15, 64], [79, 87], [24, 85], [94, 83], [75, 70], [68, 7], [8, 55], [92, 96], [53, 17], [72, 42], [52, 36], [52, 5], [52, 13], [64, 96], [54, 27], [83, 38], [27, 56], [90, 78], [99, 20], [58, 46], [70, 36], [15, 3], [59, 93], [24, 91], [7, 83], [67, 91], [41, 6], [52, 61], [14, 91], [25, 70], [61, 35], [32, 14], [87, 86], [57, 56], [5, 41], [18, 51], [41, 9], [53, 77], [28, 13], [33, 36], [17, 71], [69, 67], [1, 7], [27, 47], [89, 90], [25, 57], [82, 13], [84, 61], [14, 84], [89, 84], [12, 66], [76, 16], [3, 27], [33, 55], [2, 67], [43, 1], [52, 67], [36, 18], [83, 16], [76, 42], [35, 28], [48, 11], [83, 98], [11, 96], [24, 84], [77, 66], [82, 58], [92, 31], [2, 1], [19, 31], [68, 69], [85, 68], [92, 77], [72, 25], [88, 30], [64, 17], [73, 3], [41, 8], [29, 20], [44, 7], [26, 6], [22, 36], [7, 58], [13, 32], [84, 22], [60, 5], [69, 14], [13, 95], [0, 55], [55, 97], [53, 61], [35, 67], [80, 47], [25, 85], [93, 75], [8, 61], [48, 72], [87, 39], [49, 43], [45, 60], [26, 75], [76, 10], [53, 41], [43, 76], [90, 9], [38, 3], [34, 8], [36, 1], [9, 52], [65, 50], [84, 63], [18, 93], [10, 91], [94, 91], [69, 6], [4, 87], [78, 15], [52, 62], [16, 76], [4, 24], [92, 75], [1, 54], [57, 59], [97, 58], [3, 23], [28, 92], [4, 57], [0, 23], [35, 46], [4, 28], [98, 45], [12, 63], [26, 11], [52, 11], [20, 52], [9, 79], [35, 90], [64, 73], [54, 17], [17, 75], [62, 78], [28, 6], [3, 4], [86, 93], [47, 49], [16, 65], [72, 96], [5, 54], [55, 57], [6, 94], [78, 86], [48, 32], [0, 26], [31, 2], [55, 71], [20, 44], [94, 61], [11, 43], [64, 38], [24, 51], [22, 47], [12, 92], [75, 27], [42, 57], [54, 57], [38, 71], [84, 66], [17, 87], [24, 7], [46, 36], [16, 25], [22, 45], [80, 59], [15, 5], [93, 86], [46, 11], [86, 51], [78, 7], [44, 58], [46, 66], [58, 73], [8, 42], [1, 46], [17, 38], [56, 30], [80, 95], [88, 84], [29, 47], [86, 58], [69, 30], [9, 41], [97, 84], [66, 44], [9, 98], [39, 41], [27, 44], [89, 37], [58, 19], [79, 75], [69, 73], [39, 29], [43, 15], [37, 10], [25, 90], [92, 60], [34, 31], [20, 5], [82, 89], [69, 39], [49, 68], [93, 88], [75, 61], [27, 66], [19, 99], [98, 68], [91, 81], [98, 86], [23, 0], [65, 71], [78, 87], [97, 86], [13, 90], [95, 0], [18, 7], [4, 91], [79, 28], [78, 93], [57, 65], [37, 7], [26, 88], [43, 28], [88, 48], [14, 62], [28, 70], [64, 41], [36, 14], [11, 99], [28, 66], [44, 82], [47, 4], [88, 52], [3, 3], [21, 58], [14, 36], [3, 57], [98, 28], [95, 30], [96, 88], [14, 90], [17, 59], [55, 96], [4, 8], [70, 59], [46, 12], [17, 42], [86, 18], [4, 92], [33, 25], [2, 5], [77, 96], [17, 79], [20, 90], [3, 26], [38, 83], [26, 32], [38, 2], [43, 97], [75, 17], [5, 70], [13, 63], [99, 95], [32, 33], [20, 92], [80, 23], [19, 94], [54, 2], [46, 98], [62, 31], [44, 15], [52, 37], [98, 15], [47, 97], [15, 4], [30, 38], [67, 11], [83, 87], [93, 33], [6, 15], [0, 70], [91, 37], [27, 65], [44, 34], [99, 60], [53, 78], [10, 38], [40, 43], [19, 7], [44, 8], [32, 97], [94, 82], [48, 15], [46, 70], [20, 68], [77, 76], [98, 62], [7, 10], [44, 6], [89, 57], [80, 66], [30, 21], [12, 93], [88, 24], [0, 39], [33, 72], [94, 96], [28, 75], [36, 48], [32, 66], [72, 73], [81, 12], [16, 56], [25, 55], [3, 42], [74, 11], [93, 12], [88, 83], [3, 91], [52, 35], [55, 13], [19, 86], [2, 68], [47, 74], [21, 57], [30, 11], [24, 83], [9, 89], [30, 79], [96, 90], [46, 57], [57, 14], [46, 60], [30, 81], [58, 42], [50, 22], [15, 77], [39, 33], [2, 84], [92, 19], [98, 30], [7, 11], [15, 65], [56, 10], [86, 62], [2, 43], [94, 74], [5, 83], [33, 77], [73, 93], [63, 7], [90, 61], [5, 35], [83, 76], [72, 58], [96, 93], [27, 46], [66, 93], [19, 53], [91, 26], [15, 52], [64, 7], [53, 65], [10, 57], [75, 24], [74, 85], [79, 58], [18, 37], [9, 62], [75, 88], [40, 20], [48, 13], [10, 5], [59, 7], [74, 34], [52, 87], [96, 65], [7, 4], [91, 51], [0, 82], [68, 91], [35, 88], [84, 36], [49, 14], [96, 11], [9, 75], [90, 8], [20, 86], [88, 16], [16, 9], [94, 34], [94, 76], [19, 8], [55, 75], [96, 83], [57, 20], [13, 70], [13, 38], [46, 22], [47, 23], [61, 74], [49, 30], [2, 93], [73, 46], [1, 89], [34, 40], [7, 2], [40, 34], [47, 45], [29, 95], [74, 86], [77, 0], [26, 67], [85, 49], [16, 33], [44, 83], [39, 4], [38, 17], [72, 10], [96, 23], [2, 97], [8, 67], [50, 47], [53, 15], [14, 79], [84, 54], [6, 55], [93, 79], [68, 90], [93, 83], [19, 11], [22, 25], [27, 20], [98, 88], [66, 8], [94, 81], [2, 41], [55, 7], [16, 49], [25, 16], [78, 73], [71, 42], [42, 29], [96, 78], [14, 69], [3, 43], [46, 73], [73, 11], [0, 77], [79, 12], [69, 18], [21, 2], [26, 58], [70, 71], [79, 86], [43, 36], [39, 65], [51, 35], [10, 29], [63, 90], [69, 99], [69, 79], [11, 37], [49, 66], [60, 0], [34, 80], [62, 7], [79, 10], [69, 19], [29, 73], [89, 93], [50, 60], [87, 51], [18, 8], [84, 31], [8, 97], [95, 25], [81, 78], [36, 10], [20, 11], [14, 48], [12, 45], [68, 39], [65, 15], [63, 55], [65, 41], [91, 55], [4, 68], [49, 29], [87, 14], [81, 96], [86, 90], [11, 95], [81, 88], [80, 15], [99, 81], [36, 90], [87, 93], [97, 20], [53, 19], [33, 18], [93, 76], [66, 84], [18, 59], [43, 3], [38, 67], [96, 96], [71, 67], [59, 72], [31, 26], [54, 58], [43, 55], [91, 99], [84, 14], [95, 72], [53, 12], [66, 54], [14, 24], [29, 12], [40, 72], [57, 36], [55, 60], [20, 47], [1, 68], [36, 2], [18, 41], [72, 87], [20, 51], [51, 0], [9, 40], [73, 21], [75, 18], [64, 54], [30, 40], [38, 16], [6, 6], [76, 46], [22, 19], [79, 23], [6, 27], [26, 9], [33, 49], [95, 77], [72, 41], [63, 56], [93, 60], [89, 49], [10, 49], [80, 56], [31, 12], [78, 57], [58, 58], [96, 21], [66, 19], [89, 62], [52, 73], [10, 87], [53, 62], [70, 40], [79, 33], [56, 73], [35, 63], [76, 71], [47, 68], [30, 29], [80, 8], [54, 18], [25, 15], [92, 18], [45, 1], [60, 17], [92, 79], [11, 69], [57, 82], [41, 91], [49, 70], [13, 76], [86, 6], [1, 99], [98, 8], [79, 85], [42, 61], [71, 90], [35, 5], [17, 34], [25, 80], [31, 97], [57, 53], [33, 0], [37, 36], [81, 54], [72, 9], [29, 6], [41, 94], [49, 56], [20, 72], [48, 68], [61, 43], [24, 4], [67, 14], [89, 33], [96, 81], [29, 8], [89, 15], [32, 13], [58, 14], [36, 59], [53, 88], [3, 71], [77, 32], [18, 74], [50, 81], [4, 67], [37, 88], [16, 55], [54, 36], [21, 9], [84, 8], [43, 71], [86, 47], [3, 40], [95, 21], [19, 68], [58, 34], [60, 23], [65, 90], [84, 92], [40, 94], [67, 67], [91, 1], [74, 69], [37, 1], [76, 68], [23, 75], [95, 62], [97, 83], [17, 83], [5, 48], [77, 6], [22, 89], [39, 19], [61, 65], [82, 28], [84, 12], [45, 43], [8, 79], [32, 78], [1, 22], [38, 94], [77, 13], [40, 0], [43, 58], [89, 43], [24, 65], [41, 65], [29, 41], [51, 38], [38, 74], [95, 31], [27, 8], [50, 25], [79, 36], [12, 77], [67, 5], [99, 0], [74, 0], [91, 87], [72, 36], [39, 68], [34, 28], [12, 49], [49, 44], [16, 29], [75, 37], [77, 37], [35, 80], [46, 47], [94, 33], [99, 52], [37, 69], [69, 15], [55, 83], [98, 53], [46, 58], [98, 0], [23, 78], [91, 93], [6, 65], [12, 87], [43, 99], [92, 39], [98, 97], [99, 84], [89, 53], [60, 56], [20, 18], [24, 76], [51, 85], [94, 27], [55, 17], [56, 1], [58, 13], [79, 59], [75, 84], [61, 8], [3, 54], [13, 1], [73, 65], [88, 38], [4, 15], [99, 67], [29, 86], [74, 72], [50, 62], [77, 97], [68, 33], [22, 85], [56, 82], [94, 77], [53, 97], [93, 39], [4, 66], [60, 36], [34, 36], [88, 9], [84, 35], [4, 26], [66, 91], [9, 56], [12, 76], [57, 16], [83, 88], [86, 80], [26, 95], [69, 36], [48, 86], [34, 27], [23, 1], [58, 8], [48, 98], [2, 77], [82, 29], [55, 20], [11, 91], [32, 41], [40, 80], [7, 81], [35, 3], [17, 95], [6, 24], [46, 97], [24, 23], [24, 27], [78, 4], [75, 71], [36, 16], [22, 24], [4, 93], [35, 83], [97, 44], [71, 10], [56, 67], [23, 25], [59, 13], [7, 53], [14, 82], [77, 20], [20, 73], [36, 58], [67, 81], [82, 7], [68, 85], [58, 74], [68, 61], [93, 18], [32, 34], [4, 84], [82, 75], [6, 78], [78, 45], [41, 22], [42, 26], [63, 37], [32, 90], [15, 11], [28, 9], [46, 23], [99, 55], [79, 37], [48, 77], [93, 31], [25, 7], [63, 3], [10, 13], [92, 21], [69, 7], [29, 7], [69, 35], [90, 24], [43, 9], [20, 76], [13, 59], [39, 82], [70, 81], [73, 22], [62, 46], [37, 48], [85, 91], [51, 58], [9, 50], [32, 5], [43, 32], [2, 14], [41, 1], [18, 81], [31, 1], [20, 65], [98, 83], [17, 29], [36, 53], [63, 36], [68, 95], [29, 27], [47, 46], [28, 64], [61, 10], [68, 9], [22, 2], [45, 23], [28, 0], [24, 64], [88, 32], [34, 77], [85, 89], [53, 22], [83, 34], [64, 94], [53, 60], [75, 30], [39, 9], [39, 50], [87, 40], [51, 14], [51, 33], [38, 86], [40, 77], [70, 47], [61, 93], [1, 86], [25, 67], [74, 33], [5, 60], [87, 9], [90, 18], [66, 70], [75, 81], [46, 59], [33, 15], [67, 39], [48, 80], [89, 29], [20, 33], [90, 23], [7, 66], [78, 8], [97, 89], [49, 36], [68, 66], [48, 73], [18, 64], [7, 79], [93, 22], [54, 21], [65, 52], [22, 88], [41, 78], [15, 35], [38, 47], [54, 16], [23, 3], [67, 66], [72, 63], [54, 15], [31, 14], [60, 74], [58, 10], [94, 53], [41, 18], [76, 24], [56, 2], [51, 13], [7, 18], [95, 74], [41, 10], [14, 5], [76, 18], [26, 77], [20, 66], [87, 13], [60, 35], [2, 82], [64, 60], [0, 57], [42, 11], [82, 99], [73, 80], [51, 40], [54, 85], [1, 47], [98, 16], [99, 9], [24, 55], [98, 66], [29, 24], [45, 38], [66, 96], [76, 8], [5, 92], [21, 3], [39, 91], [65, 16], [20, 53], [57, 33], [9, 35], [54, 73], [37, 31], [43, 5], [63, 72], [39, 55], [44, 55], [88, 56], [65, 28], [36, 52], [92, 48], [77, 45], [18, 71], [23, 27], [73, 60], [92, 29], [93, 32], [12, 88], [5, 49], [73, 58], [23, 84], [20, 13], [82, 0], [66, 73], [30, 98], [67, 27], [41, 19], [2, 10], [24, 75], [13, 83], [2, 7], [55, 21], [69, 96], [84, 17], [58, 71], [79, 82], [32, 74], [75, 90], [87, 45], [67, 70], [33, 86], [9, 31], [80, 1], [82, 65], [19, 58], [87, 83], [90, 36], [38, 0], [49, 4], [65, 0], [34, 13], [92, 85], [49, 41], [11, 67], [61, 13], [37, 81], [71, 94], [16, 85], [88, 88], [35, 77], [32, 28], [14, 76], [9, 90], [99, 80], [36, 47], [85, 60], [36, 12], [50, 3], [17, 91], [48, 69], [14, 28], [80, 60], [58, 11], [60, 9], [74, 18], [72, 99], [40, 76], [23, 9], [76, 61], [59, 43], [19, 56], [72, 94], [79, 63], [12, 26], [54, 24], [69, 78], [48, 93], [62, 99], [57, 76], [86, 81], [98, 24], [72, 1], [49, 23], [2, 45], [63, 58], [13, 68], [60, 16], [98, 92], [25, 2], [86, 89], [38, 73], [70, 29], [11, 44], [76, 67], [8, 84], [44, 65], [32, 52], [49, 3], [46, 7], [86, 11], [50, 68], [72, 92], [20, 63], [52, 64], [39, 17], [48, 61], [2, 63], [33, 30], [49, 35], [70, 48], [9, 71], [83, 94], [30, 61], [81, 81], [77, 89], [74, 41], [83, 17], [54, 0], [72, 93], [23, 23], [68, 13], [61, 75], [62, 48], [56, 4], [50, 35], [29, 16], [27, 49], [62, 66], [19, 30], [30, 17], [32, 19], [67, 32], [40, 17], [71, 38], [26, 22], [16, 24], [6, 48], [52, 65], [1, 5], [48, 87], [41, 80], [91, 36], [24, 15], [56, 13], [90, 2], [82, 77], [41, 95], [67, 58], [55, 10], [13, 10], [53, 36], [17, 85], [64, 19], [6, 99], [29, 13], [76, 29], [73, 31], [89, 77], [64, 42], [96, 32], [32, 68], [81, 77], [82, 21], [16, 72], [79, 22], [62, 72], [47, 22], [98, 75], [72, 4], [10, 2], [75, 34], [33, 95], [34, 5], [21, 97], [92, 95], [78, 31], [78, 60], [74, 23], [57, 37], [13, 40], [32, 57], [0, 36], [60, 77], [88, 91], [25, 72], [59, 68], [78, 13], [37, 28], [11, 31], [58, 33], [55, 9], [55, 14], [30, 10], [67, 69], [17, 20], [19, 12], [69, 74], [5, 93], [98, 60], [97, 27], [77, 33], [74, 65], [30, 89], [31, 40], [45, 92], [40, 61], [59, 59], [2, 85], [41, 64], [10, 47], [22, 5], [52, 1], [45, 52], [55, 89], [43, 47], [8, 45], [52, 83], [86, 48], [59, 21], [12, 89], [59, 97], [81, 44], [59, 65], [69, 66], [26, 87], [8, 95], [76, 92], [27, 87], [11, 78], [27, 53], [34, 4], [16, 81], [0, 56], [59, 22], [42, 83], [34, 64], [73, 95], [56, 90], [80, 83], [1, 3], [76, 38], [47, 54], [81, 5], [68, 57], [68, 96], [68, 27], [10, 88], [46, 38], [67, 20], [63, 26], [21, 77], [25, 59], [12, 97], [10, 56], [22, 16], [54, 11], [76, 12], [31, 7], [39, 66], [18, 56], [39, 70], [47, 99], [45, 7], [33, 64], [82, 11], [59, 42], [61, 96], [16, 19], [8, 12], [55, 69], [78, 96], [16, 71], [3, 53], [35, 41], [2, 46], [32, 30], [43, 67], [84, 93], [83, 86], [26, 25], [23, 48], [29, 10], [21, 88], [41, 54], [33, 21], [83, 41], [43, 37], [0, 80], [60, 61], [87, 5], [81, 22], [35, 49], [21, 55], [22, 48], [94, 78], [44, 40], [1, 88], [37, 26], [29, 89], [89, 13], [24, 10], [54, 55], [49, 42], [5, 0], [47, 8], [14, 40], [72, 15], [84, 5], [34, 56], [92, 54], [90, 15], [47, 84], [73, 13], [30, 59], [62, 54], [80, 31], [28, 10], [70, 61], [28, 59], [25, 81], [74, 22], [68, 58], [69, 87], [33, 51], [61, 23], [93, 57], [40, 67], [37, 11], [84, 78], [4, 14], [46, 90], [98, 2], [20, 31], [9, 46], [26, 42], [90, 41], [98, 34], [30, 71], [88, 29], [99, 22], [99, 82], [9, 66], [56, 23], [94, 47], [38, 62], [80, 35], [72, 70], [85, 20], [20, 1], [55, 52], [94, 56], [53, 5], [20, 43], [25, 22], [22, 98], [87, 2], [51, 29], [59, 2], [17, 61], [20, 42], [42, 14], [11, 29], [18, 91], [30, 24], [7, 76], [60, 54], [38, 52], [75, 40], [2, 39], [82, 10], [56, 27], [90, 37], [14, 59], [92, 17], [60, 57], [88, 11], [88, 99], [59, 70], [6, 77], [36, 56], [29, 43], [16, 41], [15, 30], [83, 80], [1, 35], [50, 53], [30, 77], [21, 91], [66, 9], [89, 10], [40, 57], [14, 44], [91, 24], [79, 69], [70, 98], [54, 9], [98, 71], [68, 76], [16, 23], [17, 92], [27, 79], [97, 92], [37, 45], [57, 7], [67, 29], [35, 15], [13, 88], [29, 74], [19, 46], [32, 9], [36, 70], [17, 41], [69, 20], [82, 20], [8, 2], [69, 47], [18, 78], [26, 53], [24, 82], [53, 9], [9, 4], [91, 83], [66, 2], [1, 69], [23, 38], [40, 56], [83, 37], [10, 42], [59, 8], [48, 65], [63, 27], [58, 35], [25, 11], [75, 39], [24, 96], [4, 99], [69, 34], [36, 81], [91, 20], [54, 28], [40, 98], [76, 93], [31, 80], [39, 2], [77, 36], [24, 52], [28, 8], [19, 76], [35, 32], [24, 70], [76, 80], [85, 11], [43, 16], [30, 53], [89, 99], [48, 88], [33, 50], [98, 58], [80, 72], [62, 77], [65, 21], [15, 1], [39, 47], [98, 41], [20, 96], [17, 13], [37, 68], [16, 20], [42, 5], [82, 38], [21, 16], [78, 22], [63, 48], [23, 60], [78, 78], [53, 7], [3, 68], [39, 77], [33, 79], [96, 9], [22, 60], [43, 75], [73, 37], [25, 32], [92, 83], [81, 52], [10, 4], [83, 14], [25, 3], [4, 6], [39, 20], [61, 91], [17, 98], [79, 14], [21, 98], [53, 27], [24, 48], [38, 87], [18, 52], [42, 58], [29, 4], [13, 31], [29, 70], [0, 46], [42, 99], [5, 26], [21, 4], [2, 80], [8, 74], [17, 76], [25, 50], [58, 77], [0, 5], [57, 23], [47, 90], [79, 89], [9, 12], [68, 64], [72, 90], [47, 26], [22, 75], [92, 81], [79, 80], [39, 39], [88, 82], [91, 52], [90, 75], [79, 78], [10, 93], [62, 55], [23, 80], [33, 90], [62, 51], [29, 87], [60, 34], [21, 61], [87, 49], [66, 90], [64, 14], [31, 0], [34, 18], [67, 24], [33, 10], [27, 45], [80, 22], [19, 51], [28, 45], [35, 55], [97, 24], [5, 24], [44, 60], [24, 30], [35, 23], [31, 50], [73, 82], [45, 44], [38, 1], [81, 70], [12, 64], [21, 64], [58, 62], [69, 93], [80, 51], [7, 91], [60, 71], [5, 3], [41, 62], [1, 42], [56, 28], [48, 54], [34, 55], [75, 22], [61, 72], [11, 40], [93, 80], [74, 4], [59, 89], [95, 19], [50, 76], [10, 6], [96, 16], [71, 59], [81, 82], [75, 33], [99, 1], [39, 13], [77, 14], [47, 13], [98, 6], [97, 68], [14, 77], [91, 98], [24, 57], [0, 16], [27, 78], [82, 18], [81, 17], [39, 61], [18, 31], [31, 20], [69, 31], [71, 12], [82, 31], [13, 66], [83, 27], [81, 14], [47, 86], [4, 59], [9, 26], [42, 3], [30, 92], [28, 80], [51, 44], [5, 8], [76, 75], [7, 52], [33, 71], [49, 67], [40, 15], [8, 71], [96, 26], [93, 2], [44, 26], [17, 49], [93, 91], [94, 37], [2, 48], [67, 84], [39, 54], [2, 88], [15, 78], [81, 76], [9, 8], [26, 84], [45, 0], [29, 11], [18, 25], [96, 67], [70, 91], [96, 70], [28, 44], [32, 21], [35, 53], [85, 16], [71, 19], [83, 42], [70, 24], [39, 94], [50, 72], [38, 55], [6, 25], [83, 68], [57, 52], [14, 33], [43, 72], [44, 68], [70, 62], [38, 84], [42, 92], [57, 9], [4, 37], [93, 85], [44, 72], [47, 7], [43, 59], [52, 26], [7, 55], [75, 93], [1, 79], [18, 44], [18, 54], [91, 23], [32, 4], [33, 94], [36, 60], [41, 66], [94, 2], [66, 45], [79, 47], [96, 57], [62, 61], [82, 37], [0, 59], [0, 42], [32, 12], [23, 76], [49, 72], [73, 34], [26, 35], [48, 97], [2, 50]]}