{"meta": {"number_of_robots": 139, "description": {"parameters": {"seed": 4824, "shape": [20, 20], "obstacles": {"n": 5, "mean": 3, "std": 1.5}, "clusters": {"n": 3, "mean": 40, "std": 20.0, "relative_radius": 2, "increase_factor": 1.3, "start_dist": {"generator_name": "Image", "shape": [20, 20], "min": 96.0, "max": 239.0, "mean": 182.0775, "std": 29.391095484006716, "dtype": "uint64", "parameters": {"image": "universe_bgradiation.png", "transformer": {"name": "ColorChannelSelector", "channel": "b", "inverted": false}}}, "target_dist": {"generator_name": "Image", "shape": [20, 20], "min": 35.0, "max": 225.0, "mean": 153.7325, "std": 37.3879785994108, "dtype": "uint64", "parameters": {"image": "universe_bgradiation.png", "transformer": {"name": "ColorChannelSelector", "channel": "r", "inverted": false}}}}, "density": 0.4, "start_dist": {"generator_name": "Image", "shape": [20, 20], "min": 96.0, "max": 239.0, "mean": 182.0775, "std": 29.391095484006716, "dtype": "uint64", "parameters": {"image": "universe_bgradiation.png", "transformer": {"name": "ColorChannelSelector", "channel": "b", "inverted": false}}}, "target_dist": {"generator_name": "Image", "shape": [20, 20], "min": 35.0, "max": 225.0, "mean": 153.7325, "std": 37.3879785994108, "dtype": "uint64", "parameters": {"image": "universe_bgradiation.png", "transformer": {"name": "ColorChannelSelector", "channel": "r", "inverted": false}}}}, "stats": {"date": "2020-11-17", "free_area": 346.0, "number_of_clustered_robots": 106, "number_of_robots": 139}}}, "name": "universe_bgradiation_00000_20x20_40_139", "obstacles": [[1, 14], [1, 15], [1, 16], [1, 17], [2, 10], [2, 11], [2, 12], [2, 14], [2, 17], [3, 10], [3, 12], [3, 14], [3, 18], [4, 10], [4, 12], [4, 14], [4, 18], [5, 10], [5, 11], [5, 12], [5, 15], [5, 16], [5, 17], [5, 18], [7, 2], [7, 3], [7, 4], [7, 5], [7, 10], [7, 11], [7, 12], [8, 2], [8, 3], [8, 4], [8, 5], [8, 10], [8, 12], [9, 10], [9, 12], [10, 10], [10, 11], [10, 12]], "starts": [[17, 18], [15, 2], [15, 7], [16, 16], [14, 5], [18, 8], [13, 18], [10, 6], [15, 19], [14, 2], [13, 16], [14, 11], [18, 12], [19, 11], [17, 2], [16, 18], [10, 4], [13, 15], [15, 9], [17, 14], [11, 9], [19, 18], [18, 7], [19, 5], [19, 12], [18, 19], [9, 3], [14, 3], [14, 17], [9, 2], [13, 14], [18, 6], [19, 9], [19, 19], [19, 16], [13, 6], [11, 3], [14, 18], [18, 2], [15, 11], [12, 17], [16, 11], [19, 14], [14, 9], [12, 13], [18, 4], [15, 15], [18, 10], [17, 11], [12, 15], [16, 17], [11, 2], [17, 10], [12, 19], [8, 7], [18, 14], [18, 5], [11, 1], [14, 14], [12, 14], [18, 1], [17, 8], [15, 18], [10, 9], [14, 12], [17, 4], [17, 19], [16, 4], [13, 12], [15, 10], [16, 5], [19, 15], [15, 4], [13, 7], [12, 12], [12, 16], [17, 0], [15, 6], [17, 12], [12, 5], [13, 13], [13, 11], [9, 4], [12, 18], [15, 16], [16, 0], [17, 9], [19, 13], [19, 10], [16, 12], [16, 3], [14, 15], [16, 6], [16, 19], [19, 3], [10, 3], [18, 13], [8, 0], [14, 13], [18, 9], [19, 17], [12, 7], [18, 16], [14, 10], [15, 3], [15, 12], [6, 12], [9, 13], [1, 0], [19, 6], [1, 5], [10, 7], [16, 9], [0, 15], [0, 0], [12, 2], [9, 14], [7, 14], [6, 16], [10, 15], [6, 6], [6, 10], [14, 7], [11, 12], [9, 0], [2, 2], [4, 7], [4, 5], [13, 3], [1, 8], [17, 3], [2, 3], [18, 3], [1, 11], [13, 0], [4, 0], [17, 1], [9, 5], [6, 8]], "targets": [[12, 16], [17, 5], [6, 8], [11, 12], [5, 9], [18, 0], [9, 14], [3, 5], [14, 17], [18, 3], [8, 17], [5, 7], [16, 10], [2, 13], [14, 4], [6, 18], [0, 4], [7, 18], [16, 5], [11, 14], [1, 9], [10, 14], [17, 2], [5, 13], [13, 16], [11, 10], [1, 12], [16, 2], [13, 11], [1, 3], [17, 11], [19, 5], [2, 9], [3, 19], [12, 15], [15, 5], [6, 11], [13, 12], [0, 5], [16, 6], [6, 16], [0, 2], [15, 15], [18, 1], [13, 14], [3, 8], [11, 13], [15, 0], [1, 13], [13, 17], [12, 10], [0, 14], [18, 5], [17, 13], [0, 9], [5, 14], [14, 2], [0, 12], [16, 13], [8, 18], [1, 2], [12, 1], [9, 19], [2, 2], [12, 11], [12, 5], [12, 17], [3, 13], [15, 18], [13, 1], [3, 3], [12, 13], [5, 8], [19, 0], [11, 18], [9, 15], [4, 8], [12, 3], [17, 12], [1, 4], [13, 18], [12, 0], [1, 7], [10, 18], [7, 15], [6, 13], [13, 6], [11, 19], [3, 4], [13, 15], [13, 3], [16, 14], [6, 10], [16, 12], [18, 6], [0, 11], [14, 10], [1, 8], [15, 19], [15, 2], [15, 14], [6, 9], [10, 13], [15, 1], [5, 2], [9, 17], [19, 14], [17, 4], [19, 15], [18, 19], [0, 7], [12, 9], [8, 14], [10, 15], [1, 5], [14, 3], [10, 0], [13, 10], [3, 1], [2, 19], [13, 19], [0, 17], [18, 4], [13, 8], [6, 7], [6, 17], [0, 8], [9, 18], [8, 9], [4, 0], [14, 8], [10, 2], [5, 3], [7, 9], [16, 7], [7, 16], [6, 6], [8, 7], [13, 7]]}