{"meta": {"number_of_robots": 740, "description": {"parameters": {"seed": 9008, "shape": [50, 50], "obstacles": {"n": 10, "mean": 10, "std": 5.0}, "clusters": {"n": 5, "mean": 10, "std": 5.0, "relative_radius": 2, "increase_factor": 1.3, "start_dist": {"generator_name": "Image", "shape": [50, 50], "min": 28.0, "max": 245.0, "mean": 182.062, "std": 43.495440634622845, "dtype": "uint64", "parameters": {"image": "universe_bgradiation.png", "transformer": {"name": "ColorChannelSelector", "channel": "b", "inverted": false}}}, "target_dist": {"generator_name": "Image", "shape": [50, 50], "min": 12.0, "max": 246.0, "mean": 153.7508, "std": 54.20219090922433, "dtype": "uint64", "parameters": {"image": "universe_bgradiation.png", "transformer": {"name": "ColorChannelSelector", "channel": "r", "inverted": false}}}}, "density": 0.4, "start_dist": {"generator_name": "Image", "shape": [50, 50], "min": 28.0, "max": 245.0, "mean": 182.062, "std": 43.495440634622845, "dtype": "uint64", "parameters": {"image": "universe_bgradiation.png", "transformer": {"name": "ColorChannelSelector", "channel": "b", "inverted": false}}}, "target_dist": {"generator_name": "Image", "shape": [50, 50], "min": 12.0, "max": 246.0, "mean": 153.7508, "std": 54.20219090922433, "dtype": "uint64", "parameters": {"image": "universe_bgradiation.png", "transformer": {"name": "ColorChannelSelector", "channel": "r", "inverted": false}}}}, "stats": {"date": "2020-11-17", "free_area": 1850.0, "number_of_clustered_robots": 46, "number_of_robots": 740}}}, "name": "universe_bgradiation_00001_50x50_40_740", "obstacles": [[0, 6], [0, 7], [0, 8], [0, 9], [1, 6], [1, 9], [2, 6], [2, 9], [3, 6], [3, 9], [4, 6], [4, 9], [5, 6], [5, 9], [5, 38], [5, 39], [5, 40], [5, 41], [5, 42], [5, 43], [5, 44], [6, 6], [6, 7], [6, 8], [6, 9], [6, 14], [6, 15], [6, 16], [6, 17], [6, 18], [6, 19], [6, 20], [6, 21], [6, 22], [6, 23], [6, 24], [6, 25], [6, 26], [6, 27], [6, 28], [6, 29], [6, 30], [6, 31], [6, 32], [6, 38], [6, 44], [7, 14], [7, 32], [7, 38], [7, 44], [8, 14], [8, 32], [8, 38], [8, 44], [9, 14], [9, 32], [9, 38], [9, 44], [10, 14], [10, 32], [10, 38], [10, 44], [11, 14], [11, 32], [11, 38], [11, 44], [12, 14], [12, 32], [12, 38], [12, 44], [13, 14], [13, 32], [13, 38], [13, 39], [13, 40], [13, 41], [13, 42], [13, 43], [13, 44], [14, 14], [14, 32], [15, 14], [15, 32], [16, 14], [16, 32], [17, 14], [17, 15], [17, 16], [17, 17], [17, 18], [17, 19], [17, 20], [17, 21], [17, 22], [17, 23], [17, 24], [17, 25], [17, 26], [17, 27], [17, 28], [17, 29], [17, 30], [17, 31], [17, 32], [30, 8], [30, 9], [30, 10], [30, 11], [30, 12], [30, 13], [30, 14], [30, 15], [30, 16], [30, 17], [30, 18], [30, 19], [30, 20], [30, 21], [31, 8], [31, 21], [32, 8], [32, 21], [33, 8], [33, 21], [34, 8], [34, 21], [35, 6], [35, 7], [35, 21], [36, 6], [36, 21], [37, 6], [37, 21], [38, 6], [38, 12], [38, 21], [39, 6], [39, 11], [39, 13], [39, 22], [39, 23], [39, 24], [39, 25], [39, 27], [39, 28], [39, 29], [39, 30], [39, 31], [39, 32], [39, 33], [39, 34], [39, 35], [39, 36], [40, 6], [40, 11], [40, 13], [40, 25], [40, 27], [40, 36], [41, 6], [41, 11], [41, 13], [41, 25], [41, 27], [41, 36], [42, 6], [42, 11], [42, 13], [42, 25], [42, 27], [42, 36], [43, 6], [43, 11], [43, 13], [43, 25], [43, 27], [43, 36], [44, 6], [44, 11], [44, 13], [44, 14], [44, 15], [44, 16], [44, 17], [44, 18], [44, 19], [44, 25], [44, 27], [44, 36], [45, 6], [45, 7], [45, 8], [45, 9], [45, 10], [45, 11], [45, 20], [45, 21], [45, 22], [45, 23], [45, 24], [45, 25], [45, 26], [45, 27], [45, 28], [45, 29], [45, 30], [45, 31], [45, 32], [45, 33], [45, 34], [45, 35], [45, 36]], "starts": [[42, 38], [18, 35], [29, 24], [8, 7], [38, 26], [27, 22], [11, 7], [43, 40], [16, 35], [30, 25], [11, 1], [29, 22], [39, 40], [15, 35], [33, 27], [12, 0], [42, 40], [31, 24], [34, 25], [5, 5], [19, 34], [28, 24], [39, 37], [12, 5], [29, 19], [13, 36], [32, 23], [12, 3], [38, 35], [28, 21], [19, 35], [8, 8], [40, 38], [34, 23], [36, 27], [7, 0], [35, 22], [16, 36], [41, 39], [29, 27], [7, 2], [31, 26], [15, 34], [40, 37], [8, 2], [27, 25], [42, 4], [24, 45], [18, 49], [37, 34], [4, 28], [34, 48], [18, 30], [21, 30], [9, 3], [15, 39], [27, 20], [29, 41], [46, 31], [31, 22], [37, 30], [36, 31], [23, 8], [47, 23], [4, 10], [24, 3], [13, 6], [3, 2], [25, 32], [28, 12], [0, 48], [34, 35], [5, 11], [16, 12], [29, 7], [26, 41], [49, 20], [23, 48], [32, 25], [2, 44], [24, 25], [5, 34], [20, 29], [15, 40], [46, 36], [24, 11], [13, 9], [7, 8], [31, 28], [19, 10], [41, 1], [39, 1], [46, 5], [26, 49], [18, 12], [38, 46], [24, 30], [2, 5], [3, 39], [36, 38], [37, 41], [4, 11], [29, 36], [38, 25], [20, 7], [30, 48], [39, 48], [44, 43], [23, 26], [39, 39], [45, 41], [47, 28], [21, 21], [13, 5], [32, 42], [4, 46], [47, 17], [27, 17], [8, 48], [48, 11], [27, 8], [4, 21], [46, 16], [31, 39], [3, 46], [1, 28], [12, 9], [41, 40], [0, 15], [16, 38], [10, 47], [35, 30], [29, 15], [41, 48], [29, 31], [48, 35], [41, 38], [33, 47], [30, 7], [49, 44], [49, 16], [20, 12], [26, 1], [5, 37], [22, 9], [14, 9], [27, 1], [37, 32], [26, 3], [31, 3], [25, 49], [30, 1], [25, 9], [48, 20], [19, 21], [32, 0], [34, 30], [20, 10], [1, 13], [38, 28], [4, 12], [41, 46], [30, 24], [18, 29], [26, 5], [27, 49], [2, 13], [34, 2], [15, 47], [14, 48], [26, 15], [44, 49], [3, 48], [21, 2], [4, 3], [23, 12], [39, 43], [43, 26], [15, 6], [47, 42], [12, 11], [27, 14], [0, 33], [35, 26], [43, 3], [26, 14], [5, 23], [27, 7], [16, 33], [43, 0], [14, 37], [33, 29], [5, 15], [35, 2], [27, 0], [45, 2], [25, 16], [24, 35], [46, 22], [41, 12], [28, 25], [20, 19], [29, 37], [48, 4], [9, 4], [28, 9], [0, 39], [0, 10], [19, 24], [4, 0], [17, 4], [36, 49], [15, 13], [27, 26], [38, 45], [21, 49], [4, 43], [12, 36], [29, 21], [20, 18], [25, 29], [30, 37], [26, 6], [2, 1], [48, 29], [26, 23], [29, 18], [1, 18], [11, 5], [13, 2], [27, 36], [21, 8], [11, 46], [0, 37], [3, 30], [1, 46], [25, 44], [30, 29], [31, 1], [38, 29], [4, 30], [18, 1], [37, 45], [1, 23], [46, 29], [1, 24], [47, 25], [22, 37], [47, 10], [3, 10], [32, 40], [36, 44], [26, 39], [47, 45], [13, 10], [24, 20], [1, 12], [35, 35], [9, 46], [29, 20], [26, 43], [29, 2], [14, 8], [37, 49], [38, 22], [19, 32], [19, 28], [46, 27], [31, 41], [36, 5], [29, 23], [34, 28], [28, 42], [3, 11], [29, 16], [0, 46], [22, 5], [37, 38], [4, 44], [16, 48], [29, 45], [6, 13], [18, 18], [3, 16], [9, 10], [14, 2], [23, 27], [30, 30], [31, 36], [49, 43], [48, 13], [32, 5], [2, 34], [4, 32], [27, 11], [42, 41], [10, 37], [36, 33], [4, 14], [24, 38], [48, 34], [31, 0], [39, 12], [32, 38], [24, 26], [26, 26], [32, 1], [2, 43], [46, 6], [12, 33], [3, 22], [20, 4], [16, 2], [23, 11], [37, 39], [27, 30], [0, 24], [45, 3], [47, 37], [32, 36], [11, 13], [22, 11], [42, 47], [18, 46], [6, 10], [5, 47], [26, 36], [47, 32], [6, 1], [34, 4], [21, 13], [7, 7], [23, 37], [15, 42], [5, 2], [19, 19], [28, 22], [10, 49], [22, 26], [35, 33], [2, 26], [29, 43], [40, 2], [23, 29], [1, 42], [47, 5], [30, 0], [5, 19], [24, 49], [29, 9], [46, 25], [4, 26], [2, 39], [28, 44], [36, 26], [0, 27], [3, 31], [1, 43], [20, 32], [29, 11], [30, 34], [3, 12], [49, 37], [30, 4], [20, 5], [21, 18], [10, 45], [15, 8], [40, 48], [22, 39], [0, 34], [21, 36], [32, 4], [43, 46], [22, 22], [18, 5], [15, 10], [12, 37], [17, 2], [2, 2], [8, 4], [25, 2], [7, 13], [12, 8], [21, 14], [23, 39], [25, 26], [30, 49], [36, 29], [37, 44], [26, 2], [14, 5], [19, 30], [41, 43], [18, 17], [14, 44], [27, 12], [43, 5], [46, 28], [46, 17], [21, 5], [24, 17], [17, 36], [14, 10], [48, 0], [19, 44], [44, 42], [25, 15], [10, 3], [48, 49], [18, 2], [2, 41], [9, 12], [28, 5], [9, 7], [24, 4], [11, 2], [11, 45], [47, 33], [44, 37], [48, 42], [18, 28], [34, 42], [43, 42], [29, 49], [35, 42], [17, 10], [7, 6], [29, 48], [9, 5], [9, 13], [39, 2], [37, 23], [17, 44], [25, 28], [26, 48], [48, 31], [31, 43], [17, 40], [0, 43], [18, 45], [45, 15], [2, 16], [44, 0], [46, 4], [15, 4], [22, 23], [16, 1], [31, 2], [7, 1], [33, 46], [12, 6], [4, 29], [1, 19], [29, 8], [1, 31], [49, 10], [30, 38], [46, 41], [13, 13], [49, 13], [29, 4], [49, 47], [38, 23], [24, 28], [19, 7], [34, 40], [11, 3], [28, 49], [6, 3], [0, 45], [37, 40], [29, 30], [0, 0], [3, 28], [33, 44], [47, 29], [20, 3], [47, 7], [25, 41], [13, 33], [31, 46], [16, 40], [28, 26], [36, 39], [41, 42], [46, 26], [1, 29], [41, 0], [19, 40], [7, 36], [14, 11], [27, 2], [25, 22], [34, 45], [48, 7], [48, 47], [26, 32], [6, 34], [18, 11], [2, 24], [34, 49], [22, 33], [29, 32], [22, 0], [38, 44], [32, 3], [14, 40], [2, 12], [44, 46], [14, 3], [38, 0], [25, 42], [28, 7], [7, 45], [0, 3], [27, 45], [43, 41], [36, 36], [40, 39], [27, 23], [3, 17], [43, 48], [17, 38], [6, 5], [29, 5], [48, 22], [21, 0], [36, 34], [48, 28], [45, 19], [23, 49], [18, 41], [24, 22], [39, 41], [27, 42], [44, 4], [27, 27], [24, 27], [25, 0], [24, 9], [5, 12], [23, 34], [49, 19], [32, 39], [42, 48], [31, 48], [41, 47], [33, 45], [2, 25], [26, 46], [2, 14], [48, 1], [32, 26], [10, 6], [26, 16], [33, 38], [25, 8], [20, 0], [46, 45], [14, 46], [38, 3], [33, 34], [0, 19], [8, 10], [30, 39], [19, 29], [19, 38], [34, 0], [48, 9], [44, 5], [39, 49], [42, 2], [21, 20], [3, 33], [20, 44], [4, 5], [22, 2], [7, 47], [34, 3], [23, 23], [30, 40], [4, 2], [47, 15], [35, 39], [11, 35], [16, 41], [47, 43], [33, 3], [1, 21], [27, 34], [14, 7], [18, 39], [18, 44], [41, 3], [22, 6], [34, 29], [13, 35], [18, 24], [47, 6], [22, 48], [44, 2], [22, 13], [45, 38], [24, 12], [45, 42], [22, 4], [15, 2], [19, 49], [22, 7], [31, 45], [1, 44], [5, 45], [48, 36], [14, 45], [23, 43], [35, 46], [14, 42], [48, 19], [36, 46], [37, 29], [37, 3], [15, 49], [35, 44], [3, 1], [19, 25], [43, 37], [5, 27], [28, 30], [43, 45], [41, 41], [37, 28], [33, 0], [37, 42], [26, 30], [14, 47], [48, 37], [22, 38], [48, 15], [36, 2], [31, 31], [4, 24], [42, 46], [12, 35], [10, 12], [42, 45], [23, 18], [8, 37], [2, 11], [23, 16], [34, 38], [22, 44], [3, 49], [47, 27], [39, 42], [48, 23], [28, 1], [6, 0], [16, 37], [15, 38], [31, 6], [27, 39], [16, 11], [36, 1], [0, 16], [38, 31], [30, 45], [38, 40], [11, 4], [46, 24], [20, 6], [16, 42], [20, 40], [49, 5], [0, 12], [25, 7], [26, 40], [49, 31], [22, 36], [10, 46], [26, 19], [30, 47], [47, 21], [20, 16], [5, 25], [47, 30], [0, 32], [14, 35], [3, 45], [4, 40], [30, 35], [7, 5], [45, 37], [20, 28], [28, 23], [40, 45], [36, 4], [29, 39], [19, 18], [35, 48], [47, 8], [2, 31], [44, 41], [30, 2], [22, 24], [49, 18], [24, 21], [3, 15], [2, 35], [20, 8], [6, 36], [24, 24], [4, 23], [37, 4], [40, 42], [29, 42], [33, 32], [27, 4], [18, 8], [20, 22], [48, 14], [25, 19], [28, 31], [17, 47], [41, 5], [29, 46], [37, 25], [14, 33], [25, 38], [39, 26], [43, 47], [35, 25], [23, 6], [26, 10], [32, 48], [38, 24], [36, 47], [23, 30], [18, 37], [37, 22]], "targets": [[11, 48], [8, 12], [19, 36], [2, 38], [47, 3], [20, 38], [2, 37], [6, 48], [10, 11], [20, 35], [1, 45], [16, 33], [9, 46], [10, 12], [20, 31], [0, 43], [7, 48], [18, 30], [47, 4], [0, 45], [8, 13], [17, 34], [10, 47], [4, 43], [21, 35], [14, 13], [19, 30], [3, 44], [11, 47], [14, 34], [12, 12], [4, 45], [6, 45], [20, 32], [49, 7], [0, 40], [14, 37], [14, 11], [6, 47], [20, 34], [1, 37], [15, 37], [10, 10], [8, 46], [4, 44], [18, 32], [25, 11], [47, 18], [3, 27], [24, 38], [19, 10], [22, 19], [5, 31], [13, 48], [32, 26], [40, 3], [14, 42], [23, 25], [5, 30], [49, 48], [18, 39], [30, 40], [34, 26], [6, 10], [14, 5], [19, 47], [32, 3], [43, 44], [46, 14], [39, 3], [29, 49], [1, 1], [49, 6], [20, 48], [44, 39], [13, 11], [37, 36], [29, 48], [32, 39], [9, 13], [10, 7], [46, 6], [8, 45], [49, 5], [0, 27], [22, 13], [39, 38], [3, 29], [14, 2], [5, 28], [41, 40], [8, 48], [33, 41], [42, 4], [21, 31], [15, 43], [25, 15], [24, 35], [19, 38], [31, 30], [4, 17], [18, 13], [27, 28], [33, 24], [8, 5], [12, 34], [8, 11], [29, 13], [43, 12], [30, 43], [5, 24], [9, 8], [45, 1], [20, 16], [49, 39], [3, 49], [17, 39], [15, 45], [5, 26], [33, 45], [29, 43], [18, 22], [18, 9], [21, 11], [5, 10], [26, 18], [21, 25], [32, 34], [29, 46], [20, 27], [48, 11], [34, 42], [23, 41], [34, 22], [2, 43], [14, 38], [14, 39], [31, 29], [13, 36], [27, 13], [11, 7], [18, 38], [20, 41], [18, 33], [11, 36], [47, 35], [5, 17], [22, 43], [26, 14], [21, 47], [5, 45], [14, 43], [44, 42], [23, 27], [27, 32], [19, 33], [1, 3], [47, 5], [7, 34], [24, 25], [46, 24], [33, 33], [30, 23], [1, 21], [46, 12], [28, 35], [24, 28], [37, 24], [8, 34], [38, 42], [1, 5], [39, 37], [35, 41], [31, 3], [29, 0], [14, 33], [22, 15], [23, 14], [4, 26], [15, 49], [27, 19], [27, 36], [38, 29], [25, 0], [15, 11], [10, 48], [1, 34], [34, 25], [23, 32], [7, 3], [26, 39], [4, 1], [30, 3], [46, 11], [32, 2], [12, 48], [16, 46], [22, 6], [3, 46], [23, 12], [3, 36], [46, 19], [17, 47], [2, 44], [3, 39], [16, 36], [3, 30], [0, 16], [16, 2], [48, 30], [22, 11], [22, 5], [3, 35], [14, 47], [26, 15], [5, 12], [38, 23], [3, 25], [40, 26], [41, 49], [1, 38], [31, 49], [22, 49], [9, 47], [23, 16], [0, 36], [30, 45], [49, 4], [19, 29], [3, 48], [47, 19], [35, 44], [8, 4], [27, 3], [14, 7], [33, 40], [30, 48], [23, 0], [38, 38], [45, 19], [30, 42], [32, 41], [34, 46], [4, 48], [18, 10], [1, 36], [28, 24], [46, 39], [2, 24], [41, 0], [47, 36], [30, 25], [20, 15], [9, 7], [17, 35], [31, 43], [40, 2], [1, 27], [46, 38], [3, 24], [40, 1], [48, 24], [46, 25], [37, 27], [19, 49], [1, 29], [1, 14], [28, 14], [48, 42], [36, 28], [30, 33], [31, 24], [30, 2], [25, 8], [3, 18], [18, 28], [42, 12], [35, 29], [44, 37], [46, 15], [18, 23], [0, 5], [1, 25], [22, 17], [4, 32], [26, 33], [49, 44], [17, 42], [15, 1], [24, 33], [22, 37], [22, 44], [23, 22], [6, 33], [31, 40], [10, 34], [39, 46], [25, 5], [31, 48], [37, 29], [29, 23], [6, 35], [47, 13], [25, 26], [24, 4], [18, 14], [28, 22], [15, 44], [33, 42], [29, 34], [5, 46], [21, 29], [48, 5], [29, 15], [18, 42], [3, 15], [36, 36], [28, 27], [22, 31], [30, 49], [25, 21], [18, 0], [26, 38], [42, 38], [25, 9], [29, 26], [7, 46], [26, 10], [22, 41], [17, 33], [23, 18], [23, 21], [27, 45], [30, 6], [21, 48], [38, 30], [2, 39], [49, 33], [41, 5], [39, 1], [20, 6], [4, 35], [19, 40], [31, 22], [28, 20], [10, 0], [4, 33], [44, 5], [37, 30], [26, 13], [19, 39], [0, 24], [22, 27], [30, 38], [46, 0], [37, 23], [47, 45], [22, 23], [38, 46], [28, 2], [49, 13], [7, 9], [21, 28], [25, 2], [4, 42], [46, 1], [48, 19], [19, 24], [38, 40], [45, 0], [32, 44], [2, 4], [32, 25], [27, 0], [12, 4], [9, 0], [4, 28], [5, 1], [46, 16], [1, 47], [38, 47], [26, 34], [23, 4], [49, 49], [29, 12], [2, 27], [38, 28], [26, 37], [22, 14], [11, 35], [49, 9], [23, 2], [43, 40], [28, 4], [32, 22], [31, 1], [36, 2], [48, 38], [45, 2], [27, 34], [1, 31], [20, 42], [38, 39], [20, 37], [21, 21], [2, 23], [35, 37], [44, 3], [45, 41], [10, 5], [24, 44], [8, 6], [20, 47], [22, 45], [4, 27], [49, 0], [26, 25], [38, 41], [48, 12], [3, 4], [3, 10], [42, 41], [29, 28], [3, 28], [47, 12], [2, 31], [17, 37], [5, 36], [41, 44], [0, 20], [28, 34], [40, 4], [17, 5], [45, 16], [2, 17], [0, 33], [36, 30], [31, 25], [32, 29], [1, 33], [7, 45], [27, 12], [29, 29], [10, 33], [34, 37], [16, 35], [12, 47], [1, 20], [27, 48], [7, 1], [5, 23], [47, 25], [32, 1], [0, 35], [30, 28], [16, 11], [23, 43], [36, 22], [0, 22], [44, 44], [4, 37], [1, 41], [40, 45], [16, 44], [22, 25], [12, 45], [22, 35], [32, 4], [49, 16], [25, 18], [34, 2], [2, 13], [47, 39], [29, 14], [17, 44], [2, 29], [34, 47], [45, 42], [32, 37], [6, 13], [29, 40], [25, 37], [9, 45], [2, 46], [36, 37], [25, 39], [31, 47], [10, 9], [48, 39], [36, 48], [48, 37], [49, 31], [29, 20], [30, 27], [16, 1], [23, 13], [19, 42], [38, 27], [29, 32], [42, 49], [33, 29], [27, 18], [38, 2], [30, 4], [26, 19], [7, 35], [43, 45], [13, 49], [37, 35], [24, 16], [29, 44], [29, 21], [0, 31], [13, 1], [22, 47], [35, 3], [48, 23], [49, 24], [24, 19], [29, 10], [36, 41], [43, 2], [28, 42], [35, 28], [35, 27], [37, 4], [4, 31], [37, 32], [8, 33], [18, 20], [18, 27], [26, 11], [21, 41], [27, 15], [19, 46], [1, 23], [5, 27], [35, 36], [37, 31], [29, 35], [16, 40], [26, 27], [27, 39], [0, 47], [0, 11], [21, 10], [48, 49], [26, 6], [36, 44], [0, 14], [28, 16], [18, 24], [23, 46], [11, 37], [36, 26], [20, 20], [22, 3], [1, 40], [44, 4], [21, 37], [25, 47], [1, 12], [27, 6], [28, 39], [25, 32], [13, 46], [7, 36], [16, 13], [1, 26], [22, 24], [32, 40], [7, 33], [25, 40], [28, 41], [10, 6], [22, 9], [0, 30], [11, 10], [46, 28], [26, 2], [26, 8], [20, 45], [40, 47], [33, 46], [21, 49], [46, 21], [24, 39], [9, 37], [49, 17], [44, 38], [27, 42], [27, 38], [49, 30], [10, 1], [26, 36], [25, 28], [11, 5], [22, 46], [17, 38], [15, 48], [35, 30], [47, 34], [28, 26], [49, 22], [2, 41], [49, 41], [38, 49], [29, 3], [26, 46], [24, 18], [30, 47], [28, 33], [23, 17], [44, 41], [22, 29], [7, 13], [4, 23], [26, 40], [28, 44], [34, 38], [34, 39], [0, 49], [15, 46], [6, 12], [48, 29], [21, 12], [24, 40], [28, 8], [6, 46], [28, 31], [27, 20], [47, 31], [42, 0], [32, 32], [46, 29], [26, 41], [47, 27], [29, 19], [48, 27], [46, 17], [26, 49], [0, 21], [0, 46], [31, 41], [22, 21], [3, 17], [3, 22], [33, 31], [19, 11], [25, 23], [20, 17], [3, 0], [20, 29], [21, 36], [40, 0], [27, 16], [46, 32], [4, 25], [27, 35], [1, 28], [30, 34], [17, 6], [12, 0], [21, 33], [24, 10], [47, 2], [18, 21], [26, 5], [32, 31], [20, 23], [7, 47], [21, 23], [25, 43], [34, 30], [39, 4], [17, 0], [33, 32], [31, 26], [17, 49], [8, 8], [13, 45], [18, 43], [14, 41], [23, 45], [12, 36], [36, 40], [3, 13], [6, 1], [8, 0], [24, 5], [38, 36], [11, 46], [13, 2], [47, 10], [48, 31], [1, 44], [45, 43], [18, 29], [20, 28], [33, 7], [35, 33], [32, 7], [37, 34], [25, 35], [21, 16], [17, 2], [49, 29], [10, 2], [47, 14], [3, 20], [12, 9], [30, 1], [25, 4], [5, 35], [2, 10], [30, 41], [3, 45], [21, 24], [47, 26], [46, 30], [27, 44], [22, 10], [12, 35], [0, 23], [26, 20], [7, 4], [39, 47], [42, 39], [23, 42], [36, 29], [11, 13], [49, 37], [33, 34], [6, 49], [46, 4], [22, 22], [43, 41], [10, 46], [14, 48], [24, 45]]}