{"meta": {"number_of_robots": 1000, "description": {"parameters": {"seed": 6567, "shape": [50, 50], "obstacles": {"n": 0, "mean": 3, "std": 1.5}, "clusters": {"n": 5, "mean": 20, "std": 10.0, "relative_radius": 2, "increase_factor": 1.3, "start_dist": {"generator_name": "Image", "shape": [50, 50], "min": 28.0, "max": 245.0, "mean": 182.062, "std": 43.495440634622845, "dtype": "uint64", "parameters": {"image": "universe_bgradiation.png", "transformer": {"name": "ColorChannelSelector", "channel": "b", "inverted": false}}}, "target_dist": {"generator_name": "Image", "shape": [50, 50], "min": 12.0, "max": 246.0, "mean": 153.7508, "std": 54.20219090922433, "dtype": "uint64", "parameters": {"image": "universe_bgradiation.png", "transformer": {"name": "ColorChannelSelector", "channel": "r", "inverted": false}}}}, "density": 0.4, "start_dist": {"generator_name": "Image", "shape": [50, 50], "min": 28.0, "max": 245.0, "mean": 182.062, "std": 43.495440634622845, "dtype": "uint64", "parameters": {"image": "universe_bgradiation.png", "transformer": {"name": "ColorChannelSelector", "channel": "b", "inverted": false}}}, "target_dist": {"generator_name": "Image", "shape": [50, 50], "min": 12.0, "max": 246.0, "mean": 153.7508, "std": 54.20219090922433, "dtype": "uint64", "parameters": {"image": "universe_bgradiation.png", "transformer": {"name": "ColorChannelSelector", "channel": "r", "inverted": false}}}}, "stats": {"date": "2020-11-17", "free_area": 2500.0, "number_of_clustered_robots": 91, "number_of_robots": 1000}}}, "name": "universe_bgradiation_00003_50x50_40_1000", "obstacles": [], "starts": [[39, 5], [45, 47], [42, 25], [5, 9], [40, 27], [34, 29], [40, 30], [47, 45], [35, 27], [9, 8], [38, 29], [34, 3], [34, 26], [44, 44], [38, 31], [7, 5], [37, 32], [37, 27], [45, 28], [38, 3], [47, 42], [33, 33], [8, 5], [39, 24], [42, 30], [45, 42], [36, 28], [3, 12], [35, 34], [35, 3], [32, 28], [48, 39], [41, 29], [9, 7], [44, 28], [43, 33], [44, 31], [38, 4], [44, 43], [42, 26], [7, 10], [39, 35], [37, 33], [44, 42], [43, 24], [2, 12], [39, 33], [38, 2], [41, 33], [41, 31], [48, 42], [38, 25], [6, 10], [37, 28], [40, 32], [35, 2], [48, 47], [37, 26], [7, 4], [42, 27], [35, 26], [47, 43], [39, 32], [6, 12], [35, 28], [33, 4], [38, 32], [42, 34], [49, 44], [34, 35], [6, 4], [39, 28], [38, 34], [34, 2], [48, 41], [42, 23], [7, 9], [44, 33], [38, 24], [43, 30], [47, 40], [32, 27], [10, 12], [35, 4], [32, 25], [38, 33], [48, 46], [34, 27], [5, 11], [45, 31], [43, 26], [40, 9], [0, 49], [12, 47], [0, 6], [36, 4], [26, 33], [37, 43], [3, 40], [29, 40], [38, 16], [15, 23], [49, 41], [34, 1], [35, 45], [15, 41], [27, 11], [28, 41], [26, 5], [37, 18], [48, 38], [49, 33], [0, 32], [39, 4], [14, 3], [6, 25], [18, 41], [18, 45], [16, 5], [27, 36], [22, 1], [6, 15], [33, 23], [21, 22], [28, 31], [3, 9], [44, 23], [3, 49], [24, 23], [37, 21], [45, 18], [49, 43], [6, 31], [10, 10], [32, 42], [21, 42], [29, 45], [18, 18], [40, 47], [20, 34], [3, 3], [15, 15], [34, 4], [30, 41], [46, 36], [36, 44], [35, 25], [39, 39], [6, 9], [26, 48], [13, 21], [16, 0], [13, 3], [9, 49], [27, 0], [11, 1], [10, 19], [22, 43], [44, 40], [21, 19], [22, 3], [12, 30], [45, 29], [27, 30], [43, 40], [40, 43], [45, 21], [18, 10], [37, 14], [30, 26], [21, 41], [18, 32], [22, 28], [37, 49], [44, 15], [4, 44], [23, 47], [7, 28], [48, 7], [47, 32], [41, 49], [31, 14], [22, 2], [43, 32], [3, 32], [42, 43], [43, 5], [18, 25], [3, 15], [11, 32], [13, 2], [43, 3], [34, 46], [17, 9], [10, 30], [28, 19], [40, 45], [42, 22], [3, 43], [3, 26], [28, 6], [49, 13], [39, 22], [42, 16], [10, 32], [17, 25], [36, 1], [5, 26], [15, 3], [29, 24], [38, 18], [13, 48], [37, 16], [1, 6], [7, 14], [38, 12], [39, 43], [19, 21], [12, 2], [21, 5], [41, 2], [31, 26], [12, 29], [17, 35], [41, 4], [37, 2], [42, 14], [36, 26], [6, 45], [12, 13], [43, 29], [30, 19], [16, 18], [18, 4], [14, 41], [24, 17], [40, 26], [31, 6], [2, 3], [26, 42], [23, 43], [38, 42], [47, 27], [43, 11], [35, 21], [21, 2], [1, 10], [26, 19], [23, 37], [1, 31], [47, 34], [14, 4], [8, 38], [15, 45], [49, 2], [2, 14], [34, 16], [26, 31], [19, 19], [41, 15], [39, 16], [4, 47], [34, 13], [17, 3], [48, 20], [7, 42], [22, 26], [6, 6], [35, 6], [20, 10], [28, 35], [36, 27], [18, 6], [25, 18], [1, 1], [30, 30], [34, 25], [29, 25], [1, 17], [37, 20], [20, 23], [43, 9], [32, 47], [47, 37], [42, 15], [45, 6], [27, 2], [4, 46], [43, 4], [27, 3], [10, 42], [0, 12], [5, 10], [49, 39], [5, 23], [25, 20], [4, 6], [4, 15], [34, 42], [1, 41], [15, 44], [4, 41], [34, 39], [20, 44], [28, 8], [24, 14], [35, 1], [15, 19], [18, 33], [25, 7], [37, 11], [2, 31], [18, 11], [21, 33], [4, 37], [7, 13], [28, 49], [20, 25], [45, 5], [26, 1], [1, 30], [12, 38], [31, 32], [30, 12], [39, 21], [46, 7], [37, 8], [27, 1], [37, 24], [31, 40], [41, 21], [8, 20], [1, 11], [1, 4], [5, 21], [9, 28], [0, 34], [25, 12], [5, 15], [17, 1], [20, 4], [44, 8], [21, 14], [41, 37], [23, 11], [16, 1], [0, 21], [1, 15], [17, 32], [2, 0], [20, 2], [23, 8], [43, 18], [0, 40], [10, 1], [11, 5], [19, 35], [46, 9], [24, 32], [33, 35], [24, 41], [11, 41], [44, 22], [23, 40], [23, 34], [42, 17], [33, 14], [45, 48], [3, 34], [37, 44], [49, 28], [39, 10], [14, 2], [15, 16], [44, 20], [43, 43], [8, 36], [18, 9], [20, 42], [0, 5], [22, 33], [43, 28], [23, 48], [16, 44], [44, 1], [48, 17], [22, 38], [17, 12], [36, 14], [29, 26], [49, 21], [41, 23], [10, 26], [40, 19], [14, 8], [3, 39], [22, 13], [11, 9], [24, 21], [17, 45], [21, 0], [20, 38], [38, 5], [20, 28], [18, 5], [36, 9], [33, 8], [8, 4], [49, 40], [46, 11], [30, 11], [13, 34], [25, 10], [26, 30], [45, 17], [30, 18], [5, 0], [3, 17], [47, 17], [5, 18], [34, 48], [26, 29], [8, 46], [4, 36], [17, 4], [34, 19], [38, 49], [46, 29], [19, 12], [21, 11], [5, 41], [22, 22], [25, 45], [35, 40], [8, 37], [19, 0], [36, 11], [6, 34], [30, 25], [38, 7], [14, 36], [15, 25], [11, 3], [27, 31], [12, 3], [4, 29], [34, 34], [3, 38], [19, 43], [2, 24], [14, 6], [38, 20], [31, 30], [43, 21], [42, 36], [41, 5], [8, 9], [12, 9], [34, 28], [19, 7], [48, 27], [46, 27], [47, 31], [7, 29], [16, 12], [44, 24], [42, 49], [31, 2], [49, 4], [25, 28], [0, 17], [49, 37], [5, 4], [42, 3], [18, 17], [18, 38], [12, 0], [47, 38], [34, 17], [0, 45], [14, 31], [11, 27], [49, 1], [29, 15], [35, 22], [3, 8], [11, 31], [48, 3], [12, 33], [10, 23], [22, 34], [15, 5], [46, 10], [19, 32], [41, 28], [49, 5], [38, 11], [49, 26], [15, 37], [19, 3], [3, 42], [20, 33], [1, 35], [0, 29], [8, 10], [28, 10], [41, 40], [31, 10], [36, 2], [16, 37], [48, 0], [5, 36], [30, 10], [33, 5], [25, 32], [4, 34], [31, 47], [2, 10], [6, 29], [36, 37], [30, 29], [44, 30], [42, 20], [35, 35], [10, 7], [23, 2], [4, 35], [40, 49], [8, 26], [5, 13], [28, 21], [10, 16], [15, 29], [46, 30], [6, 27], [21, 24], [9, 36], [22, 42], [11, 24], [6, 30], [8, 25], [15, 33], [28, 36], [2, 23], [41, 46], [38, 48], [41, 35], [0, 14], [11, 18], [42, 10], [16, 13], [21, 30], [41, 39], [27, 42], [8, 40], [36, 16], [34, 38], [14, 11], [33, 47], [41, 26], [19, 14], [1, 9], [43, 41], [44, 47], [8, 18], [0, 38], [15, 8], [14, 30], [47, 36], [14, 15], [30, 7], [2, 29], [47, 15], [42, 12], [14, 37], [5, 32], [10, 27], [45, 26], [2, 4], [1, 0], [25, 5], [7, 17], [49, 35], [45, 27], [40, 38], [11, 20], [43, 36], [47, 12], [40, 33], [10, 36], [13, 6], [46, 49], [46, 4], [6, 5], [16, 34], [20, 43], [29, 9], [26, 6], [22, 5], [14, 0], [19, 25], [26, 17], [17, 37], [18, 14], [12, 39], [2, 48], [29, 35], [3, 11], [6, 3], [1, 48], [17, 11], [44, 37], [44, 17], [44, 7], [44, 11], [44, 34], [32, 23], [36, 20], [36, 19], [23, 5], [30, 47], [14, 7], [43, 10], [1, 42], [36, 36], [15, 49], [36, 15], [21, 18], [18, 12], [41, 32], [4, 48], [32, 40], [30, 23], [17, 24], [44, 13], [49, 11], [15, 20], [43, 49], [1, 14], [34, 43], [35, 33], [20, 48], [24, 20], [27, 45], [8, 48], [38, 38], [40, 1], [40, 28], [48, 36], [5, 40], [13, 35], [43, 25], [33, 7], [39, 20], [12, 36], [0, 39], [23, 44], [33, 29], [18, 39], [46, 17], [28, 47], [31, 16], [29, 27], [24, 29], [26, 49], [3, 2], [36, 49], [20, 41], [43, 45], [17, 40], [9, 46], [43, 13], [32, 8], [10, 41], [9, 26], [32, 41], [47, 4], [41, 12], [20, 20], [45, 49], [9, 29], [26, 4], [1, 40], [8, 41], [39, 47], [18, 31], [18, 44], [26, 32], [5, 5], [15, 13], [8, 22], [46, 45], [8, 3], [8, 7], [40, 46], [6, 11], [32, 26], [45, 8], [16, 35], [33, 26], [5, 43], [17, 34], [45, 7], [0, 27], [8, 21], [13, 31], [15, 14], [22, 9], [39, 9], [13, 4], [44, 41], [47, 16], [24, 22], [22, 21], [47, 28], [29, 8], [26, 11], [12, 28], [33, 3], [31, 45], [5, 42], [39, 12], [12, 49], [42, 8], [49, 17], [27, 6], [2, 33], [44, 25], [24, 3], [6, 18], [48, 15], [36, 22], [33, 38], [30, 1], [28, 43], [30, 39], [10, 29], [2, 27], [28, 14], [33, 49], [28, 27], [10, 37], [1, 21], [3, 27], [31, 20], [2, 18], [44, 27], [33, 46], [46, 31], [18, 42], [21, 6], [29, 16], [23, 45], [42, 46], [44, 19], [19, 8], [39, 26], [5, 39], [40, 0], [36, 21], [1, 8], [42, 5], [21, 9], [40, 7], [6, 48], [7, 35], [29, 1], [2, 36], [22, 18], [48, 19], [48, 26], [49, 32], [34, 44], [0, 8], [40, 34], [25, 1], [5, 49], [12, 4], [23, 7], [30, 45], [22, 35], [30, 38], [4, 7], [16, 11], [47, 24], [7, 30], [17, 20], [25, 47], [35, 36], [32, 39], [33, 31], [32, 1], [23, 36], [11, 0], [49, 25], [23, 38], [27, 10], [20, 29], [6, 7], [23, 15], [42, 18], [26, 16], [29, 6], [3, 47], [4, 42], [26, 46], [49, 20], [15, 4], [29, 23], [17, 31], [40, 4], [23, 19], [7, 22], [24, 39], [29, 18], [5, 14], [6, 28], [35, 20], [25, 24], [37, 4], [28, 30], [34, 10], [44, 35], [12, 10], [5, 8], [25, 11], [41, 24], [37, 25], [26, 35], [42, 38], [30, 24], [12, 32], [8, 28], [35, 18], [44, 9], [18, 8], [37, 13], [8, 39], [2, 41], [25, 23], [21, 37], [38, 1], [39, 19], [42, 40], [0, 22], [0, 33], [46, 13], [27, 13], [32, 35], [13, 44], [24, 1], [29, 13], [47, 30], [24, 6], [1, 28], [47, 29], [31, 41], [23, 12], [13, 45], [34, 8], [2, 45], [28, 2], [28, 4], [14, 49], [27, 37], [39, 34], [32, 34], [18, 29], [6, 1], [41, 47], [37, 30], [45, 34], [47, 46], [24, 37], [29, 36], [48, 32], [24, 45], [33, 37], [8, 11], [5, 17], [40, 41], [5, 6], [9, 37], [39, 37], [1, 34], [35, 49], [27, 20], [7, 19], [32, 2], [35, 13], [27, 41], [4, 49], [39, 49], [12, 45], [34, 12], [9, 3], [38, 13], [0, 36], [26, 2], [9, 42], [9, 12], [8, 47], [41, 27], [36, 12], [16, 21], [13, 16], [33, 43], [10, 43], [6, 24], [25, 27], [36, 7], [2, 34], [14, 22], [35, 48], [24, 16], [41, 22], [15, 7], [14, 46], [39, 48], [37, 41], [15, 21], [10, 38], [7, 38], [42, 42], [44, 10], [31, 1], [24, 44], [38, 30], [2, 40], [38, 6], [10, 0], [41, 43], [7, 11], [45, 22], [25, 21], [6, 23], [20, 0], [36, 18], [41, 11], [17, 44], [23, 24], [14, 10], [9, 43], [36, 13], [19, 41], [17, 8], [29, 4], [46, 34], [17, 38], [5, 20], [6, 22], [16, 33], [18, 16], [25, 0], [20, 18], [7, 26], [8, 29], [4, 24], [4, 26], [38, 8], [13, 30], [5, 38], [45, 46], [31, 18], [5, 24], [26, 10], [37, 3], [6, 19], [17, 6], [27, 9], [25, 9], [15, 6], [16, 7], [16, 16], [26, 28], [31, 0], [48, 48], [16, 39], [32, 29], [19, 5], [29, 17], [38, 46], [2, 21], [9, 27], [4, 39], [42, 41], [16, 31], [21, 29], [10, 3], [35, 30], [39, 11], [44, 2], [15, 11], [39, 7], [42, 32], [43, 7], [20, 21], [48, 49], [12, 11], [47, 11]], "targets": [[14, 45], [46, 25], [26, 14], [8, 7], [9, 15], [26, 22], [14, 21], [43, 25], [17, 15], [15, 9], [15, 13], [16, 47], [27, 18], [41, 31], [25, 25], [7, 11], [6, 14], [19, 20], [5, 15], [18, 49], [39, 28], [21, 24], [13, 6], [21, 21], [10, 20], [38, 32], [26, 23], [9, 6], [13, 17], [14, 48], [18, 15], [40, 30], [16, 25], [10, 7], [14, 20], [20, 25], [10, 19], [15, 45], [44, 31], [26, 19], [12, 7], [12, 12], [15, 18], [38, 31], [16, 16], [11, 9], [9, 22], [14, 46], [15, 17], [11, 20], [38, 28], [24, 22], [7, 8], [24, 25], [13, 16], [20, 48], [46, 29], [27, 19], [15, 6], [6, 21], [16, 19], [39, 24], [19, 16], [8, 5], [9, 13], [18, 48], [21, 18], [14, 13], [42, 28], [17, 19], [13, 10], [12, 18], [19, 17], [19, 48], [45, 26], [17, 13], [10, 9], [15, 19], [16, 20], [13, 18], [40, 24], [17, 21], [10, 10], [17, 46], [20, 20], [8, 21], [46, 27], [18, 20], [11, 11], [11, 16], [20, 23], [14, 38], [45, 6], [6, 36], [3, 28], [10, 26], [6, 34], [47, 8], [9, 42], [32, 16], [6, 23], [24, 7], [8, 24], [13, 49], [30, 30], [46, 35], [23, 39], [3, 48], [46, 24], [48, 18], [47, 36], [28, 1], [26, 13], [29, 8], [33, 13], [30, 37], [34, 26], [23, 46], [33, 2], [18, 19], [25, 48], [45, 30], [4, 24], [39, 37], [35, 15], [38, 19], [11, 49], [6, 47], [22, 0], [27, 0], [11, 17], [31, 7], [16, 14], [47, 13], [46, 46], [3, 25], [3, 7], [17, 11], [33, 29], [1, 13], [10, 1], [14, 11], [0, 7], [31, 1], [31, 20], [28, 20], [48, 16], [26, 44], [33, 45], [18, 21], [26, 43], [34, 10], [8, 45], [37, 21], [42, 30], [31, 21], [27, 1], [14, 1], [19, 19], [2, 32], [30, 48], [12, 20], [29, 34], [40, 16], [30, 20], [34, 32], [44, 22], [33, 33], [22, 44], [22, 48], [21, 16], [6, 48], [3, 0], [15, 0], [14, 49], [45, 32], [37, 30], [11, 45], [14, 35], [6, 8], [42, 15], [11, 30], [17, 26], [4, 2], [31, 30], [25, 0], [20, 42], [7, 30], [24, 41], [45, 35], [30, 42], [45, 18], [3, 4], [6, 44], [26, 21], [1, 45], [40, 14], [43, 48], [11, 19], [16, 49], [37, 3], [40, 11], [49, 48], [27, 2], [4, 5], [30, 41], [7, 9], [22, 35], [46, 44], [40, 1], [22, 19], [11, 47], [6, 11], [17, 18], [32, 3], [13, 27], [29, 38], [22, 47], [8, 47], [43, 35], [20, 29], [30, 46], [43, 16], [28, 19], [47, 38], [27, 29], [21, 36], [1, 6], [20, 7], [47, 33], [47, 3], [24, 33], [2, 26], [31, 37], [41, 34], [22, 24], [38, 46], [18, 29], [44, 3], [45, 17], [7, 12], [47, 39], [48, 14], [36, 10], [23, 32], [5, 23], [35, 8], [37, 11], [9, 16], [22, 17], [16, 18], [33, 18], [6, 27], [36, 13], [20, 35], [37, 2], [45, 10], [10, 38], [7, 25], [44, 48], [10, 36], [3, 38], [7, 5], [30, 21], [17, 7], [11, 38], [41, 37], [27, 39], [5, 16], [3, 18], [46, 32], [7, 23], [41, 33], [42, 26], [41, 35], [20, 49], [5, 41], [48, 32], [27, 48], [19, 21], [32, 23], [2, 22], [5, 7], [40, 33], [19, 9], [33, 21], [22, 20], [27, 32], [9, 17], [2, 45], [46, 34], [31, 36], [27, 28], [30, 12], [30, 6], [28, 30], [48, 39], [1, 34], [2, 12], [34, 23], [33, 12], [8, 10], [39, 29], [30, 25], [36, 11], [25, 12], [44, 41], [20, 4], [22, 3], [2, 7], [42, 1], [17, 20], [16, 0], [49, 16], [42, 8], [24, 36], [45, 19], [28, 17], [8, 1], [0, 5], [20, 34], [3, 21], [19, 26], [42, 29], [28, 26], [22, 6], [2, 14], [28, 44], [10, 18], [30, 23], [27, 47], [37, 0], [38, 29], [12, 39], [39, 20], [47, 14], [8, 46], [29, 20], [12, 15], [1, 4], [46, 16], [17, 33], [38, 15], [23, 42], [10, 15], [47, 2], [15, 11], [40, 19], [30, 22], [19, 33], [18, 42], [7, 24], [45, 5], [35, 9], [37, 38], [44, 24], [12, 35], [14, 17], [30, 44], [47, 44], [46, 43], [25, 42], [21, 13], [19, 32], [12, 43], [37, 18], [42, 0], [47, 6], [7, 33], [10, 4], [49, 33], [4, 45], [36, 24], [48, 7], [7, 19], [36, 27], [0, 29], [46, 40], [46, 20], [21, 39], [3, 16], [3, 17], [33, 7], [30, 35], [19, 31], [33, 11], [34, 41], [19, 22], [37, 42], [24, 37], [49, 22], [17, 40], [5, 5], [35, 22], [19, 7], [38, 8], [0, 24], [18, 38], [20, 19], [10, 41], [12, 19], [28, 45], [26, 9], [13, 28], [4, 48], [5, 40], [16, 29], [9, 38], [3, 33], [34, 28], [45, 3], [31, 10], [39, 32], [46, 19], [33, 31], [31, 16], [44, 0], [46, 31], [17, 31], [37, 23], [8, 17], [20, 40], [37, 33], [2, 25], [32, 9], [48, 6], [9, 43], [30, 40], [4, 34], [1, 8], [41, 4], [18, 41], [19, 11], [6, 9], [40, 26], [28, 49], [14, 41], [28, 34], [35, 31], [48, 12], [18, 16], [31, 2], [1, 27], [26, 0], [14, 30], [4, 31], [29, 3], [10, 47], [38, 49], [13, 31], [26, 7], [25, 35], [2, 48], [7, 31], [34, 39], [35, 13], [38, 40], [25, 38], [44, 30], [8, 29], [41, 10], [31, 23], [16, 42], [5, 8], [29, 46], [14, 27], [31, 15], [44, 38], [5, 44], [38, 37], [4, 46], [4, 42], [9, 21], [49, 42], [36, 22], [21, 49], [24, 5], [32, 20], [29, 4], [6, 40], [19, 38], [35, 5], [33, 35], [4, 39], [20, 30], [47, 19], [29, 16], [5, 39], [27, 20], [8, 13], [24, 49], [49, 46], [6, 1], [7, 34], [39, 7], [46, 37], [48, 3], [18, 24], [27, 46], [2, 17], [36, 48], [17, 49], [3, 13], [13, 35], [49, 45], [14, 25], [11, 27], [37, 20], [15, 12], [12, 1], [44, 37], [21, 33], [21, 22], [4, 40], [34, 49], [12, 42], [20, 24], [8, 16], [36, 21], [2, 42], [35, 12], [7, 1], [35, 43], [0, 44], [14, 2], [4, 23], [48, 36], [29, 10], [35, 28], [20, 28], [34, 42], [13, 2], [23, 21], [18, 43], [39, 25], [27, 22], [4, 35], [29, 33], [47, 1], [43, 32], [38, 25], [47, 7], [12, 45], [44, 15], [32, 26], [10, 30], [26, 48], [43, 11], [42, 36], [28, 35], [3, 23], [43, 13], [12, 21], [4, 12], [29, 29], [49, 9], [0, 1], [13, 41], [12, 24], [23, 2], [0, 48], [22, 42], [33, 38], [43, 18], [48, 13], [5, 22], [49, 13], [44, 23], [23, 37], [25, 31], [39, 8], [8, 8], [22, 28], [31, 49], [8, 48], [33, 22], [1, 32], [15, 22], [23, 0], [22, 36], [40, 5], [42, 38], [22, 1], [0, 35], [6, 41], [43, 24], [3, 6], [35, 3], [47, 0], [36, 1], [44, 29], [7, 43], [16, 45], [37, 37], [25, 5], [14, 32], [33, 5], [2, 41], [14, 12], [29, 35], [29, 22], [34, 30], [0, 11], [2, 18], [24, 32], [27, 23], [43, 2], [33, 14], [20, 16], [18, 28], [15, 23], [32, 14], [5, 31], [2, 8], [1, 25], [46, 11], [21, 42], [24, 23], [6, 30], [32, 32], [5, 32], [3, 29], [23, 31], [16, 48], [47, 18], [2, 49], [16, 40], [21, 29], [4, 10], [37, 13], [7, 48], [1, 44], [48, 0], [16, 23], [32, 41], [37, 4], [37, 48], [42, 13], [22, 38], [21, 34], [19, 27], [0, 21], [48, 29], [13, 15], [41, 15], [34, 27], [46, 0], [22, 26], [45, 20], [9, 48], [16, 44], [15, 43], [31, 6], [16, 32], [43, 0], [42, 41], [27, 27], [10, 11], [18, 26], [1, 47], [40, 2], [3, 37], [29, 21], [38, 23], [41, 3], [14, 47], [47, 4], [49, 18], [20, 14], [37, 39], [3, 27], [12, 38], [21, 17], [30, 14], [40, 20], [29, 49], [42, 11], [33, 30], [44, 19], [38, 41], [27, 36], [45, 40], [18, 39], [40, 35], [41, 12], [15, 7], [44, 7], [46, 5], [28, 15], [45, 23], [29, 15], [13, 38], [8, 44], [37, 31], [20, 39], [43, 26], [37, 15], [15, 47], [33, 40], [13, 34], [38, 26], [14, 19], [14, 6], [15, 2], [16, 22], [8, 9], [41, 11], [6, 0], [24, 38], [15, 24], [22, 49], [32, 36], [18, 12], [24, 17], [24, 28], [25, 22], [49, 31], [44, 26], [15, 29], [23, 16], [44, 28], [24, 45], [0, 49], [39, 35], [28, 42], [23, 3], [7, 3], [29, 7], [17, 25], [7, 2], [25, 8], [22, 43], [43, 14], [11, 41], [11, 29], [30, 33], [34, 15], [21, 41], [2, 5], [5, 27], [47, 28], [22, 10], [17, 42], [3, 49], [39, 3], [29, 19], [24, 24], [49, 41], [16, 1], [15, 39], [39, 18], [3, 5], [16, 24], [29, 41], [39, 15], [17, 48], [43, 40], [17, 41], [9, 18], [39, 36], [17, 38], [25, 28], [3, 10], [20, 17], [35, 4], [23, 13], [4, 43], [20, 15], [46, 12], [14, 33], [31, 25], [43, 22], [32, 43], [26, 47], [9, 8], [48, 27], [17, 16], [36, 9], [40, 40], [14, 26], [2, 37], [27, 33], [10, 39], [17, 30], [19, 36], [18, 18], [24, 26], [11, 22], [47, 31], [17, 10], [31, 31], [1, 24], [21, 23], [20, 38], [0, 14], [34, 9], [24, 2], [49, 14], [47, 17], [22, 30], [34, 5], [21, 5], [39, 21], [6, 28], [9, 23], [42, 35], [3, 39], [30, 32], [23, 19], [12, 36], [1, 46], [32, 13], [39, 47], [15, 28], [25, 49], [6, 49], [49, 36], [1, 40], [26, 24], [7, 42], [42, 3], [4, 4], [23, 28], [46, 21], [5, 13], [49, 1], [0, 9], [14, 24], [48, 25], [33, 47], [46, 17], [46, 8], [45, 34], [33, 34], [41, 24], [20, 46], [8, 19], [37, 27], [19, 34], [42, 24], [22, 31], [7, 26], [42, 25], [13, 9], [35, 44], [30, 10], [6, 33], [19, 45], [49, 47], [3, 22], [13, 46], [7, 47], [8, 32], [31, 4], [49, 37], [4, 29], [16, 26], [10, 12], [8, 34], [43, 17], [22, 23], [7, 39], [27, 45], [46, 1], [10, 14], [5, 37], [44, 8], [18, 27], [30, 29], [15, 35], [36, 40], [32, 28], [27, 4], [37, 16], [7, 29], [47, 47], [20, 43], [8, 33], [0, 22], [23, 15], [36, 2], [28, 28], [28, 41], [31, 27], [13, 7], [39, 26], [15, 21], [43, 49], [9, 1], [21, 28], [34, 36], [41, 8], [12, 16], [5, 30], [19, 42], [47, 24], [6, 31], [1, 22], [22, 27], [42, 16], [6, 13], [21, 35], [39, 23], [9, 27], [25, 41], [3, 9], [29, 18], [6, 3], [2, 10], [42, 23], [7, 44], [47, 27], [5, 21], [11, 25], [40, 34], [14, 23], [40, 12], [30, 27], [12, 46], [20, 26], [49, 17], [30, 13], [1, 31], [31, 0], [30, 31], [6, 22], [22, 18], [43, 33], [10, 25], [37, 35], [28, 12], [14, 4], [0, 23], [27, 15], [38, 17], [35, 37], [37, 6], [35, 7], [24, 4], [26, 11], [14, 28], [37, 1], [2, 11], [14, 22], [3, 31], [13, 20], [42, 22], [22, 22], [25, 37], [35, 23], [11, 12], [45, 45], [44, 1], [0, 20], [45, 12], [26, 18], [7, 41], [48, 38], [14, 34], [44, 11], [2, 30], [43, 8], [11, 39], [16, 17], [12, 9], [46, 13], [30, 28], [27, 44], [6, 32], [9, 49], [17, 47], [28, 46], [35, 38], [21, 48], [42, 39], [22, 16], [39, 16], [44, 16], [0, 43], [1, 16], [25, 34], [40, 15], [19, 1], [0, 30], [0, 16], [19, 37], [41, 40], [25, 14], [5, 4], [15, 44], [18, 10], [24, 14], [47, 12], [15, 32], [8, 12], [4, 6], [4, 44], [45, 25], [16, 39], [45, 47]]}