{"meta": {"number_of_robots": 914, "description": {"parameters": {"seed": 2812, "shape": [50, 50], "obstacles": {"n": 10, "mean": 5, "std": 2.5}, "clusters": {"n": 30, "mean": 20, "std": 10.0, "relative_radius": 2, "increase_factor": 1.3, "start_dist": {"generator_name": "Image", "shape": [50, 50], "min": 28.0, "max": 245.0, "mean": 182.062, "std": 43.495440634622845, "dtype": "uint64", "parameters": {"image": "universe_bgradiation.png", "transformer": {"name": "ColorChannelSelector", "channel": "b", "inverted": false}}}, "target_dist": {"generator_name": "Image", "shape": [50, 50], "min": 12.0, "max": 246.0, "mean": 153.7508, "std": 54.20219090922433, "dtype": "uint64", "parameters": {"image": "universe_bgradiation.png", "transformer": {"name": "ColorChannelSelector", "channel": "r", "inverted": false}}}}, "density": 0.4, "start_dist": {"generator_name": "Image", "shape": [50, 50], "min": 28.0, "max": 245.0, "mean": 182.062, "std": 43.495440634622845, "dtype": "uint64", "parameters": {"image": "universe_bgradiation.png", "transformer": {"name": "ColorChannelSelector", "channel": "b", "inverted": false}}}, "target_dist": {"generator_name": "Image", "shape": [50, 50], "min": 12.0, "max": 246.0, "mean": 153.7508, "std": 54.20219090922433, "dtype": "uint64", "parameters": {"image": "universe_bgradiation.png", "transformer": {"name": "ColorChannelSelector", "channel": "r", "inverted": false}}}}, "stats": {"date": "2020-11-17", "free_area": 2285.0, "number_of_clustered_robots": 658, "number_of_robots": 914}}}, "name": "universe_bgradiation_00002_50x50_40_914", "obstacles": [[3, 31], [3, 32], [3, 33], [4, 31], [4, 33], [5, 31], [5, 33], [6, 31], [6, 33], [7, 31], [7, 33], [8, 31], [8, 33], [9, 31], [9, 33], [10, 31], [10, 32], [10, 33], [11, 5], [11, 6], [11, 13], [11, 14], [11, 15], [11, 16], [11, 17], [11, 18], [12, 5], [12, 6], [12, 13], [12, 18], [13, 5], [13, 6], [13, 13], [13, 18], [14, 5], [14, 6], [14, 13], [14, 18], [15, 5], [15, 6], [15, 13], [15, 14], [15, 15], [15, 16], [15, 17], [15, 18], [23, 16], [23, 17], [23, 18], [24, 16], [24, 18], [25, 16], [25, 18], [26, 16], [26, 18], [27, 16], [27, 18], [28, 16], [28, 18], [29, 16], [29, 17], [29, 18], [36, 27], [36, 28], [36, 29], [36, 30], [36, 31], [36, 44], [36, 45], [36, 46], [36, 47], [36, 48], [37, 13], [37, 27], [37, 28], [37, 29], [37, 30], [37, 31], [37, 44], [37, 45], [37, 46], [37, 47], [37, 48], [38, 13], [39, 2], [39, 3], [39, 4], [39, 5], [39, 6], [39, 7], [39, 8], [39, 9], [39, 13], [40, 2], [40, 9], [40, 13], [41, 2], [41, 9], [41, 13], [41, 39], [42, 2], [42, 9], [42, 11], [42, 12], [42, 14], [42, 15], [42, 16], [42, 17], [42, 18], [42, 19], [42, 20], [42, 21], [42, 39], [43, 2], [43, 9], [43, 11], [43, 21], [43, 39], [44, 2], [44, 9], [44, 11], [44, 21], [44, 39], [45, 2], [45, 3], [45, 4], [45, 5], [45, 6], [45, 7], [45, 8], [45, 9], [45, 11], [45, 12], [45, 13], [45, 14], [45, 15], [45, 16], [45, 17], [45, 18], [45, 19], [45, 20], [45, 21], [45, 39]], "starts": [[45, 22], [41, 17], [41, 20], [15, 35], [1, 13], [43, 37], [10, 45], [16, 48], [35, 29], [13, 43], [37, 17], [34, 40], [23, 29], [29, 42], [37, 34], [20, 2], [30, 41], [11, 42], [25, 8], [47, 9], [10, 1], [4, 30], [49, 35], [47, 12], [28, 24], [16, 7], [48, 13], [44, 47], [14, 37], [21, 6], [13, 45], [5, 6], [25, 6], [11, 39], [48, 33], [18, 46], [26, 22], [29, 13], [10, 9], [43, 10], [19, 46], [0, 12], [6, 49], [46, 5], [20, 40], [37, 32], [32, 42], [5, 37], [11, 0], [21, 12], [38, 17], [32, 37], [49, 47], [5, 36], [43, 29], [37, 20], [7, 40], [14, 48], [31, 22], [35, 16], [17, 4], [5, 29], [26, 19], [25, 11], [18, 1], [47, 15], [20, 43], [10, 11], [21, 7], [3, 10], [14, 42], [47, 8], [42, 25], [16, 41], [21, 31], [35, 30], [37, 40], [2, 41], [46, 36], [9, 45], [14, 44], [29, 22], [11, 38], [30, 7], [14, 3], [27, 12], [36, 18], [34, 45], [18, 8], [48, 3], [47, 48], [18, 45], [11, 36], [44, 32], [39, 19], [2, 15], [47, 39], [3, 44], [48, 14], [17, 41], [30, 28], [35, 19], [13, 4], [3, 22], [26, 24], [16, 8], [30, 10], [12, 37], [36, 34], [29, 45], [26, 8], [7, 44], [8, 45], [15, 4], [44, 10], [4, 35], [43, 36], [11, 45], [2, 7], [20, 1], [35, 18], [5, 13], [12, 41], [9, 46], [33, 14], [37, 36], [48, 11], [49, 45], [28, 14], [48, 26], [13, 42], [18, 27], [38, 34], [30, 43], [5, 30], [43, 30], [18, 12], [46, 13], [38, 20], [3, 40], [3, 14], [21, 13], [10, 43], [10, 47], [11, 48], [35, 21], [25, 19], [32, 45], [12, 3], [0, 30], [49, 7], [27, 24], [3, 7], [9, 49], [8, 37], [42, 40], [32, 14], [11, 7], [22, 13], [46, 11], [41, 18], [36, 42], [12, 4], [48, 4], [18, 32], [39, 33], [34, 39], [15, 39], [7, 43], [30, 16], [40, 46], [4, 38], [14, 47], [7, 35], [49, 29], [4, 3], [33, 3], [37, 21], [5, 7], [49, 41], [8, 47], [32, 11], [12, 10], [48, 8], [46, 14], [12, 45], [31, 28], [25, 24], [13, 1], [4, 26], [32, 27], [7, 11], [25, 0], [8, 40], [45, 25], [14, 39], [15, 25], [30, 31], [34, 47], [2, 34], [49, 40], [37, 16], [37, 42], [15, 45], [20, 6], [9, 43], [1, 12], [15, 46], [49, 49], [14, 4], [49, 11], [3, 4], [30, 9], [10, 48], [35, 20], [1, 37], [46, 35], [49, 13], [40, 18], [10, 46], [16, 33], [30, 33], [31, 38], [13, 49], [20, 9], [14, 8], [25, 4], [40, 11], [7, 9], [11, 41], [30, 26], [15, 42], [35, 22], [35, 35], [17, 3], [10, 41], [11, 4], [1, 30], [40, 39], [27, 26], [49, 3], [4, 45], [46, 6], [5, 0], [22, 2], [46, 47], [7, 47], [30, 12], [17, 42], [46, 28], [20, 32], [23, 27], [37, 37], [28, 37], [3, 38], [48, 32], [16, 49], [34, 23], [11, 8], [46, 4], [39, 15], [6, 13], [47, 43], [8, 49], [7, 1], [22, 7], [10, 37], [39, 17], [33, 38], [49, 10], [29, 8], [7, 41], [41, 30], [6, 42], [15, 43], [17, 47], [34, 28], [37, 14], [33, 45], [16, 2], [5, 27], [48, 7], [28, 22], [6, 12], [31, 11], [10, 6], [47, 13], [12, 35], [39, 36], [29, 38], [49, 48], [6, 15], [11, 43], [9, 30], [39, 32], [22, 12], [4, 42], [5, 12], [34, 5], [10, 49], [25, 25], [47, 10], [39, 16], [14, 43], [17, 48], [39, 11], [39, 40], [15, 3], [48, 6], [45, 29], [20, 41], [23, 31], [35, 31], [31, 37], [13, 41], [47, 34], [2, 6], [15, 38], [7, 14], [21, 1], [23, 15], [13, 44], [36, 25], [30, 15], [17, 1], [5, 28], [34, 19], [49, 44], [4, 44], [48, 15], [3, 47], [16, 45], [18, 3], [47, 6], [2, 32], [40, 38], [10, 4], [31, 1], [36, 15], [38, 19], [18, 34], [5, 8], [46, 38], [17, 43], [4, 41], [29, 25], [31, 43], [38, 35], [36, 40], [25, 12], [13, 9], [29, 2], [1, 34], [48, 31], [21, 5], [49, 12], [17, 45], [7, 42], [48, 9], [6, 47], [47, 46], [17, 49], [29, 23], [33, 16], [12, 1], [6, 26], [27, 19], [22, 9], [7, 3], [20, 12], [7, 6], [7, 46], [47, 28], [16, 35], [21, 29], [33, 33], [33, 43], [2, 36], [40, 34], [38, 9], [32, 43], [17, 0], [47, 3], [15, 48], [38, 14], [4, 48], [47, 14], [18, 43], [26, 25], [16, 4], [33, 4], [32, 13], [11, 46], [13, 34], [47, 40], [2, 14], [7, 37], [49, 46], [15, 41], [40, 32], [37, 43], [16, 3], [47, 7], [5, 3], [29, 7], [16, 44], [18, 40], [32, 23], [33, 20], [35, 42], [20, 3], [1, 24], [48, 10], [31, 19], [16, 47], [4, 40], [48, 40], [23, 9], [46, 12], [36, 12], [34, 42], [9, 41], [10, 7], [33, 2], [40, 15], [1, 11], [43, 42], [14, 40], [13, 11], [47, 5], [19, 49], [31, 16], [46, 22], [22, 41], [21, 32], [37, 39], [32, 39], [7, 36], [46, 31], [20, 42], [24, 9], [15, 40], [46, 49], [12, 2], [25, 2], [47, 11], [37, 11], [0, 8], [12, 44], [28, 21], [3, 39], [30, 18], [41, 35], [19, 0], [13, 37], [10, 5], [1, 28], [45, 33], [33, 26], [49, 15], [5, 43], [4, 9], [34, 0], [23, 10], [18, 48], [18, 41], [38, 32], [30, 39], [41, 15], [6, 48], [49, 14], [2, 33], [43, 32], [8, 46], [37, 26], [7, 13], [27, 3], [11, 10], [49, 5], [42, 47], [2, 12], [5, 44], [29, 12], [10, 44], [20, 48], [42, 10], [41, 42], [46, 25], [21, 37], [22, 29], [36, 38], [30, 40], [9, 38], [42, 34], [13, 47], [16, 5], [21, 3], [15, 44], [32, 26], [27, 22], [20, 4], [4, 22], [27, 27], [46, 15], [17, 7], [47, 4], [40, 20], [2, 16], [44, 41], [2, 49], [31, 12], [3, 1], [22, 10], [10, 34], [49, 30], [11, 49], [10, 39], [40, 48], [15, 49], [34, 15], [6, 46], [12, 33], [32, 29], [32, 44], [36, 13], [38, 36], [18, 10], [46, 7], [49, 8], [6, 4], [31, 2], [31, 7], [2, 42], [45, 31], [3, 13], [9, 40], [13, 46], [19, 47], [33, 23], [37, 23], [35, 46], [19, 3], [5, 23], [46, 10], [31, 26], [6, 37], [13, 8], [27, 11], [40, 19], [15, 37], [21, 2], [46, 3], [42, 23], [22, 42], [20, 31], [38, 33], [31, 41], [12, 34], [42, 31], [25, 15], [45, 49], [49, 6], [40, 17], [3, 11], [17, 46], [16, 40], [30, 23], [36, 41], [2, 11], [31, 9], [16, 42], [11, 34], [48, 30], [15, 10], [48, 12], [3, 37], [26, 9], [5, 46], [13, 32], [32, 31], [38, 37], [9, 3], [21, 9], [13, 40], [28, 26], [36, 26], [12, 0], [3, 25], [29, 27], [49, 9], [39, 18], [6, 7], [48, 37], [12, 39], [1, 42], [43, 33], [18, 44], [48, 49], [40, 12], [31, 36], [19, 7], [45, 10], [9, 8], [24, 8], [30, 6], [11, 37], [7, 49], [35, 26], [12, 43], [41, 25], [21, 38], [20, 26], [33, 29], [28, 41], [2, 31], [45, 28], [46, 9], [5, 11], [7, 39], [9, 7], [27, 7], [12, 46], [18, 5], [46, 8], [22, 14], [15, 47], [34, 21], [35, 17], [17, 2], [3, 26], [31, 20], [39, 21], [3, 49], [8, 41], [42, 32], [46, 45], [36, 16], [37, 38], [8, 1], [24, 5], [9, 37], [22, 35], [38, 29], [34, 38], [48, 5], [6, 6], [4, 47], [20, 46], [11, 2], [49, 4], [31, 13], [16, 43], [26, 23], [1, 39], [42, 28], [12, 7], [28, 8], [4, 43], [8, 10], [34, 2], [18, 0], [0, 9], [1, 46], [29, 10], [0, 6], [17, 13], [4, 21], [9, 4], [21, 8], [19, 23], [31, 47], [33, 41], [16, 26], [34, 24], [34, 3], [22, 16], [12, 21], [45, 41], [46, 30], [16, 38], [47, 35], [28, 40], [17, 10], [31, 39], [32, 4], [11, 12], [6, 44], [45, 48], [28, 36], [5, 26], [39, 0], [5, 22], [31, 30], [32, 35], [0, 37], [23, 36], [35, 49], [24, 45], [32, 46], [27, 43], [6, 5], [38, 8], [41, 21], [25, 39], [38, 4], [2, 26], [19, 44], [33, 47], [21, 18], [10, 14], [35, 5], [29, 1], [11, 47], [36, 8], [43, 27], [19, 14], [18, 31], [38, 0], [8, 14], [33, 32], [41, 10], [48, 35], [6, 23], [9, 27], [42, 43], [8, 13], [19, 4], [26, 28], [43, 48], [33, 44], [35, 43], [16, 12], [24, 35], [37, 4], [3, 43], [30, 13], [0, 17], [28, 30], [26, 0], [36, 49], [28, 11], [35, 12], [15, 27], [48, 29], [12, 22], [28, 34], [18, 24], [8, 2], [5, 39], [35, 36], [39, 22], [35, 0], [2, 21], [24, 12], [38, 41], [11, 21], [7, 23], [4, 1], [24, 15], [3, 21], [22, 5], [19, 24], [2, 35], [12, 26], [46, 48], [2, 18], [15, 30], [29, 44], [39, 23], [39, 47], [16, 28], [40, 33], [31, 40], [31, 4], [34, 29], [27, 45], [25, 30], [47, 21], [15, 8], [18, 18], [22, 17], [1, 47], [20, 5], [44, 33], [40, 45], [36, 35], [6, 39], [35, 34], [30, 37], [43, 31], [9, 29], [41, 14], [29, 6], [27, 0], [44, 25], [31, 6], [9, 20], [20, 30], [3, 18], [31, 33], [28, 29], [27, 29], [8, 22], [23, 6], [46, 29], [0, 39], [15, 20], [0, 14], [6, 25], [32, 38], [37, 15], [2, 17], [8, 6], [32, 7], [21, 21], [48, 38], [43, 43], [48, 34], [36, 22], [1, 40], [35, 8], [28, 23], [30, 36], [23, 43], [19, 5], [22, 37], [6, 38], [47, 31], [41, 45], [11, 24], [26, 27], [25, 42], [3, 5], [18, 37], [19, 37], [10, 24], [41, 12], [42, 0], [47, 2], [44, 28], [9, 2], [2, 38], [39, 43], [7, 19], [15, 26], [46, 19], [28, 1], [21, 27], [23, 20], [40, 40], [23, 13], [15, 32], [0, 46], [23, 22], [14, 10], [20, 39], [34, 27], [27, 6], [27, 4], [24, 22], [33, 10], [38, 43], [2, 40], [46, 17], [8, 19], [6, 21], [3, 24], [35, 45], [0, 5], [4, 23], [22, 38], [39, 27], [26, 39], [13, 20], [43, 0], [10, 16], [23, 4], [4, 7], [36, 10], [31, 0], [12, 29], [24, 10], [18, 42], [13, 7], [1, 8], [32, 0], [3, 23], [7, 26], [42, 1], [37, 19], [42, 30], [1, 29], [16, 16], [19, 6], [30, 1], [24, 28], [23, 40], [43, 23], [31, 14], [38, 2], [6, 24], [6, 11], [33, 5], [21, 44], [26, 10], [13, 39], [34, 14], [10, 2], [47, 45], [16, 14], [40, 27], [44, 0], [1, 9], [30, 11]], "targets": [[49, 8], [33, 29], [9, 38], [12, 7], [22, 17], [46, 29], [4, 17], [40, 31], [11, 40], [37, 22], [11, 27], [20, 17], [13, 12], [47, 19], [23, 43], [11, 29], [8, 6], [28, 33], [25, 1], [49, 6], [6, 27], [16, 20], [6, 42], [36, 14], [22, 36], [30, 14], [14, 31], [6, 12], [27, 28], [44, 32], [44, 35], [29, 3], [48, 23], [35, 25], [3, 43], [44, 24], [4, 22], [24, 7], [2, 31], [13, 24], [4, 14], [23, 9], [42, 36], [44, 1], [10, 7], [29, 39], [7, 4], [31, 26], [33, 13], [47, 27], [33, 26], [12, 9], [3, 13], [34, 34], [1, 34], [6, 34], [36, 23], [41, 25], [17, 41], [4, 23], [15, 30], [17, 24], [25, 36], [31, 4], [1, 26], [11, 30], [0, 15], [34, 13], [49, 23], [22, 10], [40, 32], [49, 1], [49, 9], [6, 14], [12, 19], [28, 35], [6, 4], [28, 32], [1, 38], [28, 30], [43, 23], [13, 23], [47, 24], [24, 4], [32, 13], [48, 33], [38, 26], [20, 16], [2, 21], [11, 21], [9, 19], [0, 22], [30, 36], [8, 35], [2, 33], [21, 18], [47, 29], [48, 24], [46, 1], [44, 28], [16, 48], [10, 27], [15, 27], [14, 22], [28, 36], [40, 14], [47, 31], [7, 13], [26, 43], [4, 3], [24, 5], [34, 25], [49, 32], [3, 21], [10, 22], [37, 24], [3, 45], [2, 16], [41, 17], [45, 27], [34, 29], [21, 12], [42, 33], [41, 33], [2, 27], [20, 9], [46, 3], [3, 17], [30, 5], [49, 10], [15, 7], [19, 14], [29, 38], [9, 0], [25, 32], [4, 43], [7, 24], [16, 21], [3, 38], [41, 31], [37, 14], [45, 25], [33, 21], [3, 23], [40, 29], [13, 44], [8, 28], [44, 25], [12, 31], [13, 20], [33, 14], [24, 31], [27, 8], [48, 26], [33, 24], [9, 36], [32, 1], [41, 12], [43, 33], [47, 2], [34, 28], [18, 17], [1, 31], [10, 28], [9, 10], [29, 36], [4, 7], [40, 30], [40, 35], [9, 20], [9, 17], [30, 24], [0, 17], [33, 34], [9, 34], [32, 5], [49, 25], [5, 36], [20, 12], [48, 34], [42, 27], [33, 3], [1, 22], [16, 30], [46, 0], [44, 26], [17, 46], [3, 19], [12, 27], [15, 22], [27, 29], [30, 16], [45, 29], [45, 30], [47, 11], [8, 9], [16, 17], [25, 44], [0, 3], [27, 33], [4, 35], [40, 21], [22, 14], [4, 21], [28, 6], [37, 21], [23, 14], [38, 24], [1, 14], [1, 32], [14, 27], [36, 4], [44, 36], [40, 27], [9, 21], [32, 30], [1, 44], [40, 1], [8, 38], [38, 23], [9, 14], [28, 44], [3, 7], [2, 15], [30, 1], [41, 15], [43, 22], [33, 25], [29, 8], [37, 33], [14, 46], [44, 23], [4, 16], [13, 9], [13, 27], [26, 26], [7, 27], [17, 20], [7, 37], [29, 35], [16, 19], [31, 20], [44, 0], [34, 8], [49, 28], [1, 15], [39, 32], [26, 3], [3, 16], [47, 5], [13, 11], [18, 11], [31, 44], [7, 3], [32, 31], [3, 36], [38, 32], [12, 22], [5, 21], [10, 29], [8, 34], [27, 13], [47, 30], [38, 31], [38, 9], [44, 30], [32, 29], [35, 26], [22, 8], [43, 1], [33, 5], [36, 32], [1, 45], [43, 26], [5, 18], [41, 35], [10, 47], [5, 16], [46, 23], [9, 30], [10, 17], [33, 12], [26, 31], [35, 8], [48, 28], [0, 26], [15, 29], [11, 7], [28, 43], [2, 1], [7, 17], [24, 13], [41, 34], [29, 33], [2, 38], [23, 2], [33, 28], [32, 7], [43, 28], [41, 30], [2, 20], [41, 0], [3, 35], [47, 36], [1, 16], [40, 26], [17, 13], [7, 28], [17, 26], [48, 6], [10, 11], [12, 12], [21, 37], [1, 3], [25, 28], [9, 43], [19, 18], [43, 24], [31, 5], [43, 31], [30, 6], [40, 25], [16, 43], [12, 21], [7, 30], [14, 21], [29, 37], [5, 17], [34, 26], [42, 0], [41, 28], [1, 23], [5, 26], [20, 20], [27, 27], [2, 40], [37, 17], [45, 34], [42, 28], [6, 35], [7, 12], [22, 13], [48, 30], [43, 34], [40, 24], [4, 28], [17, 11], [27, 40], [1, 6], [33, 2], [32, 4], [42, 29], [29, 27], [0, 36], [0, 33], [15, 31], [2, 19], [46, 24], [47, 1], [37, 23], [8, 20], [43, 29], [11, 42], [11, 25], [13, 34], [15, 23], [25, 34], [26, 0], [35, 16], [46, 28], [22, 12], [36, 36], [48, 7], [11, 9], [17, 19], [27, 38], [2, 6], [31, 29], [5, 37], [36, 25], [18, 13], [6, 25], [20, 29], [5, 13], [3, 34], [42, 24], [46, 5], [39, 34], [13, 22], [34, 14], [43, 35], [25, 2], [34, 27], [31, 30], [6, 46], [27, 10], [39, 27], [6, 16], [10, 8], [24, 43], [3, 4], [1, 33], [10, 19], [30, 15], [42, 25], [3, 15], [38, 35], [11, 45], [5, 27], [41, 19], [12, 29], [13, 19], [37, 15], [25, 37], [47, 33], [33, 32], [4, 46], [26, 2], [49, 0], [39, 28], [21, 9], [31, 25], [35, 12], [49, 27], [3, 40], [23, 11], [48, 32], [45, 36], [6, 23], [20, 31], [40, 34], [11, 20], [46, 12], [7, 8], [18, 18], [31, 34], [4, 2], [27, 25], [2, 41], [1, 13], [22, 6], [36, 34], [7, 18], [34, 10], [48, 27], [48, 0], [34, 24], [21, 8], [44, 34], [12, 43], [45, 24], [11, 24], [19, 8], [15, 32], [25, 29], [8, 29], [10, 25], [9, 45], [21, 36], [14, 26], [30, 21], [33, 11], [42, 35], [26, 6], [0, 18], [11, 10], [26, 39], [3, 3], [4, 39], [47, 25], [47, 4], [33, 30], [8, 44], [39, 35], [10, 23], [33, 10], [46, 31], [3, 24], [14, 30], [1, 18], [21, 16], [40, 33], [27, 2], [29, 25], [1, 17], [39, 25], [19, 11], [48, 12], [14, 11], [19, 19], [28, 41], [5, 2], [27, 35], [3, 44], [41, 32], [34, 11], [49, 30], [38, 27], [14, 45], [4, 27], [11, 28], [16, 18], [22, 29], [45, 1], [6, 30], [14, 29], [8, 39], [26, 12], [46, 32], [39, 29], [25, 4], [31, 6], [46, 36], [31, 28], [2, 34], [1, 20], [30, 30], [9, 13], [34, 33], [2, 22], [48, 31], [6, 7], [26, 34], [2, 2], [43, 27], [17, 16], [5, 29], [21, 25], [48, 2], [33, 15], [43, 30], [24, 8], [29, 29], [2, 39], [21, 15], [49, 22], [2, 17], [42, 30], [13, 43], [14, 23], [44, 22], [12, 26], [16, 24], [32, 17], [21, 35], [35, 20], [31, 13], [46, 25], [7, 40], [39, 30], [0, 32], [21, 29], [46, 10], [10, 5], [17, 17], [27, 39], [1, 1], [25, 25], [0, 46], [31, 1], [0, 13], [48, 1], [42, 22], [19, 12], [41, 24], [41, 29], [9, 22], [17, 14], [38, 3], [47, 26], [5, 20], [33, 27], [2, 42], [6, 22], [11, 23], [40, 36], [29, 6], [27, 24], [7, 5], [26, 42], [4, 1], [38, 8], [44, 33], [35, 23], [13, 46], [2, 18], [11, 33], [16, 25], [21, 30], [49, 3], [8, 37], [21, 10], [47, 32], [42, 31], [25, 35], [3, 42], [4, 18], [5, 19], [41, 22], [22, 15], [5, 23], [10, 26], [36, 16], [45, 31], [23, 5], [43, 32], [39, 23], [8, 19], [30, 26], [48, 11], [10, 10], [18, 19], [22, 43], [4, 4], [26, 28], [4, 38], [48, 4], [27, 11], [46, 35], [33, 4], [46, 26], [3, 20], [5, 22], [14, 25], [21, 3], [38, 30], [13, 48], [8, 17], [13, 29], [18, 20], [21, 32], [5, 40], [39, 36], [25, 31], [9, 44], [8, 15], [39, 24], [22, 16], [32, 8], [43, 36], [35, 22], [14, 4], [27, 43], [0, 5], [49, 5], [24, 14], [37, 32], [4, 19], [8, 23], [19, 21], [29, 0], [37, 25], [7, 23], [26, 24], [2, 46], [35, 10], [45, 32], [48, 36], [19, 38], [43, 38], [31, 11], [48, 43], [34, 37], [5, 30], [17, 18], [35, 39], [31, 21], [15, 24], [34, 39], [11, 12], [27, 31], [36, 12], [23, 12], [41, 38], [23, 41], [49, 31], [10, 41], [17, 27], [10, 35], [18, 1], [27, 37], [46, 2], [4, 5], [23, 45], [9, 9], [8, 16], [20, 34], [33, 18], [32, 44], [26, 37], [26, 35], [32, 37], [9, 23], [34, 42], [30, 7], [35, 41], [3, 41], [8, 10], [33, 31], [29, 42], [25, 42], [16, 29], [46, 13], [22, 41], [0, 31], [23, 24], [32, 27], [47, 17], [48, 37], [8, 25], [23, 40], [38, 7], [26, 40], [24, 37], [2, 7], [12, 37], [4, 40], [33, 39], [26, 25], [38, 42], [48, 3], [20, 28], [11, 48], [20, 19], [38, 1], [13, 26], [16, 6], [27, 4], [16, 32], [34, 18], [23, 1], [28, 40], [20, 22], [7, 22], [25, 23], [6, 10], [40, 18], [20, 13], [32, 34], [40, 20], [28, 31], [21, 27], [18, 42], [22, 35], [18, 49], [8, 30], [46, 4], [5, 11], [36, 42], [47, 3], [35, 43], [13, 39], [17, 25], [4, 15], [4, 0], [13, 21], [42, 43], [15, 46], [33, 19], [8, 13], [10, 46], [19, 3], [1, 49], [5, 1], [14, 19], [28, 1], [24, 22], [5, 0], [20, 45], [12, 25], [27, 15], [14, 33], [17, 45], [21, 6], [23, 22], [18, 30], [49, 42], [40, 38], [23, 36], [17, 21], [7, 16], [22, 11], [18, 25], [45, 42], [29, 41], [16, 44], [39, 20], [31, 16], [42, 41], [47, 22], [25, 40], [32, 24], [1, 7], [2, 9], [7, 41], [21, 46], [6, 47], [32, 46], [0, 23], [25, 9], [17, 48], [17, 0], [0, 37], [31, 32], [6, 0], [18, 0], [1, 21], [49, 24], [29, 46], [24, 9], [49, 13], [10, 45], [1, 35], [30, 49], [1, 48], [29, 7], [32, 36], [3, 2], [7, 0], [24, 49], [12, 38], [28, 48], [25, 38], [14, 44], [32, 14], [49, 34], [34, 7], [11, 32], [48, 18], [34, 15], [17, 32], [38, 39], [49, 17], [20, 27], [20, 24], [32, 15], [3, 39], [19, 20], [48, 15], [3, 8], [13, 41], [46, 44], [12, 35], [35, 45], [34, 21], [3, 49], [5, 39], [38, 29], [31, 19], [22, 46], [12, 8], [45, 33], [18, 23], [42, 47], [17, 23], [36, 3], [24, 24], [25, 30], [26, 48], [32, 20], [3, 26], [14, 47], [36, 22], [32, 19], [3, 18], [38, 12], [18, 7], [0, 8], [39, 18], [23, 21], [35, 14], [23, 13], [28, 11], [21, 17], [22, 27], [48, 17], [0, 20], [20, 15], [33, 23], [46, 49], [1, 39], [46, 34], [37, 37], [8, 1], [29, 43], [21, 22], [22, 48], [27, 32], [27, 3], [22, 45], [32, 10], [30, 44], [34, 31], [19, 46], [1, 37], [11, 31], [31, 18], [22, 26], [46, 11], [19, 43], [32, 23], [10, 24], [15, 25], [6, 36], [14, 7], [20, 35], [4, 12], [34, 40], [20, 21], [24, 39], [8, 24], [35, 46], [13, 8], [28, 29]]}