{"meta": {"number_of_robots": 3000, "description": {"parameters": {"seed": 2167, "shape": [100, 100], "obstacles": {"n": 0, "mean": 3, "std": 1.5}, "clusters": {"n": 30, "mean": 80, "std": 40.0, "relative_radius": 2, "increase_factor": 1.3, "start_dist": {"generator_name": "Image", "shape": [100, 100], "min": 7.0, "max": 249.0, "mean": 182.0554, "std": 55.942139133572645, "dtype": "uint64", "parameters": {"image": "universe_bgradiation.png", "transformer": {"name": "ColorChannelSelector", "channel": "b", "inverted": false}}}, "target_dist": {"generator_name": "Image", "shape": [100, 100], "min": 3.0, "max": 250.0, "mean": 153.7589, "std": 69.08905246701535, "dtype": "uint64", "parameters": {"image": "universe_bgradiation.png", "transformer": {"name": "ColorChannelSelector", "channel": "r", "inverted": false}}}}, "density": 0.3, "start_dist": {"generator_name": "Image", "shape": [100, 100], "min": 7.0, "max": 249.0, "mean": 182.0554, "std": 55.942139133572645, "dtype": "uint64", "parameters": {"image": "universe_bgradiation.png", "transformer": {"name": "ColorChannelSelector", "channel": "b", "inverted": false}}}, "target_dist": {"generator_name": "Image", "shape": [100, 100], "min": 3.0, "max": 250.0, "mean": 153.7589, "std": 69.08905246701535, "dtype": "uint64", "parameters": {"image": "universe_bgradiation.png", "transformer": {"name": "ColorChannelSelector", "channel": "r", "inverted": false}}}}, "stats": {"date": "2020-11-17", "free_area": 10000.0, "number_of_clustered_robots": 2783, "number_of_robots": 3000}}}, "name": "universe_bgradiation_00006_100x100_30_3000", "obstacles": [], "starts": [[52, 9], [47, 63], [54, 17], [62, 48], [87, 85], [86, 90], [44, 65], [77, 89], [68, 85], [58, 14], [66, 44], [3, 29], [88, 65], [12, 45], [94, 62], [63, 45], [54, 4], [48, 72], [80, 47], [14, 27], [95, 28], [53, 15], [35, 78], [45, 10], [6, 67], [67, 79], [31, 26], [72, 40], [13, 59], [33, 71], [80, 31], [34, 24], [35, 71], [19, 54], [54, 66], [97, 73], [45, 3], [92, 47], [98, 91], [28, 87], [68, 90], [61, 8], [1, 10], [85, 78], [98, 89], [51, 51], [48, 73], [74, 34], [75, 46], [49, 83], [40, 43], [89, 35], [40, 69], [54, 1], [10, 29], [56, 23], [53, 6], [20, 64], [50, 87], [93, 66], [36, 11], [74, 46], [95, 91], [36, 75], [72, 39], [68, 35], [42, 38], [54, 47], [69, 77], [57, 2], [5, 18], [49, 72], [7, 54], [73, 86], [87, 99], [62, 82], [49, 51], [51, 59], [63, 47], [89, 77], [73, 42], [53, 72], [32, 40], [44, 11], [88, 31], [93, 68], [55, 46], [96, 87], [24, 77], [55, 15], [1, 31], [57, 18], [90, 35], [52, 6], [68, 37], [14, 72], [72, 84], [69, 5], [66, 68], [12, 15], [19, 47], [97, 64], [33, 51], [88, 92], [80, 89], [33, 16], [94, 46], [53, 66], [35, 70], [96, 88], [38, 96], [81, 42], [69, 50], [48, 86], [53, 14], [17, 54], [77, 38], [25, 37], [88, 25], [65, 75], [43, 62], [92, 69], [71, 80], [49, 9], [12, 34], [61, 0], [84, 31], [5, 21], [52, 16], [50, 67], [30, 0], [91, 62], [93, 89], [29, 80], [29, 23], [48, 1], [20, 75], [81, 96], [85, 92], [36, 59], [70, 77], [46, 50], [42, 61], [68, 54], [87, 83], [71, 32], [64, 72], [69, 91], [32, 30], [71, 15], [23, 12], [86, 27], [79, 58], [5, 74], [11, 26], [39, 63], [95, 98], [34, 90], [68, 32], [71, 72], [44, 15], [1, 38], [82, 85], [47, 6], [91, 73], [91, 91], [61, 47], [26, 37], [57, 47], [38, 76], [91, 45], [45, 45], [56, 2], [72, 49], [14, 67], [46, 3], [77, 50], [60, 82], [67, 82], [93, 52], [69, 1], [51, 87], [94, 86], [33, 75], [9, 26], [21, 27], [56, 73], [92, 22], [96, 78], [81, 50], [51, 49], [23, 52], [91, 93], [37, 4], [12, 24], [95, 94], [25, 13], [75, 58], [73, 87], [30, 32], [63, 65], [39, 68], [52, 24], [95, 84], [33, 97], [68, 75], [90, 34], [64, 16], [34, 68], [98, 82], [76, 40], [57, 74], [13, 16], [50, 12], [61, 15], [10, 67], [67, 45], [24, 30], [36, 3], [90, 56], [90, 31], [53, 83], [73, 63], [89, 83], [51, 53], [87, 91], [99, 83], [39, 78], [89, 64], [64, 78], [51, 10], [1, 36], [67, 4], [19, 57], [49, 59], [53, 69], [41, 44], [81, 36], [13, 13], [41, 23], [68, 47], [57, 73], [70, 88], [46, 74], [35, 12], [41, 62], [83, 68], [98, 87], [43, 86], [71, 41], [94, 72], [36, 27], [51, 7], [66, 38], [12, 52], [76, 85], [90, 36], [99, 94], [68, 89], [64, 5], [45, 57], [58, 79], [56, 59], [52, 65], [33, 14], [75, 42], [5, 29], [54, 5], [80, 40], [2, 24], [17, 30], [91, 58], [9, 65], [97, 77], [64, 40], [45, 81], [88, 82], [27, 76], [59, 21], [48, 48], [70, 85], [68, 53], [72, 81], [67, 77], [42, 41], [82, 87], [66, 16], [43, 11], [96, 33], [62, 15], [12, 42], [92, 56], [12, 61], [96, 65], [12, 22], [48, 61], [35, 61], [47, 54], [90, 90], [42, 93], [57, 64], [78, 50], [41, 39], [57, 71], [54, 8], [14, 33], [61, 41], [45, 87], [44, 13], [67, 80], [55, 6], [21, 63], [84, 90], [33, 55], [71, 3], [78, 44], [41, 6], [75, 47], [88, 85], [87, 88], [73, 35], [32, 21], [90, 84], [30, 82], [4, 15], [93, 21], [65, 79], [48, 58], [47, 68], [73, 51], [44, 51], [59, 1], [70, 38], [13, 71], [45, 5], [26, 46], [95, 69], [65, 43], [61, 81], [68, 76], [77, 48], [54, 15], [5, 42], [59, 12], [86, 85], [50, 83], [94, 83], [27, 84], [70, 31], [84, 87], [35, 57], [2, 18], [5, 57], [46, 18], [28, 29], [46, 72], [36, 10], [96, 22], [51, 57], [49, 58], [89, 86], [85, 63], [75, 35], [7, 66], [68, 78], [58, 77], [54, 63], [96, 92], [29, 89], [65, 47], [57, 6], [62, 42], [46, 81], [21, 39], [63, 5], [16, 56], [82, 89], [55, 16], [1, 35], [95, 90], [71, 31], [27, 14], [12, 28], [93, 82], [48, 47], [75, 55], [62, 83], [27, 36], [51, 58], [51, 62], [54, 6], [85, 94], [45, 93], [7, 53], [97, 29], [58, 75], [73, 58], [70, 7], [34, 57], [37, 12], [90, 66], [62, 35], [49, 77], [86, 93], [27, 34], [61, 83], [85, 99], [10, 15], [78, 64], [73, 41], [46, 0], [46, 73], [55, 14], [48, 5], [12, 33], [73, 45], [20, 66], [99, 87], [27, 87], [69, 47], [49, 45], [62, 91], [46, 61], [39, 74], [39, 34], [58, 15], [88, 71], [36, 16], [87, 50], [89, 38], [57, 78], [55, 17], [82, 67], [21, 72], [91, 89], [61, 33], [58, 73], [2, 26], [49, 54], [86, 87], [34, 46], [92, 90], [36, 81], [89, 36], [94, 66], [58, 85], [71, 73], [41, 8], [43, 1], [1, 24], [51, 15], [49, 5], [15, 71], [52, 64], [49, 73], [42, 49], [73, 65], [31, 23], [68, 33], [95, 34], [92, 95], [36, 77], [77, 88], [5, 15], [42, 11], [87, 69], [75, 48], [63, 75], [62, 75], [96, 94], [44, 76], [74, 33], [30, 6], [11, 67], [34, 55], [28, 24], [76, 54], [57, 83], [57, 1], [81, 48], [63, 64], [43, 67], [37, 15], [5, 41], [96, 91], [39, 87], [71, 67], [90, 33], [99, 74], [42, 29], [36, 57], [61, 10], [68, 43], [11, 57], [3, 14], [85, 80], [39, 6], [93, 22], [82, 98], [69, 48], [52, 77], [59, 72], [74, 65], [46, 8], [85, 56], [56, 3], [16, 22], [34, 70], [66, 73], [89, 98], [25, 95], [97, 78], [55, 5], [23, 67], [56, 54], [47, 72], [35, 14], [68, 34], [11, 13], [41, 12], [90, 32], [12, 29], [79, 91], [36, 34], [92, 65], [44, 49], [49, 63], [59, 78], [92, 99], [92, 37], [58, 71], [47, 9], [0, 68], [92, 68], [65, 36], [61, 88], [57, 4], [97, 86], [38, 94], [88, 36], [45, 6], [31, 29], [51, 20], [53, 65], [46, 59], [47, 69], [81, 55], [10, 12], [71, 84], [21, 69], [84, 39], [91, 79], [90, 67], [63, 78], [47, 11], [4, 41], [88, 89], [40, 87], [34, 45], [81, 89], [65, 4], [33, 62], [29, 6], [98, 21], [75, 31], [45, 91], [78, 45], [46, 14], [67, 49], [15, 45], [91, 57], [50, 76], [74, 48], [12, 64], [31, 25], [95, 67], [13, 22], [49, 53], [50, 69], [37, 71], [52, 11], [94, 98], [26, 83], [59, 77], [48, 67], [88, 94], [88, 39], [39, 3], [54, 14], [96, 95], [16, 51], [22, 25], [66, 66], [37, 0], [6, 35], [81, 53], [39, 47], [95, 78], [66, 42], [53, 78], [87, 39], [75, 49], [87, 95], [29, 78], [11, 23], [23, 4], [17, 26], [66, 60], [45, 64], [57, 79], [53, 1], [56, 17], [18, 68], [56, 68], [71, 82], [39, 69], [66, 15], [88, 41], [55, 24], [78, 55], [91, 69], [88, 96], [70, 36], [42, 40], [90, 98], [30, 94], [42, 1], [0, 33], [59, 47], [53, 88], [37, 5], [6, 51], [58, 48], [89, 57], [9, 12], [91, 27], [56, 77], [72, 74], [55, 63], [61, 57], [52, 73], [89, 82], [90, 57], [56, 6], [17, 23], [71, 97], [70, 33], [44, 69], [83, 99], [46, 5], [67, 39], [9, 67], [98, 86], [33, 91], [31, 5], [55, 69], [42, 23], [33, 35], [9, 23], [96, 72], [67, 32], [65, 88], [77, 41], [66, 91], [76, 57], [45, 1], [14, 38], [50, 50], [89, 31], [62, 5], [12, 58], [55, 50], [50, 57], [75, 34], [80, 82], [59, 76], [95, 93], [39, 93], [34, 11], [27, 21], [83, 30], [94, 99], [98, 81], [47, 47], [90, 52], [10, 13], [58, 83], [50, 13], [11, 69], [44, 7], [23, 35], [65, 39], [57, 82], [65, 52], [64, 70], [50, 65], [54, 10], [96, 83], [40, 84], [44, 10], [53, 13], [1, 42], [45, 70], [91, 37], [50, 58], [36, 74], [87, 78], [95, 70], [80, 99], [57, 11], [79, 56], [84, 44], [4, 66], [31, 44], [11, 61], [67, 78], [64, 71], [6, 13], [33, 64], [46, 2], [91, 97], [35, 81], [70, 47], [72, 10], [76, 49], [87, 86], [58, 50], [64, 81], [29, 24], [58, 21], [63, 1], [73, 39], [13, 63], [72, 83], [83, 64], [62, 63], [33, 72], [86, 32], [55, 85], [37, 63], [39, 13], [7, 37], [83, 90], [89, 58], [54, 76], [36, 33], [45, 14], [11, 24], [99, 90], [25, 97], [97, 71], [13, 75], [66, 10], [55, 70], [43, 63], [83, 65], [59, 83], [79, 57], [61, 50], [47, 78], [30, 39], [74, 83], [51, 65], [43, 74], [47, 13], [45, 7], [89, 94], [24, 97], [94, 75], [48, 15], [13, 58], [86, 35], [94, 93], [53, 80], [55, 65], [69, 39], [7, 17], [40, 6], [83, 35], [8, 32], [53, 70], [40, 37], [70, 6], [83, 63], [84, 35], [36, 64], [9, 54], [23, 10], [90, 78], [70, 35], [65, 91], [74, 80], [89, 84], [31, 96], [38, 46], [51, 60], [48, 74], [73, 71], [56, 74], [83, 92], [7, 9], [77, 67], [59, 15], [93, 24], [87, 43], [53, 3], [43, 68], [46, 4], [47, 73], [56, 7], [42, 9], [2, 28], [66, 48], [6, 73], [25, 36], [90, 87], [23, 11], [90, 94], [41, 83], [51, 74], [82, 38], [72, 95], [61, 37], [52, 87], [70, 42], [48, 70], [58, 74], [74, 66], [47, 60], [34, 56], [28, 31], [10, 69], [11, 25], [98, 88], [56, 16], [96, 74], [42, 5], [79, 43], [88, 21], [70, 81], [98, 83], [33, 80], [48, 8], [34, 51], [40, 12], [3, 37], [38, 21], [58, 18], [12, 44], [80, 65], [10, 62], [69, 93], [74, 86], [66, 58], [92, 77], [67, 41], [60, 91], [10, 21], [31, 11], [56, 55], [42, 68], [50, 75], [44, 53], [64, 7], [88, 97], [36, 43], [89, 95], [25, 90], [52, 71], [68, 57], [14, 58], [85, 48], [92, 28], [66, 33], [93, 87], [52, 61], [59, 82], [45, 13], [21, 43], [51, 75], [44, 8], [46, 9], [1, 39], [78, 89], [75, 50], [0, 15], [87, 82], [44, 75], [72, 4], [60, 50], [57, 89], [46, 17], [69, 40], [18, 65], [58, 59], [53, 59], [79, 93], [56, 49], [91, 60], [29, 42], [88, 76], [84, 34], [71, 71], [31, 14], [72, 72], [92, 33], [53, 10], [21, 73], [94, 90], [30, 84], [77, 80], [39, 62], [34, 29], [2, 13], [53, 4], [78, 36], [48, 12], [40, 10], [9, 32], [94, 47], [87, 74], [71, 37], [52, 75], [51, 48], [33, 69], [73, 72], [82, 94], [56, 67], [71, 35], [43, 14], [48, 0], [11, 65], [35, 63], [19, 25], [65, 54], [58, 76], [97, 85], [24, 87], [62, 9], [79, 90], [13, 25], [99, 65], [89, 47], [89, 21], [51, 83], [78, 37], [27, 29], [37, 51], [9, 64], [45, 2], [88, 99], [65, 56], [41, 58], [70, 50], [47, 90], [53, 0], [5, 26], [50, 14], [99, 89], [46, 92], [66, 83], [71, 79], [65, 41], [90, 69], [31, 33], [95, 58], [45, 65], [47, 5], [65, 48], [1, 63], [65, 5], [5, 17], [75, 94], [25, 12], [68, 49], [91, 31], [91, 40], [52, 74], [96, 98], [39, 75], [37, 30], [94, 92], [50, 49], [73, 73], [60, 65], [35, 74], [88, 80], [78, 31], [61, 75], [55, 82], [93, 64], [1, 64], [37, 10], [0, 40], [58, 9], [79, 54], [23, 8], [55, 1], [2, 25], [16, 46], [59, 61], [90, 96], [55, 80], [87, 97], [42, 79], [91, 87], [48, 7], [64, 17], [1, 55], [87, 45], [97, 32], [93, 67], [96, 96], [59, 73], [51, 64], [36, 70], [22, 24], [67, 47], [45, 84], [24, 7], [37, 62], [56, 0], [71, 75], [72, 36], [6, 25], [42, 4], [89, 48], [6, 33], [23, 65], [93, 75], [96, 93], [38, 88], [56, 10], [91, 94], [31, 37], [73, 52], [40, 62], [46, 76], [43, 5], [66, 92], [71, 47], [96, 90], [92, 23], [68, 68], [57, 63], [52, 60], [60, 1], [64, 44], [4, 65], [17, 33], [99, 70], [62, 46], [47, 77], [61, 9], [93, 98], [29, 81], [42, 63], [10, 11], [86, 53], [75, 54], [6, 64], [85, 84], [42, 13], [3, 24], [30, 11], [63, 73], [31, 28], [51, 16], [23, 57], [62, 74], [43, 59], [94, 67], [79, 92], [87, 32], [94, 84], [41, 90], [73, 38], [64, 46], [46, 65], [69, 2], [97, 37], [85, 57], [59, 33], [60, 76], [1, 28], [21, 32], [52, 89], [25, 3], [47, 18], [3, 66], [54, 59], [73, 31], [88, 84], [87, 65], [46, 64], [67, 75], [42, 2], [8, 39], [89, 91], [40, 78], [30, 25], [99, 88], [77, 54], [43, 16], [79, 44], [61, 11], [36, 68], [57, 68], [65, 12], [4, 67], [56, 46], [33, 67], [27, 5], [11, 17], [95, 39], [94, 64], [77, 44], [65, 85], [26, 39], [78, 38], [84, 84], [53, 71], [93, 93], [32, 94], [37, 45], [45, 15], [69, 44], [11, 46], [88, 67], [70, 87], [63, 40], [8, 54], [30, 8], [51, 11], [79, 88], [23, 29], [39, 9], [8, 41], [96, 67], [74, 49], [12, 14], [46, 48], [49, 65], [49, 52], [57, 12], [99, 95], [43, 80], [59, 44], [55, 84], [19, 60], [97, 28], [52, 76], [60, 72], [50, 66], [85, 47], [39, 32], [88, 93], [68, 41], [27, 9], [98, 74], [58, 55], [70, 4], [86, 92], [4, 21], [48, 11], [0, 74], [27, 38], [83, 56], [49, 79], [98, 96], [27, 94], [50, 5], [0, 26], [50, 52], [47, 62], [73, 53], [73, 80], [47, 64], [24, 4], [70, 34], [88, 87], [59, 40], [49, 85], [46, 24], [85, 97], [98, 37], [74, 54], [29, 21], [13, 70], [69, 17], [60, 85], [90, 91], [28, 93], [82, 88], [42, 67], [8, 12], [82, 48], [67, 34], [26, 5], [90, 64], [25, 26], [63, 61], [34, 73], [67, 74], [51, 0], [51, 66], [58, 5], [54, 16], [15, 24], [74, 45], [20, 56], [61, 72], [76, 81], [74, 31], [65, 72], [53, 49], [66, 2], [91, 49], [97, 24], [86, 89], [30, 86], [42, 22], [21, 25], [85, 52], [95, 65], [12, 11], [30, 13], [80, 94], [11, 75], [66, 34], [37, 67], [60, 87], [72, 67], [86, 54], [53, 63], [51, 76], [23, 23], [97, 97], [45, 85], [81, 85], [59, 11], [37, 14], [15, 36], [83, 54], [91, 78], [60, 31], [47, 84], [26, 8], [59, 7], [19, 63], [57, 56], [87, 42], [9, 21], [94, 32], [56, 83], [17, 42], [80, 91], [56, 14], [72, 80], [82, 50], [56, 69], [97, 93], [27, 86], [42, 70], [63, 56], [50, 59], [92, 76], [94, 65], [9, 58], [42, 15], [64, 13], [35, 28], [72, 96], [62, 87], [77, 31], [48, 83], [77, 36], [11, 10], [45, 4], [84, 43], [13, 38], [48, 45], [62, 92], [94, 95], [86, 21], [61, 14], [71, 42], [18, 74], [29, 29], [97, 75], [99, 99], [45, 97], [92, 54], [39, 1], [61, 73], [56, 11], [72, 45], [47, 50], [43, 72], [68, 1], [55, 45], [83, 88], [39, 45], [65, 9], [3, 63], [3, 9], [98, 84], [76, 32], [60, 75], [82, 58], [58, 72], [94, 94], [36, 91], [85, 55], [68, 69], [34, 0], [84, 88], [51, 6], [13, 33], [57, 52], [96, 29], [57, 69], [22, 31], [50, 8], [61, 16], [6, 65], [85, 35], [64, 52], [34, 75], [77, 45], [95, 71], [52, 15], [83, 85], [67, 83], [97, 83], [40, 97], [49, 47], [3, 18], [79, 62], [22, 13], [17, 31], [63, 90], [69, 35], [59, 75], [64, 31], [98, 97], [22, 74], [52, 8], [51, 2], [11, 38], [88, 88], [48, 59], [99, 26], [70, 73], [37, 26], [80, 44], [92, 88], [44, 87], [62, 65], [34, 72], [73, 56], [28, 2], [87, 89], [9, 11], [55, 76], [50, 16], [73, 49], [12, 75], [45, 9], [37, 48], [32, 31], [98, 79], [69, 42], [58, 78], [91, 48], [57, 81], [98, 93], [49, 69], [68, 5], [61, 46], [92, 91], [30, 81], [81, 56], [42, 8], [14, 69], [48, 16], [14, 31], [53, 57], [92, 34], [26, 44], [79, 33], [54, 53], [40, 68], [74, 82], [12, 26], [61, 80], [95, 86], [73, 83], [53, 18], [46, 46], [60, 6], [95, 85], [83, 95], [53, 12], [12, 47], [91, 63], [69, 46], [47, 75], [76, 33], [42, 12], [41, 81], [40, 11], [3, 65], [24, 31], [15, 73], [66, 88], [98, 73], [68, 82], [8, 19], [90, 95], [62, 54], [48, 65], [75, 57], [41, 33], [95, 24], [43, 52], [47, 3], [1, 40], [20, 61], [27, 2], [74, 67], [86, 98], [31, 80], [73, 36], [57, 17], [54, 70], [94, 91], [67, 85], [80, 56], [88, 79], [76, 44], [54, 84], [30, 21], [36, 69], [53, 16], [60, 11], [68, 39], [23, 54], [66, 71], [7, 13], [75, 86], [29, 8], [79, 67], [65, 60], [35, 64], [88, 86], [43, 75], [77, 30], [24, 43], [97, 36], [67, 69], [46, 49], [87, 67], [45, 0], [13, 29], [61, 2], [13, 54], [82, 92], [66, 31], [60, 40], [53, 75], [51, 71], [25, 23], [24, 13], [88, 61], [12, 9], [54, 45], [92, 94], [27, 81], [69, 68], [79, 89], [50, 19], [98, 78], [62, 45], [46, 62], [49, 61], [70, 43], [47, 15], [8, 53], [56, 8], [24, 40], [57, 70], [98, 22], [44, 58], [39, 5], [12, 41], [93, 94], [25, 16], [94, 63], [64, 79], [92, 86], [40, 83], [73, 90], [80, 49], [93, 71], [60, 46], [58, 87], [8, 18], [63, 9], [3, 60], [24, 29], [78, 91], [34, 49], [65, 14], [55, 48], [33, 59], [84, 56], [59, 13], [58, 84], [38, 13], [81, 61], [85, 88], [32, 87], [92, 80], [17, 45], [59, 16], [73, 48], [10, 53], [88, 23], [88, 98], [60, 77], [35, 55], [76, 45], [10, 26], [40, 14], [76, 36], [0, 35], [72, 34], [54, 78], [61, 69], [88, 95], [19, 38], [71, 10], [32, 15], [88, 52], [9, 73], [93, 69], [48, 62], [34, 65], [42, 58], [91, 88], [32, 76], [48, 63], [78, 51], [58, 90], [45, 21], [98, 94], [37, 24], [12, 18], [94, 35], [68, 70], [78, 49], [46, 66], [58, 11], [10, 51], [33, 5], [89, 69], [63, 46], [45, 82], [95, 57], [50, 15], [14, 25], [58, 17], [73, 95], [94, 85], [33, 77], [17, 38], [57, 58], [38, 58], [76, 50], [66, 75], [61, 77], [33, 52], [69, 43], [13, 61], [83, 98], [41, 3], [13, 9], [97, 74], [77, 64], [22, 22], [55, 22], [94, 96], [26, 78], [86, 30], [76, 56], [64, 1], [54, 64], [64, 33], [55, 73], [87, 94], [71, 86], [52, 0], [51, 73], [59, 17], [43, 2], [15, 28], [74, 42], [18, 70], [71, 81], [48, 51], [37, 65], [29, 30], [99, 75], [29, 0], [78, 40], [73, 62], [13, 12], [33, 66], [79, 97], [85, 96], [37, 83], [65, 84], [69, 9], [22, 53], [19, 31], [82, 33], [91, 22], [74, 90], [41, 9], [89, 73], [58, 49], [65, 80], [69, 36], [27, 11], [37, 66], [57, 91], [82, 59], [48, 56], [36, 58], [40, 15], [11, 36], [97, 94], [35, 87], [52, 86], [72, 56], [38, 23], [59, 8], [21, 74], [3, 11], [97, 92], [63, 15], [41, 66], [88, 68], [28, 4], [91, 32], [74, 95], [23, 40], [78, 65], [47, 74], [71, 83], [86, 31], [60, 80], [7, 73], [76, 46], [56, 81], [86, 94], [24, 76], [41, 24], [42, 64], [60, 58], [36, 67], [13, 15], [85, 40], [98, 72], [54, 7], [4, 36], [34, 23], [86, 96], [71, 14], [36, 15], [58, 8], [75, 45], [15, 42], [93, 58], [62, 67], [68, 48], [20, 63], [48, 57], [91, 98], [38, 87], [61, 89], [73, 89], [81, 34], [19, 42], [94, 81], [73, 46], [46, 78], [91, 26], [2, 19], [33, 10], [59, 60], [34, 69], [63, 8], [19, 67], [64, 69], [41, 68], [67, 12], [89, 33], [54, 21], [89, 54], [96, 99], [40, 28], [99, 98], [36, 84], [53, 9], [15, 35], [61, 71], [45, 67], [94, 76], [79, 78], [78, 47], [47, 59], [54, 13], [12, 57], [33, 15], [66, 67], [25, 21], [3, 23], [62, 41], [62, 80], [91, 52], [88, 33], [55, 0], [54, 60], [41, 76], [65, 46], [96, 86], [38, 93], [82, 39], [84, 98], [98, 65], [54, 50], [69, 72], [2, 60], [59, 22], [21, 46], [72, 87], [26, 2], [52, 10], [10, 37], [76, 89], [78, 60], [88, 43], [8, 68], [13, 28], [36, 71], [99, 93], [27, 95], [53, 11], [95, 87], [75, 39], [45, 73], [32, 38], [62, 14], [74, 41], [15, 54], [64, 53], [33, 65], [95, 27], [73, 70], [97, 91], [73, 54], [57, 92], [42, 0], [54, 62], [34, 48], [80, 67], [40, 42], [79, 96], [54, 11], [92, 82], [30, 90], [89, 74], [2, 68], [76, 41], [1, 19], [42, 6], [87, 37], [6, 41], [50, 88], [71, 17], [55, 71], [27, 7], [78, 35], [56, 72], [19, 40], [59, 63], [34, 64], [57, 76], [84, 92], [87, 64], [94, 33], [78, 39], [54, 2], [58, 13], [19, 64], [94, 70], [92, 96], [32, 77], [70, 83], [80, 80], [47, 55], [16, 28], [8, 13], [51, 9], [41, 2], [70, 44], [55, 21], [39, 0], [4, 40], [87, 61], [3, 51], [69, 81], [97, 65], [68, 44], [48, 77], [51, 50], [53, 58], [66, 78], [38, 63], [80, 97], [31, 39], [96, 82], [26, 87], [46, 68], [79, 38], [98, 32], [61, 40], [24, 12], [84, 81], [8, 9], [58, 7], [55, 13], [68, 46], [14, 70], [54, 52], [93, 51], [32, 25], [91, 72], [79, 48], [68, 71], [69, 79], [98, 95], [26, 89], [41, 20], [40, 2], [6, 29], [76, 39], [60, 74], [56, 52], [48, 76], [85, 93], [22, 10], [7, 60], [45, 58], [37, 37], [70, 57], [70, 11], [83, 86], [1, 9], [88, 69], [89, 55], [99, 36], [58, 70], [94, 89], [33, 86], [64, 83], [67, 51], [42, 28], [45, 60], [61, 4], [0, 72], [27, 12], [71, 49], [45, 76], [86, 99], [63, 70], [50, 54], [47, 67], [87, 81], [58, 33], [45, 80], [92, 60], [48, 6], [12, 25], [47, 19], [79, 42], [71, 7], [0, 28], [21, 26], [59, 55], [78, 96], [96, 89], [31, 95], [53, 8], [20, 60], [90, 30], [65, 89], [28, 14], [62, 76], [63, 58], [93, 86], [39, 21], [87, 52], [33, 53], [81, 87], [58, 47], [48, 60], [49, 13], [72, 48], [0, 52], [69, 37], [55, 89], [64, 2], [91, 83], [24, 75], [3, 16], [74, 52], [78, 82], [49, 6], [6, 31], [29, 15], [54, 89], [38, 33], [47, 16], [70, 80], [34, 58], [96, 81], [70, 48], [92, 24], [75, 63], [12, 56], [66, 41], [56, 75], [85, 95], [29, 95], [25, 44], [93, 91], [69, 8], [37, 47], [51, 69], [46, 57], [40, 70], [37, 3], [2, 27], [90, 88], [77, 46], [50, 92], [71, 57], [77, 85], [68, 80], [61, 17], [16, 48], [95, 51], [0, 63], [25, 46], [37, 6], [13, 36], [37, 70], [41, 14], [85, 83], [30, 78], [91, 33], [71, 78], [80, 37], [31, 16], [95, 76], [67, 0], [93, 90], [0, 20], [17, 60], [34, 30], [59, 62], [45, 61], [94, 56], [72, 78], [41, 70], [69, 45], [65, 44], [54, 83], [75, 84], [69, 58], [63, 71], [89, 99], [24, 89], [38, 10], [95, 79], [32, 44], [61, 7], [45, 66], [60, 15], [37, 11], [8, 27], [64, 47], [19, 68], [44, 61], [67, 7], [89, 45], [96, 24], [43, 21], [80, 62], [12, 27], [99, 91], [64, 91], [63, 86], [53, 55], [51, 56], [27, 23], [85, 82], [28, 96], [76, 90], [93, 73], [62, 31], [49, 80], [38, 16], [14, 63], [59, 68], [90, 48], [89, 63], [70, 9], [25, 33], [70, 76], [61, 48], [7, 11], [46, 11], [84, 32], [9, 41], [59, 59], [72, 89], [91, 90], [90, 37], [53, 7], [21, 62], [96, 77], [93, 83], [26, 84], [43, 4], [41, 22], [59, 46], [35, 72], [81, 84], [22, 33], [71, 40], [56, 85], [78, 34], [84, 63], [65, 78], [57, 62], [46, 69], [72, 0], [2, 56], [95, 77], [87, 98], [43, 78], [8, 25], [29, 3], [16, 30], [73, 79], [64, 54], [83, 89], [41, 17], [7, 41], [39, 46], [86, 37], [72, 76], [49, 56], [50, 61], [86, 62], [79, 81], [52, 3], [74, 40], [23, 63], [55, 20], [39, 37], [98, 71], [58, 43], [60, 81], [83, 34], [63, 0], [72, 41], [93, 99], [44, 92], [35, 9], [34, 66], [8, 29], [52, 82], [63, 81], [91, 99], [59, 5], [91, 46], [82, 36], [5, 68], [18, 31], [5, 71], [93, 84], [87, 92], [60, 53], [53, 74], [96, 39], [44, 46], [40, 4], [11, 30], [43, 15], [95, 99], [39, 97], [71, 9], [56, 70], [73, 69], [88, 44], [72, 37], [52, 88], [28, 30], [54, 12], [63, 3], [3, 57], [55, 90], [1, 22], [94, 53], [59, 71], [92, 71], [85, 91], [63, 31], [35, 33], [34, 8], [92, 97], [45, 79], [49, 81], [76, 97], [76, 35], [57, 55], [35, 73], [16, 64], [53, 5], [95, 21], [33, 57], [47, 0], [11, 33], [93, 63], [55, 81], [75, 30], [94, 87], [62, 47], [56, 90], [4, 20], [41, 29], [48, 18], [52, 67], [24, 9], [99, 82], [41, 96], [52, 12], [62, 40], [3, 68], [83, 94], [33, 47], [73, 50], [84, 95], [28, 45], [62, 0], [90, 53], [87, 80], [56, 57], [47, 76], [57, 75], [73, 88], [11, 9], [96, 36], [69, 84], [63, 35], [55, 47], [7, 62], [22, 2], [65, 31], [60, 86], [49, 15], [4, 39], [98, 90], [43, 85], [24, 25], [63, 34], [81, 98], [99, 79], [84, 65], [51, 23], [68, 56], [70, 0], [48, 68], [75, 92], [68, 77], [63, 2], [57, 15], [18, 57], [67, 72], [64, 50], [40, 58], [38, 47], [30, 7], [4, 28], [86, 97], [29, 77], [79, 39], [86, 24], [98, 85], [73, 47], [49, 91], [47, 49], [77, 57], [55, 10], [8, 40], [60, 67], [42, 36], [15, 74], [81, 88], [56, 13], [38, 9], [72, 54], [76, 94], [44, 64], [69, 73], [87, 93], [42, 82], [44, 24], [37, 49], [55, 61], [34, 63], [7, 26], [99, 69], [21, 30], [46, 16], [67, 37], [18, 41], [84, 48], [69, 78], [73, 43], [10, 63], [72, 35], [60, 39], [47, 86], [99, 27], [32, 6], [58, 63], [55, 11], [92, 98], [33, 45], [91, 95], [37, 75], [37, 8], [2, 38], [68, 72], [89, 66], [85, 85], [89, 39], [15, 61], [53, 85], [3, 10], [86, 57], [61, 62], [47, 71], [48, 71], [52, 14], [34, 27], [46, 12], [85, 45], [94, 97], [24, 84], [57, 9], [99, 81], [75, 41], [48, 89], [57, 5], [13, 60], [91, 23], [58, 81], [82, 93], [73, 91], [55, 68], [49, 70], [89, 62], [23, 36], [86, 79], [72, 44], [1, 17], [51, 8], [79, 51], [12, 39], [28, 15], [47, 56], [36, 62], [58, 16], [16, 72], [96, 69], [92, 87], [33, 96], [69, 85], [57, 59], [19, 41], [72, 14], [88, 53], [51, 12], [88, 48], [69, 82], [59, 39], [51, 88], [83, 87], [88, 27], [36, 0], [73, 92], [10, 19], [46, 15], [67, 40], [0, 56], [40, 50], [36, 47], [98, 70], [74, 56], [56, 89], [95, 82], [43, 94], [47, 14], [15, 30], [49, 57], [39, 71], [50, 1], [88, 64], [67, 71], [81, 30], [20, 21], [38, 57], [14, 71], [37, 2], [75, 33], [52, 70], [84, 96], [63, 72], [98, 66], [58, 35], [58, 92], [59, 23], [6, 14], [89, 97], [99, 96], [36, 85], [95, 31], [88, 56], [20, 45], [90, 47], [50, 63], [53, 64], [39, 56], [61, 3], [14, 57], [65, 16], [38, 4], [6, 28], [31, 9], [54, 67], [71, 74], [97, 68], [88, 40], [89, 96], [35, 97], [23, 25], [90, 92], [41, 50], [0, 29], [77, 37], [45, 86], [78, 88], [88, 46], [4, 60], [47, 8], [94, 27], [61, 66], [78, 53], [37, 9], [99, 72], [64, 15], [34, 37], [49, 55], [40, 67], [56, 80], [35, 50], [77, 39], [85, 98], [33, 87], [48, 17], [50, 70], [62, 16], [46, 7], [13, 42], [74, 37], [8, 59], [72, 30], [77, 52], [1, 18], [89, 87], [49, 76], [20, 30], [74, 92], [90, 68], [74, 35], [51, 77], [32, 1], [42, 71], [68, 13], [79, 34], [52, 72], [89, 34], [13, 53], [97, 87], [35, 88], [43, 9], [58, 58], [33, 60], [16, 38], [76, 66], [59, 89], [47, 66], [89, 71], [13, 18], [34, 13], [88, 38], [93, 95], [42, 7], [2, 34], [75, 82], [55, 18], [8, 52], [20, 23], [67, 33], [54, 90], [67, 11], [69, 33], [99, 86], [44, 85], [41, 48], [60, 90], [73, 76], [88, 49], [82, 34], [8, 65], [90, 86], [62, 59], [35, 68], [94, 34], [35, 4], [45, 71], [19, 29], [42, 17], [2, 59], [0, 27], [48, 49], [92, 93], [80, 48], [91, 96], [46, 91], [63, 88], [80, 95], [70, 3], [45, 11], [14, 41], [86, 60], [73, 77], [89, 88], [78, 43], [54, 74], [17, 37], [36, 12], [50, 0], [74, 43], [3, 52], [45, 50], [88, 42], [61, 54], [48, 66], [3, 13], [97, 23], [61, 82], [99, 84], [36, 83], [30, 28], [74, 38], [93, 92], [96, 80], [95, 46], [56, 20], [79, 47], [68, 10], [33, 58], [78, 83], [57, 13], [2, 67], [70, 90], [42, 3], [64, 41], [49, 90], [38, 2], [12, 36], [63, 77], [22, 36], [70, 51], [55, 67], [90, 83], [42, 77], [35, 60], [46, 56], [50, 62], [7, 20], [98, 80], [52, 2], [14, 40], [89, 49], [1, 71], [98, 38], [22, 6], [71, 16], [84, 99], [18, 34], [54, 85], [75, 80], [78, 57], [67, 67], [59, 48], [47, 17], [86, 84], [34, 94], [88, 75], [61, 39], [54, 73], [3, 70], [87, 57], [38, 44], [64, 49], [3, 25], [48, 4], [84, 46], [4, 33], [41, 16], [62, 66], [35, 65], [59, 74], [43, 69], [51, 1], [67, 73], [81, 97], [99, 31], [80, 96], [50, 2], [62, 38], [16, 52], [34, 35], [93, 70], [85, 32], [97, 96], [37, 88], [87, 47], [51, 55], [29, 11], [56, 71], [71, 70], [59, 49], [65, 90], [43, 17], [11, 27], [81, 51], [42, 26], [55, 64], [38, 64], [5, 61], [72, 12], [44, 5], [9, 33], [65, 86], [99, 67], [91, 85], [42, 84], [83, 97], [58, 51], [81, 90], [81, 64], [87, 34], [73, 78], [83, 51], [41, 11], [27, 43], [76, 38], [56, 1], [60, 16], [23, 64], [1, 29], [97, 69], [59, 50], [65, 74], [49, 66], [62, 6], [71, 48], [68, 79], [95, 97], [45, 96], [47, 22], [58, 62], [36, 72], [17, 28], [86, 64], [59, 87], [44, 4], [80, 98], [51, 13], [1, 32], [91, 80], [15, 72], [38, 68], [87, 48], [99, 85], [99, 24], [47, 70], [32, 23], [5, 22], [87, 84], [34, 80], [56, 76], [68, 15], [77, 65], [63, 83], [67, 48], [62, 81], [38, 14], [52, 1], [63, 37], [10, 70], [55, 59], [89, 46], [62, 49], [49, 62], [36, 36], [62, 43], [81, 95], [87, 70], [41, 18], [75, 88], [40, 17], [3, 30], [70, 70], [67, 52], [95, 88], [33, 78], [49, 46], [3, 19], [76, 52], [13, 65], [91, 29], [24, 5], [51, 4], [29, 41], [72, 86], [89, 76], [59, 36], [65, 92], [79, 37], [48, 54], [36, 65], [57, 88], [52, 55], [87, 90], [75, 79], [59, 2], [11, 51], [41, 38], [90, 99], [43, 84], [82, 61], [24, 15], [50, 64], [43, 10], [1, 26], [83, 41], [56, 9], [37, 16], [6, 34], [62, 85], [98, 76], [48, 53], [97, 25], [69, 83], [21, 31], [72, 38], [63, 7], [14, 62], [68, 31], [53, 91], [82, 46], [97, 90], [27, 75], [61, 59], [50, 68], [80, 52], [29, 5], [97, 95], [75, 85], [53, 53], [89, 72], [41, 45], [7, 28], [63, 74], [69, 7], [69, 92], [56, 5], [63, 48], [22, 62], [74, 36], [56, 18], [38, 0], [7, 24], [98, 92], [38, 89], [55, 57], [82, 62], [99, 22], [30, 1], [36, 38], [99, 78], [69, 31], [51, 85], [84, 33], [54, 58], [41, 67], [69, 87], [90, 97], [84, 83], [19, 58], [55, 74], [10, 18], [69, 12], [64, 76], [38, 65], [19, 22], [63, 43], [70, 39], [96, 97], [31, 93], [95, 59], [31, 6], [95, 74], [62, 77], [50, 18], [18, 63], [53, 17], [37, 17], [15, 41], [45, 52], [91, 34], [26, 27], [77, 40], [65, 77], [66, 52], [60, 54], [52, 58], [83, 96], [75, 90], [7, 25], [65, 2], [62, 71], [88, 83], [42, 88], [85, 59], [34, 5], [89, 70], [62, 73], [19, 70], [57, 54], [40, 24], [88, 45], [82, 96], [5, 5], [77, 10], [75, 0], [64, 73], [43, 56], [98, 61], [15, 20], [51, 17], [98, 50], [41, 28], [5, 75], [63, 12], [50, 46], [15, 25], [63, 99], [85, 65], [12, 6], [1, 16], [91, 75], [68, 55], [86, 86], [11, 16], [68, 30], [30, 38], [9, 66], [55, 32], [83, 33], [94, 24], [42, 18], [34, 28], [70, 13], [68, 7], [57, 30], [84, 36], [48, 25], [97, 16], [18, 98], [75, 6], [93, 12], [7, 61], [13, 23], [28, 3], [27, 61], [56, 62], [62, 98], [52, 50], [67, 50], [67, 76], [38, 85], [77, 87], [20, 90], [2, 85], [45, 28], [93, 15], [68, 11], [23, 69], [18, 37], [30, 65], [0, 86], [14, 81], [30, 75], [80, 63], [99, 12], [50, 74], [9, 80], [98, 67], [8, 37], [5, 9], [29, 69], [53, 33], [18, 91], [66, 32], [19, 90], [71, 29], [31, 51], [88, 18], [97, 82], [1, 59], [92, 85], [97, 72], [18, 58], [48, 23], [53, 68], [57, 29], [74, 60], [32, 17], [96, 76], [71, 6], [10, 23], [57, 19], [36, 13], [40, 73], [99, 54], [45, 92], [19, 89], [34, 4], [39, 27], [92, 42], [81, 0], [22, 63], [40, 27], [15, 47], [14, 68], [33, 63], [28, 81], [93, 33], [2, 4], [74, 23], [60, 49], [16, 41], [20, 15], [6, 72], [18, 5], [84, 93], [75, 81], [37, 7], [1, 66], [37, 18], [4, 14], [61, 36], [41, 32], [93, 48], [71, 54], [24, 22], [80, 76], [96, 3], [16, 74], [60, 13], [68, 97], [0, 23], [8, 33], [40, 30], [41, 5], [29, 87], [44, 18], [74, 87], [42, 33], [91, 20], [9, 95], [69, 80], [83, 93], [78, 95], [68, 52], [26, 30], [65, 28], [55, 4], [39, 96], [91, 30], [97, 44], [8, 72], [39, 94], [13, 64], [75, 43], [37, 21], [17, 91], [20, 53], [78, 26], [47, 46], [73, 18], [0, 65], [20, 87], [0, 49], [23, 13], [59, 98], [36, 45], [68, 4], [98, 6], [3, 95], [56, 47], [12, 2], [94, 31], [69, 34], [2, 12], [96, 27], [56, 42], [73, 27], [17, 34], [34, 62], [91, 81], [90, 17], [47, 33], [58, 31], [83, 11], [99, 40], [2, 46], [84, 24], [43, 35], [60, 66], [5, 76], [15, 21], [44, 47], [32, 3], [35, 25], [41, 42], [50, 78], [40, 18], [9, 78], [76, 65], [72, 93], [35, 79], [51, 61], [16, 34], [13, 37], [43, 26], [96, 52], [32, 41], [27, 16], [67, 15], [26, 32], [67, 59], [17, 9], [28, 71], [34, 82], [95, 14], [67, 29], [11, 59]], "targets": [[55, 2], [29, 41], [20, 20], [42, 13], [45, 35], [49, 16], [34, 41], [10, 8], [47, 62], [62, 95], [53, 56], [43, 48], [83, 37], [90, 83], [4, 85], [37, 44], [56, 69], [4, 76], [44, 67], [23, 73], [70, 89], [95, 44], [45, 61], [96, 60], [31, 62], [29, 20], [90, 52], [84, 46], [31, 27], [57, 88], [42, 74], [97, 48], [38, 37], [44, 17], [43, 11], [63, 38], [84, 59], [1, 95], [34, 35], [35, 66], [34, 65], [13, 14], [39, 50], [7, 11], [48, 16], [59, 0], [38, 97], [41, 90], [39, 53], [10, 74], [95, 66], [57, 78], [42, 47], [69, 55], [24, 66], [96, 40], [46, 2], [37, 19], [34, 26], [78, 37], [83, 68], [5, 98], [28, 43], [34, 53], [23, 76], [65, 50], [99, 56], [30, 43], [35, 71], [4, 17], [55, 46], [36, 39], [31, 32], [2, 13], [42, 4], [45, 23], [56, 10], [56, 93], [29, 70], [82, 17], [39, 40], [2, 67], [94, 55], [83, 59], [70, 88], [13, 90], [21, 48], [45, 45], [34, 62], [65, 67], [28, 70], [90, 55], [27, 88], [60, 13], [83, 54], [21, 17], [31, 58], [9, 22], [48, 19], [54, 49], [96, 46], [77, 30], [36, 51], [8, 11], [51, 9], [87, 64], [11, 97], [47, 0], [45, 83], [34, 32], [40, 61], [34, 77], [33, 59], [20, 74], [66, 91], [30, 15], [60, 50], [96, 57], [72, 85], [43, 24], [41, 32], [69, 30], [40, 68], [70, 52], [32, 72], [11, 27], [34, 71], [39, 48], [93, 43], [32, 44], [96, 54], [12, 90], [48, 46], [50, 54], [95, 62], [57, 10], [20, 23], [10, 1], [51, 13], [19, 29], [38, 31], [55, 13], [52, 98], [22, 84], [69, 22], [33, 53], [6, 72], [30, 66], [95, 52], [9, 25], [93, 66], [68, 85], [19, 84], [20, 8], [43, 34], [42, 30], [41, 34], [37, 69], [31, 83], [43, 31], [67, 67], [26, 73], [6, 9], [96, 42], [81, 21], [40, 14], [65, 49], [97, 56], [47, 14], [44, 97], [29, 79], [24, 39], [62, 7], [83, 50], [28, 9], [84, 67], [39, 42], [2, 72], [44, 56], [0, 87], [23, 22], [49, 26], [39, 43], [48, 52], [59, 46], [95, 63], [44, 41], [63, 76], [80, 29], [23, 94], [34, 48], [44, 24], [6, 7], [56, 60], [25, 72], [45, 12], [92, 51], [14, 96], [29, 24], [93, 50], [55, 15], [56, 96], [91, 52], [36, 43], [37, 53], [29, 75], [42, 79], [10, 25], [22, 44], [67, 19], [29, 40], [4, 57], [49, 42], [45, 11], [64, 87], [34, 21], [58, 59], [83, 57], [95, 70], [34, 90], [56, 88], [42, 12], [3, 99], [0, 8], [22, 38], [53, 5], [26, 34], [35, 59], [76, 31], [27, 66], [54, 56], [33, 65], [13, 9], [37, 23], [55, 9], [46, 84], [95, 49], [37, 88], [52, 43], [94, 53], [37, 50], [11, 74], [48, 25], [37, 37], [94, 69], [34, 40], [16, 86], [41, 38], [48, 48], [42, 82], [77, 38], [95, 60], [48, 2], [94, 47], [31, 31], [6, 15], [59, 88], [49, 4], [33, 72], [23, 17], [20, 26], [46, 28], [43, 12], [49, 89], [84, 52], [55, 47], [39, 45], [57, 66], [21, 67], [29, 64], [89, 61], [12, 83], [21, 22], [83, 20], [27, 46], [20, 75], [29, 43], [52, 54], [95, 48], [33, 48], [47, 22], [18, 67], [9, 14], [40, 78], [83, 47], [45, 6], [7, 28], [95, 57], [69, 89], [61, 8], [95, 79], [13, 85], [40, 27], [69, 32], [47, 41], [55, 10], [43, 90], [34, 29], [40, 32], [31, 49], [43, 39], [19, 86], [98, 67], [30, 28], [62, 65], [34, 66], [24, 58], [7, 77], [83, 70], [29, 59], [66, 88], [36, 18], [2, 5], [26, 42], [4, 10], [21, 84], [90, 41], [17, 84], [68, 16], [43, 1], [58, 53], [88, 58], [46, 30], [35, 62], [58, 32], [61, 92], [28, 19], [59, 8], [37, 84], [43, 85], [33, 46], [63, 6], [86, 56], [28, 23], [96, 52], [90, 48], [59, 38], [31, 50], [12, 58], [38, 63], [0, 89], [67, 59], [32, 68], [19, 24], [10, 9], [44, 13], [29, 36], [31, 48], [26, 89], [58, 10], [23, 31], [42, 52], [41, 31], [97, 58], [93, 47], [39, 37], [85, 55], [72, 84], [55, 14], [57, 95], [75, 35], [19, 91], [31, 79], [36, 62], [43, 32], [27, 57], [20, 38], [36, 48], [40, 56], [60, 47], [12, 8], [32, 51], [16, 66], [85, 45], [50, 0], [30, 14], [1, 12], [65, 53], [28, 71], [57, 6], [21, 78], [97, 72], [44, 36], [68, 19], [24, 41], [15, 89], [35, 21], [94, 62], [40, 1], [46, 83], [91, 40], [26, 47], [30, 50], [38, 15], [58, 80], [34, 60], [43, 87], [6, 27], [29, 27], [92, 64], [66, 36], [38, 59], [16, 65], [7, 13], [86, 71], [42, 24], [52, 14], [59, 39], [7, 99], [37, 86], [54, 7], [39, 32], [65, 89], [71, 64], [36, 75], [84, 49], [26, 25], [27, 34], [51, 70], [49, 50], [39, 25], [42, 65], [40, 3], [38, 95], [83, 69], [10, 24], [68, 15], [90, 66], [30, 73], [66, 92], [31, 33], [99, 47], [15, 93], [21, 18], [9, 10], [28, 49], [11, 60], [51, 33], [20, 51], [50, 12], [97, 54], [47, 35], [45, 52], [46, 81], [61, 23], [39, 59], [49, 18], [91, 68], [58, 68], [18, 64], [8, 29], [60, 1], [41, 26], [58, 8], [37, 91], [37, 27], [10, 93], [98, 56], [31, 91], [58, 83], [46, 35], [31, 52], [10, 13], [39, 52], [99, 57], [70, 39], [32, 58], [6, 66], [30, 34], [43, 15], [32, 43], [59, 47], [89, 69], [29, 15], [17, 29], [93, 67], [24, 71], [45, 72], [2, 28], [1, 92], [48, 4], [53, 84], [66, 59], [18, 72], [35, 40], [44, 59], [25, 31], [31, 93], [67, 16], [85, 68], [41, 25], [48, 7], [87, 52], [30, 27], [48, 40], [4, 14], [83, 72], [70, 87], [42, 10], [35, 47], [14, 63], [31, 78], [2, 96], [93, 56], [39, 82], [23, 16], [96, 53], [36, 46], [44, 11], [30, 35], [36, 65], [74, 29], [60, 90], [33, 23], [41, 15], [42, 97], [98, 60], [58, 60], [47, 49], [69, 65], [24, 80], [23, 61], [4, 9], [89, 45], [8, 93], [26, 40], [37, 39], [33, 69], [39, 8], [69, 80], [45, 24], [49, 1], [38, 32], [60, 17], [25, 58], [4, 68], [8, 15], [39, 31], [45, 68], [45, 81], [85, 72], [92, 58], [97, 53], [27, 41], [45, 7], [42, 93], [12, 88], [45, 48], [41, 20], [43, 27], [41, 76], [2, 1], [71, 31], [30, 75], [67, 66], [24, 60], [26, 38], [44, 60], [99, 66], [48, 3], [9, 9], [19, 36], [98, 52], [57, 87], [37, 42], [17, 60], [40, 91], [59, 12], [50, 50], [94, 79], [17, 83], [38, 16], [84, 51], [43, 29], [99, 49], [78, 29], [53, 50], [59, 14], [57, 91], [42, 40], [99, 44], [33, 38], [49, 48], [45, 75], [42, 44], [1, 14], [26, 78], [96, 62], [16, 18], [46, 5], [20, 31], [93, 54], [42, 20], [67, 53], [26, 75], [7, 97], [25, 33], [83, 21], [33, 47], [13, 67], [67, 90], [27, 83], [30, 49], [32, 62], [43, 44], [88, 53], [86, 47], [54, 0], [42, 88], [29, 57], [62, 14], [70, 90], [36, 23], [44, 33], [8, 0], [17, 51], [15, 29], [42, 90], [90, 49], [19, 93], [80, 20], [58, 0], [54, 54], [94, 64], [45, 50], [47, 63], [70, 69], [18, 74], [33, 39], [6, 65], [99, 51], [41, 13], [22, 28], [21, 95], [51, 44], [69, 84], [26, 24], [32, 75], [30, 36], [43, 10], [50, 99], [62, 20], [11, 83], [6, 23], [88, 46], [2, 9], [41, 81], [17, 35], [57, 8], [61, 11], [90, 50], [36, 15], [46, 40], [31, 55], [94, 50], [37, 33], [96, 50], [99, 67], [57, 46], [62, 26], [42, 54], [11, 58], [26, 81], [49, 70], [4, 95], [60, 56], [35, 65], [40, 35], [65, 81], [15, 28], [30, 23], [53, 9], [47, 84], [65, 45], [10, 2], [27, 21], [31, 47], [41, 52], [86, 68], [87, 66], [35, 85], [48, 14], [60, 21], [21, 35], [13, 98], [44, 32], [39, 77], [51, 12], [41, 19], [92, 43], [98, 71], [39, 57], [3, 72], [31, 76], [35, 35], [32, 45], [19, 10], [29, 42], [44, 63], [96, 73], [59, 52], [22, 62], [24, 38], [65, 76], [47, 1], [57, 90], [3, 14], [61, 32], [47, 7], [67, 93], [20, 83], [25, 94], [35, 63], [91, 47], [35, 25], [27, 20], [39, 68], [54, 38], [34, 33], [92, 59], [26, 31], [41, 55], [49, 46], [14, 26], [33, 92], [80, 25], [38, 50], [8, 70], [93, 55], [92, 48], [45, 0], [84, 50], [21, 14], [11, 8], [20, 91], [49, 3], [44, 92], [71, 82], [37, 25], [28, 28], [64, 68], [31, 73], [50, 3], [42, 83], [34, 61], [97, 52], [86, 60], [41, 46], [40, 46], [44, 53], [59, 21], [29, 21], [9, 27], [42, 45], [41, 45], [2, 99], [48, 30], [21, 89], [41, 49], [21, 74], [97, 59], [11, 10], [56, 1], [41, 91], [94, 52], [90, 62], [46, 38], [46, 68], [71, 18], [59, 1], [22, 17], [72, 76], [48, 15], [28, 58], [24, 30], [58, 61], [56, 39], [61, 65], [18, 68], [28, 63], [39, 28], [99, 69], [19, 17], [6, 86], [20, 84], [38, 30], [38, 18], [94, 72], [59, 29], [25, 41], [21, 59], [2, 2], [45, 46], [44, 65], [96, 70], [44, 2], [48, 93], [45, 27], [29, 76], [57, 11], [47, 46], [12, 86], [92, 49], [62, 88], [33, 81], [16, 23], [28, 36], [60, 16], [40, 39], [63, 92], [70, 67], [19, 72], [87, 56], [35, 14], [86, 64], [77, 23], [88, 59], [44, 48], [48, 68], [43, 23], [35, 87], [5, 12], [41, 43], [5, 73], [60, 52], [19, 38], [34, 75], [12, 82], [40, 7], [46, 87], [84, 65], [40, 25], [40, 42], [52, 5], [20, 24], [74, 20], [89, 66], [36, 76], [61, 74], [30, 11], [37, 32], [35, 60], [97, 55], [24, 46], [61, 64], [21, 71], [88, 55], [61, 10], [93, 80], [10, 98], [35, 17], [38, 71], [7, 6], [25, 68], [77, 26], [32, 50], [17, 61], [42, 51], [90, 61], [42, 9], [44, 91], [38, 23], [42, 29], [20, 7], [59, 7], [89, 57], [45, 33], [48, 49], [34, 44], [33, 89], [44, 29], [8, 92], [66, 84], [52, 52], [73, 32], [30, 38], [39, 73], [97, 42], [84, 71], [38, 27], [87, 70], [67, 62], [20, 70], [9, 8], [24, 70], [42, 49], [29, 38], [44, 55], [6, 25], [37, 43], [16, 76], [57, 9], [83, 56], [36, 22], [51, 7], [44, 84], [43, 7], [33, 43], [1, 84], [83, 61], [61, 39], [35, 91], [39, 34], [96, 66], [49, 72], [73, 80], [62, 98], [40, 16], [32, 46], [42, 48], [9, 1], [40, 28], [84, 64], [59, 43], [22, 24], [35, 84], [97, 43], [58, 65], [22, 60], [8, 85], [67, 25], [42, 55], [17, 66], [44, 4], [47, 90], [34, 31], [50, 10], [40, 37], [63, 59], [90, 51], [49, 7], [41, 21], [22, 31], [86, 66], [31, 94], [36, 59], [45, 30], [45, 65], [19, 25], [3, 10], [41, 35], [69, 23], [12, 93], [60, 78], [39, 13], [19, 74], [85, 59], [37, 28], [43, 20], [93, 61], [58, 1], [53, 11], [51, 88], [24, 55], [19, 58], [64, 54], [33, 67], [95, 53], [27, 47], [38, 66], [37, 74], [40, 26], [28, 90], [71, 39], [87, 68], [14, 98], [31, 38], [55, 0], [88, 57], [39, 30], [2, 11], [59, 40], [7, 8], [84, 61], [51, 59], [65, 79], [22, 88], [38, 40], [41, 47], [50, 66], [89, 62], [46, 6], [32, 41], [29, 26], [52, 4], [50, 94], [79, 37], [25, 53], [20, 63], [30, 62], [7, 96], [20, 28], [70, 60], [22, 63], [91, 49], [20, 71], [87, 62], [17, 22], [47, 37], [93, 64], [34, 50], [2, 12], [46, 20], [43, 46], [48, 62], [67, 30], [58, 4], [63, 88], [33, 26], [20, 87], [59, 82], [19, 99], [53, 14], [27, 76], [49, 15], [46, 90], [92, 70], [30, 48], [21, 65], [93, 73], [17, 39], [14, 7], [43, 22], [61, 46], [43, 42], [63, 57], [25, 95], [21, 70], [25, 8], [61, 26], [35, 30], [51, 55], [95, 56], [5, 5], [92, 71], [16, 98], [24, 36], [35, 43], [94, 73], [30, 70], [29, 90], [49, 11], [66, 89], [47, 32], [53, 1], [52, 87], [55, 16], [86, 55], [22, 25], [89, 59], [83, 28], [26, 44], [6, 57], [5, 18], [47, 38], [52, 59], [26, 35], [49, 39], [5, 93], [44, 74], [32, 63], [0, 4], [71, 69], [24, 77], [93, 62], [49, 34], [92, 52], [94, 54], [37, 24], [45, 60], [34, 25], [62, 30], [56, 15], [46, 91], [28, 46], [38, 58], [60, 57], [57, 15], [52, 93], [8, 21], [57, 79], [2, 88], [39, 41], [16, 74], [47, 45], [94, 49], [40, 29], [97, 65], [48, 5], [30, 25], [17, 47], [37, 78], [3, 0], [81, 19], [40, 31], [31, 59], [63, 52], [25, 77], [29, 49], [51, 62], [99, 59], [46, 10], [9, 89], [96, 45], [23, 70], [19, 27], [22, 36], [32, 31], [67, 91], [40, 20], [49, 5], [53, 83], [92, 60], [40, 34], [56, 79], [74, 25], [27, 39], [13, 72], [96, 65], [28, 85], [10, 12], [41, 59], [29, 39], [52, 69], [26, 32], [57, 0], [51, 47], [91, 80], [11, 88], [49, 25], [85, 56], [23, 32], [93, 52], [5, 14], [58, 16], [92, 50], [70, 56], [31, 61], [71, 29], [33, 83], [56, 50], [59, 4], [43, 98], [40, 47], [97, 45], [36, 28], [41, 70], [36, 52], [10, 59], [40, 30], [61, 82], [40, 12], [28, 56], [33, 35], [13, 84], [87, 63], [10, 14], [40, 76], [85, 69], [69, 21], [39, 38], [17, 24], [48, 13], [44, 42], [57, 3], [22, 22], [85, 53], [44, 85], [28, 27], [26, 37], [36, 58], [62, 69], [24, 59], [41, 3], [37, 93], [17, 85], [46, 72], [42, 31], [96, 64], [61, 48], [73, 16], [36, 56], [21, 76], [96, 43], [10, 4], [65, 77], [41, 92], [88, 67], [37, 21], [5, 17], [27, 19], [40, 43], [47, 61], [57, 5], [17, 49], [54, 42], [11, 99], [19, 88], [91, 65], [70, 18], [87, 65], [52, 3], [53, 91], [36, 57], [53, 4], [42, 41], [64, 95], [59, 58], [30, 63], [92, 54], [27, 26], [45, 17], [6, 10], [29, 54], [21, 75], [33, 50], [16, 22], [19, 68], [67, 79], [36, 49], [45, 64], [99, 55], [96, 51], [8, 90], [71, 30], [50, 44], [84, 66], [54, 5], [32, 19], [54, 58], [30, 39], [30, 60], [49, 14], [29, 82], [56, 12], [49, 96], [84, 62], [33, 37], [38, 53], [10, 6], [2, 29], [53, 66], [31, 63], [8, 97], [75, 39], [33, 42], [12, 70], [93, 51], [45, 16], [33, 27], [40, 38], [35, 86], [43, 52], [62, 81], [49, 19], [91, 51], [39, 7], [98, 47], [40, 66], [43, 77], [35, 33], [42, 34], [30, 53], [36, 42], [51, 11], [55, 98], [63, 15], [16, 85], [25, 17], [90, 60], [24, 29], [98, 59], [10, 10], [30, 12], [30, 44], [2, 74], [63, 60], [52, 38], [67, 57], [37, 89], [26, 64], [23, 43], [43, 68], [49, 9], [73, 88], [63, 13], [95, 51], [20, 25], [87, 46], [83, 38], [46, 46], [47, 67], [4, 82], [87, 72], [35, 27], [98, 57], [19, 75], [43, 4], [54, 85], [20, 17], [37, 26], [11, 12], [97, 46], [65, 99], [32, 32], [51, 42], [67, 35], [30, 58], [21, 57], [31, 75], [31, 66], [46, 48], [37, 62], [0, 95], [43, 26], [94, 70], [45, 10], [68, 62], [20, 77], [27, 40], [68, 87], [42, 43], [88, 60], [9, 18], [55, 11], [26, 12], [21, 81], [53, 15], [53, 99], [50, 61], [73, 23], [97, 47], [6, 6], [47, 20], [26, 30], [49, 64], [41, 42], [49, 45], [8, 91], [86, 67], [87, 67], [27, 77], [29, 56], [12, 59], [25, 86], [46, 7], [42, 32], [8, 17], [57, 52], [30, 77], [61, 30], [22, 27], [66, 82], [30, 32], [97, 64], [28, 89], [37, 36], [50, 69], [55, 12], [40, 85], [0, 85], [86, 65], [8, 9], [53, 32], [40, 65], [45, 15], [88, 54], [29, 32], [98, 49], [28, 25], [91, 50], [65, 36], [28, 52], [1, 66], [28, 77], [28, 13], [54, 10], [30, 45], [6, 22], [64, 57], [38, 38], [46, 60], [18, 97], [89, 51], [21, 13], [56, 66], [25, 67], [40, 44], [59, 86], [87, 49], [46, 93], [44, 15], [54, 86], [10, 15], [46, 50], [43, 74], [67, 38], [31, 35], [61, 12], [20, 27], [19, 26], [45, 44], [57, 12], [61, 88], [91, 77], [15, 83], [41, 48], [19, 76], [32, 85], [93, 42], [35, 56], [89, 73], [34, 64], [92, 62], [32, 20], [25, 34], [79, 21], [39, 66], [39, 44], [9, 2], [46, 9], [46, 94], [42, 77], [98, 53], [60, 84], [23, 42], [63, 63], [25, 75], [22, 18], [84, 55], [17, 99], [43, 30], [40, 51], [62, 54], [2, 10], [41, 44], [40, 8], [30, 13], [42, 80], [71, 27], [29, 53], [13, 73], [97, 61], [33, 36], [92, 42], [50, 7], [83, 53], [44, 27], [28, 61], [46, 42], [7, 12], [99, 60], [15, 88], [41, 14], [41, 86], [45, 43], [51, 68], [25, 78], [98, 45], [60, 79], [47, 24], [29, 35], [65, 29], [55, 62], [28, 64], [13, 27], [22, 14], [39, 1], [40, 84], [39, 56], [13, 69], [44, 57], [84, 48], [83, 52], [1, 99], [53, 48], [25, 47], [47, 50], [35, 61], [45, 34], [10, 0], [91, 54], [63, 23], [65, 56], [44, 5], [48, 84], [20, 86], [48, 9], [36, 24], [24, 17], [86, 50], [32, 35], [73, 84], [28, 44], [66, 63], [19, 59], [40, 2], [86, 69], [4, 88], [41, 12], [41, 37], [41, 62], [34, 78], [41, 77], [66, 28], [32, 53], [6, 75], [40, 40], [63, 93], [37, 18], [84, 68], [1, 5], [25, 35], [18, 25], [53, 0], [44, 98], [33, 73], [98, 42], [46, 25], [88, 61], [14, 85], [26, 41], [31, 64], [82, 23], [95, 58], [48, 10], [89, 56], [27, 30], [55, 86], [58, 7], [39, 58], [27, 36], [56, 49], [44, 46], [64, 63], [35, 93], [22, 77], [41, 50], [9, 62], [30, 31], [2, 7], [94, 48], [8, 26], [96, 58], [10, 86], [30, 26], [69, 34], [39, 11], [41, 98], [30, 30], [27, 50], [38, 64], [43, 37], [39, 67], [45, 66], [95, 46], [51, 8], [99, 58], [47, 44], [55, 91], [30, 24], [19, 71], [17, 30], [52, 9], [39, 22], [95, 54], [67, 33], [33, 54], [4, 73], [17, 92], [67, 63], [32, 71], [23, 14], [11, 15], [47, 31], [50, 64], [99, 63], [40, 13], [39, 87], [21, 69], [39, 29], [31, 77], [41, 39], [59, 56], [21, 19], [46, 4], [91, 58], [46, 39], [66, 33], [14, 95], [91, 64], [98, 58], [34, 34], [40, 54], [64, 78], [26, 93], [14, 25], [16, 31], [23, 46], [21, 73], [4, 0], [40, 21], [63, 8], [32, 38], [62, 93], [57, 65], [36, 68], [87, 48], [39, 26], [39, 75], [54, 8], [51, 90], [97, 69], [67, 36], [86, 52], [38, 90], [12, 87], [55, 33], [36, 26], [49, 2], [31, 39], [37, 68], [40, 18], [9, 7], [42, 23], [98, 70], [35, 94], [59, 81], [4, 15], [94, 51], [66, 27], [25, 56], [11, 67], [61, 57], [97, 68], [31, 40], [41, 61], [2, 87], [44, 10], [55, 88], [66, 65], [24, 65], [35, 39], [47, 66], [29, 11], [24, 72], [84, 47], [54, 14], [25, 25], [50, 32], [50, 9], [3, 7], [17, 41], [79, 30], [84, 69], [32, 83], [10, 11], [91, 59], [18, 86], [38, 44], [49, 78], [72, 89], [28, 20], [28, 24], [29, 44], [3, 57], [44, 47], [48, 70], [93, 48], [22, 41], [50, 11], [52, 89], [58, 38], [21, 77], [72, 29], [70, 64], [28, 76], [96, 71], [58, 9], [12, 10], [95, 55], [48, 11], [56, 53], [90, 80], [7, 86], [39, 35], [88, 47], [22, 21], [16, 41], [38, 41], [33, 61], [43, 62], [8, 2], [37, 90], [98, 63], [59, 33], [27, 54], [6, 62], [69, 88], [55, 36], [88, 52], [44, 3], [51, 89], [70, 91], [40, 10], [28, 35], [29, 34], [22, 11], [43, 91], [93, 53], [6, 85], [39, 9], [86, 53], [38, 42], [44, 62], [66, 52], [36, 67], [38, 65], [44, 34], [61, 18], [5, 13], [21, 93], [18, 40], [59, 9], [24, 18], [86, 63], [26, 29], [85, 64], [42, 37], [30, 56], [14, 70], [0, 96], [56, 86], [2, 14], [42, 7], [55, 96], [56, 51], [31, 42], [44, 66], [26, 82], [56, 4], [70, 31], [23, 45], [43, 57], [38, 12], [98, 44], [85, 51], [39, 20], [90, 63], [57, 67], [34, 67], [7, 4], [18, 88], [33, 85], [33, 66], [43, 36], [34, 45], [42, 42], [50, 70], [22, 26], [68, 35], [39, 51], [15, 72], [88, 66], [61, 6], [89, 49], [25, 32], [43, 14], [46, 96], [56, 89], [27, 28], [52, 0], [39, 74], [48, 66], [92, 69], [31, 43], [29, 47], [7, 87], [91, 71], [1, 9], [98, 50], [39, 47], [36, 53], [77, 32], [39, 17], [58, 45], [59, 37], [68, 54], [19, 73], [25, 69], [30, 33], [18, 10], [16, 36], [95, 68], [28, 40], [11, 66], [88, 45], [54, 9], [39, 93], [29, 66], [43, 9], [13, 83], [56, 90], [27, 80], [58, 6], [59, 94], [27, 8], [67, 24], [43, 49], [47, 68], [46, 15], [7, 10], [18, 30], [93, 71], [44, 40], [13, 20], [83, 73], [29, 94], [98, 55], [68, 61], [33, 76], [4, 92], [27, 32], [37, 75], [83, 27], [23, 41], [1, 57], [50, 2], [56, 92], [42, 33], [19, 32], [40, 11], [84, 70], [38, 28], [46, 55], [32, 40], [29, 80], [70, 78], [59, 45], [90, 54], [4, 1], [55, 50], [23, 7], [60, 2], [84, 58], [38, 25], [37, 40], [12, 84], [94, 65], [68, 39], [22, 89], [46, 29], [39, 78], [35, 46], [32, 59], [91, 44], [59, 59], [22, 59], [22, 53], [1, 74], [47, 10], [48, 99], [48, 6], [97, 67], [21, 24], [24, 33], [91, 61], [42, 73], [10, 23], [1, 0], [56, 34], [75, 22], [7, 85], [62, 85], [46, 34], [48, 35], [33, 52], [44, 73], [20, 80], [83, 66], [19, 39], [61, 16], [29, 29], [87, 51], [54, 46], [44, 37], [44, 9], [31, 23], [41, 11], [47, 83], [68, 25], [26, 51], [17, 72], [11, 82], [56, 68], [19, 62], [96, 49], [43, 86], [3, 25], [57, 47], [91, 66], [23, 34], [0, 14], [39, 49], [40, 59], [68, 94], [33, 31], [67, 84], [42, 56], [98, 72], [46, 21], [18, 81], [74, 38], [83, 51], [20, 90], [27, 33], [59, 11], [40, 0], [42, 86], [48, 0], [85, 48], [20, 16], [22, 56], [6, 69], [20, 19], [37, 49], [32, 65], [48, 50], [24, 91], [1, 11], [62, 53], [30, 76], [97, 71], [29, 30], [86, 57], [93, 49], [42, 72], [31, 45], [64, 31], [64, 56], [64, 85], [15, 90], [42, 19], [30, 79], [44, 35], [35, 45], [40, 69], [99, 52], [41, 16], [9, 12], [21, 50], [39, 19], [45, 1], [45, 91], [90, 71], [59, 48], [67, 26], [27, 44], [7, 67], [27, 91], [11, 5], [31, 70], [56, 9], [94, 77], [6, 93], [43, 8], [96, 48], [64, 53], [22, 75], [20, 42], [91, 42], [32, 42], [32, 49], [60, 89], [48, 32], [36, 89], [99, 72], [59, 27], [2, 27], [44, 16], [51, 50], [22, 13], [95, 71], [55, 6], [54, 92], [20, 89], [49, 57], [30, 42], [64, 45], [28, 45], [7, 74], [8, 1], [24, 79], [42, 11], [34, 36], [49, 69], [89, 67], [78, 30], [85, 71], [52, 15], [34, 37], [66, 99], [68, 66], [22, 73], [86, 48], [36, 19], [35, 41], [5, 15], [21, 86], [65, 75], [98, 43], [11, 93], [53, 49], [59, 15], [31, 74], [45, 31], [39, 5], [43, 94], [88, 64], [45, 41], [52, 60], [1, 7], [59, 18], [22, 42], [10, 75], [93, 58], [37, 31], [18, 39], [26, 84], [12, 92], [14, 9], [91, 67], [36, 14], [51, 45], [58, 36], [65, 51], [28, 81], [26, 70], [24, 42], [29, 77], [52, 2], [62, 86], [48, 8], [29, 22], [73, 27], [44, 50], [33, 51], [94, 56], [99, 41], [46, 1], [48, 87], [6, 5], [92, 57], [34, 46], [18, 69], [41, 68], [13, 96], [25, 26], [28, 29], [35, 37], [4, 11], [40, 23], [71, 21], [27, 35], [39, 54], [50, 38], [95, 65], [91, 48], [27, 75], [29, 86], [47, 4], [59, 65], [18, 61], [32, 33], [60, 86], [47, 25], [46, 3], [45, 95], [0, 94], [9, 6], [57, 13], [86, 54], [24, 11], [90, 40], [98, 62], [77, 24], [23, 57], [5, 62], [24, 69], [22, 19], [57, 57], [29, 37], [46, 69], [99, 54], [18, 47], [58, 44], [42, 63], [25, 21], [57, 1], [69, 94], [2, 98], [46, 73], [30, 67], [94, 61], [28, 15], [69, 19], [9, 4], [57, 4], [47, 89], [66, 76], [35, 51], [60, 54], [24, 62], [89, 58], [28, 37], [44, 64], [3, 18], [41, 40], [49, 17], [30, 94], [22, 52], [1, 70], [83, 63], [94, 43], [50, 16], [27, 25], [42, 68], [54, 39], [8, 88], [18, 43], [80, 31], [51, 5], [28, 83], [90, 45], [91, 72], [26, 33], [41, 54], [49, 12], [0, 15], [63, 48], [52, 1], [47, 91], [38, 21], [17, 11], [58, 88], [25, 42], [65, 69], [27, 63], [20, 97], [37, 64], [23, 72], [61, 37], [28, 41], [17, 68], [45, 40], [97, 50], [98, 51], [33, 11], [90, 65], [46, 37], [51, 57], [45, 5], [90, 57], [32, 27], [42, 6], [22, 50], [39, 90], [2, 8], [88, 63], [20, 12], [16, 90], [63, 31], [41, 6], [45, 94], [39, 39], [49, 62], [53, 38], [60, 92], [37, 22], [25, 76], [42, 39], [27, 29], [90, 73], [40, 55], [7, 62], [64, 67], [32, 60], [36, 47], [35, 49], [83, 71], [63, 55], [46, 16], [72, 26], [4, 84], [93, 40], [27, 95], [5, 8], [16, 35], [1, 4], [25, 18], [53, 13], [63, 97], [22, 15], [46, 58], [56, 13], [57, 94], [83, 62], [86, 72], [45, 38], [48, 31], [52, 63], [18, 91], [73, 87], [66, 17], [34, 58], [13, 63], [23, 44], [9, 94], [63, 67], [28, 66], [32, 30], [95, 64], [23, 21], [43, 16], [20, 22], [88, 65], [46, 89], [6, 2], [36, 37], [32, 74], [42, 50], [33, 49], [99, 53], [27, 38], [51, 3], [57, 99], [44, 49], [71, 32], [85, 50], [60, 7], [52, 45], [87, 78], [18, 90], [43, 13], [89, 48], [27, 16], [32, 79], [35, 55], [7, 71], [62, 92], [91, 70], [31, 41], [8, 19], [51, 10], [89, 50], [40, 49], [32, 48], [54, 57], [34, 68], [39, 65], [77, 28], [5, 6], [44, 95], [30, 20], [38, 22], [56, 33], [19, 85], [46, 8], [38, 84], [21, 25], [90, 42], [94, 63], [84, 60], [22, 91], [29, 48], [30, 64], [12, 16], [72, 20], [30, 52], [6, 70], [51, 16], [41, 22], [65, 84], [29, 18], [41, 8], [31, 57], [38, 45], [30, 41], [19, 89], [97, 70], [11, 9], [54, 47], [56, 46], [61, 55], [21, 82], [30, 61], [93, 68], [52, 10], [57, 93], [60, 87], [21, 31], [71, 34], [48, 45], [34, 69], [41, 23], [16, 29], [98, 61], [6, 28], [33, 80], [93, 46], [5, 83], [37, 56], [23, 40], [2, 68], [44, 14], [71, 83], [93, 59], [1, 6], [54, 45], [53, 7], [85, 54], [37, 9], [20, 47], [99, 45], [82, 34], [27, 79], [49, 20], [35, 42], [37, 59], [69, 54], [26, 69], [41, 0], [43, 83], [19, 28], [17, 95], [30, 68], [45, 82], [87, 57], [16, 39], [43, 19], [95, 61], [61, 47], [32, 36], [56, 7], [40, 24], [69, 27], [38, 48], [12, 64], [98, 46], [47, 48], [1, 13], [26, 28], [45, 56], [63, 85], [36, 95], [99, 50], [8, 84], [24, 50], [50, 6], [51, 94], [61, 1], [32, 26], [5, 29], [69, 57], [22, 61], [93, 69], [41, 29], [44, 77], [81, 38], [33, 78], [27, 45], [49, 68], [85, 66], [58, 13], [22, 45], [51, 46], [36, 55], [4, 69], [6, 8], [13, 88], [42, 18], [98, 54], [61, 84], [44, 25], [28, 92], [90, 69], [81, 33], [3, 12], [96, 47], [55, 8], [51, 95], [36, 69], [20, 40], [50, 57], [38, 43], [40, 52], [62, 16], [36, 36], [69, 93], [60, 63], [23, 64], [84, 56], [44, 23], [32, 67], [11, 92], [49, 43], [52, 12], [37, 13], [88, 51], [0, 10], [72, 21], [36, 41], [16, 61], [87, 50], [31, 51], [4, 12], [19, 82], [46, 57], [55, 92], [25, 16], [37, 46], [45, 67], [94, 58], [44, 8], [57, 89], [98, 48], [6, 91], [48, 29], [18, 35], [66, 24], [55, 37], [89, 68], [45, 92], [56, 6], [66, 62], [32, 66], [4, 13], [63, 10], [28, 11], [92, 47], [27, 49], [13, 65], [7, 9], [62, 58], [48, 38], [46, 67], [38, 26], [29, 78], [27, 24], [14, 83], [25, 88], [35, 68], [75, 27], [53, 10], [47, 92], [63, 84], [90, 72], [36, 44], [88, 71], [95, 50], [39, 27], [51, 38], [35, 34], [44, 1], [40, 86], [46, 45], [43, 53], [43, 28], [5, 3], [14, 29], [54, 67], [27, 67], [7, 84], [35, 72], [67, 15], [26, 52], [2, 62], [86, 58], [85, 58], [58, 12], [89, 46], [22, 8], [42, 25], [22, 87], [51, 0], [48, 92], [53, 35], [58, 82], [48, 23], [43, 41], [36, 54], [97, 62], [61, 56], [54, 13], [60, 31], [11, 95], [99, 48], [46, 86], [13, 21], [31, 44], [6, 12], [60, 97], [40, 9], [43, 72], [85, 52], [40, 48], [12, 77], [61, 54], [22, 64], [28, 32], [85, 67], [35, 83], [35, 31], [36, 40], [51, 69], [33, 34], [59, 5], [51, 87], [39, 46], [72, 39], [62, 2], [94, 81], [4, 99], [27, 14], [69, 82], [92, 65], [11, 28], [56, 2], [83, 67], [41, 74], [8, 13], [36, 78], [36, 20], [19, 41], [96, 55], [38, 47], [40, 64], [71, 38], [32, 47], [7, 73], [21, 16], [0, 91], [95, 47], [59, 61], [50, 51], [54, 66], [34, 80], [36, 61], [85, 73], [54, 1], [53, 98], [42, 22], [34, 47], [20, 21], [43, 75], [53, 8], [72, 92], [7, 14], [60, 6], [83, 55], [26, 27], [86, 70], [60, 34], [43, 71], [45, 29], [49, 56], [14, 88], [23, 27], [84, 53], [32, 34], [29, 25], [22, 57], [16, 58], [97, 51], [52, 39], [41, 93], [85, 60], [45, 13], [48, 96], [32, 9], [21, 26], [62, 68], [22, 71], [48, 56], [80, 30], [46, 43], [37, 67], [50, 15], [19, 33], [3, 6], [19, 94], [57, 77], [29, 28], [18, 71], [85, 70], [89, 65], [57, 45], [58, 15], [68, 91], [25, 30], [54, 44], [66, 18], [40, 53], [13, 66], [36, 50], [9, 11], [42, 81], [45, 71], [40, 50], [50, 56], [92, 40], [49, 0], [56, 99], [99, 71], [18, 83], [46, 31], [90, 70], [43, 0], [67, 61], [22, 68], [11, 4], [25, 9], [41, 27], [34, 92], [66, 34], [56, 82], [31, 34], [88, 62], [58, 35], [27, 42], [51, 51], [49, 28], [8, 24], [14, 84], [27, 69], [28, 42], [9, 73], [86, 73], [61, 4], [90, 46], [29, 13], [35, 50], [30, 78], [41, 10], [43, 99], [95, 59], [64, 51], [42, 3], [79, 34], [99, 46], [5, 1], [64, 55], [22, 76], [34, 27], [27, 74], [47, 43], [41, 64], [38, 49], [57, 42], [9, 99], [33, 32], [65, 82], [87, 71], [6, 13], [93, 63], [42, 70], [64, 29], [28, 55], [2, 60], [40, 95], [40, 15], [42, 92], [47, 19], [18, 44], [39, 3], [0, 7], [62, 9], [39, 23], [91, 62], [26, 43], [46, 53], [16, 91], [86, 49], [34, 43], [91, 43], [48, 37], [36, 72], [12, 23], [70, 51], [30, 72], [28, 68], [79, 35], [22, 34], [71, 87], [40, 19], [85, 46], [55, 51], [66, 95], [24, 32], [26, 50], [10, 69], [32, 95], [45, 37], [43, 58], [39, 12], [45, 98], [18, 82], [88, 49], [47, 2], [8, 7], [24, 44], [78, 36], [92, 61], [54, 36], [31, 16], [4, 29], [28, 57], [63, 4], [94, 57], [21, 21], [30, 83], [95, 40], [53, 55], [29, 67], [46, 36], [42, 57], [33, 44], [17, 93], [73, 89], [84, 63], [88, 70], [65, 17], [35, 58], [10, 63], [24, 94], [55, 1], [39, 89], [29, 31], [52, 16], [0, 9], [21, 11], [37, 34], [43, 50], [2, 19], [45, 70], [29, 51], [83, 60], [58, 46], [46, 75], [40, 36], [42, 64], [9, 95], [88, 69], [64, 17], [27, 18], [59, 10], [35, 23], [91, 53], [66, 51], [25, 59], [32, 39], [73, 81], [92, 56], [34, 55], [10, 72], [20, 82], [51, 14], [53, 85], [47, 9], [0, 0], [47, 36], [16, 25], [44, 68], [43, 33], [33, 60], [9, 85], [88, 56], [83, 19], [36, 27], [32, 13], [20, 33], [92, 68], [28, 91], [18, 94], [71, 19], [83, 34], [62, 33], [80, 58], [1, 17], [46, 80], [48, 88], [55, 54], [18, 22], [65, 68], [52, 79], [0, 24], [8, 8], [50, 48], [14, 97], [51, 67], [25, 90], [94, 2], [30, 57], [37, 52], [92, 22], [84, 13], [81, 81], [96, 38], [8, 65], [1, 29], [39, 64], [97, 2], [69, 71], [75, 72], [86, 76], [41, 51], [18, 85], [31, 13], [45, 78], [58, 54], [67, 78], [77, 57], [48, 33], [75, 0], [75, 84], [32, 93], [20, 76], [53, 92], [33, 33], [24, 52], [51, 31], [95, 1], [40, 93], [33, 30], [71, 54], [92, 23], [75, 36], [69, 45], [80, 89], [26, 77], [89, 6], [78, 17], [35, 24], [10, 71], [51, 32], [8, 78], [92, 30], [24, 25], [60, 96], [20, 2], [53, 26], [6, 18], [3, 41], [8, 30], [98, 92], [69, 58], [79, 74], [21, 39], [21, 34], [5, 56], [18, 1], [46, 98], [25, 85], [72, 1], [27, 58], [67, 10], [90, 13], [17, 55], [61, 78], [98, 93], [64, 22], [54, 22], [93, 34], [92, 27], [74, 67], [68, 57], [82, 47], [23, 98], [10, 90], [42, 71], [97, 60], [19, 43], [9, 61], [31, 24], [85, 43], [47, 33], [65, 98], [93, 18], [73, 91], [98, 90], [23, 38], [14, 22], [65, 20], [15, 11], [99, 33], [79, 60], [10, 33], [11, 57], [8, 72], [2, 31], [68, 37], [35, 76], [75, 14], [66, 30], [70, 74], [14, 58], [21, 83], [48, 75], [7, 59], [40, 60], [45, 59], [9, 90], [79, 50], [2, 15], [27, 0], [19, 97], [1, 38], [4, 56], [54, 72], [69, 79], [1, 55], [58, 92], [80, 2], [66, 68], [81, 58], [23, 58], [62, 38], [9, 40], [11, 44], [56, 32], [95, 98], [55, 82], [11, 61], [87, 37], [77, 99], [66, 54], [48, 83], [12, 38], [67, 98], [11, 17], [70, 48], [78, 6], [31, 36], [61, 66], [50, 72], [62, 59], [38, 74], [38, 79], [62, 70], [85, 1], [75, 49], [13, 46], [2, 20], [69, 83], [73, 66], [17, 74], [60, 62], [15, 0], [85, 23], [10, 92], [86, 79], [41, 53], [53, 18], [56, 41], [86, 22], [32, 78], [93, 38], [80, 12], [68, 55], [92, 93], [10, 52], [0, 28], [71, 47], [14, 27], [65, 52], [13, 26], [73, 73], [4, 55], [67, 22], [8, 50], [53, 28], [82, 74], [43, 55], [22, 69], [59, 24], [57, 86], [24, 14], [93, 22], [87, 8], [65, 46], [10, 44], [3, 19], [95, 27], [18, 29], [84, 77], [47, 79], [83, 80], [88, 13], [30, 81], [15, 41]]}