{"meta": {"number_of_robots": 4706, "description": {"parameters": {"seed": 9376, "shape": [100, 100], "obstacles": {"n": 20, "mean": 20, "std": 10.0}, "clusters": {"n": 40, "mean": 80, "std": 40.0, "relative_radius": 2, "increase_factor": 1.3, "start_dist": {"generator_name": "uniform", "shape": [100, 100], "min": 1.0, "max": 1.0, "mean": 1.0, "std": 0.0, "dtype": "float64", "parameters": {}}, "target_dist": {"generator_name": "uniform", "shape": [100, 100], "min": 1.0, "max": 1.0, "mean": 1.0, "std": 0.0, "dtype": "float64", "parameters": {}}}, "density": 0.9, "start_dist": {"generator_name": "uniform", "shape": [100, 100], "min": 1.0, "max": 1.0, "mean": 1.0, "std": 0.0, "dtype": "float64", "parameters": {}}, "target_dist": {"generator_name": "uniform", "shape": [100, 100], "min": 1.0, "max": 1.0, "mean": 1.0, "std": 0.0, "dtype": "float64", "parameters": {}}}, "stats": {"date": "2020-11-17", "free_area": 5228.0, "number_of_clustered_robots": 3182, "number_of_robots": 4706}}}, "name": "large_007_100x100_90_4706", "obstacles": [[18, 0], [18, 1], [18, 2], [18, 3], [18, 4], [18, 5], [18, 6], [18, 7], [18, 8], [18, 9], [18, 10], [18, 11], [18, 12], [18, 13], [18, 14], [18, 15], [18, 16], [18, 17], [18, 18], [18, 19], [18, 20], [18, 21], [18, 22], [18, 23], [18, 24], [18, 25], [18, 26], [18, 27], [18, 28], [18, 37], [18, 38], [18, 39], [18, 40], [18, 41], [18, 42], [18, 43], [18, 44], [18, 45], [18, 46], [18, 47], [18, 48], [18, 49], [18, 50], [18, 51], [19, 0], [19, 28], [19, 37], [19, 51], [19, 95], [19, 96], [19, 97], [19, 98], [19, 99], [20, 0], [20, 28], [20, 37], [20, 51], [20, 95], [20, 99], [21, 0], [21, 28], [21, 37], [21, 51], [21, 95], [21, 99], [22, 0], [22, 28], [22, 37], [22, 51], [22, 95], [22, 99], [23, 0], [23, 28], [23, 37], [23, 51], [23, 95], [23, 99], [24, 0], [24, 28], [24, 37], [24, 51], [24, 95], [24, 99], [25, 0], [25, 29], [25, 30], [25, 31], [25, 32], [25, 33], [25, 34], [25, 35], [25, 36], [25, 50], [25, 95], [25, 99], [26, 0], [26, 50], [26, 95], [26, 99], [27, 0], [27, 50], [27, 95], [27, 99], [28, 0], [28, 50], [28, 95], [28, 99], [29, 0], [29, 50], [29, 95], [29, 99], [30, 0], [30, 50], [30, 95], [30, 99], [31, 0], [31, 50], [31, 95], [31, 99], [32, 0], [32, 50], [32, 87], [32, 88], [32, 89], [32, 90], [32, 91], [32, 92], [32, 93], [32, 94], [32, 99], [33, 0], [33, 50], [33, 87], [33, 99], [34, 0], [34, 1], [34, 2], [34, 3], [34, 4], [34, 5], [34, 6], [34, 50], [34, 87], [34, 99], [35, 7], [35, 50], [35, 87], [35, 99], [36, 7], [36, 50], [36, 87], [36, 99], [37, 7], [37, 50], [37, 87], [37, 99], [38, 7], [38, 50], [38, 87], [38, 99], [39, 7], [39, 51], [39, 52], [39, 53], [39, 54], [39, 55], [39, 56], [39, 57], [39, 58], [39, 59], [39, 60], [39, 61], [39, 62], [39, 63], [39, 64], [39, 65], [39, 66], [39, 67], [39, 87], [39, 99], [40, 7], [40, 67], [40, 87], [40, 99], [41, 7], [41, 67], [41, 87], [41, 99], [42, 7], [42, 67], [42, 87], [42, 99], [43, 7], [43, 67], [43, 87], [43, 99], [44, 7], [44, 67], [44, 87], [44, 99], [45, 7], [45, 67], [45, 87], [45, 99], [46, 7], [46, 67], [46, 87], [46, 99], [47, 7], [47, 67], [47, 87], [47, 88], [47, 89], [47, 90], [47, 91], [47, 92], [47, 93], [47, 94], [47, 99], [48, 7], [48, 67], [48, 95], [48, 99], [49, 7], [49, 67], [49, 95], [49, 99], [50, 7], [50, 51], [50, 52], [50, 53], [50, 54], [50, 55], [50, 56], [50, 57], [50, 58], [50, 59], [50, 60], [50, 61], [50, 62], [50, 63], [50, 64], [50, 65], [50, 66], [50, 67], [50, 95], [50, 99], [51, 7], [51, 50], [51, 95], [51, 99], [52, 6], [52, 50], [52, 95], [52, 99], [53, 6], [53, 50], [53, 69], [53, 70], [53, 71], [53, 72], [53, 73], [53, 74], [53, 75], [53, 76], [53, 77], [53, 95], [53, 96], [53, 97], [53, 98], [53, 99], [54, 6], [54, 50], [54, 69], [54, 77], [55, 6], [55, 50], [55, 69], [55, 77], [56, 6], [56, 50], [56, 69], [56, 77], [56, 79], [56, 80], [56, 81], [56, 82], [56, 83], [56, 84], [56, 85], [56, 86], [56, 87], [56, 88], [56, 89], [56, 90], [56, 91], [56, 92], [56, 93], [56, 94], [56, 95], [56, 96], [56, 97], [56, 98], [56, 99], [57, 6], [57, 50], [57, 69], [57, 77], [57, 79], [57, 99], [58, 7], [58, 50], [58, 69], [58, 77], [58, 79], [58, 99], [59, 7], [59, 51], [59, 52], [59, 53], [59, 54], [59, 55], [59, 56], [59, 57], [59, 58], [59, 59], [59, 60], [59, 61], [59, 62], [59, 63], [59, 64], [59, 65], [59, 66], [59, 67], [59, 68], [59, 77], [59, 79], [59, 99], [60, 7], [60, 77], [60, 79], [60, 99], [61, 7], [61, 77], [61, 79], [61, 99], [62, 7], [62, 77], [62, 79], [62, 99], [63, 7], [63, 77], [63, 79], [63, 99], [64, 7], [64, 77], [64, 79], [64, 99], [65, 7], [65, 25], [65, 26], [65, 27], [65, 28], [65, 29], [65, 30], [65, 31], [65, 32], [65, 33], [65, 34], [65, 35], [65, 36], [65, 37], [65, 38], [65, 39], [65, 77], [65, 79], [65, 99], [66, 8], [66, 9], [66, 10], [66, 11], [66, 12], [66, 13], [66, 14], [66, 15], [66, 16], [66, 17], [66, 18], [66, 19], [66, 20], [66, 21], [66, 22], [66, 23], [66, 24], [66, 40], [66, 77], [66, 79], [66, 99], [67, 40], [67, 77], [67, 79], [67, 99], [68, 40], [68, 77], [68, 79], [68, 99], [69, 40], [69, 77], [69, 79], [69, 99], [70, 40], [70, 77], [70, 79], [70, 99], [71, 40], [71, 77], [71, 79], [71, 80], [71, 81], [71, 82], [71, 83], [71, 84], [71, 85], [71, 86], [71, 87], [71, 88], [71, 89], [71, 90], [71, 91], [71, 92], [71, 93], [71, 94], [71, 95], [71, 96], [71, 97], [71, 98], [71, 99], [72, 40], [72, 74], [72, 75], [72, 76], [72, 77], [73, 40], [73, 73], [74, 21], [74, 22], [74, 23], [74, 24], [74, 25], [74, 26], [74, 27], [74, 28], [74, 29], [74, 30], [74, 31], [74, 32], [74, 33], [74, 34], [74, 35], [74, 36], [74, 40], [74, 73], [75, 21], [75, 36], [75, 40], [75, 73], [76, 3], [76, 4], [76, 5], [76, 6], [76, 7], [76, 8], [76, 9], [76, 10], [76, 11], [76, 12], [76, 13], [76, 14], [76, 15], [76, 16], [76, 17], [76, 18], [76, 19], [76, 20], [76, 37], [76, 38], [76, 39], [76, 73], [77, 3], [77, 73], [78, 3], [78, 73], [79, 3], [79, 73], [80, 3], [80, 73], [81, 0], [81, 1], [81, 2], [81, 73], [82, 0], [82, 73], [83, 0], [83, 73], [84, 0], [84, 71], [84, 72], [84, 73], [85, 0], [85, 70], [86, 0], [86, 40], [86, 41], [86, 42], [86, 43], [86, 44], [86, 45], [86, 46], [86, 47], [86, 48], [86, 49], [86, 50], [86, 51], [86, 52], [86, 53], [86, 54], [86, 55], [86, 56], [86, 57], [86, 58], [86, 59], [86, 60], [86, 61], [86, 62], [86, 63], [86, 64], [86, 65], [86, 66], [86, 67], [86, 68], [86, 69], [86, 70], [87, 0], [87, 39], [88, 0], [88, 8], [88, 9], [88, 10], [88, 11], [88, 12], [88, 13], [88, 14], [88, 15], [88, 16], [88, 17], [88, 18], [88, 19], [88, 20], [88, 37], [88, 38], [88, 39], [89, 0], [89, 7], [89, 21], [89, 36], [90, 0], [90, 7], [90, 21], [90, 36], [91, 0], [91, 7], [91, 21], [91, 36], [92, 0], [92, 7], [92, 21], [92, 36], [93, 0], [93, 7], [93, 21], [93, 36], [94, 0], [94, 1], [94, 2], [94, 3], [94, 4], [94, 5], [94, 6], [94, 7], [94, 21], [94, 36], [95, 21], [95, 36], [96, 21], [96, 36], [97, 21], [97, 36], [98, 21], [98, 22], [98, 23], [98, 24], [98, 25], [98, 26], [98, 27], [98, 28], [98, 29], [98, 30], [98, 31], [98, 32], [98, 33], [98, 34], [98, 35], [98, 36]], "starts": [[8, 28], [52, 60], [87, 59], [45, 70], [20, 93], [29, 63], [93, 88], [11, 90], [27, 60], [4, 42], [38, 82], [18, 80], [91, 76], [81, 95], [27, 72], [95, 58], [91, 94], [17, 90], [84, 83], [25, 82], [70, 30], [1, 66], [7, 87], [40, 74], [6, 67], [9, 65], [32, 79], [33, 74], [4, 63], [33, 70], [30, 57], [21, 63], [0, 84], [59, 1], [8, 56], [80, 82], [92, 58], [47, 72], [21, 76], [98, 49], [35, 80], [1, 50], [27, 59], [12, 46], [26, 69], [77, 91], [15, 54], [0, 90], [16, 96], [82, 86], [19, 58], [34, 74], [7, 84], [34, 60], [98, 71], [11, 31], [92, 94], [6, 51], [43, 82], [94, 52], [93, 68], [10, 72], [67, 32], [2, 55], [93, 49], [22, 71], [8, 58], [30, 74], [14, 77], [38, 73], [14, 60], [21, 69], [10, 70], [88, 84], [4, 72], [13, 66], [9, 95], [17, 98], [25, 92], [72, 82], [83, 90], [32, 81], [17, 58], [51, 70], [32, 60], [29, 69], [20, 77], [10, 87], [22, 84], [8, 65], [83, 76], [20, 69], [60, 2], [79, 91], [12, 64], [12, 29], [96, 94], [9, 45], [32, 68], [7, 74], [99, 64], [95, 67], [8, 80], [6, 99], [72, 34], [4, 56], [94, 47], [6, 65], [30, 88], [17, 73], [17, 77], [31, 84], [94, 90], [11, 82], [42, 70], [5, 47], [43, 73], [9, 71], [16, 85], [27, 68], [83, 99], [35, 67], [12, 72], [13, 90], [32, 57], [22, 69], [22, 62], [7, 94], [20, 67], [31, 60], [92, 71], [8, 94], [17, 88], [2, 19], [84, 88], [6, 53], [39, 76], [82, 79], [96, 49], [97, 59], [5, 66], [15, 74], [90, 78], [20, 79], [35, 62], [67, 38], [89, 92], [37, 84], [2, 63], [7, 70], [96, 50], [2, 53], [38, 65], [36, 60], [8, 82], [23, 78], [30, 68], [4, 98], [11, 97], [13, 82], [47, 82], [20, 70], [17, 59], [27, 92], [17, 67], [88, 74], [26, 74], [55, 3], [13, 50], [98, 85], [18, 62], [55, 64], [79, 90], [7, 58], [12, 17], [91, 99], [3, 52], [38, 66], [12, 65], [97, 55], [27, 84], [91, 65], [12, 83], [4, 96], [28, 56], [13, 92], [75, 37], [29, 84], [9, 66], [11, 50], [3, 96], [95, 53], [21, 68], [30, 75], [20, 88], [86, 84], [16, 73], [32, 58], [17, 69], [80, 81], [40, 86], [80, 89], [87, 68], [7, 86], [38, 81], [35, 71], [7, 99], [0, 49], [7, 47], [38, 64], [15, 58], [15, 37], [78, 96], [13, 34], [28, 83], [14, 66], [52, 77], [12, 77], [35, 70], [6, 75], [92, 87], [92, 59], [21, 82], [88, 69], [3, 73], [5, 84], [18, 79], [10, 94], [29, 53], [66, 37], [5, 55], [97, 51], [96, 77], [26, 79], [5, 67], [13, 57], [7, 83], [19, 81], [24, 54], [96, 80], [6, 98], [25, 90], [56, 5], [89, 79], [33, 80], [0, 70], [21, 61], [25, 62], [22, 88], [23, 76], [8, 30], [77, 90], [7, 53], [28, 70], [18, 71], [23, 63], [3, 76], [40, 70], [80, 75], [8, 84], [97, 52], [94, 75], [7, 54], [20, 55], [9, 73], [11, 83], [94, 82], [1, 96], [28, 71], [39, 81], [68, 32], [96, 89], [39, 84], [7, 66], [8, 64], [95, 42], [24, 61], [90, 73], [38, 71], [23, 92], [28, 64], [17, 61], [25, 69], [30, 82], [13, 79], [26, 72], [24, 81], [9, 96], [7, 93], [14, 24], [89, 89], [13, 51], [30, 64], [94, 70], [94, 81], [20, 91], [12, 51], [19, 63], [87, 56], [85, 73], [2, 72], [47, 80], [3, 79], [15, 68], [18, 60], [14, 61], [47, 75], [26, 85], [73, 29], [19, 65], [97, 71], [1, 70], [15, 91], [79, 75], [27, 55], [52, 5], [2, 83], [87, 54], [24, 63], [80, 80], [21, 81], [32, 61], [1, 74], [54, 55], [96, 85], [3, 97], [23, 71], [32, 51], [17, 26], [79, 92], [17, 46], [25, 72], [14, 64], [0, 45], [37, 76], [37, 74], [18, 89], [89, 48], [31, 65], [22, 53], [90, 74], [32, 70], [4, 75], [86, 98], [6, 84], [52, 78], [3, 65], [7, 79], [41, 71], [18, 61], [21, 67], [30, 54], [89, 67], [7, 91], [70, 35], [20, 71], [87, 70], [0, 62], [2, 62], [13, 59], [25, 68], [12, 84], [88, 54], [10, 62], [9, 69], [29, 82], [96, 98], [10, 30], [80, 88], [10, 46], [40, 72], [6, 94], [16, 70], [22, 72], [15, 67], [75, 79], [96, 55], [90, 72], [38, 75], [4, 67], [19, 52], [36, 52], [18, 83], [85, 85], [15, 79], [99, 81], [21, 77], [58, 5], [28, 57], [72, 31], [2, 86], [78, 98], [9, 60], [10, 86], [45, 79], [32, 74], [3, 62], [13, 87], [8, 71], [2, 97], [88, 47], [4, 50], [5, 60], [21, 94], [37, 73], [17, 57], [14, 29], [84, 95], [7, 43], [38, 78], [16, 75], [22, 59], [45, 78], [10, 73], [19, 57], [77, 85], [27, 57], [88, 80], [93, 51], [15, 69], [96, 67], [16, 66], [96, 75], [20, 82], [22, 52], [33, 84], [1, 84], [19, 78], [13, 96], [24, 66], [3, 59], [34, 51], [79, 77], [73, 37], [11, 89], [31, 74], [2, 58], [4, 81], [51, 75], [85, 87], [99, 41], [98, 73], [19, 76], [17, 68], [4, 66], [25, 66], [7, 18], [77, 89], [16, 47], [31, 70], [9, 59], [22, 85], [8, 92], [24, 91], [17, 71], [30, 70], [98, 52], [96, 63], [22, 60], [32, 53], [96, 69], [16, 95], [1, 99], [23, 91], [21, 66], [18, 75], [56, 0], [19, 70], [77, 95], [28, 78], [3, 64], [57, 62], [87, 87], [67, 39], [15, 49], [51, 66], [6, 83], [19, 64], [19, 75], [13, 61], [23, 73], [26, 90], [30, 81], [26, 80], [6, 37], [95, 94], [0, 47], [40, 77], [7, 75], [96, 54], [11, 52], [8, 89], [40, 79], [79, 74], [89, 98], [5, 95], [83, 75], [14, 52], [95, 55], [12, 73], [90, 60], [12, 58], [36, 70], [19, 68], [13, 65], [9, 88], [86, 85], [2, 87], [16, 65], [19, 79], [17, 99], [17, 65], [31, 82], [15, 93], [31, 71], [74, 38], [80, 83], [25, 86], [38, 72], [3, 74], [3, 61], [4, 59], [1, 35], [81, 94], [9, 34], [39, 70], [11, 75], [0, 89], [93, 54], [20, 53], [97, 64], [5, 98], [32, 69], [38, 55], [22, 75], [14, 90], [41, 81], [95, 75], [92, 52], [88, 70], [53, 4], [44, 78], [24, 82], [76, 99], [14, 85], [26, 68], [2, 66], [5, 49], [18, 74], [17, 86], [24, 58], [20, 73], [23, 69], [75, 77], [68, 37], [38, 69], [33, 83], [1, 92], [4, 84], [1, 31], [78, 95], [16, 51], [27, 80], [15, 72], [14, 65], [89, 82], [98, 87], [36, 61], [12, 62], [26, 52], [90, 61], [12, 90], [17, 91], [18, 68], [8, 51], [90, 52], [18, 69], [89, 54], [96, 59], [21, 56], [8, 78], [47, 78], [27, 74], [30, 77], [32, 84], [5, 73], [34, 68], [5, 87], [23, 74], [93, 85], [21, 59], [20, 56], [9, 86], [80, 90], [3, 53], [36, 69], [21, 92], [72, 30], [11, 56], [1, 33], [77, 98], [1, 45], [35, 69], [31, 83], [13, 67], [48, 68], [99, 67], [5, 65], [33, 77], [82, 78], [24, 67], [57, 1], [15, 66], [10, 91], [95, 57], [5, 56], [90, 93], [96, 60], [32, 67], [96, 64], [3, 63], [13, 84], [15, 65], [5, 91], [9, 78], [53, 61], [92, 77], [22, 90], [5, 89], [36, 79], [2, 88], [16, 78], [21, 75], [4, 69], [37, 53], [22, 57], [66, 29], [5, 85], [3, 24], [88, 99], [16, 49], [35, 74], [14, 71], [88, 90], [99, 68], [5, 58], [27, 65], [33, 85], [14, 51], [9, 67], [28, 81], [11, 55], [17, 80], [87, 49], [19, 87], [6, 61], [96, 48], [89, 87], [36, 82], [21, 64], [97, 75], [17, 75], [9, 94], [5, 70], [1, 46], [78, 93], [8, 86], [75, 82], [42, 73], [5, 53], [30, 56], [13, 76], [38, 80], [35, 60], [21, 55], [23, 64], [35, 58], [92, 67], [11, 98], [13, 23], [82, 90], [2, 39], [42, 75], [26, 76], [71, 34], [21, 71], [25, 78], [54, 1], [96, 88], [6, 62], [10, 68], [91, 93], [26, 64], [27, 86], [8, 91], [41, 70], [14, 69], [90, 65], [96, 57], [12, 75], [10, 90], [95, 54], [14, 70], [24, 68], [3, 88], [10, 69], [28, 82], [18, 63], [30, 59], [11, 58], [32, 82], [88, 61], [90, 96], [29, 66], [85, 75], [1, 24], [92, 92], [8, 53], [38, 68], [8, 68], [24, 57], [5, 94], [6, 71], [12, 85], [54, 85], [11, 77], [71, 29], [29, 70], [79, 85], [19, 91], [9, 99], [9, 61], [12, 94], [38, 74], [94, 59], [88, 65], [29, 72], [11, 48], [33, 52], [97, 94], [88, 55], [22, 74], [31, 64], [26, 92], [19, 73], [23, 81], [35, 66], [11, 71], [15, 75], [78, 87], [2, 89], [32, 66], [98, 64], [13, 86], [3, 22], [89, 88], [16, 45], [29, 71], [59, 5], [19, 56], [12, 74], [13, 63], [68, 29], [0, 98], [99, 98], [17, 82], [9, 77], [46, 85], [40, 75], [4, 58], [21, 88], [0, 67], [33, 67], [1, 93], [91, 64], [89, 73], [57, 59], [89, 86], [9, 83], [16, 79], [27, 69], [23, 75], [89, 52], [1, 67], [14, 79], [10, 55], [82, 77], [7, 57], [27, 52], [92, 79], [19, 90], [81, 80], [40, 71], [22, 61], [17, 25], [76, 91], [17, 52], [30, 69], [15, 63], [10, 54], [35, 68], [7, 96], [40, 76], [20, 92], [0, 94], [16, 88], [12, 59], [69, 39], [17, 53], [88, 79], [7, 68], [9, 75], [9, 82], [50, 85], [88, 91], [92, 54], [28, 68], [7, 65], [17, 72], [93, 63], [4, 74], [91, 62], [10, 71], [95, 47], [22, 56], [36, 77], [9, 85], [3, 91], [14, 94], [41, 74], [6, 82], [1, 90], [19, 71], [6, 56], [65, 3], [10, 17], [92, 99], [14, 40], [24, 65], [91, 72], [11, 73], [34, 67], [82, 95], [33, 51], [18, 97], [81, 74], [72, 29], [14, 58], [20, 52], [25, 79], [17, 70], [28, 89], [18, 78], [94, 49], [89, 66], [11, 94], [6, 59], [12, 52], [25, 85], [89, 64], [11, 85], [46, 73], [52, 70], [75, 81], [13, 85], [0, 97], [99, 48], [83, 91], [13, 75], [1, 57], [24, 72], [16, 61], [36, 67], [9, 21], [92, 95], [0, 41], [33, 76], [5, 75], [15, 61], [14, 76], [7, 61], [30, 79], [5, 88], [14, 63], [45, 73], [16, 86], [66, 38], [16, 60], [16, 69], [79, 79], [30, 84], [88, 64], [87, 58], [0, 51], [9, 72], [25, 54], [97, 69], [9, 91], [81, 88], [0, 57], [7, 98], [12, 87], [12, 63], [81, 84], [6, 60], [29, 65], [17, 74], [60, 0], [12, 81], [45, 83], [1, 85], [91, 45], [1, 69], [4, 29], [80, 96], [2, 48], [25, 77], [85, 98], [35, 81], [23, 72], [15, 98], [24, 59], [23, 60], [18, 65], [26, 86], [57, 56], [91, 78], [67, 35], [13, 58], [39, 78], [10, 48], [0, 93], [99, 66], [94, 66], [89, 57], [20, 64], [6, 86], [36, 55], [23, 84], [85, 91], [5, 63], [24, 60], [34, 52], [18, 82], [19, 77], [16, 72], [23, 66], [15, 87], [1, 17], [86, 99], [14, 39], [32, 76], [16, 68], [20, 94], [12, 67], [98, 54], [12, 61], [6, 88], [49, 78], [31, 73], [26, 61], [91, 79], [27, 78], [73, 82], [26, 71], [4, 94], [78, 91], [4, 92], [67, 34], [92, 62], [23, 57], [2, 60], [14, 86], [93, 50], [31, 66], [0, 56], [89, 58], [20, 78], [20, 62], [32, 75], [57, 3], [11, 65], [41, 76], [21, 57], [28, 76], [18, 87], [96, 78], [93, 73], [13, 18], [82, 92], [4, 43], [35, 76], [4, 83], [39, 83], [44, 73], [98, 56], [22, 73], [16, 58], [27, 87], [15, 46], [5, 93], [14, 84], [51, 87], [22, 89], [25, 70], [27, 83], [21, 65], [35, 51], [93, 69], [19, 92], [22, 77], [73, 38], [78, 79], [99, 52], [19, 83], [90, 59], [14, 55], [2, 92], [35, 72], [83, 85], [77, 86], [3, 57], [21, 91], [14, 72], [6, 63], [14, 78], [35, 84], [11, 36], [80, 98], [17, 45], [28, 77], [19, 66], [22, 82], [24, 85], [22, 55], [10, 97], [32, 55], [90, 51], [1, 59], [86, 77], [89, 72], [9, 98], [13, 68], [34, 53], [10, 52], [16, 77], [29, 78], [4, 57], [8, 87], [48, 71], [92, 89], [32, 77], [8, 60], [71, 33], [87, 65], [92, 69], [55, 0], [38, 70], [6, 74], [26, 83], [12, 93], [29, 77], [96, 96], [1, 63], [11, 76], [5, 26], [83, 96], [10, 43], [32, 65], [3, 98], [33, 59], [3, 92], [10, 58], [16, 92], [0, 52], [15, 78], [55, 59], [90, 49], [42, 68], [87, 72], [94, 76], [20, 85], [27, 73], [24, 73], [7, 50], [26, 55], [78, 81], [99, 50], [87, 98], [34, 80], [87, 55], [93, 67], [75, 39], [26, 77], [25, 84], [6, 81], [45, 71], [11, 61], [29, 83], [1, 73], [27, 63], [1, 95], [20, 54], [19, 62], [9, 87], [6, 35], [84, 94], [12, 37], [31, 63], [8, 76], [5, 78], [11, 64], [77, 84], [89, 95], [22, 70], [35, 63], [9, 76], [25, 59], [88, 62], [8, 90], [24, 80], [16, 67], [32, 80], [9, 57], [99, 43], [7, 69], [39, 72], [1, 83], [15, 55], [57, 5], [87, 50], [27, 56], [96, 71], [31, 68], [74, 39], [3, 87], [75, 78], [19, 72], [74, 85], [41, 79], [81, 86], [6, 72], [54, 83], [33, 79], [15, 71], [6, 50], [5, 31], [88, 88], [6, 40], [32, 71], [29, 74], [32, 78], [4, 61], [5, 76], [27, 93], [35, 53], [12, 56], [22, 64], [11, 92], [94, 78], [27, 58], [78, 99], [92, 53], [11, 59], [31, 54], [5, 59], [34, 69], [27, 82], [11, 91], [81, 77], [17, 94], [1, 60], [94, 64], [86, 72], [36, 64], [19, 88], [72, 36], [24, 62], [8, 93], [15, 76], [12, 68], [1, 36], [90, 89], [0, 37], [34, 78], [14, 73], [41, 69], [28, 84], [17, 56], [8, 85], [75, 93], [42, 78], [3, 89], [44, 84], [98, 68], [0, 69], [11, 66], [20, 84], [7, 71], [74, 84], [21, 62], [92, 70], [57, 2], [23, 79], [4, 87], [32, 63], [37, 85], [24, 79], [11, 88], [98, 41], [10, 50], [75, 88], [89, 59], [21, 84], [94, 73], [11, 47], [73, 34], [18, 86], [37, 81], [14, 68], [11, 24], [83, 98], [7, 40], [37, 67], [25, 64], [19, 69], [25, 56], [97, 77], [12, 99], [17, 76], [19, 61], [29, 76], [52, 58], [98, 88], [7, 88], [30, 51], [10, 56], [13, 80], [6, 78], [52, 81], [96, 90], [13, 88], [34, 84], [17, 66], [16, 80], [33, 86], [4, 53], [32, 56], [93, 48], [14, 62], [32, 52], [93, 60], [91, 73], [48, 69], [20, 74], [74, 81], [73, 32], [10, 88], [11, 25], [93, 94], [16, 43], [41, 82], [17, 63], [89, 81], [91, 82], [91, 63], [20, 86], [6, 54], [36, 54], [37, 80], [29, 85], [11, 81], [31, 62], [8, 49], [9, 93], [1, 52], [44, 74], [13, 60], [40, 82], [27, 77], [1, 55], [64, 5], [33, 68], [11, 96], [2, 80], [42, 72], [2, 96], [77, 80], [8, 46], [92, 50], [20, 80], [13, 78], [88, 58], [80, 92], [23, 68], [2, 61], [91, 67], [30, 71], [6, 70], [27, 61], [84, 75], [16, 24], [87, 91], [16, 36], [43, 76], [70, 39], [11, 86], [5, 86], [17, 83], [13, 69], [87, 83], [25, 76], [5, 68], [0, 92], [16, 59], [76, 85], [25, 74], [6, 55], [51, 77], [39, 82], [29, 86], [25, 67], [2, 52], [85, 81], [17, 79], [4, 77], [52, 87], [28, 79], [31, 67], [97, 62], [92, 72], [87, 48], [14, 59], [18, 59], [23, 70], [26, 57], [98, 67], [6, 92], [90, 90], [0, 36], [96, 97], [6, 47], [33, 63], [6, 76], [2, 93], [8, 83], [25, 83], [73, 39], [20, 83], [33, 60], [13, 71], [8, 75], [17, 95], [53, 3], [88, 73], [36, 57], [23, 62], [12, 79], [3, 66], [0, 60], [84, 81], [30, 58], [36, 78], [27, 66], [28, 90], [4, 89], [45, 74], [25, 73], [91, 54], [91, 71], [18, 53], [92, 81], [4, 93], [72, 79], [3, 84], [42, 85], [94, 41], [13, 62], [7, 23], [93, 89], [5, 37], [34, 63], [25, 80], [25, 94], [19, 82], [28, 63], [51, 65], [81, 79], [71, 38], [3, 69], [43, 74], [90, 85], [2, 76], [10, 78], [6, 96], [38, 77], [9, 97], [30, 53], [4, 71], [25, 57], [0, 65], [3, 70], [26, 58], [8, 63], [2, 95], [20, 89], [31, 69], [93, 62], [79, 87], [99, 53], [31, 81], [89, 71], [96, 83], [17, 81], [23, 67], [14, 20], [76, 87], [7, 45], [26, 63], [15, 73], [15, 64], [97, 54], [11, 49], [8, 95], [18, 57], [7, 76], [48, 84], [20, 59], [68, 30], [58, 6], [8, 88], [16, 54], [16, 55], [34, 82], [82, 88], [76, 96], [21, 83], [30, 93], [16, 63], [13, 94], [12, 60], [91, 83], [21, 85], [10, 74], [30, 60], [97, 65], [18, 92], [13, 54], [45, 68], [3, 93], [96, 58], [18, 67], [89, 65], [28, 80], [27, 79], [10, 67], [16, 20], [82, 97], [9, 39], [37, 77], [31, 51], [90, 91], [91, 48], [20, 57], [24, 64], [15, 80], [37, 75], [30, 92], [66, 33], [25, 55], [8, 77], [24, 69], [12, 86], [12, 76], [38, 76], [10, 75], [78, 86], [12, 98], [6, 95], [15, 77], [14, 56], [99, 75], [13, 49], [8, 67], [83, 83], [13, 74], [25, 87], [15, 60], [98, 61], [88, 71], [78, 84], [16, 35], [93, 90], [2, 37], [41, 68], [10, 64], [14, 82], [26, 60], [17, 54], [34, 83], [64, 1], [19, 94], [1, 98], [10, 61], [88, 56], [79, 81], [36, 66], [4, 68], [66, 39], [8, 96], [3, 81], [76, 97], [24, 86], [19, 59], [10, 77], [40, 69], [13, 56], [2, 82], [39, 75], [31, 86], [91, 70], [36, 72], [2, 70], [28, 92], [4, 65], [5, 62], [5, 61], [23, 52], [3, 95], [88, 53], [91, 66], [11, 21], [94, 88], [2, 34], [42, 83], [32, 62], [51, 55], [84, 87], [75, 80], [33, 69], [29, 56], [1, 86], [25, 75], [24, 77], [90, 41], [13, 52], [0, 72], [68, 34], [10, 85], [9, 48], [82, 74], [19, 85], [20, 81], [29, 52], [87, 79], [16, 90], [0, 86], [37, 72], [37, 55], [86, 91], [28, 52], [22, 79], [37, 70], [8, 57], [4, 79], [51, 84], [87, 73], [10, 49], [3, 58], [89, 56], [92, 57], [17, 34], [87, 89], [20, 34], [41, 73], [15, 70], [1, 65], [54, 3], [9, 53], [28, 59], [1, 97], [23, 86], [28, 65], [39, 68], [36, 85], [31, 92], [5, 97], [95, 93], [18, 81], [29, 79], [99, 54], [7, 60], [69, 33], [8, 81], [95, 80], [35, 77], [32, 64], [78, 85], [2, 54], [15, 50], [15, 57], [2, 23], [14, 97], [95, 98], [10, 79], [17, 47], [48, 81], [98, 97], [91, 56], [18, 95], [24, 75], [9, 63], [6, 97], [23, 83], [34, 66], [3, 50], [9, 70], [11, 93], [75, 86], [88, 75], [22, 92], [16, 57], [7, 48], [11, 68], [77, 78], [35, 65], [24, 56], [93, 71], [18, 88], [72, 35], [96, 51], [6, 52], [39, 73], [14, 92], [95, 85], [7, 89], [15, 88], [39, 71], [45, 69], [31, 61], [29, 75], [4, 91], [16, 82], [11, 54], [55, 4], [4, 54], [14, 30], [86, 94], [6, 41], [33, 66], [11, 63], [97, 49], [90, 64], [2, 64], [6, 73], [79, 76], [13, 72], [43, 80], [42, 69], [26, 56], [26, 73], [29, 68], [99, 76], [38, 56], [37, 83], [4, 99], [18, 58], [33, 54], [89, 74], [9, 92], [23, 87], [80, 86], [11, 60], [4, 86], [68, 35], [12, 69], [88, 49], [2, 59], [31, 72], [40, 80], [4, 95], [36, 56], [13, 73], [97, 98], [55, 61], [97, 88], [22, 81], [0, 28], [93, 95], [20, 35], [27, 67], [90, 66], [94, 61], [1, 94], [22, 68], [5, 72], [8, 69], [0, 68], [18, 93], [2, 74], [22, 67], [96, 66], [8, 79], [43, 86], [26, 78], [25, 65], [43, 72], [18, 84], [30, 76], [81, 96], [24, 78], [2, 75], [13, 89], [67, 36], [89, 55], [90, 75], [33, 72], [19, 55], [18, 66], [0, 87], [17, 92], [55, 2], [38, 85], [17, 62], [20, 60], [32, 83], [16, 29], [80, 95], [1, 47], [35, 64], [5, 71], [78, 77], [89, 61], [95, 68], [31, 80], [32, 73], [22, 66], [79, 89], [6, 68], [21, 52], [93, 75], [14, 48], [35, 75], [11, 99], [2, 98], [83, 87], [8, 66], [7, 78], [54, 88], [18, 72], [29, 57], [23, 56], [46, 70], [16, 91], [70, 34], [15, 62], [28, 93], [29, 62], [88, 45], [2, 57], [75, 84], [35, 56], [12, 20], [88, 98], [9, 47], [28, 75], [12, 48], [33, 73], [23, 80], [99, 65], [38, 83], [88, 67], [6, 91], [50, 75], [14, 67], [11, 72], [25, 60], [92, 74], [14, 96], [21, 73], [85, 79], [11, 70], [7, 90], [12, 57], [20, 90], [23, 94], [88, 92], [38, 84], [77, 77], [15, 59], [31, 55], [2, 78], [61, 1], [69, 38], [15, 56], [0, 77], [50, 82], [4, 70], [0, 99], [93, 42], [9, 50], [23, 59], [14, 35], [86, 90], [3, 34], [39, 69], [11, 67], [12, 78], [21, 86], [93, 86], [80, 94], [88, 59], [29, 67], [92, 68], [99, 80], [40, 73], [22, 93], [4, 88], [19, 53], [31, 77], [0, 55], [29, 58], [3, 68], [1, 61], [29, 55], [10, 99], [28, 86], [13, 95], [30, 91], [11, 78], [98, 84], [52, 55], [87, 76], [70, 29], [8, 61], [38, 67], [12, 70], [26, 67], [14, 98], [19, 80], [14, 23], [86, 97], [2, 46], [30, 67], [91, 55], [0, 63], [12, 80], [45, 82], [79, 82], [6, 89], [88, 77], [0, 66], [97, 60], [91, 68], [47, 76], [22, 65], [5, 90], [16, 76], [24, 52], [23, 85], [28, 66], [80, 85], [12, 55], [5, 69], [19, 67], [7, 59], [36, 53], [79, 83], [66, 6], [23, 89], [3, 77], [5, 57], [31, 79], [34, 77], [73, 36], [14, 80], [3, 83], [12, 96], [6, 27], [91, 90], [13, 35], [30, 65], [13, 64], [93, 96], [26, 75], [28, 54], [93, 77], [13, 93], [17, 50], [97, 47], [8, 70], [90, 54], [87, 66], [34, 58], [12, 82], [41, 83], [32, 72], [22, 83], [96, 81], [5, 51], [24, 93], [21, 70], [34, 70], [48, 72], [13, 70], [22, 87], [76, 74], [28, 62], [6, 90], [3, 71], [76, 78], [34, 72], [2, 69], [33, 62], [20, 76], [11, 95], [69, 34], [3, 29], [86, 92], [12, 44], [34, 73], [93, 61], [25, 51], [10, 57], [92, 44], [17, 96], [9, 64], [99, 57], [98, 76], [18, 56], [8, 59], [86, 74], [9, 79], [4, 51], [88, 89], [3, 90], [1, 81], [46, 76], [12, 92], [27, 70], [65, 1], [4, 60], [36, 73], [30, 83], [47, 71], [12, 66], [0, 61], [13, 98], [24, 53], [28, 69], [16, 84], [27, 89], [35, 85], [28, 58], [0, 54], [21, 79], [84, 77], [84, 93], [92, 78], [12, 21], [79, 96], [15, 44], [40, 68], [11, 74], [10, 95], [66, 34], [31, 76], [76, 86], [44, 75], [90, 55], [91, 75], [36, 51], [98, 44], [2, 56], [22, 80], [9, 68], [24, 83], [28, 74], [20, 61], [16, 83], [12, 95], [90, 92], [6, 87], [48, 85], [21, 89], [9, 56], [19, 60], [2, 84], [51, 64], [77, 75], [32, 86], [14, 49], [4, 76], [30, 62], [34, 54], [99, 72], [14, 99], [18, 70], [8, 20], [77, 87], [3, 54], [41, 72], [3, 75], [36, 71], [18, 77], [73, 33], [0, 64], [86, 83], [95, 66], [35, 78], [95, 69], [90, 50], [6, 49], [2, 94], [15, 95], [30, 80], [26, 70], [9, 89], [35, 83], [66, 1], [94, 92], [28, 51], [73, 87], [14, 75], [25, 93], [9, 55], [7, 64], [86, 78], [11, 87], [47, 84], [51, 71], [99, 83], [18, 73], [23, 77], [9, 74], [24, 74], [4, 28], [80, 97], [3, 42], [38, 63], [7, 63], [25, 58], [30, 86], [3, 99], [47, 74], [15, 92], [71, 32], [26, 59], [98, 51], [86, 73], [13, 53], [12, 91], [82, 89], [13, 97], [18, 91], [25, 71], [7, 67], [16, 64], [91, 51], [6, 66], [86, 96], [29, 61], [89, 80], [1, 88], [35, 59], [3, 72], [30, 55], [29, 90], [3, 78], [18, 55], [35, 73], [15, 90], [12, 27], [76, 94], [15, 45], [35, 79], [17, 51], [3, 60], [7, 72], [41, 75], [34, 85], [86, 71], [29, 73], [78, 80], [15, 81], [97, 93], [0, 95], [72, 37], [27, 54], [95, 52], [39, 80], [91, 59], [54, 5], [8, 72], [7, 95], [46, 78], [99, 45], [8, 62], [12, 71], [21, 78], [14, 50], [35, 82], [31, 58], [29, 54], [85, 80], [17, 97], [21, 80], [77, 94], [30, 72], [87, 77], [9, 58], [2, 85], [5, 28], [78, 97], [15, 51], [43, 71], [7, 73], [10, 98], [34, 61], [12, 54], [4, 90], [37, 78], [1, 62], [16, 74], [10, 51], [6, 79], [52, 86], [23, 82], [22, 76], [70, 33], [93, 66], [95, 71], [25, 91], [97, 87], [57, 57], [90, 58], [47, 69], [82, 80], [96, 76], [24, 76], [39, 74], [38, 57], [4, 48], [20, 65], [78, 82], [97, 48], [22, 78], [6, 48], [13, 77], [2, 71], [5, 96], [26, 53], [7, 97], [3, 28], [79, 97], [5, 39], [42, 71], [5, 81], [10, 59], [87, 80], [40, 81], [21, 93], [27, 94], [1, 51], [48, 77], [63, 1], [95, 64], [92, 63], [71, 36], [13, 81], [26, 84], [80, 87], [4, 85], [44, 76], [6, 45], [15, 89], [16, 81], [10, 63], [38, 52], [33, 64], [4, 97], [90, 67], [94, 83], [99, 51], [1, 71], [22, 54], [7, 85], [24, 84], [23, 61], [21, 74], [4, 25], [89, 93], [4, 36], [43, 68], [14, 74], [26, 81], [3, 86], [11, 62], [2, 68], [26, 89], [7, 51], [77, 82], [84, 86], [28, 85], [10, 83], [20, 68], [76, 93], [89, 60], [18, 76], [94, 65], [66, 35], [30, 73], [9, 80], [28, 55], [97, 63], [5, 92], [36, 75], [23, 65], [14, 93], [6, 80], [41, 77], [0, 91], [7, 52], [24, 90], [13, 55], [87, 42], [1, 48], [50, 71], [37, 68], [11, 84], [11, 28], [77, 93], [13, 40], [30, 78], [83, 80], [99, 89], [15, 82], [27, 62], [45, 76], [25, 63], [14, 57], [52, 1], [33, 78], [4, 52], [26, 87], [94, 62], [37, 58], [6, 64], [93, 64], [28, 73], [10, 60], [30, 52], [83, 74], [70, 37], [8, 97], [89, 94], [8, 99], [25, 61], [72, 87], [26, 82], [78, 90], [36, 63], [3, 85], [50, 70], [31, 78], [92, 43], [24, 70], [11, 69], [8, 98], [2, 28], [95, 91], [2, 51], [27, 81], [5, 64], [23, 93], [27, 75], [2, 73], [5, 79], [22, 91], [37, 56], [11, 80], [11, 57], [95, 96], [30, 61], [16, 52], [9, 84], [17, 55], [90, 62], [97, 74], [95, 78], [13, 99], [2, 65], [51, 57], [99, 82], [72, 39], [5, 46], [50, 69], [28, 91], [0, 59], [31, 57], [16, 56], [21, 90], [35, 86], [97, 82], [34, 79], [10, 25], [85, 90], [19, 36], [30, 63], [99, 49], [18, 64], [10, 96], [10, 84], [51, 72], [54, 4], [12, 88], [33, 65], [1, 58], [20, 63], [81, 85], [31, 93], [1, 89], [4, 55], [80, 84], [27, 64], [29, 60], [85, 78], [16, 99], [5, 74], [90, 57], [87, 64], [37, 79], [94, 93], [4, 64], [44, 70], [19, 86], [66, 32], [16, 71], [28, 61], [10, 93], [27, 76], [11, 46], [33, 75], [21, 72], [11, 17], [96, 95], [9, 49], [42, 82], [10, 65], [26, 54], [12, 53], [36, 76], [89, 49], [80, 74], [20, 72], [23, 54], [6, 93], [5, 82], [91, 86], [46, 69], [3, 82], [37, 71], [88, 81], [17, 89], [0, 58], [0, 48], [5, 83], [96, 65], [94, 72], [28, 67], [14, 88], [23, 58], [20, 75], [15, 48], [1, 54], [70, 31], [70, 78], [16, 94], [35, 55], [99, 84], [35, 61], [17, 64], [79, 86], [5, 17], [91, 96], [8, 44], [37, 69], [59, 0], [3, 46], [33, 82], [12, 89], [19, 74], [36, 84], [26, 91], [2, 91], [33, 71], [36, 80], [92, 47], [22, 58], [10, 81], [82, 76], [0, 74], [0, 75], [54, 79], [81, 83], [98, 59], [22, 86], [9, 62], [34, 81], [87, 69], [6, 69], [2, 67], [83, 86], [16, 53], [68, 31], [3, 49], [27, 88], [10, 89], [24, 88], [52, 68], [13, 91], [17, 84], [18, 52], [14, 31], [92, 93], [16, 40], [28, 72], [5, 77], [47, 68], [21, 58], [87, 94], [7, 56], [27, 51], [92, 64], [10, 92], [72, 81], [10, 53], [7, 82], [99, 58], [3, 67], [29, 80], [36, 83], [16, 62], [27, 90], [55, 58], [90, 84], [92, 56], [89, 70], [9, 90], [28, 60], [6, 58], [28, 94], [8, 55], [10, 80], [48, 76], [29, 81], [17, 78], [75, 94], [0, 88], [67, 29], [34, 71], [24, 71], [10, 66], [60, 6], [10, 31], [83, 95], [16, 41], [34, 75], [29, 87], [98, 70], [27, 85], [0, 83], [89, 90], [6, 57], [3, 80], [13, 83], [17, 60], [16, 98], [26, 66], [23, 53], [95, 46], [21, 60], [76, 90], [33, 56], [3, 48], [27, 71], [94, 55], [85, 71], [51, 68], [16, 97], [3, 55], [6, 85], [29, 89], [37, 63], [79, 78], [75, 38], [31, 56], [4, 80], [48, 79], [5, 54], [0, 85], [8, 74], [3, 37], [87, 99], [18, 36], [40, 78], [7, 77], [96, 74], [81, 92], [32, 85], [96, 73], [19, 84], [8, 50], [37, 66], [18, 54], [40, 85], [17, 93], [8, 73], [9, 81], [99, 44], [7, 55], [1, 91], [1, 75], [92, 55], [94, 63], [46, 74], [26, 62], [5, 99], [39, 79], [37, 62], [88, 97], [3, 56], [7, 46], [89, 85], [54, 2], [25, 88], [15, 84], [69, 37], [17, 87], [12, 35], [93, 97], [14, 53], [43, 81], [29, 64], [31, 53], [85, 72], [15, 96], [5, 52], [25, 52], [5, 80], [51, 85], [20, 58], [14, 54], [50, 76], [74, 86], [0, 96], [80, 77], [9, 54], [4, 78], [7, 92], [98, 45], [16, 89], [26, 65], [95, 48], [95, 83], [37, 57], [5, 50], [89, 75], [17, 85], [25, 81], [4, 62], [38, 86], [24, 55], [0, 53], [36, 81], [23, 55], [8, 48], [95, 73], [79, 88], [3, 36], [92, 91], [17, 39], [42, 76], [10, 76], [2, 90], [68, 39], [36, 74], [37, 51], [16, 50], [20, 66], [19, 89], [2, 99], [0, 81], [49, 77], [29, 94], [52, 57], [87, 84], [7, 80], [14, 91], [9, 52], [14, 83], [17, 48], [98, 83], [90, 63], [31, 85], [94, 74], [90, 45], [8, 52], [3, 94], [6, 77], [66, 7], [36, 59], [81, 75], [15, 86], [1, 72], [88, 68], [42, 77], [36, 62], [36, 68], [1, 30], [96, 99], [13, 39], [39, 77], [44, 72], [15, 99], [67, 37], [22, 63], [0, 73], [93, 91], [1, 87], [2, 45], [7, 62], [78, 78], [30, 66], [15, 83], [32, 59], [4, 73], [18, 85], [14, 89], [1, 77], [48, 73], [41, 80], [28, 53], [92, 66], [96, 62], [97, 56], [0, 50], [11, 51], [12, 49], [34, 86], [31, 59], [33, 53], [97, 78], [14, 95], [40, 84], [81, 90], [84, 89], [1, 64], [7, 25], [87, 97], [9, 37], [43, 75], [2, 79], [12, 97], [14, 87], [23, 90], [41, 86], [66, 31], [31, 75], [14, 81], [9, 51], [29, 59], [72, 84], [10, 82], [4, 47], [1, 56], [34, 55], [4, 82], [94, 95], [16, 87], [47, 73], [63, 3], [89, 50], [87, 60], [93, 70], [0, 82], [52, 71], [24, 92], [37, 52], [34, 56], [15, 85], [85, 77], [89, 45], [8, 54], [2, 81], [11, 79], [16, 23], [92, 97], [17, 43], [42, 74], [0, 71], [13, 47], [11, 53], [38, 79], [75, 92], [30, 85], [73, 31], [38, 60], [18, 94], [40, 83], [34, 62], [30, 90], [31, 89], [19, 54], [1, 82], [98, 77], [2, 77], [7, 81], [44, 71], [15, 52], [2, 49], [87, 51], [37, 61], [87, 61], [3, 51], [96, 79], [15, 97], [85, 86], [76, 82], [1, 76], [46, 86], [98, 50], [21, 53], [9, 33], [88, 87], [12, 38], [34, 65], [0, 78], [18, 90], [34, 76], [18, 98], [25, 53], [1, 68], [37, 65], [35, 57], [1, 79], [51, 61], [83, 81], [73, 35], [8, 47], [49, 72], [1, 53], [41, 78], [78, 89], [1, 49], [63, 5], [20, 87], [34, 59], [16, 93], [15, 94], [33, 81], [32, 54], [88, 66], [19, 93], [92, 65], [87, 75], [37, 82], [27, 91], [27, 53], [0, 79], [30, 89], [17, 49], [4, 33], [84, 98], [7, 38], [42, 80], [35, 52], [15, 53], [91, 53], [94, 77], [36, 65], [16, 48], [78, 83], [0, 80], [43, 79], [0, 76], [33, 58], [28, 87], [70, 38], [73, 78], [29, 51], [10, 47], [38, 58], [18, 96], [21, 87], [1, 80], [37, 86], [12, 50], [23, 88], [91, 80], [21, 54], [94, 85], [91, 50], [29, 88], [93, 65], [36, 86], [95, 92], [34, 57], [31, 87], [45, 75], [37, 64], [9, 29], [90, 97], [7, 36], [43, 77], [1, 78], [46, 72], [2, 50], [18, 99], [14, 46], [94, 53], [7, 49], [24, 94], [5, 48], [22, 94], [13, 48], [25, 89], [50, 77], [39, 86], [35, 54], [88, 96], [24, 89], [67, 31], [37, 60], [52, 2], [26, 88], [98, 66], [31, 88], [98, 89], [26, 94], [36, 58], [4, 49], [3, 47], [39, 85], [99, 60], [94, 69], [38, 62], [73, 83], [33, 61], [12, 47], [24, 87], [2, 18], [82, 93], [4, 45], [43, 70], [99, 88], [30, 87], [29, 93], [98, 46], [15, 47], [26, 93], [26, 51], [37, 59], [5, 43], [2, 47], [99, 71], [28, 88], [70, 32], [34, 64], [33, 55], [84, 78], [29, 91], [31, 52], [33, 57], [47, 77], [14, 47], [43, 69], [31, 90], [93, 84], [30, 94], [31, 94], [88, 48], [38, 59], [7, 44], [91, 74], [29, 92], [41, 85], [41, 84], [11, 45], [3, 32], [78, 92], [6, 34], [43, 78], [31, 91], [38, 53], [42, 81], [42, 79], [56, 57], [85, 89], [13, 44], [38, 61], [99, 78], [42, 86], [97, 46], [2, 44], [45, 80], [65, 0], [38, 54], [78, 76], [42, 84], [5, 45], [93, 76], [47, 70], [44, 77], [74, 37], [16, 46], [6, 46], [13, 46], [37, 54], [38, 51], [13, 45], [52, 84], [99, 55], [96, 70], [9, 44], [3, 43], [44, 79], [82, 94], [90, 76], [15, 19], [83, 92], [16, 38], [43, 83], [52, 65], [44, 86], [48, 89], [44, 83], [43, 84], [45, 77], [0, 46], [3, 45], [17, 44], [44, 81], [49, 68], [98, 79], [93, 57], [8, 45], [5, 44], [8, 43], [43, 85], [98, 81], [69, 29], [44, 68], [44, 69], [45, 85], [95, 81], [48, 86], [9, 46], [9, 43], [14, 45], [98, 57], [97, 72], [49, 70], [80, 78], [10, 44], [46, 83], [11, 44], [9, 24], [87, 95], [1, 42], [46, 75], [11, 42], [48, 90], [44, 85], [45, 81], [16, 44], [6, 43], [44, 82], [86, 93], [62, 6], [49, 91], [4, 46], [17, 40], [97, 67], [47, 86], [45, 86], [12, 45], [98, 58], [93, 83], [45, 84], [6, 44], [0, 44], [69, 32], [24, 36], [54, 60], [44, 80], [0, 42], [7, 42], [86, 95], [96, 53], [48, 82], [96, 68], [46, 80], [13, 43], [47, 81], [48, 70], [45, 72], [3, 31], [93, 99], [1, 34], [46, 84], [46, 68], [2, 43], [10, 45], [3, 44], [49, 86], [4, 44], [53, 80], [46, 82], [82, 81], [98, 72], [46, 71], [49, 82], [76, 79], [47, 79], [1, 44], [89, 91], [50, 81], [48, 87], [94, 54], [14, 44], [54, 57], [14, 43], [13, 41], [47, 83], [67, 30], [46, 77], [11, 43], [52, 88], [48, 75], [87, 63], [51, 82], [97, 68], [10, 34], [80, 99], [15, 41], [46, 81], [8, 42], [49, 92], [53, 62], [89, 77], [12, 43], [88, 93], [9, 41], [62, 0], [49, 75], [85, 74], [47, 85], [1, 43], [7, 41], [49, 80], [51, 56], [51, 88], [53, 79], [0, 40], [48, 78], [48, 94], [11, 40], [15, 43], [51, 67], [92, 42], [2, 41], [0, 43], [2, 42], [48, 83], [83, 97], [73, 30], [50, 74], [48, 93], [85, 82], [48, 91], [17, 42], [97, 50], [90, 71], [78, 88], [4, 18], [86, 89], [11, 41], [46, 79], [48, 80], [1, 41], [15, 42], [93, 80], [55, 82], [0, 39], [50, 94], [5, 42], [20, 36], [53, 85], [13, 42], [83, 77], [48, 88], [8, 41], [49, 83], [49, 74], [14, 37], [6, 42], [8, 32], [51, 74], [77, 74], [48, 92], [51, 62], [3, 39], [50, 88], [88, 52], [12, 40], [8, 40], [72, 33], [53, 56], [48, 74], [97, 66], [92, 61], [3, 18], [87, 96], [0, 35], [50, 79], [5, 41], [10, 42], [88, 82], [59, 2], [49, 73], [90, 69], [12, 42], [51, 79], [52, 76], [49, 88], [15, 39], [16, 42], [51, 76], [2, 38], [50, 84], [85, 76], [76, 75], [50, 91], [50, 68], [53, 65], [50, 87], [14, 42], [94, 89], [49, 79], [9, 38], [12, 41], [11, 35], [52, 73], [49, 90], [6, 39], [97, 53], [15, 38], [2, 36], [71, 39], [9, 42], [88, 60], [91, 57], [11, 23], [91, 92], [18, 35], [49, 71], [94, 79], [51, 73], [52, 85], [55, 66], [4, 39], [97, 89], [49, 76], [51, 53], [10, 40], [76, 77], [49, 93], [17, 41], [8, 39], [4, 40], [49, 69], [56, 1], [11, 39], [72, 5], [90, 39], [1, 6], [72, 80], [9, 26], [70, 23], [74, 9], [64, 3], [2, 32], [53, 87], [4, 20], [69, 14], [18, 29], [52, 72], [56, 68], [74, 90], [72, 86], [50, 4], [5, 18], [7, 12], [98, 91], [2, 22], [54, 63], [16, 2], [35, 5], [97, 57], [80, 79], [99, 32], [15, 4], [14, 4], [14, 17], [92, 41], [70, 3], [47, 5], [3, 27], [71, 6], [68, 33], [12, 6], [2, 33], [87, 81], [52, 82], [12, 31], [5, 29], [68, 8], [10, 9], [51, 92], [2, 5], [92, 11], [97, 3], [37, 3], [67, 22], [70, 19], [99, 79], [16, 28], [13, 11], [5, 13], [12, 15], [81, 89], [67, 2], [3, 12], [93, 20], [94, 60], [99, 36], [93, 40], [95, 11], [0, 3], [51, 81], [2, 10], [98, 92], [8, 35], [93, 13], [75, 87], [73, 74], [10, 26], [53, 81], [67, 14], [10, 22], [73, 92], [7, 26], [13, 6], [95, 50], [59, 4], [6, 33], [72, 23], [13, 24], [96, 82], [97, 42], [11, 20], [45, 2], [14, 5], [65, 4], [8, 16], [57, 63], [0, 10], [95, 86], [68, 2], [17, 31], [17, 23], [89, 19], [16, 30], [68, 6], [46, 6], [63, 6], [64, 0], [95, 8], [67, 18], [54, 92], [14, 38], [40, 3], [51, 3], [93, 39], [17, 37], [1, 40], [72, 9], [49, 94], [93, 38], [67, 0], [9, 8], [45, 0], [67, 19], [75, 1], [99, 4], [88, 40], [56, 58], [14, 8], [15, 10], [70, 6], [55, 60], [52, 93], [0, 9], [98, 12], [1, 7], [98, 48], [91, 39], [68, 18], [84, 91], [69, 27], [94, 71], [9, 25], [13, 15], [81, 87], [3, 20], [68, 15], [97, 20], [21, 29], [38, 6], [62, 2], [71, 4], [3, 25], [69, 12], [99, 56], [90, 68], [87, 43], [88, 41], [98, 19], [93, 17], [58, 59], [2, 31], [58, 2], [99, 11], [68, 28], [52, 54], [8, 26], [2, 14], [2, 16], [58, 62], [7, 34], [3, 35], [98, 96], [73, 11], [9, 6], [93, 79], [5, 32], [96, 45], [39, 4], [83, 94], [95, 84], [23, 35], [40, 0], [14, 13], [14, 3], [87, 90], [99, 27], [1, 15], [53, 0], [24, 34], [13, 25], [90, 70], [23, 33], [15, 3], [7, 3], [2, 35], [82, 83], [65, 5], [86, 87], [94, 46], [95, 62], [71, 13], [72, 97], [4, 38], [12, 3], [92, 84], [53, 67], [98, 0], [75, 9], [6, 18], [6, 1], [19, 32], [8, 4], [95, 5], [89, 13], [17, 28], [74, 89], [92, 98], [98, 53], [72, 19], [55, 94], [49, 1], [57, 58], [48, 6], [56, 3], [22, 33], [81, 99], [70, 8], [41, 1], [16, 3], [14, 14], [57, 52], [16, 32], [93, 9], [84, 96], [47, 4], [37, 4], [92, 80], [69, 2], [41, 4], [50, 89], [21, 31], [2, 9], [73, 90], [55, 89], [85, 92], [67, 21], [20, 30], [69, 21], [71, 14], [10, 8], [58, 58], [55, 56], [5, 21], [70, 2], [48, 2], [91, 40], [98, 65], [71, 0], [69, 24], [56, 55], [7, 37], [62, 3], [96, 38], [49, 2], [99, 16], [6, 6], [94, 86], [69, 17], [6, 38], [8, 19], [11, 38], [8, 1], [6, 32], [13, 2], [55, 51], [76, 98], [99, 94], [56, 52], [17, 12], [72, 20], [53, 2], [73, 8], [99, 74], [83, 93], [53, 94], [4, 16], [96, 39], [82, 91], [90, 14], [90, 95], [11, 15], [96, 46], [97, 19], [74, 1], [88, 50], [14, 16], [4, 19], [49, 81], [93, 15], [0, 22], [93, 72], [54, 82], [99, 9], [11, 26], [91, 89], [96, 3], [93, 56], [22, 34], [17, 22], [72, 27], [13, 8], [74, 79], [50, 0], [3, 26], [52, 90], [7, 39], [11, 10], [71, 9], [94, 57], [72, 13], [82, 99], [78, 94], [89, 11], [72, 95], [53, 60], [92, 83], [56, 59], [15, 0], [86, 80], [36, 6], [52, 80], [77, 88], [67, 8], [95, 18], [6, 15], [46, 3], [70, 36], [89, 62], [69, 10], [68, 11], [71, 8], [23, 31], [74, 14], [62, 1], [5, 22], [95, 63], [78, 0], [97, 7], [98, 3], [92, 10], [6, 36], [73, 95], [61, 78], [53, 91], [91, 16], [53, 66], [99, 7], [52, 53], [51, 89], [55, 87], [89, 39], [95, 70], [0, 20], [0, 23], [75, 18], [3, 9], [99, 46], [5, 9], [55, 63], [90, 48], [74, 10], [70, 27], [12, 23], [11, 6], [51, 83], [75, 5], [72, 78], [98, 86], [89, 18], [99, 97], [94, 68], [75, 83], [5, 6], [3, 33], [6, 9], [7, 27], [96, 61], [94, 43], [15, 9], [43, 3], [8, 11], [6, 21], [11, 12], [42, 0], [13, 1], [7, 31], [75, 7], [1, 11], [90, 38], [55, 88], [16, 37], [50, 72], [38, 1], [74, 75], [99, 20], [5, 10], [95, 97], [72, 11], [50, 93], [87, 57], [55, 5], [71, 27], [16, 5], [98, 78], [54, 61], [40, 6], [90, 10], [56, 4], [14, 0], [90, 15], [74, 7], [93, 14], [1, 8], [74, 3], [5, 14], [99, 96], [7, 35], [12, 14], [12, 25], [97, 40], [73, 94], [95, 87], [91, 15], [6, 13], [73, 86], [17, 21], [79, 94], [99, 25], [9, 27], [91, 14], [70, 9], [86, 76], [77, 96], [61, 0], [61, 2], [76, 83], [76, 80], [8, 31], [74, 76], [91, 95], [6, 25], [76, 89], [87, 88], [75, 96], [71, 28], [54, 66], [90, 44], [97, 90], [15, 35], [51, 94], [56, 2], [94, 17], [97, 86], [78, 1], [56, 53], [2, 12], [93, 78], [56, 65], [91, 42], [11, 14], [14, 15], [63, 2], [91, 77], [95, 12], [73, 88], [7, 20], [9, 19], [37, 0], [79, 98], [98, 63], [67, 24], [64, 4], [67, 5], [19, 34], [53, 5], [56, 64], [14, 36], [90, 19], [90, 12], [75, 15], [95, 43], [60, 1], [90, 88], [15, 26], [15, 11], [6, 19], [10, 35], [55, 85], [73, 22], [74, 99], [66, 0], [4, 22], [91, 10], [98, 6], [15, 17], [90, 46], [87, 62], [98, 93], [76, 88], [98, 38], [11, 7], [90, 87], [97, 97], [9, 40], [90, 40], [8, 6], [84, 92], [66, 27], [7, 14], [92, 86], [8, 34], [99, 31], [71, 16], [96, 42], [74, 98], [53, 59], [82, 98], [51, 52], [67, 20], [12, 30], [73, 99], [92, 49], [4, 11], [89, 16], [38, 4], [96, 20], [9, 35], [98, 95], [96, 40], [69, 8], [94, 8], [50, 83], [54, 91], [92, 17], [93, 45], [72, 0], [57, 4], [66, 4], [11, 2], [64, 78], [0, 31], [53, 54], [74, 15], [0, 12], [75, 85], [99, 14], [54, 62], [68, 26], [90, 81], [99, 2], [73, 3], [69, 30], [15, 30], [70, 22], [6, 5], [9, 0], [4, 14], [53, 82], [9, 15], [1, 32], [72, 21], [71, 25], [5, 36], [57, 61], [69, 15], [96, 84], [5, 15], [3, 21], [88, 94], [4, 13], [75, 20], [91, 8], [87, 52], [23, 29], [72, 10], [63, 0], [92, 45], [98, 9], [95, 14], [3, 11], [49, 85], [99, 37], [88, 43], [6, 23], [10, 19], [70, 21], [4, 5], [93, 55], [58, 66], [54, 80], [6, 17], [93, 52], [17, 35], [75, 2], [92, 88], [74, 2], [72, 99], [98, 94], [95, 95], [95, 0], [71, 37], [7, 11], [98, 8], [54, 81], [54, 59], [91, 85], [48, 4], [12, 5], [71, 19], [68, 38], [13, 30], [54, 96], [52, 67], [88, 51], [84, 99], [54, 90], [93, 82], [52, 56], [3, 17], [70, 1], [72, 7], [2, 1], [72, 22], [67, 4], [73, 93], [0, 33], [53, 52], [99, 23], [0, 6], [36, 1], [62, 5], [99, 61], [92, 40], [9, 9], [55, 91], [70, 4], [42, 6], [84, 74], [94, 80], [71, 20], [23, 30], [16, 22], [58, 54], [75, 8], [40, 5], [8, 27], [72, 15], [15, 22], [4, 41], [14, 7], [90, 17], [44, 5], [13, 13], [94, 16], [58, 68], [1, 5], [53, 88], [1, 9], [68, 5], [0, 11], [48, 1], [65, 78], [8, 10], [53, 90], [90, 83], [91, 47], [3, 19], [55, 84], [15, 7], [5, 12], [73, 81], [2, 20], [15, 33], [2, 40], [1, 1], [91, 38], [97, 76], [14, 34], [2, 4], [14, 11], [82, 85], [44, 6], [70, 7], [10, 1], [88, 86], [71, 22], [15, 25], [2, 2], [90, 42], [67, 1], [77, 76], [71, 1], [55, 54], [97, 96], [74, 97], [73, 77], [9, 10], [84, 84], [69, 31], [73, 19], [67, 6], [99, 90], [12, 2], [13, 3], [96, 72], [5, 40], [89, 84], [67, 28], [11, 4], [88, 63], [6, 28], [95, 20], [73, 75], [58, 67], [93, 37], [87, 67], [80, 0], [75, 75], [72, 28], [68, 4], [74, 88], [94, 51], [97, 0], [41, 0], [91, 17], [16, 8], [95, 88], [72, 85], [74, 93], [3, 16], [10, 23], [55, 86], [73, 26], [90, 47], [91, 61], [91, 12], [86, 88], [5, 27], [4, 26], [7, 16], [82, 84], [72, 96], [88, 78], [58, 63], [75, 6], [94, 20], [16, 19], [98, 60], [51, 93], [75, 95], [3, 15], [3, 23], [99, 73], [77, 97], [97, 38], [89, 63], [4, 27], [11, 29], [96, 92], [8, 7], [51, 2], [91, 84], [92, 12], [0, 29], [17, 30], [3, 5], [99, 19], [61, 6], [36, 4], [3, 41], [77, 99], [1, 4], [53, 58], [7, 13], [92, 46], [96, 2], [42, 5], [59, 78], [1, 16], [48, 3], [74, 74], [96, 47], [73, 28], [89, 78], [76, 2], [92, 60], [74, 19], [10, 11], [58, 0], [14, 25], [74, 8], [56, 56], [50, 90], [18, 34], [92, 14], [97, 99], [55, 53], [5, 34], [1, 29], [89, 14], [99, 3], [92, 20], [52, 83], [1, 22], [90, 53], [92, 9], [16, 26], [97, 37], [68, 22], [58, 55], [55, 97], [84, 90], [73, 9], [74, 96], [94, 15], [98, 14], [96, 10], [73, 91], [90, 77], [5, 38], [3, 13], [42, 1], [9, 1], [83, 88], [87, 86], [6, 26], [55, 92], [63, 4], [13, 38], [13, 31], [55, 68], [96, 15], [15, 16], [53, 93], [66, 25], [67, 16], [44, 3], [58, 52], [17, 36], [97, 44], [6, 24], [73, 15], [94, 12], [73, 21], [99, 12], [11, 16], [91, 11], [87, 78], [10, 15], [1, 20], [64, 6], [69, 19], [72, 92], [71, 31], [95, 61], [6, 10], [96, 86], [3, 0], [84, 76], [80, 2], [51, 59], [43, 5], [92, 82], [7, 29], [37, 6], [59, 6], [61, 3], [1, 26], [54, 52], [99, 34], [66, 2], [75, 90], [52, 59], [5, 11], [99, 87], [5, 35], [97, 15], [5, 30], [53, 68], [15, 32], [51, 86], [17, 0], [57, 66], [96, 18], [15, 21], [93, 53], [10, 10], [88, 76], [4, 21], [51, 91], [46, 4], [97, 18], [19, 35], [4, 8], [89, 42], [16, 18], [52, 0], [7, 9], [41, 6], [89, 43], [7, 22], [93, 93], [56, 67], [54, 0], [99, 38], [93, 92], [99, 6], [66, 28], [6, 30], [91, 60], [4, 7], [94, 9], [85, 95], [97, 92], [87, 45], [98, 43], [54, 64], [93, 58], [50, 73], [8, 25], [54, 98], [94, 42], [85, 84], [2, 7], [49, 89], [12, 13], [99, 13], [19, 33], [92, 51], [56, 60], [54, 99], [83, 79], [55, 99], [74, 94], [49, 6], [8, 0], [74, 20], [40, 4], [94, 58], [14, 28], [9, 11], [93, 59], [95, 38], [91, 97], [68, 13], [13, 7], [68, 1], [57, 53], [16, 16], [51, 80], [7, 30], [52, 64], [93, 8], [12, 32], [89, 37], [46, 5], [8, 15], [0, 32], [58, 65], [84, 79], [41, 2], [38, 0], [71, 26], [95, 65], [55, 96], [70, 28], [9, 30], [6, 22], [89, 69], [7, 0], [88, 95], [96, 16], [97, 39], [6, 16], [99, 21], [85, 83], [94, 67], [55, 78], [89, 20], [9, 5], [66, 5], [55, 62], [54, 87], [68, 19], [53, 55], [93, 98], [72, 32], [89, 10], [87, 82], [17, 13], [52, 69], [73, 20], [43, 6], [46, 2], [4, 32], [50, 86], [55, 55], [7, 7], [90, 9], [53, 89], [39, 6], [70, 16], [94, 99], [41, 5], [76, 76], [73, 84], [81, 76], [10, 6], [95, 56], [54, 97], [5, 20], [77, 1], [95, 44], [12, 33], [2, 30], [95, 17], [70, 5], [94, 39], [96, 13], [71, 24], [67, 12], [17, 14], [21, 34], [95, 79], [92, 73], [9, 31], [7, 10], [15, 27], [50, 78], [84, 97], [53, 51], [94, 50], [1, 0], [96, 87], [98, 98], [91, 44], [69, 1], [57, 60], [38, 3], [1, 12], [88, 85], [69, 22], [16, 6], [97, 1], [10, 18], [0, 17], [6, 31], [3, 40], [76, 0], [2, 29], [12, 8], [51, 5], [47, 6], [93, 47], [2, 0], [17, 33], [50, 92], [68, 78], [8, 17], [10, 16], [53, 84], [98, 40], [52, 74], [10, 5], [54, 51], [89, 44], [98, 13], [76, 95], [4, 17], [72, 91], [13, 0], [1, 38], [57, 51], [40, 1], [72, 2], [14, 19], [98, 11], [1, 27], [86, 86], [97, 84], [99, 77], [72, 14], [60, 78], [73, 25], [81, 91], [56, 78], [10, 39], [12, 10], [0, 18], [97, 12], [10, 27], [13, 17], [49, 84], [13, 4], [0, 19], [96, 41], [69, 36], [58, 3], [67, 23], [4, 34], [23, 34], [73, 89], [9, 32], [99, 18], [98, 74], [6, 2], [10, 4], [69, 18], [95, 7], [72, 93], [72, 26], [51, 0], [94, 94], [18, 33], [11, 0], [86, 79], [24, 33], [74, 5], [91, 58], [55, 57], [16, 25], [99, 59], [37, 1], [71, 18], [93, 46], [77, 2], [1, 13], [9, 17], [99, 8], [72, 8], [95, 77], [52, 63], [99, 85], [73, 7], [89, 97], [17, 6], [52, 89], [95, 6], [54, 58], [75, 97], [91, 49], [48, 0], [94, 14], [92, 15], [89, 41], [50, 1], [69, 13], [94, 40], [94, 37], [99, 22], [6, 12], [75, 89], [0, 24], [17, 18], [12, 22], [68, 0], [57, 55], [69, 0], [5, 4], [98, 2], [21, 32], [76, 81], [24, 29], [10, 21], [12, 11], [98, 5], [83, 89], [12, 34], [91, 69], [4, 9], [71, 12], [0, 16], [11, 11], [1, 28], [95, 60], [8, 18], [99, 35], [87, 85], [20, 29], [14, 18], [35, 6], [85, 99], [97, 10], [74, 87], [5, 7], [97, 14], [16, 27], [8, 3], [12, 24], [68, 23], [15, 12], [97, 45], [97, 5], [8, 8], [54, 89], [15, 24], [99, 70], [58, 53], [69, 6], [0, 26], [99, 91], [67, 33], [9, 28], [89, 8], [79, 84], [12, 39], [49, 87], [56, 62], [9, 7], [70, 14], [95, 37], [91, 81], [57, 78], [47, 1], [51, 54], [90, 80], [24, 32], [89, 96], [99, 15], [22, 31], [2, 21], [73, 1], [13, 36], [94, 45], [51, 1], [97, 73], [1, 3], [3, 30], [85, 93], [12, 36], [68, 20], [95, 3], [5, 5], [74, 11], [13, 5], [75, 0], [99, 69], [6, 29], [74, 95], [8, 29], [5, 33], [18, 30], [66, 30], [22, 30], [67, 11], [1, 23], [16, 13], [97, 9], [14, 27], [2, 11], [89, 99], [91, 91], [44, 1], [91, 88], [82, 87], [94, 91], [85, 94], [70, 25], [57, 68], [6, 7], [24, 31], [11, 27], [6, 3], [72, 83], [4, 31], [72, 24], [67, 15], [8, 5], [9, 23], [57, 65], [10, 13], [8, 33], [98, 17], [0, 21], [36, 2], [56, 66], [99, 33], [12, 12], [79, 93], [68, 7], [1, 14], [71, 35], [11, 1], [51, 60], [97, 17], [52, 4], [7, 32], [16, 15], [97, 91], [14, 12], [51, 90], [95, 2], [8, 37], [16, 17], [82, 96], [73, 23], [12, 4], [79, 80], [91, 41], [60, 5], [11, 5], [5, 2], [80, 1], [15, 36], [69, 35], [95, 90], [0, 30], [93, 41], [70, 20], [95, 72], [19, 29], [96, 5], [96, 11], [54, 56], [96, 4], [73, 6], [91, 37], [58, 60], [67, 13], [47, 3], [91, 9], [17, 29], [65, 2], [92, 16], [17, 38], [75, 99], [13, 19], [99, 86], [12, 28], [66, 26], [99, 30], [53, 53], [16, 1], [69, 26], [68, 16], [17, 10], [15, 5], [95, 15], [19, 31], [4, 35], [91, 46], [93, 12], [11, 30], [14, 26], [99, 95], [15, 18], [38, 5], [16, 33], [95, 49], [35, 3], [13, 27], [43, 2], [17, 5], [11, 8], [44, 0], [57, 64], [91, 19], [47, 0], [8, 12], [98, 55], [84, 82], [4, 24], [3, 1], [11, 9], [74, 0], [10, 0], [99, 5], [92, 48], [95, 40], [54, 94], [16, 14], [4, 3], [7, 24], [75, 19], [97, 13], [97, 6], [98, 18], [67, 17], [17, 9], [85, 97], [9, 14], [52, 75], [9, 20], [74, 82], [98, 37], [75, 17], [87, 92], [39, 2], [15, 15], [58, 57], [77, 81], [22, 36], [3, 3], [52, 92], [21, 35], [56, 61], [97, 58], [96, 17], [3, 14], [53, 64], [68, 27], [68, 10], [80, 76], [75, 11], [71, 15], [94, 98], [14, 6], [7, 2], [92, 38], [96, 8], [95, 13], [85, 88], [6, 8], [87, 44], [89, 68], [55, 98], [12, 18], [93, 74], [6, 4], [73, 85], [70, 10], [84, 80], [21, 36], [90, 94], [13, 16], [37, 5], [96, 93], [96, 56], [8, 38], [16, 7], [13, 32], [7, 21], [55, 81], [21, 30], [54, 84], [0, 38], [7, 4], [95, 74], [81, 78], [60, 3], [57, 54], [15, 40], [0, 7], [72, 16], [16, 39], [11, 19], [93, 11], [13, 12], [90, 43], [3, 4], [17, 24], [79, 99], [13, 28], [2, 27], [54, 53], [46, 1], [80, 93], [98, 15], [91, 52], [54, 68], [72, 3], [66, 36], [42, 2], [94, 87], [97, 79], [92, 85], [16, 9], [93, 44], [77, 92], [17, 8], [53, 92], [95, 51], [2, 8], [60, 4], [73, 0], [74, 17], [92, 90], [69, 3], [76, 1], [5, 3], [51, 58], [61, 4], [11, 18], [51, 51], [9, 2], [98, 80], [20, 31], [8, 24], [4, 30], [3, 6], [96, 7], [88, 72], [96, 19], [67, 7], [73, 96], [71, 10], [90, 99], [92, 8], [98, 47], [98, 42], [1, 2], [20, 33], [54, 86], [7, 6], [17, 2], [17, 27], [51, 78], [99, 17], [73, 98], [12, 26], [5, 25], [16, 21], [92, 19], [0, 14], [68, 17]], "targets": [[54, 84], [19, 60], [84, 86], [30, 88], [90, 57], [15, 2], [27, 69], [2, 58], [74, 99], [19, 34], [49, 83], [54, 94], [7, 57], [99, 51], [94, 52], [38, 83], [22, 32], [24, 64], [16, 89], [87, 68], [30, 66], [92, 71], [86, 92], [49, 4], [9, 85], [52, 85], [14, 97], [32, 68], [33, 74], [9, 78], [97, 41], [4, 67], [12, 55], [8, 90], [97, 11], [6, 62], [17, 15], [78, 86], [28, 78], [29, 64], [29, 78], [34, 76], [9, 15], [91, 9], [26, 70], [96, 42], [23, 76], [90, 94], [98, 68], [10, 88], [25, 73], [94, 64], [13, 46], [30, 55], [5, 48], [55, 80], [34, 74], [17, 46], [50, 4], [41, 82], [7, 2], [50, 88], [38, 72], [99, 63], [97, 89], [46, 74], [6, 0], [94, 58], [0, 53], [42, 73], [96, 11], [6, 80], [23, 84], [89, 45], [10, 98], [8, 56], [95, 87], [20, 54], [93, 70], [17, 76], [9, 96], [13, 89], [29, 75], [77, 82], [21, 85], [6, 14], [91, 70], [22, 59], [8, 64], [92, 12], [16, 56], [14, 75], [5, 87], [93, 50], [10, 82], [42, 69], [32, 78], [9, 40], [51, 1], [55, 83], [34, 85], [5, 4], [55, 82], [85, 99], [28, 79], [94, 71], [85, 89], [36, 58], [99, 75], [6, 7], [30, 77], [98, 51], [14, 89], [2, 44], [36, 71], [97, 13], [30, 86], [5, 75], [14, 82], [14, 74], [94, 42], [92, 61], [9, 91], [8, 43], [91, 41], [34, 69], [35, 59], [97, 88], [14, 14], [80, 99], [3, 58], [36, 55], [87, 56], [47, 80], [30, 70], [6, 48], [55, 2], [19, 75], [27, 83], [17, 3], [97, 0], [45, 85], [1, 90], [14, 79], [24, 80], [37, 80], [96, 49], [16, 90], [14, 76], [90, 66], [97, 86], [48, 82], [72, 87], [23, 80], [12, 16], [95, 76], [91, 60], [91, 96], [17, 41], [11, 55], [40, 80], [20, 72], [91, 14], [97, 54], [14, 84], [7, 40], [29, 70], [3, 92], [35, 62], [91, 37], [31, 76], [21, 65], [0, 97], [11, 9], [52, 75], [37, 81], [10, 49], [64, 1], [49, 85], [38, 71], [10, 65], [12, 5], [54, 93], [86, 99], [25, 70], [31, 53], [25, 62], [99, 61], [99, 66], [97, 4], [12, 39], [87, 92], [27, 79], [16, 84], [97, 61], [89, 43], [25, 94], [6, 5], [27, 68], [13, 69], [99, 50], [14, 91], [6, 44], [2, 61], [48, 72], [11, 85], [94, 92], [40, 75], [91, 11], [27, 77], [5, 74], [44, 72], [40, 70], [12, 32], [56, 0], [18, 59], [73, 88], [19, 71], [18, 73], [0, 16], [88, 50], [42, 68], [95, 71], [17, 17], [33, 77], [48, 83], [91, 67], [21, 57], [92, 38], [26, 64], [90, 69], [88, 85], [14, 98], [30, 73], [43, 72], [99, 0], [88, 95], [10, 6], [80, 97], [15, 49], [28, 59], [26, 88], [8, 79], [96, 47], [96, 64], [17, 91], [8, 70], [31, 57], [90, 61], [98, 69], [45, 69], [42, 80], [14, 40], [49, 3], [47, 85], [30, 82], [12, 58], [42, 78], [10, 74], [7, 42], [32, 84], [7, 10], [89, 13], [6, 72], [6, 3], [49, 84], [10, 97], [86, 97], [29, 86], [32, 81], [35, 77], [92, 42], [18, 90], [9, 81], [95, 63], [84, 92], [38, 80], [4, 57], [74, 75], [95, 66], [20, 73], [96, 4], [13, 8], [96, 78], [14, 55], [89, 57], [28, 71], [97, 94], [10, 47], [47, 69], [29, 73], [13, 49], [64, 0], [4, 89], [91, 52], [32, 64], [18, 97], [43, 76], [31, 73], [13, 17], [8, 48], [48, 75], [54, 79], [24, 70], [11, 0], [95, 7], [25, 82], [99, 73], [31, 79], [2, 85], [8, 51], [98, 60], [18, 84], [7, 67], [22, 84], [1, 92], [95, 88], [84, 93], [28, 66], [93, 42], [89, 78], [33, 65], [13, 91], [20, 65], [13, 98], [9, 42], [4, 2], [95, 44], [48, 79], [33, 75], [17, 48], [63, 6], [51, 82], [89, 10], [13, 93], [91, 68], [91, 69], [39, 72], [13, 79], [44, 77], [8, 20], [12, 93], [54, 92], [95, 46], [93, 99], [77, 83], [15, 75], [9, 46], [47, 73], [15, 87], [11, 19], [81, 90], [15, 38], [30, 53], [26, 76], [90, 77], [16, 97], [96, 71], [95, 5], [14, 70], [9, 84], [7, 52], [96, 87], [50, 80], [27, 72], [98, 70], [99, 43], [43, 78], [35, 73], [13, 50], [60, 2], [87, 98], [11, 82], [14, 11], [12, 73], [14, 71], [34, 71], [16, 17], [91, 65], [96, 12], [50, 77], [24, 71], [48, 87], [6, 93], [93, 74], [19, 58], [17, 83], [2, 82], [22, 79], [32, 63], [12, 42], [96, 43], [15, 16], [9, 53], [47, 77], [18, 89], [12, 77], [98, 67], [97, 56], [95, 95], [82, 90], [34, 81], [97, 14], [29, 56], [26, 83], [4, 75], [45, 76], [35, 70], [7, 50], [51, 3], [49, 89], [18, 76], [71, 78], [21, 75], [25, 77], [12, 88], [2, 8], [93, 48], [37, 78], [97, 59], [17, 6], [12, 99], [4, 56], [58, 78], [26, 75], [97, 63], [96, 89], [87, 57], [15, 54], [14, 64], [99, 1], [91, 38], [4, 76], [36, 73], [33, 76], [1, 17], [91, 61], [11, 61], [40, 73], [88, 51], [97, 95], [11, 98], [17, 82], [33, 83], [11, 81], [21, 71], [52, 73], [29, 80], [3, 41], [53, 0], [93, 9], [93, 61], [91, 89], [79, 75], [3, 75], [11, 91], [36, 77], [5, 11], [9, 6], [75, 99], [9, 57], [20, 61], [8, 55], [19, 87], [14, 77], [53, 83], [3, 83], [37, 67], [89, 38], [88, 53], [24, 94], [28, 63], [13, 90], [36, 66], [92, 14], [80, 79], [96, 92], [21, 90], [11, 68], [99, 62], [14, 5], [88, 72], [82, 76], [20, 86], [41, 80], [28, 65], [9, 31], [55, 5], [47, 82], [99, 78], [31, 67], [13, 61], [40, 78], [7, 62], [91, 55], [23, 52], [16, 38], [26, 94], [43, 68], [29, 81], [8, 5], [96, 6], [29, 79], [11, 76], [0, 3], [51, 88], [2, 92], [86, 96], [38, 62], [27, 85], [99, 57], [6, 79], [98, 64], [33, 60], [10, 81], [29, 65], [88, 49], [90, 71], [25, 88], [31, 87], [92, 64], [96, 14], [47, 78], [24, 72], [6, 39], [62, 6], [9, 18], [13, 40], [89, 83], [50, 83], [11, 48], [97, 90], [9, 69], [92, 41], [14, 81], [7, 48], [48, 76], [2, 98], [43, 81], [11, 11], [6, 84], [73, 83], [92, 67], [94, 41], [53, 80], [7, 84], [9, 88], [98, 4], [10, 18], [97, 64], [13, 82], [26, 68], [1, 80], [6, 63], [24, 77], [98, 63], [27, 89], [86, 90], [14, 52], [42, 86], [41, 81], [8, 46], [59, 1], [49, 80], [93, 68], [5, 95], [91, 51], [16, 79], [9, 1], [74, 96], [16, 44], [30, 54], [98, 56], [95, 8], [16, 95], [99, 90], [45, 72], [41, 85], [7, 17], [20, 71], [2, 62], [47, 76], [12, 87], [17, 87], [91, 73], [47, 83], [6, 81], [88, 97], [13, 6], [92, 50], [51, 62], [96, 2], [6, 53], [6, 95], [10, 86], [24, 85], [89, 73], [22, 72], [2, 80], [44, 83], [41, 76], [4, 49], [46, 1], [95, 57], [22, 57], [73, 84], [3, 51], [96, 58], [24, 75], [16, 69], [26, 74], [4, 88], [9, 3], [97, 92], [97, 78], [48, 84], [92, 40], [29, 83], [95, 60], [13, 13], [95, 10], [34, 79], [28, 92], [34, 60], [54, 80], [25, 65], [3, 97], [93, 64], [12, 61], [50, 84], [11, 42], [18, 77], [7, 9], [51, 66], [98, 39], [15, 79], [32, 77], [88, 91], [55, 84], [30, 64], [6, 42], [56, 5], [48, 93], [98, 55], [14, 51], [89, 14], [17, 70], [25, 86], [19, 80], [9, 82], [91, 64], [93, 63], [86, 74], [91, 88], [87, 69], [2, 4], [42, 72], [2, 89], [14, 80], [26, 67], [10, 12], [34, 86], [11, 44], [48, 81], [99, 8], [99, 53], [89, 98], [9, 75], [77, 76], [19, 81], [22, 69], [3, 59], [48, 80], [7, 74], [49, 76], [14, 6], [73, 90], [4, 44], [32, 59], [55, 81], [28, 81], [17, 36], [62, 2], [21, 78], [25, 68], [93, 60], [91, 71], [5, 79], [8, 92], [96, 65], [99, 5], [99, 46], [22, 66], [89, 61], [94, 99], [25, 85], [1, 84], [40, 81], [12, 9], [15, 96], [17, 42], [87, 95], [50, 69], [9, 13], [54, 78], [11, 88], [22, 88], [19, 73], [19, 62], [98, 9], [92, 62], [14, 50], [92, 39], [94, 72], [0, 95], [43, 85], [29, 72], [3, 49], [46, 0], [55, 88], [36, 70], [85, 97], [25, 81], [15, 45], [50, 73], [6, 1], [40, 77], [14, 72], [10, 60], [24, 91], [22, 54], [93, 54], [32, 54], [75, 79], [36, 81], [6, 9], [91, 54], [91, 13], [90, 39], [95, 45], [96, 91], [48, 71], [17, 84], [92, 73], [5, 84], [5, 6], [25, 69], [49, 86], [26, 80], [12, 92], [89, 92], [87, 60], [10, 44], [19, 89], [41, 79], [33, 72], [5, 46], [44, 1], [8, 82], [95, 3], [22, 63], [25, 67], [39, 78], [19, 53], [88, 40], [8, 13], [9, 54], [44, 76], [14, 94], [22, 82], [89, 62], [90, 54], [24, 74], [89, 95], [32, 83], [6, 15], [23, 69], [10, 99], [27, 90], [16, 66], [97, 65], [90, 65], [93, 86], [30, 80], [48, 94], [95, 13], [10, 76], [2, 10], [73, 91], [4, 51], [31, 54], [95, 47], [25, 80], [2, 75], [47, 81], [38, 68], [16, 45], [56, 1], [52, 86], [9, 92], [29, 54], [5, 51], [73, 79], [98, 76], [94, 93], [15, 73], [47, 79], [26, 66], [23, 79], [14, 92], [90, 14], [4, 10], [3, 47], [52, 78], [96, 40], [42, 76], [99, 77], [93, 56], [11, 69], [14, 20], [15, 99], [17, 52], [52, 83], [89, 82], [31, 72], [89, 60], [34, 84], [87, 93], [79, 76], [20, 90], [0, 19], [16, 46], [25, 56], [91, 12], [3, 84], [53, 68], [37, 73], [14, 49], [54, 3], [5, 91], [10, 72], [19, 90], [96, 41], [99, 40], [31, 59], [3, 60], [31, 77], [12, 83], [35, 79], [99, 60], [19, 74], [15, 86], [13, 14], [39, 73], [8, 15], [97, 98], [99, 58], [94, 8], [90, 68], [1, 45], [15, 47], [48, 73], [72, 88], [96, 55], [51, 85], [15, 55], [82, 95], [4, 97], [15, 60], [26, 81], [87, 54], [16, 81], [24, 83], [41, 71], [41, 70], [7, 44], [51, 2], [46, 82], [5, 13], [20, 94], [94, 10], [86, 77], [92, 99], [31, 70], [21, 86], [97, 62], [29, 66], [5, 78], [50, 79], [90, 53], [15, 92], [33, 82], [17, 2], [26, 85], [6, 19], [76, 92], [2, 47], [31, 64], [10, 96], [90, 67], [14, 54], [15, 82], [8, 68], [4, 71], [99, 6], [10, 90], [55, 93], [0, 88], [10, 57], [42, 84], [93, 95], [88, 83], [50, 71], [40, 69], [35, 68], [1, 42], [52, 1], [87, 52], [87, 77], [88, 58], [93, 62], [8, 7], [13, 58], [16, 76], [18, 75], [22, 61], [14, 90], [34, 75], [96, 3], [74, 84], [30, 58], [15, 48], [6, 45], [29, 68], [5, 10], [13, 71], [97, 97], [19, 82], [11, 58], [87, 41], [96, 67], [12, 10], [99, 37], [90, 55], [51, 84], [11, 75], [96, 74], [11, 80], [52, 77], [37, 69], [6, 49], [64, 4], [46, 81], [30, 63], [97, 8], [84, 89], [27, 66], [5, 56], [52, 82], [18, 98], [30, 56], [8, 98], [87, 66], [12, 68], [9, 17], [93, 94], [91, 43], [10, 51], [22, 70], [2, 46], [20, 89], [31, 81], [95, 75], [39, 80], [16, 58], [38, 69], [9, 8], [22, 85], [90, 9], [96, 66], [3, 88], [98, 65], [31, 78], [8, 85], [3, 6], [53, 88], [97, 46], [4, 91], [44, 70], [24, 73], [11, 30], [45, 0], [93, 87], [34, 54], [79, 83], [90, 84], [35, 74], [31, 88], [15, 94], [95, 1], [8, 44], [9, 49], [39, 71], [93, 55], [24, 78], [97, 53], [0, 14], [75, 93], [10, 45], [34, 62], [10, 61], [39, 69], [90, 44], [29, 85], [94, 75], [8, 4], [35, 69], [99, 99], [14, 99], [11, 96], [10, 67], [33, 85], [18, 74], [91, 72], [98, 14], [55, 91], [31, 80], [47, 84], [34, 73], [7, 46], [52, 2], [55, 79], [11, 4], [96, 60], [1, 67], [12, 47], [11, 71], [87, 96], [26, 78], [75, 38], [15, 44], [97, 99], [28, 70], [93, 44], [12, 79], [89, 79], [24, 76], [96, 10], [12, 60], [40, 86], [13, 94], [94, 50], [0, 5], [37, 63], [35, 76], [14, 4], [6, 92], [67, 78], [26, 73], [87, 71], [27, 58], [17, 73], [88, 52], [96, 68], [51, 81], [45, 74], [40, 74], [13, 30], [63, 3], [16, 57], [8, 71], [87, 91], [17, 89], [31, 83], [95, 14], [4, 16], [19, 68], [85, 82], [29, 76], [1, 49], [11, 89], [87, 70], [23, 93], [6, 77], [49, 82], [7, 78], [7, 63], [25, 64], [88, 41], [95, 73], [43, 73], [15, 7], [27, 73], [3, 19], [97, 66], [6, 54], [36, 86], [95, 12], [16, 75], [28, 83], [7, 72], [94, 95], [25, 74], [15, 74], [5, 47], [48, 74], [39, 75], [13, 47], [57, 3], [46, 85], [52, 84], [94, 67], [6, 89], [87, 47], [88, 74], [8, 65], [10, 14], [77, 96], [5, 55], [26, 59], [96, 62], [97, 6], [31, 82], [28, 85], [83, 85], [51, 63], [78, 81], [91, 97], [2, 71], [2, 84], [32, 75], [32, 57], [11, 17], [18, 81], [23, 71], [7, 56], [96, 38], [5, 12], [4, 66], [97, 52], [13, 96], [12, 56], [44, 71], [24, 89], [29, 63], [93, 10], [43, 86], [27, 71], [1, 35], [61, 6], [30, 93], [88, 75], [9, 90], [47, 86], [99, 74], [99, 36], [90, 59], [33, 69], [92, 95], [16, 43], [17, 16], [95, 40], [89, 84], [45, 70], [20, 84], [99, 9], [33, 79], [13, 87], [24, 57], [2, 93], [26, 60], [18, 80], [40, 83], [9, 2], [33, 81], [87, 58], [36, 75], [6, 70], [97, 87], [89, 71], [4, 1], [42, 71], [37, 70], [4, 36], [49, 2], [53, 82], [90, 56], [6, 60], [50, 75], [49, 79], [95, 48], [80, 77], [1, 47], [51, 70], [18, 58], [99, 71], [99, 7], [17, 77], [16, 98], [16, 64], [16, 78], [1, 93], [7, 86], [14, 56], [20, 55], [15, 8], [19, 92], [84, 74], [88, 94], [95, 92], [45, 80], [87, 55], [39, 86], [84, 77], [16, 11], [93, 11], [38, 66], [22, 77], [13, 66], [15, 84], [52, 76], [24, 67], [7, 47], [62, 3], [12, 75], [16, 13], [72, 92], [2, 57], [26, 54], [45, 82], [43, 82], [96, 61], [27, 62], [3, 99], [85, 93], [8, 84], [97, 57], [98, 62], [14, 53], [43, 83], [97, 49], [6, 58], [8, 74], [95, 0], [20, 82], [98, 61], [10, 79], [14, 3], [92, 87], [32, 69], [97, 43], [41, 73], [8, 10], [76, 77], [15, 59], [15, 63], [30, 62], [85, 96], [41, 75], [42, 79], [13, 37], [49, 0], [46, 80], [3, 90], [87, 45], [19, 56], [94, 61], [93, 8], [13, 73], [12, 89], [31, 74], [50, 93], [16, 3], [31, 75], [15, 57], [28, 90], [30, 85], [4, 78], [92, 57], [9, 73], [98, 71], [1, 83], [90, 76], [33, 56], [14, 59], [40, 72], [99, 91], [93, 52], [99, 3], [93, 90], [97, 58], [6, 18], [39, 79], [13, 97], [14, 60], [27, 63], [14, 15], [30, 83], [10, 95], [26, 82], [20, 53], [49, 74], [42, 75], [4, 31], [60, 3], [28, 67], [10, 41], [55, 86], [15, 67], [91, 8], [98, 44], [87, 64], [51, 59], [87, 94], [16, 2], [16, 70], [17, 80], [95, 68], [75, 88], [95, 65], [90, 75], [14, 69], [9, 86], [10, 94], [33, 59], [6, 47], [52, 87], [14, 85], [9, 72], [43, 69], [8, 18], [93, 88], [25, 84], [99, 4], [4, 4], [80, 91], [1, 44], [25, 63], [94, 48], [47, 68], [37, 66], [15, 34], [44, 3], [52, 88], [14, 42], [96, 88], [18, 70], [38, 67], [88, 63], [14, 65], [22, 89], [51, 90], [79, 74], [0, 81], [1, 88], [95, 38], [36, 84], [17, 19], [93, 57], [90, 13], [87, 49], [20, 79], [90, 52], [10, 89], [17, 88], [89, 97], [22, 83], [0, 77], [30, 76], [12, 20], [10, 83], [2, 38], [6, 51], [18, 65], [1, 60], [46, 79], [92, 81], [48, 77], [43, 80], [35, 67], [12, 41], [47, 3], [95, 72], [89, 72], [9, 9], [13, 64], [25, 66], [11, 93], [38, 65], [95, 9], [69, 78], [97, 39], [54, 90], [26, 93], [28, 56], [20, 85], [88, 90], [23, 85], [20, 75], [28, 69], [34, 64], [91, 66], [7, 8], [93, 14], [16, 53], [89, 65], [87, 50], [3, 43], [98, 43], [28, 74], [93, 77], [14, 13], [13, 99], [27, 87], [11, 70], [45, 75], [38, 82], [16, 35], [58, 2], [46, 84], [2, 78], [86, 89], [30, 68], [97, 96], [12, 98], [12, 50], [44, 82], [11, 5], [26, 69], [6, 86], [51, 78], [6, 90], [99, 14], [24, 63], [10, 70], [96, 52], [95, 69], [27, 76], [46, 71], [11, 49], [96, 63], [16, 94], [91, 79], [7, 4], [74, 98], [17, 50], [31, 51], [15, 85], [77, 81], [90, 89], [36, 79], [18, 54], [10, 16], [88, 65], [18, 86], [98, 13], [56, 78], [33, 68], [15, 50], [48, 2], [90, 42], [90, 45], [82, 83], [25, 58], [24, 87], [11, 94], [27, 88], [87, 73], [33, 62], [1, 76], [16, 18], [25, 55], [61, 78], [0, 48], [37, 75], [17, 86], [3, 94], [12, 54], [94, 96], [85, 72], [97, 10], [13, 41], [51, 72], [91, 59], [95, 50], [21, 55], [32, 79], [1, 10], [32, 82], [5, 5], [7, 65], [53, 78], [41, 72], [12, 36], [64, 6], [49, 91], [90, 74], [20, 80], [19, 91], [98, 58], [5, 83], [29, 52], [92, 96], [98, 0], [99, 89], [7, 97], [11, 73], [42, 77], [32, 74], [5, 43], [45, 83], [97, 42], [88, 73], [17, 12], [22, 87], [78, 74], [1, 71], [13, 56], [38, 84], [25, 89], [10, 48], [21, 79], [16, 82], [94, 70], [40, 76], [93, 66], [94, 14], [25, 71], [98, 87], [30, 84], [15, 4], [50, 85], [34, 80], [13, 31], [50, 2], [3, 11], [21, 63], [16, 93], [97, 44], [21, 80], [7, 64], [6, 50], [87, 63], [83, 76], [83, 81], [27, 65], [20, 92], [23, 66], [53, 89], [91, 10], [5, 67], [94, 54], [1, 7], [79, 92], [14, 38], [23, 53], [95, 99], [33, 67], [99, 38], [93, 53], [19, 72], [12, 94], [21, 87], [5, 85], [6, 55], [50, 76], [11, 95], [36, 61], [95, 64], [27, 78], [5, 19], [50, 81], [37, 82], [15, 39], [46, 2], [49, 93], [14, 87], [2, 79], [95, 11], [22, 76], [14, 41], [96, 70], [16, 8], [75, 77], [17, 90], [97, 55], [98, 90], [99, 39], [24, 86], [98, 66], [92, 83], [38, 76], [28, 73], [53, 81], [11, 38], [14, 57], [6, 78], [5, 88], [17, 93], [98, 8], [1, 5], [52, 74], [90, 63], [34, 72], [7, 59], [6, 41], [54, 87], [96, 37], [31, 68], [24, 55], [94, 62], [94, 56], [96, 90], [45, 3], [27, 59], [36, 68], [6, 85], [17, 51], [16, 60], [5, 8], [23, 81], [4, 19], [99, 10], [18, 83], [1, 98], [15, 76], [22, 68], [7, 49], [53, 94], [26, 62], [82, 81], [33, 61], [98, 53], [23, 78], [92, 51], [91, 98], [92, 74], [11, 99], [75, 75], [11, 2], [92, 72], [16, 39], [32, 55], [93, 12], [5, 92], [28, 94], [58, 68], [44, 74], [21, 36], [59, 0], [54, 89], [34, 78], [12, 2], [94, 55], [27, 82], [2, 90], [4, 54], [39, 83], [33, 84], [13, 80], [22, 94], [26, 72], [95, 49], [95, 39], [31, 69], [88, 87], [3, 5], [79, 93], [14, 58], [34, 58], [98, 72], [19, 67], [90, 11], [55, 90], [32, 62], [26, 87], [85, 87], [41, 69], [86, 75], [95, 58], [21, 52], [32, 66], [22, 91], [96, 44], [23, 67], [6, 99], [3, 13], [59, 78], [37, 65], [3, 35], [58, 0], [40, 84], [5, 16], [90, 91], [13, 86], [95, 61], [92, 13], [35, 82], [85, 75], [22, 86], [9, 56], [18, 55], [13, 48], [47, 72], [12, 85], [11, 77], [68, 78], [11, 90], [1, 2], [89, 39], [97, 75], [54, 86], [13, 51], [39, 68], [97, 80], [7, 90], [6, 64], [36, 60], [96, 7], [89, 96], [24, 56], [0, 91], [87, 53], [28, 84], [6, 88], [87, 74], [49, 78], [24, 82], [7, 31], [48, 4], [52, 93], [5, 65], [26, 77], [15, 10], [12, 7], [10, 71], [29, 77], [94, 37], [92, 66], [50, 74], [13, 45], [94, 13], [85, 79], [90, 95], [8, 54], [16, 96], [32, 86], [15, 56], [37, 76], [52, 79], [18, 57], [17, 1], [31, 84], [99, 67], [23, 63], [5, 82], [12, 81], [8, 87], [84, 83], [27, 67], [98, 47], [99, 34], [48, 86], [38, 70], [6, 35], [53, 4], [90, 8], [15, 88], [98, 50], [30, 78], [10, 62], [8, 17], [90, 92], [78, 85], [29, 93], [10, 4], [78, 99], [3, 53], [21, 60], [98, 79], [1, 95], [96, 57], [15, 53], [50, 70], [31, 90], [90, 62], [91, 45], [30, 67], [9, 61], [90, 10], [14, 78], [45, 81], [1, 85], [24, 79], [3, 12], [9, 44], [36, 78], [16, 80], [95, 96], [85, 95], [43, 75], [5, 81], [41, 84], [35, 75], [4, 48], [63, 5], [52, 90], [17, 56], [14, 73], [6, 97], [89, 42], [43, 71], [97, 77], [12, 14], [16, 47], [97, 67], [99, 54], [14, 46], [97, 9], [0, 18], [95, 54], [8, 72], [36, 80], [12, 90], [20, 77], [99, 94], [21, 94], [20, 58], [29, 74], [52, 80], [98, 40], [18, 64], [2, 95], [37, 71], [98, 7], [79, 78], [12, 71], [13, 10], [97, 71], [95, 79], [51, 73], [30, 74], [8, 45], [56, 2], [87, 87], [48, 69], [13, 60], [38, 81], [10, 73], [5, 50], [7, 45], [9, 77], [32, 72], [14, 2], [24, 84], [0, 74], [91, 93], [20, 78], [25, 75], [94, 63], [28, 68], [89, 52], [95, 59], [89, 8], [2, 5], [35, 81], [97, 37], [12, 95], [8, 91], [87, 62], [51, 87], [31, 85], [94, 69], [17, 71], [36, 74], [32, 70], [88, 98], [15, 52], [45, 78], [32, 80], [16, 50], [58, 3], [52, 91], [94, 40], [3, 4], [75, 98], [9, 47], [27, 60], [92, 10], [83, 82], [28, 72], [33, 86], [12, 11], [9, 70], [14, 48], [38, 73], [19, 88], [8, 80], [3, 89], [29, 89], [96, 75], [6, 82], [89, 54], [80, 87], [96, 54], [12, 84], [3, 69], [10, 9], [98, 88], [35, 60], [96, 51], [85, 78], [98, 11], [19, 78], [53, 92], [15, 58], [23, 77], [51, 76], [35, 66], [2, 30], [63, 1], [21, 58], [22, 75], [13, 85], [95, 84], [92, 56], [16, 0], [41, 74], [7, 93], [29, 62], [43, 79], [13, 2], [30, 89], [96, 9], [89, 41], [92, 91], [13, 55], [41, 78], [33, 52], [88, 59], [6, 91], [90, 72], [30, 59], [93, 59], [27, 84], [9, 71], [18, 93], [8, 52], [46, 70], [14, 16], [48, 85], [15, 89], [24, 90], [10, 75], [96, 1], [99, 65], [1, 55], [91, 40], [9, 89], [51, 79], [34, 70], [13, 39], [54, 5], [55, 89], [94, 94], [38, 77], [28, 60], [5, 68], [79, 82], [38, 85], [16, 7], [96, 39], [89, 80], [26, 63], [8, 2], [29, 88], [94, 77], [16, 72], [95, 4], [31, 65], [17, 44], [95, 52], [11, 51], [48, 78], [98, 73], [99, 68], [17, 78], [85, 91], [23, 68], [14, 95], [87, 51], [31, 58], [51, 89], [15, 3], [75, 90], [15, 41], [28, 62], [0, 67], [56, 66], [35, 65], [16, 37], [44, 6], [26, 89], [30, 75], [28, 77], [22, 78], [98, 5], [92, 54], [25, 76], [88, 67], [14, 17], [88, 84], [44, 80], [98, 91], [98, 74], [23, 87], [13, 15], [5, 49], [7, 76], [7, 80], [10, 93], [13, 75], [14, 61], [19, 76], [18, 72], [93, 65], [97, 12], [1, 40], [9, 50], [45, 71], [79, 79], [88, 48], [54, 81], [20, 60], [34, 63], [92, 63], [49, 69], [24, 81], [20, 31], [51, 0], [51, 93], [8, 0], [87, 76], [99, 88], [28, 82], [96, 73], [33, 70], [3, 71], [27, 80], [12, 13], [22, 80], [20, 57], [7, 94], [13, 44], [34, 82], [10, 64], [98, 1], [21, 84], [91, 94], [51, 67], [89, 55], [6, 10], [6, 40], [86, 88], [23, 58], [93, 67], [92, 37], [85, 71], [49, 81], [25, 93], [86, 76], [10, 80], [53, 84], [33, 71], [17, 33], [47, 2], [97, 2], [33, 80], [6, 52], [53, 85], [18, 95], [0, 94], [88, 55], [7, 68], [7, 14], [94, 49], [10, 59], [27, 70], [20, 88], [29, 82], [11, 57], [10, 3], [0, 86], [3, 73], [89, 91], [73, 76], [93, 93], [42, 81], [29, 90], [30, 71], [96, 13], [92, 70], [4, 6], [78, 90], [13, 52], [36, 54], [34, 66], [99, 41], [95, 77], [6, 96], [93, 69], [49, 88], [51, 77], [39, 82], [19, 36], [57, 2], [49, 87], [9, 48], [12, 74], [43, 70], [99, 87], [16, 65], [13, 77], [29, 94], [99, 12], [11, 50], [46, 78], [89, 67], [0, 8], [31, 63], [40, 82], [15, 14], [90, 64], [91, 50], [28, 61], [87, 84], [28, 86], [9, 45], [8, 95], [99, 59], [23, 94], [16, 61], [49, 70], [7, 70], [10, 69], [25, 60], [14, 12], [96, 8], [16, 83], [17, 85], [91, 90], [15, 70], [8, 58], [52, 70], [44, 78], [5, 33], [49, 1], [48, 88], [90, 60], [92, 43], [17, 62], [32, 51], [95, 55], [43, 77], [76, 85], [0, 89], [41, 86], [16, 4], [22, 65], [2, 14], [97, 60], [16, 88], [4, 53], [39, 77], [98, 6], [30, 92], [97, 73], [15, 80], [91, 39], [17, 60], [85, 94], [11, 47], [93, 46], [93, 92], [38, 79], [6, 83], [16, 40], [88, 68], [4, 77], [12, 12], [44, 86], [37, 84], [4, 30], [51, 6], [55, 92], [34, 68], [62, 78], [92, 65], [97, 3], [27, 75], [15, 98], [11, 74], [8, 94], [18, 88], [92, 94], [47, 74], [90, 51], [30, 69], [88, 76], [10, 19], [37, 79], [8, 59], [6, 17], [73, 93], [7, 54], [35, 63], [88, 66], [11, 79], [81, 75], [2, 49], [49, 73], [18, 52], [96, 5], [32, 73], [18, 92], [92, 84], [35, 61], [74, 78], [16, 59], [86, 95], [42, 83], [34, 65], [12, 45], [44, 4], [15, 93], [98, 42], [52, 81], [8, 12], [32, 76], [14, 83], [96, 56], [4, 90], [88, 79], [99, 2], [88, 57], [40, 79], [25, 59], [32, 65], [10, 15], [22, 81], [23, 88], [23, 83], [4, 43], [23, 74], [6, 56], [88, 47], [95, 97], [11, 15], [11, 66], [89, 64], [6, 94], [11, 59], [6, 57], [53, 87], [22, 90], [82, 92], [25, 72], [89, 9], [35, 52], [40, 68], [25, 83], [8, 35], [48, 5], [46, 83], [23, 75], [89, 66], [29, 87], [54, 95], [87, 72], [93, 40], [16, 9], [94, 66], [90, 43], [8, 66], [12, 72], [87, 90], [3, 82], [25, 78], [13, 7], [6, 38], [12, 49], [48, 70], [21, 64], [5, 93], [35, 78], [92, 9], [74, 87], [15, 77], [26, 90], [8, 76], [10, 7], [99, 76], [92, 58], [93, 51], [96, 77], [57, 67], [26, 79], [5, 30], [47, 5], [86, 85], [45, 84], [93, 96], [4, 50], [42, 82], [1, 87], [50, 78], [18, 79], [92, 8], [31, 56], [17, 72], [11, 86], [25, 52], [94, 59], [13, 95], [2, 19], [79, 97], [8, 47], [22, 56], [19, 86], [37, 77], [13, 20], [10, 87], [95, 53], [41, 68], [21, 88], [91, 63], [23, 72], [2, 81], [7, 82], [90, 87], [99, 64], [89, 11], [14, 86], [12, 17], [44, 81], [44, 84], [19, 33], [57, 5], [46, 86], [7, 87], [19, 77], [95, 51], [94, 89], [3, 95], [19, 79], [26, 71], [10, 43], [53, 79], [99, 47], [80, 74], [13, 57], [36, 83], [17, 55], [94, 74], [97, 70], [94, 11], [85, 98], [27, 86], [13, 9], [17, 18], [11, 92], [12, 64], [97, 69], [33, 73], [25, 90], [33, 64], [18, 69], [29, 53], [99, 33], [90, 38], [15, 71], [13, 68], [8, 99], [43, 74], [40, 71], [9, 35], [51, 4], [1, 82], [99, 11], [26, 56], [22, 55], [8, 16], [19, 85], [82, 74], [93, 89], [16, 77], [87, 67], [94, 87], [41, 77], [49, 94], [17, 53], [31, 94], [0, 47], [51, 80], [98, 52], [29, 69], [89, 76], [97, 72], [30, 81], [5, 3], [15, 1], [98, 10], [9, 99], [6, 71], [23, 73], [37, 61], [14, 93], [90, 98], [88, 71], [75, 81], [13, 43], [23, 82], [12, 78], [50, 72], [29, 67], [2, 39], [49, 5], [54, 88], [27, 81], [13, 84], [90, 48], [7, 13], [79, 95], [1, 51], [34, 59], [5, 76], [98, 3], [50, 86], [92, 90], [46, 72], [85, 74], [94, 68], [34, 55], [31, 71], [28, 64], [5, 90], [37, 83], [16, 5], [94, 97], [8, 86], [91, 58], [81, 74], [17, 79], [8, 50], [49, 75], [12, 91], [16, 15], [87, 44], [23, 56], [36, 69], [21, 77], [47, 70], [97, 1], [4, 83], [40, 85], [30, 79], [3, 33], [48, 0], [19, 93], [3, 48], [91, 75], [95, 91], [2, 88], [16, 99], [48, 91], [6, 74], [8, 11], [92, 76], [12, 82], [16, 86], [83, 80], [38, 60], [92, 44], [93, 39], [96, 0], [92, 59], [38, 74], [6, 6], [76, 79], [21, 61], [92, 69], [7, 58], [11, 72], [9, 60], [3, 74], [22, 64], [5, 17], [9, 51], [44, 75], [17, 96], [96, 96], [32, 58], [57, 78], [26, 65], [2, 48], [50, 6], [49, 92], [7, 92], [90, 37], [94, 65], [3, 46], [83, 74], [98, 12], [8, 69], [25, 87], [23, 90], [22, 92], [63, 78], [11, 7], [86, 82], [45, 73], [16, 41], [19, 84], [36, 76], [6, 16], [30, 87], [3, 80], [98, 94], [89, 53], [17, 63], [99, 52], [99, 69], [89, 12], [15, 97], [3, 91], [84, 76], [93, 76], [39, 74], [26, 92], [56, 68], [33, 66], [12, 31], [58, 6], [7, 15], [79, 94], [7, 51], [31, 55], [35, 58], [21, 81], [3, 54], [44, 73], [17, 69], [12, 80], [78, 78], [19, 69], [87, 97], [98, 41], [93, 13], [50, 89], [11, 52], [96, 81], [85, 76], [9, 4], [28, 76], [0, 98], [19, 57], [29, 59], [6, 12], [30, 94], [90, 70], [91, 56], [89, 63], [0, 73], [16, 92], [22, 93], [17, 74], [94, 9], [4, 39], [88, 43], [47, 75], [25, 79], [16, 30], [61, 1], [51, 83], [89, 99], [36, 65], [17, 65], [94, 43], [27, 61], [13, 4], [10, 85], [12, 52], [0, 52], [39, 70], [87, 75], [23, 65], [4, 95], [53, 93], [21, 53], [11, 84], [7, 69], [97, 7], [98, 45], [37, 86], [90, 78], [17, 11], [84, 85], [28, 58], [95, 93], [13, 12], [1, 86], [15, 83], [17, 68], [10, 91], [91, 62], [17, 58], [74, 74], [18, 61], [97, 68], [52, 67], [34, 77], [8, 39], [61, 4], [28, 80], [97, 76], [37, 72], [0, 69], [15, 81], [6, 98], [15, 46], [97, 5], [35, 84], [89, 46], [1, 15], [88, 92], [20, 70], [55, 94], [92, 77], [28, 88], [5, 57], [50, 82], [18, 85], [7, 79], [37, 85], [7, 5], [84, 81], [45, 77], [29, 84], [90, 12], [90, 73], [3, 7], [73, 97], [7, 43], [32, 56], [30, 65], [93, 49], [5, 96], [98, 57], [51, 68], [35, 72], [15, 30], [60, 4], [55, 87], [25, 57], [95, 89], [34, 83], [94, 57], [38, 64], [86, 72], [33, 55], [39, 81], [4, 84], [3, 65], [2, 11], [92, 11], [33, 78], [16, 74], [51, 92], [95, 41], [93, 71], [76, 86], [7, 91], [29, 71], [8, 14], [7, 95], [5, 44], [46, 77], [18, 87], [90, 41], [12, 65], [98, 97], [19, 52], [82, 87], [46, 68], [16, 49], [4, 18], [44, 68], [35, 71], [1, 30], [50, 1], [90, 58], [95, 6], [9, 76], [16, 85], [97, 40], [96, 69], [22, 67], [6, 76], [26, 53], [92, 55], [13, 76], [87, 65], [29, 91], [29, 61], [91, 99], [3, 98], [53, 91], [5, 18], [21, 82], [14, 68], [98, 2], [43, 84], [9, 55], [13, 19], [32, 85], [11, 43], [9, 43], [99, 48], [4, 73], [11, 56], [51, 75], [91, 87], [30, 61], [41, 83], [36, 72], [8, 36], [57, 4], [54, 91], [20, 93], [96, 76], [99, 55], [15, 12], [95, 67], [22, 58], [13, 74], [99, 97], [19, 65], [2, 99], [33, 63], [99, 13], [77, 77], [13, 78], [88, 62], [92, 52], [51, 61], [0, 85], [52, 94], [24, 62], [29, 92], [19, 55], [5, 7], [78, 93], [1, 50], [34, 53], [28, 75], [10, 13], [18, 99], [91, 76], [5, 69], [90, 99], [93, 78], [95, 2], [58, 66], [38, 78], [14, 36], [47, 1], [8, 81], [21, 89], [83, 79], [8, 88], [29, 57], [32, 67], [99, 42], [5, 45], [38, 75], [96, 72], [5, 9], [21, 73], [37, 64], [18, 66], [94, 44], [94, 12], [27, 57], [11, 53], [87, 59], [98, 96], [90, 50], [38, 58], [51, 86], [1, 48], [16, 87], [87, 43], [42, 74], [85, 73], [10, 17], [14, 18], [4, 93], [12, 86], [18, 91], [73, 82], [24, 60], [44, 85], [35, 80], [2, 41], [56, 3], [52, 92], [21, 83], [1, 77], [34, 51], [91, 15], [88, 96], [51, 64], [89, 89], [93, 72], [81, 76], [17, 75], [0, 50], [45, 86], [13, 88], [11, 12], [88, 42], [24, 58], [22, 62], [26, 61], [8, 89], [21, 72], [8, 49], [88, 60], [2, 91], [55, 78], [11, 83], [37, 58], [96, 18], [96, 53], [42, 85], [15, 18], [8, 78], [19, 63], [11, 6], [12, 97], [98, 95], [52, 66], [24, 65], [15, 43], [55, 3], [89, 37], [92, 60], [20, 83], [98, 86], [44, 69], [13, 59], [4, 82], [32, 60], [99, 70], [98, 15], [2, 96], [89, 70], [23, 70], [0, 7], [78, 95], [17, 45], [30, 51], [7, 85], [6, 59], [51, 74], [13, 81], [76, 75], [88, 99], [75, 37], [60, 78], [98, 75], [39, 84], [34, 67], [45, 79], [15, 5], [21, 74], [94, 51], [18, 96], [93, 17], [52, 71], [24, 66], [10, 46], [59, 3], [50, 87], [93, 43], [4, 14], [16, 52], [24, 68], [1, 99], [17, 94], [22, 60], [98, 49], [85, 77], [86, 84], [46, 73], [89, 88], [4, 81], [8, 75], [4, 68], [27, 91], [92, 68], [19, 54], [28, 87], [88, 61], [27, 74], [0, 82], [97, 16], [13, 0], [24, 61], [48, 90], [1, 57], [42, 70], [39, 85], [17, 20], [30, 60], [23, 89], [36, 59], [96, 50], [0, 96], [49, 72], [31, 66], [11, 45], [60, 1], [11, 41], [99, 93], [16, 73], [93, 58], [94, 60], [10, 77], [17, 9], [94, 18], [19, 83], [88, 69], [77, 85], [2, 42], [83, 91], [49, 77], [99, 56], [13, 92], [17, 99], [91, 53], [23, 62], [14, 63], [18, 78], [90, 90], [1, 97], [55, 85], [3, 3], [3, 81], [96, 16], [35, 83], [8, 3], [11, 40], [9, 67], [0, 58], [51, 71], [31, 62], [55, 66], [37, 74], [20, 34], [57, 0], [53, 90], [83, 77], [88, 56], [13, 67], [18, 71], [9, 80], [94, 53], [97, 48], [4, 92], [16, 71], [4, 8], [77, 90], [2, 53], [28, 53], [92, 89], [94, 16], [85, 83], [3, 96], [10, 56], [30, 72], [95, 62], [38, 63], [95, 42], [5, 39], [80, 76], [55, 95], [11, 97], [87, 48], [36, 85], [93, 75], [12, 18], [12, 15], [7, 73], [20, 74], [79, 87], [21, 56], [57, 68], [35, 64], [3, 36], [60, 5], [26, 86], [6, 68], [98, 16], [36, 62], [93, 91], [0, 62], [39, 76], [11, 87], [8, 53], [7, 88], [97, 51], [11, 54], [13, 63], [3, 16], [11, 78], [89, 51], [88, 64], [19, 94], [91, 86], [36, 82], [5, 54], [98, 54], [99, 16], [89, 68], [22, 74], [23, 59], [23, 86], [89, 93], [48, 89], [38, 86], [29, 60], [10, 11], [58, 67], [37, 68], [11, 35], [56, 4], [50, 90], [12, 1], [20, 62], [15, 91], [14, 96], [87, 46], [38, 61], [4, 85], [31, 92], [10, 40], [80, 75], [10, 78], [91, 17], [18, 67], [2, 52], [52, 72], [13, 42], [96, 97], [89, 56], [84, 78], [0, 6], [6, 87], [74, 80], [83, 90], [47, 71], [99, 72], [21, 76], [24, 93], [97, 50], [23, 64], [34, 61], [24, 92], [2, 94], [54, 82], [90, 15], [32, 71], [16, 16], [7, 71], [52, 69], [36, 64], [7, 32], [54, 4], [89, 75], [1, 6], [77, 91], [12, 51], [35, 53], [99, 95], [16, 67], [46, 69], [97, 38], [6, 43], [21, 91], [89, 48], [84, 75], [15, 78], [22, 71], [26, 84], [4, 70], [90, 17], [5, 62], [54, 85], [0, 90], [91, 57], [6, 66], [10, 5], [97, 74], [89, 94], [37, 59], [95, 70], [27, 64], [86, 98], [50, 94], [35, 86], [6, 4], [52, 68], [24, 69], [12, 33], [45, 1], [48, 92], [9, 93], [92, 47], [3, 79], [20, 76], [3, 40], [92, 16], [28, 55], [18, 53], [91, 77], [17, 7], [17, 81], [74, 83], [44, 79], [21, 93], [7, 89], [4, 72], [86, 73], [23, 61], [96, 95], [11, 64], [16, 91], [94, 39], [15, 90], [9, 83], [93, 18], [2, 60], [54, 83], [89, 50], [1, 16], [96, 79], [46, 76], [95, 56], [37, 62], [53, 86], [35, 85], [16, 12], [53, 66], [36, 67], [10, 39], [64, 3], [4, 38], [33, 57], [24, 52], [93, 79], [14, 88], [8, 96], [89, 74], [97, 93], [30, 90], [92, 53], [26, 91], [99, 15], [7, 7], [45, 68], [24, 54], [73, 31], [72, 34], [9, 52], [37, 51], [72, 84], [4, 28], [52, 54], [7, 29], [84, 98], [17, 22], [96, 59], [7, 96], [74, 8], [52, 64], [52, 0], [87, 88], [0, 30], [95, 94], [81, 93], [87, 82], [55, 65], [72, 96], [0, 36], [74, 19], [65, 5], [71, 20], [3, 56], [21, 68], [11, 60], [70, 20], [11, 3], [7, 53], [0, 64], [67, 38], [10, 92], [9, 12], [69, 11], [76, 78], [13, 32], [31, 91], [0, 59], [81, 81], [53, 2], [15, 42], [69, 25], [8, 61], [93, 73], [55, 0], [4, 15], [92, 79], [1, 1], [73, 1], [12, 96], [17, 67], [14, 29], [51, 91], [37, 4], [93, 41], [72, 15], [66, 5], [85, 90], [2, 12], [73, 95], [89, 49], [3, 38], [72, 38], [21, 32], [0, 54], [76, 83], [11, 62], [14, 39], [73, 89], [10, 27], [5, 99], [8, 6], [78, 87], [94, 20], [19, 35], [11, 21], [28, 57], [67, 8], [35, 1], [80, 83], [43, 2], [0, 27], [38, 56], [10, 21], [77, 98], [1, 79], [80, 1], [97, 91], [21, 34], [3, 15], [12, 57], [21, 67], [7, 60], [90, 80], [67, 30], [2, 9], [8, 8], [74, 5], [19, 70], [20, 29], [20, 33], [14, 0], [67, 7], [73, 10], [84, 90], [28, 51], [1, 21], [51, 56], [94, 84], [51, 55], [79, 1], [18, 63], [75, 92], [89, 59], [70, 15], [87, 83], [94, 90], [92, 93], [0, 23], [5, 52], [7, 30], [92, 82], [91, 91], [88, 44], [2, 23], [72, 11], [72, 17], [93, 15], [89, 44], [71, 24], [5, 15], [89, 69], [14, 24], [72, 18], [4, 0], [68, 12], [90, 93], [12, 63], [92, 88], [75, 87], [69, 29], [6, 30], [96, 45], [5, 24], [38, 53], [20, 87], [4, 3], [12, 23], [92, 48], [97, 18], [55, 96], [4, 80], [99, 21], [5, 0], [99, 84], [82, 85], [79, 86], [58, 51], [8, 29], [0, 39], [17, 40], [2, 18], [3, 9], [72, 37], [78, 79], [56, 60], [11, 29], [13, 26], [0, 42], [70, 26], [70, 27], [5, 89], [3, 39], [0, 76], [94, 81], [70, 38], [45, 4], [26, 55], [96, 86], [11, 16], [7, 55], [91, 47], [61, 2], [15, 35], [88, 70], [79, 91], [83, 93], [4, 35], [64, 78], [14, 32], [10, 31], [3, 78], [76, 98], [74, 4], [81, 91], [52, 5], [52, 61], [3, 64], [20, 69], [8, 28], [9, 28], [75, 18], [11, 22], [86, 81], [70, 12], [40, 5], [61, 5], [70, 5], [72, 0], [8, 97], [4, 27], [98, 18], [55, 53], [72, 6], [99, 86], [3, 77], [76, 76], [72, 91], [91, 74], [2, 87], [20, 66], [69, 12], [3, 50], [17, 14], [27, 56], [1, 65], [57, 57], [69, 33], [8, 31], [96, 46], [12, 48], [21, 92], [74, 20], [50, 3], [11, 13], [55, 52], [95, 43], [75, 78], [8, 26], [96, 94], [72, 36], [14, 21], [56, 53], [3, 24], [24, 53], [97, 84], [1, 73], [53, 58], [40, 3], [74, 82], [44, 2], [4, 58], [78, 84], [74, 13], [12, 67], [57, 64], [4, 47], [8, 27], [24, 33], [40, 1], [20, 30], [7, 28], [83, 96], [15, 95], [72, 21], [72, 25], [2, 72], [72, 98], [14, 23], [1, 64], [9, 41], [54, 96], [80, 90], [68, 39], [7, 99], [79, 98], [56, 64], [72, 29], [8, 25], [92, 98], [54, 56], [8, 24], [22, 73], [31, 89], [78, 0], [49, 90], [31, 93], [70, 21], [67, 36], [12, 53], [20, 68], [41, 0], [69, 8], [38, 3], [81, 85], [0, 26], [55, 64], [10, 0], [22, 35], [17, 92], [16, 26], [14, 67], [70, 19], [99, 18], [91, 85], [2, 55], [91, 84], [16, 63], [17, 43], [13, 18], [69, 20], [76, 2], [28, 93], [0, 4], [96, 84], [16, 10], [28, 52], [83, 86], [67, 27], [72, 27], [6, 73], [13, 33], [67, 2], [8, 38], [71, 11], [12, 28], [48, 1], [4, 5], [1, 26], [94, 88], [93, 81], [15, 6], [5, 25], [97, 79], [11, 14], [12, 35], [2, 83], [86, 93], [17, 27], [3, 34], [1, 94], [96, 17], [54, 54], [24, 29], [80, 93], [99, 92], [9, 5], [14, 66], [5, 1], [5, 80], [1, 18], [0, 55], [10, 30], [91, 20], [0, 28], [70, 9], [97, 83], [79, 2], [9, 39], [91, 16], [12, 21], [26, 52], [34, 56], [67, 0], [95, 15], [69, 17], [35, 6], [41, 2], [77, 79], [71, 19], [55, 55], [35, 0], [72, 16], [70, 32], [69, 32], [1, 14], [76, 82], [2, 34], [36, 52], [4, 94], [15, 37], [3, 93], [58, 54], [17, 39], [9, 19], [76, 80], [73, 75], [35, 3], [93, 83], [84, 84], [12, 62], [73, 39], [19, 30], [3, 63], [75, 3], [33, 58], [23, 57], [23, 34], [66, 32], [91, 82], [3, 86], [62, 0], [11, 39], [82, 97], [5, 22], [7, 98], [68, 38], [73, 87], [94, 79], [72, 99], [72, 32], [75, 89], [7, 75], [94, 82], [84, 91], [4, 24], [73, 99], [98, 93], [76, 74], [35, 5], [75, 95], [99, 44], [36, 4], [2, 22], [66, 37], [71, 32], [68, 2], [2, 63], [0, 78], [1, 3], [77, 87], [6, 34], [73, 28], [53, 53], [43, 1], [84, 87], [74, 18], [79, 77], [33, 53], [4, 45], [97, 45], [67, 3], [83, 95], [80, 84], [9, 62], [89, 58], [89, 19], [66, 33], [7, 26], [23, 92], [10, 34], [0, 11], [95, 17], [81, 82], [35, 55], [75, 20], [71, 30], [2, 67], [52, 58], [9, 10], [17, 0], [12, 0], [38, 59], [79, 84], [19, 64], [67, 19], [8, 67], [23, 35], [25, 92], [57, 54], [4, 74], [97, 17], [37, 53], [5, 60], [62, 5], [4, 98], [70, 78], [17, 25], [8, 57], [74, 17], [73, 29], [4, 62], [55, 51], [89, 85], [12, 40], [8, 63], [67, 1], [1, 11], [25, 54], [81, 96], [66, 6], [54, 57], [62, 4], [10, 53], [8, 41], [3, 37], [38, 57], [35, 2], [58, 56], [3, 32], [69, 16], [15, 28], [58, 61], [52, 51], [16, 33], [15, 21], [69, 2], [92, 18], [7, 81], [94, 19], [75, 97], [99, 25], [6, 20], [99, 80], [34, 57], [25, 51], [0, 45], [6, 67], [10, 20], [38, 6], [8, 40], [77, 75], [42, 1], [67, 31], [52, 52], [67, 23], [81, 78], [68, 10], [99, 20], [73, 38], [90, 85], [57, 60], [87, 42], [53, 1], [79, 80], [66, 30], [15, 62], [50, 91], [48, 3], [1, 62], [68, 29], [24, 34], [1, 31], [70, 33], [8, 9], [89, 81], [24, 35], [5, 86], [5, 70], [88, 77], [72, 26], [99, 83], [99, 79], [15, 17], [10, 2], [95, 78], [17, 30], [98, 20], [94, 45], [92, 49], [59, 4], [53, 54], [79, 81], [13, 5], [3, 28], [66, 39], [77, 80], [97, 15], [72, 80], [11, 20], [70, 10], [0, 72], [54, 64], [50, 68], [4, 41], [74, 7], [15, 68], [99, 27], [70, 30], [57, 61], [94, 91], [79, 0], [82, 96], [54, 97], [58, 1], [10, 84], [7, 16], [74, 81], [4, 32], [14, 10], [8, 60], [88, 54], [53, 56], [3, 44], [95, 83], [70, 13], [5, 53], [13, 27], [13, 53], [54, 52], [93, 45], [73, 3], [87, 85], [53, 67], [14, 33], [0, 0], [22, 52], [94, 73], [9, 22], [66, 3], [16, 28], [87, 78], [3, 61], [90, 18], [56, 57], [77, 84], [3, 25], [38, 5], [29, 51], [6, 27], [31, 61], [55, 98], [72, 82], [95, 80], [89, 77], [3, 18], [27, 94], [72, 4], [70, 24], [14, 45], [1, 29], [23, 54], [73, 96], [10, 37], [91, 19], [16, 48], [70, 14], [20, 64], [38, 2], [74, 39], [95, 81], [81, 98], [5, 94], [11, 37], [7, 11], [74, 94], [42, 2], [12, 29], [6, 46], [76, 97], [8, 32], [21, 29], [54, 51], [67, 20], [98, 77], [2, 54], [13, 23], [76, 0], [98, 85], [16, 31], [75, 94], [75, 80], [19, 29], [87, 61], [84, 97], [2, 17], [67, 35], [7, 66], [78, 2], [88, 82], [9, 94], [3, 57], [6, 75], [2, 68], [68, 1], [9, 24], [5, 2], [7, 41], [23, 32], [74, 90], [17, 66], [27, 51], [18, 29], [99, 31], [62, 1], [99, 19], [6, 28], [72, 22], [6, 32], [24, 36], [53, 55], [7, 37], [73, 78], [85, 85], [73, 24], [56, 58], [94, 85], [5, 66], [5, 40], [75, 5], [21, 70], [10, 63], [1, 78], [78, 96], [20, 52], [42, 3], [5, 26], [80, 95], [82, 89], [79, 88], [2, 36], [81, 80], [64, 5], [93, 20], [55, 58], [73, 18], [9, 66], [84, 88], [17, 47], [99, 26], [9, 32], [72, 12], [0, 35], [56, 65], [70, 3], [73, 14], [70, 28], [72, 81], [6, 26], [7, 27], [1, 46], [88, 78], [0, 41], [72, 23], [78, 82], [57, 53], [82, 84], [60, 6], [75, 7], [25, 53], [17, 13], [12, 30], [97, 81], [2, 20], [66, 1], [69, 18], [59, 5], [0, 61], [54, 53], [70, 6], [74, 11], [2, 45], [1, 66], [24, 32], [36, 53], [13, 70], [15, 61], [17, 21], [2, 70], [72, 78], [67, 14], [1, 13], [0, 68], [1, 0], [7, 0], [98, 37], [75, 91], [41, 1], [5, 28], [77, 89], [5, 23], [4, 59], [74, 92], [72, 13], [54, 55], [88, 46], [14, 47], [51, 57], [94, 15], [67, 10], [66, 38], [87, 81], [0, 13], [10, 8], [14, 31], [71, 29], [12, 59], [73, 26], [37, 54], [14, 7], [11, 34], [9, 26], [72, 95], [74, 15], [73, 11], [16, 6], [55, 56], [14, 27], [14, 1], [72, 93], [18, 82], [10, 68], [58, 59], [12, 8], [4, 21], [78, 75], [11, 46], [88, 93], [5, 59], [13, 34], [83, 94], [4, 34], [71, 0], [75, 82], [5, 42], [5, 72], [74, 2], [0, 34], [67, 5], [42, 0], [81, 79], [8, 1], [85, 81], [67, 32], [21, 62], [23, 55], [3, 29], [70, 7], [36, 51], [11, 63], [80, 98], [0, 46], [45, 6], [69, 21], [9, 30], [77, 1], [52, 60], [97, 85], [0, 79], [99, 96], [93, 98], [86, 91], [38, 1], [54, 63], [4, 52], [67, 26], [80, 92], [69, 9], [63, 2], [10, 42], [79, 96], [56, 51], [73, 7], [72, 79], [53, 62], [74, 91], [15, 64], [72, 30], [7, 36], [13, 1], [98, 38], [3, 68], [15, 22], [28, 89], [1, 53], [99, 28], [75, 76], [73, 15], [9, 29], [29, 55], [75, 86], [54, 61], [1, 58], [3, 10], [37, 57], [16, 55], [1, 22], [37, 2], [2, 97], [9, 20], [54, 58], [94, 76], [68, 14], [2, 76], [16, 62], [56, 55], [55, 4], [10, 26], [73, 5], [99, 17], [74, 6], [77, 2], [46, 3], [13, 83], [4, 79], [73, 20], [13, 72], [92, 85], [73, 85], [55, 61], [35, 54], [20, 35], [4, 22], [4, 29], [24, 30], [71, 12], [15, 36], [68, 27], [20, 36], [99, 98], [14, 8], [82, 98], [31, 52], [76, 1], [55, 63], [0, 9], [74, 76], [15, 13], [38, 52], [32, 53], [83, 92], [68, 7], [9, 33], [74, 12], [37, 3], [5, 31], [2, 2], [1, 59], [9, 14], [73, 23], [72, 89], [38, 0], [95, 98], [5, 32], [4, 42], [71, 8], [6, 31], [37, 6], [56, 59], [2, 43], [90, 20], [1, 38], [76, 94], [11, 8], [77, 88], [2, 51], [83, 87], [83, 78], [44, 0], [14, 22], [96, 99], [40, 0], [67, 22], [92, 17], [2, 50], [99, 23], [98, 59], [9, 68], [72, 19], [98, 78], [71, 35], [51, 69], [9, 11], [86, 87], [37, 1], [96, 98], [1, 69], [41, 6], [22, 29], [0, 1], [67, 15], [68, 11], [19, 31], [9, 95], [84, 95], [80, 82], [57, 59], [67, 33], [9, 87], [3, 0], [6, 24], [67, 9], [75, 1], [91, 83], [36, 5], [71, 39], [69, 5], [21, 69], [73, 12], [67, 6], [17, 23], [51, 53], [72, 86], [57, 1], [67, 4], [58, 53], [82, 80], [11, 26], [54, 99], [69, 30], [96, 19], [10, 24], [80, 0], [53, 51], [17, 49], [7, 12], [17, 37], [21, 66], [75, 14], [61, 3], [11, 32], [13, 38], [95, 20], [1, 81], [8, 93], [0, 22], [89, 90], [72, 8], [95, 16], [37, 5], [69, 24], [12, 76], [76, 91], [41, 3], [58, 60], [53, 57], [27, 92], [65, 1], [73, 34], [22, 34], [17, 98], [65, 3], [73, 2], [35, 57], [67, 37], [71, 21], [96, 93], [12, 69], [69, 27], [68, 37], [79, 89], [0, 2], [11, 31], [73, 33], [4, 23], [12, 19], [10, 28], [66, 26], [75, 13], [14, 34], [6, 21], [89, 18], [82, 99], [23, 36], [78, 89], [39, 4], [82, 75], [2, 74], [4, 13], [43, 3], [1, 74], [10, 38], [54, 62], [5, 37], [8, 77], [2, 77], [83, 99], [11, 28], [75, 17], [48, 6], [55, 62], [71, 37], [67, 18], [12, 37], [73, 77], [11, 27], [28, 91], [0, 71], [75, 83], [67, 13], [72, 85], [49, 68], [90, 86], [5, 97], [1, 61], [13, 35], [37, 52], [69, 36], [7, 39], [37, 55], [5, 38], [58, 52], [91, 95], [73, 98], [80, 89], [91, 42], [73, 94], [7, 77], [78, 83], [96, 80], [35, 4], [74, 97], [20, 32], [17, 10], [85, 88], [8, 22], [53, 61], [68, 26], [58, 63], [73, 16], [10, 54], [42, 4], [21, 54], [68, 33], [14, 26], [91, 44], [68, 20], [70, 29], [0, 99], [2, 6], [70, 31], [8, 83], [67, 16], [71, 10], [55, 59], [3, 27], [6, 69], [72, 7], [90, 16], [68, 5], [83, 84], [81, 89], [89, 20], [76, 99], [37, 56], [4, 86], [68, 35], [68, 9], [75, 84], [69, 19], [71, 16], [73, 6], [72, 1], [0, 20], [95, 37], [4, 55], [87, 86], [52, 63], [78, 77], [91, 18], [17, 59], [1, 63], [70, 22], [77, 93], [67, 24], [71, 31], [18, 31], [91, 80], [73, 80], [74, 95], [10, 55], [90, 79], [74, 88], [69, 23], [5, 35], [67, 39], [1, 39], [17, 35], [56, 62], [16, 36], [92, 46], [90, 49], [23, 29], [78, 76], [8, 73], [1, 34], [17, 24], [56, 52], [65, 4], [38, 4], [99, 35], [94, 86], [9, 79], [2, 1], [0, 49], [71, 25], [27, 52], [99, 24], [58, 5], [66, 25], [5, 63], [71, 5], [22, 53], [1, 33], [6, 29], [1, 19], [4, 7], [39, 1], [99, 82], [82, 78], [17, 57], [2, 59], [80, 96], [7, 23], [89, 86], [54, 68], [14, 28], [54, 65], [52, 4], [84, 80], [0, 12], [3, 76], [7, 19], [19, 32], [56, 61], [3, 17], [69, 0], [72, 2], [6, 13], [16, 51], [15, 11], [0, 66], [81, 84], [6, 11], [2, 26], [0, 37], [17, 34], [68, 8], [12, 34], [95, 82], [68, 32], [72, 24], [66, 36], [7, 34], [2, 27], [85, 80], [94, 80], [18, 33], [17, 97], [52, 89], [2, 66], [21, 30], [69, 3], [76, 81], [70, 25], [84, 99], [57, 65], [66, 4], [13, 24], [74, 3], [3, 42], [74, 86], [1, 27], [7, 33], [18, 36], [26, 58], [58, 64], [7, 38], [5, 61], [12, 24], [90, 83], [71, 18], [9, 34], [13, 21], [8, 30], [96, 15], [81, 99], [96, 82], [7, 22], [92, 15], [2, 73], [48, 68], [68, 34], [74, 10], [31, 60], [12, 6], [88, 81], [2, 7], [52, 62], [17, 26], [0, 15], [5, 20], [2, 21], [17, 5], [15, 51], [75, 96], [75, 19], [56, 63], [68, 30], [42, 5], [9, 38], [3, 21], [9, 27], [13, 22], [5, 36], [4, 69], [93, 97], [0, 51], [75, 2], [93, 38], [6, 23], [15, 20], [79, 99], [10, 36], [27, 54], [3, 55], [74, 77], [9, 21], [77, 86], [18, 60], [15, 29], [64, 2], [90, 82], [10, 33], [81, 94], [77, 0], [74, 16], [56, 54], [73, 8], [38, 51], [87, 99], [96, 85], [58, 57], [94, 83], [91, 81], [57, 56], [9, 65], [66, 35], [98, 81], [69, 26], [73, 13], [23, 31], [5, 98], [71, 1], [59, 6], [93, 82], [16, 54], [1, 32], [96, 83], [14, 9], [6, 65], [39, 0], [15, 69], [81, 83], [68, 19], [27, 53], [15, 25], [51, 52], [21, 35], [71, 3], [45, 2], [91, 92], [94, 46], [75, 10], [18, 62], [12, 70], [10, 1], [76, 88], [3, 1], [71, 13], [6, 61], [99, 30], [0, 93], [22, 30], [9, 63], [68, 17], [68, 23], [71, 7], [74, 79], [70, 0], [1, 75], [12, 25], [22, 36], [0, 29], [8, 33], [77, 78], [6, 36], [93, 16], [75, 16], [3, 67], [68, 16], [36, 6], [10, 58], [9, 64], [86, 80], [97, 82], [76, 96], [4, 96], [99, 29], [97, 19], [75, 39], [2, 64], [3, 62], [98, 99], [80, 86], [14, 35], [12, 27], [0, 65], [40, 4], [90, 46], [58, 4], [17, 28], [51, 51], [33, 51], [54, 2], [71, 23], [73, 19], [13, 54], [30, 57], [87, 80], [70, 37], [2, 69], [1, 25], [71, 27], [81, 87], [73, 9], [10, 50], [53, 65], [46, 6], [66, 7], [2, 29], [15, 66], [69, 1], [17, 38], [4, 11], [7, 21], [50, 92], [98, 46], [1, 23], [83, 89], [2, 16], [54, 67], [46, 4], [15, 72], [73, 25], [92, 75], [53, 3], [5, 64], [1, 41], [11, 25], [81, 97], [75, 12], [0, 56], [4, 33], [73, 17], [42, 6], [61, 0], [0, 33], [13, 28], [87, 89], [4, 65], [88, 89], [84, 94], [10, 66], [68, 18], [15, 0], [81, 92], [76, 84], [0, 84], [90, 81], [95, 90], [73, 37], [4, 61], [71, 4], [75, 0], [71, 22], [26, 57], [75, 6], [10, 22], [65, 0], [63, 0], [19, 66], [0, 25], [8, 34], [68, 28], [4, 26], [86, 78], [7, 83], [10, 35], [5, 58], [98, 89], [36, 0], [8, 19], [16, 42], [90, 47], [51, 54], [0, 57], [30, 52], [21, 31], [32, 61], [11, 18], [4, 17], [3, 70], [14, 44], [45, 5], [9, 97], [9, 36], [17, 31], [23, 30], [13, 65], [52, 65], [31, 86], [1, 4], [72, 90], [67, 12], [9, 7], [6, 2], [30, 91], [6, 22], [69, 28], [68, 31], [12, 66], [46, 5], [33, 54], [69, 4], [88, 45], [19, 61], [93, 84], [1, 72], [2, 3], [66, 28]]}