{"meta": {"number_of_robots": 911, "description": {"parameters": {"seed": 8578, "shape": [75, 75], "obstacles": {"n": 40, "mean": 10, "std": 5.0}, "clusters": {"n": 20, "mean": 40, "std": 20.0, "relative_radius": 2, "increase_factor": 1.3, "start_dist": {"generator_name": "uniform", "shape": [75, 75], "min": 1.0, "max": 1.0, "mean": 1.0, "std": 0.0, "dtype": "float64", "parameters": {}}, "target_dist": {"generator_name": "uniform", "shape": [75, 75], "min": 1.0, "max": 1.0, "mean": 1.0, "std": 0.0, "dtype": "float64", "parameters": {}}}, "density": 0.3, "start_dist": {"generator_name": "uniform", "shape": [75, 75], "min": 1.0, "max": 1.0, "mean": 1.0, "std": 0.0, "dtype": "float64", "parameters": {}}, "target_dist": {"generator_name": "uniform", "shape": [75, 75], "min": 1.0, "max": 1.0, "mean": 1.0, "std": 0.0, "dtype": "float64", "parameters": {}}}, "stats": {"date": "2020-11-17", "free_area": 3034.0, "number_of_clustered_robots": 864, "number_of_robots": 911}}}, "name": "large_000_75x75_30_911", "obstacles": [[1, 45], [1, 46], [1, 47], [1, 48], [1, 49], [1, 50], [1, 51], [1, 52], [1, 53], [1, 54], [1, 55], [2, 45], [2, 56], [2, 57], [2, 58], [2, 59], [2, 60], [2, 61], [2, 62], [2, 63], [2, 64], [2, 65], [2, 66], [2, 67], [2, 68], [3, 45], [3, 68], [4, 45], [4, 46], [4, 47], [4, 48], [4, 49], [4, 68], [5, 50], [5, 68], [6, 16], [6, 17], [6, 18], [6, 19], [6, 20], [6, 21], [6, 22], [6, 50], [6, 68], [7, 16], [7, 22], [7, 50], [7, 68], [8, 16], [8, 22], [8, 50], [8, 68], [9, 16], [9, 22], [9, 24], [9, 25], [9, 26], [9, 27], [9, 28], [9, 29], [9, 30], [9, 31], [9, 32], [9, 33], [9, 50], [9, 68], [10, 16], [10, 22], [10, 24], [10, 33], [10, 50], [10, 68], [11, 16], [11, 22], [11, 24], [11, 33], [11, 48], [11, 49], [11, 67], [12, 16], [12, 22], [12, 24], [12, 33], [12, 48], [12, 67], [13, 16], [13, 17], [13, 18], [13, 19], [13, 20], [13, 21], [13, 22], [13, 24], [13, 33], [13, 48], [13, 67], [14, 24], [14, 33], [14, 48], [14, 65], [14, 66], [14, 67], [15, 24], [15, 33], [15, 48], [15, 64], [16, 24], [16, 33], [16, 48], [16, 64], [17, 24], [17, 33], [17, 48], [17, 64], [18, 4], [18, 5], [18, 6], [18, 7], [18, 8], [18, 9], [18, 10], [18, 11], [18, 12], [18, 13], [18, 14], [18, 15], [18, 16], [18, 17], [18, 18], [18, 19], [18, 20], [18, 21], [18, 22], [18, 23], [18, 33], [18, 39], [18, 40], [18, 41], [18, 42], [18, 43], [18, 44], [18, 45], [18, 46], [18, 47], [18, 61], [18, 62], [18, 63], [19, 4], [19, 33], [19, 39], [19, 60], [20, 4], [20, 34], [20, 35], [20, 36], [20, 37], [20, 38], [20, 60], [21, 4], [21, 61], [21, 62], [21, 63], [21, 64], [21, 65], [21, 66], [21, 67], [21, 68], [21, 69], [22, 4], [22, 69], [23, 4], [23, 5], [23, 27], [23, 69], [24, 6], [24, 26], [24, 28], [24, 69], [25, 6], [25, 26], [25, 28], [25, 29], [25, 30], [25, 31], [25, 32], [25, 33], [25, 34], [25, 35], [25, 36], [25, 37], [25, 38], [25, 52], [25, 53], [25, 54], [25, 55], [25, 56], [25, 57], [25, 58], [25, 69], [26, 6], [26, 26], [26, 39], [26, 51], [26, 59], [26, 69], [27, 6], [27, 26], [27, 39], [27, 40], [27, 41], [27, 48], [27, 49], [27, 50], [27, 51], [27, 59], [27, 60], [27, 61], [27, 62], [27, 63], [27, 64], [27, 65], [27, 66], [27, 67], [27, 68], [27, 69], [28, 6], [28, 20], [28, 21], [28, 22], [28, 23], [28, 24], [28, 25], [28, 26], [28, 42], [28, 47], [29, 6], [29, 19], [29, 42], [29, 47], [30, 6], [30, 19], [30, 42], [30, 47], [31, 6], [31, 19], [31, 42], [31, 47], [32, 6], [32, 19], [32, 42], [32, 48], [32, 49], [32, 50], [32, 51], [32, 52], [32, 53], [32, 54], [32, 55], [32, 56], [32, 57], [32, 58], [32, 59], [32, 60], [33, 6], [33, 19], [33, 42], [33, 60], [33, 66], [33, 67], [34, 6], [34, 7], [34, 8], [34, 9], [34, 10], [34, 11], [34, 12], [34, 13], [34, 14], [34, 15], [34, 17], [34, 18], [34, 19], [34, 22], [34, 23], [34, 24], [34, 25], [34, 26], [34, 27], [34, 28], [34, 29], [34, 42], [34, 60], [34, 66], [34, 67], [35, 16], [35, 22], [35, 29], [35, 42], [35, 43], [35, 44], [35, 45], [35, 46], [35, 47], [35, 60], [35, 66], [35, 67], [36, 16], [36, 22], [36, 29], [36, 48], [36, 60], [36, 66], [36, 67], [37, 16], [37, 22], [37, 29], [37, 48], [37, 60], [37, 66], [37, 67], [38, 16], [38, 22], [38, 29], [38, 48], [38, 60], [38, 66], [38, 67], [39, 16], [39, 22], [39, 30], [39, 31], [39, 32], [39, 33], [39, 34], [39, 35], [39, 36], [39, 37], [39, 38], [39, 39], [39, 40], [39, 48], [39, 60], [39, 66], [39, 67], [40, 16], [40, 22], [40, 40], [40, 48], [40, 60], [41, 16], [41, 22], [41, 41], [41, 42], [41, 43], [41, 44], [41, 45], [41, 48], [41, 60], [42, 16], [42, 22], [42, 45], [42, 48], [42, 60], [43, 22], [43, 23], [43, 24], [43, 25], [43, 45], [43, 48], [43, 60], [44, 26], [44, 45], [44, 48], [44, 60], [45, 26], [45, 45], [45, 48], [45, 60], [46, 26], [46, 36], [46, 37], [46, 45], [46, 48], [46, 60], [47, 27], [47, 35], [47, 38], [47, 45], [47, 48], [47, 61], [47, 62], [47, 63], [47, 64], [47, 65], [47, 66], [48, 27], [48, 35], [48, 38], [48, 45], [48, 48], [48, 66], [49, 27], [49, 35], [49, 38], [49, 45], [49, 48], [49, 49], [49, 50], [49, 51], [49, 52], [49, 53], [49, 54], [49, 55], [49, 56], [49, 66], [50, 20], [50, 21], [50, 22], [50, 27], [50, 35], [50, 38], [50, 45], [50, 57], [50, 66], [51, 20], [51, 22], [51, 27], [51, 35], [51, 38], [51, 45], [51, 57], [51, 66], [52, 9], [52, 10], [52, 11], [52, 12], [52, 13], [52, 14], [52, 20], [52, 22], [52, 27], [52, 35], [52, 38], [52, 45], [52, 57], [52, 66], [53, 9], [53, 14], [53, 20], [53, 22], [53, 27], [53, 35], [53, 38], [53, 45], [53, 57], [53, 66], [54, 9], [54, 14], [54, 20], [54, 22], [54, 27], [54, 35], [54, 38], [54, 45], [54, 57], [54, 66], [55, 9], [55, 14], [55, 20], [55, 22], [55, 27], [55, 35], [55, 38], [55, 46], [55, 47], [55, 48], [55, 49], [55, 50], [55, 51], [55, 52], [55, 53], [55, 54], [55, 55], [55, 56], [55, 67], [55, 68], [55, 69], [56, 9], [56, 14], [56, 20], [56, 22], [56, 27], [56, 35], [56, 38], [56, 69], [57, 9], [57, 14], [57, 20], [57, 22], [57, 27], [57, 28], [57, 29], [57, 30], [57, 31], [57, 32], [57, 33], [57, 34], [57, 35], [57, 38], [57, 69], [58, 9], [58, 14], [58, 20], [58, 21], [58, 22], [58, 38], [58, 61], [58, 62], [58, 69], [59, 9], [59, 14], [59, 38], [59, 60], [59, 63], [59, 69], [60, 9], [60, 14], [60, 38], [60, 46], [60, 47], [60, 48], [60, 49], [60, 50], [60, 51], [60, 52], [60, 53], [60, 54], [60, 55], [60, 56], [60, 57], [60, 58], [60, 59], [60, 60], [60, 63], [60, 69], [61, 9], [61, 14], [61, 36], [61, 37], [61, 45], [61, 63], [61, 69], [62, 9], [62, 14], [62, 36], [62, 44], [62, 47], [62, 48], [62, 49], [62, 50], [62, 51], [62, 52], [62, 53], [62, 54], [62, 55], [62, 56], [62, 57], [62, 58], [62, 63], [62, 69], [63, 9], [63, 15], [63, 16], [63, 17], [63, 18], [63, 19], [63, 36], [63, 44], [63, 47], [63, 58], [63, 63], [63, 69], [64, 9], [64, 19], [64, 36], [64, 44], [64, 47], [64, 58], [64, 63], [64, 69], [65, 9], [65, 19], [65, 36], [65, 44], [65, 47], [65, 58], [65, 63], [65, 69], [66, 9], [66, 19], [66, 28], [66, 29], [66, 30], [66, 31], [66, 32], [66, 33], [66, 34], [66, 35], [66, 44], [66, 47], [66, 58], [66, 63], [66, 69], [67, 9], [67, 19], [67, 28], [67, 44], [67, 47], [67, 48], [67, 49], [67, 50], [67, 51], [67, 52], [67, 53], [67, 54], [67, 55], [67, 56], [67, 57], [67, 58], [67, 63], [67, 69], [68, 9], [68, 19], [68, 24], [68, 25], [68, 26], [68, 27], [68, 37], [68, 38], [68, 39], [68, 40], [68, 41], [68, 42], [68, 43], [68, 44], [68, 63], [68, 64], [68, 65], [68, 66], [68, 67], [68, 68], [68, 69], [69, 9], [69, 19], [69, 24], [69, 25], [69, 26], [69, 27], [69, 36], [70, 9], [70, 19], [70, 28], [70, 36], [71, 9], [71, 19], [71, 28], [71, 36], [72, 9], [72, 19], [72, 28], [72, 36], [73, 7], [73, 8], [73, 14], [73, 15], [73, 16], [73, 17], [73, 18], [73, 19], [73, 28], [73, 29], [73, 30], [73, 31], [73, 32], [73, 33], [73, 34], [73, 35], [73, 36], [74, 7], [74, 8], [74, 9], [74, 10], [74, 11], [74, 12], [74, 13]], "starts": [[15, 23], [40, 64], [64, 23], [44, 12], [3, 28], [72, 46], [6, 37], [0, 66], [37, 46], [69, 51], [49, 11], [19, 63], [12, 43], [53, 18], [59, 18], [28, 31], [17, 67], [32, 68], [19, 65], [14, 3], [30, 56], [5, 1], [6, 73], [20, 67], [53, 49], [45, 5], [5, 30], [38, 71], [39, 64], [27, 70], [5, 45], [40, 5], [31, 37], [7, 4], [9, 74], [20, 63], [69, 46], [42, 9], [30, 54], [14, 2], [16, 37], [52, 70], [27, 74], [2, 26], [1, 72], [18, 68], [58, 24], [1, 41], [40, 17], [15, 16], [28, 34], [64, 29], [37, 36], [2, 0], [29, 71], [53, 55], [0, 61], [48, 8], [7, 38], [51, 70], [35, 64], [26, 72], [48, 36], [7, 8], [0, 37], [45, 9], [7, 73], [20, 69], [61, 56], [44, 7], [44, 47], [8, 3], [6, 31], [45, 66], [31, 67], [4, 33], [2, 73], [24, 70], [59, 20], [2, 35], [49, 16], [32, 67], [64, 45], [32, 39], [14, 10], [15, 22], [30, 27], [43, 10], [5, 73], [65, 24], [9, 35], [43, 63], [38, 73], [19, 69], [47, 47], [6, 9], [19, 68], [69, 44], [3, 43], [41, 6], [1, 61], [47, 11], [30, 41], [2, 3], [17, 43], [40, 69], [37, 69], [28, 70], [1, 22], [3, 72], [17, 69], [54, 46], [61, 26], [30, 37], [2, 9], [7, 37], [48, 11], [40, 6], [15, 38], [0, 60], [50, 67], [15, 17], [31, 33], [22, 70], [31, 73], [31, 52], [13, 2], [69, 57], [15, 66], [64, 30], [37, 3], [0, 68], [71, 50], [3, 38], [39, 10], [35, 40], [6, 4], [6, 45], [26, 71], [50, 68], [66, 46], [31, 74], [6, 28], [0, 64], [26, 70], [31, 41], [9, 7], [35, 0], [61, 24], [0, 47], [50, 14], [6, 40], [27, 72], [46, 69], [2, 69], [61, 51], [28, 37], [1, 0], [37, 70], [20, 68], [17, 16], [27, 32], [49, 1], [0, 71], [25, 74], [31, 53], [12, 10], [64, 27], [5, 37], [53, 51], [5, 35], [42, 14], [41, 62], [35, 72], [6, 30], [1, 64], [23, 71], [40, 43], [2, 5], [43, 0], [20, 66], [53, 54], [14, 42], [59, 24], [52, 68], [2, 36], [52, 6], [38, 45], [4, 3], [6, 69], [35, 69], [44, 0], [12, 71], [32, 74], [69, 42], [34, 41], [9, 5], [14, 16], [29, 25], [5, 72], [8, 36], [52, 71], [5, 38], [44, 11], [29, 70], [59, 28], [36, 12], [30, 51], [10, 4], [26, 73], [8, 28], [9, 69], [18, 66], [69, 45], [8, 37], [59, 26], [44, 64], [37, 43], [4, 4], [9, 71], [9, 47], [46, 16], [40, 68], [41, 8], [31, 71], [68, 48], [12, 72], [33, 38], [11, 6], [16, 41], [1, 66], [46, 67], [16, 20], [27, 28], [31, 70], [37, 1], [36, 64], [47, 46], [8, 7], [6, 46], [40, 12], [61, 46], [0, 26], [6, 71], [16, 66], [64, 25], [4, 40], [30, 52], [9, 8], [41, 65], [27, 73], [66, 21], [35, 3], [2, 72], [28, 74], [69, 52], [74, 49], [4, 39], [48, 15], [20, 65], [29, 40], [3, 7], [4, 29], [2, 74], [21, 70], [43, 67], [49, 7], [62, 45], [29, 39], [10, 3], [40, 72], [16, 16], [26, 33], [1, 35], [47, 17], [8, 29], [3, 74], [16, 70], [7, 43], [30, 67], [48, 46], [10, 8], [42, 71], [40, 10], [69, 43], [63, 23], [59, 21], [4, 69], [25, 73], [30, 40], [2, 10], [2, 40], [50, 5], [11, 72], [7, 44], [25, 71], [46, 63], [45, 8], [6, 70], [68, 52], [54, 16], [37, 41], [5, 2], [30, 65], [33, 73], [4, 36], [0, 23], [7, 69], [16, 71], [7, 49], [51, 16], [15, 18], [31, 32], [29, 51], [4, 10], [53, 53], [34, 3], [41, 72], [28, 72], [4, 72], [60, 24], [28, 73], [33, 40], [11, 9], [56, 25], [9, 45], [20, 62], [63, 45], [0, 48], [43, 7], [33, 1], [51, 69], [9, 70], [28, 39], [7, 5], [33, 74], [39, 65], [17, 45], [67, 45], [6, 25], [1, 68], [17, 70], [47, 36], [6, 2], [47, 1], [0, 39], [42, 11], [49, 69], [17, 23], [29, 24], [17, 74], [36, 72], [0, 62], [37, 44], [13, 4], [54, 48], [4, 37], [64, 22], [46, 9], [12, 70], [40, 71], [8, 39], [40, 7], [60, 32], [31, 56], [7, 2], [19, 70], [1, 65], [34, 71], [68, 49], [11, 45], [39, 8], [35, 39], [11, 4], [2, 28], [0, 69], [13, 70], [39, 61], [18, 72], [73, 45], [6, 36], [47, 5], [54, 56], [29, 53], [10, 6], [28, 71], [14, 23], [29, 32], [6, 72], [8, 43], [48, 1], [67, 21], [20, 64], [33, 65], [38, 62], [28, 56], [8, 9], [1, 60], [8, 40], [47, 7], [65, 45], [39, 73], [60, 30], [9, 36], [39, 12], [44, 46], [1, 6], [29, 65], [3, 32], [1, 62], [19, 66], [43, 64], [69, 53], [2, 37], [44, 17], [34, 38], [8, 4], [33, 68], [12, 40], [46, 5], [7, 74], [32, 73], [15, 19], [31, 34], [60, 17], [15, 72], [40, 62], [45, 46], [11, 10], [53, 56], [5, 71], [4, 38], [48, 13], [31, 65], [16, 38], [41, 7], [18, 71], [36, 47], [1, 1], [42, 61], [65, 32], [7, 24], [7, 72], [61, 48], [15, 70], [28, 50], [10, 9], [29, 66], [40, 2], [13, 43], [25, 70], [5, 41], [42, 17], [4, 74], [54, 50], [38, 37], [14, 4], [38, 61], [18, 70], [60, 22], [15, 20], [28, 33], [28, 65], [0, 67], [33, 5], [14, 37], [32, 72], [36, 44], [8, 1], [0, 40], [46, 8], [61, 55], [45, 71], [8, 33], [8, 72], [11, 69], [33, 71], [34, 36], [12, 7], [45, 12], [65, 29], [5, 39], [35, 70], [54, 55], [3, 35], [50, 7], [7, 71], [29, 56], [5, 10], [42, 68], [22, 73], [22, 71], [61, 27], [41, 3], [8, 41], [9, 72], [17, 21], [26, 27], [31, 64], [36, 37], [1, 9], [68, 47], [73, 44], [3, 37], [46, 18], [28, 66], [42, 66], [3, 25], [8, 73], [18, 64], [31, 54], [11, 3], [33, 4], [18, 36], [68, 46], [37, 72], [0, 74], [21, 72], [35, 37], [12, 3], [55, 23], [5, 43], [44, 16], [41, 67], [27, 71], [36, 5], [68, 50], [13, 39], [61, 20], [31, 48], [3, 3], [7, 70], [29, 64], [31, 66], [17, 20], [25, 27], [38, 65], [8, 47], [51, 12], [36, 8], [35, 36], [7, 10], [5, 27], [8, 69], [12, 69], [64, 46], [17, 36], [30, 68], [24, 71], [28, 49], [3, 2], [5, 69], [42, 72], [45, 0], [5, 49], [41, 9], [68, 45], [14, 71], [57, 23], [11, 36], [40, 42], [10, 0], [17, 71], [63, 25], [8, 74], [32, 64], [44, 62], [49, 9], [68, 53], [36, 46], [3, 4], [14, 20], [31, 30], [3, 41], [50, 12], [1, 28], [5, 70], [19, 64], [17, 42], [30, 70], [39, 69], [28, 40], [0, 1], [49, 68], [44, 4], [2, 71], [61, 52], [56, 17], [31, 63], [11, 34], [18, 69], [9, 37], [38, 4], [31, 40], [11, 7], [39, 68], [4, 70], [66, 27], [61, 28], [53, 47], [44, 8], [44, 70], [28, 36], [1, 3], [17, 73], [10, 40], [7, 25], [5, 74], [15, 68], [5, 46], [41, 10], [16, 18], [29, 31], [24, 72], [29, 41], [12, 9], [68, 56], [37, 0], [38, 64], [28, 67], [9, 73], [12, 44], [28, 55], [2, 6], [13, 71], [73, 49], [1, 44], [51, 8], [69, 55], [24, 74], [3, 70], [49, 6], [58, 25], [32, 66], [44, 66], [43, 47], [2, 1], [56, 24], [13, 42], [7, 32], [1, 74], [22, 72], [54, 49], [9, 38], [49, 12], [38, 43], [9, 1], [29, 74], [47, 0], [29, 69], [14, 18], [28, 27], [51, 72], [3, 69], [16, 39], [42, 47], [3, 1], [61, 57], [16, 69], [23, 74], [34, 4], [33, 70], [0, 45], [42, 6], [1, 67], [35, 38], [14, 5], [38, 72], [67, 20], [9, 34], [53, 50], [3, 29], [0, 70], [21, 71], [30, 64], [46, 46], [11, 2], [45, 1], [59, 30], [37, 74], [0, 42], [45, 10], [47, 70], [7, 45], [6, 74], [14, 19], [31, 27], [38, 42], [1, 4], [68, 54], [29, 72], [11, 71], [38, 3], [34, 69], [1, 63], [45, 47], [12, 5], [6, 48], [51, 17], [44, 63], [62, 46], [10, 39], [66, 22], [32, 62], [37, 12], [28, 54], [7, 1], [4, 31], [4, 71], [26, 57], [34, 73], [46, 62], [4, 41], [38, 15], [54, 47], [62, 24], [6, 43], [29, 54], [6, 1], [32, 69], [0, 63], [38, 5], [14, 21], [28, 28], [11, 70], [39, 72], [41, 46], [6, 6], [47, 68], [3, 71], [68, 51], [24, 73], [9, 44], [6, 38], [48, 17], [61, 25], [49, 3], [39, 43], [11, 8], [8, 26], [1, 73], [14, 72], [35, 71], [61, 49], [39, 62], [32, 71], [19, 37], [40, 47], [13, 6], [73, 50], [7, 48], [47, 9], [1, 71], [46, 10], [61, 31], [12, 68], [54, 52], [29, 55], [0, 2], [34, 64], [20, 70], [16, 19], [31, 24], [53, 68], [0, 65], [4, 42], [42, 12], [1, 36], [50, 16], [39, 44], [1, 8], [61, 22], [69, 48], [2, 32], [8, 70], [16, 68], [17, 66], [40, 70], [42, 63], [16, 35], [36, 41], [9, 2], [40, 8], [0, 72], [3, 40], [41, 14], [53, 52], [20, 74], [39, 47], [10, 7], [26, 58], [30, 72], [43, 61], [58, 27], [15, 37], [3, 73], [37, 11], [17, 18], [26, 29], [40, 41], [0, 6], [69, 56], [31, 62], [5, 42], [50, 8], [59, 25], [5, 33], [0, 73], [25, 72], [30, 66], [42, 67], [17, 40], [29, 52], [0, 7], [44, 5], [61, 50], [33, 62], [8, 71], [3, 39], [46, 4], [46, 47], [14, 1], [15, 71], [31, 69], [45, 67], [14, 45], [49, 10], [1, 70], [69, 58], [19, 74], [36, 43], [13, 7], [63, 30], [17, 17], [27, 30], [7, 47], [46, 11], [67, 25], [5, 26], [1, 69], [20, 72], [40, 73], [41, 70], [7, 41], [31, 49], [14, 6], [48, 9], [68, 58], [20, 71], [4, 73], [30, 48], [0, 5], [7, 39], [40, 15], [26, 56], [35, 74], [46, 66], [13, 45], [37, 2], [66, 45], [29, 68], [2, 70], [32, 38], [1, 2], [37, 7], [0, 22], [74, 22], [72, 37], [50, 25], [6, 29], [60, 8], [1, 7], [32, 24], [36, 71], [37, 39], [48, 26], [15, 35], [47, 73], [52, 69], [31, 20], [3, 33], [15, 12], [63, 6], [55, 73], [45, 2], [55, 74], [74, 58], [9, 23], [19, 2], [19, 0], [36, 34], [65, 5], [65, 4], [13, 8], [48, 47], [31, 72], [70, 48], [62, 4], [70, 63], [23, 70], [51, 53], [16, 5], [38, 32], [44, 24], [74, 64], [41, 2], [64, 21], [61, 29], [66, 0], [14, 12], [62, 74]], "targets": [[28, 34], [66, 21], [30, 71], [18, 1], [47, 7], [8, 28], [69, 64], [48, 4], [35, 14], [52, 72], [69, 1], [36, 44], [36, 36], [38, 20], [58, 72], [51, 14], [19, 63], [64, 30], [15, 35], [17, 38], [41, 15], [12, 38], [46, 6], [11, 45], [53, 73], [18, 2], [36, 41], [63, 26], [73, 25], [27, 71], [73, 54], [63, 0], [33, 20], [1, 34], [60, 8], [4, 40], [64, 74], [26, 4], [30, 20], [7, 32], [43, 46], [63, 21], [63, 20], [45, 6], [49, 7], [19, 68], [63, 72], [70, 65], [68, 6], [36, 38], [48, 13], [30, 68], [38, 11], [15, 38], [12, 37], [54, 74], [55, 1], [31, 2], [46, 47], [54, 24], [59, 28], [18, 74], [28, 28], [10, 39], [69, 63], [66, 8], [58, 6], [11, 46], [61, 70], [26, 3], [37, 19], [13, 44], [36, 46], [59, 19], [72, 22], [48, 0], [51, 11], [18, 69], [63, 74], [73, 68], [66, 0], [12, 41], [51, 69], [45, 12], [8, 30], [29, 34], [43, 10], [22, 3], [60, 2], [32, 69], [35, 40], [58, 32], [61, 35], [20, 67], [33, 26], [6, 37], [9, 42], [57, 74], [72, 62], [68, 2], [56, 8], [25, 4], [35, 15], [2, 35], [45, 46], [62, 26], [74, 32], [7, 42], [46, 3], [61, 7], [26, 70], [66, 62], [58, 74], [41, 11], [14, 35], [72, 67], [63, 4], [16, 0], [39, 46], [49, 0], [64, 25], [31, 40], [51, 15], [11, 42], [62, 28], [32, 26], [19, 36], [64, 62], [30, 67], [25, 71], [25, 0], [51, 2], [8, 31], [69, 60], [57, 6], [41, 12], [18, 34], [37, 34], [17, 46], [60, 19], [52, 70], [65, 33], [45, 7], [62, 5], [29, 67], [33, 22], [4, 26], [27, 5], [59, 70], [68, 58], [55, 2], [34, 36], [11, 36], [59, 21], [55, 0], [51, 74], [38, 19], [5, 44], [74, 33], [27, 72], [38, 42], [48, 11], [31, 4], [45, 5], [15, 37], [29, 30], [11, 43], [31, 70], [39, 44], [56, 72], [72, 56], [62, 0], [54, 26], [62, 30], [45, 3], [57, 7], [31, 67], [46, 21], [9, 40], [32, 3], [14, 47], [60, 70], [39, 43], [59, 72], [64, 21], [67, 59], [64, 5], [30, 22], [8, 36], [47, 12], [62, 22], [20, 2], [34, 68], [13, 46], [53, 67], [29, 23], [17, 36], [37, 40], [45, 19], [59, 5], [37, 36], [63, 32], [74, 56], [59, 6], [67, 26], [35, 71], [17, 0], [42, 17], [8, 27], [8, 42], [38, 6], [49, 11], [24, 73], [67, 70], [40, 42], [62, 73], [64, 22], [30, 23], [5, 25], [60, 5], [70, 67], [65, 8], [66, 25], [28, 2], [7, 48], [64, 70], [28, 73], [47, 18], [11, 40], [39, 45], [55, 3], [59, 26], [28, 41], [51, 17], [14, 37], [17, 9], [63, 27], [48, 24], [2, 33], [71, 55], [60, 4], [63, 70], [46, 2], [52, 0], [34, 65], [26, 71], [40, 43], [48, 15], [8, 25], [53, 19], [12, 47], [65, 72], [25, 2], [62, 2], [67, 25], [52, 68], [7, 27], [70, 58], [61, 4], [28, 72], [38, 15], [11, 41], [34, 37], [45, 0], [19, 35], [60, 30], [29, 5], [60, 72], [33, 27], [7, 31], [74, 19], [33, 36], [44, 17], [71, 60], [64, 7], [42, 4], [52, 8], [32, 72], [37, 35], [18, 38], [32, 24], [14, 41], [61, 32], [16, 5], [64, 71], [31, 66], [60, 73], [49, 10], [70, 27], [47, 25], [1, 44], [71, 56], [68, 3], [33, 64], [44, 47], [7, 45], [52, 19], [30, 0], [55, 8], [67, 62], [37, 20], [46, 13], [5, 37], [71, 26], [12, 34], [36, 43], [46, 0], [53, 2], [18, 65], [68, 60], [58, 3], [33, 41], [49, 12], [40, 17], [5, 35], [59, 73], [25, 3], [65, 20], [70, 20], [54, 2], [66, 71], [9, 44], [47, 19], [6, 38], [34, 69], [31, 33], [24, 74], [56, 73], [74, 59], [67, 6], [20, 1], [63, 23], [49, 3], [33, 23], [4, 34], [9, 49], [74, 35], [38, 34], [52, 71], [48, 3], [53, 7], [27, 73], [42, 19], [6, 33], [27, 3], [72, 57], [67, 1], [61, 27], [28, 37], [50, 14], [9, 43], [62, 21], [50, 7], [32, 23], [3, 37], [57, 73], [38, 33], [61, 73], [16, 2], [28, 70], [63, 33], [74, 67], [55, 4], [33, 70], [29, 25], [12, 39], [5, 34], [55, 6], [71, 25], [54, 69], [32, 33], [25, 5], [30, 27], [11, 39], [46, 7], [61, 3], [29, 74], [66, 27], [17, 39], [8, 29], [73, 61], [64, 6], [62, 74], [35, 18], [6, 42], [74, 20], [34, 41], [48, 18], [49, 6], [40, 46], [26, 0], [61, 71], [27, 70], [8, 44], [63, 31], [30, 26], [9, 38], [59, 2], [71, 63], [68, 4], [62, 71], [60, 24], [29, 69], [38, 38], [17, 4], [37, 11], [2, 41], [5, 41], [40, 5], [56, 7], [32, 63], [56, 19], [63, 71], [73, 59], [68, 7], [31, 24], [13, 35], [65, 26], [37, 33], [17, 2], [52, 4], [17, 34], [31, 38], [48, 9], [59, 74], [34, 63], [66, 20], [48, 12], [2, 26], [61, 72], [49, 1], [69, 56], [63, 5], [71, 22], [37, 39], [17, 6], [12, 45], [30, 24], [7, 39], [61, 28], [30, 69], [40, 1], [48, 1], [51, 72], [18, 70], [32, 29], [7, 30], [15, 34], [27, 2], [31, 48], [65, 32], [71, 66], [60, 1], [51, 6], [61, 74], [41, 21], [5, 43], [60, 23], [32, 64], [65, 70], [36, 34], [42, 10], [8, 48], [50, 3], [32, 4], [34, 34], [59, 20], [28, 27], [5, 28], [70, 63], [65, 2], [54, 68], [57, 18], [39, 5], [53, 6], [25, 72], [7, 46], [45, 23], [7, 40], [30, 5], [32, 71], [35, 33], [62, 29], [58, 71], [70, 64], [67, 5], [60, 6], [48, 17], [16, 42], [58, 31], [10, 46], [22, 71], [66, 72], [26, 5], [31, 34], [53, 1], [36, 35], [45, 14], [74, 21], [38, 31], [3, 40], [56, 74], [6, 26], [70, 59], [65, 4], [7, 49], [62, 18], [43, 6], [51, 1], [29, 70], [40, 12], [18, 35], [20, 3], [33, 39], [62, 70], [59, 23], [57, 4], [8, 49], [44, 22], [5, 26], [35, 70], [70, 60], [60, 3], [50, 18], [20, 73], [28, 0], [52, 67], [40, 44], [65, 71], [37, 12], [8, 33], [47, 5], [62, 35], [6, 41], [28, 35], [45, 11], [60, 22], [68, 57], [64, 0], [19, 2], [32, 20], [7, 28], [42, 5], [44, 6], [25, 70], [67, 73], [34, 39], [71, 20], [16, 39], [36, 19], [4, 32], [60, 0], [57, 26], [32, 2], [74, 62], [56, 5], [57, 72], [30, 65], [31, 65], [34, 38], [45, 18], [6, 43], [3, 35], [56, 70], [45, 13], [61, 26], [57, 19], [26, 1], [54, 73], [41, 20], [3, 29], [30, 34], [45, 15], [70, 57], [67, 0], [43, 2], [44, 10], [31, 72], [32, 40], [15, 43], [72, 20], [40, 13], [16, 36], [60, 20], [26, 2], [55, 7], [55, 71], [35, 19], [15, 40], [38, 47], [18, 68], [72, 66], [57, 1], [46, 15], [15, 41], [60, 34], [52, 6], [56, 71], [30, 66], [60, 71], [18, 3], [55, 23], [46, 23], [17, 37], [9, 36], [38, 39], [42, 6], [59, 7], [28, 65], [69, 62], [66, 6], [35, 35], [50, 16], [64, 31], [37, 17], [12, 44], [55, 73], [31, 0], [54, 19], [13, 39], [47, 13], [31, 49], [32, 21], [14, 40], [19, 70], [5, 29], [69, 66], [63, 3], [60, 74], [65, 34], [44, 3], [19, 1], [62, 72], [16, 34], [64, 34], [31, 30], [4, 30], [31, 63], [31, 39], [38, 3], [46, 11], [28, 67], [65, 73], [72, 60], [57, 3], [36, 13], [12, 43], [74, 30], [31, 1], [14, 38], [36, 42], [43, 13], [51, 23], [57, 8], [40, 41], [32, 27], [13, 43], [66, 74], [19, 71], [4, 37], [20, 0], [65, 29], [73, 60], [57, 5], [50, 0], [48, 14], [4, 35], [58, 19], [66, 70], [38, 44], [66, 73], [50, 1], [54, 7], [34, 73], [8, 46], [43, 21], [14, 44], [24, 1], [29, 71], [62, 33], [72, 59], [66, 1], [50, 24], [36, 33], [53, 4], [29, 39], [42, 9], [39, 13], [4, 31], [59, 62], [10, 48], [29, 66], [21, 1], [63, 25], [55, 5], [31, 27], [6, 35], [70, 54], [65, 1], [65, 22], [54, 71], [36, 37], [57, 70], [8, 47], [17, 3], [29, 24], [6, 28], [39, 7], [45, 9], [20, 63], [59, 30], [64, 23], [74, 66], [68, 8], [55, 72], [29, 65], [37, 42], [30, 29], [16, 35], [5, 38], [62, 8], [31, 3], [38, 36], [52, 15], [34, 70], [71, 24], [28, 30], [16, 44], [65, 30], [57, 2], [53, 68], [12, 35], [32, 39], [69, 68], [69, 5], [64, 73], [16, 8], [44, 21], [6, 29], [42, 3], [45, 4], [29, 68], [64, 29], [67, 72], [66, 22], [8, 43], [32, 38], [32, 31], [18, 37], [6, 27], [72, 54], [69, 0], [59, 1], [31, 5], [28, 71], [32, 70], [54, 72], [45, 25], [3, 27], [74, 27], [14, 46], [38, 40], [43, 14], [64, 20], [47, 4], [36, 39], [23, 1], [68, 61], [65, 3], [36, 30], [3, 30], [63, 73], [65, 62], [40, 0], [50, 8], [32, 73], [4, 38], [65, 25], [53, 24], [32, 36], [46, 12], [10, 34], [19, 0], [44, 2], [73, 55], [58, 7], [53, 70], [17, 45], [43, 18], [2, 25], [29, 72], [61, 25], [59, 29], [28, 69], [38, 41], [50, 2], [16, 7], [29, 40], [46, 19], [36, 31], [4, 29], [51, 70], [5, 48], [71, 68], [69, 2], [58, 70], [47, 1], [48, 8], [30, 64], [60, 35], [63, 34], [32, 35], [38, 17], [14, 42], [22, 1], [52, 74], [4, 36], [58, 1], [71, 61], [61, 6], [47, 23], [3, 42], [26, 72], [72, 24], [59, 24], [38, 43], [29, 0], [54, 0], [54, 70], [5, 46], [39, 20], [3, 44], [32, 67], [28, 39], [50, 15], [73, 63], [56, 3], [59, 71], [44, 4], [46, 9], [23, 70], [65, 28], [55, 19], [35, 36], [36, 15], [16, 38], [17, 7], [60, 62], [5, 45], [61, 8], [43, 11], [12, 36], [68, 55], [64, 2], [28, 66], [72, 25], [61, 31], [41, 47], [16, 1], [67, 74], [3, 34], [54, 1], [46, 16], [10, 36], [30, 59], [18, 71], [8, 1], [39, 72], [14, 34], [2, 27], [33, 69], [16, 17], [2, 44], [40, 8], [43, 72], [5, 14], [58, 36], [14, 12], [32, 34], [28, 61], [49, 14], [49, 4], [62, 60], [60, 21], [3, 43], [16, 46], [0, 41], [14, 4], [35, 61], [69, 59], [41, 5], [72, 0], [37, 41], [5, 40], [65, 45], [8, 9], [22, 72], [74, 49], [71, 54], [66, 60], [73, 64], [37, 44], [0, 49], [74, 71], [10, 7], [1, 67], [24, 72], [70, 7], [42, 14], [47, 72], [0, 36]]}