{"meta": {"number_of_robots": 3375, "description": {"parameters": {"seed": 4371, "shape": [75, 75], "obstacles": {"n": 0, "mean": 0, "std": 0.0}, "clusters": {"n": 10, "mean": 320, "std": 160.0, "relative_radius": 2, "increase_factor": 1.3, "start_dist": {"generator_name": "uniform", "shape": [75, 75], "min": 1.0, "max": 1.0, "mean": 1.0, "std": 0.0, "dtype": "float64", "parameters": {}}, "target_dist": {"generator_name": "uniform", "shape": [75, 75], "min": 1.0, "max": 1.0, "mean": 1.0, "std": 0.0, "dtype": "float64", "parameters": {}}}, "density": 0.6, "start_dist": {"generator_name": "uniform", "shape": [75, 75], "min": 1.0, "max": 1.0, "mean": 1.0, "std": 0.0, "dtype": "float64", "parameters": {}}, "target_dist": {"generator_name": "uniform", "shape": [75, 75], "min": 1.0, "max": 1.0, "mean": 1.0, "std": 0.0, "dtype": "float64", "parameters": {}}}, "stats": {"date": "2020-11-17", "free_area": 5625.0, "number_of_clustered_robots": 3375, "number_of_robots": 3375}}}, "name": "large_free_003_75x75_60_3375", "obstacles": [], "starts": [[9, 2], [46, 69], [34, 62], [8, 33], [36, 51], [41, 68], [37, 49], [61, 18], [40, 59], [51, 22], [2, 56], [16, 14], [15, 23], [47, 31], [16, 17], [47, 60], [10, 64], [31, 60], [40, 26], [68, 71], [9, 13], [21, 47], [52, 35], [53, 16], [27, 57], [19, 48], [25, 37], [1, 29], [37, 6], [52, 51], [18, 52], [21, 73], [5, 3], [48, 57], [20, 24], [17, 68], [3, 6], [14, 60], [33, 65], [50, 26], [72, 17], [3, 33], [22, 20], [21, 26], [29, 74], [38, 39], [37, 74], [23, 8], [41, 73], [70, 43], [37, 64], [37, 33], [19, 43], [22, 42], [33, 21], [26, 73], [45, 15], [54, 16], [4, 69], [36, 22], [39, 61], [11, 27], [56, 46], [42, 31], [19, 58], [47, 63], [54, 50], [24, 30], [47, 22], [29, 30], [40, 45], [51, 20], [47, 50], [26, 68], [52, 24], [27, 46], [5, 34], [37, 0], [55, 48], [34, 59], [33, 47], [62, 42], [38, 12], [10, 24], [28, 60], [37, 32], [52, 61], [42, 66], [37, 10], [73, 66], [8, 3], [34, 71], [61, 43], [50, 6], [39, 19], [25, 39], [19, 8], [16, 51], [38, 15], [58, 27], [25, 43], [32, 58], [39, 18], [9, 27], [65, 66], [20, 64], [34, 53], [12, 31], [47, 54], [52, 28], [41, 66], [12, 17], [36, 56], [22, 10], [30, 39], [32, 63], [40, 60], [54, 59], [16, 47], [36, 23], [60, 62], [48, 47], [1, 21], [29, 70], [38, 65], [30, 34], [46, 28], [53, 17], [28, 25], [38, 56], [46, 56], [49, 21], [24, 25], [54, 71], [37, 46], [54, 27], [47, 74], [28, 20], [26, 67], [9, 32], [34, 47], [65, 24], [15, 67], [66, 0], [22, 71], [37, 53], [28, 14], [29, 9], [45, 57], [36, 38], [27, 54], [28, 48], [51, 24], [41, 1], [28, 30], [30, 61], [24, 74], [52, 56], [40, 36], [72, 46], [0, 5], [6, 32], [53, 62], [74, 7], [27, 74], [37, 55], [41, 44], [0, 30], [27, 1], [56, 25], [55, 18], [13, 70], [37, 63], [12, 26], [50, 55], [55, 54], [9, 15], [39, 72], [55, 15], [69, 21], [20, 41], [29, 56], [18, 10], [43, 69], [21, 32], [10, 55], [33, 42], [57, 18], [26, 25], [40, 35], [40, 66], [22, 48], [37, 22], [38, 47], [71, 55], [35, 23], [55, 12], [32, 54], [13, 64], [29, 54], [29, 41], [1, 31], [2, 14], [49, 57], [53, 22], [13, 46], [45, 49], [41, 21], [24, 51], [15, 20], [16, 68], [62, 24], [42, 33], [22, 64], [52, 2], [30, 40], [35, 17], [19, 72], [42, 11], [66, 57], [43, 31], [57, 22], [17, 30], [18, 72], [6, 31], [50, 43], [8, 72], [40, 17], [12, 57], [50, 51], [3, 52], [25, 20], [72, 10], [23, 7], [57, 70], [44, 54], [11, 48], [34, 55], [73, 18], [2, 2], [27, 10], [9, 58], [38, 71], [14, 57], [27, 41], [28, 10], [48, 59], [29, 29], [67, 33], [58, 24], [70, 12], [13, 57], [36, 27], [31, 8], [41, 65], [18, 51], [66, 38], [29, 66], [38, 52], [17, 4], [66, 53], [23, 40], [30, 1], [2, 66], [51, 21], [18, 55], [68, 18], [42, 41], [6, 3], [27, 72], [12, 33], [32, 53], [73, 43], [13, 25], [67, 72], [43, 52], [27, 47], [19, 51], [46, 49], [19, 23], [37, 11], [70, 32], [24, 72], [53, 27], [19, 46], [43, 40], [31, 16], [24, 21], [23, 18], [59, 69], [29, 52], [47, 55], [30, 54], [31, 18], [49, 73], [38, 26], [18, 74], [34, 39], [25, 46], [64, 54], [69, 9], [21, 28], [12, 3], [60, 48], [41, 61], [38, 46], [54, 49], [67, 27], [21, 55], [27, 22], [31, 0], [10, 71], [13, 51], [15, 62], [54, 17], [49, 49], [5, 18], [41, 7], [51, 63], [54, 57], [57, 27], [37, 61], [22, 73], [15, 7], [3, 32], [33, 30], [47, 49], [31, 37], [35, 56], [3, 64], [32, 30], [71, 48], [9, 34], [71, 30], [55, 43], [38, 69], [58, 0], [11, 64], [38, 66], [32, 31], [17, 22], [14, 36], [63, 37], [19, 73], [57, 48], [37, 1], [52, 58], [61, 64], [20, 25], [11, 54], [74, 38], [14, 71], [9, 20], [49, 7], [38, 29], [39, 37], [14, 5], [23, 39], [50, 53], [5, 7], [45, 55], [60, 70], [23, 69], [0, 11], [33, 57], [35, 70], [14, 67], [16, 18], [56, 51], [12, 53], [67, 7], [20, 21], [18, 47], [14, 0], [54, 37], [48, 60], [43, 57], [25, 69], [47, 53], [20, 9], [30, 63], [2, 23], [8, 69], [36, 31], [53, 35], [45, 16], [30, 2], [1, 18], [63, 10], [47, 43], [31, 52], [9, 48], [19, 63], [20, 54], [67, 30], [27, 25], [23, 33], [28, 73], [46, 73], [42, 14], [34, 22], [56, 59], [58, 53], [56, 20], [32, 57], [39, 35], [27, 70], [65, 9], [39, 54], [7, 23], [39, 62], [4, 22], [49, 44], [58, 37], [18, 59], [42, 8], [35, 50], [53, 50], [33, 20], [48, 30], [17, 56], [22, 59], [27, 49], [72, 24], [7, 48], [34, 25], [46, 57], [4, 34], [65, 49], [28, 47], [11, 2], [44, 51], [41, 38], [23, 6], [18, 66], [54, 73], [17, 74], [14, 38], [2, 0], [55, 36], [72, 4], [39, 0], [28, 28], [26, 70], [19, 1], [41, 45], [55, 53], [54, 47], [19, 68], [28, 7], [46, 58], [57, 56], [10, 13], [32, 56], [50, 28], [43, 63], [8, 52], [37, 21], [65, 26], [16, 33], [60, 53], [28, 19], [21, 71], [21, 48], [50, 21], [30, 15], [32, 51], [11, 33], [26, 55], [39, 74], [39, 25], [67, 20], [13, 19], [36, 20], [50, 60], [59, 2], [45, 47], [16, 70], [30, 64], [10, 14], [17, 32], [25, 48], [55, 29], [35, 72], [16, 36], [34, 37], [40, 23], [42, 62], [39, 10], [2, 72], [62, 53], [32, 65], [51, 55], [74, 8], [44, 19], [52, 37], [11, 17], [8, 62], [48, 48], [19, 35], [36, 45], [36, 7], [45, 45], [36, 63], [19, 30], [21, 61], [37, 41], [62, 18], [0, 28], [3, 61], [22, 52], [69, 26], [17, 15], [2, 30], [71, 27], [16, 64], [2, 46], [60, 50], [13, 44], [26, 71], [21, 19], [0, 23], [22, 24], [42, 47], [46, 40], [27, 45], [3, 29], [62, 7], [44, 47], [7, 70], [23, 24], [43, 49], [12, 60], [31, 34], [64, 40], [32, 16], [35, 53], [35, 64], [43, 12], [30, 36], [60, 40], [21, 66], [21, 2], [41, 14], [68, 63], [72, 28], [34, 60], [17, 71], [57, 59], [24, 48], [26, 62], [67, 42], [27, 21], [5, 5], [41, 59], [40, 55], [31, 23], [52, 33], [17, 10], [58, 32], [56, 53], [33, 54], [57, 17], [15, 48], [32, 33], [6, 21], [32, 61], [17, 11], [72, 52], [24, 39], [52, 69], [3, 0], [65, 58], [10, 69], [6, 12], [42, 61], [7, 66], [69, 28], [25, 27], [18, 28], [49, 2], [28, 40], [16, 20], [42, 60], [57, 24], [51, 67], [13, 21], [38, 68], [41, 53], [53, 43], [49, 55], [40, 31], [10, 21], [61, 51], [26, 46], [54, 55], [35, 47], [47, 39], [54, 13], [3, 31], [0, 12], [27, 59], [39, 56], [46, 48], [19, 47], [31, 26], [34, 42], [37, 48], [37, 2], [6, 55], [70, 40], [17, 53], [28, 12], [47, 1], [66, 28], [40, 64], [48, 51], [4, 59], [29, 58], [24, 55], [71, 23], [4, 5], [15, 31], [48, 67], [55, 65], [33, 31], [45, 53], [42, 48], [32, 7], [23, 28], [40, 67], [33, 49], [58, 62], [63, 4], [30, 48], [35, 19], [22, 21], [28, 65], [16, 23], [66, 56], [10, 59], [8, 59], [16, 1], [18, 27], [67, 43], [24, 43], [63, 19], [22, 33], [14, 63], [25, 60], [68, 28], [10, 0], [40, 15], [70, 33], [17, 29], [13, 47], [47, 48], [15, 57], [48, 9], [53, 59], [25, 4], [33, 36], [49, 56], [69, 58], [19, 3], [53, 25], [44, 35], [49, 16], [5, 10], [20, 46], [35, 66], [23, 1], [74, 19], [66, 44], [55, 52], [14, 14], [4, 73], [44, 68], [15, 55], [46, 16], [49, 27], [12, 54], [34, 1], [25, 56], [47, 56], [52, 6], [6, 23], [39, 63], [50, 42], [53, 21], [33, 51], [16, 2], [20, 61], [36, 3], [39, 52], [18, 57], [33, 60], [47, 42], [22, 67], [38, 23], [33, 24], [68, 50], [63, 26], [51, 64], [53, 57], [46, 20], [35, 36], [32, 15], [10, 30], [30, 29], [27, 63], [21, 62], [30, 21], [25, 13], [6, 14], [59, 44], [70, 52], [47, 62], [31, 47], [61, 23], [39, 20], [16, 69], [8, 7], [43, 35], [59, 47], [34, 43], [11, 72], [27, 42], [34, 5], [44, 66], [61, 70], [19, 26], [68, 56], [23, 19], [21, 9], [5, 72], [47, 41], [56, 28], [17, 34], [10, 58], [39, 31], [58, 30], [30, 65], [9, 35], [19, 34], [56, 43], [2, 33], [49, 68], [38, 70], [61, 42], [1, 23], [45, 58], [24, 2], [16, 65], [56, 9], [33, 68], [35, 65], [18, 56], [45, 27], [60, 64], [55, 56], [12, 16], [34, 74], [50, 27], [35, 15], [39, 51], [56, 44], [31, 68], [41, 52], [20, 6], [43, 10], [66, 1], [32, 45], [57, 46], [15, 52], [19, 71], [47, 58], [55, 35], [36, 17], [25, 31], [32, 70], [20, 38], [7, 45], [56, 48], [39, 8], [31, 7], [67, 54], [27, 58], [22, 35], [43, 73], [67, 3], [16, 29], [22, 17], [7, 15], [50, 47], [13, 62], [9, 60], [35, 68], [33, 5], [30, 13], [53, 71], [41, 33], [51, 54], [44, 59], [37, 42], [21, 10], [26, 42], [73, 11], [1, 10], [10, 63], [27, 68], [72, 51], [31, 44], [31, 35], [40, 72], [9, 59], [6, 1], [24, 69], [45, 23], [3, 24], [34, 23], [15, 39], [19, 64], [10, 67], [15, 10], [50, 22], [44, 42], [48, 25], [17, 19], [28, 50], [62, 72], [38, 36], [3, 19], [36, 33], [25, 50], [73, 51], [17, 54], [39, 68], [32, 69], [27, 7], [34, 29], [56, 10], [38, 64], [37, 30], [48, 69], [60, 17], [33, 35], [35, 28], [9, 67], [3, 26], [20, 27], [43, 71], [25, 32], [68, 25], [8, 26], [12, 70], [37, 25], [18, 73], [49, 47], [66, 20], [44, 44], [6, 65], [71, 26], [27, 29], [33, 32], [28, 67], [17, 37], [31, 54], [28, 45], [48, 39], [44, 7], [38, 2], [62, 33], [43, 58], [24, 61], [55, 10], [43, 56], [37, 18], [33, 28], [36, 57], [22, 41], [74, 20], [22, 69], [21, 8], [29, 44], [67, 50], [39, 7], [22, 51], [73, 56], [4, 47], [45, 26], [10, 27], [27, 65], [64, 23], [13, 11], [33, 67], [38, 44], [65, 27], [38, 30], [40, 7], [48, 61], [16, 45], [34, 66], [32, 34], [72, 38], [41, 28], [20, 67], [24, 65], [35, 26], [23, 70], [8, 0], [60, 9], [36, 10], [56, 40], [59, 65], [29, 50], [36, 50], [24, 47], [28, 26], [16, 52], [1, 32], [23, 61], [20, 74], [68, 21], [26, 11], [37, 37], [0, 15], [31, 36], [47, 66], [64, 65], [56, 15], [73, 21], [25, 42], [7, 1], [5, 27], [41, 63], [17, 73], [17, 41], [38, 59], [55, 22], [39, 34], [47, 32], [46, 71], [73, 63], [58, 6], [22, 22], [23, 48], [26, 48], [13, 68], [46, 3], [20, 32], [24, 53], [70, 39], [42, 67], [7, 27], [19, 33], [25, 26], [30, 35], [55, 60], [65, 55], [27, 48], [14, 61], [47, 8], [64, 24], [4, 27], [36, 43], [72, 34], [37, 17], [50, 74], [44, 45], [4, 8], [68, 73], [14, 33], [24, 56], [64, 19], [16, 66], [34, 44], [7, 22], [33, 64], [32, 10], [10, 40], [58, 11], [23, 58], [71, 45], [36, 8], [52, 42], [30, 49], [47, 47], [7, 21], [28, 55], [40, 71], [47, 30], [74, 51], [15, 61], [29, 31], [31, 42], [39, 58], [15, 46], [28, 4], [53, 9], [55, 49], [45, 44], [18, 60], [20, 18], [14, 74], [32, 28], [48, 46], [15, 56], [37, 58], [53, 30], [24, 1], [37, 31], [31, 61], [57, 60], [29, 59], [50, 49], [51, 19], [51, 74], [22, 55], [47, 29], [38, 14], [45, 11], [32, 46], [17, 44], [43, 5], [11, 22], [46, 35], [43, 54], [32, 67], [65, 48], [27, 32], [15, 60], [53, 23], [43, 22], [38, 50], [9, 8], [48, 52], [51, 26], [16, 49], [31, 14], [4, 49], [38, 24], [60, 58], [54, 32], [67, 22], [12, 48], [35, 61], [17, 45], [13, 0], [17, 47], [38, 5], [54, 25], [63, 16], [31, 32], [6, 57], [5, 12], [55, 69], [48, 49], [4, 32], [35, 62], [21, 38], [8, 71], [45, 51], [14, 13], [38, 22], [15, 21], [36, 41], [6, 51], [51, 16], [14, 20], [48, 24], [73, 42], [34, 67], [46, 41], [20, 5], [11, 69], [24, 13], [24, 40], [32, 42], [63, 21], [38, 60], [3, 18], [22, 19], [28, 5], [44, 55], [71, 18], [7, 54], [13, 36], [68, 27], [47, 46], [20, 4], [37, 27], [56, 37], [36, 32], [21, 46], [54, 15], [27, 19], [52, 43], [16, 16], [49, 45], [40, 57], [39, 65], [42, 29], [60, 3], [17, 35], [40, 28], [59, 25], [50, 46], [3, 58], [25, 35], [12, 18], [31, 43], [33, 23], [52, 40], [67, 60], [5, 57], [9, 74], [30, 69], [2, 13], [34, 10], [53, 14], [5, 53], [53, 56], [64, 18], [18, 33], [4, 18], [24, 68], [33, 69], [69, 67], [22, 0], [34, 70], [57, 37], [58, 43], [14, 31], [23, 60], [32, 32], [54, 53], [62, 16], [64, 36], [26, 13], [12, 58], [15, 49], [32, 59], [46, 53], [11, 65], [20, 30], [5, 15], [34, 57], [16, 57], [72, 54], [26, 33], [16, 5], [26, 24], [3, 66], [71, 9], [47, 59], [16, 62], [33, 56], [71, 53], [50, 65], [19, 0], [51, 42], [2, 51], [8, 4], [68, 19], [26, 2], [28, 35], [52, 59], [8, 25], [26, 65], [70, 63], [22, 43], [16, 50], [73, 2], [61, 48], [13, 54], [38, 8], [30, 25], [13, 74], [24, 26], [49, 72], [23, 27], [19, 4], [52, 32], [13, 65], [56, 72], [44, 67], [25, 47], [34, 33], [26, 21], [17, 57], [67, 9], [15, 16], [64, 29], [36, 60], [18, 24], [32, 41], [28, 63], [14, 32], [51, 51], [50, 36], [69, 44], [39, 73], [44, 33], [21, 30], [12, 15], [15, 63], [31, 73], [65, 19], [47, 34], [20, 33], [34, 21], [37, 71], [46, 62], [35, 24], [11, 68], [47, 44], [13, 67], [2, 7], [25, 58], [10, 45], [6, 62], [12, 23], [3, 3], [67, 23], [17, 64], [69, 56], [41, 50], [25, 45], [34, 73], [55, 31], [9, 1], [45, 2], [8, 63], [46, 29], [27, 34], [10, 19], [38, 49], [54, 54], [42, 24], [36, 65], [33, 55], [41, 55], [49, 20], [73, 27], [34, 18], [33, 0], [50, 45], [38, 72], [42, 23], [61, 53], [25, 44], [14, 27], [44, 9], [32, 55], [16, 61], [70, 55], [47, 73], [54, 29], [59, 7], [48, 45], [39, 6], [34, 28], [69, 30], [8, 48], [12, 68], [58, 58], [10, 2], [31, 50], [31, 2], [21, 29], [48, 31], [47, 52], [16, 55], [48, 20], [35, 10], [35, 44], [64, 15], [35, 74], [46, 47], [42, 64], [29, 64], [21, 33], [29, 32], [48, 71], [21, 49], [49, 58], [45, 36], [46, 60], [23, 44], [1, 8], [0, 20], [52, 54], [58, 26], [10, 61], [49, 24], [1, 6], [55, 50], [24, 62], [73, 70], [19, 22], [13, 61], [36, 54], [25, 17], [71, 56], [42, 50], [15, 47], [25, 18], [41, 39], [19, 55], [39, 22], [68, 7], [70, 72], [72, 35], [27, 50], [8, 34], [22, 31], [35, 51], [12, 20], [28, 71], [22, 60], [70, 19], [28, 68], [29, 33], [14, 23], [52, 18], [65, 50], [37, 47], [27, 55], [49, 1], [51, 58], [39, 33], [47, 26], [37, 45], [11, 50], [29, 49], [31, 55], [34, 36], [40, 34], [0, 24], [66, 37], [14, 52], [53, 73], [17, 31], [26, 16], [9, 5], [42, 51], [52, 19], [52, 48], [30, 74], [16, 44], [17, 55], [36, 26], [23, 67], [35, 9], [55, 38], [63, 42], [70, 42], [20, 56], [14, 24], [32, 62], [22, 13], [18, 62], [38, 55], [69, 27], [40, 41], [67, 13], [20, 62], [9, 9], [18, 58], [66, 61], [13, 24], [69, 18], [43, 67], [31, 27], [58, 20], [0, 4], [28, 39], [16, 72], [28, 66], [20, 40], [16, 15], [70, 15], [63, 6], [68, 69], [53, 45], [11, 12], [2, 48], [28, 56], [2, 15], [51, 34], [37, 59], [36, 24], [38, 58], [51, 49], [25, 5], [22, 40], [72, 59], [29, 43], [61, 26], [70, 25], [41, 71], [22, 34], [41, 27], [29, 51], [27, 64], [52, 49], [48, 43], [36, 48], [28, 1], [25, 11], [52, 67], [30, 57], [39, 47], [18, 69], [73, 16], [20, 34], [33, 6], [55, 20], [33, 61], [31, 48], [21, 58], [40, 33], [45, 24], [0, 3], [66, 19], [51, 61], [11, 46], [47, 40], [39, 32], [0, 7], [41, 17], [40, 54], [24, 45], [73, 30], [19, 57], [49, 11], [46, 13], [44, 50], [20, 49], [7, 20], [65, 42], [30, 17], [54, 18], [13, 56], [7, 11], [45, 69], [30, 8], [24, 59], [53, 61], [64, 48], [51, 25], [23, 52], [36, 2], [32, 60], [46, 42], [29, 10], [53, 72], [28, 0], [47, 68], [47, 36], [22, 53], [23, 63], [49, 43], [40, 24], [31, 9], [24, 60], [35, 41], [68, 41], [67, 63], [56, 11], [10, 15], [40, 22], [50, 57], [7, 29], [33, 66], [28, 34], [57, 35], [31, 41], [1, 28], [30, 47], [4, 0], [42, 32], [55, 71], [48, 26], [42, 69], [51, 2], [5, 22], [20, 23], [36, 59], [29, 61], [53, 18], [11, 29], [44, 53], [72, 21], [20, 11], [33, 4], [59, 48], [44, 63], [20, 45], [30, 28], [31, 20], [16, 7], [61, 41], [23, 55], [61, 2], [33, 52], [46, 38], [40, 52], [23, 10], [24, 7], [16, 21], [56, 42], [74, 22], [19, 54], [31, 5], [28, 57], [32, 18], [25, 55], [40, 53], [57, 21], [45, 35], [60, 20], [44, 32], [22, 58], [56, 67], [9, 14], [16, 48], [21, 64], [53, 44], [33, 43], [46, 22], [23, 73], [35, 71], [24, 14], [10, 5], [58, 55], [30, 37], [49, 0], [49, 37], [14, 47], [54, 44], [40, 50], [21, 0], [38, 20], [37, 60], [45, 63], [61, 49], [18, 40], [38, 38], [31, 21], [42, 7], [12, 61], [64, 55], [67, 45], [64, 3], [10, 44], [28, 22], [20, 69], [46, 8], [10, 68], [26, 40], [7, 61], [48, 28], [24, 28], [42, 15], [50, 67], [57, 55], [47, 57], [35, 22], [72, 48], [41, 30], [10, 8], [25, 30], [23, 62], [7, 47], [61, 17], [53, 29], [20, 58], [48, 55], [48, 1], [29, 26], [71, 31], [60, 43], [34, 48], [40, 65], [28, 31], [32, 39], [2, 4], [53, 53], [10, 48], [67, 36], [65, 3], [35, 59], [20, 26], [24, 8], [72, 58], [55, 41], [50, 37], [15, 38], [24, 63], [26, 63], [8, 29], [34, 14], [27, 39], [37, 56], [70, 56], [50, 17], [39, 21], [32, 52], [51, 5], [54, 64], [22, 32], [31, 66], [24, 54], [36, 30], [60, 39], [42, 55], [54, 35], [27, 56], [39, 1], [25, 51], [13, 26], [70, 30], [41, 43], [8, 47], [56, 12], [33, 39], [7, 26], [8, 66], [49, 40], [17, 24], [51, 73], [51, 36], [40, 6], [19, 17], [21, 57], [14, 40], [37, 39], [5, 62], [73, 47], [68, 38], [12, 69], [2, 10], [56, 26], [2, 18], [26, 64], [16, 22], [32, 37], [52, 25], [37, 19], [33, 27], [3, 57], [26, 30], [69, 53], [40, 58], [16, 30], [5, 25], [0, 27], [40, 46], [67, 53], [50, 63], [56, 22], [26, 4], [51, 39], [45, 65], [24, 24], [65, 34], [61, 46], [26, 38], [13, 72], [40, 74], [16, 24], [50, 72], [4, 17], [35, 27], [56, 56], [64, 1], [44, 57], [33, 73], [7, 33], [38, 9], [57, 44], [11, 70], [12, 52], [73, 20], [24, 36], [33, 58], [33, 34], [17, 70], [3, 28], [44, 60], [39, 15], [68, 57], [58, 31], [57, 28], [61, 57], [9, 23], [17, 67], [27, 37], [11, 56], [37, 29], [12, 37], [67, 28], [29, 47], [5, 21], [35, 60], [13, 2], [48, 68], [67, 59], [59, 40], [36, 55], [17, 62], [23, 3], [58, 21], [45, 54], [26, 29], [42, 57], [31, 65], [43, 62], [65, 47], [29, 34], [43, 18], [27, 44], [57, 66], [26, 57], [20, 57], [59, 20], [19, 5], [49, 48], [6, 6], [59, 13], [48, 70], [28, 44], [53, 28], [38, 25], [2, 26], [49, 50], [52, 74], [12, 72], [64, 62], [21, 68], [27, 4], [17, 59], [21, 20], [8, 50], [68, 16], [74, 1], [42, 45], [54, 45], [2, 11], [28, 16], [52, 68], [32, 72], [69, 65], [50, 50], [45, 42], [33, 26], [25, 57], [53, 55], [0, 1], [58, 22], [74, 32], [19, 13], [38, 42], [3, 68], [58, 3], [12, 59], [71, 57], [15, 27], [46, 55], [43, 23], [60, 57], [7, 69], [54, 40], [30, 24], [20, 8], [33, 72], [53, 70], [48, 42], [21, 51], [26, 72], [73, 67], [57, 36], [62, 14], [19, 21], [19, 45], [32, 27], [15, 50], [71, 19], [30, 4], [20, 37], [41, 54], [18, 29], [15, 65], [58, 68], [20, 35], [60, 32], [4, 57], [35, 29], [37, 43], [29, 4], [52, 17], [23, 43], [10, 60], [74, 33], [16, 10], [17, 12], [28, 74], [25, 36], [54, 62], [16, 35], [20, 47], [25, 54], [6, 28], [1, 7], [65, 25], [66, 8], [46, 70], [52, 52], [2, 9], [45, 21], [33, 25], [23, 64], [63, 33], [59, 58], [50, 59], [26, 17], [26, 60], [51, 37], [0, 31], [42, 58], [22, 70], [66, 25], [13, 23], [56, 0], [9, 64], [11, 31], [54, 67], [21, 52], [35, 48], [43, 53], [58, 15], [25, 33], [35, 37], [43, 48], [18, 0], [49, 66], [45, 20], [51, 15], [31, 74], [47, 51], [23, 68], [63, 50], [72, 14], [5, 26], [2, 19], [60, 31], [28, 53], [20, 53], [22, 39], [36, 47], [9, 6], [30, 19], [43, 70], [4, 53], [60, 72], [63, 51], [9, 31], [49, 36], [26, 43], [52, 1], [7, 19], [38, 63], [64, 58], [14, 37], [25, 34], [28, 18], [25, 66], [2, 70], [38, 62], [45, 59], [49, 46], [54, 21], [27, 20], [19, 10], [51, 71], [51, 9], [49, 41], [18, 65], [30, 53], [40, 70], [33, 13], [40, 3], [18, 53], [65, 18], [53, 42], [13, 45], [16, 32], [13, 6], [29, 38], [32, 21], [65, 40], [30, 66], [53, 20], [41, 57], [44, 0], [17, 21], [41, 31], [21, 56], [27, 69], [42, 43], [56, 49], [11, 51], [6, 19], [4, 26], [50, 29], [23, 56], [45, 48], [39, 70], [7, 58], [39, 27], [61, 5], [34, 16], [39, 49], [17, 42], [35, 63], [18, 26], [71, 37], [16, 39], [46, 67], [29, 6], [3, 69], [12, 63], [43, 8], [69, 22], [29, 39], [41, 67], [5, 65], [40, 9], [51, 52], [67, 10], [29, 37], [12, 5], [8, 74], [73, 22], [20, 0], [12, 74], [58, 18], [27, 33], [37, 66], [10, 46], [58, 73], [70, 36], [14, 8], [4, 15], [12, 34], [50, 48], [74, 16], [8, 46], [35, 46], [21, 70], [47, 21], [22, 2], [20, 28], [31, 69], [40, 62], [26, 35], [35, 35], [46, 33], [27, 0], [66, 42], [41, 69], [24, 33], [62, 2], [20, 59], [30, 50], [30, 33], [41, 58], [29, 25], [24, 41], [67, 44], [46, 59], [17, 25], [27, 67], [24, 29], [35, 45], [73, 17], [11, 34], [10, 74], [52, 55], [2, 25], [5, 69], [65, 17], [18, 20], [54, 65], [35, 39], [74, 26], [6, 46], [23, 16], [30, 71], [20, 2], [9, 68], [28, 59], [43, 59], [11, 1], [68, 44], [55, 33], [60, 45], [16, 28], [51, 50], [65, 16], [44, 74], [37, 23], [61, 32], [46, 30], [12, 55], [8, 14], [37, 72], [34, 56], [42, 30], [33, 59], [59, 27], [72, 68], [19, 62], [7, 25], [19, 37], [15, 6], [60, 22], [21, 36], [36, 69], [12, 73], [73, 36], [7, 32], [5, 0], [56, 27], [39, 43], [55, 47], [11, 62], [39, 55], [47, 15], [35, 20], [15, 33], [23, 57], [35, 55], [23, 38], [69, 15], [31, 11], [39, 23], [63, 46], [34, 35], [31, 70], [69, 42], [11, 30], [45, 29], [43, 7], [37, 26], [60, 24], [41, 64], [17, 58], [48, 56], [55, 6], [16, 26], [52, 38], [29, 12], [37, 70], [68, 51], [67, 40], [18, 41], [14, 6], [34, 50], [25, 73], [16, 25], [10, 54], [58, 25], [74, 27], [29, 13], [6, 70], [67, 15], [44, 71], [25, 19], [71, 74], [25, 49], [52, 53], [42, 35], [30, 56], [25, 40], [34, 54], [2, 12], [49, 71], [29, 17], [5, 66], [70, 48], [55, 24], [68, 42], [10, 3], [49, 12], [35, 57], [0, 0], [14, 66], [42, 59], [14, 44], [47, 28], [17, 27], [12, 1], [40, 49], [16, 0], [63, 43], [56, 29], [18, 43], [23, 2], [17, 50], [31, 17], [49, 17], [16, 73], [58, 4], [22, 37], [33, 46], [64, 17], [40, 14], [4, 11], [24, 38], [33, 18], [42, 74], [36, 62], [10, 22], [24, 9], [51, 57], [43, 61], [48, 63], [8, 49], [56, 21], [26, 51], [11, 41], [37, 28], [21, 34], [62, 51], [61, 58], [39, 57], [15, 51], [45, 14], [42, 56], [18, 18], [35, 32], [51, 33], [33, 53], [42, 12], [20, 39], [68, 17], [22, 57], [15, 8], [48, 73], [71, 51], [52, 21], [70, 45], [45, 6], [13, 66], [47, 67], [41, 22], [33, 70], [43, 32], [55, 45], [13, 34], [19, 60], [30, 44], [56, 50], [18, 21], [67, 24], [33, 15], [31, 56], [15, 37], [69, 43], [43, 47], [45, 46], [33, 17], [13, 1], [9, 46], [73, 58], [56, 74], [14, 41], [16, 54], [14, 34], [14, 19], [35, 11], [36, 72], [65, 21], [13, 49], [57, 23], [18, 25], [13, 37], [6, 30], [55, 37], [23, 53], [69, 60], [50, 33], [29, 57], [27, 16], [26, 22], [27, 60], [48, 58], [36, 36], [23, 31], [50, 25], [10, 70], [0, 25], [13, 27], [74, 17], [48, 54], [32, 25], [39, 45], [45, 72], [37, 62], [41, 32], [21, 24], [26, 36], [58, 45], [44, 70], [8, 24], [54, 9], [44, 40], [41, 47], [21, 12], [50, 15], [71, 43], [9, 51], [32, 74], [15, 29], [15, 11], [19, 59], [29, 18], [21, 44], [7, 68], [54, 48], [29, 24], [19, 11], [61, 0], [45, 71], [40, 61], [15, 69], [46, 46], [65, 51], [43, 2], [50, 70], [19, 14], [14, 51], [42, 38], [48, 23], [63, 48], [44, 18], [24, 50], [14, 62], [69, 70], [3, 30], [26, 59], [66, 11], [7, 4], [74, 48], [22, 66], [19, 52], [1, 4], [19, 36], [41, 49], [34, 19], [3, 55], [73, 60], [73, 19], [11, 61], [24, 0], [34, 40], [24, 4], [31, 57], [15, 58], [50, 13], [74, 37], [0, 21], [25, 10], [16, 41], [52, 73], [17, 46], [68, 45], [26, 44], [7, 55], [8, 27], [25, 21], [53, 38], [41, 51], [23, 37], [74, 21], [20, 19], [15, 71], [17, 8], [20, 72], [54, 58], [15, 40], [52, 50], [31, 67], [45, 9], [51, 59], [37, 38], [9, 30], [70, 54], [43, 60], [48, 4], [12, 46], [13, 30], [69, 24], [52, 31], [60, 44], [17, 63], [39, 44], [46, 21], [13, 63], [36, 68], [37, 14], [25, 0], [22, 49], [50, 66], [54, 19], [13, 7], [31, 58], [39, 30], [63, 60], [14, 54], [72, 23], [4, 46], [33, 40], [7, 2], [55, 16], [34, 51], [35, 34], [42, 49], [8, 58], [30, 5], [71, 28], [12, 62], [62, 71], [55, 32], [49, 51], [7, 16], [36, 16], [26, 53], [23, 32], [56, 13], [61, 28], [49, 63], [22, 8], [52, 57], [21, 21], [35, 69], [59, 45], [51, 45], [21, 59], [56, 30], [15, 3], [22, 12], [18, 45], [11, 36], [2, 53], [54, 28], [9, 33], [35, 40], [27, 28], [71, 29], [5, 48], [16, 58], [65, 62], [42, 37], [24, 6], [32, 24], [56, 23], [4, 67], [47, 45], [23, 54], [10, 6], [22, 56], [65, 1], [32, 9], [22, 62], [23, 65], [52, 46], [70, 64], [39, 59], [17, 17], [22, 54], [39, 11], [51, 23], [67, 25], [13, 43], [11, 8], [46, 51], [30, 38], [38, 73], [35, 16], [63, 65], [69, 2], [50, 40], [66, 16], [46, 34], [10, 65], [12, 30], [39, 41], [30, 10], [12, 51], [53, 34], [74, 43], [13, 58], [16, 63], [62, 68], [17, 7], [6, 13], [9, 69], [26, 47], [49, 19], [59, 36], [21, 18], [4, 13], [22, 74], [22, 27], [37, 67], [20, 50], [35, 42], [66, 52], [58, 52], [10, 12], [14, 65], [40, 43], [23, 5], [50, 9], [34, 61], [45, 28], [20, 48], [26, 0], [27, 9], [40, 56], [31, 22], [45, 67], [11, 44], [12, 50], [19, 25], [26, 12], [59, 24], [53, 51], [45, 22], [18, 68], [10, 7], [52, 23], [34, 3], [28, 62], [49, 26], [66, 73], [50, 73], [37, 54], [7, 35], [32, 50], [27, 38], [3, 1], [49, 23], [9, 47], [1, 1], [38, 53], [30, 62], [11, 23], [45, 18], [52, 12], [11, 74], [50, 61], [60, 30], [20, 3], [30, 41], [6, 27], [33, 63], [19, 44], [36, 37], [47, 27], [47, 18], [14, 68], [43, 50], [41, 9], [71, 62], [63, 28], [23, 36], [17, 33], [19, 24], [72, 22], [21, 60], [21, 40], [4, 29], [21, 11], [30, 67], [42, 53], [25, 63], [65, 46], [16, 31], [60, 66], [24, 15], [30, 27], [5, 47], [58, 1], [73, 37], [15, 41], [37, 69], [24, 22], [22, 26], [33, 19], [26, 61], [13, 50], [67, 67], [70, 23], [10, 29], [0, 22], [2, 64], [54, 43], [42, 18], [52, 14], [8, 67], [34, 63], [7, 6], [40, 27], [20, 52], [50, 34], [50, 41], [17, 39], [56, 68], [33, 45], [47, 7], [9, 16], [62, 35], [6, 53], [42, 65], [32, 23], [46, 12], [26, 45], [33, 9], [33, 41], [67, 4], [65, 38], [57, 49], [4, 63], [44, 3], [19, 29], [29, 21], [49, 42], [54, 42], [25, 62], [36, 66], [32, 2], [18, 11], [28, 51], [52, 70], [9, 57], [30, 18], [64, 14], [42, 36], [53, 49], [11, 25], [12, 8], [12, 49], [7, 73], [10, 16], [35, 58], [63, 38], [46, 54], [41, 62], [15, 18], [63, 52], [11, 39], [6, 17], [52, 26], [46, 19], [58, 40], [51, 60], [39, 48], [16, 13], [7, 63], [42, 16], [41, 46], [68, 52], [46, 68], [43, 39], [15, 30], [4, 31], [35, 54], [49, 64], [51, 46], [51, 13], [15, 66], [58, 42], [39, 28], [38, 13], [25, 38], [52, 66], [21, 50], [69, 64], [37, 7], [7, 9], [47, 37], [17, 66], [24, 57], [40, 18], [13, 59], [36, 35], [24, 3], [15, 4], [60, 16], [13, 55], [51, 56], [60, 51], [45, 33], [32, 35], [11, 59], [40, 12], [54, 69], [65, 59], [26, 56], [20, 65], [40, 8], [51, 70], [33, 29], [26, 19], [70, 6], [60, 67], [50, 31], [45, 41], [2, 71], [18, 17], [39, 14], [16, 74], [22, 44], [34, 46], [73, 53], [21, 53], [28, 33], [20, 51], [12, 32], [51, 44], [27, 52], [15, 9], [23, 35], [63, 5], [60, 55], [21, 42], [30, 73], [15, 19], [20, 73], [35, 13], [16, 53], [55, 51], [20, 44], [57, 67], [10, 23], [48, 64], [17, 40], [14, 4], [59, 8], [38, 54], [71, 50], [44, 72], [49, 32], [13, 9], [18, 12], [24, 46], [47, 65], [3, 70], [65, 54], [66, 45], [34, 2], [33, 10], [19, 20], [29, 69], [15, 72], [53, 65], [65, 8], [0, 32], [40, 25], [63, 17], [7, 51], [57, 29], [23, 45], [65, 63], [36, 5], [12, 29], [22, 46], [69, 32], [5, 50], [23, 71], [28, 41], [6, 15], [2, 22], [11, 63], [67, 2], [68, 20], [47, 72], [66, 50], [36, 53], [46, 32], [44, 21], [43, 51], [41, 12], [9, 65], [72, 57], [43, 24], [25, 71], [52, 72], [22, 18], [38, 34], [68, 67], [67, 14], [72, 27], [29, 0], [18, 61], [14, 58], [24, 70], [44, 38], [0, 29], [44, 49], [1, 34], [15, 68], [55, 27], [41, 16], [67, 74], [47, 71], [16, 9], [36, 61], [31, 59], [16, 27], [69, 39], [21, 39], [52, 0], [23, 21], [4, 45], [32, 12], [38, 61], [67, 51], [72, 71], [53, 33], [11, 26], [49, 70], [47, 13], [36, 74], [11, 45], [13, 73], [74, 23], [70, 3], [3, 71], [3, 12], [46, 17], [43, 17], [47, 61], [36, 67], [48, 37], [6, 18], [1, 15], [55, 58], [36, 58], [41, 36], [40, 73], [32, 49], [3, 17], [18, 6], [59, 17], [73, 6], [21, 43], [7, 57], [64, 74], [36, 25], [11, 5], [3, 27], [29, 68], [73, 26], [23, 72], [55, 68], [18, 14], [29, 46], [55, 28], [33, 2], [21, 63], [52, 36], [59, 63], [69, 11], [9, 29], [10, 56], [14, 59], [32, 17], [8, 55], [30, 43], [61, 44], [33, 16], [36, 44], [48, 62], [5, 31], [54, 63], [45, 39], [19, 41], [17, 16], [66, 41], [15, 54], [71, 0], [43, 66], [29, 16], [32, 6], [46, 74], [22, 50], [45, 31], [51, 53], [28, 37], [66, 51], [1, 25], [36, 19], [13, 71], [36, 73], [67, 17], [25, 64], [60, 23], [38, 48], [17, 5], [7, 24], [6, 47], [61, 45], [49, 18], [26, 54], [2, 17], [31, 53], [18, 1], [16, 59], [18, 39], [47, 69], [67, 21], [18, 19], [33, 8], [4, 64], [50, 3], [42, 42], [50, 58], [67, 66], [42, 72], [25, 72], [6, 5], [34, 13], [19, 53], [49, 31], [23, 59], [41, 74], [45, 61], [42, 5], [27, 23], [69, 16], [68, 5], [42, 73], [12, 47], [20, 71], [9, 3], [29, 23], [40, 47], [7, 30], [39, 53], [64, 34], [15, 45], [8, 6], [5, 24], [37, 51], [32, 64], [4, 66], [58, 50], [49, 30], [39, 66], [70, 26], [39, 12], [8, 10], [22, 68], [38, 40], [48, 18], [8, 15], [33, 74], [49, 39], [11, 71], [9, 7], [70, 70], [33, 62], [12, 4], [56, 45], [66, 23], [66, 2], [45, 73], [8, 57], [25, 24], [38, 35], [48, 19], [5, 70], [61, 59], [47, 24], [63, 69], [15, 32], [22, 72], [53, 47], [10, 34], [31, 62], [67, 48], [2, 20], [73, 28], [34, 27], [44, 34], [34, 34], [18, 67], [44, 64], [40, 48], [20, 60], [53, 41], [27, 6], [5, 16], [5, 52], [35, 49], [24, 49], [14, 35], [24, 19], [6, 67], [64, 38], [69, 6], [16, 40], [14, 70], [71, 52], [23, 47], [9, 24], [37, 57], [52, 44], [0, 34], [45, 32], [23, 29], [9, 49], [38, 19], [17, 13], [44, 69], [69, 31], [17, 51], [22, 61], [50, 52], [63, 14], [45, 60], [46, 31], [28, 29], [27, 24], [60, 42], [6, 74], [39, 42], [10, 20], [1, 19], [26, 66], [67, 70], [46, 44], [2, 50], [23, 49], [21, 6], [73, 57], [72, 25], [53, 67], [35, 21], [47, 64], [30, 14], [42, 19], [51, 18], [24, 73], [13, 18], [52, 63], [51, 48], [30, 72], [5, 28], [11, 32], [64, 52], [29, 35], [49, 54], [52, 4], [40, 1], [36, 13], [27, 53], [29, 71], [13, 48], [64, 49], [57, 26], [15, 17], [18, 32], [48, 35], [18, 30], [27, 73], [18, 37], [50, 54], [25, 7], [17, 6], [59, 23], [57, 47], [46, 66], [16, 56], [58, 64], [25, 2], [22, 45], [22, 5], [70, 58], [40, 69], [39, 39], [32, 43], [28, 8], [25, 12], [7, 74], [49, 53], [24, 58], [18, 63], [51, 0], [71, 67], [19, 27], [30, 46], [30, 20], [2, 73], [45, 40], [42, 52], [15, 59], [5, 6], [30, 60], [23, 34], [39, 67], [47, 20], [41, 42], [53, 26], [1, 22], [66, 18], [5, 74], [37, 65], [32, 29], [45, 38], [48, 32], [59, 59], [43, 72], [40, 38], [28, 72], [2, 27], [14, 55], [62, 59], [19, 6], [9, 55], [25, 23], [46, 37], [68, 23], [3, 10], [3, 50], [8, 1], [27, 51], [17, 60], [10, 31], [69, 52], [43, 38], [65, 68], [26, 9], [6, 63], [19, 31], [50, 39], [65, 32], [24, 66], [37, 24], [44, 39], [28, 15], [59, 19], [19, 74], [39, 50], [66, 58], [5, 64], [51, 35], [49, 35], [7, 17], [41, 15], [19, 42], [2, 45], [22, 30], [37, 3], [71, 36], [9, 61], [48, 66], [50, 8], [23, 20], [23, 66], [42, 63], [19, 49], [32, 22], [30, 16], [57, 33], [8, 54], [27, 71], [17, 48], [23, 0], [32, 66], [41, 34], [4, 55], [72, 50], [55, 64], [57, 6], [48, 11], [28, 43], [23, 51], [43, 21], [11, 9], [2, 62], [72, 41], [12, 21], [9, 56], [32, 71], [29, 3], [27, 40], [58, 29], [42, 70], [47, 17], [45, 43], [6, 45], [50, 2], [20, 55], [11, 16], [49, 61], [30, 6], [10, 62], [18, 35], [61, 31], [26, 74], [22, 23], [57, 51], [3, 34], [48, 53], [25, 53], [58, 39], [55, 44], [11, 55], [40, 20], [70, 28], [2, 28], [9, 71], [5, 46], [60, 15], [72, 61], [38, 45], [34, 31], [16, 12], [7, 10], [52, 60], [53, 48], [31, 40], [26, 5], [37, 15], [20, 70], [49, 74], [19, 56], [41, 18], [54, 12], [43, 42], [3, 47], [35, 8], [11, 28], [54, 23], [37, 20], [44, 37], [26, 49], [28, 64], [13, 8], [1, 2], [13, 52], [74, 52], [67, 18], [67, 61], [23, 50], [34, 26], [11, 11], [34, 49], [35, 31], [72, 49], [35, 73], [29, 65], [44, 30], [40, 19], [1, 9], [31, 38], [26, 52], [40, 68], [57, 62], [46, 26], [8, 23], [55, 9], [30, 26], [42, 71], [39, 38], [18, 50], [16, 71], [17, 1], [70, 59], [41, 29], [8, 65], [25, 61], [71, 61], [36, 12], [40, 30], [62, 31], [26, 69], [17, 65], [6, 33], [63, 8], [9, 54], [42, 1], [38, 28], [16, 60], [57, 53], [13, 41], [20, 14], [65, 72], [27, 43], [31, 33], [29, 60], [62, 56], [10, 72], [49, 59], [38, 3], [26, 10], [32, 44], [63, 27], [37, 52], [55, 63], [61, 21], [32, 20], [11, 3], [33, 50], [37, 34], [21, 67], [19, 66], [29, 63], [21, 27], [24, 16], [64, 27], [22, 47], [27, 31], [51, 28], [72, 64], [43, 64], [6, 29], [46, 63], [0, 18], [60, 21], [36, 39], [8, 70], [52, 30], [25, 22], [43, 46], [4, 12], [54, 39], [72, 19], [68, 72], [1, 12], [3, 59], [65, 0], [36, 28], [3, 25], [29, 55], [29, 62], [23, 41], [61, 56], [39, 69], [4, 33], [14, 26], [57, 31], [68, 74], [27, 61], [43, 3], [73, 40], [35, 38], [59, 3], [15, 26], [30, 68], [8, 51], [3, 21], [58, 28], [16, 43], [72, 55], [55, 46], [31, 6], [7, 50], [49, 65], [27, 27], [57, 58], [61, 22], [15, 64], [36, 49], [41, 20], [58, 8], [19, 40], [25, 16], [26, 41], [8, 56], [67, 55], [43, 27], [63, 66], [25, 1], [7, 5], [35, 67], [25, 67], [11, 67], [56, 54], [5, 4], [42, 21], [52, 29], [66, 22], [31, 45], [26, 58], [44, 61], [70, 74], [44, 5], [11, 0], [57, 32], [44, 48], [7, 72], [56, 57], [31, 3], [3, 13], [34, 72], [65, 35], [41, 72], [16, 37], [65, 65], [55, 42], [65, 10], [41, 13], [20, 7], [50, 62], [11, 58], [62, 26], [53, 69], [9, 28], [30, 30], [31, 64], [12, 14], [65, 52], [58, 59], [40, 2], [18, 54], [53, 54], [25, 65], [71, 1], [14, 72], [14, 9], [41, 24], [9, 26], [49, 52], [31, 51], [54, 56], [15, 14], [62, 55], [19, 39], [4, 25], [45, 74], [69, 50], [21, 45], [29, 73], [21, 13], [66, 17], [47, 35], [28, 70], [10, 11], [24, 20], [63, 18], [16, 19], [64, 67], [44, 52], [3, 2], [46, 50], [20, 68], [23, 42], [69, 36], [57, 39], [31, 15], [19, 65], [43, 19], [67, 5], [50, 71], [50, 68], [68, 54], [60, 25]], "targets": [[44, 41], [42, 9], [35, 47], [4, 5], [34, 56], [23, 37], [16, 49], [27, 15], [58, 73], [37, 45], [0, 32], [44, 11], [61, 39], [33, 23], [20, 37], [62, 69], [28, 6], [57, 42], [3, 25], [34, 29], [46, 31], [70, 70], [22, 8], [12, 56], [30, 63], [15, 23], [36, 56], [1, 19], [46, 43], [37, 16], [26, 7], [59, 37], [49, 29], [31, 19], [22, 27], [45, 57], [62, 21], [69, 53], [25, 15], [8, 7], [40, 52], [10, 1], [42, 59], [43, 37], [42, 36], [63, 52], [44, 49], [2, 4], [39, 17], [45, 11], [34, 5], [47, 17], [40, 68], [25, 23], [37, 20], [55, 52], [23, 13], [25, 44], [39, 21], [53, 24], [31, 67], [33, 9], [43, 22], [45, 59], [7, 8], [46, 52], [19, 2], [58, 21], [13, 9], [48, 60], [1, 21], [14, 65], [13, 27], [66, 68], [41, 30], [53, 73], [47, 54], [24, 29], [39, 46], [26, 13], [44, 58], [14, 2], [52, 38], [48, 11], [7, 24], [54, 57], [68, 67], [54, 64], [6, 23], [38, 15], [70, 29], [43, 17], [31, 16], [17, 51], [21, 44], [52, 50], [17, 7], [34, 14], [53, 27], [6, 11], [42, 70], [60, 57], [37, 41], [6, 22], [34, 20], [7, 18], [46, 54], [48, 38], [42, 29], [38, 37], [43, 18], [10, 11], [35, 39], [44, 34], [46, 67], [61, 63], [67, 73], [6, 14], [29, 0], [23, 26], [24, 35], [7, 63], [52, 31], [30, 28], [71, 50], [11, 2], [45, 27], [33, 42], [56, 48], [47, 62], [29, 7], [31, 51], [22, 24], [48, 48], [52, 68], [26, 20], [51, 74], [44, 21], [8, 14], [4, 25], [12, 47], [30, 20], [36, 37], [35, 32], [18, 28], [68, 72], [52, 34], [7, 28], [25, 16], [63, 68], [46, 26], [24, 20], [6, 10], [60, 47], [38, 17], [39, 57], [48, 42], [28, 32], [9, 46], [23, 4], [59, 15], [35, 28], [42, 32], [12, 55], [0, 25], [55, 72], [66, 71], [6, 7], [54, 21], [43, 2], [26, 39], [11, 25], [42, 50], [13, 21], [36, 68], [43, 40], [57, 30], [8, 15], [28, 11], [10, 57], [5, 61], [52, 73], [36, 8], [29, 21], [71, 39], [53, 58], [48, 61], [18, 27], [39, 20], [13, 48], [55, 32], [40, 29], [70, 55], [53, 49], [48, 18], [48, 17], [41, 58], [66, 60], [34, 7], [57, 47], [32, 32], [53, 34], [9, 29], [36, 24], [20, 26], [23, 23], [34, 53], [49, 47], [18, 57], [6, 21], [11, 38], [8, 10], [56, 72], [42, 35], [29, 50], [41, 48], [43, 46], [31, 0], [22, 16], [32, 24], [6, 61], [28, 4], [41, 17], [13, 10], [3, 0], [70, 56], [51, 43], [17, 29], [47, 64], [25, 1], [0, 19], [41, 56], [27, 38], [29, 24], [52, 41], [30, 58], [34, 34], [11, 51], [35, 20], [61, 26], [19, 4], [51, 60], [8, 24], [58, 60], [44, 51], [17, 25], [37, 47], [71, 52], [25, 14], [30, 39], [11, 44], [11, 27], [49, 2], [62, 60], [57, 41], [66, 63], [42, 27], [15, 27], [39, 61], [27, 11], [36, 22], [50, 66], [74, 24], [21, 35], [48, 5], [41, 74], [13, 42], [19, 26], [21, 30], [52, 43], [62, 19], [43, 28], [37, 18], [44, 10], [38, 35], [50, 61], [35, 27], [65, 55], [8, 31], [51, 21], [47, 9], [17, 5], [38, 43], [26, 29], [6, 34], [44, 60], [69, 26], [24, 25], [4, 23], [36, 19], [40, 40], [38, 5], [59, 74], [50, 30], [45, 52], [11, 11], [37, 38], [16, 52], [7, 10], [14, 19], [10, 26], [69, 16], [46, 17], [41, 49], [30, 32], [72, 71], [10, 60], [4, 27], [41, 67], [49, 56], [43, 7], [37, 44], [38, 0], [39, 52], [46, 34], [41, 26], [54, 49], [46, 19], [41, 15], [50, 21], [27, 54], [9, 6], [60, 46], [47, 2], [64, 55], [57, 66], [12, 27], [36, 41], [53, 48], [30, 4], [17, 8], [40, 22], [51, 36], [31, 5], [6, 40], [35, 49], [29, 39], [20, 4], [31, 61], [9, 21], [45, 37], [47, 58], [26, 11], [4, 40], [31, 31], [29, 27], [60, 63], [55, 16], [73, 35], [8, 6], [15, 12], [67, 56], [1, 1], [21, 54], [32, 65], [67, 50], [51, 58], [51, 59], [2, 13], [8, 12], [4, 10], [30, 46], [6, 13], [45, 32], [41, 37], [67, 37], [67, 58], [17, 3], [30, 18], [41, 24], [33, 48], [54, 26], [72, 69], [14, 13], [9, 59], [51, 19], [54, 63], [12, 0], [13, 4], [44, 28], [41, 47], [17, 11], [19, 25], [12, 38], [51, 49], [14, 6], [51, 16], [21, 21], [31, 44], [32, 17], [70, 65], [30, 30], [49, 58], [43, 53], [18, 1], [73, 51], [43, 23], [68, 56], [9, 17], [9, 10], [74, 17], [27, 16], [32, 37], [18, 24], [14, 15], [67, 53], [30, 71], [21, 55], [40, 39], [38, 3], [7, 7], [58, 16], [33, 24], [12, 41], [46, 73], [36, 3], [19, 22], [32, 42], [55, 31], [48, 8], [69, 72], [38, 48], [18, 42], [34, 43], [35, 30], [42, 12], [58, 67], [60, 34], [8, 18], [43, 26], [13, 11], [47, 29], [27, 42], [70, 22], [49, 60], [37, 57], [10, 7], [67, 65], [38, 10], [16, 29], [15, 29], [73, 48], [37, 30], [24, 39], [47, 10], [31, 45], [38, 74], [37, 11], [31, 43], [55, 22], [1, 15], [36, 57], [18, 5], [41, 70], [36, 12], [45, 64], [27, 24], [40, 35], [16, 39], [49, 8], [53, 20], [18, 65], [32, 40], [5, 36], [10, 12], [66, 45], [42, 58], [33, 2], [63, 66], [34, 15], [41, 53], [40, 7], [51, 25], [33, 1], [38, 44], [42, 41], [65, 58], [0, 35], [51, 34], [19, 0], [63, 37], [8, 46], [48, 9], [11, 0], [68, 59], [44, 65], [20, 0], [24, 49], [42, 39], [41, 3], [39, 14], [49, 67], [24, 40], [39, 29], [44, 5], [54, 61], [47, 31], [9, 16], [45, 13], [7, 30], [40, 74], [34, 30], [42, 22], [9, 32], [71, 21], [53, 39], [45, 71], [24, 12], [42, 4], [34, 22], [19, 43], [20, 41], [69, 21], [13, 30], [35, 24], [36, 49], [5, 32], [26, 45], [71, 66], [48, 35], [41, 32], [70, 17], [2, 27], [43, 5], [7, 4], [33, 55], [71, 46], [26, 33], [19, 65], [29, 26], [16, 23], [50, 44], [58, 64], [55, 63], [23, 18], [60, 56], [32, 71], [4, 35], [46, 7], [29, 58], [7, 14], [42, 16], [48, 24], [48, 22], [31, 27], [38, 30], [56, 50], [51, 62], [21, 43], [72, 58], [15, 16], [40, 8], [58, 19], [12, 25], [39, 68], [15, 14], [12, 28], [8, 61], [55, 37], [40, 15], [54, 24], [38, 52], [29, 32], [23, 22], [44, 56], [37, 14], [72, 66], [74, 25], [46, 25], [29, 43], [38, 2], [26, 6], [29, 48], [51, 55], [72, 57], [36, 65], [32, 9], [25, 9], [32, 28], [45, 22], [14, 26], [69, 73], [63, 36], [43, 41], [32, 26], [50, 69], [7, 11], [39, 69], [41, 27], [19, 42], [37, 31], [52, 42], [31, 24], [21, 11], [10, 31], [67, 71], [45, 58], [21, 32], [10, 38], [62, 43], [30, 23], [43, 65], [55, 24], [22, 26], [27, 35], [63, 20], [51, 63], [6, 25], [32, 5], [4, 33], [30, 12], [54, 62], [65, 48], [37, 10], [22, 40], [32, 58], [27, 40], [42, 40], [31, 54], [33, 49], [19, 1], [69, 33], [40, 18], [28, 12], [40, 49], [44, 50], [32, 27], [58, 56], [57, 18], [43, 21], [39, 55], [14, 20], [21, 18], [31, 52], [39, 8], [9, 26], [18, 29], [66, 52], [64, 19], [5, 5], [19, 24], [31, 33], [7, 27], [39, 39], [46, 16], [59, 55], [46, 18], [7, 38], [58, 55], [10, 19], [17, 34], [27, 27], [70, 50], [30, 5], [23, 29], [40, 38], [47, 51], [66, 61], [33, 18], [21, 28], [42, 30], [43, 56], [40, 32], [24, 22], [27, 30], [40, 65], [32, 67], [37, 48], [72, 31], [5, 28], [36, 64], [49, 5], [12, 29], [50, 26], [24, 44], [66, 50], [37, 3], [67, 59], [41, 72], [40, 28], [37, 2], [36, 1], [67, 60], [58, 53], [26, 41], [37, 35], [23, 21], [68, 49], [46, 32], [28, 16], [24, 19], [57, 56], [41, 71], [11, 4], [20, 39], [31, 34], [33, 71], [37, 0], [36, 36], [56, 43], [47, 1], [33, 20], [30, 50], [21, 20], [27, 59], [7, 21], [68, 68], [59, 54], [42, 17], [42, 64], [43, 20], [36, 51], [16, 27], [21, 26], [61, 51], [20, 28], [48, 21], [40, 30], [58, 57], [14, 53], [33, 28], [38, 13], [47, 59], [35, 58], [23, 8], [60, 58], [53, 65], [56, 63], [33, 29], [18, 30], [40, 44], [67, 31], [24, 14], [12, 36], [48, 3], [39, 23], [34, 50], [30, 54], [71, 44], [61, 38], [44, 74], [10, 8], [35, 6], [8, 28], [43, 32], [49, 33], [54, 55], [69, 61], [25, 6], [43, 8], [5, 20], [21, 45], [56, 33], [60, 44], [37, 49], [14, 14], [34, 64], [46, 61], [33, 11], [25, 29], [42, 11], [67, 19], [22, 31], [11, 64], [46, 12], [30, 64], [15, 17], [65, 53], [35, 40], [61, 14], [21, 16], [23, 52], [16, 45], [36, 39], [56, 53], [11, 40], [12, 4], [53, 53], [66, 24], [24, 11], [64, 34], [41, 63], [13, 7], [21, 2], [48, 47], [26, 0], [34, 19], [57, 73], [50, 70], [30, 9], [13, 52], [40, 53], [11, 16], [70, 21], [23, 7], [26, 38], [53, 68], [69, 49], [45, 17], [71, 47], [53, 45], [36, 48], [35, 23], [32, 7], [50, 56], [49, 28], [69, 67], [12, 48], [63, 14], [33, 0], [53, 46], [5, 25], [19, 28], [26, 17], [55, 36], [5, 15], [72, 59], [42, 54], [6, 4], [12, 6], [45, 49], [64, 61], [26, 28], [48, 57], [62, 28], [33, 51], [63, 51], [11, 23], [40, 14], [26, 35], [49, 45], [43, 48], [53, 36], [20, 1], [31, 13], [21, 6], [63, 63], [49, 64], [59, 60], [68, 60], [32, 52], [20, 52], [0, 41], [48, 0], [42, 24], [30, 15], [64, 64], [48, 58], [20, 13], [41, 28], [17, 32], [31, 49], [51, 54], [35, 14], [48, 41], [34, 32], [20, 6], [59, 69], [52, 25], [23, 58], [35, 55], [26, 31], [34, 6], [72, 56], [28, 10], [54, 53], [53, 74], [42, 0], [45, 65], [22, 65], [3, 1], [48, 39], [22, 13], [48, 44], [13, 33], [27, 37], [38, 50], [43, 25], [73, 54], [62, 66], [10, 30], [15, 15], [38, 41], [4, 15], [64, 63], [31, 48], [73, 34], [70, 67], [30, 11], [17, 6], [10, 25], [7, 20], [67, 67], [17, 45], [51, 48], [32, 19], [64, 68], [11, 18], [15, 37], [38, 27], [24, 42], [70, 66], [3, 33], [73, 22], [7, 16], [6, 16], [56, 40], [62, 70], [22, 38], [27, 6], [46, 47], [10, 37], [25, 19], [32, 2], [23, 16], [5, 13], [44, 57], [71, 51], [60, 32], [24, 23], [39, 26], [61, 46], [17, 17], [29, 23], [62, 20], [69, 59], [10, 22], [28, 50], [25, 2], [50, 34], [28, 54], [40, 25], [56, 60], [54, 60], [33, 5], [43, 47], [17, 40], [55, 48], [41, 42], [9, 1], [64, 44], [26, 21], [9, 39], [54, 19], [34, 31], [18, 48], [60, 59], [20, 31], [59, 35], [1, 3], [50, 42], [42, 73], [43, 1], [32, 22], [26, 25], [60, 42], [20, 54], [52, 64], [43, 30], [14, 9], [11, 13], [51, 50], [46, 3], [22, 30], [54, 46], [61, 74], [10, 20], [34, 33], [72, 64], [22, 41], [33, 13], [31, 39], [64, 25], [22, 0], [14, 3], [32, 69], [16, 54], [8, 23], [35, 72], [48, 19], [71, 63], [16, 26], [20, 25], [17, 12], [16, 12], [47, 42], [27, 28], [60, 53], [48, 27], [34, 8], [55, 39], [35, 4], [5, 4], [4, 12], [45, 33], [17, 42], [50, 63], [33, 59], [23, 5], [12, 43], [23, 25], [31, 3], [22, 28], [48, 14], [44, 62], [4, 11], [30, 52], [68, 71], [3, 16], [30, 6], [70, 42], [45, 4], [41, 66], [29, 16], [33, 17], [31, 65], [23, 56], [60, 62], [37, 65], [45, 3], [61, 31], [1, 27], [4, 17], [37, 58], [28, 14], [49, 48], [41, 29], [61, 64], [39, 16], [44, 23], [47, 74], [34, 60], [29, 29], [8, 30], [46, 36], [50, 47], [41, 38], [28, 15], [66, 65], [49, 21], [28, 0], [51, 51], [38, 23], [35, 41], [28, 9], [47, 67], [63, 55], [49, 52], [41, 18], [17, 15], [70, 57], [29, 41], [27, 14], [20, 35], [31, 7], [11, 19], [26, 22], [57, 54], [61, 37], [55, 57], [66, 58], [30, 0], [24, 13], [33, 27], [20, 51], [66, 35], [36, 67], [40, 10], [27, 26], [1, 30], [37, 13], [49, 17], [42, 63], [27, 45], [66, 15], [20, 34], [37, 4], [52, 67], [70, 60], [19, 8], [36, 18], [44, 32], [44, 64], [4, 9], [55, 34], [16, 47], [39, 63], [32, 50], [11, 26], [35, 11], [49, 22], [8, 13], [19, 34], [61, 66], [20, 11], [40, 27], [70, 53], [40, 62], [16, 13], [38, 36], [49, 59], [18, 3], [27, 65], [37, 34], [11, 20], [57, 37], [43, 29], [42, 72], [12, 9], [66, 62], [26, 18], [20, 49], [43, 39], [33, 8], [21, 47], [19, 7], [44, 52], [33, 60], [4, 0], [52, 54], [22, 49], [17, 0], [25, 40], [46, 14], [42, 65], [29, 5], [70, 62], [23, 31], [30, 27], [42, 19], [36, 33], [27, 20], [9, 50], [46, 11], [28, 37], [73, 29], [45, 53], [27, 39], [46, 5], [21, 7], [44, 63], [13, 40], [30, 31], [36, 38], [63, 56], [43, 34], [28, 22], [50, 65], [18, 17], [42, 23], [28, 59], [46, 20], [16, 10], [31, 6], [12, 42], [48, 43], [49, 38], [46, 63], [6, 24], [50, 48], [39, 47], [38, 31], [2, 33], [18, 26], [24, 9], [57, 31], [63, 59], [8, 0], [7, 25], [36, 35], [53, 21], [42, 42], [71, 69], [20, 42], [48, 6], [35, 25], [44, 22], [35, 10], [49, 53], [37, 64], [12, 2], [6, 12], [67, 16], [7, 26], [67, 34], [31, 28], [34, 35], [41, 52], [42, 71], [4, 29], [27, 43], [36, 32], [52, 17], [25, 5], [43, 33], [26, 24], [51, 70], [57, 59], [67, 28], [53, 38], [24, 31], [43, 6], [32, 38], [13, 0], [53, 56], [67, 40], [3, 22], [30, 59], [20, 27], [6, 9], [24, 51], [16, 25], [59, 33], [47, 27], [41, 14], [18, 16], [24, 3], [71, 71], [41, 19], [26, 46], [48, 62], [7, 32], [44, 47], [13, 14], [41, 43], [38, 39], [48, 12], [47, 49], [12, 14], [50, 71], [31, 38], [54, 18], [28, 30], [21, 1], [27, 17], [56, 74], [55, 38], [67, 55], [46, 64], [48, 1], [67, 35], [32, 30], [48, 20], [23, 46], [20, 10], [48, 34], [47, 13], [32, 1], [61, 62], [26, 53], [33, 22], [64, 74], [74, 42], [12, 30], [58, 51], [36, 4], [29, 20], [63, 73], [44, 30], [30, 51], [15, 21], [3, 12], [69, 43], [39, 15], [25, 0], [54, 68], [17, 30], [45, 20], [57, 58], [66, 28], [48, 54], [9, 4], [29, 37], [4, 2], [29, 4], [68, 27], [25, 46], [38, 47], [36, 58], [8, 21], [14, 27], [35, 60], [19, 19], [56, 51], [51, 45], [62, 67], [30, 13], [36, 59], [11, 21], [69, 71], [41, 9], [71, 42], [32, 11], [15, 56], [59, 46], [27, 2], [42, 6], [44, 24], [57, 70], [47, 34], [59, 28], [20, 2], [57, 72], [32, 15], [16, 20], [22, 53], [36, 20], [41, 36], [42, 55], [65, 67], [40, 23], [34, 42], [47, 38], [42, 1], [14, 30], [58, 39], [30, 41], [68, 54], [15, 5], [35, 53], [42, 34], [9, 9], [52, 58], [55, 45], [1, 22], [18, 25], [55, 28], [42, 26], [48, 64], [39, 50], [23, 11], [74, 32], [18, 20], [65, 63], [0, 9], [45, 51], [57, 65], [46, 56], [16, 22], [63, 47], [11, 3], [43, 13], [47, 40], [27, 46], [39, 11], [58, 25], [2, 40], [10, 42], [30, 29], [35, 71], [71, 68], [62, 38], [9, 24], [7, 9], [64, 36], [7, 55], [40, 21], [29, 1], [71, 57], [38, 12], [33, 6], [50, 16], [67, 38], [23, 43], [6, 3], [47, 69], [12, 32], [12, 7], [14, 28], [57, 60], [24, 37], [61, 19], [6, 1], [21, 4], [9, 25], [26, 37], [70, 16], [61, 71], [50, 62], [20, 17], [40, 69], [39, 9], [13, 6], [16, 57], [54, 25], [28, 56], [58, 38], [10, 21], [37, 73], [26, 12], [35, 26], [47, 43], [74, 22], [16, 7], [41, 50], [9, 30], [48, 70], [34, 21], [38, 60], [35, 29], [30, 40], [24, 32], [46, 24], [48, 2], [41, 40], [35, 61], [2, 7], [23, 19], [55, 74], [52, 52], [38, 8], [29, 19], [62, 54], [24, 30], [30, 26], [35, 9], [47, 35], [20, 20], [19, 30], [69, 62], [41, 16], [61, 58], [17, 63], [5, 29], [54, 47], [5, 23], [35, 38], [21, 10], [44, 68], [49, 71], [4, 28], [44, 36], [27, 60], [35, 19], [18, 13], [56, 52], [10, 40], [37, 29], [36, 52], [13, 2], [48, 45], [38, 18], [21, 31], [8, 19], [53, 70], [33, 25], [1, 37], [57, 14], [35, 66], [57, 69], [36, 17], [10, 53], [37, 26], [1, 14], [1, 34], [38, 42], [68, 50], [38, 70], [3, 4], [24, 1], [44, 17], [57, 74], [55, 60], [38, 45], [61, 23], [1, 11], [3, 13], [33, 73], [28, 26], [51, 15], [36, 26], [70, 19], [7, 37], [6, 35], [3, 11], [52, 51], [65, 73], [45, 10], [31, 53], [51, 38], [0, 39], [8, 2], [19, 33], [29, 38], [28, 18], [25, 10], [17, 26], [59, 14], [39, 0], [65, 57], [49, 68], [31, 63], [71, 74], [33, 35], [36, 29], [45, 48], [2, 9], [29, 31], [48, 55], [25, 30], [14, 61], [13, 1], [64, 30], [22, 1], [33, 39], [19, 50], [5, 27], [50, 59], [66, 59], [40, 24], [65, 52], [11, 59], [39, 34], [30, 21], [18, 37], [7, 13], [58, 69], [65, 19], [60, 60], [1, 40], [9, 35], [25, 11], [40, 58], [17, 24], [64, 53], [40, 19], [51, 41], [5, 30], [52, 71], [27, 29], [25, 54], [26, 14], [35, 56], [3, 19], [49, 18], [13, 12], [16, 15], [43, 55], [23, 45], [24, 27], [39, 27], [26, 40], [50, 58], [56, 32], [49, 6], [46, 49], [8, 3], [31, 1], [57, 51], [10, 65], [40, 59], [6, 6], [9, 3], [49, 36], [42, 28], [12, 33], [47, 61], [62, 49], [47, 48], [40, 0], [60, 68], [22, 42], [2, 41], [45, 21], [53, 19], [49, 16], [5, 16], [50, 28], [72, 52], [10, 33], [13, 20], [54, 66], [57, 21], [5, 17], [46, 44], [18, 10], [34, 44], [17, 33], [61, 68], [32, 8], [19, 18], [72, 47], [38, 22], [26, 34], [1, 5], [59, 36], [31, 21], [26, 57], [65, 22], [66, 55], [61, 60], [26, 19], [17, 49], [42, 3], [28, 2], [74, 34], [23, 39], [7, 39], [13, 8], [62, 50], [1, 32], [66, 41], [2, 0], [48, 32], [65, 56], [3, 39], [38, 4], [10, 32], [22, 7], [71, 62], [39, 44], [52, 16], [74, 49], [14, 31], [48, 68], [12, 3], [31, 15], [40, 55], [51, 56], [0, 1], [57, 26], [52, 72], [40, 13], [31, 26], [28, 27], [39, 4], [14, 40], [32, 59], [70, 44], [37, 60], [55, 66], [1, 4], [9, 18], [35, 21], [43, 36], [26, 1], [27, 52], [43, 70], [61, 50], [18, 14], [55, 46], [22, 29], [35, 36], [61, 43], [28, 53], [8, 9], [11, 31], [34, 65], [39, 67], [39, 6], [49, 20], [47, 26], [14, 12], [55, 73], [53, 23], [32, 36], [32, 23], [7, 22], [65, 38], [45, 68], [27, 18], [14, 24], [16, 37], [34, 27], [9, 53], [15, 2], [59, 18], [14, 1], [55, 44], [41, 65], [43, 69], [49, 50], [12, 19], [3, 15], [66, 14], [18, 41], [28, 17], [24, 47], [33, 67], [0, 7], [25, 13], [45, 45], [25, 22], [50, 54], [68, 70], [7, 5], [17, 41], [24, 18], [39, 13], [46, 68], [44, 15], [37, 19], [38, 28], [5, 21], [38, 53], [14, 43], [40, 42], [41, 34], [61, 61], [49, 74], [16, 2], [6, 8], [59, 56], [28, 19], [25, 47], [56, 23], [40, 4], [5, 9], [43, 57], [28, 42], [37, 7], [38, 65], [27, 12], [62, 16], [21, 36], [33, 31], [22, 23], [70, 69], [32, 63], [15, 3], [27, 3], [52, 40], [3, 26], [17, 28], [46, 22], [64, 57], [39, 1], [32, 4], [56, 57], [52, 49], [40, 12], [13, 56], [20, 21], [46, 58], [12, 49], [45, 24], [53, 33], [10, 29], [52, 53], [15, 30], [27, 31], [59, 49], [15, 19], [7, 45], [67, 25], [13, 39], [27, 0], [13, 38], [45, 73], [58, 68], [26, 5], [61, 42], [14, 10], [56, 41], [26, 36], [5, 47], [28, 1], [23, 15], [16, 16], [56, 73], [69, 37], [21, 33], [23, 2], [13, 15], [45, 60], [42, 20], [10, 43], [31, 62], [49, 37], [74, 23], [39, 65], [8, 25], [43, 15], [43, 19], [4, 64], [44, 20], [6, 17], [13, 32], [64, 50], [44, 27], [59, 71], [54, 44], [23, 42], [27, 55], [33, 36], [49, 25], [36, 28], [21, 29], [68, 63], [10, 6], [62, 22], [40, 36], [39, 24], [4, 8], [38, 67], [54, 35], [50, 57], [43, 24], [17, 19], [72, 38], [35, 51], [35, 2], [26, 54], [30, 33], [15, 34], [37, 28], [73, 32], [24, 10], [62, 42], [61, 65], [38, 26], [37, 36], [0, 20], [47, 63], [4, 30], [65, 27], [27, 7], [33, 54], [29, 14], [30, 61], [22, 12], [15, 50], [58, 59], [50, 60], [17, 9], [41, 21], [34, 24], [7, 19], [43, 54], [59, 53], [58, 43], [21, 52], [15, 40], [8, 17], [20, 24], [42, 37], [31, 59], [56, 34], [51, 29], [9, 22], [31, 64], [16, 65], [19, 16], [10, 3], [62, 63], [24, 41], [56, 35], [60, 50], [13, 22], [8, 26], [49, 42], [15, 59], [11, 12], [35, 15], [39, 40], [73, 40], [45, 26], [27, 19], [13, 16], [34, 71], [38, 59], [56, 69], [46, 21], [28, 29], [56, 62], [16, 4], [22, 25], [26, 26], [59, 52], [62, 52], [43, 58], [33, 58], [12, 8], [2, 34], [29, 28], [63, 61], [46, 40], [31, 2], [38, 66], [42, 5], [41, 54], [44, 25], [45, 23], [18, 22], [45, 35], [10, 13], [20, 23], [22, 45], [15, 58], [53, 55], [13, 24], [35, 65], [28, 7], [53, 51], [45, 56], [28, 3], [33, 38], [35, 12], [31, 56], [8, 1], [69, 51], [55, 49], [47, 5], [29, 22], [40, 47], [56, 42], [11, 6], [48, 40], [5, 56], [62, 74], [56, 71], [39, 41], [37, 25], [31, 8], [12, 18], [51, 28], [32, 48], [15, 8], [41, 22], [30, 74], [59, 39], [35, 1], [23, 38], [70, 18], [27, 49], [61, 54], [8, 27], [20, 22], [44, 1], [43, 35], [39, 60], [54, 34], [8, 38], [58, 47], [46, 15], [4, 14], [16, 41], [52, 22], [13, 23], [53, 43], [38, 55], [18, 58], [66, 53], [37, 22], [34, 10], [22, 4], [40, 56], [47, 53], [38, 49], [1, 6], [31, 58], [7, 40], [33, 44], [33, 15], [69, 38], [31, 30], [43, 64], [19, 49], [11, 52], [3, 34], [33, 69], [65, 54], [42, 18], [60, 33], [33, 16], [38, 33], [52, 48], [13, 57], [44, 54], [43, 14], [51, 20], [34, 1], [10, 15], [45, 69], [19, 44], [50, 52], [7, 43], [3, 8], [26, 10], [71, 40], [69, 60], [41, 13], [49, 15], [29, 17], [25, 38], [46, 46], [10, 41], [7, 17], [48, 73], [46, 53], [53, 52], [3, 9], [8, 33], [27, 44], [65, 24], [54, 40], [45, 54], [18, 2], [18, 39], [19, 3], [45, 66], [69, 15], [47, 50], [62, 53], [22, 10], [20, 12], [14, 18], [19, 55], [21, 17], [52, 44], [69, 54], [23, 44], [18, 40], [8, 5], [18, 19], [7, 46], [40, 43], [46, 28], [41, 39], [56, 58], [7, 15], [43, 61], [14, 8], [30, 44], [15, 1], [50, 29], [14, 51], [44, 19], [16, 53], [33, 65], [38, 64], [32, 35], [34, 9], [43, 44], [30, 1], [10, 61], [40, 63], [30, 16], [23, 34], [57, 68], [33, 21], [69, 56], [18, 9], [37, 6], [49, 35], [37, 52], [15, 49], [38, 11], [71, 29], [21, 8], [64, 62], [28, 36], [42, 38], [40, 64], [19, 29], [25, 17], [63, 60], [43, 3], [0, 14], [50, 35], [52, 55], [27, 53], [25, 8], [25, 52], [39, 48], [38, 29], [54, 30], [44, 18], [63, 53], [47, 3], [35, 62], [16, 1], [55, 35], [35, 34], [35, 63], [20, 8], [16, 14], [36, 7], [20, 44], [43, 72], [59, 57], [36, 44], [10, 44], [17, 23], [26, 27], [15, 22], [50, 72], [58, 63], [57, 38], [48, 66], [39, 25], [4, 18], [10, 14], [27, 58], [34, 36], [73, 58], [14, 41], [23, 41], [13, 28], [51, 66], [59, 68], [58, 61], [24, 6], [6, 29], [62, 15], [16, 35], [37, 17], [50, 36], [40, 9], [64, 49], [65, 43], [17, 22], [22, 11], [34, 41], [54, 69], [14, 44], [62, 68], [13, 41], [40, 6], [46, 41], [29, 12], [47, 60], [23, 40], [40, 37], [32, 20], [45, 28], [65, 17], [11, 9], [47, 44], [44, 59], [19, 20], [24, 28], [41, 59], [70, 71], [6, 18], [64, 51], [40, 1], [53, 37], [8, 4], [70, 74], [46, 6], [38, 46], [15, 43], [61, 36], [37, 8], [35, 17], [26, 3], [57, 67], [22, 50], [43, 66], [48, 28], [33, 30], [45, 34], [14, 56], [34, 25], [40, 2], [49, 40], [17, 39], [52, 39], [64, 48], [10, 23], [18, 18], [26, 30], [35, 0], [71, 61], [33, 41], [59, 44], [10, 50], [32, 21], [34, 54], [40, 73], [30, 8], [23, 3], [18, 51], [42, 53], [16, 0], [3, 36], [10, 28], [54, 36], [69, 63], [20, 30], [63, 54], [47, 30], [1, 20], [60, 39], [24, 26], [23, 28], [47, 4], [73, 41], [60, 66], [1, 9], [26, 44], [1, 2], [54, 31], [16, 24], [54, 56], [57, 33], [20, 18], [48, 67], [3, 14], [61, 69], [23, 54], [33, 47], [5, 2], [17, 10], [73, 17], [41, 0], [30, 37], [40, 60], [67, 51], [5, 31], [55, 69], [7, 1], [61, 40], [53, 71], [38, 14], [39, 28], [19, 5], [17, 43], [7, 42], [63, 67], [64, 29], [47, 11], [47, 22], [2, 1], [39, 53], [21, 24], [54, 20], [72, 54], [18, 32], [32, 73], [9, 36], [24, 7], [8, 16], [50, 37], [14, 35], [44, 45], [12, 23], [67, 62], [33, 62], [13, 18], [27, 23], [46, 55], [64, 17], [33, 19], [69, 68], [14, 25], [24, 0], [14, 23], [30, 57], [43, 9], [42, 33], [58, 20], [40, 66], [21, 27], [12, 10], [7, 23], [1, 0], [37, 40], [64, 16], [71, 59], [42, 66], [34, 26], [29, 30], [23, 47], [20, 9], [63, 40], [42, 56], [11, 54], [32, 0], [63, 57], [38, 34], [39, 45], [9, 14], [58, 24], [1, 17], [53, 54], [37, 21], [12, 52], [36, 42], [71, 64], [49, 62], [30, 3], [53, 50], [6, 2], [19, 37], [28, 55], [12, 51], [6, 15], [39, 49], [67, 22], [14, 21], [13, 19], [47, 57], [43, 31], [37, 39], [31, 17], [3, 10], [32, 43], [40, 17], [36, 11], [34, 73], [34, 13], [5, 11], [67, 20], [33, 57], [5, 45], [26, 15], [51, 52], [72, 74], [12, 11], [32, 64], [33, 4], [28, 23], [73, 33], [9, 51], [37, 27], [47, 8], [45, 25], [37, 69], [57, 25], [49, 32], [66, 48], [11, 42], [36, 34], [65, 71], [22, 15], [20, 7], [23, 35], [53, 18], [34, 66], [12, 12], [34, 16], [9, 8], [33, 43], [50, 43], [36, 50], [21, 14], [72, 43], [2, 8], [37, 68], [71, 72], [18, 50], [36, 0], [32, 13], [42, 57], [37, 43], [4, 3], [61, 48], [23, 20], [32, 39], [63, 50], [38, 20], [66, 19], [39, 5], [20, 62], [44, 71], [33, 12], [14, 33], [19, 23], [65, 50], [48, 31], [30, 25], [2, 5], [36, 63], [44, 38], [45, 41], [45, 30], [71, 27], [5, 12], [11, 37], [39, 51], [52, 61], [2, 16], [17, 46], [16, 28], [48, 23], [36, 16], [48, 59], [5, 3], [32, 49], [64, 72], [31, 22], [43, 10], [50, 41], [27, 25], [10, 10], [68, 58], [44, 6], [11, 5], [42, 62], [55, 54], [49, 24], [22, 17], [21, 34], [43, 59], [8, 29], [19, 9], [29, 15], [63, 25], [56, 65], [5, 22], [1, 23], [8, 58], [31, 10], [58, 74], [49, 34], [55, 21], [56, 59], [44, 26], [21, 3], [39, 62], [28, 44], [31, 18], [10, 58], [54, 28], [29, 13], [47, 23], [59, 42], [55, 55], [48, 56], [50, 17], [23, 12], [49, 26], [31, 35], [42, 47], [28, 28], [37, 50], [11, 22], [4, 7], [46, 74], [68, 14], [39, 12], [65, 69], [19, 46], [45, 40], [53, 66], [13, 29], [49, 0], [65, 16], [30, 10], [63, 58], [5, 58], [2, 14], [44, 3], [19, 38], [50, 49], [55, 43], [15, 4], [53, 29], [42, 13], [41, 68], [38, 16], [30, 49], [71, 60], [43, 60], [35, 8], [19, 27], [32, 16], [38, 72], [57, 35], [52, 56], [16, 60], [31, 37], [20, 29], [51, 22], [26, 8], [19, 11], [50, 67], [60, 38], [5, 37], [38, 57], [12, 46], [29, 3], [43, 27], [41, 45], [31, 12], [53, 15], [48, 30], [20, 50], [48, 51], [11, 24], [44, 48], [28, 13], [7, 35], [63, 71], [69, 45], [20, 5], [36, 53], [8, 20], [51, 53], [44, 7], [16, 58], [50, 22], [72, 30], [39, 22], [0, 2], [40, 50], [34, 18], [68, 61], [61, 59], [63, 29], [14, 58], [15, 10], [52, 45], [8, 35], [52, 23], [11, 10], [71, 30], [24, 24], [8, 36], [32, 62], [4, 37], [10, 45], [29, 8], [32, 61], [47, 7], [71, 45], [60, 55], [44, 12], [12, 53], [37, 56], [26, 16], [27, 33], [47, 20], [64, 38], [34, 23], [19, 35], [59, 48], [26, 58], [3, 2], [60, 69], [73, 42], [49, 55], [22, 48], [38, 25], [25, 20], [3, 35], [47, 15], [68, 39], [9, 41], [43, 52], [39, 7], [43, 11], [40, 34], [39, 19], [73, 24], [64, 66], [55, 41], [11, 1], [9, 52], [36, 46], [53, 59], [16, 21], [45, 6], [71, 53], [2, 22], [44, 44], [10, 4], [22, 32], [41, 5], [69, 69], [15, 32], [61, 47], [54, 41], [45, 72], [24, 4], [24, 56], [26, 9], [17, 44], [36, 31], [32, 56], [47, 16], [41, 46], [10, 24], [30, 35], [46, 0], [28, 21], [8, 59], [63, 18], [16, 3], [66, 72], [42, 67], [27, 22], [16, 43], [31, 42], [4, 13], [51, 57], [5, 19], [9, 65], [2, 35], [46, 66], [52, 21], [19, 6], [69, 31], [5, 6], [36, 40], [64, 58], [19, 56], [63, 33], [38, 61], [5, 14], [70, 26], [42, 51], [16, 31], [27, 4], [25, 25], [20, 46], [32, 12], [4, 4], [42, 45], [46, 59], [31, 4], [60, 72], [34, 63], [11, 29], [24, 33], [6, 51], [65, 31], [14, 39], [46, 37], [23, 0], [70, 72], [39, 32], [42, 2], [46, 39], [39, 33], [33, 32], [42, 60], [12, 24], [22, 37], [43, 16], [70, 58], [66, 39], [29, 25], [1, 13], [10, 27], [8, 65], [13, 51], [16, 11], [70, 68], [37, 33], [66, 42], [17, 2], [42, 21], [49, 73], [47, 0], [30, 38], [34, 37], [62, 59], [26, 4], [59, 72], [9, 12], [19, 54], [57, 52], [27, 5], [15, 6], [29, 36], [71, 34], [46, 1], [41, 60], [51, 71], [14, 22], [40, 16], [48, 29], [66, 31], [16, 19], [39, 56], [51, 44], [0, 15], [72, 65], [22, 46], [13, 25], [74, 45], [33, 26], [5, 34], [14, 38], [49, 63], [45, 42], [1, 29], [68, 43], [59, 70], [24, 2], [2, 29], [33, 52], [41, 25], [38, 24], [74, 20], [37, 23], [25, 50], [24, 8], [64, 56], [52, 27], [67, 54], [15, 18], [12, 40], [11, 41], [72, 35], [51, 69], [10, 2], [22, 9], [46, 51], [6, 27], [43, 50], [36, 47], [45, 47], [34, 49], [38, 9], [4, 16], [68, 64], [4, 19], [62, 47], [66, 70], [60, 23], [15, 62], [5, 7], [11, 34], [28, 8], [72, 55], [30, 22], [57, 64], [6, 28], [9, 7], [47, 47], [30, 65], [41, 6], [55, 67], [34, 47], [57, 27], [28, 40], [48, 26], [64, 73], [9, 28], [35, 22], [28, 47], [72, 24], [3, 32], [34, 3], [60, 48], [62, 64], [37, 67], [16, 17], [23, 30], [17, 20], [74, 48], [15, 11], [14, 29], [23, 32], [22, 39], [44, 4], [57, 34], [1, 7], [71, 48], [58, 48], [26, 64], [2, 2], [41, 61], [46, 23], [58, 44], [26, 2], [14, 57], [42, 69], [35, 37], [42, 48], [34, 40], [5, 24], [46, 48], [58, 50], [22, 22], [25, 4], [62, 72], [3, 18], [45, 74], [28, 61], [60, 43], [40, 11], [33, 10], [24, 15], [21, 48], [15, 7], [40, 48], [65, 49], [66, 51], [35, 16], [46, 33], [17, 1], [31, 25], [55, 65], [36, 6], [59, 58], [54, 15], [48, 63], [13, 55], [36, 27], [9, 19], [57, 44], [20, 58], [31, 40], [61, 57], [25, 7], [61, 53], [19, 17], [46, 35], [44, 9], [46, 70], [35, 44], [54, 39], [44, 16], [39, 66], [32, 6], [47, 24], [31, 66], [39, 43], [24, 55], [72, 22], [22, 19], [39, 3], [39, 31], [43, 0], [53, 60], [70, 45], [41, 69], [44, 8], [64, 47], [34, 59], [27, 36], [42, 10], [68, 18], [37, 1], [0, 30], [16, 44], [29, 61], [40, 61], [54, 29], [16, 36], [60, 52], [11, 17], [41, 23], [58, 54], [36, 10], [19, 62], [69, 55], [1, 24], [41, 11], [69, 27], [27, 9], [12, 44], [28, 33], [0, 16], [62, 35], [20, 3], [25, 26], [59, 65], [71, 26], [53, 67], [14, 5], [32, 34], [3, 7], [64, 43], [16, 55], [45, 55], [12, 13], [38, 38], [45, 16], [62, 58], [15, 51], [4, 22], [60, 17], [23, 6], [43, 74], [11, 56], [21, 25], [60, 65], [42, 8], [21, 22], [64, 14], [52, 18], [63, 44], [12, 26], [9, 60], [29, 11], [37, 37], [38, 62], [9, 5], [50, 32], [58, 71], [33, 3], [25, 35], [29, 10], [8, 47], [48, 33], [48, 37], [47, 46], [66, 54], [17, 14], [22, 2], [45, 7], [74, 36], [17, 58], [15, 55], [2, 20], [43, 71], [52, 57], [5, 0], [49, 46], [47, 68], [21, 15], [46, 30], [27, 1], [15, 25], [20, 32], [54, 58], [40, 20], [51, 35], [5, 33], [12, 21], [19, 47], [55, 71], [58, 62], [52, 24], [23, 53], [29, 18], [29, 9], [58, 72], [72, 27], [17, 13], [14, 7], [11, 30], [40, 54], [56, 45], [31, 74], [12, 1], [47, 71], [37, 63], [21, 38], [15, 39], [2, 6], [11, 7], [51, 26], [28, 63], [6, 26], [9, 23], [33, 68], [44, 2], [71, 35], [59, 47], [24, 36], [17, 56], [4, 41], [55, 59], [49, 23], [47, 25], [11, 57], [36, 72], [50, 38], [15, 13], [24, 16], [11, 49], [34, 2], [54, 50], [63, 35], [33, 45], [3, 40], [70, 64], [37, 12], [68, 62], [37, 9], [12, 60], [11, 15], [39, 42], [67, 24], [28, 25], [54, 48], [54, 38], [17, 31], [55, 20], [13, 13], [59, 30], [37, 24], [31, 11], [41, 55], [30, 7], [64, 60], [46, 4], [66, 37], [31, 14], [31, 47], [24, 57], [4, 38], [55, 40], [39, 37], [14, 16], [56, 56], [63, 30], [5, 18], [15, 28], [27, 56], [66, 69], [2, 12], [52, 46], [21, 19], [19, 12], [65, 61], [38, 58], [13, 31], [35, 31], [27, 10], [18, 64], [56, 28], [25, 18], [4, 26], [59, 63], [60, 64], [2, 23], [3, 28], [63, 26], [31, 36], [27, 32], [51, 18], [48, 7], [49, 12], [34, 57], [6, 32], [57, 55], [67, 29], [42, 52], [48, 13], [23, 1], [11, 14], [57, 53], [56, 55], [71, 18], [52, 60], [26, 32], [10, 5], [15, 36], [25, 33], [4, 20], [15, 45], [65, 37], [10, 35], [32, 25], [71, 58], [62, 39], [68, 74], [12, 17], [24, 46], [51, 33], [64, 40], [0, 10], [23, 9], [69, 66], [22, 18], [1, 38], [71, 49], [44, 33], [1, 10], [26, 47], [67, 44], [72, 53], [47, 18], [30, 2], [61, 49], [34, 0], [70, 39], [2, 19], [13, 54], [2, 24], [41, 2], [53, 22], [44, 14], [46, 57], [65, 60], [14, 32], [18, 35], [12, 15], [51, 37], [53, 64], [22, 5], [74, 29], [20, 15], [41, 8], [33, 63], [23, 49], [49, 13], [39, 38], [63, 45], [17, 21], [37, 15], [55, 15], [19, 31], [48, 4], [49, 49], [70, 73], [16, 32], [57, 57], [0, 8], [32, 18], [15, 9], [49, 44], [20, 36], [73, 50], [64, 52], [13, 47], [32, 29], [3, 29], [32, 14], [30, 36], [14, 34], [69, 70], [50, 40], [30, 73], [13, 26], [32, 47], [33, 50], [36, 14], [18, 21], [50, 46], [51, 39], [13, 17], [4, 24], [57, 61], [16, 61], [31, 29], [72, 68], [56, 29], [10, 48], [6, 30], [39, 64], [43, 4], [23, 14], [54, 16], [45, 63], [33, 40], [44, 37], [36, 23], [24, 17], [32, 10], [59, 64], [54, 17], [6, 19], [54, 67], [3, 27], [72, 62], [4, 48], [15, 31], [55, 23], [28, 38], [47, 21], [71, 24], [16, 6], [24, 53], [67, 72], [22, 3], [47, 66], [42, 15], [56, 14], [53, 61], [10, 16], [22, 43], [55, 42], [16, 33], [4, 47], [18, 4], [33, 70], [68, 21], [35, 18], [39, 30], [38, 51], [6, 5], [4, 34], [50, 24], [34, 48], [53, 72], [36, 2], [29, 49], [45, 14], [2, 18], [14, 42], [57, 46], [39, 18], [26, 63], [38, 73], [60, 49], [18, 11], [19, 14], [62, 36], [18, 36], [62, 62], [52, 33], [1, 16], [13, 36], [47, 19], [52, 66], [20, 14], [43, 43], [22, 33], [46, 65], [30, 17], [11, 58], [16, 40], [40, 5], [68, 51], [66, 36], [28, 24], [50, 64], [40, 26], [19, 36], [17, 4], [50, 39], [45, 31], [73, 14], [44, 0], [31, 72], [22, 47], [23, 24], [21, 49], [47, 28], [66, 57], [7, 0], [12, 62], [67, 64], [25, 3], [54, 51], [40, 57], [36, 13], [52, 59], [16, 18], [24, 34], [37, 42], [42, 31], [44, 35], [48, 72], [1, 28], [25, 27], [65, 23], [15, 24], [54, 71], [46, 42], [14, 46], [3, 30], [0, 37], [62, 23], [70, 63], [34, 17], [23, 33], [34, 11], [14, 4], [38, 56], [27, 48], [74, 30], [51, 46], [57, 49], [68, 69], [21, 13], [8, 41], [11, 8], [59, 17], [26, 43], [21, 41], [0, 40], [2, 15], [33, 7], [55, 51], [40, 31], [70, 30], [55, 68], [11, 32], [9, 15], [11, 62], [50, 73], [39, 10], [71, 65], [74, 15], [21, 37], [53, 25], [4, 1], [22, 44], [7, 12], [55, 64], [12, 34], [65, 25], [36, 55], [37, 70], [18, 15], [70, 59], [22, 20], [45, 0], [32, 41], [47, 39], [71, 28], [38, 7], [50, 74], [67, 57], [3, 17], [5, 1], [60, 29], [36, 5], [45, 62], [37, 46], [31, 20], [48, 53], [43, 51], [34, 39], [48, 10], [56, 27], [36, 25], [34, 38], [67, 41], [15, 26], [21, 5], [72, 39], [62, 73], [6, 0], [4, 39], [43, 63], [23, 27], [14, 50], [17, 54], [45, 29], [70, 20], [25, 28], [46, 62], [16, 5], [48, 69], [2, 25], [4, 63], [20, 16], [59, 19], [38, 6], [35, 35], [14, 11], [65, 72], [56, 49], [33, 37], [30, 47], [51, 67], [68, 34], [25, 24], [7, 2], [19, 15], [5, 39], [36, 73], [65, 41], [53, 26], [26, 23], [27, 8], [25, 37], [18, 8], [60, 61], [61, 56], [41, 57], [13, 44], [66, 67], [12, 37], [23, 17], [6, 41], [48, 16], [60, 18], [53, 31], [7, 33], [49, 11], [54, 65], [67, 45], [43, 62], [29, 2], [25, 51], [42, 46], [3, 21], [32, 3], [29, 45], [62, 48], [9, 27], [23, 48], [21, 23]]}