{"meta": {"number_of_robots": 1563, "description": {"parameters": {"seed": 6082, "shape": [75, 75], "obstacles": {"n": 20, "mean": 5, "std": 2.5}, "clusters": {"n": 0, "mean": 40, "std": 20.0, "relative_radius": 2, "increase_factor": 1.3, "start_dist": {"generator_name": "uniform", "shape": [75, 75], "min": 1.0, "max": 1.0, "mean": 1.0, "std": 0.0, "dtype": "float64", "parameters": {}}, "target_dist": {"generator_name": "uniform", "shape": [75, 75], "min": 1.0, "max": 1.0, "mean": 1.0, "std": 0.0, "dtype": "float64", "parameters": {}}}, "density": 0.3, "start_dist": {"generator_name": "uniform", "shape": [75, 75], "min": 1.0, "max": 1.0, "mean": 1.0, "std": 0.0, "dtype": "float64", "parameters": {}}, "target_dist": {"generator_name": "uniform", "shape": [75, 75], "min": 1.0, "max": 1.0, "mean": 1.0, "std": 0.0, "dtype": "float64", "parameters": {}}}, "stats": {"date": "2020-11-17", "free_area": 5209.0, "number_of_clustered_robots": 0, "number_of_robots": 1563}}}, "name": "large_001_75x75_30_1563", "obstacles": [[11, 16], [11, 17], [11, 18], [11, 19], [11, 20], [11, 21], [11, 22], [12, 16], [12, 22], [13, 16], [13, 22], [14, 16], [14, 22], [15, 16], [15, 22], [16, 16], [16, 22], [17, 16], [17, 22], [18, 16], [18, 22], [19, 16], [19, 17], [19, 18], [19, 19], [19, 20], [19, 21], [19, 22], [20, 23], [20, 24], [20, 25], [21, 23], [21, 25], [22, 23], [22, 24], [22, 25], [24, 35], [24, 36], [24, 37], [24, 38], [24, 39], [24, 51], [24, 52], [24, 53], [25, 35], [25, 39], [25, 51], [25, 53], [26, 35], [26, 39], [26, 51], [26, 53], [27, 35], [27, 36], [27, 37], [27, 38], [27, 39], [27, 51], [27, 53], [28, 51], [28, 54], [28, 55], [28, 56], [28, 57], [29, 51], [29, 53], [30, 51], [30, 53], [31, 51], [31, 52], [31, 53], [32, 13], [32, 14], [32, 15], [32, 16], [32, 17], [32, 18], [33, 13], [33, 18], [34, 13], [34, 18], [35, 13], [35, 18], [36, 13], [36, 14], [36, 15], [36, 16], [36, 17], [36, 18], [37, 36], [37, 37], [37, 70], [38, 36], [38, 37], [38, 70], [39, 36], [39, 37], [39, 70], [40, 36], [40, 37], [40, 70], [41, 36], [41, 37], [41, 70], [42, 1], [42, 11], [42, 12], [42, 13], [42, 14], [42, 15], [42, 16], [42, 19], [42, 20], [42, 21], [42, 22], [42, 23], [42, 24], [42, 25], [42, 26], [43, 1], [43, 11], [43, 16], [43, 19], [43, 26], [44, 1], [44, 11], [44, 16], [44, 19], [44, 26], [45, 11], [45, 16], [45, 19], [45, 26], [46, 11], [46, 16], [46, 19], [46, 26], [47, 1], [47, 2], [47, 11], [47, 12], [47, 13], [47, 14], [47, 15], [47, 16], [47, 19], [47, 26], [48, 1], [48, 2], [48, 19], [48, 20], [48, 21], [48, 22], [48, 23], [48, 24], [48, 25], [48, 26], [50, 26], [50, 27], [50, 28], [51, 26], [51, 27], [51, 28], [55, 12], [55, 13], [55, 14], [55, 15], [55, 16], [55, 17], [55, 18], [55, 19], [55, 20], [56, 12], [56, 20], [57, 12], [57, 20], [58, 12], [58, 20], [59, 1], [59, 2], [59, 3], [59, 4], [59, 12], [59, 20], [60, 12], [60, 20], [61, 12], [61, 13], [61, 14], [61, 20], [61, 36], [61, 37], [61, 38], [61, 39], [61, 40], [62, 15], [62, 19], [62, 36], [62, 40], [63, 11], [63, 12], [63, 13], [63, 14], [63, 17], [63, 18], [63, 19], [63, 36], [63, 40], [64, 11], [64, 16], [64, 36], [64, 37], [64, 38], [64, 39], [64, 40], [65, 11], [65, 16], [65, 61], [65, 62], [65, 63], [65, 64], [65, 65], [66, 11], [66, 12], [66, 13], [66, 14], [66, 15], [66, 16], [66, 20], [66, 21], [66, 22], [66, 23], [66, 61], [66, 65], [67, 20], [67, 23], [67, 61], [67, 62], [67, 63], [67, 64], [67, 65], [68, 20], [68, 21], [68, 22], [68, 23]], "starts": [[24, 7], [30, 67], [9, 4], [17, 27], [66, 49], [69, 64], [58, 28], [66, 35], [65, 25], [47, 30], [36, 45], [16, 34], [20, 60], [72, 27], [51, 63], [25, 20], [20, 37], [51, 53], [45, 28], [4, 59], [42, 63], [69, 51], [1, 29], [64, 27], [21, 37], [2, 0], [53, 24], [66, 59], [51, 17], [14, 51], [63, 63], [67, 37], [68, 14], [3, 43], [1, 67], [58, 43], [18, 43], [8, 28], [35, 41], [26, 28], [12, 5], [20, 58], [56, 43], [67, 14], [2, 43], [43, 54], [6, 21], [47, 50], [68, 33], [20, 35], [50, 37], [37, 12], [43, 51], [58, 49], [27, 55], [49, 58], [17, 72], [1, 23], [72, 21], [3, 25], [50, 39], [66, 7], [14, 74], [2, 6], [13, 9], [56, 6], [73, 36], [15, 14], [29, 35], [42, 66], [56, 52], [70, 43], [31, 58], [10, 62], [4, 33], [40, 19], [47, 39], [1, 68], [10, 24], [51, 24], [41, 61], [54, 9], [70, 23], [16, 70], [13, 40], [58, 45], [0, 47], [47, 61], [53, 22], [58, 58], [43, 3], [18, 24], [31, 27], [71, 13], [45, 68], [26, 65], [52, 32], [11, 65], [74, 37], [51, 44], [43, 39], [37, 18], [71, 55], [1, 16], [60, 22], [29, 25], [0, 54], [25, 24], [44, 72], [3, 6], [3, 9], [49, 15], [36, 40], [43, 18], [59, 45], [16, 6], [41, 56], [34, 72], [14, 29], [26, 15], [8, 23], [67, 0], [68, 2], [38, 62], [11, 52], [32, 20], [16, 46], [65, 5], [13, 38], [42, 55], [69, 70], [73, 58], [9, 40], [35, 46], [39, 23], [27, 49], [65, 0], [36, 25], [28, 72], [18, 36], [52, 49], [57, 72], [5, 6], [10, 31], [19, 38], [42, 49], [37, 35], [48, 18], [6, 18], [49, 2], [64, 70], [4, 34], [73, 72], [1, 60], [45, 39], [29, 43], [33, 30], [63, 4], [15, 60], [34, 57], [60, 69], [27, 72], [9, 48], [64, 47], [55, 61], [14, 57], [5, 36], [64, 61], [17, 10], [1, 47], [54, 16], [55, 37], [73, 35], [62, 61], [63, 41], [50, 30], [14, 45], [15, 72], [23, 3], [34, 36], [39, 11], [29, 8], [27, 60], [44, 36], [24, 33], [9, 3], [65, 17], [36, 6], [42, 0], [52, 46], [14, 56], [16, 36], [28, 29], [18, 42], [71, 37], [24, 61], [16, 40], [22, 68], [73, 4], [9, 15], [36, 46], [73, 49], [28, 66], [71, 73], [62, 33], [52, 69], [5, 33], [71, 16], [69, 46], [44, 66], [22, 27], [62, 53], [45, 54], [37, 47], [26, 31], [10, 35], [13, 70], [61, 31], [6, 37], [62, 43], [27, 9], [66, 32], [16, 11], [54, 29], [29, 21], [56, 25], [59, 58], [49, 48], [30, 41], [50, 59], [34, 38], [46, 68], [27, 14], [17, 34], [59, 50], [45, 0], [4, 11], [49, 57], [47, 70], [8, 35], [56, 5], [25, 49], [38, 56], [50, 9], [37, 38], [52, 72], [60, 67], [18, 40], [42, 57], [27, 18], [72, 36], [56, 53], [24, 64], [12, 73], [27, 58], [25, 42], [14, 26], [13, 5], [25, 28], [34, 39], [15, 55], [52, 50], [21, 1], [34, 50], [48, 53], [62, 47], [21, 19], [26, 32], [68, 45], [41, 25], [60, 33], [24, 8], [53, 33], [52, 74], [52, 19], [69, 14], [58, 6], [43, 50], [52, 28], [17, 45], [3, 53], [59, 43], [50, 47], [4, 9], [33, 61], [51, 7], [47, 28], [28, 49], [12, 61], [68, 68], [3, 38], [30, 3], [74, 21], [38, 67], [24, 50], [68, 54], [14, 54], [8, 6], [62, 8], [29, 13], [47, 10], [16, 51], [31, 71], [12, 39], [17, 58], [51, 1], [13, 14], [8, 10], [60, 6], [56, 54], [55, 22], [25, 58], [68, 12], [66, 52], [9, 0], [28, 15], [50, 73], [71, 57], [6, 10], [69, 40], [3, 56], [18, 49], [50, 51], [6, 11], [44, 52], [2, 40], [28, 7], [5, 30], [59, 27], [37, 44], [69, 31], [35, 47], [13, 66], [4, 61], [63, 54], [60, 27], [16, 53], [39, 44], [11, 46], [47, 41], [12, 59], [52, 4], [19, 1], [37, 15], [69, 52], [52, 58], [56, 71], [74, 66], [15, 49], [18, 28], [5, 0], [68, 53], [53, 26], [63, 66], [57, 30], [26, 48], [66, 30], [30, 8], [70, 24], [12, 14], [14, 4], [12, 72], [20, 4], [21, 43], [2, 2], [27, 6], [35, 30], [55, 3], [21, 32], [42, 73], [10, 39], [26, 68], [50, 5], [33, 25], [57, 42], [49, 27], [66, 29], [41, 15], [54, 3], [3, 50], [9, 46], [50, 68], [38, 74], [54, 73], [15, 66], [7, 25], [6, 26], [24, 55], [29, 3], [2, 37], [57, 47], [6, 64], [47, 55], [15, 30], [65, 45], [43, 28], [39, 4], [29, 20], [14, 42], [49, 26], [22, 3], [43, 64], [38, 52], [19, 39], [13, 39], [39, 22], [62, 5], [61, 60], [49, 8], [16, 4], [65, 60], [65, 70], [0, 64], [41, 52], [33, 49], [39, 45], [69, 5], [65, 59], [63, 34], [73, 68], [27, 59], [71, 56], [70, 67], [10, 65], [7, 63], [15, 9], [14, 0], [44, 43], [65, 68], [45, 56], [1, 58], [74, 16], [6, 67], [25, 50], [41, 69], [59, 40], [48, 32], [46, 27], [8, 60], [43, 34], [51, 9], [63, 26], [70, 53], [32, 64], [5, 34], [10, 25], [6, 39], [3, 30], [52, 29], [74, 44], [16, 56], [5, 29], [13, 53], [72, 73], [1, 69], [10, 71], [28, 25], [38, 16], [46, 63], [60, 66], [14, 2], [32, 41], [19, 40], [45, 58], [19, 71], [27, 13], [48, 31], [61, 23], [66, 71], [68, 36], [35, 69], [56, 63], [24, 16], [54, 51], [11, 8], [72, 26], [12, 27], [36, 53], [38, 6], [33, 3], [45, 35], [7, 39], [67, 4], [70, 25], [36, 5], [46, 61], [15, 3], [39, 74], [63, 8], [49, 0], [30, 65], [36, 3], [12, 66], [27, 17], [10, 59], [32, 50], [66, 51], [49, 49], [66, 74], [49, 18], [57, 55], [36, 62], [18, 34], [68, 50], [62, 29], [44, 0], [12, 29], [53, 2], [73, 15], [9, 57], [59, 73], [52, 42], [54, 58], [59, 33], [39, 21], [74, 7], [54, 63], [59, 51], [1, 42], [32, 60], [44, 68], [61, 48], [36, 63], [5, 59], [23, 27], [11, 67], [52, 54], [54, 25], [53, 37], [73, 0], [32, 5], [8, 36], [36, 69], [40, 56], [45, 45], [20, 1], [17, 46], [23, 53], [47, 71], [9, 24], [56, 69], [66, 38], [58, 66], [28, 16], [16, 1], [6, 28], [30, 24], [22, 28], [63, 31], [55, 34], [59, 31], [67, 70], [52, 30], [48, 60], [50, 35], [52, 22], [14, 11], [71, 9], [51, 16], [58, 7], [72, 23], [41, 48], [71, 8], [20, 31], [21, 72], [34, 62], [2, 22], [64, 57], [25, 15], [31, 4], [60, 70], [61, 22], [5, 72], [48, 43], [19, 50], [1, 19], [64, 67], [59, 5], [6, 53], [4, 48], [7, 56], [63, 1], [63, 50], [50, 54], [31, 34], [50, 62], [21, 3], [73, 42], [1, 39], [11, 68], [50, 25], [53, 17], [20, 40], [16, 37], [3, 51], [26, 10], [19, 55], [52, 57], [10, 4], [32, 47], [58, 72], [37, 22], [8, 59], [20, 6], [45, 60], [7, 71], [9, 14], [52, 44], [2, 54], [12, 54], [40, 35], [19, 14], [29, 40], [11, 0], [56, 34], [27, 0], [65, 8], [13, 57], [69, 24], [47, 9], [46, 29], [65, 19], [20, 19], [73, 63], [67, 5], [5, 9], [67, 36], [26, 26], [22, 56], [11, 48], [6, 30], [25, 3], [11, 33], [58, 9], [23, 46], [50, 45], [31, 47], [8, 69], [3, 63], [39, 13], [2, 60], [2, 8], [14, 33], [24, 15], [53, 62], [12, 67], [13, 4], [64, 72], [34, 37], [41, 23], [23, 43], [10, 15], [28, 47], [63, 46], [65, 48], [31, 64], [30, 29], [14, 67], [57, 53], [18, 70], [72, 9], [16, 7], [55, 71], [8, 9], [19, 66], [28, 12], [53, 8], [26, 18], [41, 11], [51, 31], [58, 50], [8, 47], [45, 34], [18, 41], [4, 20], [33, 32], [72, 6], [53, 68], [73, 23], [18, 61], [12, 57], [65, 67], [18, 47], [1, 37], [16, 65], [70, 2], [44, 63], [63, 45], [4, 54], [2, 3], [4, 58], [31, 14], [26, 54], [63, 33], [38, 9], [36, 35], [34, 8], [30, 69], [8, 56], [49, 66], [51, 39], [43, 48], [28, 40], [33, 57], [25, 47], [17, 70], [66, 19], [52, 2], [11, 10], [22, 20], [61, 62], [19, 61], [23, 12], [7, 12], [44, 29], [38, 34], [14, 71], [51, 60], [43, 6], [30, 4], [16, 73], [23, 11], [43, 56], [27, 21], [11, 63], [27, 19], [44, 38], [17, 39], [8, 18], [63, 60], [19, 54], [51, 73], [26, 0], [11, 58], [43, 17], [32, 12], [43, 71], [38, 23], [19, 29], [8, 34], [28, 38], [7, 19], [47, 47], [10, 74], [6, 45], [31, 33], [37, 17], [17, 50], [69, 60], [40, 2], [10, 19], [52, 38], [58, 30], [37, 9], [61, 54], [37, 73], [8, 38], [29, 59], [31, 35], [10, 43], [27, 45], [58, 44], [59, 61], [71, 5], [37, 31], [22, 57], [20, 13], [36, 43], [70, 42], [0, 65], [64, 33], [31, 21], [32, 34], [19, 5], [17, 71], [3, 22], [10, 30], [61, 35], [32, 24], [45, 47], [28, 71], [57, 74], [32, 40], [10, 48], [33, 21], [62, 71], [58, 71], [40, 58], [36, 41], [57, 34], [11, 72], [49, 24], [65, 26], [51, 56], [24, 73], [33, 33], [2, 39], [24, 49], [55, 70], [30, 31], [70, 35], [55, 47], [68, 35], [20, 53], [48, 36], [56, 4], [41, 66], [74, 73], [23, 24], [30, 55], [21, 55], [68, 13], [9, 55], [8, 33], [21, 15], [28, 4], [7, 69], [67, 73], [62, 54], [5, 53], [3, 55], [33, 39], [38, 18], [47, 37], [25, 60], [71, 62], [45, 8], [59, 46], [0, 43], [47, 34], [64, 10], [49, 63], [51, 74], [68, 64], [6, 16], [40, 54], [55, 32], [21, 17], [32, 28], [47, 43], [28, 11], [27, 26], [59, 36], [10, 8], [53, 52], [2, 21], [62, 12], [22, 37], [24, 9], [63, 70], [8, 32], [53, 50], [23, 10], [2, 74], [20, 42], [28, 0], [6, 69], [47, 3], [59, 49], [53, 42], [54, 15], [16, 44], [17, 14], [18, 63], [43, 31], [72, 64], [7, 8], [4, 21], [53, 48], [68, 61], [70, 73], [17, 25], [30, 68], [57, 22], [1, 74], [59, 32], [39, 56], [47, 53], [51, 42], [49, 1], [50, 38], [52, 48], [55, 8], [52, 35], [62, 52], [62, 44], [38, 65], [64, 0], [42, 18], [48, 45], [68, 6], [60, 5], [23, 74], [49, 28], [43, 27], [58, 39], [39, 25], [34, 33], [65, 49], [11, 2], [34, 52], [72, 52], [21, 22], [49, 51], [64, 52], [40, 69], [4, 62], [23, 2], [74, 26], [66, 45], [31, 68], [62, 49], [8, 15], [60, 64], [74, 24], [46, 64], [68, 28], [53, 30], [18, 11], [43, 61], [7, 62], [72, 24], [49, 20], [72, 72], [21, 57], [26, 50], [44, 41], [38, 59], [42, 48], [2, 59], [48, 44], [30, 23], [35, 39], [55, 50], [63, 25], [43, 37], [34, 48], [24, 32], [3, 18], [34, 35], [7, 74], [24, 23], [67, 24], [10, 20], [20, 71], [6, 22], [14, 50], [26, 16], [53, 3], [16, 39], [52, 53], [8, 62], [28, 42], [32, 71], [11, 36], [46, 17], [50, 16], [50, 36], [35, 51], [19, 43], [54, 56], [17, 48], [61, 74], [55, 53], [37, 69], [9, 58], [17, 30], [42, 28], [49, 50], [8, 17], [34, 7], [38, 50], [21, 52], [0, 37], [54, 2], [36, 9], [47, 8], [38, 53], [55, 1], [5, 1], [71, 27], [66, 50], [53, 41], [42, 33], [46, 46], [9, 7], [14, 7], [44, 6], [60, 42], [13, 60], [6, 6], [51, 62], [17, 11], [3, 36], [12, 60], [17, 66], [4, 6], [66, 31], [29, 28], [71, 17], [65, 66], [30, 71], [24, 25], [54, 62], [16, 35], [58, 70], [52, 36], [0, 32], [36, 30], [60, 38], [17, 0], [63, 59], [2, 11], [63, 58], [11, 38], [26, 23], [56, 65], [5, 19], [72, 74], [43, 35], [61, 55], [63, 62], [7, 22], [3, 24], [23, 50], [51, 41], [56, 59], [33, 4], [70, 14], [50, 69], [38, 64], [49, 46], [28, 8], [57, 39], [56, 41], [32, 25], [62, 14], [43, 74], [28, 31], [46, 70], [42, 2], [47, 33], [50, 49], [4, 31], [37, 4], [21, 20], [16, 49], [24, 26], [20, 29], [61, 26], [59, 42], [12, 32], [20, 2], [48, 54], [68, 29], [56, 7], [33, 28], [38, 28], [51, 3], [10, 72], [36, 22], [60, 34], [37, 27], [3, 27], [42, 10], [28, 41], [19, 30], [17, 44], [30, 9], [32, 43], [44, 4], [52, 21], [43, 36], [57, 67], [27, 40], [4, 67], [3, 32], [28, 36], [71, 48], [68, 37], [50, 32], [16, 33], [45, 71], [30, 44], [54, 33], [35, 26], [40, 46], [38, 19], [27, 69], [73, 2], [21, 54], [41, 33], [8, 65], [72, 15], [42, 17], [24, 22], [65, 7], [70, 20], [68, 65], [31, 23], [19, 15], [38, 21], [70, 15], [19, 0], [68, 39], [53, 54], [66, 66], [37, 23], [55, 44], [4, 4], [5, 40], [54, 61], [72, 51], [54, 11], [46, 32], [9, 71], [52, 5], [40, 55], [56, 26], [54, 28], [71, 24], [65, 9], [0, 52], [56, 66], [34, 56], [71, 50], [32, 48], [38, 43], [73, 22], [63, 10], [2, 31], [61, 68], [16, 3], [66, 10], [40, 50], [35, 52], [12, 58], [12, 34], [50, 13], [29, 73], [6, 14], [19, 35], [24, 45], [73, 11], [42, 37], [37, 52], [59, 69], [44, 50], [8, 57], [26, 17], [8, 12], [29, 57], [39, 57], [39, 67], [36, 32], [7, 67], [40, 5], [40, 41], [25, 74], [39, 35], [44, 32], [55, 55], [58, 4], [19, 58], [32, 9], [44, 31], [40, 21], [29, 0], [67, 33], [20, 65], [42, 29], [34, 47], [19, 62], [17, 68], [35, 36], [39, 9], [72, 71], [50, 15], [9, 35], [54, 32], [19, 68], [27, 54], [61, 25], [69, 66], [64, 43], [65, 55], [49, 67], [1, 35], [71, 65], [12, 63], [45, 32], [6, 25], [23, 34], [4, 46], [23, 22], [11, 40], [71, 53], [36, 24], [2, 14], [25, 16], [22, 45], [54, 50], [14, 28], [12, 42], [7, 20], [42, 51], [54, 23], [63, 71], [40, 16], [26, 3], [44, 51], [34, 22], [22, 36], [29, 23], [23, 59], [25, 10], [20, 74], [41, 47], [30, 13], [19, 41], [59, 71], [70, 3], [19, 8], [28, 27], [7, 28], [14, 13], [6, 3], [53, 45], [60, 54], [51, 54], [27, 74], [2, 48], [55, 33], [40, 25], [30, 20], [25, 2], [26, 66], [46, 66], [24, 58], [22, 12], [13, 13], [70, 52], [30, 15], [67, 42], [3, 60], [46, 1], [17, 8], [12, 69], [52, 31], [27, 16], [27, 66], [19, 3], [38, 33], [11, 60], [46, 58], [18, 12], [51, 11], [17, 42], [36, 12], [0, 49], [31, 67], [73, 61], [13, 65], [71, 33], [46, 47], [54, 14], [52, 0], [54, 49], [14, 31], [15, 42], [43, 66], [24, 69], [4, 50], [9, 18], [26, 60], [31, 17], [65, 22], [60, 7], [33, 72], [40, 32], [53, 38], [3, 40], [56, 57], [34, 44], [69, 10], [36, 61], [33, 69], [0, 33], [59, 9], [6, 35], [48, 46], [52, 1], [59, 21], [37, 29], [12, 35], [7, 6], [60, 24], [50, 61], [51, 2], [67, 15], [69, 55], [39, 40], [17, 1], [64, 48], [50, 72], [67, 43], [74, 52], [15, 38], [57, 4], [54, 43], [32, 55], [69, 69], [64, 45], [0, 50], [22, 39], [4, 39], [48, 30], [8, 1], [32, 65], [32, 51], [12, 7], [18, 60], [53, 19], [56, 73], [7, 48], [55, 28], [32, 52], [68, 74], [36, 0], [64, 56], [26, 67], [72, 10], [66, 72], [29, 67], [58, 25], [48, 58], [9, 17], [5, 15], [32, 29], [71, 19], [25, 21], [32, 1], [7, 27], [4, 73], [29, 11], [31, 9], [33, 35], [48, 27], [57, 64], [0, 6], [17, 65], [33, 9], [69, 21], [73, 16], [59, 30], [29, 44], [2, 70], [21, 68], [40, 61], [74, 35], [46, 50], [9, 61], [34, 69], [73, 71], [55, 9], [73, 69], [5, 48], [0, 0], [10, 22], [72, 40], [34, 1], [21, 11], [9, 42], [0, 23], [1, 32], [9, 2], [41, 59], [38, 48], [44, 47], [11, 1], [25, 44], [39, 1], [53, 6], [63, 21], [1, 71], [1, 26], [6, 65], [44, 33], [42, 62], [54, 60], [15, 53], [46, 41], [25, 64], [27, 70], [42, 4], [63, 5], [26, 72], [11, 49], [49, 25], [47, 6], [62, 65], [16, 25], [6, 15], [27, 61], [3, 47], [55, 41], [57, 27], [52, 26], [11, 35], [21, 6], [71, 40], [13, 48], [57, 9], [37, 58], [64, 51], [49, 10], [35, 10], [64, 26], [19, 65], [55, 58], [41, 14], [16, 60], [73, 38], [17, 31], [54, 34], [28, 69], [45, 2], [42, 68], [4, 45], [46, 74], [14, 23], [30, 72], [55, 7], [10, 36], [29, 69], [32, 49], [7, 73], [8, 67], [21, 41], [12, 53], [63, 51], [9, 41], [37, 67], [30, 48], [35, 43], [25, 34], [8, 71], [4, 71], [47, 59], [41, 40], [72, 29], [64, 21], [18, 66], [21, 0], [41, 0], [16, 57], [57, 23], [24, 14], [24, 48], [1, 70], [43, 38], [46, 40], [47, 52], [29, 65], [46, 60], [1, 11], [34, 3], [71, 10], [45, 72], [14, 48], [5, 10], [54, 26], [62, 32], [33, 67], [74, 59], [12, 12], [5, 67], [52, 16], [27, 20], [59, 72], [63, 52], [67, 41], [29, 45], [12, 1], [34, 29], [31, 10], [26, 14], [73, 31], [4, 53], [23, 54], [35, 22], [17, 7], [20, 49], [54, 22], [8, 42], [61, 30], [42, 44], [53, 43], [57, 59], [36, 42], [14, 10], [4, 66], [25, 27], [7, 43], [58, 61], [74, 9], [45, 55], [7, 26], [17, 12], [39, 5], [64, 68], [32, 22], [47, 38], [56, 45], [3, 42], [40, 74], [48, 41], [57, 71], [1, 45], [51, 71], [61, 42], [72, 37], [36, 48], [6, 63], [48, 42], [6, 5], [16, 26], [54, 67], [73, 6], [8, 24], [74, 25], [13, 45], [32, 72], [12, 8], [68, 30], [34, 41], [13, 15], [31, 25], [73, 7], [46, 38], [35, 6], [7, 16], [69, 1], [65, 24], [0, 5], [13, 67], [28, 19], [49, 5], [5, 24], [48, 66], [1, 22], [10, 64], [62, 74], [3, 4], [29, 49], [65, 38], [62, 46], [73, 50], [41, 42], [33, 37], [24, 6], [53, 44], [7, 34]], "targets": [[42, 36], [56, 9], [65, 24], [40, 73], [59, 25], [62, 45], [4, 23], [32, 22], [11, 73], [21, 2], [23, 14], [48, 13], [1, 5], [37, 29], [22, 68], [22, 66], [35, 40], [49, 2], [60, 41], [4, 16], [11, 56], [2, 43], [43, 57], [39, 63], [65, 32], [30, 14], [31, 20], [53, 1], [37, 57], [5, 3], [12, 24], [47, 71], [20, 59], [73, 56], [65, 34], [61, 33], [2, 9], [11, 42], [21, 67], [66, 74], [0, 15], [19, 44], [25, 71], [23, 1], [1, 55], [57, 68], [49, 6], [56, 63], [13, 26], [18, 72], [24, 74], [23, 37], [1, 16], [71, 74], [19, 27], [9, 6], [48, 3], [18, 70], [49, 0], [27, 22], [4, 51], [21, 61], [16, 48], [59, 63], [28, 50], [20, 14], [6, 47], [45, 69], [48, 7], [20, 71], [52, 0], [15, 35], [14, 74], [0, 5], [30, 17], [10, 30], [19, 64], [71, 42], [9, 67], [28, 25], [38, 17], [16, 54], [45, 45], [56, 33], [70, 15], [3, 27], [11, 70], [23, 39], [29, 70], [15, 47], [46, 65], [25, 26], [65, 60], [59, 68], [58, 61], [52, 57], [74, 72], [27, 54], [59, 54], [72, 8], [20, 43], [53, 47], [40, 74], [70, 39], [28, 64], [12, 66], [28, 27], [69, 25], [68, 59], [63, 27], [57, 48], [6, 14], [26, 40], [44, 41], [35, 12], [10, 25], [13, 23], [5, 37], [65, 8], [21, 13], [56, 37], [19, 47], [63, 59], [52, 66], [2, 46], [39, 9], [21, 34], [3, 65], [15, 3], [24, 71], [3, 44], [17, 64], [62, 25], [71, 66], [31, 44], [40, 18], [52, 5], [40, 50], [50, 21], [12, 68], [73, 61], [64, 57], [72, 21], [56, 21], [62, 70], [39, 73], [59, 11], [21, 12], [49, 44], [13, 50], [0, 8], [48, 66], [56, 6], [28, 32], [55, 38], [53, 57], [23, 64], [5, 65], [9, 33], [13, 60], [2, 58], [35, 24], [55, 70], [51, 6], [19, 37], [69, 43], [26, 42], [37, 12], [28, 2], [17, 71], [3, 60], [7, 65], [51, 1], [66, 35], [62, 10], [28, 34], [7, 66], [5, 72], [61, 2], [11, 13], [12, 6], [52, 11], [17, 32], [58, 2], [12, 0], [15, 9], [18, 8], [70, 54], [8, 60], [20, 7], [18, 32], [7, 11], [21, 3], [39, 25], [13, 1], [7, 6], [15, 50], [41, 72], [46, 37], [46, 0], [23, 4], [59, 29], [27, 7], [30, 67], [62, 31], [65, 31], [22, 34], [27, 61], [30, 47], [59, 73], [0, 47], [20, 6], [6, 2], [60, 73], [53, 17], [34, 9], [55, 37], [50, 14], [43, 44], [29, 40], [18, 64], [29, 48], [72, 31], [57, 46], [62, 24], [31, 15], [14, 73], [35, 74], [27, 56], [58, 65], [71, 67], [61, 28], [3, 68], [11, 3], [41, 26], [22, 26], [60, 66], [6, 55], [25, 2], [26, 32], [20, 3], [49, 63], [70, 55], [37, 43], [71, 2], [1, 29], [25, 33], [56, 50], [69, 5], [33, 23], [24, 59], [27, 69], [23, 49], [13, 41], [73, 42], [25, 74], [38, 72], [72, 57], [58, 62], [27, 55], [36, 25], [51, 41], [3, 62], [39, 56], [63, 3], [65, 18], [22, 33], [34, 52], [40, 67], [62, 57], [48, 50], [57, 37], [17, 52], [18, 56], [56, 29], [35, 43], [57, 72], [37, 40], [62, 48], [39, 14], [37, 52], [60, 1], [15, 8], [43, 45], [38, 50], [65, 35], [55, 27], [37, 54], [60, 53], [63, 54], [55, 26], [35, 73], [7, 26], [62, 20], [34, 21], [9, 13], [20, 22], [60, 54], [65, 74], [59, 10], [28, 9], [35, 38], [53, 36], [72, 47], [30, 37], [74, 60], [48, 51], [34, 60], [51, 40], [9, 56], [40, 7], [35, 8], [10, 18], [27, 5], [20, 69], [32, 42], [36, 40], [24, 14], [29, 25], [0, 39], [13, 61], [16, 34], [36, 73], [28, 3], [40, 20], [25, 29], [67, 29], [43, 18], [46, 67], [32, 68], [53, 21], [13, 37], [39, 7], [73, 38], [16, 7], [74, 31], [69, 18], [68, 64], [11, 33], [60, 60], [8, 54], [69, 12], [66, 52], [26, 66], [12, 8], [8, 5], [74, 38], [41, 19], [47, 29], [28, 6], [42, 9], [1, 62], [34, 8], [70, 50], [36, 1], [25, 17], [72, 59], [44, 70], [34, 45], [57, 47], [49, 69], [24, 58], [8, 68], [17, 70], [54, 21], [44, 34], [6, 17], [17, 14], [10, 35], [65, 41], [26, 61], [69, 19], [34, 0], [51, 21], [39, 55], [39, 3], [34, 50], [35, 69], [12, 74], [45, 49], [2, 2], [23, 21], [4, 52], [74, 11], [57, 53], [24, 65], [0, 49], [37, 60], [22, 16], [42, 73], [51, 68], [0, 34], [69, 66], [14, 31], [67, 18], [50, 48], [34, 25], [6, 7], [5, 24], [4, 74], [55, 24], [50, 4], [15, 62], [7, 74], [19, 50], [27, 30], [52, 8], [23, 57], [38, 62], [67, 8], [24, 6], [24, 73], [49, 19], [55, 59], [33, 71], [48, 42], [21, 45], [18, 48], [25, 25], [28, 72], [71, 25], [69, 38], [64, 1], [5, 21], [71, 38], [70, 6], [59, 72], [16, 10], [40, 69], [48, 67], [30, 27], [21, 66], [30, 7], [16, 62], [74, 2], [10, 59], [74, 70], [43, 38], [18, 73], [20, 49], [14, 65], [24, 42], [21, 58], [36, 2], [17, 13], [47, 51], [33, 35], [54, 39], [39, 48], [55, 30], [8, 74], [65, 2], [46, 27], [32, 62], [69, 53], [9, 25], [44, 64], [72, 71], [68, 39], [70, 69], [31, 43], [1, 2], [60, 9], [53, 27], [64, 4], [13, 59], [63, 7], [13, 31], [44, 63], [48, 55], [60, 24], [71, 54], [50, 40], [13, 0], [49, 32], [49, 33], [11, 4], [71, 4], [10, 8], [7, 60], [35, 34], [3, 43], [23, 13], [6, 60], [27, 25], [72, 33], [3, 73], [54, 36], [6, 24], [51, 43], [16, 63], [73, 20], [58, 29], [51, 73], [8, 30], [8, 17], [30, 15], [63, 70], [67, 7], [21, 33], [46, 53], [18, 50], [39, 31], [65, 37], [15, 6], [33, 65], [31, 70], [21, 18], [19, 3], [44, 18], [27, 21], [4, 44], [9, 51], [8, 72], [8, 18], [23, 29], [68, 66], [57, 51], [43, 6], [18, 69], [33, 49], [51, 56], [44, 29], [13, 57], [55, 0], [22, 31], [5, 13], [17, 8], [73, 50], [73, 55], [13, 12], [20, 32], [11, 41], [40, 24], [31, 54], [36, 34], [6, 35], [37, 11], [21, 57], [54, 67], [8, 36], [59, 45], [42, 3], [5, 30], [22, 8], [45, 33], [58, 51], [57, 28], [44, 17], [72, 12], [40, 47], [35, 25], [8, 15], [67, 1], [8, 6], [22, 62], [56, 36], [13, 43], [57, 41], [68, 74], [29, 32], [38, 21], [63, 62], [1, 33], [53, 51], [20, 65], [38, 48], [69, 24], [69, 9], [49, 28], [11, 58], [25, 8], [60, 74], [44, 30], [49, 43], [34, 48], [1, 49], [74, 0], [27, 72], [4, 14], [29, 63], [44, 46], [67, 40], [46, 47], [22, 44], [41, 31], [71, 44], [22, 20], [64, 46], [2, 14], [20, 30], [29, 44], [68, 24], [19, 38], [74, 13], [12, 33], [28, 42], [53, 66], [59, 55], [19, 52], [35, 44], [24, 13], [27, 47], [74, 24], [52, 13], [6, 52], [10, 47], [54, 63], [33, 27], [31, 61], [30, 21], [64, 30], [45, 66], [32, 63], [27, 49], [51, 46], [32, 10], [13, 33], [62, 4], [41, 18], [45, 3], [61, 49], [74, 43], [72, 32], [41, 29], [43, 31], [63, 61], [15, 72], [71, 5], [38, 33], [26, 65], [1, 24], [9, 3], [18, 27], [27, 71], [31, 66], [44, 56], [8, 11], [26, 12], [42, 29], [55, 11], [49, 54], [56, 34], [34, 51], [73, 67], [55, 8], [0, 62], [26, 74], [55, 36], [38, 52], [20, 42], [31, 59], [8, 22], [64, 26], [36, 39], [70, 44], [58, 7], [74, 4], [38, 46], [26, 9], [7, 38], [51, 22], [32, 51], [8, 40], [18, 28], [2, 60], [41, 63], [38, 63], [30, 20], [14, 13], [30, 62], [1, 59], [62, 14], [36, 57], [53, 52], [38, 2], [46, 57], [52, 56], [0, 41], [20, 26], [49, 12], [39, 12], [53, 25], [67, 31], [34, 41], [33, 10], [64, 10], [15, 10], [37, 69], [10, 14], [58, 3], [46, 3], [5, 44], [19, 25], [0, 59], [36, 65], [32, 4], [21, 74], [61, 68], [58, 26], [19, 11], [41, 62], [73, 52], [32, 58], [74, 32], [19, 66], [51, 39], [52, 71], [58, 38], [7, 16], [4, 73], [6, 18], [15, 26], [48, 54], [51, 35], [60, 30], [56, 48], [57, 40], [39, 29], [19, 73], [10, 32], [18, 71], [23, 16], [7, 63], [11, 2], [70, 68], [60, 39], [12, 58], [72, 16], [70, 34], [54, 65], [26, 13], [61, 65], [46, 10], [1, 50], [30, 6], [38, 38], [0, 65], [20, 50], [65, 29], [26, 71], [67, 72], [66, 39], [6, 46], [19, 42], [30, 56], [46, 60], [26, 70], [65, 68], [54, 38], [49, 17], [54, 54], [14, 14], [49, 7], [36, 55], [36, 43], [10, 46], [2, 16], [63, 26], [36, 51], [18, 0], [32, 50], [69, 20], [44, 8], [71, 24], [28, 35], [1, 57], [64, 71], [54, 64], [43, 36], [20, 54], [38, 18], [12, 37], [26, 24], [57, 57], [48, 36], [10, 73], [5, 50], [40, 8], [29, 49], [15, 54], [30, 44], [35, 29], [58, 4], [11, 50], [71, 45], [42, 27], [39, 68], [64, 24], [0, 68], [30, 46], [3, 32], [33, 67], [54, 41], [74, 41], [21, 59], [60, 28], [5, 54], [23, 70], [16, 33], [22, 52], [36, 6], [23, 33], [26, 55], [50, 69], [67, 34], [27, 65], [73, 7], [7, 8], [43, 48], [69, 28], [67, 56], [73, 5], [31, 33], [3, 52], [18, 5], [25, 73], [56, 62], [42, 53], [27, 23], [2, 31], [10, 1], [11, 15], [66, 44], [35, 72], [2, 65], [17, 29], [68, 17], [8, 55], [3, 10], [28, 14], [64, 43], [11, 25], [35, 51], [59, 71], [7, 24], [22, 73], [39, 65], [16, 13], [48, 28], [72, 27], [67, 54], [7, 61], [52, 52], [12, 28], [5, 34], [9, 62], [24, 23], [66, 33], [46, 40], [73, 70], [69, 35], [41, 71], [72, 7], [73, 2], [25, 44], [22, 11], [23, 74], [22, 61], [37, 19], [72, 14], [55, 1], [23, 67], [1, 8], [3, 35], [66, 43], [50, 71], [55, 7], [9, 54], [30, 22], [44, 50], [24, 25], [71, 1], [42, 66], [71, 10], [0, 72], [32, 9], [71, 36], [35, 23], [30, 41], [64, 68], [37, 17], [72, 44], [69, 3], [4, 43], [71, 65], [22, 51], [49, 49], [41, 65], [8, 44], [34, 53], [9, 1], [27, 2], [74, 53], [6, 31], [49, 5], [65, 10], [53, 23], [7, 45], [7, 57], [16, 15], [15, 59], [12, 39], [69, 39], [58, 40], [59, 67], [6, 69], [71, 48], [56, 22], [15, 41], [39, 0], [33, 11], [72, 56], [25, 72], [59, 24], [57, 2], [45, 4], [31, 38], [73, 33], [65, 59], [17, 57], [19, 33], [46, 44], [14, 5], [46, 32], [41, 7], [50, 63], [23, 9], [20, 53], [5, 64], [59, 57], [49, 70], [58, 72], [29, 4], [4, 49], [29, 6], [44, 39], [28, 44], [23, 73], [19, 63], [54, 46], [2, 61], [4, 47], [50, 43], [16, 55], [13, 56], [5, 68], [9, 27], [15, 48], [21, 62], [14, 69], [2, 27], [60, 70], [35, 10], [60, 33], [30, 65], [1, 1], [30, 57], [38, 22], [21, 17], [38, 35], [39, 59], [2, 52], [9, 2], [31, 14], [40, 46], [68, 13], [25, 56], [68, 71], [58, 46], [2, 24], [5, 6], [43, 29], [46, 73], [11, 52], [50, 24], [29, 15], [29, 46], [69, 32], [27, 16], [7, 72], [34, 30], [26, 48], [52, 2], [57, 7], [5, 49], [0, 43], [22, 43], [57, 69], [68, 54], [68, 29], [19, 62], [1, 45], [9, 74], [14, 35], [35, 27], [12, 32], [61, 66], [74, 10], [29, 27], [74, 37], [68, 28], [24, 50], [40, 33], [6, 5], [44, 43], [31, 19], [20, 17], [1, 58], [43, 74], [29, 58], [64, 55], [12, 50], [13, 73], [10, 43], [53, 9], [59, 31], [34, 37], [62, 0], [6, 19], [66, 9], [52, 61], [11, 29], [38, 74], [15, 39], [10, 5], [19, 36], [4, 71], [51, 69], [17, 2], [66, 48], [66, 24], [41, 40], [5, 55], [19, 74], [41, 8], [22, 30], [32, 35], [17, 74], [7, 31], [74, 30], [34, 55], [44, 61], [1, 74], [47, 64], [6, 39], [45, 59], [22, 35], [0, 2], [69, 64], [19, 9], [10, 10], [63, 8], [11, 40], [26, 56], [22, 7], [14, 23], [23, 36], [41, 38], [44, 2], [19, 60], [62, 2], [61, 22], [58, 28], [34, 46], [59, 0], [56, 4], [8, 3], [53, 60], [13, 42], [52, 45], [10, 54], [73, 26], [9, 63], [53, 30], [59, 23], [72, 63], [60, 35], [20, 20], [41, 39], [10, 58], [11, 27], [73, 48], [39, 66], [73, 12], [21, 72], [25, 40], [58, 56], [7, 69], [23, 48], [12, 2], [1, 61], [8, 45], [59, 48], [62, 63], [41, 55], [6, 43], [42, 51], [5, 42], [39, 58], [68, 49], [71, 63], [20, 74], [70, 11], [4, 38], [38, 23], [51, 4], [53, 72], [22, 14], [30, 55], [68, 25], [5, 19], [47, 39], [21, 52], [37, 0], [51, 54], [24, 40], [57, 30], [62, 13], [63, 56], [49, 61], [35, 60], [74, 59], [69, 49], [24, 12], [5, 26], [22, 46], [19, 56], [13, 53], [24, 70], [52, 31], [65, 23], [65, 48], [56, 30], [55, 60], [37, 10], [60, 55], [32, 46], [7, 41], [72, 65], [17, 12], [10, 28], [2, 30], [72, 64], [2, 55], [26, 16], [60, 58], [38, 58], [20, 68], [11, 72], [44, 57], [61, 7], [0, 58], [74, 54], [40, 22], [5, 33], [45, 28], [66, 49], [38, 57], [55, 22], [42, 18], [64, 25], [69, 71], [52, 54], [54, 44], [50, 37], [62, 71], [8, 52], [53, 16], [5, 0], [55, 46], [23, 45], [1, 37], [59, 70], [55, 54], [3, 59], [1, 43], [27, 42], [62, 65], [74, 21], [2, 17], [22, 58], [9, 22], [6, 63], [66, 4], [3, 61], [42, 47], [29, 24], [67, 16], [5, 73], [44, 27], [66, 37], [14, 26], [70, 22], [34, 72], [3, 28], [27, 0], [1, 13], [55, 29], [45, 44], [15, 55], [73, 43], [15, 56], [26, 46], [32, 52], [42, 45], [68, 3], [21, 63], [71, 34], [49, 20], [67, 35], [59, 56], [18, 66], [30, 74], [39, 32], [67, 51], [10, 13], [48, 52], [21, 16], [47, 74], [25, 4], [4, 54], [30, 18], [4, 65], [73, 49], [31, 69], [1, 47], [54, 73], [29, 33], [55, 49], [22, 55], [39, 51], [55, 53], [33, 47], [28, 71], [67, 28], [10, 17], [21, 70], [2, 73], [9, 53], [51, 33], [65, 6], [1, 12], [4, 30], [54, 12], [26, 19], [57, 55], [7, 27], [43, 34], [1, 10], [56, 38], [16, 40], [68, 14], [15, 24], [11, 69], [62, 51], [74, 19], [42, 46], [6, 71], [62, 5], [19, 10], [14, 52], [49, 60], [36, 61], [64, 6], [22, 1], [20, 31], [43, 55], [58, 49], [27, 17], [49, 27], [28, 59], [15, 12], [37, 8], [22, 4], [33, 36], [40, 31], [21, 69], [18, 10], [43, 71], [47, 73], [6, 6], [37, 59], [69, 29], [31, 31], [23, 3], [42, 70], [43, 61], [11, 37], [63, 49], [27, 74], [0, 38], [51, 37], [50, 19], [38, 28], [22, 54], [44, 62], [26, 47], [63, 28], [21, 46], [45, 67], [21, 20], [44, 3], [26, 45], [26, 14], [24, 41], [39, 46], [70, 28], [64, 66], [62, 23], [60, 44], [19, 15], [53, 64], [11, 74], [43, 68], [43, 69], [17, 65], [47, 38], [47, 60], [47, 31], [36, 33], [46, 59], [18, 14], [29, 28], [3, 29], [20, 58], [48, 72], [51, 31], [65, 21], [46, 42], [29, 1], [20, 56], [71, 12], [12, 45], [1, 11], [21, 35], [5, 70], [70, 61], [39, 15], [5, 2], [43, 54], [44, 54], [19, 69], [55, 25], [63, 23], [33, 37], [64, 70], [9, 57], [62, 44], [21, 1], [47, 67], [10, 69], [20, 73], [52, 15], [25, 54], [66, 41], [74, 25], [37, 64], [70, 38], [36, 20], [66, 57], [14, 30], [16, 51], [31, 73], [51, 29], [64, 59], [4, 72], [40, 38], [18, 6], [37, 65], [66, 53], [36, 4], [15, 29], [12, 3], [56, 67], [14, 62], [72, 35], [43, 3], [52, 37], [73, 27], [18, 15], [5, 23], [48, 45], [28, 11], [36, 30], [63, 45], [64, 51], [6, 58], [32, 71], [11, 54], [42, 6], [55, 55], [21, 71], [3, 46], [43, 46], [30, 59], [37, 38], [49, 74], [59, 21], [38, 73], [31, 40], [18, 9], [1, 6], [74, 47], [38, 65], [25, 70], [10, 71], [49, 65], [23, 44], [68, 40], [56, 23], [52, 46], [45, 68], [31, 4], [70, 25], [9, 40], [48, 57], [72, 4], [48, 16], [23, 40], [45, 55], [9, 49], [56, 51], [41, 10], [7, 48], [1, 70], [12, 10], [27, 62], [27, 12], [15, 65], [15, 13], [34, 58], [39, 74], [61, 4], [34, 44], [27, 24], [50, 50], [26, 25], [29, 23], [5, 69], [43, 33], [11, 46], [54, 25], [72, 28], [69, 58], [35, 70], [20, 18], [50, 67], [37, 16], [51, 36], [32, 30], [70, 14], [14, 28], [69, 74], [39, 50], [66, 17], [53, 10], [10, 22], [24, 7], [62, 60], [2, 49], [32, 6], [73, 74], [9, 44], [40, 28], [4, 11], [54, 4], [12, 30], [42, 68], [10, 6], [23, 54], [68, 26], [64, 60], [35, 66], [53, 63], [2, 36], [25, 42], [68, 56], [28, 26], [39, 26], [10, 62], [47, 5], [32, 72], [12, 1], [36, 71], [47, 70], [66, 10], [66, 71], [52, 35], [8, 16], [2, 33], [23, 55], [56, 26], [0, 54], [33, 61], [3, 34], [50, 42], [7, 34], [44, 32], [2, 40], [51, 74], [17, 0], [31, 11], [28, 37], [46, 30], [58, 69], [46, 56], [29, 68], [67, 12], [3, 2], [6, 13], [60, 11], [41, 21], [37, 26], [29, 3], [19, 70], [34, 63], [60, 4], [37, 44], [9, 16], [1, 66], [41, 11], [40, 52], [21, 4], [30, 16], [17, 48], [28, 18], [17, 38], [73, 30], [2, 23], [67, 50], [41, 54], [22, 47], [2, 71], [52, 60], [3, 72], [24, 48], [12, 47], [34, 24], [26, 1], [44, 40], [34, 11], [39, 30], [61, 52], [17, 45], [30, 73], [7, 23], [16, 50], [39, 71], [29, 26], [43, 52], [63, 1], [9, 58], [41, 66], [55, 34], [72, 61], [50, 70], [66, 54], [24, 63], [48, 60], [6, 8], [36, 8], [4, 37]]}