{"meta": {"number_of_robots": 1688, "description": {"parameters": {"seed": 6404, "shape": [75, 75], "obstacles": {"n": 0, "mean": 0, "std": 0.0}, "clusters": {"n": 0, "mean": 40, "std": 20.0, "relative_radius": 2, "increase_factor": 1.3, "start_dist": {"generator_name": "uniform", "shape": [75, 75], "min": 1.0, "max": 1.0, "mean": 1.0, "std": 0.0, "dtype": "float64", "parameters": {}}, "target_dist": {"generator_name": "uniform", "shape": [75, 75], "min": 1.0, "max": 1.0, "mean": 1.0, "std": 0.0, "dtype": "float64", "parameters": {}}}, "density": 0.3, "start_dist": {"generator_name": "uniform", "shape": [75, 75], "min": 1.0, "max": 1.0, "mean": 1.0, "std": 0.0, "dtype": "float64", "parameters": {}}, "target_dist": {"generator_name": "uniform", "shape": [75, 75], "min": 1.0, "max": 1.0, "mean": 1.0, "std": 0.0, "dtype": "float64", "parameters": {}}}, "stats": {"date": "2020-11-17", "free_area": 5625.0, "number_of_clustered_robots": 0, "number_of_robots": 1688}}}, "name": "large_free_000_75x75_30_1688", "obstacles": [], "starts": [[0, 43], [34, 38], [67, 9], [22, 64], [48, 14], [43, 48], [3, 72], [13, 43], [68, 27], [42, 71], [70, 19], [51, 63], [34, 37], [5, 61], [17, 11], [73, 69], [22, 18], [52, 64], [17, 67], [57, 19], [0, 3], [22, 60], [58, 29], [12, 64], [15, 26], [73, 19], [13, 27], [43, 42], [23, 12], [61, 8], [28, 50], [40, 66], [50, 72], [21, 63], [65, 31], [11, 44], [30, 24], [15, 53], [32, 43], [35, 36], [71, 13], [48, 23], [31, 63], [66, 69], [60, 67], [26, 22], [59, 8], [70, 29], [64, 18], [45, 45], [46, 34], [8, 19], [34, 6], [57, 4], [39, 18], [72, 53], [31, 73], [59, 43], [55, 52], [70, 63], [56, 18], [58, 49], [67, 57], [3, 49], [15, 58], [50, 54], [36, 35], [18, 23], [12, 40], [56, 66], [67, 1], [18, 43], [32, 34], [22, 30], [57, 71], [39, 30], [47, 61], [11, 55], [49, 7], [44, 70], [9, 46], [46, 14], [69, 36], [8, 48], [9, 15], [18, 56], [17, 5], [21, 66], [26, 17], [30, 4], [28, 59], [57, 44], [35, 38], [15, 52], [49, 6], [60, 8], [59, 63], [62, 51], [64, 22], [70, 18], [63, 38], [0, 39], [72, 3], [23, 22], [70, 27], [58, 60], [64, 60], [35, 2], [12, 5], [52, 17], [45, 26], [4, 3], [32, 41], [56, 1], [69, 72], [11, 65], [33, 47], [0, 5], [16, 54], [62, 15], [41, 19], [31, 22], [58, 67], [34, 48], [13, 46], [68, 43], [59, 35], [30, 58], [46, 28], [6, 66], [60, 21], [50, 57], [2, 5], [27, 22], [60, 34], [52, 55], [54, 18], [48, 7], [60, 30], [54, 31], [45, 8], [35, 60], [8, 1], [30, 46], [61, 48], [14, 25], [54, 8], [17, 14], [53, 73], [28, 36], [38, 3], [23, 65], [9, 42], [35, 43], [70, 9], [20, 24], [11, 7], [7, 12], [47, 29], [64, 52], [53, 34], [42, 63], [43, 26], [19, 69], [14, 58], [52, 37], [42, 31], [47, 14], [50, 51], [11, 10], [37, 2], [29, 40], [47, 28], [21, 30], [12, 74], [35, 20], [53, 22], [52, 57], [41, 50], [15, 12], [56, 42], [51, 11], [48, 16], [58, 45], [15, 33], [7, 70], [8, 57], [72, 14], [70, 32], [23, 20], [3, 30], [26, 43], [54, 53], [23, 33], [71, 46], [55, 24], [47, 37], [73, 41], [8, 17], [15, 15], [5, 17], [70, 62], [32, 0], [32, 49], [70, 66], [16, 43], [48, 46], [60, 20], [2, 31], [52, 73], [39, 63], [65, 26], [45, 53], [18, 31], [18, 63], [65, 34], [21, 40], [73, 37], [73, 6], [45, 54], [27, 31], [66, 23], [63, 56], [74, 31], [63, 23], [42, 72], [69, 32], [65, 4], [49, 12], [63, 34], [53, 13], [12, 11], [28, 15], [45, 1], [41, 57], [46, 60], [39, 74], [4, 38], [41, 16], [48, 51], [56, 34], [49, 57], [63, 30], [45, 16], [1, 10], [58, 15], [37, 71], [48, 4], [31, 53], [39, 55], [3, 52], [5, 45], [43, 16], [68, 16], [67, 15], [26, 20], [71, 44], [61, 35], [16, 35], [69, 13], [34, 61], [4, 58], [43, 70], [18, 4], [70, 34], [16, 9], [64, 68], [52, 35], [48, 63], [32, 28], [16, 27], [62, 30], [11, 58], [55, 5], [70, 30], [35, 16], [32, 73], [50, 2], [47, 42], [48, 39], [3, 29], [53, 27], [20, 45], [74, 5], [35, 58], [60, 16], [9, 51], [42, 20], [73, 47], [56, 64], [62, 72], [11, 12], [59, 66], [25, 5], [60, 4], [24, 4], [70, 5], [10, 23], [3, 28], [39, 43], [43, 39], [56, 35], [63, 1], [67, 31], [32, 1], [1, 52], [15, 41], [66, 68], [73, 40], [11, 74], [59, 49], [14, 42], [38, 29], [55, 51], [22, 0], [4, 23], [41, 12], [74, 52], [45, 9], [38, 59], [20, 42], [43, 31], [1, 6], [33, 2], [27, 10], [10, 1], [42, 65], [26, 70], [24, 19], [71, 67], [70, 72], [40, 29], [8, 60], [36, 33], [23, 25], [53, 14], [23, 7], [57, 45], [42, 41], [31, 31], [19, 21], [16, 16], [5, 22], [41, 51], [56, 8], [62, 6], [70, 74], [66, 21], [45, 19], [27, 37], [48, 8], [35, 26], [10, 14], [48, 55], [70, 70], [2, 16], [11, 9], [12, 63], [13, 63], [7, 21], [1, 27], [6, 74], [56, 74], [11, 1], [22, 39], [60, 55], [35, 50], [44, 23], [73, 48], [30, 31], [40, 36], [56, 24], [50, 38], [18, 1], [58, 65], [51, 38], [53, 33], [52, 52], [69, 35], [35, 12], [13, 48], [58, 22], [64, 45], [48, 74], [31, 24], [33, 9], [40, 67], [7, 58], [72, 38], [25, 45], [73, 45], [43, 30], [28, 4], [69, 17], [70, 39], [34, 30], [68, 42], [29, 23], [63, 8], [59, 68], [3, 16], [32, 36], [25, 50], [39, 35], [12, 9], [66, 37], [62, 46], [29, 69], [52, 43], [37, 50], [0, 47], [34, 25], [25, 64], [42, 2], [36, 1], [28, 1], [59, 23], [55, 37], [55, 8], [59, 20], [37, 74], [24, 70], [66, 33], [11, 19], [64, 19], [31, 18], [54, 64], [51, 4], [48, 70], [51, 42], [67, 53], [27, 58], [21, 56], [18, 54], [60, 12], [57, 46], [74, 1], [20, 14], [67, 60], [11, 40], [70, 60], [3, 44], [25, 27], [70, 13], [64, 58], [71, 57], [21, 11], [15, 73], [37, 37], [28, 28], [27, 27], [62, 47], [16, 18], [12, 28], [74, 39], [12, 20], [73, 29], [74, 38], [58, 44], [9, 26], [12, 13], [20, 19], [11, 17], [17, 45], [13, 53], [24, 35], [11, 63], [60, 0], [68, 11], [37, 36], [20, 46], [70, 58], [47, 1], [40, 26], [27, 51], [72, 46], [41, 22], [17, 52], [33, 72], [7, 31], [40, 1], [47, 68], [50, 16], [60, 10], [1, 11], [33, 29], [43, 63], [66, 25], [69, 60], [58, 42], [51, 48], [7, 45], [69, 19], [26, 9], [3, 14], [2, 6], [14, 23], [4, 13], [71, 58], [13, 70], [27, 5], [72, 68], [16, 19], [3, 8], [8, 34], [73, 10], [10, 66], [25, 48], [51, 24], [21, 20], [22, 5], [49, 74], [42, 69], [42, 12], [59, 37], [59, 41], [62, 16], [18, 61], [72, 70], [42, 59], [55, 13], [60, 51], [45, 57], [2, 12], [17, 74], [14, 33], [54, 69], [41, 33], [24, 26], [64, 35], [74, 8], [67, 25], [36, 16], [20, 47], [3, 7], [61, 7], [16, 70], [73, 50], [10, 44], [57, 58], [74, 33], [14, 29], [16, 30], [26, 24], [54, 47], [63, 65], [45, 58], [51, 67], [7, 24], [42, 3], [57, 18], [13, 23], [36, 10], [58, 43], [22, 22], [49, 28], [67, 62], [62, 43], [13, 7], [45, 22], [67, 55], [1, 2], [17, 28], [50, 18], [24, 13], [18, 26], [2, 9], [12, 4], [16, 58], [38, 12], [66, 14], [53, 1], [2, 74], [58, 23], [10, 13], [67, 3], [1, 48], [49, 20], [42, 50], [40, 22], [53, 40], [24, 55], [54, 7], [30, 5], [58, 74], [55, 34], [18, 18], [49, 66], [10, 38], [55, 10], [25, 41], [73, 21], [47, 4], [37, 1], [1, 54], [41, 10], [7, 61], [8, 44], [74, 50], [65, 36], [19, 62], [21, 60], [6, 15], [65, 6], [23, 57], [71, 36], [6, 64], [20, 70], [70, 17], [45, 61], [16, 23], [68, 22], [3, 40], [71, 56], [64, 31], [22, 21], [2, 63], [3, 1], [34, 35], [73, 54], [4, 54], [72, 52], [1, 71], [14, 5], [70, 64], [2, 56], [11, 38], [30, 30], [28, 18], [20, 74], [24, 11], [47, 41], [48, 15], [43, 3], [62, 8], [65, 1], [29, 66], [22, 3], [29, 35], [60, 66], [49, 26], [49, 63], [16, 64], [65, 67], [52, 53], [19, 9], [21, 39], [45, 14], [65, 24], [46, 13], [6, 39], [14, 18], [51, 62], [0, 32], [61, 52], [54, 32], [74, 9], [25, 39], [69, 34], [70, 25], [64, 23], [13, 71], [12, 43], [47, 3], [49, 31], [49, 61], [59, 18], [45, 73], [29, 65], [56, 53], [48, 27], [52, 12], [10, 5], [1, 8], [73, 64], [49, 36], [4, 42], [28, 74], [6, 1], [27, 23], [19, 54], [35, 42], [35, 8], [7, 34], [15, 60], [30, 43], [62, 74], [62, 32], [34, 60], [60, 48], [49, 32], [29, 38], [0, 57], [47, 19], [37, 21], [8, 42], [0, 24], [27, 36], [36, 61], [41, 7], [24, 7], [1, 7], [61, 64], [40, 69], [31, 52], [36, 70], [37, 8], [52, 6], [8, 70], [2, 64], [53, 57], [18, 50], [62, 22], [15, 40], [14, 9], [57, 49], [27, 52], [43, 46], [53, 46], [46, 16], [39, 65], [30, 62], [53, 48], [13, 54], [55, 9], [71, 47], [23, 43], [63, 12], [62, 14], [51, 10], [1, 23], [20, 1], [17, 64], [17, 3], [15, 47], [18, 48], [36, 13], [2, 60], [23, 10], [26, 45], [24, 60], [71, 24], [2, 70], [5, 39], [34, 18], [7, 54], [41, 48], [34, 11], [71, 1], [25, 9], [55, 26], [27, 21], [2, 30], [20, 58], [52, 42], [42, 17], [53, 25], [38, 23], [59, 13], [35, 74], [64, 56], [19, 23], [12, 6], [9, 19], [54, 3], [68, 51], [74, 64], [66, 6], [35, 25], [9, 21], [28, 68], [21, 45], [7, 44], [59, 54], [51, 39], [14, 57], [67, 24], [52, 28], [57, 17], [17, 26], [41, 59], [15, 54], [64, 59], [13, 35], [19, 34], [36, 67], [54, 71], [12, 14], [46, 21], [40, 12], [32, 52], [20, 18], [14, 12], [12, 26], [43, 57], [71, 48], [11, 29], [39, 27], [6, 44], [11, 35], [1, 30], [26, 29], [32, 67], [60, 15], [38, 42], [66, 53], [69, 18], [71, 5], [46, 35], [60, 13], [67, 13], [39, 26], [52, 3], [44, 62], [56, 9], [19, 2], [65, 8], [30, 22], [72, 61], [30, 55], [69, 31], [66, 35], [53, 41], [38, 0], [50, 34], [40, 64], [59, 22], [45, 67], [13, 3], [42, 14], [72, 0], [33, 55], [70, 6], [65, 29], [68, 58], [32, 31], [67, 30], [54, 72], [65, 16], [50, 58], [48, 6], [8, 67], [41, 21], [49, 27], [51, 21], [10, 18], [19, 67], [15, 37], [26, 11], [1, 35], [15, 70], [29, 48], [41, 14], [11, 5], [7, 29], [32, 6], [18, 35], [37, 18], [12, 36], [65, 33], [33, 65], [28, 10], [61, 6], [41, 29], [47, 39], [32, 72], [20, 33], [14, 28], [68, 57], [30, 21], [0, 65], [74, 0], [13, 21], [63, 28], [29, 53], [20, 22], [45, 69], [72, 26], [39, 19], [1, 1], [71, 20], [13, 16], [57, 29], [54, 34], [28, 33], [71, 16], [31, 11], [27, 8], [54, 20], [2, 4], [32, 54], [5, 15], [59, 60], [5, 54], [48, 66], [72, 31], [29, 2], [61, 53], [29, 15], [5, 6], [36, 68], [58, 30], [5, 19], [36, 9], [30, 15], [33, 32], [73, 7], [62, 49], [31, 62], [31, 16], [73, 9], [60, 36], [40, 55], [69, 74], [64, 4], [32, 19], [47, 10], [10, 55], [59, 61], [39, 54], [4, 61], [23, 31], [33, 54], [37, 63], [33, 24], [51, 8], [28, 66], [22, 26], [27, 7], [8, 25], [60, 61], [10, 73], [44, 25], [14, 46], [51, 49], [11, 53], [53, 50], [14, 55], [63, 43], [65, 35], [40, 37], [69, 41], [55, 64], [50, 62], [8, 7], [16, 37], [20, 49], [51, 5], [61, 67], [36, 47], [69, 30], [43, 74], [54, 67], [44, 72], [67, 38], [4, 20], [46, 27], [47, 16], [45, 3], [46, 19], [71, 42], [62, 41], [63, 25], [47, 8], [70, 59], [50, 4], [30, 17], [50, 49], [8, 9], [16, 60], [74, 10], [16, 1], [65, 68], [49, 44], [31, 70], [33, 1], [32, 24], [18, 65], [26, 56], [3, 32], [10, 67], [1, 13], [57, 34], [63, 7], [63, 66], [3, 6], [45, 42], [37, 65], [12, 62], [57, 73], [27, 41], [14, 60], [42, 33], [4, 47], [68, 24], [42, 35], [44, 74], [19, 71], [5, 53], [40, 59], [41, 73], [29, 13], [59, 34], [21, 16], [22, 4], [1, 40], [50, 73], [51, 34], [53, 31], [68, 53], [67, 18], [10, 64], [50, 28], [4, 15], [26, 2], [18, 36], [14, 36], [62, 52], [63, 71], [7, 39], [14, 4], [16, 67], [70, 51], [49, 50], [72, 56], [13, 44], [38, 39], [52, 62], [3, 64], [61, 14], [41, 38], [4, 70], [36, 12], [35, 67], [61, 5], [22, 63], [23, 74], [26, 5], [42, 23], [2, 1], [17, 43], [38, 72], [34, 14], [0, 10], [0, 69], [61, 10], [6, 67], [32, 20], [12, 57], [7, 20], [42, 67], [4, 48], [18, 46], [46, 59], [13, 22], [42, 53], [70, 12], [14, 20], [27, 2], [16, 32], [73, 67], [53, 59], [34, 45], [9, 37], [13, 33], [60, 73], [11, 24], [72, 41], [14, 61], [63, 35], [59, 55], [12, 53], [30, 12], [8, 6], [31, 14], [73, 1], [49, 65], [45, 46], [52, 30], [70, 46], [17, 21], [47, 66], [48, 3], [40, 23], [31, 0], [26, 36], [32, 61], [38, 53], [42, 55], [29, 37], [3, 51], [20, 68], [68, 7], [2, 13], [20, 36], [44, 27], [41, 71], [33, 40], [68, 50], [54, 74], [61, 3], [61, 21], [17, 2], [63, 37], [4, 25], [25, 4], [35, 72], [71, 35], [55, 70], [45, 31], [35, 51], [21, 43], [8, 54], [73, 66], [46, 50], [53, 42], [8, 68], [68, 63], [61, 71], [53, 3], [68, 65], [23, 5], [33, 3], [71, 8], [66, 8], [65, 43], [29, 3], [8, 37], [61, 27], [49, 48], [23, 37], [6, 35], [29, 28], [70, 7], [25, 69], [67, 20], [3, 3], [57, 9], [35, 46], [35, 5], [49, 72], [49, 4], [7, 27], [55, 67], [0, 50], [62, 1], [47, 13], [21, 5], [1, 62], [50, 36], [7, 50], [7, 1], [24, 31], [8, 46], [65, 66], [59, 42], [37, 54], [1, 12], [19, 41], [30, 25], [65, 62], [32, 4], [2, 51], [55, 1], [36, 28], [65, 22], [5, 5], [17, 29], [46, 63], [36, 65], [18, 25], [45, 28], [73, 35], [29, 58], [18, 66], [26, 7], [38, 40], [58, 16], [47, 23], [58, 4], [48, 31], [66, 41], [66, 5], [26, 4], [47, 58], [60, 14], [52, 31], [36, 38], [26, 47], [34, 50], [56, 54], [28, 46], [53, 17], [41, 52], [28, 41], [16, 8], [9, 25], [0, 27], [1, 42], [59, 73], [51, 35], [31, 55], [38, 2], [9, 67], [17, 7], [36, 46], [63, 24], [38, 1], [23, 62], [27, 42], [5, 74], [4, 30], [50, 30], [63, 51], [9, 11], [27, 64], [19, 59], [34, 58], [36, 64], [13, 19], [33, 59], [8, 15], [72, 7], [37, 55], [19, 18], [13, 56], [61, 61], [35, 54], [28, 52], [15, 35], [21, 32], [39, 50], [26, 53], [54, 44], [53, 44], [31, 37], [66, 54], [32, 35], [10, 40], [40, 45], [6, 53], [61, 22], [71, 61], [43, 36], [74, 69], [30, 66], [52, 63], [24, 27], [25, 38], [42, 22], [41, 40], [22, 55], [50, 23], [35, 23], [68, 64], [47, 70], [20, 57], [48, 57], [55, 6], [14, 38], [6, 45], [67, 50], [10, 53], [37, 35], [14, 7], [56, 5], [54, 22], [34, 62], [1, 25], [55, 28], [18, 20], [26, 3], [53, 45], [74, 29], [17, 50], [73, 42], [2, 19], [12, 69], [59, 72], [64, 5], [67, 45], [55, 62], [53, 12], [17, 24], [28, 48], [11, 8], [8, 12], [30, 19], [12, 61], [27, 34], [33, 69], [14, 24], [56, 50], [42, 24], [24, 34], [46, 24], [63, 26], [0, 11], [18, 6], [11, 52], [20, 41], [54, 57], [31, 69], [60, 54], [13, 13], [55, 21], [0, 22], [74, 74], [66, 18], [39, 53], [36, 34], [7, 15], [0, 19], [72, 19], [40, 2], [42, 40], [18, 15], [52, 15], [55, 23], [49, 60], [35, 24], [60, 33], [10, 34], [18, 53], [32, 71], [23, 9], [0, 70], [65, 28], [22, 34], [23, 49], [9, 44], [72, 66], [27, 1], [4, 51], [22, 66], [61, 18], [67, 70], [38, 52], [61, 63], [47, 22], [18, 32], [61, 65], [37, 72], [45, 40], [48, 67], [39, 67], [55, 55], [49, 47], [25, 70], [16, 29], [62, 35], [67, 28], [21, 10], [12, 35], [43, 69], [68, 32], [37, 27], [65, 44], [37, 10], [39, 46], [57, 28], [57, 53], [72, 1], [31, 19], [49, 40], [67, 0], [26, 38], [59, 52], [73, 8], [61, 51], [41, 5], [9, 73], [15, 5], [62, 48], [11, 3], [34, 10], [70, 41], [57, 54], [45, 32], [44, 4], [34, 8], [41, 49], [64, 57], [62, 9], [54, 49], [46, 46], [74, 57], [24, 16], [11, 68], [30, 49], [28, 63], [46, 11], [34, 1], [67, 36], [51, 60], [51, 22], [47, 46], [7, 47], [63, 46], [1, 47], [14, 16], [46, 55], [57, 47], [67, 74], [72, 42], [20, 16], [74, 54], [4, 56], [41, 11], [59, 58], [24, 58], [63, 14], [0, 58], [67, 49], [34, 31], [13, 5], [63, 73], [3, 61], [28, 73], [3, 0], [71, 23], [18, 45], [0, 64], [62, 34], [56, 57], [63, 64], [6, 61], [16, 0], [47, 12], [11, 71], [37, 62], [66, 38], [20, 6], [3, 9], [14, 59], [15, 13], [36, 20], [63, 41], [61, 25], [67, 12], [26, 13], [36, 27], [47, 65], [19, 3], [35, 3], [66, 67], [68, 18], [69, 15], [6, 18], [9, 55], [49, 35], [53, 16], [62, 60], [32, 10], [48, 21], [62, 21], [14, 67], [48, 26], [25, 0], [28, 65], [66, 50], [27, 16], [10, 28], [17, 42], [11, 67], [7, 59], [6, 32], [58, 47], [5, 68], [69, 56], [13, 68], [42, 27], [69, 2], [40, 7], [6, 8], [42, 44], [48, 30], [40, 30], [23, 73], [34, 23], [3, 34], [69, 22], [68, 13], [30, 16], [57, 20], [66, 20], [22, 40], [44, 9], [65, 12], [10, 32], [6, 65], [50, 56], [68, 3], [61, 44], [33, 35], [29, 29], [44, 50], [22, 11], [39, 23], [67, 58], [72, 32], [38, 8], [14, 40], [11, 66], [58, 20], [50, 9], [7, 51], [7, 30], [1, 55], [35, 56], [72, 2], [48, 19], [8, 32], [18, 41], [72, 73], [39, 4], [45, 4], [22, 70], [34, 27], [29, 63], [53, 67], [61, 68], [11, 18], [8, 30], [73, 14], [61, 45], [57, 24], [23, 8], [28, 58], [9, 5], [31, 48], [69, 49], [32, 27], [14, 53], [23, 41], [41, 32], [2, 10], [61, 28], [23, 58], [36, 45], [23, 30], [59, 31], [49, 41], [9, 48], [56, 12], [56, 67], [69, 53], [60, 71], [11, 73], [65, 64], [64, 67], [72, 50], [22, 46], [58, 28], [37, 6], [49, 2], [12, 55], [57, 69], [56, 73], [11, 47], [69, 59], [48, 33], [54, 62], [42, 8], [40, 35], [58, 59], [32, 29], [14, 64], [74, 65], [35, 64], [25, 33], [49, 37], [31, 4], [52, 33], [64, 72], [24, 0], [44, 42], [19, 61], [29, 56], [38, 11], [30, 14], [65, 17], [37, 69], [64, 44], [62, 56], [13, 73], [25, 7], [1, 28], [16, 4], [70, 14], [55, 39], [38, 47], [66, 72], [62, 40], [50, 66], [71, 55], [39, 52], [56, 61], [68, 38], [44, 6], [34, 68], [45, 6], [57, 15], [5, 0], [69, 3], [56, 44], [35, 28], [41, 62], [21, 58], [58, 56], [68, 49], [71, 15], [52, 49], [71, 6], [20, 67], [47, 30], [32, 63], [61, 36], [16, 3], [20, 61], [20, 62], [71, 60], [56, 29], [57, 8], [59, 53], [2, 42], [34, 24], [14, 50], [21, 68], [19, 28], [49, 52], [46, 44], [43, 29], [7, 49], [71, 21], [5, 3], [29, 20], [1, 41], [29, 6], [33, 23], [22, 35], [44, 3], [26, 58], [43, 2], [7, 22], [8, 47], [56, 2], [48, 54], [44, 59], [61, 41], [32, 50], [51, 29], [68, 2], [65, 5], [72, 51], [10, 63], [8, 10], [32, 56], [4, 2], [14, 44], [45, 62], [2, 32], [40, 49], [6, 49], [30, 64], [60, 39], [3, 55], [41, 45], [36, 66], [22, 15], [37, 60], [54, 16], [52, 13], [50, 63], [28, 21], [20, 51], [25, 8], [55, 43], [31, 56], [70, 71], [55, 22], [8, 0], [5, 71], [65, 41], [10, 0], [28, 61], [15, 21], [31, 9]], "targets": [[50, 18], [25, 66], [10, 17], [62, 60], [57, 43], [19, 67], [74, 14], [42, 68], [27, 56], [18, 12], [8, 47], [9, 9], [48, 0], [30, 15], [18, 51], [1, 1], [9, 3], [44, 46], [43, 61], [25, 5], [54, 11], [54, 24], [48, 33], [29, 8], [7, 56], [8, 34], [60, 69], [36, 62], [52, 4], [7, 9], [33, 11], [65, 42], [6, 48], [2, 64], [33, 0], [21, 62], [26, 50], [5, 37], [57, 25], [28, 62], [20, 72], [23, 29], [66, 34], [39, 49], [40, 29], [1, 59], [28, 6], [59, 51], [21, 30], [25, 17], [53, 63], [11, 17], [22, 33], [2, 70], [44, 17], [73, 62], [52, 29], [12, 18], [35, 50], [7, 11], [1, 41], [22, 8], [8, 44], [22, 12], [27, 43], [72, 14], [35, 67], [67, 6], [6, 39], [35, 2], [19, 21], [9, 71], [30, 16], [67, 52], [26, 67], [16, 61], [17, 35], [1, 29], [30, 55], [5, 8], [28, 39], [23, 43], [10, 42], [44, 63], [56, 43], [43, 30], [58, 31], [74, 34], [6, 12], [24, 30], [55, 71], [0, 28], [34, 65], [74, 71], [67, 46], [23, 7], [14, 18], [65, 52], [46, 67], [33, 40], [21, 74], [3, 71], [63, 29], [9, 59], [10, 71], [36, 58], [26, 65], [4, 52], [72, 26], [33, 58], [52, 45], [60, 23], [22, 52], [51, 18], [69, 0], [1, 14], [42, 73], [15, 8], [3, 22], [49, 60], [1, 3], [53, 34], [6, 62], [2, 4], [34, 49], [22, 44], [37, 14], [15, 15], [72, 50], [55, 4], [9, 62], [26, 17], [15, 7], [74, 58], [29, 3], [42, 42], [25, 53], [47, 19], [56, 33], [34, 73], [38, 2], [73, 10], [67, 66], [73, 58], [28, 38], [2, 1], [32, 54], [57, 68], [60, 4], [62, 63], [20, 39], [60, 11], [62, 42], [49, 13], [57, 27], [24, 14], [36, 44], [17, 69], [74, 35], [73, 48], [23, 37], [51, 39], [33, 24], [21, 54], [55, 24], [14, 56], [20, 48], [69, 32], [52, 21], [13, 11], [15, 3], [21, 13], [25, 60], [35, 3], [53, 22], [44, 11], [22, 45], [54, 46], [30, 71], [69, 41], [24, 54], [0, 49], [66, 1], [66, 54], [49, 41], [68, 47], [37, 57], [8, 30], [50, 19], [47, 55], [67, 26], [37, 12], [24, 47], [57, 57], [36, 49], [58, 3], [18, 33], [13, 50], [8, 9], [30, 38], [43, 45], [14, 12], [42, 57], [6, 72], [58, 46], [36, 22], [0, 31], [64, 41], [56, 70], [58, 27], [43, 8], [62, 27], [9, 40], [51, 58], [57, 23], [52, 56], [71, 14], [68, 43], [50, 40], [6, 47], [70, 22], [18, 38], [17, 30], [22, 28], [18, 53], [11, 47], [59, 40], [66, 28], [34, 68], [56, 0], [7, 21], [47, 52], [50, 32], [60, 58], [44, 15], [25, 37], [48, 19], [58, 57], [10, 70], [52, 8], [4, 5], [71, 42], [6, 28], [32, 72], [73, 59], [49, 10], [2, 2], [10, 45], [26, 21], [26, 71], [1, 73], [13, 34], [40, 0], [34, 18], [65, 50], [46, 51], [61, 46], [69, 24], [23, 58], [3, 13], [12, 63], [39, 41], [22, 41], [16, 51], [49, 34], [13, 21], [39, 57], [60, 45], [24, 9], [27, 5], [20, 49], [47, 36], [18, 70], [63, 62], [73, 65], [65, 36], [45, 36], [55, 10], [38, 32], [14, 45], [9, 63], [31, 66], [12, 53], [54, 37], [20, 70], [54, 71], [11, 69], [44, 26], [6, 16], [56, 73], [73, 55], [63, 64], [13, 18], [69, 35], [39, 17], [64, 35], [0, 29], [53, 60], [11, 64], [2, 54], [73, 22], [67, 25], [38, 26], [14, 26], [6, 64], [64, 22], [37, 24], [31, 25], [38, 51], [18, 52], [40, 40], [23, 1], [16, 50], [32, 69], [23, 55], [27, 36], [6, 3], [56, 71], [9, 68], [62, 22], [14, 15], [62, 52], [39, 59], [60, 19], [32, 9], [35, 49], [16, 46], [10, 4], [42, 48], [22, 9], [37, 66], [7, 25], [41, 61], [20, 50], [31, 32], [57, 44], [74, 28], [18, 74], [65, 54], [37, 49], [41, 36], [61, 48], [54, 52], [38, 25], [36, 15], [55, 52], [41, 22], [8, 51], [10, 29], [44, 72], [11, 28], [32, 55], [63, 22], [70, 27], [60, 31], [68, 17], [4, 34], [36, 42], [10, 13], [34, 51], [3, 61], [71, 66], [74, 30], [31, 48], [50, 25], [67, 5], [59, 72], [19, 35], [7, 24], [26, 15], [19, 5], [63, 28], [54, 32], [65, 33], [14, 13], [46, 54], [44, 50], [56, 23], [44, 38], [6, 53], [40, 58], [40, 16], [24, 37], [39, 0], [53, 57], [64, 54], [60, 13], [6, 21], [68, 62], [26, 26], [46, 33], [37, 44], [29, 48], [7, 18], [57, 49], [36, 5], [71, 49], [34, 54], [49, 73], [41, 25], [63, 55], [15, 29], [2, 10], [17, 23], [42, 6], [26, 46], [16, 42], [49, 74], [55, 32], [72, 24], [5, 15], [58, 69], [56, 18], [12, 34], [41, 68], [6, 68], [30, 1], [44, 21], [36, 23], [29, 10], [55, 20], [57, 62], [8, 50], [3, 64], [14, 27], [49, 66], [46, 45], [28, 41], [36, 70], [17, 31], [3, 0], [3, 54], [5, 41], [8, 21], [59, 28], [73, 53], [16, 44], [0, 65], [62, 17], [56, 42], [18, 17], [0, 26], [65, 7], [23, 67], [55, 15], [24, 51], [6, 57], [49, 20], [60, 41], [65, 4], [47, 32], [22, 11], [34, 67], [56, 64], [60, 17], [16, 2], [61, 40], [65, 0], [29, 18], [14, 69], [6, 59], [36, 28], [5, 16], [36, 16], [44, 40], [5, 38], [22, 66], [37, 4], [63, 16], [23, 52], [57, 34], [65, 29], [23, 11], [70, 55], [74, 53], [54, 31], [50, 65], [46, 42], [2, 48], [0, 66], [26, 24], [12, 71], [2, 68], [74, 7], [72, 0], [12, 36], [44, 18], [37, 58], [61, 68], [11, 68], [43, 56], [69, 3], [63, 47], [62, 51], [39, 63], [52, 14], [6, 67], [66, 15], [61, 74], [8, 38], [21, 28], [74, 9], [64, 40], [63, 27], [65, 27], [72, 57], [40, 54], [42, 45], [14, 34], [59, 38], [74, 22], [70, 7], [54, 4], [16, 27], [23, 42], [57, 1], [36, 32], [13, 45], [29, 5], [50, 9], [57, 51], [64, 20], [74, 27], [68, 65], [53, 59], [73, 31], [63, 74], [12, 60], [74, 4], [21, 19], [56, 29], [15, 65], [70, 44], [54, 20], [26, 62], [71, 18], [0, 40], [32, 68], [70, 14], [59, 1], [45, 20], [29, 24], [61, 30], [2, 13], [15, 12], [67, 14], [41, 72], [62, 50], [29, 37], [7, 46], [49, 46], [73, 66], [64, 52], [30, 74], [52, 42], [18, 18], [69, 12], [56, 61], [45, 24], [70, 61], [1, 56], [74, 5], [45, 31], [57, 21], [4, 9], [49, 54], [26, 34], [73, 16], [43, 24], [11, 2], [56, 62], [65, 69], [58, 74], [43, 40], [37, 1], [36, 60], [10, 56], [45, 3], [64, 4], [1, 30], [20, 34], [56, 37], [42, 69], [46, 64], [58, 49], [13, 55], [33, 65], [72, 65], [40, 33], [9, 45], [69, 58], [59, 47], [62, 46], [58, 40], [14, 46], [22, 36], [29, 49], [20, 12], [43, 6], [52, 74], [43, 58], [8, 10], [16, 47], [56, 20], [58, 68], [11, 8], [36, 18], [27, 61], [48, 42], [37, 50], [5, 55], [43, 52], [31, 67], [25, 10], [38, 68], [69, 6], [47, 57], [67, 62], [50, 7], [54, 22], [11, 4], [19, 31], [29, 73], [12, 49], [2, 15], [19, 23], [10, 37], [46, 24], [70, 12], [51, 31], [34, 1], [47, 11], [39, 54], [56, 68], [40, 38], [72, 23], [37, 32], [39, 64], [40, 35], [61, 69], [19, 19], [10, 28], [41, 30], [11, 9], [9, 2], [5, 1], [59, 22], [29, 43], [55, 18], [12, 48], [41, 1], [23, 21], [56, 46], [74, 15], [25, 26], [10, 54], [44, 51], [68, 58], [64, 59], [44, 31], [65, 5], [63, 60], [47, 0], [25, 8], [18, 59], [68, 59], [1, 32], [19, 59], [45, 17], [5, 74], [6, 8], [45, 48], [55, 74], [41, 52], [59, 41], [69, 42], [14, 60], [38, 13], [57, 3], [20, 68], [49, 26], [25, 50], [1, 33], [6, 27], [19, 71], [9, 19], [34, 43], [4, 46], [5, 26], [1, 19], [32, 15], [70, 64], [7, 49], [9, 21], [9, 41], [73, 57], [39, 70], [36, 8], [7, 66], [35, 31], [13, 6], [67, 71], [8, 46], [53, 58], [32, 59], [44, 29], [41, 6], [12, 58], [54, 9], [1, 9], [12, 43], [15, 39], [43, 18], [50, 16], [13, 64], [66, 41], [35, 65], [2, 14], [2, 25], [49, 71], [64, 51], [68, 52], [19, 43], [17, 44], [72, 5], [3, 73], [28, 44], [45, 35], [55, 25], [73, 19], [51, 19], [25, 70], [0, 46], [0, 55], [73, 26], [50, 12], [22, 38], [12, 7], [65, 2], [34, 13], [30, 28], [52, 35], [5, 73], [32, 48], [23, 33], [53, 66], [6, 1], [5, 23], [34, 62], [50, 61], [43, 39], [53, 71], [13, 72], [46, 13], [63, 12], [65, 59], [68, 22], [10, 11], [49, 38], [72, 3], [31, 72], [29, 50], [65, 63], [8, 3], [24, 7], [47, 30], [43, 64], [68, 38], [63, 4], [22, 13], [50, 22], [46, 12], [52, 63], [46, 66], [68, 54], [3, 41], [38, 34], [60, 5], [7, 67], [29, 25], [70, 32], [54, 56], [66, 2], [46, 71], [70, 70], [33, 56], [3, 56], [9, 70], [29, 30], [42, 28], [57, 66], [27, 53], [13, 41], [46, 34], [18, 10], [34, 44], [20, 56], [58, 62], [27, 17], [5, 35], [54, 13], [22, 31], [31, 9], [9, 22], [32, 53], [54, 25], [60, 2], [65, 74], [25, 36], [69, 57], [64, 10], [40, 6], [45, 53], [62, 15], [46, 70], [32, 26], [69, 54], [8, 64], [63, 21], [25, 27], [68, 2], [49, 31], [12, 13], [62, 5], [61, 20], [31, 22], [0, 19], [17, 22], [37, 26], [34, 48], [58, 73], [29, 64], [43, 60], [1, 43], [74, 23], [64, 38], [9, 8], [12, 6], [29, 7], [53, 23], [0, 52], [21, 20], [9, 53], [8, 55], [60, 15], [71, 22], [10, 14], [3, 66], [10, 73], [43, 0], [57, 70], [1, 49], [71, 17], [61, 4], [62, 7], [38, 52], [66, 5], [6, 74], [26, 3], [19, 33], [73, 74], [14, 41], [63, 24], [9, 48], [72, 44], [52, 30], [35, 23], [73, 39], [58, 55], [6, 20], [33, 16], [71, 25], [36, 64], [34, 74], [33, 29], [29, 28], [66, 66], [3, 63], [46, 27], [71, 28], [37, 27], [5, 31], [50, 6], [16, 6], [16, 8], [40, 70], [73, 24], [60, 32], [38, 38], [16, 45], [1, 62], [42, 39], [64, 45], [54, 63], [13, 14], [24, 10], [50, 44], [2, 3], [68, 5], [72, 61], [18, 27], [17, 41], [22, 5], [26, 20], [68, 33], [69, 62], [59, 74], [21, 70], [11, 61], [48, 47], [44, 4], [35, 32], [34, 66], [24, 5], [30, 19], [29, 71], [65, 13], [34, 22], [18, 7], [58, 59], [15, 70], [42, 70], [67, 72], [27, 28], [37, 11], [57, 15], [0, 54], [18, 62], [22, 68], [5, 42], [62, 36], [23, 53], [71, 32], [46, 63], [70, 68], [1, 66], [40, 69], [60, 36], [31, 35], [73, 51], [4, 49], [4, 73], [36, 59], [7, 55], [40, 7], [64, 7], [57, 67], [57, 4], [54, 43], [5, 46], [35, 10], [53, 12], [43, 34], [44, 6], [28, 17], [2, 30], [60, 62], [31, 47], [52, 67], [47, 48], [11, 74], [65, 39], [27, 50], [28, 49], [17, 40], [23, 39], [31, 20], [28, 70], [4, 10], [64, 25], [17, 74], [28, 26], [9, 14], [25, 63], [8, 16], [1, 4], [11, 24], [41, 67], [31, 49], [48, 34], [61, 65], [5, 72], [28, 68], [23, 18], [32, 70], [52, 71], [27, 73], [34, 30], [50, 30], [23, 40], [36, 53], [16, 12], [40, 66], [57, 71], [62, 25], [69, 31], [54, 57], [53, 39], [29, 12], [38, 67], [18, 13], [53, 29], [32, 0], [49, 50], [71, 71], [49, 4], [68, 3], [60, 10], [40, 28], [41, 20], [69, 16], [5, 71], [42, 2], [28, 57], [26, 6], [4, 47], [16, 73], [57, 30], [64, 23], [41, 32], [41, 41], [18, 41], [19, 13], [20, 38], [67, 37], [23, 34], [49, 43], [17, 1], [14, 36], [53, 49], [16, 56], [13, 43], [14, 29], [59, 42], [34, 26], [40, 2], [63, 23], [34, 20], [48, 4], [39, 56], [15, 1], [74, 36], [32, 14], [58, 65], [4, 19], [16, 54], [29, 40], [7, 35], [55, 62], [3, 59], [23, 49], [16, 66], [52, 47], [40, 64], [63, 51], [57, 52], [61, 49], [13, 27], [50, 73], [31, 64], [62, 43], [20, 54], [17, 46], [13, 56], [52, 68], [13, 26], [63, 46], [38, 65], [63, 68], [67, 1], [10, 35], [73, 5], [20, 51], [60, 33], [3, 27], [44, 56], [49, 55], [44, 67], [2, 32], [4, 40], [55, 43], [21, 11], [73, 46], [55, 35], [68, 42], [12, 59], [41, 17], [34, 60], [46, 61], [70, 41], [63, 19], [11, 59], [42, 60], [63, 13], [66, 24], [19, 56], [42, 43], [11, 60], [72, 33], [15, 34], [22, 47], [1, 53], [5, 32], [72, 12], [45, 40], [34, 57], [40, 47], [48, 24], [10, 36], [35, 53], [71, 37], [13, 58], [22, 57], [53, 47], [14, 67], [58, 45], [9, 5], [70, 45], [63, 56], [40, 41], [57, 38], [6, 19], [29, 42], [5, 3], [46, 52], [68, 10], [66, 67], [6, 23], [28, 45], [14, 70], [67, 60], [40, 10], [16, 33], [6, 13], [66, 23], [12, 56], [39, 19], [44, 30], [47, 9], [60, 29], [38, 1], [2, 5], [15, 21], [70, 23], [45, 32], [50, 55], [58, 5], [31, 6], [30, 40], [45, 27], [7, 3], [6, 0], [27, 40], [53, 46], [41, 0], [3, 15], [53, 7], [24, 25], [49, 62], [42, 37], [4, 23], [3, 7], [5, 19], [11, 26], [58, 36], [13, 31], [48, 30], [73, 36], [51, 62], [69, 29], [16, 30], [49, 44], [14, 50], [43, 49], [64, 15], [60, 59], [15, 68], [58, 23], [17, 55], [39, 18], [11, 20], [54, 47], [18, 24], [45, 34], [36, 14], [31, 2], [43, 11], [50, 23], [38, 40], [14, 53], [73, 1], [29, 17], [66, 20], [20, 19], [1, 42], [17, 13], [6, 58], [13, 32], [7, 37], [25, 54], [11, 23], [53, 54], [19, 65], [70, 69], [42, 38], [59, 37], [74, 49], [60, 21], [65, 64], [13, 54], [62, 9], [57, 42], [52, 37], [73, 40], [4, 20], [9, 0], [33, 23], [2, 52], [4, 54], [60, 38], [44, 7], [56, 19], [30, 43], [32, 17], [49, 61], [3, 44], [10, 39], [62, 71], [12, 66], [1, 13], [63, 0], [28, 3], [18, 14], [33, 67], [41, 28], [33, 36], [53, 2], [35, 30], [59, 19], [24, 22], [0, 51], [1, 24], [40, 37], [47, 25], [36, 65], [59, 46], [70, 49], [41, 53], [9, 73], [58, 12], [12, 14], [21, 38], [54, 72], [20, 7], [66, 52], [13, 0], [6, 52], [51, 51], [21, 46], [42, 12], [39, 14], [42, 62], [36, 10], [8, 26], [74, 69], [4, 33], [27, 32], [36, 9], [21, 7], [68, 32], [67, 49], [50, 0], [19, 42], [28, 9], [69, 49], [64, 5], [27, 2], [57, 22], [62, 65], [60, 37], [16, 37], [62, 21], [28, 12], [22, 32], [40, 3], [58, 17], [5, 27], [57, 14], [53, 64], [20, 63], [0, 63], [37, 40], [18, 69], [7, 13], [30, 73], [20, 58], [0, 17], [61, 41], [21, 48], [49, 29], [24, 62], [16, 34], [4, 45], [11, 43], [38, 22], [29, 33], [67, 8], [70, 38], [40, 74], [40, 30], [70, 6], [40, 57], [21, 23], [58, 61], [44, 53], [47, 24], [15, 17], [45, 37], [11, 15], [31, 42], [42, 0], [50, 62], [38, 47], [20, 74], [29, 19], [48, 29], [52, 70], [28, 31], [51, 53], [69, 27], [31, 3], [54, 1], [40, 11], [18, 4], [49, 57], [43, 19], [2, 0], [46, 47], [66, 70], [32, 46], [37, 18], [14, 63], [19, 3], [44, 16], [3, 57], [43, 44], [73, 14], [25, 68], [27, 48], [67, 7], [59, 67], [46, 9], [24, 42], [41, 7], [35, 20], [10, 0], [27, 57], [67, 59], [4, 41], [30, 41], [52, 72], [4, 7], [4, 72], [59, 2], [43, 14], [44, 22], [50, 66], [37, 21], [19, 38], [17, 68], [29, 27], [16, 59], [14, 52], [8, 63], [59, 53], [15, 54], [29, 9], [69, 7], [39, 1], [41, 5], [11, 46], [15, 63], [19, 61], [46, 40], [27, 8], [43, 12], [32, 8], [15, 13], [62, 58], [27, 68], [34, 37], [1, 8], [61, 29], [43, 46], [60, 24], [27, 45], [16, 64], [10, 9], [19, 50], [14, 24], [0, 18], [3, 74], [69, 34], [19, 60], [37, 48], [64, 73], [18, 25], [59, 56], [41, 60], [60, 74], [6, 10], [54, 66], [9, 13], [12, 35], [52, 0], [14, 4], [6, 33], [11, 27], [33, 4], [13, 73], [53, 41], [12, 4], [73, 64], [60, 20], [70, 73], [4, 22], [1, 36], [30, 22], [41, 71], [45, 67], [47, 58], [48, 63], [10, 31], [4, 62], [17, 47], [58, 24], [50, 38], [6, 35], [32, 23], [69, 43], [50, 72], [8, 25], [6, 40], [13, 47], [71, 5], [24, 74], [56, 51], [34, 72], [59, 48], [7, 2], [42, 51], [67, 4], [53, 40], [10, 48], [32, 57], [72, 39], [49, 0], [21, 67], [16, 29], [4, 70], [34, 4], [46, 41], [71, 73], [27, 62], [69, 52], [25, 0], [72, 31], [41, 63], [50, 53], [9, 44], [36, 52], [63, 2], [57, 53], [30, 25], [12, 8], [43, 65], [64, 19], [24, 45], [40, 49], [42, 72], [20, 60], [60, 9], [51, 17], [49, 19], [70, 26], [54, 67], [23, 41], [33, 34], [12, 51], [64, 3], [23, 73], [68, 20], [62, 64], [74, 37], [0, 72], [62, 69], [23, 66], [67, 44], [25, 59], [64, 9], [69, 17], [66, 74], [55, 47], [66, 53], [47, 15], [0, 56], [16, 67], [20, 30], [62, 40], [55, 59], [25, 18], [41, 62], [66, 8], [44, 34], [48, 17], [45, 60], [3, 67], [22, 15], [64, 64], [44, 45], [70, 50], [4, 48], [10, 53], [37, 30], [50, 58], [31, 50], [45, 74], [66, 47], [37, 61], [15, 50], [15, 43], [25, 1], [52, 10], [2, 33], [54, 17], [26, 31], [55, 61], [56, 6], [64, 58], [46, 58], [31, 71], [44, 0], [28, 60], [28, 59], [9, 31], [27, 42], [60, 28], [28, 32], [26, 18], [70, 40], [38, 18], [42, 14], [43, 55], [59, 35], [15, 71], [55, 53], [34, 46], [62, 33], [66, 25], [9, 33], [37, 22], [45, 22], [27, 49], [70, 54], [8, 18], [38, 19], [68, 29], [9, 51], [45, 64], [29, 6], [73, 21], [36, 26], [23, 61], [27, 47], [73, 18], [40, 8], [67, 39], [68, 9], [30, 6], [73, 34], [23, 0], [24, 73], [45, 29], [25, 11], [5, 20], [52, 60], [21, 6], [32, 62], [66, 6], [49, 30], [36, 43], [0, 12], [37, 69], [32, 35], [15, 58], [3, 10], [7, 70], [11, 5], [1, 51], [14, 58], [62, 54], [20, 35], [20, 9], [19, 34], [24, 1], [49, 59], [0, 27], [22, 60], [32, 67], [44, 5], [12, 0], [29, 35], [50, 2], [7, 60], [36, 31], [64, 33], [3, 2], [27, 46], [9, 74], [29, 31], [1, 37], [19, 63], [69, 53], [30, 56], [33, 70], [62, 1], [47, 60], [11, 72], [26, 11], [66, 4], [37, 7], [68, 19], [9, 38], [65, 49], [59, 8], [49, 52], [63, 6], [28, 16], [20, 33], [71, 70], [22, 64], [32, 38], [29, 69], [28, 33], [31, 51], [35, 57], [15, 4], [53, 70], [19, 8], [62, 39], [9, 49], [39, 20], [11, 71], [55, 68], [70, 5], [21, 68], [28, 27], [15, 64], [72, 72], [61, 12], [2, 66], [47, 35], [50, 15], [36, 0], [59, 59], [52, 18], [26, 1], [26, 57], [54, 19], [61, 0], [60, 3], [19, 57], [42, 10], [48, 71], [45, 47], [4, 4], [26, 59], [0, 36], [12, 9], [17, 61], [64, 46], [58, 72], [35, 71], [47, 29], [38, 62], [40, 55], [59, 36], [6, 36]]}