{"meta": {"number_of_robots": 1906, "description": {"parameters": {"seed": 2729, "shape": [100, 100], "obstacles": {"n": 20, "mean": 5, "std": 2.5}, "clusters": {"n": 40, "mean": 40, "std": 20.0, "relative_radius": 2, "increase_factor": 1.3, "start_dist": {"generator_name": "uniform", "shape": [100, 100], "min": 1.0, "max": 1.0, "mean": 1.0, "std": 0.0, "dtype": "float64", "parameters": {}}, "target_dist": {"generator_name": "uniform", "shape": [100, 100], "min": 1.0, "max": 1.0, "mean": 1.0, "std": 0.0, "dtype": "float64", "parameters": {}}}, "density": 0.2, "start_dist": {"generator_name": "uniform", "shape": [100, 100], "min": 1.0, "max": 1.0, "mean": 1.0, "std": 0.0, "dtype": "float64", "parameters": {}}, "target_dist": {"generator_name": "uniform", "shape": [100, 100], "min": 1.0, "max": 1.0, "mean": 1.0, "std": 0.0, "dtype": "float64", "parameters": {}}}, "stats": {"date": "2020-11-17", "free_area": 9527.0, "number_of_clustered_robots": 1773, "number_of_robots": 1906}}}, "name": "large_003_100x100_20_1906", "obstacles": [[7, 7], [7, 8], [7, 78], [7, 79], [8, 7], [8, 8], [9, 7], [9, 8], [10, 40], [10, 41], [10, 42], [10, 43], [10, 44], [10, 45], [11, 40], [11, 45], [12, 40], [12, 45], [13, 40], [13, 45], [14, 40], [14, 41], [14, 42], [14, 43], [14, 44], [14, 45], [16, 21], [16, 22], [16, 23], [17, 21], [17, 23], [17, 35], [17, 36], [17, 37], [17, 38], [18, 21], [18, 23], [18, 35], [18, 38], [19, 21], [19, 23], [19, 35], [19, 38], [20, 21], [20, 23], [20, 29], [20, 30], [20, 31], [20, 35], [20, 36], [20, 37], [20, 38], [21, 21], [21, 23], [21, 29], [21, 31], [22, 21], [22, 23], [22, 29], [22, 31], [23, 21], [23, 22], [23, 23], [23, 29], [23, 31], [24, 29], [24, 31], [25, 29], [25, 31], [26, 29], [26, 31], [27, 8], [27, 29], [27, 30], [27, 31], [28, 8], [29, 8], [29, 19], [29, 20], [30, 8], [30, 19], [30, 20], [31, 8], [31, 19], [31, 20], [32, 8], [33, 13], [33, 14], [33, 15], [33, 16], [33, 17], [33, 18], [33, 19], [33, 20], [33, 21], [34, 13], [34, 21], [35, 13], [35, 21], [36, 13], [36, 21], [37, 13], [37, 21], [37, 28], [37, 29], [37, 30], [37, 31], [37, 32], [37, 33], [38, 13], [38, 21], [38, 28], [38, 33], [39, 13], [39, 21], [39, 28], [39, 33], [40, 13], [40, 21], [40, 28], [40, 33], [41, 13], [41, 14], [41, 15], [41, 16], [41, 17], [41, 18], [41, 19], [41, 20], [41, 21], [41, 28], [41, 33], [42, 28], [42, 33], [43, 28], [43, 29], [43, 30], [43, 31], [43, 32], [43, 33], [48, 38], [48, 39], [48, 40], [48, 41], [48, 42], [48, 43], [48, 68], [48, 69], [48, 70], [48, 71], [48, 72], [49, 18], [49, 19], [49, 20], [49, 21], [49, 22], [49, 38], [49, 43], [49, 68], [49, 69], [49, 70], [49, 71], [49, 72], [50, 18], [50, 22], [50, 38], [50, 43], [51, 18], [51, 19], [51, 20], [51, 21], [51, 22], [51, 38], [51, 43], [52, 38], [52, 39], [52, 40], [52, 41], [52, 42], [52, 43], [55, 53], [57, 26], [57, 27], [57, 28], [57, 29], [57, 30], [57, 31], [58, 26], [58, 31], [59, 26], [59, 31], [60, 26], [60, 27], [60, 28], [60, 29], [60, 30], [60, 31], [62, 43], [62, 44], [62, 45], [62, 46], [62, 47], [62, 48], [62, 49], [63, 43], [63, 49], [64, 43], [64, 49], [65, 43], [65, 49], [66, 43], [66, 49], [67, 43], [67, 49], [68, 43], [68, 49], [68, 78], [68, 79], [68, 80], [68, 81], [69, 43], [69, 44], [69, 45], [69, 46], [69, 47], [69, 48], [69, 49], [69, 78], [69, 81], [70, 78], [70, 81], [71, 78], [71, 81], [72, 78], [72, 81], [73, 78], [73, 81], [73, 83], [73, 84], [73, 85], [73, 86], [73, 87], [73, 88], [73, 89], [73, 90], [74, 78], [74, 81], [74, 83], [74, 90], [75, 78], [75, 81], [75, 83], [75, 84], [75, 85], [75, 86], [75, 87], [75, 88], [75, 89], [75, 90], [76, 78], [76, 79], [76, 80], [76, 81], [89, 86], [89, 87], [89, 88], [89, 89], [89, 90], [89, 91], [89, 92], [89, 93], [89, 94], [89, 95], [91, 48], [91, 49], [91, 50], [91, 51], [91, 52], [92, 48], [92, 52], [93, 48], [93, 52], [94, 48], [94, 52], [95, 48], [95, 52], [96, 48], [96, 49], [96, 50], [96, 51], [96, 52]], "starts": [[29, 74], [73, 24], [98, 29], [42, 63], [44, 8], [64, 64], [60, 86], [63, 89], [64, 9], [13, 15], [17, 12], [8, 45], [29, 28], [49, 90], [0, 73], [69, 22], [1, 73], [2, 14], [30, 6], [95, 57], [59, 63], [47, 55], [45, 9], [64, 12], [64, 23], [47, 47], [95, 98], [92, 84], [23, 56], [94, 4], [75, 32], [51, 59], [95, 13], [43, 7], [1, 33], [43, 92], [34, 3], [31, 38], [89, 36], [89, 96], [39, 88], [19, 30], [40, 56], [53, 55], [6, 74], [91, 89], [0, 30], [44, 56], [53, 50], [65, 20], [46, 90], [67, 25], [98, 30], [54, 19], [81, 7], [43, 12], [93, 55], [49, 58], [74, 72], [42, 92], [66, 75], [64, 20], [93, 99], [33, 7], [3, 10], [97, 86], [27, 19], [39, 61], [42, 53], [2, 86], [96, 9], [58, 96], [88, 93], [6, 80], [2, 40], [33, 5], [44, 65], [7, 43], [50, 59], [45, 87], [63, 33], [33, 60], [48, 91], [61, 24], [89, 30], [20, 20], [58, 13], [5, 12], [90, 4], [17, 33], [34, 69], [55, 50], [34, 0], [11, 72], [68, 15], [92, 91], [52, 5], [94, 53], [52, 51], [70, 68], [8, 46], [44, 95], [65, 78], [56, 14], [99, 93], [55, 64], [35, 11], [52, 50], [22, 74], [7, 9], [95, 85], [19, 20], [72, 21], [41, 66], [44, 48], [42, 98], [2, 74], [91, 20], [70, 28], [98, 31], [62, 93], [91, 95], [54, 12], [47, 86], [6, 75], [88, 0], [73, 26], [10, 30], [23, 2], [49, 15], [53, 58], [6, 37], [95, 56], [48, 45], [32, 22], [45, 60], [39, 55], [44, 55], [9, 72], [68, 62], [47, 88], [67, 32], [84, 81], [67, 82], [56, 22], [98, 85], [22, 55], [34, 89], [72, 18], [27, 15], [99, 26], [27, 17], [54, 22], [7, 35], [9, 5], [10, 20], [95, 84], [31, 39], [83, 9], [33, 26], [38, 62], [55, 51], [38, 2], [42, 90], [45, 67], [5, 78], [98, 8], [55, 52], [62, 94], [77, 14], [89, 43], [85, 89], [53, 6], [93, 53], [63, 26], [1, 80], [40, 52], [41, 92], [61, 17], [64, 70], [3, 44], [26, 0], [44, 99], [29, 23], [86, 39], [36, 72], [42, 39], [65, 11], [10, 85], [69, 83], [63, 18], [87, 87], [44, 71], [3, 40], [34, 11], [85, 0], [53, 47], [88, 92], [29, 66], [45, 8], [2, 7], [99, 84], [40, 95], [34, 34], [68, 29], [0, 43], [47, 15], [42, 56], [41, 39], [33, 57], [35, 88], [5, 76], [89, 9], [91, 55], [64, 29], [96, 25], [54, 97], [21, 19], [42, 52], [96, 94], [58, 59], [53, 26], [63, 64], [46, 51], [35, 96], [3, 5], [2, 79], [86, 6], [76, 27], [27, 36], [64, 76], [59, 13], [91, 99], [44, 72], [41, 49], [43, 5], [7, 33], [27, 6], [8, 72], [35, 3], [65, 27], [69, 18], [39, 90], [51, 94], [84, 84], [65, 22], [46, 10], [10, 12], [99, 75], [43, 60], [4, 36], [86, 28], [97, 55], [55, 46], [26, 33], [60, 20], [31, 66], [40, 45], [45, 52], [5, 69], [98, 20], [67, 69], [1, 38], [85, 4], [39, 84], [60, 92], [72, 30], [84, 92], [66, 77], [54, 9], [98, 92], [25, 53], [46, 93], [28, 25], [47, 67], [74, 24], [32, 3], [30, 59], [51, 45], [2, 82], [54, 50], [90, 34], [27, 12], [11, 82], [41, 10], [44, 90], [31, 70], [56, 24], [6, 31], [32, 0], [92, 58], [12, 7], [1, 9], [94, 76], [27, 33], [91, 80], [49, 53], [96, 1], [17, 31], [75, 30], [67, 65], [33, 73], [46, 57], [38, 1], [45, 94], [34, 91], [50, 60], [4, 38], [9, 86], [98, 21], [62, 22], [53, 48], [95, 31], [61, 87], [71, 88], [58, 12], [8, 33], [73, 19], [94, 89], [83, 43], [84, 90], [51, 14], [48, 6], [24, 14], [16, 34], [31, 91], [42, 74], [41, 46], [89, 57], [74, 33], [4, 85], [2, 76], [96, 0], [76, 33], [50, 63], [50, 57], [26, 58], [48, 90], [0, 12], [92, 74], [53, 54], [63, 25], [65, 63], [5, 28], [25, 3], [93, 92], [33, 87], [33, 34], [97, 27], [29, 12], [43, 58], [51, 48], [57, 15], [11, 76], [99, 16], [66, 89], [62, 9], [92, 86], [47, 16], [1, 7], [79, 23], [58, 68], [2, 37], [63, 95], [34, 2], [45, 83], [93, 58], [82, 0], [40, 88], [56, 46], [9, 37], [99, 86], [16, 37], [27, 65], [76, 17], [38, 74], [42, 8], [40, 57], [39, 57], [36, 7], [10, 80], [87, 28], [71, 58], [10, 19], [97, 87], [1, 83], [51, 87], [50, 17], [69, 21], [55, 63], [19, 24], [77, 28], [87, 83], [10, 37], [32, 5], [50, 7], [54, 45], [33, 63], [42, 43], [71, 75], [61, 12], [94, 96], [25, 61], [42, 95], [82, 6], [4, 80], [91, 22], [99, 59], [63, 22], [50, 95], [23, 15], [94, 37], [66, 93], [18, 18], [42, 57], [29, 30], [93, 88], [58, 69], [4, 37], [57, 23], [36, 59], [41, 47], [63, 59], [8, 37], [73, 33], [48, 53], [8, 77], [34, 94], [11, 12], [1, 19], [93, 84], [25, 39], [48, 99], [44, 17], [4, 83], [83, 5], [83, 25], [71, 22], [32, 36], [65, 83], [55, 18], [98, 89], [93, 54], [95, 93], [29, 64], [48, 44], [39, 6], [90, 39], [34, 95], [53, 70], [9, 36], [25, 1], [0, 86], [96, 17], [25, 10], [47, 48], [53, 10], [72, 29], [46, 50], [28, 71], [61, 67], [60, 98], [18, 31], [69, 24], [25, 57], [47, 92], [85, 38], [48, 97], [43, 69], [45, 39], [96, 87], [65, 24], [92, 4], [44, 5], [2, 10], [98, 83], [8, 81], [0, 41], [50, 71], [3, 38], [86, 27], [28, 23], [98, 63], [70, 86], [53, 18], [88, 94], [60, 48], [26, 27], [78, 19], [54, 15], [33, 88], [4, 77], [43, 65], [50, 53], [51, 49], [93, 81], [37, 93], [28, 16], [2, 9], [3, 73], [95, 10], [75, 23], [62, 66], [0, 46], [25, 4], [49, 62], [90, 5], [43, 85], [29, 29], [51, 6], [93, 34], [63, 86], [50, 58], [34, 58], [40, 39], [35, 5], [65, 29], [90, 84], [9, 20], [96, 75], [89, 54], [57, 25], [9, 69], [73, 75], [61, 22], [91, 94], [25, 58], [43, 98], [45, 85], [2, 38], [48, 48], [16, 20], [50, 62], [7, 32], [67, 27], [67, 14], [25, 13], [35, 72], [53, 53], [4, 78], [86, 3], [78, 26], [48, 52], [66, 64], [95, 86], [91, 31], [28, 19], [5, 77], [97, 10], [50, 15], [77, 29], [31, 92], [22, 65], [39, 8], [59, 10], [18, 19], [4, 45], [35, 0], [32, 98], [98, 50], [64, 88], [47, 68], [41, 67], [44, 45], [5, 11], [4, 7], [97, 74], [27, 34], [76, 30], [66, 88], [60, 10], [99, 85], [99, 95], [39, 95], [4, 73], [52, 61], [46, 44], [90, 6], [98, 28], [27, 37], [75, 20], [32, 2], [60, 63], [1, 35], [45, 11], [39, 71], [37, 56], [38, 4], [53, 24], [28, 59], [36, 98], [46, 92], [59, 55], [0, 44], [6, 73], [89, 82], [8, 69], [92, 22], [90, 56], [60, 32], [50, 48], [20, 19], [94, 38], [43, 73], [55, 97], [77, 80], [65, 8], [17, 13], [7, 38], [49, 94], [67, 19], [3, 19], [31, 1], [50, 50], [64, 25], [99, 88], [96, 74], [88, 6], [52, 54], [87, 40], [6, 87], [84, 85], [52, 57], [37, 95], [62, 12], [43, 10], [69, 61], [27, 14], [31, 36], [56, 50], [37, 85], [72, 26], [7, 15], [31, 67], [37, 50], [96, 57], [8, 43], [30, 72], [69, 31], [5, 82], [99, 15], [95, 34], [88, 81], [4, 74], [84, 9], [79, 30], [51, 60], [7, 44], [30, 25], [51, 57], [44, 87], [64, 87], [62, 10], [92, 95], [27, 59], [37, 96], [49, 23], [3, 7], [93, 82], [42, 65], [43, 44], [41, 6], [54, 49], [59, 95], [46, 11], [75, 25], [73, 58], [4, 34], [35, 6], [6, 82], [25, 2], [96, 96], [43, 87], [33, 36], [77, 32], [93, 61], [91, 40], [19, 17], [53, 69], [81, 6], [34, 63], [45, 43], [73, 15], [48, 89], [49, 52], [50, 24], [43, 52], [6, 71], [89, 10], [2, 35], [50, 91], [92, 83], [71, 83], [64, 17], [85, 99], [19, 25], [68, 30], [5, 75], [43, 18], [13, 9], [1, 17], [96, 80], [26, 38], [75, 24], [71, 66], [38, 73], [37, 57], [54, 70], [4, 32], [87, 24], [60, 94], [22, 11], [46, 96], [95, 62], [8, 71], [88, 8], [21, 54], [45, 92], [58, 47], [10, 46], [25, 6], [96, 86], [18, 28], [62, 17], [25, 74], [70, 20], [28, 58], [37, 9], [40, 51], [48, 61], [35, 7], [35, 91], [57, 57], [79, 24], [49, 8], [63, 78], [63, 14], [94, 95], [0, 80], [98, 19], [86, 36], [25, 21], [23, 19], [93, 98], [60, 60], [11, 28], [62, 57], [4, 21], [98, 88], [39, 91], [3, 83], [81, 1], [81, 27], [97, 61], [32, 64], [54, 54], [39, 82], [36, 4], [54, 18], [63, 98], [73, 16], [86, 35], [64, 31], [0, 85], [57, 58], [5, 32], [22, 37], [78, 18], [38, 56], [97, 91], [13, 8], [11, 32], [33, 0], [43, 91], [45, 6], [86, 29], [53, 59], [44, 69], [40, 47], [69, 84], [56, 20], [95, 94], [32, 59], [39, 94], [87, 6], [73, 72], [2, 87], [94, 17], [65, 16], [32, 23], [97, 52], [59, 64], [6, 19], [99, 87], [76, 23], [93, 86], [40, 87], [65, 33], [24, 16], [3, 30], [46, 59], [47, 45], [39, 7], [4, 84], [47, 44], [93, 27], [62, 98], [19, 14], [44, 58], [3, 74], [41, 99], [45, 7], [28, 22], [37, 82], [29, 68], [83, 81], [89, 0], [43, 67], [5, 44], [67, 84], [61, 20], [88, 90], [62, 18], [43, 74], [54, 41], [60, 16], [65, 70], [2, 31], [31, 4], [76, 26], [90, 53], [74, 18], [52, 44], [3, 85], [90, 19], [50, 84], [29, 22], [12, 9], [0, 21], [98, 81], [25, 32], [98, 34], [35, 2], [25, 63], [46, 97], [97, 96], [44, 66], [51, 53], [47, 60], [50, 61], [54, 6], [1, 43], [0, 84], [81, 4], [82, 31], [46, 85], [53, 14], [64, 94], [73, 28], [7, 83], [26, 23], [68, 20], [49, 49], [75, 77], [55, 9], [85, 94], [67, 58], [99, 50], [92, 93], [33, 74], [41, 40], [42, 2], [97, 28], [17, 19], [46, 89], [48, 92], [43, 55], [2, 33], [10, 35], [30, 2], [1, 75], [97, 21], [27, 22], [5, 10], [94, 77], [32, 15], [49, 48], [45, 13], [86, 1], [59, 24], [76, 24], [75, 22], [46, 46], [84, 82], [29, 57], [50, 55], [42, 86], [27, 70], [86, 37], [41, 7], [72, 71], [66, 94], [69, 82], [60, 15], [4, 9], [11, 33], [32, 27], [0, 79], [71, 17], [3, 69], [95, 63], [56, 68], [98, 95], [28, 53], [44, 91], [81, 43], [43, 84], [46, 62], [39, 44], [88, 98], [54, 44], [68, 32], [71, 30], [55, 19], [87, 7], [42, 10], [40, 59], [23, 11], [4, 18], [94, 86], [20, 28], [10, 78], [99, 21], [10, 31], [24, 0], [45, 70], [2, 43], [36, 87], [37, 98], [96, 26], [19, 13], [38, 58], [37, 41], [39, 2], [88, 83], [90, 55], [73, 63], [77, 77], [62, 16], [85, 85], [50, 47], [25, 37], [79, 31], [0, 78], [69, 28], [55, 90], [59, 20], [47, 93], [6, 79], [86, 7], [83, 27], [6, 38], [54, 4], [47, 65], [38, 72], [46, 56], [48, 60], [87, 88], [30, 57], [32, 89], [24, 5], [97, 30], [6, 4], [5, 17], [92, 82], [25, 36], [32, 32], [45, 84], [7, 84], [94, 22], [62, 54], [76, 14], [97, 62], [63, 23], [66, 30], [71, 67], [7, 39], [30, 1], [35, 73], [42, 46], [55, 24], [64, 84], [66, 15], [91, 88], [43, 71], [5, 38], [95, 5], [87, 84], [29, 70], [49, 99], [30, 29], [44, 6], [34, 96], [0, 69], [96, 35], [55, 91], [28, 11], [42, 55], [54, 52], [3, 81], [30, 56], [49, 54], [33, 6], [9, 41], [22, 14], [66, 32], [48, 83], [91, 92], [74, 21], [1, 16], [97, 80], [52, 65], [98, 49], [18, 34], [58, 21], [4, 75], [92, 20], [68, 61], [86, 2], [72, 84], [54, 21], [85, 98], [26, 60], [45, 96], [36, 68], [48, 50], [50, 44], [87, 35], [44, 14], [40, 93], [3, 46], [26, 6], [7, 4], [90, 86], [51, 56], [34, 32], [74, 30], [59, 58], [2, 44], [8, 83], [75, 19], [65, 95], [67, 16], [84, 38], [64, 22], [24, 10], [32, 84], [38, 59], [51, 55], [99, 60], [6, 77], [85, 8], [73, 29], [32, 96], [1, 13], [95, 76], [50, 51], [64, 62], [3, 28], [95, 97], [28, 20], [87, 36], [24, 21], [7, 81], [89, 13], [63, 88], [60, 12], [91, 85], [47, 17], [67, 31], [52, 60], [39, 99], [22, 64], [70, 24], [36, 74], [40, 10], [54, 53], [41, 51], [35, 1], [53, 13], [16, 24], [85, 80], [3, 45], [24, 4], [57, 45], [25, 65], [38, 91], [91, 3], [10, 87], [92, 56], [47, 99], [36, 9], [97, 25], [56, 90], [53, 68], [0, 39], [35, 58], [54, 42], [64, 66], [73, 31], [11, 4], [5, 16], [94, 87], [31, 32], [50, 16], [2, 75], [73, 17], [25, 27], [63, 75], [58, 14], [93, 96], [91, 86], [49, 95], [5, 39], [1, 87], [99, 22], [51, 50], [63, 17], [53, 44], [71, 21], [45, 90], [34, 67], [39, 42], [93, 2], [53, 63], [98, 40], [25, 14], [91, 60], [19, 26], [78, 23], [37, 86], [90, 97], [31, 15], [7, 72], [67, 29], [67, 62], [7, 45], [33, 3], [47, 6], [54, 89], [58, 56], [41, 74], [50, 52], [34, 6], [2, 12], [95, 82], [54, 20], [65, 89], [60, 22], [88, 86], [22, 61], [42, 94], [48, 98], [38, 52], [30, 30], [56, 60], [6, 34], [1, 74], [86, 9], [81, 24], [84, 98], [94, 40], [2, 72], [98, 22], [69, 30], [24, 64], [9, 42], [92, 61], [42, 69], [38, 50], [9, 10], [74, 31], [37, 90], [62, 50], [20, 26], [27, 2], [70, 67], [49, 5], [51, 16], [45, 97], [48, 66], [87, 95], [1, 85], [96, 31], [28, 66], [57, 90], [77, 86], [65, 17], [17, 17], [1, 28], [50, 98], [68, 14], [10, 15], [31, 3], [45, 53], [77, 21], [88, 97], [99, 76], [81, 8], [47, 51], [81, 40], [30, 35], [57, 49], [73, 27], [89, 58], [0, 81], [96, 10], [84, 93], [5, 85], [55, 68], [2, 36], [35, 85], [26, 55], [38, 97], [55, 17], [42, 71], [43, 46], [43, 2], [49, 7], [65, 71], [5, 29], [29, 9], [18, 27], [65, 30], [93, 24], [96, 5], [52, 53], [42, 51], [1, 77], [40, 82], [87, 94], [67, 76], [56, 9], [94, 91], [70, 18], [12, 13], [0, 19], [97, 75], [32, 37], [38, 65], [42, 45], [54, 66], [54, 95], [89, 62], [36, 88], [5, 46], [26, 3], [17, 28], [51, 12], [27, 64], [44, 12], [40, 86], [72, 27], [53, 15], [5, 80], [99, 18], [87, 27], [19, 18], [99, 98], [72, 69], [61, 49], [5, 84], [94, 9], [77, 26], [32, 70], [43, 41], [22, 16], [68, 23], [75, 26], [58, 65], [2, 41], [23, 35], [45, 61], [3, 36], [31, 85], [66, 76], [53, 20], [90, 89], [22, 54], [47, 95], [4, 86], [61, 14], [98, 62], [9, 13], [96, 79], [99, 80], [69, 19], [46, 72], [42, 50], [37, 6], [59, 51], [97, 24], [65, 91], [49, 14], [26, 21], [36, 92], [82, 7], [50, 70], [75, 16], [70, 63], [3, 42], [26, 5], [1, 82], [92, 12], [2, 15], [29, 11], [35, 87], [96, 92], [33, 58], [54, 55], [47, 56], [6, 78], [35, 95], [52, 20], [18, 32], [76, 19], [58, 49], [65, 79], [63, 8], [94, 88], [96, 59], [86, 31], [25, 16], [43, 63], [4, 44], [3, 31], [3, 76], [7, 13], [96, 81], [48, 10], [81, 0], [76, 22], [85, 84], [39, 74], [53, 40], [42, 93], [31, 71], [74, 62], [59, 89], [26, 35], [70, 17], [28, 62], [35, 94], [88, 35], [60, 50], [64, 19], [62, 15], [39, 59], [31, 7], [9, 70], [98, 14], [3, 35], [27, 1], [45, 65], [36, 93], [98, 35], [31, 73], [49, 51], [36, 1], [87, 92], [96, 56], [66, 82], [57, 17], [91, 98], [27, 20], [66, 23], [3, 77], [84, 7], [74, 26], [44, 7], [44, 88], [12, 15], [3, 16], [92, 77], [25, 34], [50, 92], [2, 77], [59, 52], [65, 19], [74, 65], [8, 35], [46, 70], [46, 41], [58, 19], [51, 66], [4, 39], [96, 85], [22, 33], [99, 39], [57, 96], [22, 20], [41, 50], [31, 9], [44, 93], [65, 18], [96, 62], [8, 75], [95, 15], [82, 2], [77, 87], [56, 10], [89, 97], [27, 63], [32, 95], [31, 60], [53, 42], [53, 51], [43, 4], [7, 40], [27, 0], [99, 96], [29, 36], [78, 30], [54, 61], [75, 15], [58, 16], [44, 92], [4, 79], [5, 20], [99, 83], [62, 62], [99, 33], [3, 71], [31, 65], [76, 21], [37, 63], [42, 7], [42, 48], [38, 47], [36, 6], [17, 34], [89, 81], [9, 38], [58, 54], [35, 90], [92, 5], [99, 58], [33, 91], [24, 7], [61, 93], [47, 66], [2, 42], [75, 21], [4, 10], [41, 8], [63, 87], [61, 16], [90, 88], [9, 75], [89, 19], [55, 11], [45, 63], [39, 41], [89, 35], [25, 18], [19, 28], [50, 86], [97, 95], [70, 22], [65, 58], [5, 45], [29, 3], [53, 46], [10, 14], [96, 78], [29, 59], [46, 91], [48, 47], [44, 62], [5, 79], [92, 1], [75, 31], [4, 71], [66, 20], [96, 55], [32, 62], [37, 46], [33, 93], [32, 24], [23, 13], [49, 16], [55, 14], [84, 89], [88, 39], [62, 88], [67, 79], [61, 8], [6, 44], [67, 23], [86, 96], [83, 39], [55, 55], [66, 21], [10, 86], [94, 12], [53, 71], [6, 36], [46, 82], [39, 93], [43, 70], [47, 43], [38, 7], [67, 68], [32, 34], [75, 17], [82, 1], [42, 59], [95, 81], [9, 15], [2, 11], [92, 78], [33, 37], [97, 59], [2, 45], [33, 2], [50, 14], [22, 73], [45, 95], [48, 4], [4, 82], [92, 38], [22, 17], [61, 54], [3, 84], [40, 61], [53, 57], [23, 10], [61, 29], [57, 56], [22, 34], [69, 75], [54, 8], [94, 92], [33, 64], [42, 88], [98, 80], [70, 26], [55, 95], [45, 99], [81, 9], [71, 59], [1, 36], [10, 81], [95, 12], [38, 64], [45, 45], [41, 60], [49, 26], [29, 33], [62, 55], [90, 50], [86, 25], [51, 63], [6, 33], [8, 19], [99, 74], [40, 8], [72, 16], [87, 96], [36, 96], [71, 18], [42, 96], [78, 24], [26, 16], [1, 72], [4, 31], [28, 5], [35, 61], [45, 40], [42, 1], [69, 76], [55, 16], [95, 90], [26, 37], [1, 84], [87, 9], [80, 23], [6, 12], [33, 92], [51, 52], [60, 69], [50, 26], [56, 63], [84, 96], [93, 26], [63, 91], [26, 19], [39, 53], [66, 28], [91, 63], [11, 75], [94, 14], [28, 61], [34, 97], [34, 56], [44, 49], [53, 16], [5, 40], [22, 32], [78, 31], [49, 97], [8, 21], [99, 79], [22, 70], [43, 8], [93, 97], [57, 47], [84, 0], [30, 4], [51, 58], [3, 34], [63, 83], [53, 17], [92, 87], [9, 84], [49, 10], [39, 62], [51, 44], [88, 24], [33, 23], [32, 93], [70, 19], [67, 66], [2, 28], [28, 3], [41, 95], [49, 60], [6, 85], [68, 27], [90, 54], [45, 10], [91, 93], [56, 87], [68, 22], [86, 42], [48, 59], [7, 87], [93, 20], [56, 61], [42, 97], [32, 61], [48, 57], [33, 4], [31, 33], [80, 5], [8, 14], [1, 18], [92, 80], [28, 36], [11, 29], [62, 20], [92, 33], [25, 12], [31, 11], [68, 26], [67, 87], [52, 15], [97, 94], [29, 65], [44, 97], [88, 96], [68, 31], [38, 98], [67, 61], [10, 76], [37, 59], [55, 40], [42, 47], [33, 28], [58, 60], [91, 59], [52, 69], [5, 36], [46, 6], [7, 41], [28, 2], [5, 74], [93, 3], [81, 31], [50, 83], [52, 23], [83, 98], [98, 36], [58, 86], [73, 30], [3, 80], [94, 11], [42, 87], [32, 67], [47, 49], [23, 32], [72, 31], [6, 7], [94, 75], [30, 74], [53, 56], [34, 8], [47, 57], [66, 87], [52, 14], [86, 87], [50, 94], [65, 72], [0, 34], [50, 49], [89, 60], [48, 15], [83, 95], [70, 14], [5, 71], [32, 69], [46, 48], [36, 3], [21, 34], [93, 1], [12, 16], [61, 10], [86, 32], [20, 13], [75, 18], [24, 65], [48, 94], [71, 32], [51, 82], [57, 54], [54, 62], [1, 37], [5, 34], [23, 3], [6, 76], [94, 97], [62, 89], [5, 87], [91, 21], [39, 60], [39, 46], [22, 27], [10, 7], [95, 80], [35, 12], [65, 82], [64, 8], [91, 90], [33, 83], [62, 72], [47, 61], [97, 60], [45, 12], [91, 6], [56, 26], [98, 25], [73, 20], [38, 99], [79, 27], [62, 52], [58, 64], [2, 46], [85, 95], [1, 70], [36, 57], [55, 39], [24, 22], [47, 90], [99, 97], [86, 18], [22, 3], [27, 73], [27, 23], [8, 54], [19, 29], [85, 40], [91, 7], [93, 56], [68, 19], [55, 81], [19, 31], [54, 87], [86, 54], [26, 24], [80, 43], [11, 7], [45, 69], [14, 86], [65, 54], [43, 24], [12, 51], [58, 23], [71, 31], [69, 59], [4, 1], [6, 64], [49, 92], [21, 18], [3, 70], [49, 96], [75, 51], [14, 32], [43, 35], [81, 60], [16, 1], [17, 63], [50, 66], [58, 92], [74, 29], [51, 92], [59, 85], [93, 28], [96, 18], [13, 37], [7, 68], [46, 19], [84, 61], [82, 24], [98, 16], [95, 53], [50, 73], [71, 33], [11, 27], [21, 50], [33, 54], [38, 48], [11, 25], [91, 65], [57, 22], [64, 32], [3, 79], [46, 14], [67, 3], [55, 41], [99, 5], [80, 49], [6, 72], [52, 16], [25, 5], [9, 88], [34, 81], [3, 15], [24, 20], [84, 83], [57, 83], [81, 80], [94, 41], [4, 0], [58, 18], [30, 71], [33, 77], [8, 88], [74, 22], [50, 67], [84, 34], [71, 43], [89, 68], [11, 52], [85, 64], [59, 67], [8, 48], [33, 76], [68, 41], [1, 41], [97, 9], [15, 23], [88, 54], [54, 64], [65, 3], [9, 9], [84, 31], [10, 61], [26, 12], [28, 75], [22, 69], [0, 17], [14, 75], [71, 44], [0, 71], [69, 14], [18, 49], [84, 15], [61, 52], [62, 90], [24, 13], [88, 15], [73, 35], [33, 99], [38, 87], [85, 24], [73, 18], [93, 7], [24, 85], [54, 17], [68, 88], [99, 1], [41, 64], [32, 72], [37, 68], [34, 84], [43, 34]], "targets": [[10, 51], [7, 18], [39, 98], [5, 76], [47, 85], [89, 70], [60, 2], [33, 90], [32, 81], [44, 47], [26, 49], [25, 90], [33, 97], [67, 72], [68, 36], [80, 11], [51, 82], [70, 10], [44, 14], [2, 10], [7, 96], [40, 76], [5, 11], [97, 39], [64, 21], [40, 23], [21, 56], [36, 52], [34, 7], [66, 3], [26, 77], [36, 89], [86, 13], [88, 78], [39, 95], [63, 60], [43, 6], [96, 89], [65, 18], [95, 12], [50, 79], [35, 96], [18, 82], [46, 63], [57, 82], [96, 6], [35, 86], [3, 89], [38, 26], [73, 21], [71, 51], [8, 15], [38, 94], [95, 45], [71, 5], [10, 11], [7, 9], [31, 93], [95, 73], [56, 72], [36, 92], [34, 78], [22, 53], [36, 1], [78, 15], [40, 65], [39, 99], [11, 78], [49, 75], [65, 85], [79, 2], [63, 6], [94, 0], [73, 45], [42, 90], [48, 15], [0, 84], [42, 94], [31, 27], [47, 83], [72, 19], [37, 4], [65, 52], [12, 25], [38, 87], [26, 47], [82, 33], [48, 56], [61, 2], [31, 98], [4, 81], [31, 59], [90, 82], [61, 69], [74, 10], [93, 9], [7, 14], [1, 16], [41, 91], [86, 73], [38, 78], [49, 65], [40, 93], [24, 81], [29, 50], [8, 93], [39, 4], [35, 23], [12, 50], [73, 13], [43, 55], [28, 91], [70, 13], [21, 84], [43, 72], [70, 45], [63, 75], [90, 8], [1, 13], [35, 97], [54, 2], [86, 11], [92, 45], [66, 74], [68, 35], [73, 5], [25, 75], [41, 88], [49, 25], [2, 7], [11, 84], [45, 94], [1, 14], [29, 32], [40, 90], [5, 83], [42, 71], [27, 98], [55, 85], [85, 71], [62, 76], [72, 5], [93, 6], [35, 92], [24, 76], [22, 55], [29, 6], [64, 54], [7, 23], [41, 6], [28, 95], [25, 41], [96, 43], [35, 89], [47, 49], [76, 20], [34, 52], [94, 81], [67, 7], [33, 96], [12, 91], [31, 65], [91, 81], [54, 69], [10, 99], [67, 76], [81, 2], [34, 29], [66, 1], [78, 12], [65, 24], [99, 6], [4, 10], [3, 16], [70, 15], [75, 47], [32, 99], [57, 44], [3, 19], [95, 68], [43, 77], [52, 16], [53, 77], [40, 98], [33, 89], [19, 75], [43, 65], [96, 37], [58, 70], [35, 85], [30, 75], [22, 46], [4, 88], [35, 88], [35, 3], [62, 0], [32, 29], [86, 1], [10, 47], [48, 90], [82, 16], [37, 65], [57, 65], [26, 98], [65, 10], [37, 85], [6, 7], [8, 75], [37, 70], [34, 0], [65, 54], [64, 72], [89, 3], [5, 3], [13, 28], [39, 91], [64, 5], [22, 50], [34, 94], [97, 2], [12, 97], [91, 39], [86, 62], [30, 26], [67, 82], [42, 46], [69, 41], [60, 3], [25, 69], [34, 90], [36, 87], [36, 72], [29, 45], [12, 83], [40, 64], [91, 80], [39, 78], [49, 15], [54, 75], [37, 6], [76, 10], [74, 16], [61, 44], [57, 67], [97, 10], [2, 12], [1, 6], [75, 19], [42, 58], [5, 92], [38, 96], [36, 95], [4, 4], [28, 18], [35, 90], [94, 34], [9, 84], [32, 60], [33, 99], [53, 85], [83, 4], [88, 70], [31, 85], [68, 1], [63, 81], [63, 5], [70, 5], [88, 9], [37, 84], [32, 76], [27, 51], [33, 1], [66, 53], [31, 94], [6, 98], [2, 15], [36, 9], [7, 92], [40, 60], [79, 46], [36, 22], [42, 86], [24, 48], [53, 69], [6, 16], [61, 70], [17, 47], [88, 41], [29, 83], [45, 18], [3, 13], [49, 48], [72, 16], [44, 57], [98, 84], [88, 8], [40, 91], [67, 4], [22, 96], [65, 21], [98, 72], [9, 79], [45, 72], [85, 74], [68, 56], [51, 69], [8, 97], [39, 94], [68, 76], [84, 7], [15, 21], [29, 17], [40, 89], [64, 2], [47, 93], [26, 70], [26, 79], [79, 11], [28, 43], [68, 22], [98, 12], [88, 39], [10, 15], [48, 5], [37, 96], [59, 69], [13, 93], [49, 76], [8, 6], [77, 15], [68, 75], [70, 41], [64, 0], [21, 77], [11, 89], [38, 98], [39, 9], [57, 57], [71, 18], [35, 66], [26, 17], [4, 25], [92, 64], [37, 77], [48, 24], [88, 1], [47, 69], [37, 99], [42, 92], [22, 47], [13, 85], [41, 73], [91, 33], [62, 70], [92, 3], [40, 88], [25, 80], [23, 51], [2, 11], [44, 52], [67, 13], [7, 88], [45, 95], [62, 3], [42, 9], [57, 72], [6, 9], [71, 7], [58, 45], [26, 26], [26, 89], [99, 2], [28, 99], [13, 52], [2, 22], [16, 88], [51, 92], [49, 62], [34, 92], [92, 74], [51, 86], [37, 95], [95, 67], [83, 12], [46, 59], [72, 44], [48, 82], [93, 43], [71, 12], [4, 92], [25, 94], [72, 11], [97, 14], [32, 88], [47, 22], [8, 4], [32, 30], [17, 76], [45, 66], [43, 95], [33, 75], [26, 53], [38, 9], [67, 54], [67, 1], [59, 86], [88, 3], [1, 4], [3, 14], [48, 74], [40, 9], [38, 92], [61, 1], [22, 42], [27, 89], [23, 93], [98, 1], [6, 99], [42, 91], [88, 43], [13, 80], [44, 69], [91, 62], [43, 90], [70, 9], [37, 26], [61, 73], [63, 79], [49, 46], [83, 22], [39, 62], [99, 82], [64, 58], [4, 5], [79, 41], [68, 5], [22, 71], [12, 20], [36, 97], [35, 94], [35, 73], [30, 52], [5, 16], [95, 3], [13, 83], [47, 58], [88, 80], [41, 92], [62, 69], [12, 86], [29, 77], [53, 14], [60, 75], [89, 6], [40, 1], [29, 91], [87, 44], [75, 9], [28, 25], [17, 50], [87, 59], [65, 4], [32, 90], [73, 9], [34, 1], [72, 56], [60, 17], [62, 73], [17, 82], [33, 67], [95, 7], [3, 22], [73, 11], [15, 8], [81, 15], [38, 55], [66, 81], [25, 86], [10, 84], [41, 85], [42, 88], [27, 43], [0, 13], [43, 84], [35, 76], [26, 55], [26, 24], [40, 96], [67, 17], [82, 29], [61, 65], [75, 36], [10, 77], [31, 64], [28, 93], [97, 3], [61, 49], [46, 7], [49, 55], [54, 80], [78, 14], [10, 14], [96, 67], [33, 91], [47, 13], [4, 99], [61, 13], [67, 77], [30, 98], [9, 2], [32, 89], [63, 3], [27, 16], [18, 85], [39, 70], [86, 81], [77, 7], [99, 0], [81, 14], [48, 60], [4, 14], [86, 38], [69, 84], [46, 85], [34, 72], [24, 45], [36, 5], [71, 59], [57, 79], [40, 83], [29, 98], [34, 96], [5, 86], [36, 88], [13, 27], [71, 14], [44, 5], [17, 84], [44, 62], [77, 37], [64, 13], [22, 78], [30, 22], [91, 64], [99, 9], [33, 98], [32, 42], [66, 76], [83, 2], [14, 16], [66, 14], [60, 77], [12, 54], [47, 88], [95, 43], [30, 90], [32, 91], [46, 24], [63, 53], [0, 12], [63, 2], [9, 91], [10, 89], [43, 59], [48, 50], [80, 24], [44, 58], [92, 87], [14, 17], [40, 97], [30, 82], [28, 53], [91, 3], [66, 78], [58, 81], [37, 98], [29, 24], [62, 8], [31, 91], [26, 93], [71, 19], [46, 5], [87, 60], [38, 86], [14, 12], [16, 92], [35, 59], [86, 72], [87, 29], [37, 9], [70, 60], [65, 76], [9, 93], [41, 84], [70, 42], [86, 2], [58, 71], [78, 9], [5, 2], [8, 17], [26, 32], [37, 91], [29, 94], [21, 80], [59, 5], [36, 93], [37, 79], [22, 39], [39, 82], [51, 74], [78, 7], [73, 18], [51, 13], [40, 63], [76, 8], [25, 55], [42, 66], [75, 0], [29, 96], [64, 19], [69, 77], [90, 10], [0, 93], [61, 45], [98, 29], [11, 8], [97, 63], [35, 5], [40, 92], [32, 31], [60, 66], [13, 16], [42, 57], [14, 81], [32, 63], [1, 5], [43, 79], [12, 49], [68, 19], [61, 87], [85, 1], [38, 91], [86, 9], [69, 42], [70, 12], [18, 77], [4, 83], [41, 94], [27, 93], [32, 98], [67, 64], [36, 86], [28, 75], [28, 49], [35, 1], [65, 57], [82, 42], [77, 14], [46, 65], [6, 75], [47, 63], [91, 76], [35, 25], [59, 3], [5, 8], [8, 13], [90, 68], [43, 82], [48, 13], [61, 74], [42, 10], [91, 6], [56, 82], [28, 92], [75, 16], [1, 2], [41, 89], [32, 40], [7, 89], [68, 12], [17, 85], [37, 67], [73, 16], [59, 57], [31, 23], [88, 35], [41, 95], [60, 76], [86, 5], [38, 74], [48, 67], [88, 13], [45, 90], [25, 83], [26, 45], [22, 98], [11, 26], [72, 40], [5, 12], [47, 52], [83, 18], [44, 55], [92, 81], [66, 13], [91, 70], [11, 80], [48, 58], [3, 84], [34, 87], [40, 95], [57, 5], [43, 4], [67, 71], [7, 13], [51, 79], [63, 13], [33, 0], [56, 46], [32, 26], [36, 81], [47, 15], [88, 6], [22, 91], [94, 37], [19, 49], [8, 28], [19, 86], [44, 86], [37, 66], [29, 90], [87, 82], [62, 83], [1, 91], [75, 13], [14, 5], [37, 93], [27, 82], [29, 55], [58, 82], [88, 0], [37, 90], [25, 44], [26, 90], [87, 11], [93, 68], [31, 92], [25, 32], [75, 15], [46, 64], [65, 58], [72, 47], [72, 0], [21, 73], [4, 7], [15, 86], [36, 76], [50, 66], [40, 10], [84, 41], [59, 2], [77, 11], [61, 19], [13, 22], [61, 72], [10, 88], [45, 87], [22, 99], [64, 9], [34, 93], [99, 13], [45, 53], [28, 88], [43, 13], [49, 81], [7, 3], [27, 96], [35, 26], [12, 90], [46, 62], [43, 97], [24, 70], [25, 51], [38, 2], [71, 54], [76, 12], [87, 61], [69, 76], [86, 10], [95, 37], [33, 94], [7, 15], [8, 88], [76, 15], [45, 57], [9, 18], [95, 8], [64, 80], [72, 15], [37, 1], [31, 81], [17, 91], [41, 69], [83, 80], [74, 39], [34, 27], [29, 97], [65, 3], [29, 43], [38, 90], [60, 70], [56, 48], [12, 11], [31, 97], [65, 67], [10, 48], [96, 1], [65, 5], [5, 97], [44, 84], [41, 96], [26, 72], [25, 46], [89, 35], [10, 79], [49, 64], [1, 18], [96, 68], [26, 87], [42, 15], [66, 18], [3, 7], [74, 12], [28, 22], [63, 82], [86, 3], [51, 63], [22, 97], [51, 49], [82, 17], [41, 62], [95, 85], [35, 87], [37, 0], [35, 4], [66, 54], [90, 7], [6, 76], [46, 72], [39, 97], [10, 91], [6, 4], [31, 75], [73, 43], [70, 0], [21, 75], [54, 64], [93, 40], [59, 1], [2, 20], [54, 85], [28, 94], [64, 18], [30, 30], [45, 89], [37, 83], [26, 44], [89, 61], [8, 12], [95, 1], [10, 81], [31, 69], [92, 78], [35, 98], [24, 44], [66, 59], [52, 68], [8, 95], [34, 91], [31, 74], [44, 20], [56, 86], [81, 9], [32, 94], [82, 18], [48, 52], [34, 4], [39, 96], [4, 3], [67, 8], [90, 35], [9, 28], [79, 19], [32, 21], [96, 7], [18, 83], [36, 64], [62, 79], [16, 50], [31, 95], [46, 92], [97, 64], [58, 5], [33, 88], [30, 80], [47, 46], [27, 75], [27, 95], [68, 42], [80, 8], [51, 75], [0, 11], [9, 83], [20, 50], [36, 0], [56, 51], [63, 21], [59, 76], [19, 90], [33, 62], [95, 11], [40, 22], [76, 7], [1, 20], [82, 45], [71, 9], [15, 5], [27, 92], [35, 10], [79, 13], [47, 55], [29, 93], [54, 81], [92, 5], [33, 85], [48, 22], [0, 86], [37, 92], [57, 68], [60, 59], [32, 93], [24, 49], [15, 87], [39, 60], [89, 81], [86, 4], [8, 5], [94, 70], [39, 90], [24, 80], [29, 49], [26, 22], [22, 93], [63, 19], [51, 76], [11, 16], [58, 2], [83, 36], [67, 67], [72, 42], [76, 11], [16, 71], [30, 77], [13, 14], [7, 98], [14, 82], [32, 75], [30, 91], [89, 2], [33, 7], [72, 54], [40, 7], [39, 92], [49, 50], [74, 24], [45, 65], [95, 83], [24, 95], [64, 71], [61, 75], [85, 9], [32, 23], [77, 13], [0, 5], [64, 6], [0, 28], [87, 70], [34, 76], [45, 22], [22, 80], [46, 74], [84, 37], [35, 84], [25, 76], [33, 47], [7, 83], [39, 84], [60, 12], [93, 11], [18, 52], [52, 81], [24, 90], [10, 16], [59, 60], [54, 82], [36, 96], [60, 0], [27, 39], [34, 95], [26, 19], [79, 36], [20, 76], [35, 71], [85, 73], [33, 86], [48, 3], [67, 14], [50, 76], [87, 12], [0, 23], [79, 18], [47, 57], [0, 92], [5, 14], [24, 93], [83, 33], [65, 86], [82, 8], [90, 60], [63, 11], [44, 85], [29, 75], [20, 45], [33, 8], [58, 50], [19, 91], [44, 68], [28, 31], [27, 94], [9, 4], [59, 78], [39, 77], [44, 18], [51, 47], [96, 14], [38, 95], [35, 99], [73, 6], [0, 91], [39, 86], [56, 83], [4, 13], [61, 8], [75, 8], [61, 25], [86, 33], [45, 8], [66, 66], [7, 81], [42, 70], [5, 7], [79, 38], [70, 7], [19, 79], [71, 58], [73, 14], [35, 58], [27, 22], [93, 64], [43, 78], [93, 10], [23, 96], [30, 97], [27, 41], [64, 84], [89, 1], [46, 96], [29, 71], [22, 43], [12, 6], [63, 15], [3, 87], [47, 80], [9, 49], [13, 26], [4, 93], [50, 87], [44, 70], [29, 99], [87, 76], [85, 37], [26, 95], [86, 8], [42, 83], [42, 22], [28, 29], [36, 7], [62, 55], [74, 3], [65, 69], [7, 11], [55, 68], [37, 2], [41, 87], [60, 6], [4, 95], [40, 84], [18, 76], [36, 59], [97, 66], [79, 16], [54, 58], [79, 10], [47, 62], [94, 85], [11, 6], [74, 40], [8, 18], [24, 92], [37, 88], [34, 80], [31, 54], [90, 13], [65, 83], [34, 77], [58, 83], [85, 13], [37, 97], [90, 31], [24, 23], [78, 10], [67, 56], [17, 92], [32, 67], [72, 9], [7, 90], [37, 89], [23, 46], [8, 11], [23, 90], [64, 15], [60, 64], [90, 5], [47, 4], [57, 77], [9, 14], [92, 66], [37, 80], [47, 23], [1, 10], [59, 0], [33, 30], [14, 90], [41, 64], [82, 81], [81, 16], [48, 66], [91, 29], [39, 87], [35, 75], [21, 50], [40, 5], [65, 50], [65, 75], [34, 99], [22, 94], [5, 98], [43, 96], [73, 39], [72, 1], [21, 76], [95, 14], [30, 94], [52, 78], [92, 12], [70, 16], [11, 51], [26, 76], [6, 12], [17, 89], [49, 74], [54, 47], [6, 20], [52, 77], [30, 27], [36, 98], [46, 3], [98, 70], [3, 10], [87, 34], [62, 53], [2, 87], [98, 11], [59, 83], [41, 98], [21, 88], [56, 3], [46, 88], [31, 72], [34, 39], [34, 74], [52, 70], [70, 14], [77, 17], [45, 17], [36, 66], [78, 16], [28, 50], [45, 62], [69, 12], [32, 92], [64, 23], [26, 97], [27, 18], [10, 21], [6, 14], [54, 87], [82, 0], [95, 2], [71, 37], [3, 99], [43, 88], [56, 80], [35, 9], [69, 58], [93, 31], [18, 75], [37, 63], [82, 76], [7, 10], [94, 69], [33, 79], [45, 6], [38, 97], [77, 6], [36, 91], [66, 9], [27, 24], [33, 93], [64, 83], [63, 71], [94, 10], [43, 91], [32, 77], [29, 42], [0, 22], [49, 52], [82, 14], [40, 53], [96, 86], [14, 79], [41, 60], [9, 99], [54, 5], [8, 16], [71, 46], [40, 77], [42, 25], [38, 93], [83, 44], [16, 54], [47, 87], [48, 65], [66, 15], [13, 7], [59, 85], [91, 9], [42, 89], [32, 44], [87, 13], [90, 64], [32, 25], [69, 35], [75, 5], [24, 74], [9, 77], [43, 60], [44, 0], [78, 8], [5, 24], [3, 88], [34, 86], [28, 97], [38, 99], [28, 77], [64, 65], [47, 98], [31, 83], [26, 46], [39, 2], [57, 52], [65, 87], [83, 45], [5, 13], [74, 13], [43, 61], [98, 3], [68, 7], [4, 85], [31, 61], [92, 73], [25, 21], [29, 86], [56, 7], [12, 3], [27, 90], [53, 74], [67, 12], [4, 97], [13, 18], [86, 66], [25, 84], [42, 21], [68, 82], [78, 4], [54, 49], [43, 7], [70, 57], [93, 13], [10, 76], [35, 68], [40, 99], [68, 41], [53, 73], [95, 31], [35, 95], [79, 8], [26, 25], [36, 84], [28, 79], [34, 48], [5, 15], [30, 93], [26, 43], [5, 95], [44, 95], [39, 74], [60, 80], [77, 21], [47, 53], [2, 4], [76, 3], [2, 13], [87, 14], [6, 79], [40, 58], [59, 68], [17, 53], [99, 61], [62, 5], [30, 95], [80, 14], [31, 9], [62, 52], [62, 18], [31, 22], [75, 21], [95, 35], [29, 95], [44, 9], [67, 73], [92, 11], [27, 79], [48, 23], [3, 85], [61, 77], [32, 87], [13, 78], [32, 70], [86, 79], [94, 11], [3, 15], [39, 89], [34, 73], [24, 47], [23, 91], [6, 27], [74, 37], [71, 10], [19, 77], [6, 8], [62, 58], [47, 54], [78, 21], [37, 52], [94, 87], [61, 71], [58, 78], [31, 21], [69, 11], [96, 72], [25, 89], [5, 84], [48, 63], [89, 40], [2, 92], [42, 85], [88, 2], [31, 96], [42, 95], [63, 8], [32, 39], [29, 92], [48, 6], [63, 63], [12, 24], [0, 10], [64, 81], [83, 9], [66, 11], [34, 88], [27, 76], [26, 50], [29, 3], [67, 60], [14, 92], [39, 68], [37, 25], [6, 2], [31, 84], [48, 21], [96, 11], [28, 96], [73, 20], [10, 90], [71, 15], [91, 45], [48, 77], [79, 37], [81, 11], [37, 53], [93, 63], [27, 87], [68, 85], [18, 46], [4, 16], [10, 92], [49, 84], [41, 71], [28, 90], [87, 81], [22, 90], [97, 8], [35, 81], [27, 28], [61, 46], [65, 13], [2, 5], [60, 72], [44, 2], [54, 3], [11, 97], [45, 93], [75, 17], [52, 56], [6, 11], [38, 88], [28, 82], [25, 49], [65, 78], [87, 8], [91, 31], [16, 93], [42, 60], [41, 97], [23, 42], [25, 95], [55, 65], [97, 13], [9, 12], [97, 72], [26, 80], [52, 18], [33, 27], [83, 14], [40, 61], [34, 9], [63, 55], [33, 95], [7, 87], [71, 45], [62, 1], [16, 73], [68, 83], [76, 5], [3, 6], [15, 76], [45, 75], [63, 77], [36, 99], [35, 0], [12, 5], [92, 31], [87, 10], [34, 97], [57, 7], [39, 85], [30, 71], [42, 78], [74, 14], [21, 48], [65, 25], [24, 20], [15, 16], [51, 81], [90, 1], [10, 94], [39, 93], [53, 65], [59, 58], [19, 92], [46, 66], [90, 78], [86, 71], [32, 95], [71, 11], [60, 10], [30, 96], [92, 4], [49, 57], [82, 12], [35, 62], [92, 83], [2, 14], [32, 80], [46, 23], [93, 38], [14, 46], [62, 77], [7, 4], [60, 85], [39, 88], [24, 43], [25, 19], [78, 37], [21, 92], [42, 76], [39, 7], [8, 21], [5, 90], [24, 97], [44, 89], [36, 77], [25, 48], [31, 3], [60, 51], [95, 4], [72, 6], [57, 2], [57, 75], [64, 11], [90, 73], [28, 87], [62, 78], [84, 2], [10, 85], [31, 66], [31, 99], [94, 38], [23, 97], [29, 31], [2, 3], [34, 89], [4, 90], [43, 86], [77, 20], [39, 66], [12, 14], [4, 18], [90, 6], [55, 76], [75, 11], [64, 53], [65, 7], [35, 2], [56, 87], [43, 83], [49, 16], [20, 88], [39, 63], [88, 81], [46, 93], [24, 69], [29, 48], [27, 91], [77, 39], [65, 12], [19, 71], [53, 53], [58, 69], [32, 19], [87, 62], [86, 35], [7, 86], [88, 5], [41, 99], [57, 0], [30, 44], [30, 99], [3, 27], [2, 16], [57, 86], [82, 2], [33, 6], [68, 60], [18, 79], [47, 68], [15, 11], [30, 88], [33, 92], [71, 16], [53, 80], [78, 17], [42, 65], [13, 50], [49, 91], [91, 10], [30, 23], [62, 12], [48, 4], [11, 94], [38, 89], [45, 85], [25, 71], [26, 51], [57, 78], [82, 40], [20, 78], [48, 73], [31, 86], [23, 98], [57, 63], [0, 27], [89, 59], [38, 84], [41, 23], [56, 50], [36, 94], [79, 39], [64, 10], [1, 11], [6, 15], [94, 12], [64, 4], [74, 7], [68, 25], [32, 32], [53, 78], [89, 14], [0, 97], [59, 72], [19, 87], [39, 65], [85, 76], [22, 95], [73, 2], [54, 54], [84, 14], [35, 60], [94, 83], [38, 82], [82, 43], [42, 97], [32, 46], [36, 10], [11, 15], [43, 87], [29, 69], [34, 42], [29, 7], [66, 55], [98, 9], [69, 15], [67, 70], [96, 69], [64, 79], [16, 78], [35, 74], [28, 89], [23, 95], [24, 18], [8, 10], [1, 98], [43, 85], [3, 9], [38, 77], [48, 20], [80, 46], [60, 9], [22, 73], [47, 71], [90, 36], [90, 11], [26, 99], [56, 4], [8, 24], [53, 82], [79, 1], [56, 47], [8, 77], [45, 68], [28, 98], [64, 12], [75, 14], [44, 59], [19, 51], [39, 22], [37, 3], [7, 84], [43, 92], [33, 72], [28, 46], [54, 71], [94, 64], [33, 82], [27, 99], [8, 14], [12, 10], [99, 14], [70, 8], [63, 69], [20, 81], [38, 71], [89, 76], [24, 94], [66, 2], [42, 53], [95, 41], [30, 89], [28, 47], [4, 21], [40, 4], [64, 51], [64, 20], [51, 72], [35, 28], [4, 91], [36, 90], [39, 83], [51, 17], [80, 42], [87, 7], [66, 5], [54, 73], [91, 11], [20, 85], [45, 74], [25, 93], [73, 19], [39, 59], [39, 3], [46, 87], [36, 71], [22, 54], [52, 69], [97, 65], [32, 96], [4, 6], [2, 6], [76, 6], [89, 36], [30, 86], [9, 19], [58, 47], [75, 7], [35, 31], [6, 86], [41, 75], [91, 5], [67, 85], [5, 77], [47, 64], [24, 91], [51, 78], [69, 16], [60, 24], [73, 60], [24, 54], [76, 74], [81, 0], [54, 60], [65, 39], [14, 80], [12, 51], [72, 60], [29, 60], [29, 9], [23, 25], [56, 93], [96, 15], [51, 58], [58, 24], [83, 89], [73, 28], [74, 55], [53, 64], [7, 43], [86, 49], [76, 56], [73, 62], [88, 45], [16, 39], [81, 30], [94, 97], [79, 5], [97, 19], [44, 19], [23, 61], [29, 41], [71, 73], [68, 30], [53, 56], [33, 69], [19, 96], [28, 5], [4, 1], [57, 59], [25, 16], [83, 30], [90, 37], [91, 2], [88, 87], [72, 95], [26, 14], [27, 17], [3, 18], [81, 4], [67, 25], [41, 70], [60, 57], [59, 18], [58, 1], [0, 20], [30, 59], [94, 60], [71, 68], [22, 86], [19, 81], [96, 62], [30, 7], [57, 45], [87, 3], [99, 58], [44, 49], [58, 13], [14, 51], [3, 26], [75, 34], [27, 81], [13, 35], [33, 11], [61, 89], [51, 91], [1, 65], [8, 63], [2, 26], [72, 93], [86, 43], [73, 52], [12, 22], [87, 72], [18, 45], [95, 34], [27, 5], [50, 81], [53, 18], [74, 63], [91, 68], [29, 59], [6, 45], [77, 22], [71, 50], [91, 34], [84, 68], [63, 29], [0, 42], [9, 22], [1, 39], [3, 37], [24, 33], [7, 85], [53, 20], [65, 8], [30, 70], [26, 74], [0, 63], [90, 79], [41, 8], [77, 43], [0, 68], [44, 77], [19, 80], [13, 84], [88, 44], [70, 77], [73, 97], [13, 54], [74, 31], [68, 54], [25, 85], [64, 82], [24, 46], [11, 46], [63, 72], [57, 43], [69, 29], [71, 25]]}