{"meta": {"number_of_robots": 3938, "description": {"parameters": {"seed": 3142, "shape": [75, 75], "obstacles": {"n": 0, "mean": 0, "std": 0.0}, "clusters": {"n": 40, "mean": 40, "std": 20.0, "relative_radius": 2, "increase_factor": 1.3, "start_dist": {"generator_name": "uniform", "shape": [75, 75], "min": 1.0, "max": 1.0, "mean": 1.0, "std": 0.0, "dtype": "float64", "parameters": {}}, "target_dist": {"generator_name": "uniform", "shape": [75, 75], "min": 1.0, "max": 1.0, "mean": 1.0, "std": 0.0, "dtype": "float64", "parameters": {}}}, "density": 0.7, "start_dist": {"generator_name": "uniform", "shape": [75, 75], "min": 1.0, "max": 1.0, "mean": 1.0, "std": 0.0, "dtype": "float64", "parameters": {}}, "target_dist": {"generator_name": "uniform", "shape": [75, 75], "min": 1.0, "max": 1.0, "mean": 1.0, "std": 0.0, "dtype": "float64", "parameters": {}}}, "stats": {"date": "2020-11-17", "free_area": 5625.0, "number_of_clustered_robots": 1405, "number_of_robots": 3938}}}, "name": "large_free_004_75x75_70_3938", "obstacles": [], "starts": [[51, 34], [61, 2], [7, 8], [57, 10], [33, 23], [32, 42], [20, 5], [37, 20], [58, 67], [18, 30], [17, 59], [61, 28], [72, 64], [67, 7], [27, 15], [20, 58], [49, 18], [58, 63], [21, 40], [17, 54], [65, 10], [46, 54], [2, 57], [54, 74], [24, 63], [70, 11], [23, 55], [56, 14], [56, 50], [14, 0], [37, 33], [8, 61], [57, 43], [25, 52], [7, 47], [57, 26], [8, 20], [17, 69], [36, 63], [47, 67], [33, 19], [74, 16], [72, 50], [20, 56], [34, 40], [4, 8], [13, 74], [36, 68], [13, 57], [68, 65], [54, 67], [20, 52], [58, 42], [24, 25], [19, 61], [22, 5], [73, 10], [25, 42], [57, 46], [58, 4], [61, 26], [3, 45], [16, 22], [11, 59], [31, 62], [40, 29], [8, 4], [17, 67], [64, 1], [62, 11], [74, 15], [69, 61], [12, 62], [39, 33], [52, 38], [0, 10], [15, 67], [49, 74], [16, 49], [48, 58], [9, 53], [58, 69], [53, 62], [25, 44], [34, 21], [65, 31], [28, 28], [14, 54], [67, 3], [30, 7], [74, 5], [74, 54], [22, 33], [62, 51], [62, 7], [20, 60], [9, 61], [28, 38], [58, 27], [4, 46], [34, 46], [52, 69], [12, 25], [8, 14], [17, 62], [8, 58], [56, 9], [57, 21], [29, 56], [37, 69], [40, 24], [21, 61], [11, 3], [13, 66], [66, 69], [52, 59], [70, 8], [55, 11], [26, 44], [66, 12], [70, 55], [58, 43], [8, 67], [19, 30], [9, 65], [26, 6], [70, 2], [28, 22], [35, 42], [40, 23], [44, 33], [10, 8], [11, 74], [22, 42], [50, 54], [56, 6], [52, 74], [22, 53], [52, 23], [36, 57], [72, 10], [8, 55], [1, 40], [61, 70], [47, 58], [11, 29], [29, 52], [70, 58], [11, 51], [13, 62], [37, 59], [41, 26], [67, 38], [10, 1], [14, 68], [41, 39], [3, 6], [32, 32], [53, 22], [9, 74], [63, 6], [61, 14], [13, 59], [68, 9], [23, 7], [68, 6], [40, 65], [20, 63], [65, 50], [25, 45], [51, 51], [62, 70], [53, 61], [51, 5], [27, 17], [18, 55], [8, 63], [30, 35], [18, 51], [59, 30], [3, 48], [27, 41], [57, 70], [13, 31], [73, 4], [60, 35], [50, 31], [3, 13], [10, 64], [7, 61], [49, 10], [31, 22], [62, 23], [63, 53], [52, 72], [25, 58], [18, 56], [27, 54], [44, 70], [39, 24], [15, 63], [27, 6], [66, 3], [19, 2], [13, 63], [18, 68], [62, 69], [41, 63], [65, 3], [61, 17], [19, 49], [22, 32], [60, 50], [69, 4], [31, 39], [62, 1], [54, 23], [4, 3], [11, 69], [30, 23], [19, 28], [65, 65], [68, 35], [6, 39], [39, 56], [17, 25], [23, 57], [13, 53], [20, 30], [9, 59], [6, 62], [56, 72], [51, 58], [69, 8], [34, 5], [71, 3], [31, 19], [19, 39], [33, 54], [27, 46], [40, 16], [44, 35], [10, 4], [12, 72], [71, 55], [13, 6], [20, 62], [27, 39], [58, 53], [54, 6], [21, 56], [16, 56], [49, 68], [60, 7], [24, 55], [50, 19], [32, 38], [66, 32], [62, 24], [40, 63], [61, 16], [12, 52], [4, 41], [61, 72], [46, 55], [38, 25], [30, 20], [21, 66], [36, 36], [58, 73], [16, 24], [24, 39], [64, 64], [31, 2], [72, 11], [7, 16], [13, 69], [5, 55], [12, 67], [70, 3], [51, 10], [58, 23], [29, 51], [44, 68], [25, 37], [61, 50], [37, 30], [65, 45], [21, 54], [16, 4], [10, 71], [56, 8], [60, 30], [63, 63], [46, 59], [39, 39], [71, 64], [42, 41], [5, 12], [32, 20], [51, 16], [15, 74], [60, 8], [59, 14], [18, 52], [27, 40], [6, 38], [65, 6], [8, 64], [21, 4], [71, 7], [8, 26], [41, 18], [58, 66], [21, 51], [43, 68], [5, 51], [10, 49], [71, 56], [61, 35], [41, 33], [21, 45], [60, 49], [56, 73], [48, 60], [25, 57], [11, 10], [12, 66], [64, 0], [54, 8], [36, 14], [25, 63], [7, 54], [31, 32], [19, 45], [54, 24], [31, 28], [21, 59], [8, 3], [10, 69], [1, 49], [49, 69], [29, 6], [73, 9], [29, 20], [71, 58], [60, 0], [53, 13], [9, 63], [40, 44], [56, 71], [11, 22], [72, 3], [26, 15], [62, 33], [59, 71], [53, 60], [45, 37], [3, 9], [13, 68], [18, 65], [3, 50], [28, 33], [50, 47], [29, 39], [53, 9], [54, 5], [20, 31], [63, 29], [65, 49], [53, 68], [19, 50], [13, 55], [56, 23], [37, 55], [47, 70], [25, 24], [73, 14], [28, 43], [7, 52], [25, 1], [63, 10], [1, 48], [15, 4], [8, 68], [7, 60], [2, 4], [17, 72], [63, 65], [54, 59], [69, 38], [20, 22], [65, 7], [60, 15], [20, 51], [65, 58], [30, 22], [28, 35], [58, 49], [37, 68], [61, 8], [1, 61], [29, 46], [26, 34], [12, 65], [16, 55], [56, 2], [22, 63], [19, 60], [34, 38], [60, 25], [43, 34], [10, 5], [22, 72], [35, 59], [23, 5], [63, 0], [58, 64], [52, 61], [29, 17], [17, 32], [72, 52], [57, 41], [7, 41], [71, 15], [28, 42], [19, 0], [18, 69], [59, 68], [26, 52], [43, 61], [33, 32], [60, 70], [18, 26], [11, 64], [28, 36], [59, 56], [12, 56], [2, 0], [28, 31], [55, 14], [23, 72], [68, 12], [60, 9], [20, 61], [37, 26], [6, 55], [72, 54], [70, 62], [40, 54], [66, 14], [58, 7], [53, 30], [29, 3], [73, 6], [26, 16], [68, 40], [28, 46], [53, 5], [56, 28], [32, 54], [47, 61], [39, 37], [0, 46], [17, 57], [26, 17], [14, 50], [44, 32], [2, 10], [18, 62], [66, 51], [69, 2], [10, 6], [16, 67], [16, 23], [22, 38], [58, 46], [21, 21], [14, 59], [64, 60], [45, 58], [55, 7], [28, 47], [32, 0], [32, 23], [15, 62], [63, 5], [12, 58], [2, 56], [51, 71], [70, 6], [21, 52], [56, 12], [37, 36], [56, 45], [23, 43], [57, 25], [41, 59], [62, 15], [66, 58], [2, 5], [11, 65], [9, 50], [5, 49], [34, 54], [63, 73], [54, 54], [27, 26], [20, 23], [19, 53], [14, 43], [60, 48], [23, 52], [33, 39], [58, 70], [8, 24], [39, 69], [14, 1], [14, 60], [17, 51], [72, 7], [65, 56], [56, 37], [24, 6], [68, 4], [43, 40], [3, 14], [17, 63], [52, 2], [60, 33], [19, 52], [7, 57], [25, 26], [67, 1], [53, 12], [68, 63], [50, 57], [12, 53], [4, 45], [34, 34], [68, 0], [55, 3], [29, 22], [57, 24], [68, 59], [56, 70], [26, 58], [9, 64], [33, 53], [41, 67], [17, 48], [15, 45], [58, 47], [5, 10], [20, 70], [36, 16], [64, 42], [14, 21], [15, 51], [27, 0], [74, 0], [31, 16], [15, 2], [13, 71], [61, 5], [25, 62], [16, 65], [35, 38], [60, 27], [66, 5], [60, 73], [42, 65], [34, 37], [70, 50], [11, 52], [45, 63], [31, 14], [42, 35], [3, 5], [30, 28], [52, 21], [24, 69], [71, 4], [62, 20], [21, 58], [19, 43], [4, 42], [16, 58], [62, 43], [19, 38], [56, 55], [34, 51], [72, 14], [17, 56], [34, 0], [73, 5], [68, 61], [30, 39], [51, 74], [15, 25], [40, 15], [69, 71], [50, 66], [63, 9], [58, 74], [23, 59], [57, 34], [41, 65], [11, 4], [16, 70], [8, 0], [10, 72], [24, 51], [64, 7], [8, 57], [28, 30], [8, 56], [16, 63], [14, 58], [35, 26], [19, 26], [74, 53], [61, 42], [1, 43], [36, 40], [25, 46], [50, 42], [65, 1], [52, 18], [59, 60], [54, 66], [24, 2], [69, 6], [50, 10], [55, 23], [30, 55], [37, 57], [45, 36], [1, 6], [17, 73], [69, 15], [13, 30], [55, 4], [35, 22], [22, 64], [16, 66], [31, 31], [20, 38], [58, 34], [73, 51], [13, 60], [21, 23], [13, 64], [43, 42], [17, 5], [9, 69], [65, 40], [8, 60], [66, 61], [53, 63], [3, 40], [64, 8], [50, 67], [25, 55], [46, 70], [14, 34], [50, 50], [4, 16], [13, 70], [37, 21], [34, 3], [72, 4], [24, 21], [9, 62], [72, 55], [72, 2], [57, 11], [22, 46], [12, 51], [35, 60], [33, 37], [61, 71], [17, 24], [63, 1], [61, 27], [61, 0], [20, 32], [22, 58], [40, 26], [58, 39], [60, 74], [40, 68], [49, 67], [52, 39], [10, 0], [24, 62], [23, 60], [66, 54], [17, 1], [19, 64], [7, 55], [2, 44], [25, 32], [56, 52], [34, 4], [71, 0], [19, 41], [9, 54], [39, 41], [61, 15], [40, 18], [63, 2], [5, 13], [56, 5], [24, 31], [17, 58], [59, 26], [70, 49], [21, 55], [55, 18], [57, 72], [54, 61], [56, 66], [14, 65], [67, 12], [19, 51], [54, 20], [33, 34], [16, 54], [63, 40], [56, 34], [16, 20], [37, 51], [46, 62], [33, 17], [67, 15], [34, 39], [10, 53], [24, 38], [30, 1], [70, 4], [16, 35], [63, 51], [2, 40], [11, 61], [16, 2], [17, 60], [63, 60], [15, 68], [47, 36], [9, 16], [25, 68], [37, 64], [57, 64], [49, 55], [41, 22], [64, 45], [21, 31], [12, 60], [64, 2], [56, 7], [64, 25], [37, 46], [51, 67], [14, 20], [33, 58], [8, 50], [64, 5], [56, 11], [24, 50], [63, 56], [10, 52], [27, 3], [66, 4], [24, 18], [36, 27], [9, 3], [14, 73], [16, 36], [58, 50], [54, 70], [25, 59], [49, 70], [72, 1], [0, 44], [65, 69], [46, 67], [10, 61], [59, 40], [8, 1], [11, 62], [39, 40], [22, 28], [19, 66], [15, 50], [74, 49], [51, 3], [31, 21], [22, 54], [13, 58], [33, 40], [19, 44], [62, 32], [11, 24], [73, 12], [52, 41], [5, 8], [17, 66], [51, 7], [59, 29], [30, 57], [47, 64], [23, 2], [69, 3], [61, 67], [53, 65], [64, 12], [51, 20], [23, 40], [63, 48], [38, 42], [34, 23], [22, 27], [66, 53], [62, 41], [0, 48], [20, 53], [12, 50], [22, 25], [22, 65], [4, 59], [71, 6], [20, 40], [2, 2], [22, 73], [18, 0], [12, 71], [55, 6], [58, 71], [18, 53], [64, 31], [48, 56], [67, 68], [42, 64], [37, 17], [33, 31], [54, 73], [10, 32], [70, 61], [23, 6], [66, 2], [21, 63], [67, 13], [37, 61], [20, 45], [51, 55], [59, 33], [7, 51], [46, 40], [6, 7], [26, 25], [54, 15], [17, 71], [68, 1], [59, 11], [15, 54], [26, 45], [1, 47], [28, 26], [40, 62], [1, 53], [70, 65], [38, 47], [56, 64], [41, 56], [69, 11], [53, 7], [19, 54], [10, 59], [28, 40], [54, 27], [7, 4], [20, 68], [21, 2], [66, 10], [26, 19], [12, 55], [10, 20], [28, 19], [66, 37], [9, 0], [11, 73], [15, 41], [52, 51], [19, 42], [56, 10], [24, 33], [56, 21], [72, 62], [55, 66], [17, 50], [11, 57], [27, 61], [45, 69], [67, 5], [37, 42], [3, 47], [12, 61], [57, 74], [51, 54], [61, 7], [56, 17], [37, 24], [4, 53], [19, 59], [52, 6], [63, 26], [51, 31], [7, 14], [23, 71], [22, 4], [69, 7], [74, 59], [58, 40], [65, 11], [27, 50], [14, 6], [17, 64], [38, 61], [27, 47], [56, 67], [9, 31], [21, 62], [21, 33], [64, 56], [20, 26], [12, 64], [40, 19], [56, 62], [42, 58], [35, 52], [0, 50], [15, 55], [9, 2], [19, 69], [65, 57], [67, 11], [60, 3], [38, 45], [28, 1], [29, 25], [24, 60], [63, 4], [15, 60], [3, 52], [59, 65], [61, 12], [26, 57], [58, 19], [35, 30], [64, 37], [30, 48], [53, 25], [43, 64], [62, 66], [50, 62], [26, 28], [18, 64], [25, 35], [52, 48], [11, 32], [18, 2], [17, 65], [67, 9], [63, 50], [47, 40], [11, 14], [18, 70], [16, 52], [33, 26], [16, 59], [2, 49], [32, 45], [51, 8], [62, 26], [29, 58], [39, 64], [18, 50], [66, 40], [24, 4], [68, 5], [27, 16], [59, 4], [58, 29], [62, 4], [67, 69], [53, 56], [72, 51], [9, 57], [37, 23], [1, 1], [28, 32], [50, 21], [20, 72], [61, 9], [50, 15], [21, 57], [8, 53], [25, 40], [63, 42], [20, 65], [28, 44], [59, 69], [13, 20], [52, 73], [25, 49], [48, 62], [16, 5], [9, 68], [17, 39], [64, 6], [27, 28], [17, 27], [74, 52], [69, 36], [4, 50], [57, 66], [52, 57], [21, 5], [64, 9], [28, 61], [49, 39], [5, 2], [15, 66], [51, 9], [22, 56], [18, 59], [29, 37], [54, 31], [18, 54], [20, 33], [10, 66], [41, 37], [10, 62], [63, 12], [37, 65], [14, 36], [52, 56], [25, 30], [68, 53], [61, 11], [51, 15], [28, 52], [10, 31], [68, 38], [60, 65], [49, 57], [10, 10], [25, 71], [13, 54], [7, 0], [15, 59], [5, 50], [29, 4], [65, 2], [7, 59], [36, 34], [66, 1], [28, 17], [60, 2], [56, 4], [29, 34], [55, 26], [66, 57], [57, 73], [22, 52], [9, 55], [59, 32], [35, 54], [41, 68], [16, 44], [20, 42], [50, 56], [11, 55], [23, 66], [45, 40], [10, 11], [12, 73], [61, 73], [46, 63], [37, 16], [66, 33], [61, 10], [39, 36], [61, 69], [10, 24], [7, 50], [69, 9], [54, 19], [73, 55], [26, 1], [70, 7], [24, 17], [40, 70], [4, 40], [17, 3], [10, 70], [26, 24], [18, 66], [57, 1], [41, 23], [25, 61], [22, 67], [35, 36], [24, 44], [55, 24], [71, 16], [1, 15], [9, 66], [29, 55], [70, 74], [50, 55], [15, 35], [60, 42], [31, 42], [73, 53], [59, 44], [15, 58], [10, 50], [54, 65], [21, 49], [39, 63], [32, 26], [15, 32], [32, 6], [73, 3], [11, 60], [74, 9], [46, 35], [6, 1], [19, 29], [53, 15], [9, 72], [72, 5], [54, 16], [15, 56], [26, 51], [4, 47], [73, 54], [40, 43], [68, 67], [43, 57], [52, 3], [63, 25], [11, 1], [14, 69], [16, 53], [25, 21], [69, 39], [24, 32], [62, 48], [57, 9], [59, 27], [28, 62], [39, 68], [71, 1], [15, 65], [0, 59], [9, 14], [15, 71], [30, 5], [67, 2], [67, 65], [23, 45], [40, 40], [57, 68], [10, 29], [24, 20], [17, 55], [27, 20], [62, 68], [48, 63], [7, 48], [9, 58], [74, 12], [58, 0], [19, 63], [14, 57], [54, 69], [60, 5], [22, 50], [50, 17], [31, 33], [61, 37], [55, 25], [45, 67], [28, 37], [52, 49], [11, 0], [19, 68], [66, 63], [47, 39], [11, 8], [24, 74], [37, 14], [43, 32], [33, 57], [17, 38], [20, 6], [67, 6], [24, 22], [65, 4], [64, 73], [48, 61], [10, 57], [29, 23], [15, 64], [20, 59], [14, 56], [8, 32], [45, 57], [27, 21], [18, 27], [68, 50], [62, 42], [5, 40], [10, 7], [24, 64], [52, 5], [54, 32], [35, 43], [74, 13], [20, 46], [52, 54], [67, 4], [50, 12], [26, 40], [63, 61], [40, 61], [8, 65], [12, 0], [19, 70], [25, 6], [68, 11], [11, 58], [37, 18], [55, 5], [21, 34], [63, 22], [71, 62], [50, 71], [20, 55], [18, 58], [27, 56], [38, 68], [3, 56], [51, 32], [11, 5], [25, 66], [68, 44], [62, 12], [40, 36], [59, 70], [9, 26], [2, 38], [51, 1], [28, 27], [15, 61], [16, 68], [35, 31], [18, 44], [52, 24], [69, 64], [42, 66], [27, 36], [61, 54], [70, 57], [21, 50], [47, 56], [23, 0], [70, 0], [63, 13], [11, 7], [19, 22], [55, 15], [20, 66], [70, 9], [58, 16], [12, 59], [40, 39], [10, 2], [17, 70], [25, 16], [70, 40], [28, 56], [12, 68], [0, 51], [66, 50], [16, 48], [9, 21], [68, 71], [43, 65], [7, 40], [21, 53], [62, 13], [63, 8], [52, 70], [18, 49], [53, 23], [48, 69], [20, 41], [61, 44], [42, 31], [0, 16], [19, 67], [40, 27], [35, 32], [31, 4], [68, 2], [28, 23], [30, 24], [14, 61], [23, 65], [69, 55], [59, 43], [73, 7], [61, 1], [54, 11], [21, 48], [64, 66], [48, 66], [7, 5], [10, 65], [17, 53], [39, 22], [52, 10], [61, 24], [32, 61], [43, 56], [0, 53], [0, 4], [21, 72], [35, 44], [58, 68], [8, 31], [2, 47], [51, 6], [18, 63], [22, 55], [37, 31], [58, 33], [24, 45], [55, 46], [64, 49], [26, 5], [69, 1], [65, 0], [32, 25], [14, 66], [39, 30], [70, 32], [25, 51], [69, 63], [40, 64], [13, 52], [59, 67], [22, 57], [41, 58], [48, 31], [8, 15], [19, 74], [39, 46], [16, 64], [69, 54], [62, 2], [68, 3], [50, 8], [16, 3], [14, 63], [31, 18], [36, 62], [2, 53], [19, 21], [0, 43], [55, 2], [57, 30], [23, 42], [53, 51], [26, 7], [67, 8], [28, 25], [18, 60], [60, 34], [20, 50], [70, 66], [42, 60], [15, 53], [40, 56], [4, 9], [11, 70], [41, 44], [22, 59], [70, 59], [68, 15], [40, 30], [61, 40], [22, 0], [44, 65], [27, 48], [40, 32], [59, 1], [71, 33], [11, 34], [66, 64], [0, 5], [3, 4], [28, 70], [42, 34], [52, 27], [56, 13], [14, 29], [29, 48], [71, 35], [7, 37], [72, 70], [11, 26], [49, 59], [25, 11], [53, 35], [73, 70], [10, 12], [43, 59], [64, 65], [20, 54], [8, 36], [8, 38], [3, 61], [35, 73], [65, 24], [39, 54], [61, 23], [15, 39], [7, 24], [23, 11], [16, 14], [23, 13], [42, 18], [31, 71], [34, 65], [5, 9], [28, 69], [52, 14], [20, 29], [33, 67], [0, 60], [28, 15], [54, 51], [37, 13], [22, 43], [25, 72], [43, 14], [20, 25], [57, 49], [18, 71], [31, 69], [13, 61], [74, 71], [22, 60], [49, 49], [46, 2], [37, 40], [34, 60], [34, 25], [74, 18], [48, 27], [26, 20], [23, 63], [8, 5], [36, 5], [74, 26], [40, 58], [54, 50], [22, 37], [11, 18], [4, 21], [33, 33], [20, 73], [41, 38], [23, 37], [69, 28], [47, 65], [1, 4], [48, 3], [23, 31], [51, 53], [43, 63], [68, 54], [72, 71], [32, 67], [36, 58], [65, 13], [8, 18], [12, 36], [46, 25], [64, 33], [37, 67], [21, 64], [39, 10], [44, 9], [0, 42], [70, 21], [3, 46], [71, 74], [59, 66], [50, 65], [40, 53], [58, 1], [54, 60], [13, 16], [33, 65], [48, 7], [31, 17], [39, 66], [44, 42], [31, 45], [46, 23], [0, 32], [47, 49], [41, 55], [71, 73], [61, 68], [25, 39], [66, 39], [47, 22], [14, 74], [20, 17], [32, 8], [14, 37], [15, 29], [0, 57], [24, 58], [27, 44], [69, 62], [70, 64], [19, 48], [44, 73], [44, 69], [21, 9], [33, 7], [34, 70], [69, 59], [51, 37], [31, 64], [50, 49], [53, 31], [25, 73], [40, 42], [59, 12], [73, 27], [63, 20], [73, 31], [74, 51], [4, 6], [10, 15], [34, 24], [37, 22], [41, 5], [13, 23], [6, 2], [13, 11], [38, 51], [23, 20], [68, 58], [3, 21], [26, 38], [3, 73], [7, 15], [32, 35], [65, 63], [16, 15], [25, 50], [47, 28], [65, 44], [16, 50], [33, 64], [66, 60], [69, 73], [19, 56], [26, 56], [18, 7], [23, 10], [13, 25], [38, 17], [59, 21], [38, 60], [49, 41], [54, 2], [47, 35], [69, 17], [2, 14], [7, 17], [32, 50], [35, 53], [74, 58], [70, 41], [37, 43], [24, 70], [51, 57], [68, 7], [43, 35], [29, 43], [32, 69], [18, 5], [36, 60], [24, 7], [18, 3], [21, 69], [55, 41], [21, 13], [16, 30], [5, 66], [10, 60], [31, 13], [11, 13], [66, 45], [2, 41], [19, 57], [67, 35], [74, 28], [0, 74], [1, 3], [2, 25], [5, 26], [61, 63], [26, 23], [7, 32], [72, 13], [62, 38], [1, 55], [5, 69], [48, 74], [50, 33], [5, 46], [49, 61], [4, 20], [57, 38], [73, 57], [59, 48], [67, 47], [17, 68], [14, 27], [21, 27], [66, 6], [56, 43], [46, 45], [56, 57], [48, 45], [32, 57], [25, 56], [68, 29], [31, 44], [35, 7], [20, 19], [43, 58], [9, 43], [57, 5], [24, 41], [13, 18], [71, 27], [36, 7], [17, 7], [11, 6], [7, 68], [0, 21], [42, 73], [58, 45], [53, 72], [6, 51], [51, 61], [36, 4], [9, 52], [59, 13], [14, 40], [14, 55], [53, 33], [32, 58], [15, 73], [57, 51], [12, 69], [39, 43], [6, 59], [3, 70], [5, 0], [58, 61], [53, 14], [66, 38], [46, 10], [43, 6], [46, 53], [58, 3], [74, 21], [37, 6], [72, 26], [41, 20], [10, 23], [45, 21], [28, 8], [45, 65], [31, 6], [41, 31], [72, 43], [13, 1], [59, 38], [52, 8], [59, 25], [59, 20], [43, 36], [59, 34], [39, 20], [26, 4], [66, 46], [54, 56], [34, 73], [50, 13], [71, 65], [69, 30], [40, 66], [64, 59], [25, 7], [34, 56], [64, 69], [22, 3], [22, 9], [47, 13], [65, 68], [12, 9], [5, 62], [15, 23], [54, 34], [63, 28], [47, 4], [36, 1], [48, 33], [68, 16], [44, 28], [50, 69], [14, 3], [33, 9], [65, 74], [6, 6], [57, 12], [5, 15], [38, 70], [16, 34], [67, 14], [60, 24], [0, 8], [52, 9], [54, 71], [18, 8], [42, 9], [17, 33], [70, 47], [32, 53], [49, 40], [10, 22], [45, 8], [47, 7], [0, 34], [30, 12], [32, 68], [7, 39], [52, 68], [60, 41], [73, 45], [50, 28], [68, 33], [44, 27], [32, 5], [44, 51], [62, 40], [31, 47], [23, 49], [36, 6], [51, 50], [59, 18], [74, 56], [20, 4], [69, 34], [28, 63], [27, 38], [38, 34], [31, 40], [18, 42], [44, 0], [2, 29], [9, 47], [59, 5], [9, 30], [57, 50], [56, 32], [32, 4], [32, 40], [38, 28], [73, 59], [3, 11], [39, 32], [10, 16], [27, 25], [74, 39], [38, 24], [6, 14], [23, 9], [10, 47], [72, 44], [26, 73], [66, 52], [32, 56], [70, 30], [35, 4], [49, 30], [43, 50], [55, 68], [47, 11], [52, 13], [3, 28], [7, 56], [1, 14], [43, 41], [27, 55], [31, 53], [42, 51], [36, 21], [20, 10], [64, 62], [74, 40], [53, 32], [13, 7], [53, 38], [70, 15], [60, 68], [70, 52], [17, 19], [55, 71], [13, 41], [47, 10], [40, 50], [39, 8], [6, 63], [61, 57], [47, 12], [41, 35], [20, 12], [53, 67], [69, 22], [8, 29], [44, 49], [57, 40], [56, 31], [5, 36], [62, 45], [47, 48], [44, 48], [72, 65], [50, 44], [17, 6], [8, 72], [40, 10], [69, 24], [7, 44], [16, 21], [44, 11], [44, 58], [3, 32], [12, 49], [55, 30], [18, 17], [20, 13], [20, 35], [56, 33], [46, 50], [17, 28], [29, 45], [73, 65], [34, 7], [31, 56], [38, 22], [65, 51], [27, 22], [14, 25], [41, 1], [66, 59], [21, 71], [7, 62], [14, 33], [27, 67], [63, 49], [48, 10], [55, 40], [72, 67], [12, 47], [67, 50], [35, 71], [58, 59], [19, 18], [13, 22], [35, 12], [8, 25], [19, 11], [7, 43], [26, 30], [44, 40], [31, 5], [48, 0], [71, 72], [40, 35], [35, 2], [28, 48], [16, 17], [8, 27], [30, 36], [21, 47], [55, 1], [18, 12], [28, 24], [40, 31], [68, 52], [55, 43], [45, 31], [59, 42], [6, 29], [12, 43], [40, 28], [31, 7], [68, 18], [51, 36], [20, 64], [9, 17], [0, 47], [19, 40], [7, 46], [32, 10], [60, 43], [48, 14], [5, 31], [18, 19], [29, 50], [0, 14], [65, 62], [43, 43], [43, 16], [2, 9], [31, 65], [51, 45], [45, 50], [22, 22], [43, 1], [6, 4], [72, 56], [42, 5], [42, 10], [8, 70], [14, 16], [45, 0], [64, 27], [66, 18], [3, 44], [50, 5], [45, 29], [50, 64], [43, 44], [71, 60], [0, 72], [58, 36], [66, 56], [50, 70], [54, 58], [33, 0], [69, 53], [51, 62], [23, 22], [55, 28], [40, 74], [23, 23], [71, 32], [30, 44], [54, 35], [62, 55], [30, 42], [73, 66], [71, 19], [53, 18], [12, 48], [49, 14], [57, 2], [62, 67], [20, 7], [3, 49], [60, 63], [35, 33], [50, 51], [23, 47], [37, 27], [9, 34], [27, 64], [63, 55], [39, 21], [64, 18], [24, 28], [74, 69], [69, 32], [7, 20], [3, 36], [37, 28], [61, 20], [54, 55], [41, 46], [7, 38], [44, 50], [30, 15], [55, 21], [2, 71], [25, 29], [46, 19], [55, 58], [49, 43], [13, 3], [35, 1], [20, 49], [14, 18], [39, 4], [37, 45], [1, 7], [29, 70], [19, 65], [14, 48], [10, 63], [48, 73], [65, 18], [29, 28], [12, 32], [74, 41], [27, 45], [40, 6], [39, 0], [13, 28], [73, 49], [5, 68], [48, 13], [17, 4], [60, 12], [38, 55], [29, 16], [49, 21], [7, 25], [27, 65], [46, 0], [44, 39], [74, 20], [43, 47], [23, 74], [37, 38], [69, 49], [47, 0], [10, 25], [30, 41], [66, 70], [28, 14], [43, 38], [70, 44], [36, 54], [74, 24], [66, 21], [60, 10], [62, 49], [72, 20], [54, 28], [36, 35], [65, 34], [70, 48], [27, 59], [71, 34], [60, 56], [42, 45], [56, 24], [57, 37], [29, 74], [22, 74], [12, 42], [45, 74], [72, 61], [72, 31], [6, 71], [9, 13], [15, 43], [15, 44], [23, 69], [21, 10], [45, 15], [3, 26], [6, 66], [44, 23], [46, 64], [66, 47], [30, 21], [20, 3], [53, 66], [34, 19], [12, 20], [47, 72], [31, 63], [21, 29], [22, 15], [71, 51], [38, 19], [35, 37], [49, 72], [44, 29], [65, 26], [30, 27], [13, 43], [6, 31], [13, 4], [67, 29], [54, 40], [69, 26], [62, 65], [26, 55], [71, 26], [57, 56], [64, 16], [69, 51], [9, 18], [62, 50], [42, 25], [65, 70], [10, 44], [43, 3], [21, 22], [9, 5], [33, 3], [29, 19], [43, 18], [19, 58], [2, 66], [12, 11], [57, 31], [14, 32], [59, 52], [46, 29], [58, 9], [50, 72], [0, 37], [19, 72], [51, 66], [0, 41], [47, 3], [21, 67], [50, 16], [50, 34], [19, 3], [19, 33], [42, 4], [74, 47], [73, 16], [12, 30], [70, 23], [14, 22], [55, 48], [69, 5], [45, 59], [21, 37], [22, 40], [33, 27], [50, 11], [38, 59], [17, 52], [53, 2], [31, 59], [43, 9], [61, 29], [53, 44], [22, 19], [48, 25], [22, 13], [30, 52], [13, 65], [58, 31], [36, 56], [26, 0], [66, 13], [42, 21], [54, 45], [4, 28], [73, 23], [11, 47], [6, 28], [54, 21], [54, 33], [56, 56], [72, 47], [45, 11], [32, 43], [57, 15], [41, 3], [52, 58], [32, 47], [3, 25], [23, 26], [32, 49], [74, 63], [36, 70], [32, 63], [41, 40], [1, 30], [18, 36], [40, 51], [6, 30], [48, 51], [53, 17], [49, 56], [50, 30], [35, 46], [64, 32], [73, 39], [46, 44], [71, 28], [22, 45], [38, 66], [24, 8], [64, 29], [12, 41], [6, 73], [14, 17], [2, 24], [0, 49], [39, 34], [52, 46], [46, 41], [51, 41], [24, 27], [6, 5], [46, 57], [37, 35], [52, 71], [33, 18], [56, 69], [74, 45], [58, 52], [48, 1], [30, 73], [2, 3], [64, 67], [59, 0], [25, 48], [37, 25], [24, 52], [23, 18], [23, 67], [34, 64], [49, 25], [55, 67], [71, 36], [13, 2], [62, 18], [69, 23], [46, 37], [47, 17], [35, 63], [23, 33], [47, 25], [68, 60], [30, 2], [0, 63], [73, 43], [13, 72], [14, 47], [73, 13], [31, 58], [38, 3], [58, 10], [36, 55], [36, 33], [65, 32], [1, 62], [2, 54], [11, 37], [29, 11], [3, 23], [56, 18], [35, 51], [27, 57], [15, 0], [52, 64], [53, 1], [16, 40], [4, 4], [63, 33], [20, 24], [14, 24], [3, 3], [37, 73], [28, 71], [38, 18], [16, 8], [45, 34], [61, 13], [74, 25], [55, 32], [31, 51], [53, 41], [38, 4], [55, 12], [4, 27], [48, 17], [13, 36], [48, 32], [33, 30], [7, 21], [47, 15], [53, 70], [46, 22], [51, 69], [26, 43], [43, 13], [44, 19], [55, 38], [60, 51], [56, 46], [42, 57], [41, 0], [71, 23], [67, 24], [48, 47], [42, 72], [73, 40], [30, 69], [6, 36], [65, 25], [61, 18], [17, 47], [5, 27], [27, 62], [38, 10], [73, 20], [34, 13], [48, 21], [64, 39], [69, 18], [46, 61], [61, 47], [71, 25], [64, 57], [49, 53], [17, 74], [21, 16], [40, 38], [43, 4], [11, 30], [14, 45], [43, 12], [52, 11], [52, 17], [71, 48], [50, 26], [69, 46], [60, 66], [34, 32], [72, 59], [38, 14], [38, 26], [44, 74], [52, 43], [55, 10], [8, 9], [2, 69], [65, 23], [30, 71], [15, 20], [47, 63], [67, 23], [65, 52], [23, 25], [26, 33], [54, 64], [30, 59], [41, 60], [1, 36], [43, 60], [31, 1], [73, 8], [69, 47], [13, 47], [66, 65], [3, 27], [56, 51], [24, 14], [23, 24], [28, 58], [50, 0], [32, 1], [67, 22], [20, 21], [72, 39], [19, 6], [24, 0], [60, 14], [64, 22], [47, 24], [68, 51], [28, 20], [49, 33], [24, 65], [16, 6], [22, 44], [61, 25], [65, 55], [29, 41], [19, 35], [27, 27], [63, 34], [13, 10], [69, 45], [74, 36], [30, 25], [40, 2], [0, 6], [7, 31], [5, 67], [54, 72], [34, 66], [5, 48], [65, 20], [31, 52], [10, 34], [21, 12], [38, 13], [52, 63], [64, 13], [60, 44], [48, 9], [2, 58], [41, 50], [33, 51], [27, 32], [54, 3], [10, 14], [13, 49], [66, 62], [36, 65], [40, 71], [45, 16], [66, 72], [67, 58], [4, 52], [26, 18], [24, 16], [50, 3], [46, 46], [9, 60], [57, 71], [53, 40], [63, 11], [53, 52], [47, 14], [25, 38], [59, 3], [43, 53], [1, 20], [61, 62], [39, 38], [38, 11], [5, 37], [45, 41], [33, 63], [26, 54], [72, 40], [4, 32], [55, 31], [54, 25], [43, 70], [5, 22], [57, 44], [72, 42], [66, 28], [22, 39], [47, 33], [60, 4], [34, 41], [7, 22], [29, 1], [46, 42], [36, 29], [45, 66], [70, 37], [27, 72], [36, 47], [39, 42], [67, 56], [47, 50], [72, 24], [35, 65], [11, 54], [74, 30], [54, 44], [48, 22], [5, 20], [62, 19], [7, 12], [56, 30], [6, 61], [34, 10], [36, 31], [15, 34], [54, 10], [15, 69], [37, 12], [8, 46], [51, 63], [61, 45], [64, 43], [46, 34], [34, 52], [69, 40], [57, 13], [23, 19], [23, 56], [33, 16], [25, 8], [68, 41], [37, 15], [32, 33], [22, 69], [28, 57], [54, 49], [19, 4], [53, 24], [12, 10], [5, 24], [11, 35], [55, 39], [62, 35], [59, 63], [45, 19], [63, 41], [0, 19], [40, 11], [53, 45], [66, 36], [32, 29], [7, 71], [7, 49], [37, 58], [46, 16], [58, 18], [71, 43], [30, 4], [31, 29], [71, 21], [5, 52], [1, 19], [50, 1], [60, 1], [59, 8], [40, 69], [3, 7], [17, 13], [16, 28], [72, 72], [27, 68], [18, 14], [4, 24], [6, 48], [4, 17], [31, 11], [45, 12], [2, 34], [49, 36], [17, 61], [74, 42], [29, 62], [45, 25], [37, 70], [8, 71], [66, 71], [2, 60], [49, 51], [58, 60], [1, 44], [42, 27], [39, 71], [42, 37], [53, 36], [20, 1], [17, 42], [36, 12], [58, 37], [38, 38], [16, 13], [16, 57], [73, 48], [38, 36], [35, 24], [39, 19], [72, 12], [18, 18], [6, 60], [59, 57], [37, 49], [11, 25], [1, 2], [21, 32], [14, 30], [25, 67], [48, 49], [31, 9], [21, 44], [12, 3], [47, 30], [2, 32], [69, 41], [46, 1], [18, 33], [2, 51], [26, 66], [73, 37], [50, 41], [61, 46], [70, 36], [26, 67], [49, 7], [10, 46], [49, 32], [35, 68], [37, 62], [47, 44], [18, 1], [25, 9], [53, 73], [18, 4], [46, 7], [12, 34], [2, 16], [7, 33], [72, 49], [10, 54], [42, 0], [48, 53], [23, 14], [10, 35], [43, 19], [71, 54], [3, 15], [18, 73], [28, 74], [36, 45], [34, 12], [58, 28], [42, 70], [39, 6], [37, 48], [65, 33], [34, 58], [62, 22], [65, 27], [61, 64], [15, 27], [22, 23], [9, 27], [5, 63], [47, 16], [42, 54], [10, 68], [43, 62], [22, 24], [69, 50], [73, 29], [63, 44], [44, 5], [71, 69], [74, 2], [56, 59], [32, 17], [16, 46], [74, 8], [60, 26], [8, 7], [34, 53], [49, 16], [3, 17], [39, 17], [5, 19], [30, 60], [16, 25], [32, 60], [34, 72], [2, 22], [73, 26], [42, 49], [72, 16], [29, 2], [13, 29], [21, 28], [33, 49], [30, 58], [3, 0], [55, 47], [74, 66], [69, 60], [29, 59], [9, 37], [73, 19], [29, 32], [9, 7], [45, 60], [38, 63], [26, 37], [44, 63], [16, 18], [31, 46], [62, 8], [25, 17], [58, 58], [73, 21], [26, 2], [60, 39], [66, 73], [61, 66], [63, 70], [35, 14], [1, 66], [19, 15], [9, 35], [72, 15], [47, 62], [25, 54], [15, 49], [73, 61], [9, 70], [59, 23], [9, 41], [19, 24], [70, 27], [71, 20], [3, 31], [2, 18], [14, 4], [30, 30], [0, 45], [63, 59], [54, 30], [73, 33], [74, 7], [44, 21], [11, 11], [5, 35], [34, 16], [67, 73], [36, 3], [36, 17], [47, 46], [33, 43], [3, 69], [45, 48], [30, 49], [64, 34], [12, 70], [8, 37], [24, 43], [3, 39], [49, 60], [42, 1], [48, 35], [35, 41], [72, 18], [70, 39], [0, 20], [65, 66], [4, 72], [30, 62], [15, 13], [12, 1], [15, 30], [62, 71], [63, 64], [15, 6], [20, 2], [57, 19], [1, 21], [2, 12], [60, 29], [37, 74], [36, 44], [29, 31], [47, 52], [51, 12], [10, 21], [72, 17], [36, 2], [50, 35], [22, 47], [36, 25], [19, 34], [19, 17], [70, 51], [1, 18], [46, 43], [13, 73], [61, 65], [58, 65], [5, 60], [13, 51], [3, 12], [12, 63], [62, 28], [12, 57], [66, 35], [59, 72], [30, 26], [42, 44], [73, 60], [25, 60], [39, 73], [43, 21], [26, 3], [49, 11], [30, 6], [46, 66], [14, 44], [68, 32], [22, 41], [8, 23], [62, 21], [49, 6], [15, 5], [33, 41], [62, 16], [0, 31], [42, 50], [37, 47], [56, 58], [67, 26], [23, 15], [29, 64], [74, 72], [36, 51], [35, 19], [43, 7], [38, 39], [42, 68], [55, 72], [41, 73], [4, 55], [35, 34], [70, 29], [21, 41], [10, 73], [5, 1], [44, 56], [0, 0], [53, 47], [55, 33], [60, 22], [41, 48], [56, 38], [52, 42], [69, 13], [32, 39], [13, 12], [37, 66], [45, 42], [36, 23], [2, 28], [2, 55], [58, 48], [16, 9], [63, 24], [53, 10], [0, 65], [58, 17], [8, 22], [4, 44], [41, 61], [69, 44], [51, 26], [0, 38], [11, 2], [0, 26], [52, 0], [34, 42], [36, 30], [5, 14], [5, 64], [60, 16], [7, 73], [53, 58], [74, 65], [38, 72], [21, 46], [36, 22], [38, 74], [38, 21], [61, 31], [72, 27], [57, 3], [0, 73], [46, 8], [3, 63], [67, 62], [34, 31], [23, 39], [41, 66], [29, 35], [1, 65], [30, 54], [31, 43], [63, 32], [0, 13], [36, 59], [5, 29], [48, 55], [42, 29], [33, 10], [34, 30], [9, 6], [45, 5], [44, 37], [55, 9], [39, 15], [3, 67], [21, 25], [70, 14], [32, 28], [64, 3], [53, 43], [70, 26], [74, 43], [28, 11], [72, 29], [34, 28], [2, 46], [38, 9], [55, 29], [28, 18], [7, 35], [0, 22], [57, 4], [40, 7], [42, 23], [74, 22], [2, 39], [12, 27], [34, 47], [9, 38], [29, 40], [68, 57], [47, 37], [25, 25], [60, 57], [32, 48], [3, 42], [67, 20], [14, 35], [55, 62], [64, 48], [61, 53], [31, 60], [74, 73], [53, 50], [70, 10], [69, 74], [62, 30], [35, 10], [32, 27], [52, 20], [13, 13], [46, 38], [25, 34], [22, 6], [39, 55], [33, 66], [64, 19], [37, 4], [46, 56], [32, 11], [51, 11], [48, 12], [18, 38], [10, 28], [53, 57], [73, 44], [7, 19], [38, 6], [40, 34], [53, 0], [21, 8], [38, 30], [31, 54], [65, 46], [50, 38], [59, 2], [63, 43], [16, 0], [24, 1], [13, 40], [67, 19], [18, 10], [73, 1], [20, 15], [27, 35], [45, 46], [29, 60], [55, 20], [15, 36], [51, 22], [56, 39], [45, 3], [30, 45], [70, 73], [51, 28], [49, 37], [60, 37], [2, 43], [33, 22], [38, 71], [4, 64], [38, 0], [48, 42], [41, 24], [18, 74], [72, 22], [65, 5], [36, 19], [60, 19], [74, 4], [67, 53], [53, 19], [16, 60], [4, 23], [14, 42], [41, 49], [10, 17], [35, 66], [43, 52], [1, 8], [62, 46], [25, 28], [50, 14], [6, 45], [31, 67], [31, 57], [70, 45], [67, 52], [6, 42], [57, 65], [63, 67], [41, 36], [43, 17], [16, 10], [7, 58], [59, 37], [71, 71], [41, 21], [68, 34], [30, 64], [61, 3], [26, 27], [45, 71], [11, 12], [48, 70], [8, 54], [4, 51], [65, 59], [12, 16], [62, 61], [54, 0], [37, 41], [14, 31], [6, 12], [56, 48], [48, 28], [40, 45], [65, 43], [45, 55], [17, 15], [19, 8], [70, 12], [31, 25], [33, 1], [19, 20], [45, 28], [45, 17], [29, 57], [52, 52], [49, 71], [70, 72], [7, 6], [71, 24], [1, 37], [35, 39], [1, 73], [4, 11], [59, 49], [27, 43], [30, 31], [42, 12], [6, 0], [8, 42], [50, 46], [34, 50], [5, 54], [65, 15], [44, 22], [60, 13], [51, 73], [24, 37], [53, 20], [32, 22], [33, 8], [70, 1], [55, 70], [54, 39], [30, 18], [36, 32], [3, 18], [60, 17], [53, 42], [23, 12], [6, 41], [62, 72], [33, 11], [52, 45], [38, 73], [72, 38], [72, 41], [25, 43], [51, 44], [5, 72], [38, 35], [54, 42], [50, 27], [49, 9], [34, 59], [47, 60], [14, 11], [7, 66], [20, 67], [26, 69], [13, 48], [6, 16], [46, 33], [27, 7], [21, 3], [44, 6], [8, 66], [36, 39], [3, 35], [71, 11], [7, 42], [20, 27], [7, 11], [34, 22], [10, 26], [3, 34], [17, 35], [46, 71], [32, 73], [52, 62], [68, 31], [3, 72], [22, 7], [42, 69], [54, 7], [66, 24], [49, 31], [54, 4], [4, 5], [54, 68], [5, 16], [9, 32], [71, 49], [67, 33], [53, 71], [28, 73], [24, 36], [40, 33], [57, 7], [2, 8], [0, 70], [49, 44], [26, 59], [11, 45], [32, 16], [74, 61], [34, 29], [60, 46], [47, 74], [12, 33], [73, 73], [53, 4], [17, 44], [35, 40], [14, 72], [48, 11], [68, 21], [45, 56], [28, 64], [61, 22], [42, 63], [40, 67], [29, 65], [38, 58], [18, 34], [11, 56], [41, 72], [32, 19], [65, 16], [46, 20], [41, 9], [17, 12], [29, 33], [25, 14], [69, 56], [52, 33], [37, 44], [31, 38], [1, 45], [64, 23], [29, 30], [4, 13], [65, 9], [59, 62], [38, 1], [15, 9], [24, 29], [30, 3], [29, 14], [9, 51], [16, 45], [27, 33], [56, 60], [69, 57], [60, 18], [30, 38], [45, 68], [4, 22], [54, 26], [40, 52], [52, 25], [57, 20], [3, 60], [27, 13], [38, 43], [41, 29], [55, 0], [28, 45], [26, 39], [55, 49], [2, 37], [10, 13], [46, 24], [61, 48], [48, 15], [61, 41], [24, 40], [18, 28], [74, 6], [3, 19], [31, 27], [34, 48], [20, 47], [10, 41], [49, 4], [13, 46], [35, 3], [1, 16], [31, 55], [39, 7], [43, 23], [32, 51], [33, 24], [36, 69], [35, 27], [36, 42], [55, 51], [24, 71], [67, 25], [45, 62], [38, 20], [73, 30], [62, 29], [51, 72], [47, 6], [62, 53], [70, 25], [27, 31], [66, 41], [39, 18], [22, 21], [57, 60], [42, 22], [5, 74], [61, 61], [0, 33], [44, 71], [13, 5], [39, 67], [7, 65], [27, 53], [26, 60], [6, 33], [0, 58], [36, 53], [32, 21], [22, 8], [62, 44], [71, 37], [74, 29], [15, 15], [42, 7], [47, 34], [44, 14], [64, 52], [14, 67], [16, 11], [5, 34], [43, 11], [48, 8], [0, 39], [5, 43], [16, 39], [60, 67], [67, 28], [49, 5], [9, 46], [0, 12], [36, 9], [70, 54], [1, 63], [39, 16], [4, 56], [42, 15], [1, 64], [57, 61], [48, 71], [44, 45], [10, 3], [49, 8], [38, 57], [25, 18], [51, 4], [6, 34], [19, 16], [18, 48], [31, 70], [24, 5], [13, 14], [42, 59], [24, 9], [66, 67], [74, 48], [35, 55], [54, 29], [17, 29], [72, 69], [52, 37], [52, 22], [32, 59], [3, 57], [67, 45], [40, 8], [66, 26], [68, 23], [59, 46], [71, 40], [2, 20], [36, 20], [39, 25], [44, 44], [28, 67], [43, 55], [38, 46], [37, 37], [53, 64], [27, 23], [56, 36], [55, 53], [41, 53], [21, 7], [45, 72], [57, 42], [3, 51], [48, 64], [71, 70], [66, 55], [41, 42], [40, 14], [50, 58], [50, 25], [48, 24], [58, 56], [23, 35], [19, 71], [67, 46], [2, 23], [52, 66], [4, 48], [30, 17], [64, 71], [10, 51], [5, 71], [42, 67], [41, 6], [4, 71], [47, 27], [2, 42], [29, 63], [59, 58], [33, 60], [33, 71], [5, 6], [44, 57], [42, 40], [74, 32], [56, 27], [43, 26], [47, 19], [52, 32], [34, 8], [50, 59], [2, 72], [60, 69], [66, 44], [44, 4], [52, 53], [45, 49], [69, 72], [56, 68], [10, 9], [71, 22], [2, 35], [31, 24], [42, 46], [52, 26], [43, 31], [43, 66], [57, 39], [6, 64], [11, 46], [46, 51], [57, 67], [71, 14], [16, 31], [0, 3], [62, 37], [66, 11], [6, 58], [13, 44], [48, 57], [50, 18], [13, 27], [5, 11], [45, 1], [31, 3], [18, 6], [35, 25], [52, 31], [62, 36], [45, 44], [73, 34], [63, 17], [35, 48], [4, 69], [29, 49], [32, 34], [15, 18], [63, 15], [73, 0], [27, 73], [37, 2], [23, 8], [64, 40], [58, 32], [22, 17], [41, 11], [31, 66], [10, 67], [65, 39], [36, 73], [61, 30], [52, 44], [66, 9], [57, 23], [65, 72], [69, 42], [43, 71], [63, 47], [74, 50], [34, 6], [32, 74], [48, 50], [10, 27], [46, 36], [11, 48], [41, 4], [55, 69], [11, 17], [2, 70], [26, 74], [29, 61], [41, 14], [53, 21], [49, 17], [60, 59], [69, 69], [16, 33], [37, 52], [72, 36], [46, 30], [6, 57], [15, 42], [1, 27], [22, 31], [51, 25], [3, 29], [39, 61], [21, 6], [45, 64], [17, 26], [2, 67], [28, 53], [26, 62], [23, 30], [44, 59], [53, 74], [11, 43], [51, 24], [50, 29], [40, 46], [65, 8], [57, 55], [44, 25], [30, 61], [22, 16], [29, 10], [40, 25], [12, 22], [57, 57], [12, 24], [65, 29], [48, 41], [52, 30], [57, 36], [35, 50], [22, 10], [47, 69], [30, 70], [17, 8], [17, 14], [2, 26], [28, 16], [44, 3], [21, 18], [50, 60], [71, 68], [72, 19], [37, 54], [1, 71], [15, 10], [1, 5], [7, 27], [31, 23], [46, 72], [35, 23], [58, 26], [8, 33], [61, 36], [65, 12], [29, 21], [70, 28], [69, 48], [57, 47], [58, 55], [33, 36], [47, 68], [50, 68], [74, 44], [65, 41], [30, 34], [34, 14], [67, 63], [74, 67], [56, 61], [27, 30], [42, 17], [0, 71], [71, 18], [9, 22], [74, 31], [7, 23], [3, 8], [53, 6], [11, 19], [5, 18], [17, 17], [1, 12], [50, 45], [28, 2], [9, 15], [67, 10], [56, 44], [23, 73], [42, 6], [25, 2], [21, 24], [58, 6], [27, 9], [16, 42], [26, 64], [25, 12], [12, 23], [58, 57], [7, 72], [38, 41], [5, 57], [11, 27], [32, 36], [15, 38], [7, 28], [13, 21], [41, 52], [63, 69], [12, 17], [8, 74], [64, 14], [15, 19], [42, 71], [32, 62], [73, 35], [43, 0], [51, 56], [26, 21], [49, 22], [72, 30], [67, 54], [37, 9], [22, 71], [21, 17], [0, 29], [57, 6], [6, 3], [18, 21], [48, 36], [24, 68], [67, 36], [51, 13], [39, 58], [44, 1], [42, 43], [69, 29], [8, 35], [53, 3], [53, 69], [46, 69], [42, 53], [58, 72], [7, 29], [51, 40], [10, 37], [56, 25], [12, 12], [6, 11], [52, 40], [26, 72], [73, 11], [65, 42], [15, 12], [34, 27], [54, 13], [28, 6], [26, 31], [65, 53], [5, 73], [38, 67], [73, 68], [30, 47], [11, 15], [5, 30], [58, 51], [3, 62], [66, 20], [44, 72], [52, 50], [11, 71], [14, 12], [29, 9], [4, 36], [41, 71], [16, 27], [70, 70], [53, 55], [10, 56], [4, 10], [43, 22], [0, 1], [40, 22], [67, 60], [54, 62], [19, 19], [13, 34], [7, 64], [25, 13], [73, 25], [74, 27], [8, 13], [10, 30], [35, 49], [49, 64], [41, 70], [26, 71], [40, 1], [19, 62], [39, 57], [51, 60], [52, 12], [60, 47], [66, 22], [32, 46], [69, 43], [19, 14], [56, 35], [57, 22], [4, 60], [2, 6], [3, 33], [12, 28], [33, 62], [21, 70], [15, 47], [67, 40], [24, 49], [53, 37], [44, 64], [41, 2], [48, 29], [5, 53], [37, 29], [39, 1], [0, 7], [31, 20], [66, 48], [65, 22], [44, 16], [26, 11], [3, 2], [33, 6], [45, 26], [39, 52], [36, 66], [70, 60], [72, 58], [32, 55], [10, 48], [68, 68], [24, 26], [46, 52], [71, 29], [68, 25], [68, 37], [62, 25], [59, 17], [42, 30], [20, 11], [58, 2], [41, 32], [14, 64], [30, 10], [18, 32], [0, 15], [5, 33], [48, 4], [38, 54], [16, 32], [31, 68], [29, 26], [19, 12], [63, 19], [4, 57], [35, 16], [74, 10], [32, 64], [64, 20], [67, 31], [1, 38], [39, 2], [57, 16], [57, 17], [28, 66], [8, 49], [73, 46], [26, 42], [55, 54], [66, 34], [39, 45], [66, 0], [0, 17], [60, 72], [58, 62], [6, 13], [57, 18], [23, 28], [67, 41], [1, 29], [39, 51], [70, 17], [47, 47], [73, 32], [35, 13], [8, 43], [64, 21], [8, 41], [45, 61], [49, 63], [74, 46], [50, 73], [16, 12], [55, 17], [72, 34], [53, 26], [50, 74], [41, 7], [1, 67], [44, 62], [21, 60], [56, 15], [5, 65], [28, 65], [8, 48], [59, 15], [42, 33], [60, 60], [33, 28], [0, 62], [59, 47], [3, 55], [65, 28], [16, 37], [43, 33], [51, 38], [17, 10], [47, 66], [4, 38], [51, 33], [57, 59], [9, 8], [49, 3], [32, 2], [35, 47], [20, 16], [38, 50], [70, 71], [3, 71], [54, 63], [24, 34], [39, 49], [14, 41], [31, 74], [2, 73], [14, 46], [53, 49], [58, 21], [35, 35], [73, 22], [25, 22], [4, 1], [48, 18], [50, 20], [50, 2], [7, 63], [31, 10], [34, 20], [7, 18], [73, 47], [66, 7], [22, 12], [29, 7], [9, 56], [44, 12], [60, 62], [9, 48], [61, 32], [5, 23], [0, 18], [12, 19], [66, 74], [45, 53], [73, 28], [24, 47], [64, 46], [70, 56], [7, 9], [16, 72], [50, 24], [43, 28], [26, 32], [59, 7], [63, 31], [41, 57], [22, 34], [55, 60], [49, 46], [5, 3], [36, 71], [62, 6], [57, 54], [25, 41], [72, 48], [63, 16], [23, 62], [30, 29], [3, 30], [33, 59], [14, 53], [71, 67], [67, 44], [67, 72], [6, 27], [49, 13], [32, 18], [45, 7], [33, 5], [31, 61], [39, 60], [48, 48], [56, 40], [55, 37], [56, 16], [52, 67]], "targets": [[4, 5], [9, 35], [11, 60], [11, 34], [42, 14], [3, 14], [7, 13], [15, 32], [43, 38], [40, 2], [28, 54], [6, 57], [18, 24], [20, 65], [13, 13], [13, 9], [47, 60], [53, 11], [28, 26], [6, 73], [17, 7], [34, 11], [17, 17], [33, 16], [11, 5], [55, 18], [8, 71], [4, 26], [41, 33], [28, 27], [27, 34], [56, 25], [48, 64], [9, 49], [38, 56], [6, 20], [12, 3], [45, 54], [71, 25], [74, 58], [3, 28], [21, 5], [34, 22], [17, 24], [5, 23], [22, 72], [7, 2], [68, 62], [9, 70], [61, 3], [37, 12], [3, 41], [47, 56], [33, 10], [51, 15], [1, 20], [14, 61], [35, 31], [44, 44], [10, 42], [1, 19], [45, 67], [22, 5], [16, 19], [71, 31], [11, 19], [40, 30], [42, 59], [54, 18], [14, 18], [20, 1], [23, 18], [3, 12], [8, 19], [6, 5], [13, 69], [9, 5], [32, 14], [5, 74], [74, 57], [5, 67], [56, 12], [25, 13], [8, 47], [8, 33], [47, 59], [44, 19], [53, 23], [12, 2], [5, 22], [12, 64], [20, 12], [31, 31], [35, 35], [7, 33], [28, 56], [17, 21], [31, 30], [5, 29], [43, 58], [8, 26], [45, 41], [17, 2], [11, 62], [19, 3], [19, 17], [7, 34], [10, 58], [68, 32], [71, 58], [9, 26], [3, 67], [35, 21], [35, 54], [58, 10], [34, 15], [50, 15], [3, 30], [8, 44], [16, 3], [22, 12], [39, 59], [4, 11], [41, 19], [52, 27], [9, 17], [7, 64], [17, 15], [7, 23], [15, 31], [5, 1], [16, 57], [7, 3], [25, 25], [41, 43], [6, 34], [31, 9], [6, 69], [4, 20], [67, 67], [19, 1], [6, 65], [48, 57], [49, 3], [29, 9], [20, 3], [9, 46], [31, 13], [26, 21], [5, 12], [74, 29], [10, 28], [36, 66], [33, 25], [39, 60], [1, 15], [18, 63], [44, 20], [41, 61], [15, 6], [59, 16], [14, 23], [55, 14], [24, 9], [6, 11], [18, 61], [67, 65], [8, 70], [29, 17], [36, 22], [47, 31], [61, 5], [24, 6], [5, 39], [10, 27], [35, 53], [5, 13], [32, 31], [8, 39], [6, 28], [47, 65], [3, 24], [46, 40], [14, 3], [10, 5], [45, 63], [7, 7], [11, 70], [4, 8], [21, 19], [7, 37], [41, 12], [8, 53], [28, 23], [34, 12], [2, 74], [57, 23], [67, 29], [69, 61], [7, 18], [12, 66], [12, 18], [7, 69], [37, 20], [35, 57], [12, 14], [62, 5], [35, 6], [50, 14], [7, 27], [4, 47], [33, 24], [38, 33], [24, 1], [1, 21], [12, 35], [0, 22], [12, 59], [5, 8], [9, 25], [44, 2], [19, 13], [40, 64], [37, 67], [64, 68], [14, 6], [7, 24], [4, 65], [44, 16], [65, 25], [23, 26], [55, 15], [28, 13], [18, 6], [12, 16], [12, 69], [15, 15], [5, 38], [69, 26], [0, 16], [4, 34], [1, 0], [13, 57], [13, 6], [19, 19], [38, 25], [46, 52], [34, 28], [39, 32], [8, 40], [32, 49], [9, 14], [35, 8], [53, 21], [4, 67], [12, 21], [24, 39], [49, 64], [6, 27], [63, 64], [17, 5], [2, 67], [47, 61], [56, 10], [30, 18], [12, 28], [33, 19], [55, 26], [3, 22], [46, 39], [23, 5], [9, 47], [18, 20], [3, 19], [20, 63], [13, 61], [7, 0], [24, 18], [4, 22], [15, 2], [14, 38], [7, 51], [74, 32], [66, 66], [29, 25], [36, 40], [10, 22], [48, 69], [11, 66], [30, 30], [40, 52], [8, 35], [0, 19], [62, 10], [33, 13], [0, 28], [22, 26], [1, 4], [17, 58], [41, 13], [44, 54], [19, 6], [50, 21], [11, 25], [56, 16], [7, 46], [38, 62], [13, 8], [3, 8], [0, 23], [10, 62], [20, 4], [7, 21], [35, 12], [7, 70], [70, 57], [19, 14], [5, 66], [26, 27], [43, 67], [3, 20], [27, 20], [35, 38], [59, 14], [33, 6], [67, 30], [16, 60], [11, 3], [12, 8], [5, 44], [4, 23], [28, 52], [11, 21], [33, 34], [9, 38], [5, 24], [47, 13], [55, 22], [28, 22], [37, 61], [42, 60], [65, 62], [9, 21], [10, 63], [14, 17], [34, 16], [49, 20], [4, 29], [8, 66], [6, 15], [46, 48], [13, 3], [20, 7], [10, 29], [40, 56], [50, 3], [33, 14], [7, 4], [9, 61], [6, 7], [9, 13], [21, 15], [31, 21], [47, 35], [3, 38], [13, 42], [13, 40], [36, 15], [10, 54], [20, 18], [31, 10], [7, 72], [60, 15], [6, 24], [70, 26], [62, 57], [11, 32], [26, 2], [6, 26], [10, 68], [9, 10], [12, 67], [42, 64], [30, 22], [44, 64], [13, 18], [8, 65], [5, 10], [57, 13], [26, 18], [48, 62], [14, 4], [57, 20], [3, 21], [1, 49], [31, 15], [15, 30], [35, 20], [37, 41], [63, 59], [26, 8], [22, 17], [2, 21], [37, 8], [57, 21], [0, 74], [5, 37], [28, 55], [9, 22], [33, 35], [5, 26], [1, 5], [11, 65], [8, 8], [69, 22], [11, 18], [7, 66], [51, 11], [31, 8], [6, 33], [38, 6], [18, 23], [37, 59], [45, 65], [24, 7], [1, 36], [40, 19], [47, 53], [29, 11], [7, 71], [70, 62], [2, 29], [41, 44], [21, 6], [12, 24], [25, 29], [37, 32], [6, 70], [22, 65], [46, 7], [41, 54], [13, 7], [48, 19], [9, 27], [60, 16], [16, 34], [24, 17], [24, 27], [50, 16], [38, 9], [26, 5], [12, 37], [6, 25], [6, 22], [7, 65], [20, 10], [39, 69], [9, 41], [14, 37], [9, 53], [68, 24], [68, 68], [3, 27], [40, 63], [12, 17], [15, 29], [2, 68], [0, 3], [12, 58], [9, 9], [23, 20], [15, 3], [37, 24], [40, 60], [19, 0], [25, 22], [45, 38], [37, 7], [59, 15], [49, 13], [26, 13], [9, 32], [4, 30], [0, 10], [14, 32], [27, 54], [15, 62], [12, 23], [14, 24], [36, 13], [58, 14], [0, 69], [5, 19], [30, 37], [39, 65], [3, 44], [5, 27], [69, 70], [15, 9], [23, 27], [17, 61], [6, 9], [14, 71], [39, 68], [68, 25], [57, 10], [32, 8], [7, 28], [43, 15], [57, 17], [38, 29], [38, 41], [11, 10], [1, 28], [41, 47], [21, 8], [69, 62], [36, 29], [43, 62], [9, 36], [11, 7], [28, 17], [35, 61], [10, 24], [10, 72], [2, 2], [14, 60], [7, 1], [6, 32], [5, 20], [5, 68], [23, 15], [16, 33], [54, 14], [11, 27], [51, 17], [30, 19], [8, 11], [41, 56], [7, 15], [12, 5], [11, 41], [43, 10], [9, 55], [24, 20], [36, 8], [8, 69], [51, 23], [68, 33], [73, 58], [1, 47], [31, 19], [41, 42], [6, 61], [5, 5], [14, 27], [43, 55], [23, 2], [11, 72], [9, 12], [20, 64], [16, 16], [39, 19], [35, 52], [9, 37], [28, 51], [5, 14], [32, 30], [2, 19], [20, 6], [63, 10], [38, 14], [0, 24], [32, 18], [16, 14], [69, 57], [14, 26], [2, 6], [14, 62], [39, 13], [42, 54], [9, 1], [53, 16], [6, 21], [62, 17], [8, 49], [47, 58], [1, 72], [46, 56], [33, 26], [48, 43], [72, 31], [13, 4], [17, 14], [13, 22], [13, 67], [31, 16], [3, 18], [50, 42], [19, 7], [0, 34], [52, 6], [38, 7], [8, 32], [37, 11], [3, 74], [4, 18], [62, 65], [36, 25], [41, 58], [16, 62], [14, 2], [1, 40], [18, 7], [24, 24], [47, 15], [63, 26], [0, 66], [15, 19], [6, 29], [40, 0], [29, 23], [39, 62], [42, 56], [3, 15], [33, 17], [42, 33], [47, 22], [12, 20], [59, 8], [37, 16], [8, 15], [12, 71], [11, 38], [12, 51], [71, 28], [72, 58], [1, 6], [11, 64], [11, 2], [22, 1], [14, 7], [5, 36], [10, 18], [30, 50], [11, 20], [26, 36], [0, 43], [2, 30], [28, 28], [13, 68], [44, 11], [63, 16], [3, 26], [31, 22], [46, 54], [49, 58], [22, 16], [62, 8], [27, 8], [39, 56], [20, 0], [31, 7], [8, 73], [68, 61], [31, 17], [40, 44], [15, 67], [6, 8], [15, 22], [8, 23], [18, 72], [16, 13], [6, 19], [31, 23], [54, 13], [4, 19], [5, 42], [14, 64], [74, 23], [0, 26], [50, 48], [23, 0], [14, 39], [1, 22], [10, 9], [41, 18], [57, 22], [14, 33], [35, 59], [53, 14], [31, 12], [72, 57], [6, 0], [7, 63], [8, 0], [15, 24], [25, 27], [31, 26], [43, 59], [20, 26], [48, 60], [36, 31], [40, 35], [6, 13], [16, 59], [4, 43], [1, 67], [8, 21], [20, 8], [9, 29], [6, 41], [21, 66], [14, 40], [47, 14], [27, 52], [8, 57], [32, 20], [19, 18], [41, 62], [59, 9], [38, 10], [38, 8], [9, 8], [48, 20], [9, 71], [2, 24], [28, 33], [63, 24], [37, 69], [4, 24], [20, 2], [70, 28], [70, 63], [9, 20], [16, 4], [3, 25], [0, 65], [7, 42], [11, 15], [19, 70], [38, 20], [45, 34], [40, 68], [15, 16], [36, 27], [42, 57], [30, 14], [19, 20], [1, 8], [15, 61], [4, 9], [65, 67], [58, 15], [37, 19], [8, 30], [47, 64], [42, 16], [51, 20], [16, 1], [13, 41], [5, 21], [0, 27], [48, 42], [18, 4], [70, 24], [13, 64], [51, 22], [13, 28], [4, 38], [34, 17], [7, 10], [2, 10], [20, 71], [20, 17], [5, 25], [13, 71], [19, 10], [33, 31], [44, 34], [35, 17], [5, 70], [73, 65], [22, 0], [41, 60], [49, 14], [34, 13], [21, 14], [38, 57], [34, 21], [42, 58], [1, 25], [37, 17], [53, 25], [0, 72], [25, 15], [12, 38], [16, 21], [27, 47], [17, 19], [34, 36], [6, 49], [5, 18], [18, 0], [18, 9], [3, 6], [21, 70], [19, 2], [11, 35], [5, 58], [70, 23], [73, 62], [13, 15], [10, 66], [58, 3], [37, 6], [56, 23], [10, 23], [26, 20], [37, 44], [8, 29], [10, 20], [40, 4], [29, 27], [37, 65], [40, 67], [18, 19], [9, 69], [44, 18], [57, 28], [24, 14], [10, 1], [6, 40], [22, 61], [5, 6], [28, 31], [35, 62], [7, 36], [36, 17], [0, 70], [0, 21], [74, 64], [52, 5], [36, 20], [0, 20], [8, 24], [48, 39], [22, 2], [18, 26], [7, 20], [10, 60], [5, 11], [15, 8], [70, 25], [27, 28], [39, 44], [42, 67], [12, 65], [2, 5], [6, 72], [41, 8], [45, 62], [7, 8], [58, 19], [5, 28], [62, 28], [8, 42], [37, 57], [0, 29], [71, 60], [26, 22], [23, 23], [2, 17], [54, 16], [24, 19], [11, 0], [2, 32], [33, 49], [15, 23], [25, 33], [2, 18], [40, 27], [46, 60], [3, 16], [20, 69], [17, 10], [1, 70], [12, 1], [13, 25], [43, 61], [21, 64], [10, 8], [29, 18], [44, 39], [0, 39], [10, 39], [45, 8], [8, 58], [25, 19], [28, 12], [8, 67], [65, 18], [73, 30], [68, 63], [16, 6], [7, 17], [38, 63], [16, 8], [60, 14], [37, 13], [52, 21], [2, 20], [4, 25], [19, 22], [5, 71], [4, 39], [2, 28], [4, 4], [22, 64], [8, 7], [8, 12], [16, 68], [18, 22], [38, 68], [19, 8], [7, 43], [38, 24], [45, 60], [71, 69], [6, 14], [44, 47], [11, 1], [7, 12], [38, 27], [47, 32], [42, 17], [61, 15], [16, 31], [58, 7], [32, 7], [69, 33], [41, 68], [8, 74], [7, 62], [12, 6], [22, 25], [22, 3], [10, 36], [4, 17], [12, 15], [14, 30], [27, 48], [6, 58], [11, 11], [24, 25], [32, 17], [59, 21], [7, 67], [11, 30], [26, 38], [48, 67], [5, 49], [3, 29], [68, 69], [58, 9], [30, 15], [47, 18], [65, 28], [29, 26], [37, 35], [15, 0], [28, 20], [41, 53], [16, 5], [21, 26], [0, 1], [11, 63], [4, 10], [12, 74], [3, 34], [18, 14], [46, 57], [6, 16], [7, 41], [9, 56], [73, 27], [72, 64], [4, 40], [46, 62], [6, 17], [16, 63], [20, 13], [3, 36], [4, 21], [16, 0], [59, 4], [26, 7], [24, 26], [16, 22], [15, 26], [19, 66], [41, 17], [45, 58], [12, 0], [53, 22], [5, 30], [53, 15], [12, 68], [34, 31], [49, 41], [10, 11], [1, 18], [49, 39], [19, 4], [37, 14], [2, 72], [74, 63], [33, 30], [41, 63], [1, 35], [18, 1], [16, 27], [44, 5], [33, 22], [38, 66], [46, 59], [61, 12], [33, 11], [1, 24], [6, 66], [72, 27], [9, 2], [15, 58], [20, 9], [9, 34], [28, 48], [13, 24], [29, 39], [2, 27], [0, 73], [40, 18], [63, 18], [7, 30], [22, 22], [21, 1], [67, 59], [31, 29], [49, 37], [16, 20], [30, 17], [55, 13], [8, 28], [8, 38], [17, 4], [40, 57], [49, 12], [31, 20], [22, 70], [16, 7], [13, 10], [35, 24], [46, 64], [42, 66], [1, 13], [16, 69], [11, 71], [4, 15], [23, 9], [10, 25], [4, 32], [6, 37], [38, 11], [6, 53], [23, 12], [35, 11], [4, 73], [65, 16], [3, 23], [71, 26], [66, 63], [0, 41], [39, 17], [47, 40], [18, 16], [9, 19], [8, 4], [22, 58], [18, 3], [60, 10], [36, 18], [12, 26], [49, 63], [21, 0], [1, 14], [43, 41], [23, 6], [5, 69], [55, 19], [13, 30], [26, 25], [13, 16], [18, 68], [14, 15], [67, 66], [40, 59], [29, 30], [42, 63], [43, 19], [54, 22], [10, 40], [16, 30], [31, 49], [10, 21], [31, 35], [4, 35], [2, 26], [17, 9], [15, 63], [8, 3], [72, 29], [54, 11], [27, 7], [32, 19], [38, 35], [8, 17], [30, 20], [45, 68], [7, 73], [21, 25], [35, 9], [3, 69], [71, 63], [1, 33], [18, 5], [9, 24], [19, 58], [7, 19], [17, 6], [8, 1], [10, 71], [37, 9], [48, 58], [11, 9], [56, 17], [8, 18], [54, 20], [0, 35], [47, 57], [26, 15], [6, 18], [58, 6], [37, 10], [3, 40], [1, 27], [35, 30], [36, 53], [2, 69], [1, 26], [39, 55], [39, 31], [39, 33], [7, 40], [12, 53], [70, 27], [64, 61], [21, 7], [15, 17], [25, 21], [8, 60], [7, 9], [10, 16], [18, 59], [21, 13], [2, 40], [1, 16], [45, 43], [22, 4], [36, 12], [58, 18], [9, 23], [55, 8], [27, 6], [37, 66], [3, 71], [10, 4], [14, 43], [25, 51], [17, 16], [34, 9], [51, 16], [0, 68], [12, 29], [27, 33], [38, 59], [1, 29], [63, 67], [36, 28], [43, 44], [38, 28], [40, 61], [33, 28], [9, 4], [15, 68], [6, 2], [16, 26], [3, 17], [73, 26], [5, 46], [5, 15], [13, 72], [21, 10], [25, 9], [57, 15], [36, 19], [14, 21], [42, 15], [58, 22], [3, 70], [13, 21], [11, 6], [73, 60], [13, 34], [39, 6], [26, 28], [37, 56], [41, 66], [20, 59], [8, 10], [12, 43], [4, 27], [5, 16], [25, 0], [35, 28], [39, 39], [49, 15], [12, 27], [2, 35], [60, 8], [36, 11], [14, 16], [32, 28], [36, 55], [7, 16], [19, 65], [5, 72], [7, 31], [6, 36], [40, 6], [10, 51], [33, 23], [30, 11], [3, 72], [58, 25], [69, 34], [74, 71], [14, 19], [5, 3], [14, 63], [17, 8], [45, 57], [23, 3], [8, 25], [44, 42], [15, 7], [46, 61], [6, 42], [13, 29], [32, 53], [11, 22], [27, 32], [3, 42], [0, 25], [49, 5], [29, 13], [38, 22], [43, 31], [32, 16], [11, 68], [65, 70], [4, 16], [18, 66], [25, 8], [22, 69], [41, 15], [44, 61], [17, 0], [50, 19], [11, 28], [62, 18], [7, 25], [34, 30], [36, 61], [8, 34], [47, 62], [68, 27], [12, 13], [14, 22], [33, 12], [5, 43], [15, 5], [60, 17], [24, 13], [46, 66], [11, 67], [18, 8], [12, 41], [35, 10], [0, 71], [4, 28], [74, 66], [37, 28], [48, 33], [2, 8], [13, 65], [14, 1], [12, 34], [6, 23], [13, 12], [15, 60], [13, 14], [40, 13], [51, 24], [15, 20], [20, 15], [42, 61], [15, 4], [51, 18], [14, 25], [1, 42], [56, 13], [24, 12], [39, 23], [39, 58], [9, 67], [0, 30], [10, 34], [13, 55], [69, 24], [71, 65], [15, 21], [8, 64], [10, 2], [8, 16], [44, 46], [13, 1], [44, 62], [4, 33], [31, 46], [16, 24], [25, 38], [2, 23], [39, 29], [41, 30], [21, 23], [2, 14], [16, 71], [12, 7], [46, 13], [62, 26], [12, 32], [37, 55], [7, 39], [49, 11], [36, 10], [9, 73], [38, 13], [4, 68], [66, 67], [2, 1], [15, 56], [7, 5], [8, 27], [18, 18], [21, 22], [10, 7], [55, 20], [8, 20], [34, 20], [35, 56], [10, 31], [68, 23], [25, 24], [19, 5], [45, 64], [5, 41], [2, 25], [31, 18], [41, 40], [1, 23], [15, 71], [33, 15], [59, 22], [45, 61], [7, 45], [63, 17], [36, 7], [14, 66], [68, 67], [13, 62], [17, 1], [8, 22], [18, 12], [20, 27], [25, 4], [16, 25], [45, 13], [24, 52], [62, 33], [22, 39], [17, 39], [21, 41], [21, 2], [1, 74], [43, 54], [50, 30], [53, 72], [56, 50], [2, 73], [20, 36], [13, 51], [28, 30], [65, 21], [74, 51], [6, 64], [19, 37], [60, 73], [52, 56], [68, 45], [46, 14], [15, 39], [68, 66], [1, 61], [7, 50], [66, 3], [68, 4], [13, 35], [27, 24], [17, 74], [70, 35], [57, 48], [42, 8], [1, 11], [3, 62], [57, 62], [68, 8], [70, 71], [72, 23], [63, 20], [50, 47], [72, 24], [56, 52], [35, 18], [60, 6], [68, 44], [62, 67], [21, 73], [53, 26], [67, 63], [10, 37], [64, 49], [28, 61], [3, 49], [72, 16], [44, 65], [12, 4], [51, 70], [74, 68], [73, 44], [39, 12], [38, 49], [31, 24], [58, 11], [38, 40], [39, 45], [3, 7], [71, 32], [63, 30], [51, 47], [68, 46], [19, 60], [22, 41], [43, 73], [60, 39], [30, 7], [53, 19], [39, 46], [3, 68], [63, 23], [66, 0], [58, 60], [34, 32], [61, 28], [74, 35], [55, 53], [71, 66], [72, 20], [40, 33], [18, 71], [67, 34], [7, 74], [40, 55], [61, 69], [55, 31], [68, 51], [21, 18], [62, 50], [15, 46], [66, 60], [72, 72], [46, 33], [68, 43], [38, 30], [61, 13], [15, 41], [26, 59], [33, 33], [65, 12], [41, 57], [17, 12], [52, 49], [15, 51], [32, 48], [18, 74], [65, 57], [48, 2], [36, 45], [56, 44], [74, 7], [54, 65], [7, 49], [29, 16], [14, 57], [59, 64], [34, 41], [10, 17], [49, 43], [74, 27], [38, 21], [57, 29], [50, 67], [55, 37], [18, 34], [65, 10], [26, 73], [20, 28], [69, 5], [34, 2], [39, 61], [27, 69], [73, 67], [45, 16], [67, 26], [19, 67], [50, 71], [56, 53], [47, 29], [8, 54], [19, 56], [71, 1], [69, 43], [47, 39], [66, 53], [42, 73], [55, 52], [68, 70], [68, 17], [42, 45], [42, 71], [19, 12], [26, 72], [55, 58], [43, 60], [31, 36], [47, 47], [58, 65], [69, 53], [30, 36], [61, 57], [62, 42], [20, 31], [59, 54], [69, 55], [11, 33], [14, 36], [74, 50], [56, 65], [50, 22], [47, 23], [12, 42], [37, 1], [72, 45], [70, 11], [38, 72], [11, 29], [23, 59], [49, 25], [53, 50], [43, 71], [73, 29], [59, 17], [62, 29], [55, 44], [27, 70], [46, 29], [2, 59], [30, 16], [45, 66], [65, 3], [59, 13], [60, 62], [48, 7], [53, 36], [70, 5], [71, 11], [50, 2], [55, 2], [36, 72], [47, 2], [44, 68], [25, 3], [57, 35], [4, 44], [64, 69], [37, 71], [18, 70], [47, 49], [59, 11], [46, 22], [32, 50], [7, 47], [56, 8], [30, 41], [38, 37], [20, 68], [52, 7], [68, 10], [45, 6], [14, 12], [43, 2], [59, 61], [74, 31], [50, 33], [29, 15], [14, 55], [50, 43], [44, 24], [73, 37], [50, 4], [51, 51], [1, 10], [28, 9], [52, 14], [45, 44], [20, 35], [24, 58], [40, 54], [74, 38], [22, 13], [42, 38], [60, 42], [52, 13], [25, 32], [55, 5], [34, 38], [39, 49], [22, 47], [14, 72], [56, 27], [58, 59], [67, 28], [16, 66], [46, 50], [66, 26], [48, 37], [50, 66], [67, 35], [64, 6], [34, 35], [58, 31], [21, 30], [32, 60], [38, 67], [58, 23], [70, 2], [49, 61], [20, 5], [39, 10], [63, 1], [30, 69], [50, 45], [17, 44], [60, 66], [46, 16], [74, 2], [60, 3], [49, 19], [40, 25], [30, 72], [36, 42], [34, 8], [29, 36], [28, 71], [49, 53], [16, 47], [31, 50], [30, 43], [24, 60], [21, 62], [23, 8], [61, 70], [37, 5], [52, 22], [2, 65], [45, 33], [44, 66], [33, 60], [14, 28], [1, 64], [33, 2], [62, 23], [72, 41], [23, 48], [30, 66], [65, 61], [36, 37], [10, 69], [65, 42], [65, 71], [28, 37], [30, 68], [56, 31], [38, 15], [38, 43], [45, 55], [68, 6], [2, 52], [49, 10], [74, 55], [2, 3], [9, 3], [0, 6], [12, 56], [22, 36], [72, 28], [56, 9], [62, 4], [64, 32], [21, 43], [18, 50], [40, 66], [40, 24], [22, 19], [61, 60], [66, 47], [3, 9], [70, 8], [28, 74], [17, 37], [11, 44], [61, 42], [24, 31], [57, 70], [72, 42], [65, 34], [35, 68], [19, 23], [73, 8], [52, 57], [13, 49], [15, 44], [58, 12], [41, 9], [40, 36], [74, 48], [34, 4], [71, 62], [48, 14], [48, 40], [35, 48], [5, 0], [33, 20], [73, 22], [29, 21], [69, 17], [50, 68], [53, 37], [71, 51], [70, 42], [63, 31], [39, 18], [66, 24], [39, 21], [33, 41], [18, 43], [16, 42], [55, 74], [43, 34], [31, 41], [14, 29], [55, 62], [24, 22], [67, 33], [64, 18], [67, 20], [74, 45], [27, 13], [41, 70], [53, 70], [63, 3], [62, 38], [58, 42], [23, 30], [61, 23], [62, 40], [34, 47], [26, 64], [35, 7], [19, 62], [47, 34], [54, 6], [67, 60], [17, 23], [1, 32], [44, 51], [73, 24], [60, 12], [64, 15], [73, 20], [0, 9], [36, 48], [45, 30], [11, 24], [49, 0], [63, 74], [69, 58], [19, 69], [66, 10], [54, 46], [36, 4], [13, 20], [16, 70], [59, 49], [49, 24], [70, 59], [51, 48], [15, 34], [42, 9], [48, 44], [2, 34], [59, 44], [38, 70], [20, 44], [56, 5], [54, 41], [14, 0], [34, 64], [51, 63], [24, 57], [64, 70], [68, 2], [0, 18], [20, 49], [61, 68], [40, 45], [54, 72], [47, 50], [17, 62], [49, 46], [17, 18], [11, 74], [57, 31], [74, 13], [70, 60], [15, 45], [34, 7], [64, 73], [34, 34], [55, 50], [65, 41], [67, 68], [33, 68], [44, 27], [49, 47], [10, 14], [57, 42], [63, 5], [41, 24], [1, 66], [22, 27], [59, 27], [32, 2], [10, 73], [6, 60], [60, 9], [2, 53], [21, 56], [17, 45], [45, 35], [42, 43], [33, 58], [51, 71], [37, 62], [13, 31], [57, 1], [26, 53], [54, 67], [72, 39], [24, 70], [29, 54], [61, 0], [52, 70], [47, 10], [16, 9], [49, 70], [53, 42], [67, 12], [56, 28], [69, 0], [24, 40], [68, 3], [0, 15], [3, 2], [8, 48], [69, 18], [74, 0], [39, 4], [49, 51], [27, 60], [14, 59], [20, 30], [59, 32], [59, 62], [44, 50], [60, 52], [64, 30], [62, 13], [53, 0], [48, 51], [34, 10], [8, 45], [17, 47], [23, 65], [70, 20], [16, 58], [38, 44], [52, 66], [18, 73], [56, 72], [1, 1], [35, 19], [37, 48], [39, 7], [2, 4], [70, 70], [49, 52], [48, 24], [3, 63], [50, 65], [47, 71], [66, 70], [6, 67], [53, 40], [66, 59], [14, 10], [42, 42], [37, 51], [3, 0], [30, 28], [23, 50], [32, 23], [66, 27], [56, 33], [33, 70], [26, 3], [50, 12], [34, 6], [48, 32], [2, 12], [29, 68], [17, 70], [28, 40], [56, 3], [33, 37], [61, 62], [51, 33], [59, 1], [48, 70], [48, 72], [55, 6], [66, 12], [55, 67], [20, 32], [61, 37], [73, 66], [44, 35], [5, 40], [45, 45], [15, 65], [31, 73], [42, 4], [36, 56], [21, 59], [19, 25], [59, 26], [32, 61], [65, 8], [25, 68], [67, 57], [56, 6], [9, 58], [70, 4], [50, 44], [64, 14], [38, 42], [55, 36], [25, 2], [32, 40], [37, 38], [66, 49], [43, 39], [29, 8], [52, 46], [16, 37], [56, 63], [46, 72], [2, 33], [73, 11], [64, 12], [36, 67], [47, 70], [33, 54], [46, 51], [51, 59], [33, 9], [30, 31], [26, 56], [13, 26], [16, 65], [45, 19], [18, 51], [16, 50], [7, 55], [50, 7], [3, 46], [10, 6], [57, 16], [31, 39], [25, 53], [18, 36], [35, 22], [71, 61], [71, 40], [46, 8], [60, 68], [53, 27], [63, 68], [72, 59], [34, 1], [64, 2], [2, 43], [25, 7], [66, 15], [36, 6], [45, 72], [61, 41], [64, 55], [4, 46], [27, 50], [27, 22], [12, 62], [65, 20], [50, 31], [57, 58], [73, 14], [52, 17], [15, 1], [19, 32], [70, 54], [63, 9], [47, 11], [35, 13], [72, 18], [43, 16], [65, 2], [29, 6], [52, 51], [23, 29], [33, 51], [52, 43], [53, 63], [72, 32], [52, 3], [74, 37], [54, 51], [2, 41], [67, 47], [21, 46], [68, 22], [59, 68], [17, 42], [64, 52], [21, 20], [31, 54], [6, 45], [22, 49], [73, 48], [5, 65], [62, 63], [53, 29], [53, 55], [34, 51], [46, 49], [45, 7], [32, 52], [47, 8], [53, 46], [21, 67], [9, 74], [53, 57], [71, 29], [52, 61], [16, 40], [30, 62], [44, 28], [3, 52], [70, 1], [20, 56], [65, 26], [54, 7], [37, 18], [58, 39], [56, 2], [27, 61], [42, 53], [23, 61], [69, 41], [10, 30], [52, 35], [56, 30], [23, 32], [42, 72], [12, 73], [61, 24], [10, 19], [17, 29], [19, 38], [32, 35], [49, 65], [19, 46], [64, 33], [14, 8], [44, 36], [54, 1], [26, 0], [32, 55], [29, 56], [40, 22], [34, 45], [18, 32], [60, 48], [60, 23], [30, 0], [44, 31], [69, 73], [65, 53], [67, 4], [54, 40], [63, 19], [29, 44], [28, 67], [44, 56], [33, 36], [65, 63], [17, 43], [46, 37], [32, 3], [49, 28], [55, 25], [19, 21], [30, 24], [32, 24], [61, 45], [47, 38], [39, 74], [20, 67], [18, 64], [60, 71], [72, 7], [66, 64], [42, 65], [20, 52], [40, 73], [23, 69], [62, 0], [62, 21], [21, 53], [31, 71], [44, 33], [29, 28], [59, 55], [61, 38], [37, 53], [58, 73], [15, 40], [72, 69], [37, 50], [38, 69], [58, 53], [52, 25], [43, 23], [36, 14], [21, 35], [16, 56], [67, 56], [40, 53], [23, 43], [60, 46], [41, 21], [51, 28], [29, 47], [5, 7], [71, 24], [14, 53], [57, 38], [4, 63], [68, 12], [31, 52], [16, 61], [28, 29], [72, 17], [7, 29], [37, 21], [64, 24], [72, 74], [62, 22], [32, 66], [0, 38], [29, 53], [59, 7], [44, 49], [29, 14], [46, 26], [48, 71], [36, 74], [57, 74], [25, 50], [61, 35], [2, 60], [46, 25], [53, 5], [29, 40], [56, 41], [2, 66], [47, 27], [54, 28], [34, 5], [1, 43], [44, 25], [23, 60], [22, 35], [65, 66], [22, 43], [41, 0], [27, 29], [65, 29], [46, 73], [15, 37], [53, 34], [2, 36], [45, 50], [29, 3], [12, 72], [10, 74], [49, 30], [20, 25], [61, 55], [14, 56], [18, 65], [42, 62], [45, 40], [37, 40], [10, 38], [32, 6], [15, 64], [49, 40], [74, 21], [52, 20], [1, 44], [43, 36], [46, 10], [74, 74], [69, 28], [30, 32], [50, 34], [55, 16], [10, 70], [62, 32], [8, 36], [17, 32], [60, 69], [72, 52], [49, 21], [41, 22], [51, 29], [29, 62], [74, 16], [48, 21], [56, 57], [11, 46], [65, 19], [22, 8], [56, 35], [31, 66], [25, 66], [25, 54], [25, 70], [26, 49], [45, 37], [45, 24], [13, 23], [31, 44], [25, 23], [66, 20], [24, 61], [29, 64], [72, 51], [12, 61], [23, 41], [40, 7], [42, 40], [0, 56], [70, 15], [36, 41], [16, 72], [0, 7], [72, 47], [45, 46], [59, 40], [64, 22], [66, 18], [70, 17], [62, 27], [34, 66], [67, 51], [53, 6], [14, 52], [22, 24], [58, 13], [73, 0], [45, 25], [71, 37], [42, 6], [70, 46], [9, 45], [73, 21], [74, 11], [32, 68], [65, 6], [70, 66], [32, 0], [42, 35], [2, 46], [64, 39], [45, 9], [63, 65], [34, 18], [44, 60], [57, 19], [29, 37], [22, 62], [62, 20], [50, 35], [68, 5], [41, 16], [60, 18], [68, 58], [68, 36], [11, 37], [25, 26], [34, 55], [39, 8], [35, 26], [13, 17], [63, 57], [17, 57], [58, 52], [27, 4], [9, 57], [29, 46], [61, 43], [45, 15], [43, 3], [27, 46], [69, 60], [56, 34], [31, 53], [48, 61], [22, 34], [39, 30], [33, 5], [30, 5], [62, 24], [8, 9], [41, 32], [44, 41], [52, 68], [68, 7], [24, 67], [48, 53], [67, 49], [34, 52], [39, 24], [39, 35], [26, 23], [25, 48], [11, 43], [26, 52], [52, 11], [0, 49], [65, 48], [26, 46], [17, 48], [9, 31], [41, 71], [52, 36], [69, 47], [33, 42], [74, 36], [24, 0], [40, 69], [54, 36], [4, 71], [1, 62], [6, 54], [22, 40], [19, 16], [67, 43], [19, 33], [58, 63], [32, 33], [27, 59], [29, 20], [18, 67], [50, 1], [52, 30], [15, 74], [46, 24], [10, 56], [30, 49], [47, 6], [21, 3], [22, 57], [48, 17], [28, 36], [9, 11], [35, 41], [54, 8], [42, 7], [25, 11], [58, 55], [37, 74], [56, 47], [48, 9], [49, 62], [43, 53], [30, 53], [28, 16], [2, 9], [11, 69], [42, 23], [66, 58], [69, 42], [58, 47], [43, 46], [43, 45], [36, 50], [52, 44], [42, 51], [42, 49], [61, 31], [74, 28], [48, 35], [25, 45], [73, 4], [45, 70], [65, 7], [34, 74], [40, 26], [56, 51], [39, 72], [72, 54], [73, 47], [72, 19], [71, 55], [20, 74], [2, 57], [21, 65], [32, 13], [11, 56], [21, 58], [23, 72], [56, 59], [41, 36], [29, 66], [65, 65], [55, 9], [35, 66], [45, 18], [40, 38], [51, 38], [28, 15], [61, 2], [56, 20], [50, 55], [24, 38], [48, 22], [61, 53], [13, 36], [2, 44], [11, 57], [44, 30], [22, 45], [25, 73], [1, 53], [19, 52], [45, 4], [23, 55], [33, 52], [54, 69], [32, 62], [39, 34], [64, 28], [18, 60], [16, 52], [64, 42], [0, 53], [44, 70], [24, 54], [52, 42], [16, 10], [64, 64], [46, 19], [38, 3], [33, 38], [67, 58], [61, 56], [38, 38], [16, 12], [11, 58], [4, 59], [52, 0], [13, 19], [45, 48], [67, 74], [1, 59], [10, 33], [39, 9], [38, 18], [34, 29], [12, 47], [19, 49], [65, 0], [70, 44], [8, 2], [62, 7], [74, 44], [55, 68], [28, 25], [34, 48], [60, 64], [68, 53], [63, 58], [40, 43], [52, 40], [23, 25], [60, 61], [24, 42], [8, 52], [45, 0], [29, 72], [21, 72], [32, 45], [38, 65], [25, 47], [73, 28], [48, 36], [12, 60], [25, 58], [73, 9], [59, 67], [22, 60], [25, 17], [4, 48], [62, 43], [59, 3], [32, 41], [15, 33], [50, 63], [40, 11], [71, 16], [41, 51], [49, 7], [23, 45], [17, 36], [34, 50], [46, 58], [8, 37], [48, 16], [41, 31], [11, 23], [47, 74], [19, 64], [17, 40], [67, 16], [4, 0], [16, 17], [21, 48], [45, 14], [69, 6], [66, 35], [19, 54], [42, 47], [53, 20], [28, 58], [29, 7], [3, 3], [49, 32], [64, 44], [57, 67], [35, 51], [60, 44], [30, 59], [9, 65], [59, 59], [60, 20], [19, 47], [47, 9], [44, 14], [70, 74], [39, 2], [25, 16], [55, 63], [4, 53], [62, 54], [65, 46], [54, 32], [71, 22], [32, 70], [61, 54], [23, 52], [71, 54], [34, 69], [20, 34], [43, 7], [61, 14], [66, 74], [74, 42], [68, 9], [73, 41], [50, 61], [71, 4], [62, 35], [64, 26], [9, 52], [37, 36], [50, 32], [18, 44], [6, 43], [11, 45], [74, 5], [29, 50], [63, 63], [36, 68], [71, 39], [65, 14], [51, 72], [27, 64], [54, 17], [47, 43], [58, 20], [70, 36], [54, 66], [53, 52], [32, 32], [69, 48], [35, 1], [11, 61], [48, 23], [51, 21], [13, 44], [56, 61], [23, 66], [13, 27], [50, 49], [10, 55], [65, 35], [51, 1], [4, 31], [69, 10], [72, 6], [64, 17], [55, 4], [53, 33], [43, 5], [63, 14], [64, 5], [42, 48], [31, 72], [27, 36], [15, 47], [30, 51], [34, 24], [52, 19], [39, 50], [5, 57], [20, 42], [55, 64], [4, 13], [28, 62], [71, 2], [39, 66], [21, 47], [33, 7], [64, 50], [68, 42], [29, 29], [52, 26], [71, 68], [5, 56], [36, 65], [64, 27], [10, 13], [64, 58], [46, 9], [58, 5], [58, 28], [41, 2], [64, 63], [3, 37], [26, 70], [73, 34], [26, 65], [49, 27], [58, 26], [46, 1], [66, 4], [17, 52], [39, 53], [42, 22], [0, 33], [52, 1], [0, 58], [34, 54], [68, 11], [69, 46], [6, 63], [74, 26], [61, 30], [17, 35], [56, 74], [19, 71], [67, 6], [5, 62], [54, 45], [37, 58], [39, 1], [47, 21], [66, 6], [54, 10], [15, 10], [18, 47], [16, 43], [21, 71], [60, 34], [17, 50], [2, 56], [34, 58], [69, 37], [0, 67], [42, 37], [23, 40], [12, 45], [22, 11], [51, 27], [59, 25], [1, 60], [73, 1], [43, 52], [66, 25], [27, 19], [32, 63], [28, 2], [26, 11], [54, 12], [3, 35], [46, 47], [27, 68], [4, 74], [63, 21], [51, 5], [24, 73], [52, 74], [63, 45], [73, 49], [9, 68], [69, 68], [68, 18], [55, 3], [37, 52], [43, 8], [14, 49], [36, 47], [39, 16], [51, 13], [22, 66], [34, 71], [52, 31], [54, 52], [30, 47], [1, 46], [32, 59], [69, 19], [70, 47], [35, 4], [64, 48], [51, 50], [40, 23], [32, 36], [3, 11], [74, 12], [38, 54], [56, 45], [56, 69], [8, 46], [29, 51], [40, 41], [56, 46], [69, 64], [10, 32], [8, 56], [35, 34], [62, 55], [16, 32], [4, 41], [74, 70], [43, 49], [49, 38], [21, 31], [18, 29], [16, 39], [1, 55], [24, 66], [65, 74], [53, 24], [33, 46], [24, 16], [38, 60], [15, 57], [43, 28], [49, 59], [19, 63], [10, 35], [44, 1], [36, 24], [32, 26], [55, 72], [35, 39], [70, 69], [60, 37], [39, 5], [67, 14], [44, 7], [29, 67], [20, 58], [29, 71], [50, 73], [22, 46], [49, 72], [42, 5], [26, 35], [44, 4], [74, 18], [43, 64], [40, 65], [24, 5], [70, 73], [9, 44], [63, 33], [63, 0], [68, 39], [39, 37], [16, 23], [62, 15], [9, 59], [72, 33], [36, 46], [58, 74], [33, 43], [23, 62], [0, 40], [1, 39], [49, 54], [24, 46], [56, 14], [35, 69], [9, 33], [40, 31], [1, 12], [74, 52], [7, 68], [54, 59], [73, 18], [20, 61], [73, 33], [73, 50], [67, 25], [65, 64], [64, 19], [0, 31], [58, 4], [58, 46], [55, 61], [35, 40], [25, 40], [41, 7], [3, 60], [47, 46], [24, 65], [67, 64], [9, 6], [37, 25], [57, 3], [54, 42], [28, 11], [54, 55], [65, 5], [43, 21], [41, 49], [33, 53], [63, 42], [30, 10], [53, 4], [50, 46], [31, 5], [58, 51], [28, 4], [35, 45], [22, 29], [36, 62], [3, 51], [50, 18], [15, 13], [27, 3], [12, 33], [54, 73], [64, 23], [7, 56], [43, 12], [69, 4], [58, 54], [41, 28], [12, 46], [46, 21], [73, 35], [53, 62], [46, 44], [36, 60], [60, 26], [54, 49], [33, 3], [18, 15], [68, 55], [53, 17], [3, 1], [44, 63], [21, 12], [67, 22], [24, 72], [70, 53], [54, 21], [47, 0], [23, 71], [39, 63], [18, 30], [56, 58], [68, 47], [66, 46], [1, 65], [73, 17], [62, 12], [74, 34], [18, 27], [70, 19], [19, 31], [34, 68], [18, 17], [30, 45], [31, 45], [21, 36], [32, 4], [10, 53], [22, 10], [16, 44], [37, 60], [12, 39], [40, 37], [71, 34], [57, 60], [45, 21], [43, 4], [51, 37], [74, 3], [41, 45], [55, 35], [32, 56], [7, 22], [28, 5], [71, 46], [46, 32], [70, 48], [51, 26], [14, 42], [30, 35], [2, 22], [6, 55], [44, 40], [60, 2], [5, 55], [69, 2], [44, 55], [71, 74], [21, 50], [60, 36], [38, 64], [70, 43], [17, 25], [47, 55], [42, 18], [73, 64], [30, 46], [62, 39], [51, 3], [70, 7], [22, 9], [68, 1], [71, 0], [30, 58], [47, 30], [41, 67], [15, 73], [28, 14], [36, 71], [27, 21], [61, 52], [65, 52], [58, 35], [53, 49], [63, 12], [31, 64], [20, 37], [40, 17], [18, 69], [73, 72], [68, 64], [15, 11], [67, 18], [16, 49], [44, 43], [69, 31], [29, 24], [73, 12], [39, 38], [0, 45], [25, 61], [55, 51], [6, 4], [51, 2], [42, 13], [13, 56], [46, 36], [65, 69], [4, 2], [28, 18], [18, 10], [26, 14], [35, 32], [11, 14], [71, 6], [5, 35], [2, 13], [55, 1], [44, 21], [35, 43], [21, 44], [4, 54], [72, 65], [38, 39], [62, 19], [48, 38], [64, 71], [36, 39], [51, 34], [56, 7], [46, 6], [50, 37], [24, 33], [66, 62], [27, 53], [67, 52], [22, 52], [26, 40], [12, 30], [41, 35], [19, 53], [22, 74], [0, 63], [67, 48], [63, 73], [28, 41], [62, 41], [7, 35], [33, 8], [47, 19], [46, 23], [47, 45], [63, 35], [0, 32], [47, 12], [69, 39], [37, 45], [28, 42], [61, 66], [71, 50], [45, 1], [37, 30], [37, 63], [52, 65], [55, 29], [25, 57], [1, 34], [29, 41], [56, 38], [18, 33], [30, 61], [50, 36], [38, 53], [18, 48], [18, 54], [54, 48], [63, 43], [48, 15], [52, 72], [51, 31], [42, 25], [51, 25], [14, 48], [12, 40], [59, 10], [30, 54], [9, 43], [38, 2], [11, 47], [74, 61], [14, 68], [54, 50], [53, 61], [30, 12], [42, 26], [44, 17], [58, 24], [15, 49], [37, 54], [6, 46], [57, 5], [20, 23], [24, 49], [10, 65], [64, 35], [38, 1], [37, 70], [21, 21], [47, 69], [24, 45], [30, 64], [10, 59], [26, 47], [61, 20], [20, 47], [41, 20], [36, 38], [67, 73], [4, 66], [61, 9], [52, 16], [30, 52], [59, 74], [5, 2], [23, 13], [63, 8], [29, 74], [4, 14], [56, 22], [28, 47], [59, 5], [58, 30], [43, 70], [62, 49], [66, 22], [4, 3], [32, 74], [59, 34], [14, 11], [39, 14], [34, 33], [53, 38], [69, 12], [61, 21], [73, 15], [42, 30], [58, 33], [28, 39], [72, 2], [13, 32], [65, 22], [6, 1], [20, 46], [63, 62], [31, 58], [0, 59], [5, 63], [63, 40], [1, 37], [25, 63], [41, 34], [15, 59], [49, 66], [16, 73], [27, 58], [23, 63], [10, 49], [36, 44], [23, 24], [71, 19], [35, 50], [70, 56], [32, 21], [51, 10], [43, 66], [21, 63], [66, 72], [42, 19], [2, 64], [23, 57], [21, 61], [12, 55], [6, 62], [60, 11], [28, 69], [0, 5], [15, 43], [20, 14], [24, 51], [62, 16], [58, 56], [30, 27], [47, 24], [43, 57], [69, 45], [66, 69], [8, 51], [59, 35], [47, 44], [25, 5], [26, 32], [33, 45], [41, 64], [39, 26], [6, 74], [60, 22], [66, 68], [36, 23], [73, 63], [58, 61], [46, 68], [20, 33], [3, 59], [61, 72], [41, 48], [29, 12], [42, 44], [29, 69], [41, 73], [52, 54], [73, 39], [59, 2], [49, 57], [0, 0], [11, 36], [25, 34], [66, 43], [73, 23], [7, 61], [74, 60], [37, 72], [45, 5], [31, 59], [47, 4], [3, 66], [9, 16], [14, 45], [71, 23], [12, 10], [49, 2], [69, 51], [53, 9], [67, 2], [66, 31], [5, 31], [61, 29], [25, 18], [38, 34], [21, 49], [34, 72], [27, 43], [39, 42], [24, 34], [11, 48], [34, 63], [12, 31], [47, 1], [68, 15], [25, 1], [9, 39], [34, 27], [13, 48], [1, 31], [27, 2], [57, 54], [70, 22], [1, 63], [33, 44], [59, 69], [33, 57], [51, 40], [39, 73], [20, 43], [38, 46], [64, 54], [72, 11], [35, 46], [6, 35], [44, 57], [54, 34], [32, 44], [60, 7], [47, 3], [63, 53], [18, 42], [12, 49], [43, 69], [4, 72], [36, 59], [1, 54], [35, 33], [70, 30], [26, 61], [71, 8], [68, 60], [44, 48], [46, 41], [3, 5], [11, 40], [11, 54], [27, 51], [8, 72], [20, 11], [71, 52], [39, 48], [54, 39], [59, 56], [56, 49], [61, 46], [0, 8], [55, 7], [66, 16], [1, 71], [43, 1], [71, 48], [14, 46], [13, 43], [50, 64], [67, 53], [25, 46], [11, 39], [61, 19], [54, 3], [19, 51], [17, 64], [14, 34], [33, 61], [22, 32], [72, 12], [25, 72], [72, 68], [46, 15], [41, 3], [7, 57], [25, 14], [58, 44], [53, 59], [74, 15], [67, 71], [24, 37], [33, 59], [10, 50], [45, 53], [48, 47], [51, 42], [23, 51], [40, 8], [31, 65], [21, 74], [34, 62], [50, 11], [32, 71], [61, 36], [35, 67], [39, 41], [38, 31], [44, 58], [19, 11], [28, 49], [46, 17], [26, 33], [36, 69], [20, 60], [13, 66], [55, 42], [29, 48], [28, 6], [69, 59], [55, 65], [36, 26], [72, 22], [73, 57], [73, 68], [71, 33], [45, 31], [67, 32], [73, 6], [54, 9], [52, 28], [56, 71], [72, 15], [14, 65], [21, 24], [71, 27], [57, 36], [23, 1], [56, 18], [67, 5], [60, 40], [24, 69], [26, 4], [36, 51], [23, 19], [61, 7], [2, 51], [28, 19], [38, 0], [52, 39], [28, 57], [52, 53], [52, 64], [35, 42], [0, 57], [62, 25], [72, 44], [60, 47], [37, 43], [64, 21], [42, 0], [38, 58], [45, 73], [59, 57], [24, 8], [45, 39], [31, 69], [31, 0], [48, 45], [20, 72], [30, 48], [69, 25], [1, 17], [44, 74], [4, 12], [51, 45], [63, 37], [29, 22], [4, 37], [36, 16], [66, 41], [7, 53], [25, 28], [29, 73], [72, 0], [52, 15], [46, 4], [64, 66], [27, 38], [72, 73], [29, 61], [48, 12], [36, 33], [60, 5], [68, 48], [73, 46], [74, 54], [48, 26], [58, 40], [67, 70], [66, 71], [4, 57], [67, 61], [54, 68], [20, 73], [49, 48], [21, 32], [22, 21], [27, 16], [31, 68], [24, 55], [37, 47], [23, 53], [72, 25], [57, 34], [23, 36], [72, 34], [9, 28], [43, 11], [23, 73], [62, 44], [22, 37], [64, 43], [58, 48], [26, 12], [27, 63], [70, 32], [1, 9], [39, 3], [38, 73], [3, 33], [34, 42], [42, 74], [57, 32], [36, 57], [58, 45], [47, 48], [57, 71], [65, 11], [70, 68], [61, 40], [54, 74], [12, 36], [10, 57], [14, 67], [40, 3], [35, 3], [15, 50], [5, 59], [40, 16], [71, 41], [56, 55], [61, 33], [46, 0], [3, 73], [25, 30], [26, 57], [2, 71], [43, 24], [52, 62], [4, 55], [47, 63], [20, 41], [40, 5], [66, 55], [57, 50], [73, 54], [28, 66], [2, 50], [43, 29], [28, 64], [72, 38], [47, 72], [17, 46], [33, 4], [23, 58], [58, 70], [49, 42], [31, 2], [54, 35], [74, 62], [13, 33], [71, 49], [29, 60], [48, 59], [40, 29], [42, 52], [23, 74], [61, 49], [64, 72], [29, 32], [61, 1], [48, 29], [56, 66], [4, 58], [26, 51], [52, 9], [59, 41], [20, 40], [55, 70], [61, 4], [31, 33], [50, 9], [42, 46], [73, 71], [53, 53], [27, 0], [52, 71], [34, 39], [55, 47], [72, 36], [42, 21], [57, 57], [65, 44], [72, 13], [39, 51], [11, 42], [71, 64], [18, 21], [64, 10], [32, 29], [54, 60], [9, 15], [59, 30], [60, 51], [49, 69], [57, 39], [68, 0], [20, 22], [52, 23], [54, 19], [5, 53], [14, 20], [58, 68], [1, 30], [58, 41], [23, 64], [65, 51], [30, 55], [66, 14], [74, 72], [13, 58], [21, 34], [30, 8], [38, 36], [64, 3], [46, 38], [72, 67], [7, 11], [51, 49], [69, 7], [70, 33], [29, 45], [0, 64], [38, 71], [43, 17], [24, 71], [12, 19], [40, 46], [32, 10], [48, 63], [55, 32], [6, 31], [3, 31], [27, 49], [58, 49], [29, 4], [33, 62], [41, 29], [49, 56], [22, 30], [59, 58], [30, 44], [55, 54], [41, 27], [57, 43], [27, 73], [70, 18], [67, 45], [3, 61], [51, 67], [32, 67], [51, 35], [58, 38], [15, 42], [29, 49], [29, 57], [47, 37], [70, 16], [70, 41], [57, 40], [48, 48], [35, 73], [15, 48], [36, 52], [57, 41], [58, 43], [47, 52], [67, 40], [74, 41], [66, 48], [42, 70], [48, 13], [42, 2], [31, 57], [33, 21], [49, 44], [63, 11], [17, 54], [48, 66], [65, 60], [11, 52], [37, 39], [73, 69], [65, 17], [63, 36], [62, 58], [73, 32], [65, 56], [63, 15], [71, 42], [71, 17], [71, 13], [44, 22], [69, 40], [45, 2], [50, 54], [59, 24], [62, 62], [51, 60], [17, 38], [74, 43], [67, 36], [54, 64], [47, 51], [19, 74], [59, 28], [58, 29], [62, 46], [68, 37], [50, 58], [35, 60], [16, 28], [58, 67], [61, 6], [45, 32], [55, 30], [21, 17], [23, 39], [62, 74], [35, 44], [55, 11], [3, 10], [67, 23], [64, 41], [20, 51], [51, 7], [70, 9], [64, 36], [73, 25], [62, 64], [59, 6], [66, 30], [60, 19], [72, 8], [10, 64], [33, 50], [46, 28], [66, 54], [55, 49], [10, 15], [68, 49], [39, 57], [43, 13], [69, 27], [28, 24], [71, 72], [27, 31], [53, 71], [22, 44], [49, 22], [40, 40], [74, 19], [67, 8], [46, 18], [69, 66], [7, 14], [64, 34], [50, 26], [63, 70], [44, 32], [25, 56], [27, 23], [27, 10], [27, 35], [54, 25], [6, 50], [66, 21], [11, 50], [25, 20], [3, 57], [64, 45], [42, 55], [65, 58], [25, 55], [66, 56], [57, 64], [22, 71], [48, 4], [33, 72], [35, 71], [4, 45], [20, 39], [59, 18], [69, 36], [57, 56], [61, 17], [5, 33], [34, 70], [1, 73], [40, 42], [21, 57], [33, 47], [3, 48], [50, 38], [48, 46], [45, 59], [62, 47], [69, 20], [54, 27], [50, 0], [67, 55], [44, 38], [60, 43], [70, 55], [26, 37], [0, 55], [72, 5], [49, 73], [23, 14], [61, 8], [21, 55], [69, 30], [9, 64], [19, 45], [13, 60], [65, 32], [55, 69], [23, 46], [32, 1], [39, 25], [25, 67], [17, 67], [24, 4], [69, 11], [53, 65], [44, 13], [68, 50], [45, 3], [57, 12], [3, 47], [53, 58], [7, 44], [49, 29], [16, 48], [17, 69], [21, 42], [68, 16], [25, 31], [66, 39], [57, 51], [69, 52], [37, 34], [71, 59], [0, 44], [35, 27], [50, 10], [73, 10], [64, 8], [8, 61], [16, 54], [52, 58], [59, 73], [34, 43], [0, 11], [7, 32], [18, 28], [50, 56], [57, 47], [23, 4], [18, 37], [53, 43], [26, 71], [37, 15], [47, 36], [17, 31], [3, 43], [20, 62], [68, 74], [13, 5], [12, 70], [70, 10], [26, 43], [7, 48], [8, 13], [60, 32], [9, 51], [57, 9], [13, 74], [34, 46], [66, 32], [63, 44], [38, 61], [15, 18], [6, 3], [54, 54], [64, 62]]}