{"meta": {"number_of_robots": 1688, "description": {"parameters": {"seed": 1546, "shape": [75, 75], "obstacles": {"n": 0, "mean": 0, "std": 0.0}, "clusters": {"n": 40, "mean": 40, "std": 20.0, "relative_radius": 2, "increase_factor": 1.3, "start_dist": {"generator_name": "uniform", "shape": [75, 75], "min": 1.0, "max": 1.0, "mean": 1.0, "std": 0.0, "dtype": "float64", "parameters": {}}, "target_dist": {"generator_name": "uniform", "shape": [75, 75], "min": 1.0, "max": 1.0, "mean": 1.0, "std": 0.0, "dtype": "float64", "parameters": {}}}, "density": 0.3, "start_dist": {"generator_name": "uniform", "shape": [75, 75], "min": 1.0, "max": 1.0, "mean": 1.0, "std": 0.0, "dtype": "float64", "parameters": {}}, "target_dist": {"generator_name": "uniform", "shape": [75, 75], "min": 1.0, "max": 1.0, "mean": 1.0, "std": 0.0, "dtype": "float64", "parameters": {}}}, "stats": {"date": "2020-11-17", "free_area": 5625.0, "number_of_clustered_robots": 1624, "number_of_robots": 1688}}}, "name": "large_free_001_75x75_30_1688", "obstacles": [], "starts": [[49, 64], [15, 4], [36, 57], [63, 37], [27, 74], [46, 6], [47, 57], [39, 66], [31, 39], [41, 21], [36, 6], [6, 11], [30, 56], [43, 48], [26, 42], [43, 26], [66, 29], [43, 4], [73, 31], [8, 12], [34, 47], [51, 59], [49, 66], [44, 45], [24, 33], [70, 22], [4, 36], [9, 5], [65, 11], [64, 42], [63, 52], [71, 31], [25, 40], [65, 73], [58, 36], [25, 55], [51, 65], [69, 32], [19, 66], [61, 23], [26, 64], [40, 47], [63, 40], [59, 49], [74, 36], [41, 18], [36, 66], [44, 5], [12, 45], [49, 65], [67, 29], [72, 38], [5, 10], [71, 62], [5, 1], [25, 42], [50, 67], [23, 68], [63, 42], [40, 56], [9, 35], [31, 49], [41, 70], [20, 66], [66, 30], [39, 59], [61, 30], [69, 25], [36, 33], [48, 59], [21, 70], [56, 48], [66, 32], [45, 9], [42, 74], [46, 1], [19, 41], [45, 53], [23, 27], [71, 19], [24, 51], [73, 48], [34, 44], [11, 18], [66, 65], [7, 3], [22, 49], [54, 73], [19, 8], [6, 4], [73, 30], [63, 41], [16, 64], [59, 37], [38, 51], [42, 48], [62, 43], [74, 26], [5, 43], [51, 10], [19, 48], [44, 72], [21, 51], [70, 30], [38, 42], [41, 60], [43, 8], [14, 38], [47, 61], [57, 19], [56, 17], [58, 28], [72, 26], [65, 29], [73, 46], [31, 36], [43, 27], [8, 14], [71, 61], [4, 7], [19, 52], [46, 54], [53, 72], [49, 1], [18, 68], [28, 61], [54, 59], [73, 21], [51, 46], [30, 73], [52, 18], [55, 46], [40, 66], [70, 41], [47, 8], [50, 50], [27, 46], [42, 58], [2, 46], [24, 28], [71, 23], [31, 50], [41, 72], [28, 64], [66, 36], [70, 25], [33, 50], [11, 21], [70, 61], [51, 49], [9, 2], [18, 41], [66, 21], [60, 73], [17, 7], [47, 0], [38, 20], [5, 6], [74, 29], [61, 28], [70, 29], [25, 74], [42, 64], [38, 36], [25, 63], [62, 46], [48, 0], [11, 51], [47, 59], [49, 57], [36, 53], [43, 49], [64, 27], [10, 73], [52, 47], [56, 57], [70, 42], [67, 21], [4, 44], [6, 6], [68, 65], [64, 43], [52, 7], [18, 43], [8, 9], [33, 40], [40, 71], [14, 52], [67, 24], [36, 51], [53, 69], [31, 74], [50, 12], [16, 48], [28, 65], [37, 61], [29, 31], [60, 27], [66, 14], [58, 55], [66, 49], [63, 24], [66, 39], [74, 20], [13, 55], [74, 27], [63, 47], [53, 12], [39, 58], [30, 35], [38, 26], [0, 16], [72, 64], [41, 49], [6, 9], [27, 48], [50, 64], [8, 46], [38, 74], [57, 70], [11, 8], [45, 7], [8, 1], [32, 52], [44, 2], [72, 24], [20, 51], [43, 69], [16, 72], [27, 54], [58, 34], [63, 44], [42, 57], [74, 21], [72, 20], [64, 18], [50, 49], [26, 68], [50, 10], [55, 47], [70, 47], [37, 44], [3, 17], [70, 67], [20, 54], [2, 4], [23, 38], [41, 64], [57, 29], [43, 3], [41, 48], [45, 56], [55, 50], [27, 40], [72, 32], [72, 36], [34, 54], [56, 74], [5, 46], [38, 41], [28, 25], [64, 20], [40, 19], [26, 46], [51, 74], [47, 62], [21, 63], [17, 65], [72, 46], [70, 33], [63, 28], [67, 48], [44, 48], [20, 68], [3, 6], [71, 63], [29, 69], [60, 57], [8, 2], [27, 45], [45, 0], [23, 36], [73, 27], [45, 62], [26, 66], [56, 69], [17, 13], [51, 5], [39, 16], [1, 4], [39, 57], [70, 28], [73, 33], [59, 19], [67, 25], [33, 58], [69, 28], [10, 35], [68, 28], [67, 45], [28, 72], [58, 44], [18, 47], [48, 70], [38, 72], [26, 34], [48, 24], [9, 10], [65, 66], [29, 59], [69, 30], [55, 35], [41, 0], [12, 43], [71, 25], [7, 1], [33, 37], [52, 64], [37, 51], [42, 60], [41, 44], [59, 38], [43, 10], [29, 34], [57, 32], [49, 70], [43, 0], [14, 71], [16, 52], [48, 60], [50, 55], [64, 47], [27, 69], [69, 36], [47, 43], [7, 43], [25, 73], [6, 14], [66, 61], [38, 1], [14, 43], [70, 35], [44, 15], [31, 43], [7, 13], [22, 52], [40, 64], [58, 41], [41, 69], [72, 23], [16, 51], [68, 18], [67, 33], [30, 40], [57, 47], [42, 51], [54, 66], [15, 10], [1, 7], [69, 27], [68, 33], [26, 65], [71, 39], [67, 43], [51, 63], [41, 10], [51, 54], [11, 48], [22, 53], [10, 15], [65, 62], [46, 21], [28, 66], [40, 52], [20, 67], [5, 35], [6, 5], [18, 44], [42, 44], [28, 29], [65, 22], [66, 12], [61, 56], [56, 40], [61, 27], [30, 50], [40, 72], [72, 30], [73, 34], [38, 44], [20, 61], [33, 60], [74, 30], [59, 73], [70, 38], [69, 22], [46, 12], [24, 43], [42, 7], [39, 54], [36, 43], [39, 22], [8, 20], [66, 69], [34, 64], [53, 53], [47, 58], [24, 72], [67, 28], [8, 13], [30, 42], [13, 67], [58, 25], [73, 32], [45, 59], [0, 45], [65, 37], [42, 73], [47, 51], [53, 64], [16, 9], [65, 50], [48, 3], [45, 19], [39, 8], [7, 6], [31, 44], [49, 6], [70, 23], [23, 43], [48, 64], [21, 69], [11, 66], [60, 40], [60, 50], [43, 52], [8, 11], [72, 67], [68, 34], [65, 27], [70, 24], [18, 35], [68, 30], [50, 46], [5, 2], [27, 36], [30, 71], [45, 60], [36, 67], [28, 38], [24, 60], [50, 16], [61, 37], [68, 39], [44, 11], [22, 51], [10, 34], [64, 41], [48, 44], [60, 64], [55, 65], [36, 47], [45, 66], [36, 44], [72, 29], [9, 12], [65, 74], [19, 45], [53, 73], [57, 25], [57, 12], [65, 30], [18, 62], [9, 7], [21, 42], [29, 71], [10, 66], [65, 42], [66, 33], [19, 71], [41, 9], [36, 8], [40, 59], [38, 58], [58, 56], [14, 40], [65, 32], [67, 47], [59, 47], [68, 25], [38, 52], [15, 63], [56, 73], [10, 6], [8, 7], [69, 26], [9, 32], [27, 33], [43, 28], [7, 11], [65, 65], [67, 42], [24, 31], [62, 20], [30, 70], [38, 54], [44, 6], [20, 47], [0, 8], [22, 43], [50, 73], [56, 55], [44, 61], [42, 10], [17, 49], [18, 60], [18, 69], [69, 35], [72, 43], [74, 31], [41, 62], [40, 53], [62, 27], [62, 38], [42, 52], [46, 65], [43, 2], [21, 68], [7, 7], [72, 62], [66, 25], [63, 33], [28, 69], [18, 54], [39, 19], [0, 37], [51, 51], [34, 46], [10, 11], [25, 52], [52, 9], [11, 39], [70, 26], [35, 35], [72, 39], [48, 58], [23, 48], [51, 71], [18, 73], [70, 43], [44, 53], [15, 65], [50, 69], [15, 7], [50, 0], [54, 62], [33, 69], [51, 12], [5, 7], [45, 52], [69, 24], [26, 33], [67, 19], [4, 9], [57, 18], [50, 45], [66, 23], [72, 74], [53, 38], [61, 22], [47, 47], [59, 32], [72, 27], [44, 3], [13, 36], [10, 4], [19, 42], [7, 38], [23, 52], [73, 28], [10, 68], [37, 59], [66, 40], [19, 69], [47, 53], [48, 16], [18, 45], [50, 70], [38, 47], [30, 62], [67, 31], [62, 40], [28, 41], [47, 19], [4, 13], [70, 66], [52, 73], [16, 61], [68, 24], [57, 45], [44, 4], [48, 54], [17, 47], [67, 34], [3, 1], [22, 46], [50, 65], [38, 50], [34, 52], [35, 49], [60, 45], [69, 44], [0, 41], [59, 26], [45, 13], [18, 64], [39, 62], [24, 66], [19, 33], [61, 24], [72, 28], [74, 25], [7, 15], [66, 62], [55, 73], [18, 5], [52, 6], [5, 3], [20, 52], [46, 3], [74, 24], [16, 43], [49, 69], [15, 70], [35, 50], [61, 43], [22, 64], [3, 12], [28, 50], [71, 30], [50, 54], [48, 55], [49, 67], [34, 42], [45, 18], [64, 49], [71, 29], [29, 72], [73, 35], [57, 30], [62, 21], [64, 21], [42, 45], [3, 41], [27, 73], [9, 8], [67, 71], [17, 60], [41, 12], [25, 47], [44, 56], [59, 33], [47, 67], [60, 47], [44, 17], [24, 55], [1, 10], [30, 49], [41, 55], [60, 49], [44, 63], [66, 27], [38, 53], [69, 31], [32, 73], [67, 40], [45, 54], [25, 61], [9, 67], [20, 32], [72, 19], [65, 41], [39, 46], [71, 21], [39, 1], [21, 38], [34, 31], [38, 27], [11, 11], [64, 64], [52, 49], [26, 74], [7, 35], [38, 60], [55, 64], [15, 6], [52, 3], [43, 12], [6, 10], [71, 28], [17, 61], [47, 64], [69, 34], [0, 3], [30, 41], [27, 68], [59, 45], [62, 34], [66, 48], [47, 63], [29, 55], [46, 69], [58, 26], [42, 1], [40, 48], [49, 49], [62, 57], [14, 45], [69, 20], [23, 56], [10, 12], [73, 61], [48, 5], [16, 70], [68, 36], [66, 20], [38, 62], [60, 41], [60, 71], [48, 2], [15, 74], [30, 67], [6, 36], [3, 8], [30, 36], [36, 40], [41, 46], [71, 44], [12, 63], [21, 26], [59, 34], [66, 19], [54, 43], [62, 44], [59, 21], [47, 2], [14, 47], [54, 5], [32, 42], [52, 69], [61, 33], [0, 18], [71, 71], [69, 29], [46, 48], [43, 53], [37, 50], [42, 59], [44, 51], [12, 52], [27, 65], [23, 73], [65, 20], [58, 66], [14, 9], [3, 7], [71, 32], [10, 10], [18, 50], [60, 44], [72, 41], [71, 33], [72, 22], [7, 41], [39, 7], [26, 38], [64, 37], [51, 17], [66, 38], [42, 53], [74, 23], [27, 64], [9, 74], [31, 38], [46, 20], [9, 6], [68, 73], [42, 56], [35, 68], [25, 41], [45, 70], [50, 60], [55, 49], [29, 64], [70, 40], [55, 69], [1, 11], [23, 46], [38, 48], [72, 49], [11, 52], [22, 34], [67, 32], [51, 1], [14, 39], [48, 15], [71, 20], [47, 55], [68, 21], [69, 33], [8, 44], [66, 41], [4, 10], [69, 60], [49, 53], [32, 66], [56, 45], [58, 31], [33, 57], [19, 63], [59, 71], [10, 7], [37, 58], [66, 47], [23, 64], [51, 0], [26, 36], [47, 11], [45, 5], [5, 11], [46, 49], [23, 50], [67, 23], [41, 1], [71, 22], [4, 6], [20, 40], [44, 50], [66, 34], [63, 15], [11, 43], [49, 71], [10, 74], [60, 30], [11, 64], [41, 56], [73, 39], [52, 59], [27, 60], [37, 64], [3, 19], [69, 68], [65, 47], [11, 37], [72, 33], [73, 24], [49, 54], [72, 31], [42, 13], [36, 0], [20, 36], [18, 32], [65, 18], [24, 61], [65, 46], [42, 42], [1, 12], [29, 40], [46, 66], [67, 38], [21, 72], [53, 59], [49, 43], [27, 41], [44, 67], [37, 70], [39, 60], [33, 35], [40, 21], [0, 11], [74, 65], [18, 71], [16, 54], [74, 28], [34, 49], [39, 11], [65, 44], [68, 29], [37, 0], [23, 37], [10, 38], [67, 22], [69, 47], [71, 34], [58, 49], [8, 10], [26, 41], [54, 65], [19, 7], [5, 8], [70, 27], [72, 21], [29, 68], [42, 66], [13, 64], [43, 63], [42, 43], [46, 57], [36, 52], [44, 60], [74, 35], [0, 21], [69, 70], [59, 35], [50, 8], [24, 44], [39, 71], [38, 3], [12, 40], [25, 25], [64, 26], [65, 17], [63, 58], [63, 35], [60, 28], [26, 54], [66, 43], [51, 60], [31, 33], [0, 6], [19, 38], [2, 37], [33, 65], [54, 64], [41, 4], [13, 68], [59, 41], [49, 58], [68, 20], [70, 36], [17, 71], [48, 21], [3, 21], [66, 66], [29, 51], [39, 9], [48, 51], [45, 47], [55, 51], [27, 50], [65, 21], [65, 34], [19, 49], [53, 68], [44, 65], [65, 48], [73, 40], [55, 39], [31, 70], [6, 12], [22, 42], [66, 28], [45, 68], [12, 60], [60, 68], [10, 9], [50, 6], [50, 19], [9, 11], [69, 23], [34, 50], [2, 38], [17, 73], [48, 48], [38, 39], [45, 24], [7, 17], [68, 63], [47, 3], [16, 38], [73, 22], [41, 52], [64, 28], [25, 31], [59, 23], [10, 67], [28, 52], [44, 52], [71, 38], [32, 67], [71, 24], [43, 60], [47, 20], [27, 42], [1, 13], [25, 38], [46, 55], [55, 40], [40, 74], [65, 28], [62, 58], [52, 72], [58, 42], [53, 57], [52, 0], [12, 39], [19, 56], [10, 5], [69, 67], [29, 66], [11, 36], [42, 46], [57, 31], [61, 18], [60, 24], [66, 22], [42, 70], [68, 50], [69, 21], [48, 14], [26, 31], [33, 66], [51, 47], [51, 55], [57, 40], [2, 12], [27, 49], [19, 53], [67, 36], [43, 45], [60, 74], [18, 4], [42, 12], [1, 2], [28, 54], [44, 0], [70, 31], [13, 40], [39, 64], [12, 67], [5, 15], [70, 62], [70, 20], [73, 20], [17, 26], [59, 31], [19, 64], [40, 68], [13, 58], [51, 19], [60, 37], [8, 38], [71, 40], [55, 57], [50, 53], [35, 53], [33, 61], [36, 45], [0, 2], [21, 37], [70, 21], [36, 4], [50, 47], [23, 51], [64, 39], [74, 33], [29, 54], [59, 64], [35, 42], [39, 27], [0, 7], [71, 60], [60, 42], [70, 32], [36, 74], [34, 55], [48, 10], [29, 42], [40, 65], [60, 59], [26, 70], [74, 46], [36, 56], [9, 66], [73, 23], [15, 60], [1, 34], [4, 2], [19, 44], [42, 11], [27, 35], [72, 35], [72, 34], [37, 55], [48, 65], [12, 8], [52, 2], [53, 62], [39, 73], [47, 21], [11, 9], [42, 49], [71, 27], [20, 34], [71, 18], [11, 6], [58, 20], [61, 54], [74, 22], [67, 67], [56, 38], [58, 21], [12, 54], [42, 55], [68, 51], [22, 67], [28, 42], [46, 68], [45, 43], [62, 39], [34, 36], [66, 26], [41, 2], [16, 41], [7, 12], [33, 36], [37, 45], [62, 45], [2, 32], [48, 12], [27, 67], [41, 65], [62, 28], [67, 27], [9, 18], [67, 62], [53, 67], [47, 5], [16, 74], [48, 56], [63, 38], [66, 37], [41, 54], [49, 60], [70, 46], [66, 24], [68, 31], [20, 70], [17, 62], [46, 5], [26, 37], [47, 56], [58, 54], [42, 6], [31, 54], [1, 0], [31, 46], [40, 70], [50, 43], [34, 72], [28, 28], [70, 18], [60, 39], [26, 39], [40, 28], [7, 21], [65, 72], [6, 43], [52, 70], [11, 4], [3, 9], [73, 25], [23, 49], [41, 66], [68, 26], [61, 38], [73, 50], [38, 0], [43, 50], [48, 47], [59, 43], [25, 37], [65, 23], [49, 9], [20, 65], [72, 25], [63, 31], [12, 69], [33, 70], [4, 8], [21, 44], [24, 64], [63, 22], [57, 20], [61, 25], [32, 55], [42, 65], [9, 13], [74, 63], [67, 35], [52, 63], [34, 45], [40, 57], [35, 54], [47, 70], [63, 45], [67, 41], [9, 42], [46, 11], [14, 41], [64, 25], [38, 18], [62, 36], [24, 67], [38, 33], [35, 66], [39, 61], [21, 74], [10, 13], [32, 41], [46, 47], [27, 32], [62, 19], [73, 26], [65, 31], [74, 32], [8, 17], [69, 66], [45, 64], [52, 57], [65, 39], [14, 60], [54, 72], [14, 5], [66, 45], [50, 2], [40, 10], [52, 10], [5, 9], [21, 53], [42, 3], [73, 29], [12, 37], [46, 72], [16, 68], [33, 55], [35, 65], [62, 41], [5, 34], [49, 59], [71, 26], [63, 19], [23, 63], [0, 4], [20, 50], [64, 30], [28, 71], [46, 50], [51, 57], [34, 65], [36, 36], [48, 22], [2, 11], [74, 72], [42, 50], [44, 8], [41, 6], [21, 40], [73, 43], [67, 26], [48, 68], [68, 22], [29, 67], [15, 55], [39, 49], [71, 36], [60, 33], [24, 53], [46, 71], [29, 35], [64, 19], [60, 16], [59, 52], [57, 35], [58, 30], [51, 56], [6, 2], [31, 42], [8, 39], [15, 72], [48, 67], [24, 70], [38, 10], [0, 5], [73, 68], [29, 57], [46, 4], [53, 47], [26, 50], [45, 57], [69, 50], [74, 39], [29, 61], [68, 32], [50, 68], [16, 12], [3, 2], [68, 23], [46, 44], [62, 53], [30, 31], [66, 31], [62, 26], [11, 57], [45, 6], [22, 47], [3, 3], [24, 47], [47, 54], [63, 39], [43, 71], [67, 30], [74, 41], [47, 9], [24, 40], [6, 19], [71, 72], [21, 71], [4, 33], [36, 50], [66, 35], [41, 73], [63, 46], [45, 51], [52, 53], [11, 53], [48, 69], [48, 1], [21, 65], [21, 33], [60, 23], [49, 19], [57, 36], [55, 63], [48, 57], [40, 58], [35, 51], [1, 5], [28, 40], [67, 20], [47, 7], [20, 46], [67, 39], [73, 36], [21, 67], [38, 35], [48, 26], [1, 16], [73, 69], [38, 63], [31, 45], [40, 67], [49, 44], [19, 73], [64, 51], [65, 24], [1, 41], [59, 25], [41, 53], [54, 71], [19, 13], [46, 2], [48, 8], [1, 3], [52, 52], [74, 34], [62, 23], [59, 15], [60, 22], [27, 55], [42, 54], [71, 35], [40, 5], [21, 50], [6, 1], [32, 49], [61, 50], [32, 68], [3, 11], [72, 61], [14, 73], [39, 47], [64, 40], [74, 42], [63, 48], [70, 34], [23, 69], [26, 59], [53, 54], [53, 17], [30, 47], [51, 67], [19, 36], [58, 27], [31, 35], [2, 39], [53, 65], [33, 64], [68, 27], [46, 7], [49, 55], [43, 47], [57, 57], [26, 48], [65, 26], [58, 40], [28, 62], [3, 4], [33, 48], [15, 67], [5, 12], [70, 63], [43, 46], [64, 45], [54, 9], [61, 44], [23, 71], [44, 46], [72, 18], [68, 35], [69, 17], [37, 62], [50, 44], [62, 25], [27, 52], [49, 74], [14, 8], [44, 12], [2, 10], [25, 51], [48, 6], [64, 36], [14, 50], [40, 73], [20, 73], [41, 74], [1, 33], [51, 64], [1, 6], [23, 44], [49, 48], [37, 43], [41, 20], [0, 9], [71, 69], [39, 52], [42, 15], [74, 51], [65, 25], [20, 55], [68, 19], [68, 38], [17, 31], [64, 23], [62, 16], [55, 54], [53, 35], [63, 21], [44, 59], [30, 74], [36, 12], [13, 39], [35, 73], [46, 73], [35, 46], [72, 17], [25, 50], [51, 8], [27, 44], [10, 1], [24, 48], [47, 72], [62, 33], [8, 21], [74, 67], [0, 35], [69, 19], [68, 49], [52, 56], [58, 48], [14, 72], [64, 33], [50, 58], [38, 56], [49, 61], [41, 51], [40, 8], [13, 44], [59, 48], [29, 53], [26, 32], [35, 61], [17, 66], [70, 19], [60, 26], [50, 72], [15, 13], [47, 1], [46, 14], [6, 3], [67, 17], [63, 27], [1, 8], [18, 38], [56, 46], [2, 19], [74, 74], [48, 43], [71, 45], [65, 19], [29, 50], [24, 46], [50, 66], [23, 30], [62, 32], [6, 39], [46, 61], [47, 6], [50, 61], [14, 48], [68, 42], [30, 69], [46, 15], [60, 43], [20, 71], [49, 51], [65, 33], [61, 46], [22, 61], [49, 72], [43, 1], [13, 73], [43, 57], [7, 0], [19, 43], [38, 38], [43, 23], [9, 9], [68, 69], [65, 45], [63, 34], [64, 38], [60, 19], [61, 15], [57, 28], [48, 63], [40, 6], [16, 46], [27, 72], [46, 42], [63, 26], [19, 61], [42, 20], [23, 53], [43, 64], [3, 40], [74, 38], [51, 61], [58, 45], [39, 48], [59, 40], [28, 73], [74, 43], [46, 64], [14, 6], [7, 5], [72, 37], [2, 5], [26, 40], [6, 8], [65, 63], [44, 58], [66, 46], [13, 50], [21, 31], [73, 19], [34, 53], [41, 5], [19, 40], [31, 73], [44, 16], [63, 30], [63, 50], [11, 65], [44, 57], [31, 34], [64, 29], [71, 37], [48, 46], [71, 17], [21, 56], [30, 52], [39, 74], [5, 42], [51, 48], [55, 37], [30, 72], [55, 67], [9, 3], [31, 40], [3, 16], [74, 70], [71, 46], [63, 18], [40, 61], [39, 12], [21, 43], [27, 63], [48, 13], [63, 20], [58, 43], [57, 43], [38, 55], [28, 60], [50, 7], [36, 21], [34, 35], [21, 2], [54, 33], [63, 65], [58, 37], [61, 57], [35, 57], [72, 44], [3, 60], [1, 38], [0, 17], [48, 18], [26, 18], [29, 13], [14, 59], [35, 17], [28, 45], [28, 10], [24, 29], [17, 51], [19, 62], [28, 43], [33, 13], [56, 44], [12, 49], [71, 0], [49, 73], [69, 2], [61, 51], [47, 24], [64, 0], [64, 48], [18, 49], [26, 43], [4, 55], [74, 60], [56, 7], [15, 56], [60, 38], [1, 21], [55, 36], [44, 30], [38, 22], [51, 9], [15, 34], [23, 23], [23, 45], [9, 54], [37, 12], [60, 46], [23, 58], [20, 22], [52, 54], [49, 46], [46, 58], [10, 24], [3, 67], [1, 72], [49, 31], [52, 32], [27, 47], [59, 9]], "targets": [[56, 22], [33, 48], [3, 63], [14, 47], [58, 51], [33, 45], [54, 23], [67, 45], [56, 19], [10, 41], [39, 22], [35, 29], [19, 63], [40, 16], [5, 52], [50, 63], [5, 11], [51, 2], [45, 17], [19, 73], [45, 13], [52, 31], [66, 40], [72, 43], [50, 32], [29, 35], [53, 46], [35, 55], [32, 42], [65, 41], [12, 24], [64, 64], [44, 43], [5, 21], [35, 34], [63, 51], [47, 33], [58, 54], [63, 65], [9, 22], [63, 48], [58, 24], [66, 45], [6, 39], [6, 16], [23, 42], [69, 45], [45, 26], [35, 41], [67, 48], [33, 28], [16, 39], [20, 54], [12, 27], [25, 68], [36, 13], [54, 25], [51, 65], [39, 44], [44, 17], [46, 47], [9, 65], [58, 25], [70, 48], [61, 60], [55, 20], [57, 54], [55, 51], [47, 23], [53, 25], [64, 70], [6, 23], [12, 5], [11, 36], [66, 41], [35, 19], [43, 42], [67, 50], [54, 40], [34, 24], [64, 49], [21, 37], [60, 26], [22, 62], [7, 24], [28, 72], [35, 17], [57, 26], [34, 52], [35, 26], [49, 17], [62, 40], [59, 61], [39, 33], [69, 46], [44, 14], [9, 27], [8, 0], [48, 53], [13, 39], [15, 57], [46, 32], [65, 42], [72, 61], [55, 26], [61, 46], [41, 20], [40, 45], [72, 42], [30, 23], [32, 47], [6, 20], [61, 55], [55, 53], [7, 47], [55, 13], [58, 69], [32, 64], [6, 35], [22, 66], [37, 9], [56, 18], [66, 30], [51, 4], [60, 59], [72, 56], [6, 36], [13, 6], [59, 19], [62, 61], [17, 40], [33, 33], [65, 45], [60, 44], [38, 32], [41, 25], [43, 52], [66, 49], [50, 46], [52, 41], [29, 33], [4, 63], [55, 29], [65, 51], [11, 50], [72, 70], [52, 29], [24, 53], [9, 23], [5, 33], [20, 70], [31, 8], [12, 14], [64, 25], [34, 56], [29, 48], [18, 39], [38, 28], [50, 12], [54, 51], [57, 58], [50, 51], [71, 47], [51, 13], [73, 50], [34, 35], [47, 29], [38, 52], [50, 17], [48, 18], [74, 47], [67, 43], [28, 33], [57, 60], [39, 24], [9, 35], [20, 46], [12, 0], [49, 51], [21, 55], [18, 33], [56, 58], [7, 28], [8, 55], [30, 72], [41, 15], [54, 28], [70, 52], [72, 66], [47, 22], [60, 29], [69, 34], [42, 16], [42, 42], [50, 53], [74, 41], [57, 39], [28, 27], [39, 42], [8, 32], [37, 32], [12, 17], [63, 55], [13, 1], [62, 52], [58, 58], [10, 50], [10, 37], [54, 32], [48, 16], [51, 71], [23, 66], [5, 30], [49, 15], [20, 62], [32, 17], [62, 24], [52, 48], [61, 34], [59, 33], [43, 46], [47, 18], [41, 27], [12, 53], [50, 4], [43, 12], [37, 53], [52, 21], [60, 67], [62, 49], [48, 45], [7, 33], [73, 41], [64, 63], [10, 8], [32, 25], [51, 31], [58, 53], [10, 39], [29, 34], [20, 50], [72, 40], [24, 55], [10, 26], [67, 51], [16, 74], [36, 17], [63, 42], [51, 51], [48, 30], [51, 21], [43, 31], [7, 32], [34, 45], [56, 49], [12, 12], [65, 44], [63, 30], [50, 48], [53, 23], [51, 41], [38, 31], [21, 36], [12, 59], [57, 24], [59, 16], [65, 50], [60, 61], [9, 45], [73, 69], [54, 48], [25, 37], [44, 20], [68, 69], [27, 59], [10, 24], [66, 46], [7, 26], [30, 70], [42, 20], [48, 32], [46, 40], [12, 4], [70, 53], [63, 52], [52, 32], [35, 54], [26, 50], [20, 33], [36, 20], [47, 25], [50, 22], [35, 23], [40, 43], [12, 25], [50, 33], [64, 46], [49, 55], [61, 59], [23, 51], [55, 63], [1, 34], [5, 65], [50, 29], [70, 41], [48, 23], [53, 62], [20, 57], [11, 28], [64, 41], [13, 0], [36, 33], [37, 31], [44, 42], [66, 62], [30, 67], [35, 15], [52, 28], [61, 21], [70, 46], [68, 38], [65, 57], [19, 38], [51, 44], [32, 21], [64, 24], [55, 5], [66, 67], [71, 55], [51, 22], [9, 29], [9, 46], [55, 39], [12, 13], [61, 33], [50, 56], [50, 57], [34, 61], [7, 29], [36, 31], [38, 44], [60, 53], [18, 41], [8, 54], [26, 65], [46, 15], [74, 43], [38, 34], [46, 30], [54, 49], [72, 38], [26, 28], [59, 63], [47, 19], [0, 29], [46, 17], [64, 21], [36, 54], [40, 28], [42, 19], [8, 4], [67, 41], [57, 45], [14, 37], [52, 24], [42, 32], [50, 23], [45, 43], [70, 38], [35, 63], [12, 30], [12, 36], [52, 63], [73, 47], [59, 66], [58, 57], [22, 74], [46, 22], [47, 28], [56, 40], [30, 28], [38, 43], [3, 27], [35, 45], [9, 16], [11, 57], [45, 30], [65, 58], [0, 0], [74, 45], [62, 41], [70, 35], [57, 57], [66, 27], [23, 50], [69, 70], [49, 27], [42, 46], [15, 41], [48, 15], [54, 15], [55, 64], [19, 67], [4, 23], [67, 38], [53, 21], [9, 24], [48, 58], [54, 47], [28, 62], [45, 14], [68, 40], [30, 32], [0, 2], [58, 20], [52, 54], [28, 45], [67, 33], [47, 15], [53, 31], [34, 53], [17, 36], [27, 51], [21, 39], [47, 31], [35, 20], [9, 60], [57, 1], [48, 12], [33, 42], [58, 21], [64, 61], [69, 50], [63, 46], [9, 26], [71, 51], [30, 52], [10, 23], [62, 59], [61, 58], [3, 14], [56, 35], [33, 29], [52, 27], [24, 69], [45, 21], [49, 58], [50, 24], [58, 47], [56, 12], [71, 38], [14, 33], [33, 44], [63, 41], [49, 21], [30, 41], [54, 60], [13, 37], [4, 34], [61, 27], [62, 20], [55, 32], [68, 48], [71, 40], [9, 3], [33, 61], [18, 34], [9, 55], [44, 30], [37, 27], [34, 41], [4, 18], [73, 38], [21, 63], [38, 16], [55, 35], [67, 58], [48, 54], [59, 62], [56, 57], [20, 39], [48, 25], [52, 22], [49, 30], [0, 24], [35, 42], [53, 56], [13, 41], [37, 45], [2, 10], [67, 53], [64, 52], [54, 33], [37, 48], [40, 27], [50, 18], [49, 60], [57, 11], [51, 67], [30, 61], [19, 33], [62, 53], [49, 44], [23, 36], [60, 32], [44, 22], [20, 41], [16, 54], [29, 72], [46, 12], [53, 28], [3, 36], [52, 19], [43, 21], [33, 53], [62, 54], [53, 58], [6, 5], [9, 50], [69, 69], [69, 53], [40, 15], [53, 52], [25, 44], [44, 32], [63, 19], [54, 5], [65, 68], [34, 63], [4, 25], [58, 52], [32, 30], [55, 40], [65, 40], [16, 33], [52, 55], [1, 28], [74, 44], [27, 67], [39, 9], [48, 20], [44, 55], [9, 14], [54, 20], [56, 42], [45, 24], [12, 65], [46, 25], [53, 54], [12, 47], [68, 49], [74, 51], [57, 22], [38, 46], [32, 45], [51, 27], [62, 32], [12, 26], [34, 27], [41, 14], [48, 22], [59, 38], [24, 31], [29, 60], [37, 42], [11, 39], [66, 69], [19, 28], [32, 46], [12, 21], [44, 16], [57, 56], [12, 15], [49, 23], [42, 56], [25, 69], [42, 18], [51, 56], [61, 50], [57, 59], [56, 61], [70, 54], [19, 44], [62, 60], [7, 31], [9, 34], [17, 59], [57, 32], [61, 17], [68, 46], [34, 32], [55, 41], [53, 22], [54, 66], [25, 58], [19, 19], [61, 28], [67, 46], [6, 9], [37, 37], [33, 19], [48, 21], [30, 50], [72, 68], [21, 68], [35, 9], [60, 21], [59, 17], [73, 44], [73, 40], [3, 33], [22, 45], [47, 50], [58, 45], [14, 28], [74, 50], [61, 43], [53, 59], [60, 36], [35, 31], [11, 7], [59, 56], [22, 64], [14, 30], [55, 22], [34, 50], [43, 20], [37, 22], [17, 55], [50, 0], [43, 19], [41, 43], [55, 23], [66, 65], [48, 19], [30, 37], [61, 47], [23, 72], [38, 19], [61, 54], [42, 13], [11, 31], [69, 41], [56, 11], [10, 30], [21, 43], [61, 61], [71, 36], [12, 3], [33, 26], [34, 43], [12, 23], [52, 16], [50, 49], [55, 59], [19, 65], [15, 20], [65, 53], [47, 32], [40, 50], [60, 16], [52, 52], [60, 23], [2, 28], [18, 36], [15, 52], [29, 68], [36, 7], [66, 53], [29, 38], [45, 28], [63, 59], [61, 30], [8, 6], [71, 44], [9, 37], [51, 16], [68, 54], [64, 69], [55, 38], [23, 29], [63, 57], [68, 45], [65, 66], [47, 20], [41, 44], [50, 19], [58, 68], [21, 52], [12, 35], [2, 31], [48, 60], [44, 50], [57, 16], [60, 25], [40, 56], [30, 49], [13, 29], [36, 25], [42, 14], [68, 53], [66, 47], [4, 2], [32, 68], [42, 11], [71, 32], [25, 34], [54, 55], [12, 40], [51, 23], [16, 64], [47, 24], [22, 23], [33, 20], [39, 21], [48, 31], [9, 30], [41, 51], [59, 50], [71, 49], [26, 57], [19, 23], [12, 42], [56, 63], [3, 9], [70, 62], [71, 50], [48, 57], [63, 24], [51, 5], [56, 64], [60, 39], [54, 53], [22, 67], [35, 7], [51, 19], [55, 27], [17, 49], [74, 56], [56, 43], [22, 30], [33, 41], [11, 29], [39, 40], [13, 22], [38, 25], [30, 54], [8, 36], [7, 58], [54, 31], [55, 58], [30, 57], [16, 28], [10, 3], [46, 18], [59, 23], [52, 30], [72, 44], [67, 42], [72, 51], [60, 48], [51, 60], [64, 51], [64, 30], [36, 47], [40, 25], [46, 20], [23, 67], [39, 13], [11, 26], [23, 35], [69, 66], [35, 35], [56, 60], [42, 21], [32, 40], [66, 48], [13, 33], [25, 36], [59, 32], [9, 13], [73, 49], [59, 60], [54, 11], [56, 65], [28, 52], [15, 22], [73, 51], [64, 38], [4, 60], [56, 23], [44, 23], [11, 33], [51, 54], [64, 42], [54, 22], [23, 73], [31, 11], [44, 33], [23, 40], [63, 45], [51, 38], [28, 31], [43, 16], [37, 40], [18, 35], [13, 12], [62, 17], [61, 49], [60, 66], [45, 47], [35, 37], [33, 57], [7, 21], [73, 48], [67, 40], [8, 38], [51, 40], [46, 31], [64, 50], [60, 27], [36, 56], [2, 63], [7, 41], [60, 57], [28, 51], [53, 13], [13, 38], [48, 29], [37, 26], [41, 23], [11, 51], [3, 12], [51, 3], [42, 15], [31, 69], [34, 9], [69, 38], [32, 31], [38, 45], [32, 49], [52, 20], [64, 67], [10, 21], [62, 42], [56, 26], [62, 44], [1, 29], [57, 40], [68, 44], [26, 54], [18, 27], [25, 35], [50, 52], [73, 61], [57, 51], [50, 28], [12, 1], [22, 32], [48, 28], [46, 44], [53, 34], [33, 35], [72, 53], [16, 35], [52, 26], [29, 71], [47, 6], [62, 30], [50, 43], [53, 64], [45, 19], [0, 32], [11, 56], [55, 24], [61, 32], [73, 46], [52, 13], [57, 71], [29, 66], [4, 35], [58, 61], [63, 40], [13, 13], [49, 33], [12, 28], [36, 39], [64, 58], [39, 26], [45, 46], [45, 59], [23, 33], [13, 43], [64, 62], [7, 38], [21, 66], [42, 6], [60, 31], [33, 54], [33, 25], [48, 14], [53, 55], [51, 64], [70, 37], [70, 47], [58, 23], [46, 23], [67, 39], [71, 43], [44, 15], [8, 16], [23, 55], [20, 31], [59, 53], [11, 27], [16, 59], [46, 27], [37, 19], [41, 49], [60, 35], [32, 29], [34, 44], [11, 25], [31, 43], [14, 16], [63, 43], [22, 38], [54, 17], [52, 23], [24, 62], [46, 16], [56, 55], [60, 40], [65, 21], [55, 0], [63, 66], [59, 49], [72, 48], [65, 65], [0, 15], [51, 59], [18, 28], [34, 54], [6, 21], [72, 52], [40, 20], [44, 21], [49, 25], [8, 29], [43, 44], [65, 60], [30, 25], [11, 64], [54, 29], [58, 28], [15, 39], [61, 48], [25, 43], [55, 44], [31, 67], [45, 10], [3, 8], [65, 49], [71, 48], [65, 25], [43, 56], [29, 47], [15, 42], [36, 28], [41, 16], [56, 25], [52, 51], [55, 55], [2, 35], [45, 12], [56, 66], [26, 55], [12, 20], [34, 31], [40, 46], [61, 67], [70, 43], [57, 42], [60, 34], [38, 33], [61, 66], [68, 47], [39, 16], [22, 37], [67, 36], [9, 5], [52, 33], [23, 31], [10, 53], [30, 68], [32, 22], [65, 47], [27, 38], [48, 33], [59, 54], [10, 28], [60, 33], [61, 44], [62, 18], [49, 28], [46, 41], [63, 50], [30, 53], [17, 30], [61, 64], [55, 47], [49, 24], [37, 34], [40, 42], [8, 21], [5, 15], [69, 35], [21, 46], [71, 65], [19, 41], [56, 15], [72, 41], [51, 20], [5, 28], [63, 53], [17, 65], [39, 17], [66, 55], [32, 39], [54, 26], [61, 22], [41, 48], [48, 27], [41, 22], [16, 63], [51, 1], [49, 14], [43, 55], [44, 19], [58, 70], [25, 67], [11, 21], [62, 58], [6, 4], [57, 41], [29, 23], [59, 59], [61, 39], [64, 53], [22, 39], [61, 52], [47, 51], [16, 49], [8, 25], [53, 20], [55, 31], [71, 45], [73, 43], [18, 68], [46, 14], [66, 72], [41, 32], [41, 19], [37, 47], [35, 46], [2, 4], [70, 55], [53, 26], [56, 14], [49, 71], [30, 56], [4, 28], [58, 42], [31, 33], [58, 44], [55, 28], [16, 40], [8, 52], [44, 29], [10, 33], [52, 65], [10, 35], [74, 42], [65, 63], [65, 56], [61, 53], [58, 60], [31, 62], [37, 6], [40, 23], [31, 47], [2, 7], [64, 45], [45, 16], [59, 24], [33, 47], [31, 48], [55, 16], [65, 32], [17, 32], [41, 26], [43, 18], [42, 17], [50, 40], [22, 36], [29, 58], [30, 44], [2, 36], [68, 62], [12, 31], [29, 39], [8, 23], [72, 45], [66, 52], [12, 48], [55, 62], [11, 65], [44, 25], [54, 21], [51, 53], [46, 11], [13, 14], [35, 18], [43, 40], [28, 70], [44, 9], [70, 42], [7, 30], [44, 59], [9, 33], [64, 54], [65, 34], [24, 28], [61, 57], [29, 65], [5, 23], [61, 24], [52, 4], [58, 67], [52, 18], [31, 38], [60, 55], [44, 24], [73, 45], [7, 46], [64, 59], [6, 8], [49, 52], [68, 41], [36, 19], [38, 56], [62, 21], [5, 35], [17, 41], [3, 55], [16, 71], [45, 9], [56, 32], [55, 30], [66, 42], [55, 33], [31, 25], [62, 43], [55, 12], [57, 62], [22, 53], [13, 28], [44, 51], [62, 26], [42, 52], [38, 26], [47, 13], [64, 47], [72, 46], [2, 13], [30, 43], [9, 36], [34, 22], [39, 11], [61, 23], [8, 24], [42, 44], [64, 56], [10, 38], [59, 58], [59, 71], [56, 54], [67, 70], [71, 46], [20, 67], [37, 14], [61, 41], [27, 28], [31, 44], [14, 20], [13, 62], [49, 29], [23, 58], [20, 24], [7, 2], [53, 19], [53, 27], [70, 51], [71, 42], [66, 25], [1, 31], [9, 40], [47, 58], [33, 23], [44, 45], [57, 47], [23, 39], [28, 35], [61, 56], [49, 13], [57, 38], [52, 15], [57, 64], [28, 71], [34, 13], [53, 24], [56, 44], [30, 34], [10, 16], [57, 48], [66, 61], [19, 56], [17, 19], [65, 39], [3, 38], [62, 46], [74, 52], [57, 27], [40, 48], [19, 50], [29, 46], [14, 42], [37, 29], [42, 22], [15, 62], [56, 2], [48, 17], [36, 51], [46, 29], [62, 63], [58, 33], [69, 32], [27, 42], [57, 55], [61, 26], [10, 10], [29, 20], [71, 39], [30, 63], [31, 18], [51, 45], [56, 59], [46, 19], [4, 29], [67, 49], [50, 21], [48, 69], [25, 52], [19, 26], [51, 26], [11, 37], [33, 22], [30, 47], [18, 38], [59, 70], [57, 33], [59, 52], [56, 45], [74, 46], [67, 47], [8, 14], [49, 53], [14, 56], [44, 26], [57, 36], [27, 20], [38, 51], [0, 30], [33, 39], [5, 24], [57, 19], [30, 66], [47, 12], [53, 53], [60, 68], [67, 54], [52, 64], [22, 27], [21, 54], [20, 32], [64, 44], [33, 21], [50, 25], [39, 47], [59, 22], [11, 48], [52, 57], [63, 36], [0, 13], [65, 28], [36, 46], [41, 28], [40, 22], [51, 29], [1, 35], [45, 15], [61, 63], [32, 23], [69, 47], [11, 40], [12, 60], [23, 69], [34, 16], [66, 43], [36, 41], [45, 31], [59, 48], [52, 42], [47, 21], [32, 55], [20, 66], [12, 22], [52, 56], [44, 46], [51, 32], [3, 15], [62, 45], [23, 44], [43, 23], [6, 33], [71, 41], [63, 22], [55, 3], [65, 62], [59, 37], [30, 36], [7, 37], [60, 52], [58, 18], [56, 16], [66, 38], [69, 43], [27, 63], [35, 21], [60, 60], [34, 17], [31, 46], [25, 41], [0, 10], [68, 50], [47, 14], [51, 61], [22, 59], [14, 24], [65, 37], [16, 60], [56, 20], [8, 33], [52, 62], [9, 49], [63, 49], [47, 56], [61, 40], [55, 15], [60, 20], [38, 54], [29, 52], [13, 26], [40, 29], [45, 23], [46, 13], [24, 29], [34, 46], [4, 26], [66, 56], [65, 43], [11, 1], [42, 31], [40, 47], [30, 71], [36, 9], [10, 29], [68, 35], [22, 51], [6, 26], [68, 68], [61, 20], [27, 35], [49, 46], [7, 49], [70, 70], [59, 57], [71, 54], [58, 16], [14, 29], [13, 56], [49, 26], [53, 42], [36, 34], [51, 18], [55, 54], [61, 31], [69, 54], [0, 9], [44, 28], [51, 12], [45, 33], [8, 31], [45, 54], [64, 48], [51, 57], [62, 35], [31, 72], [31, 21], [72, 54], [19, 64], [20, 30], [70, 39], [12, 51], [17, 35], [36, 35], [54, 61], [53, 29], [24, 24], [6, 3], [59, 65], [73, 42], [7, 39], [56, 50], [64, 43], [54, 30], [36, 55], [44, 18], [34, 28], [16, 53], [55, 2], [49, 18], [45, 40], [58, 26], [66, 64], [56, 46], [54, 54], [51, 28], [20, 71], [40, 17], [41, 17], [52, 12], [49, 66], [19, 57], [16, 30], [57, 21], [19, 40], [15, 48], [55, 49], [69, 48], [8, 12], [49, 43], [50, 39], [29, 24], [34, 42], [0, 31], [26, 45], [4, 22], [72, 50], [50, 59], [34, 21], [44, 54], [62, 34], [65, 24], [53, 18], [73, 70], [74, 38], [8, 26], [4, 54], [16, 67], [31, 14], [58, 22], [54, 56], [35, 52], [4, 33], [52, 58], [11, 10], [21, 50], [50, 11], [7, 23], [56, 68], [32, 32], [61, 19], [44, 27], [74, 40], [70, 45], [35, 16], [35, 53], [33, 38], [62, 38], [55, 17], [57, 35], [60, 64], [53, 60], [50, 44], [64, 29], [43, 54], [28, 46], [23, 27], [38, 22], [40, 12], [6, 14], [25, 72], [34, 6], [2, 25], [28, 55], [19, 21], [50, 27], [7, 35], [60, 58], [73, 52], [16, 57], [58, 31], [58, 32], [25, 24], [54, 46], [69, 52], [47, 27], [40, 18], [43, 50], [48, 40], [64, 39], [21, 30], [30, 42], [53, 61], [59, 25], [11, 15], [5, 27], [62, 39], [66, 32], [54, 3], [63, 61], [57, 28], [25, 62], [44, 6], [48, 11], [58, 63], [31, 57], [14, 25], [20, 38], [54, 57], [60, 41], [36, 30], [33, 49], [14, 22], [66, 51], [37, 21], [33, 46], [56, 47], [47, 26], [68, 65], [62, 48], [16, 34], [5, 61], [50, 20], [46, 51], [3, 2], [48, 24], [6, 24], [69, 42], [31, 37], [60, 54], [53, 43], [57, 25], [38, 53], [42, 30], [44, 12], [23, 70], [37, 16], [21, 64], [19, 22], [43, 30], [15, 49], [68, 43], [49, 34], [30, 22], [72, 47], [39, 30], [41, 55], [68, 39], [15, 28], [5, 13], [11, 38], [57, 63], [62, 23], [51, 14], [64, 57], [53, 50], [57, 29], [70, 59], [72, 55], [9, 59], [48, 26], [46, 54], [40, 24], [35, 40], [62, 64], [58, 30], [32, 65], [45, 6], [28, 60], [13, 24], [11, 42], [24, 25], [66, 44], [42, 25], [39, 48], [59, 42], [11, 35], [3, 0], [9, 25], [59, 55], [49, 22], [71, 56], [61, 18], [71, 67], [44, 37], [6, 58], [74, 37], [25, 66], [43, 66], [8, 34], [60, 15], [27, 23], [37, 73], [70, 24], [22, 7], [38, 12], [1, 25], [63, 10], [43, 38], [12, 67], [3, 4], [4, 39], [26, 12], [72, 74], [65, 16], [37, 15], [59, 31], [32, 0], [8, 48], [23, 45], [57, 49], [35, 36], [35, 57], [24, 54], [65, 19], [52, 3], [17, 29], [34, 40], [58, 1], [15, 46], [34, 15], [64, 14], [48, 49], [19, 48], [17, 11], [35, 39], [55, 37], [19, 71], [7, 40], [63, 29], [0, 62], [34, 58], [20, 1], [48, 68], [29, 17], [63, 69], [13, 53], [59, 5], [73, 1], [0, 28], [26, 6], [57, 37], [2, 9], [21, 6], [67, 44], [17, 54]]}