{"meta": {"number_of_robots": 1692, "description": {"parameters": {"seed": 1122, "shape": [100, 100], "obstacles": {"n": 20, "mean": 20, "std": 10.0}, "clusters": {"n": 0, "mean": 40, "std": 20.0, "relative_radius": 2, "increase_factor": 1.3, "start_dist": {"generator_name": "uniform", "shape": [100, 100], "min": 1.0, "max": 1.0, "mean": 1.0, "std": 0.0, "dtype": "float64", "parameters": {}}, "target_dist": {"generator_name": "uniform", "shape": [100, 100], "min": 1.0, "max": 1.0, "mean": 1.0, "std": 0.0, "dtype": "float64", "parameters": {}}}, "density": 0.3, "start_dist": {"generator_name": "uniform", "shape": [100, 100], "min": 1.0, "max": 1.0, "mean": 1.0, "std": 0.0, "dtype": "float64", "parameters": {}}, "target_dist": {"generator_name": "uniform", "shape": [100, 100], "min": 1.0, "max": 1.0, "mean": 1.0, "std": 0.0, "dtype": "float64", "parameters": {}}}, "stats": {"date": "2020-11-17", "free_area": 5640.0, "number_of_clustered_robots": 0, "number_of_robots": 1692}}}, "name": "large_002_100x100_30_1692", "obstacles": [[4, 16], [4, 17], [4, 18], [4, 19], [4, 20], [4, 21], [4, 22], [4, 23], [4, 24], [4, 25], [4, 26], [4, 27], [4, 28], [4, 29], [4, 30], [4, 31], [4, 32], [4, 33], [4, 34], [4, 35], [4, 36], [4, 37], [4, 38], [4, 39], [4, 40], [4, 41], [4, 42], [4, 43], [4, 44], [4, 45], [4, 46], [4, 47], [4, 48], [4, 49], [4, 50], [4, 51], [4, 52], [4, 53], [4, 54], [5, 16], [5, 54], [6, 16], [6, 54], [7, 16], [7, 54], [8, 16], [8, 54], [9, 16], [9, 54], [10, 16], [10, 17], [10, 18], [10, 19], [10, 20], [10, 21], [10, 22], [10, 23], [10, 24], [10, 25], [10, 51], [10, 52], [10, 53], [10, 54], [11, 26], [11, 50], [11, 75], [12, 26], [12, 50], [12, 75], [13, 26], [13, 51], [13, 52], [13, 53], [13, 54], [13, 55], [13, 56], [13, 57], [13, 58], [13, 59], [13, 60], [13, 61], [13, 62], [13, 63], [13, 64], [13, 65], [13, 66], [13, 67], [13, 68], [13, 69], [13, 70], [13, 71], [13, 72], [13, 73], [13, 74], [13, 76], [13, 77], [13, 78], [13, 79], [13, 80], [14, 26], [14, 80], [15, 26], [15, 80], [16, 26], [16, 80], [17, 26], [17, 80], [18, 26], [18, 80], [19, 26], [19, 80], [20, 26], [20, 80], [21, 26], [21, 80], [22, 26], [22, 80], [23, 26], [23, 80], [24, 26], [24, 80], [25, 26], [25, 80], [26, 26], [26, 27], [26, 28], [26, 29], [26, 30], [26, 31], [26, 32], [26, 33], [26, 34], [26, 35], [26, 36], [26, 37], [26, 38], [26, 39], [26, 40], [26, 41], [26, 42], [26, 43], [26, 44], [26, 45], [26, 80], [27, 46], [27, 80], [28, 46], [28, 80], [29, 46], [29, 80], [30, 46], [30, 80], [31, 46], [31, 80], [32, 46], [32, 47], [32, 48], [32, 49], [32, 76], [32, 77], [32, 78], [32, 79], [32, 80], [33, 50], [33, 75], [34, 50], [34, 76], [34, 77], [34, 78], [34, 79], [34, 80], [34, 81], [35, 50], [35, 81], [36, 50], [36, 81], [37, 50], [37, 81], [38, 50], [38, 81], [39, 50], [39, 81], [40, 29], [40, 30], [40, 31], [40, 32], [40, 33], [40, 34], [40, 35], [40, 36], [40, 37], [40, 38], [40, 39], [40, 40], [40, 41], [40, 50], [40, 82], [40, 83], [40, 84], [40, 85], [40, 86], [40, 87], [40, 88], [40, 89], [40, 90], [40, 91], [40, 92], [40, 93], [40, 94], [40, 95], [40, 96], [41, 29], [41, 41], [41, 50], [41, 96], [42, 5], [42, 6], [42, 7], [42, 8], [42, 9], [42, 10], [42, 11], [42, 12], [42, 13], [42, 14], [42, 15], [42, 16], [42, 17], [42, 18], [42, 19], [42, 20], [42, 21], [42, 22], [42, 23], [42, 24], [42, 25], [42, 26], [42, 27], [42, 28], [42, 41], [42, 50], [42, 96], [43, 5], [43, 41], [43, 50], [43, 96], [44, 5], [44, 41], [44, 50], [44, 84], [44, 85], [44, 86], [44, 87], [44, 88], [44, 89], [44, 90], [44, 91], [44, 92], [44, 93], [44, 94], [44, 95], [44, 96], [45, 5], [45, 41], [45, 50], [45, 83], [46, 5], [46, 41], [46, 50], [46, 83], [47, 5], [47, 41], [47, 50], [47, 83], [48, 5], [48, 41], [48, 50], [48, 83], [49, 5], [49, 41], [49, 50], [49, 83], [50, 5], [50, 41], [50, 50], [50, 83], [51, 5], [51, 41], [51, 50], [51, 83], [52, 5], [52, 41], [52, 50], [52, 83], [53, 5], [53, 41], [53, 50], [53, 83], [54, 5], [54, 41], [54, 50], [54, 51], [54, 52], [54, 53], [54, 64], [54, 65], [54, 66], [54, 67], [54, 68], [54, 83], [55, 5], [55, 41], [55, 54], [55, 63], [55, 69], [55, 83], [56, 5], [56, 41], [56, 54], [56, 63], [56, 69], [56, 84], [56, 85], [56, 86], [56, 87], [56, 88], [56, 89], [56, 90], [56, 91], [56, 92], [56, 93], [56, 94], [56, 95], [56, 96], [56, 97], [56, 98], [57, 5], [57, 41], [57, 54], [57, 63], [57, 69], [57, 83], [58, 5], [58, 41], [58, 54], [58, 64], [58, 65], [58, 69], [58, 83], [59, 5], [59, 41], [59, 54], [59, 65], [59, 69], [59, 83], [60, 5], [60, 41], [60, 54], [60, 55], [60, 56], [60, 57], [60, 65], [60, 69], [60, 83], [61, 5], [61, 41], [61, 58], [61, 65], [61, 69], [61, 83], [62, 5], [62, 41], [62, 58], [62, 65], [62, 69], [62, 83], [63, 6], [63, 41], [63, 58], [63, 65], [63, 69], [63, 83], [64, 6], [64, 41], [64, 58], [64, 65], [64, 69], [64, 83], [65, 6], [65, 41], [65, 58], [65, 65], [65, 69], [65, 83], [66, 6], [66, 41], [66, 58], [66, 65], [66, 69], [66, 83], [67, 6], [67, 41], [67, 58], [67, 65], [67, 69], [67, 84], [67, 85], [67, 86], [67, 87], [67, 88], [67, 89], [67, 90], [67, 91], [67, 92], [67, 93], [68, 6], [68, 41], [68, 58], [68, 65], [68, 69], [68, 93], [69, 6], [69, 31], [69, 32], [69, 33], [69, 34], [69, 35], [69, 36], [69, 37], [69, 38], [69, 39], [69, 40], [69, 41], [69, 58], [69, 65], [69, 69], [69, 93], [70, 6], [70, 30], [70, 58], [70, 59], [70, 60], [70, 61], [70, 62], [70, 63], [70, 64], [70, 65], [70, 69], [70, 93], [71, 6], [71, 30], [71, 69], [71, 93], [72, 6], [72, 30], [72, 69], [72, 93], [73, 6], [73, 30], [73, 69], [73, 93], [74, 6], [74, 30], [74, 33], [74, 69], [74, 93], [75, 6], [75, 30], [75, 33], [75, 70], [75, 93], [76, 6], [76, 30], [76, 33], [76, 70], [76, 93], [77, 6], [77, 30], [77, 33], [77, 70], [77, 93], [78, 6], [78, 30], [78, 33], [78, 70], [78, 93], [79, 6], [79, 30], [79, 33], [79, 70], [79, 93], [80, 6], [80, 30], [80, 33], [80, 70], [80, 93], [81, 6], [81, 26], [81, 27], [81, 28], [81, 29], [81, 30], [81, 33], [81, 70], [81, 93], [82, 6], [82, 25], [82, 33], [82, 70], [82, 93], [83, 6], [83, 25], [83, 33], [83, 70], [83, 93], [84, 6], [84, 25], [84, 33], [84, 70], [84, 93], [85, 6], [85, 7], [85, 8], [85, 9], [85, 10], [85, 11], [85, 12], [85, 13], [85, 14], [85, 15], [85, 16], [85, 17], [85, 18], [85, 19], [85, 20], [85, 21], [85, 22], [85, 23], [85, 24], [85, 25], [85, 33], [85, 70], [85, 71], [85, 72], [85, 73], [85, 74], [85, 75], [85, 76], [85, 77], [85, 78], [85, 79], [85, 80], [85, 81], [85, 82], [85, 83], [85, 84], [85, 85], [85, 86], [85, 87], [85, 88], [85, 89], [85, 90], [85, 91], [85, 92], [85, 93], [86, 33], [87, 33], [88, 33], [89, 33], [90, 33], [91, 33], [92, 33], [93, 33], [94, 33], [95, 33]], "starts": [[88, 37], [73, 3], [41, 26], [3, 54], [96, 69], [50, 88], [35, 88], [86, 68], [75, 36], [33, 77], [71, 59], [94, 0], [45, 96], [38, 46], [66, 51], [59, 2], [9, 78], [30, 10], [3, 90], [11, 51], [21, 92], [9, 8], [93, 32], [90, 54], [40, 49], [28, 33], [99, 32], [87, 30], [28, 84], [26, 11], [97, 55], [87, 26], [90, 85], [85, 26], [4, 15], [82, 40], [89, 50], [38, 21], [35, 33], [32, 25], [89, 99], [90, 76], [14, 88], [95, 75], [48, 48], [66, 90], [3, 45], [22, 94], [1, 25], [81, 53], [41, 27], [11, 56], [80, 0], [61, 55], [35, 2], [95, 31], [21, 16], [30, 21], [2, 62], [3, 93], [13, 95], [24, 94], [24, 19], [5, 61], [51, 2], [80, 47], [89, 61], [3, 94], [94, 67], [75, 68], [13, 0], [46, 48], [3, 69], [98, 51], [37, 38], [87, 52], [82, 57], [85, 94], [71, 34], [81, 95], [70, 43], [52, 99], [51, 98], [57, 91], [88, 78], [46, 42], [45, 1], [45, 94], [39, 30], [70, 31], [96, 76], [10, 71], [53, 95], [71, 35], [63, 56], [50, 3], [57, 90], [40, 20], [72, 35], [97, 94], [93, 0], [98, 26], [81, 67], [92, 88], [61, 1], [36, 32], [1, 73], [88, 11], [48, 43], [50, 43], [61, 68], [83, 59], [27, 82], [29, 24], [87, 15], [70, 57], [90, 22], [56, 0], [78, 51], [4, 77], [7, 9], [5, 92], [32, 5], [92, 19], [35, 29], [0, 22], [87, 81], [98, 94], [86, 42], [21, 85], [74, 4], [86, 85], [34, 35], [91, 31], [80, 38], [12, 78], [16, 86], [91, 66], [40, 48], [40, 0], [0, 78], [58, 98], [89, 92], [62, 55], [31, 88], [93, 25], [80, 69], [39, 91], [3, 14], [61, 88], [3, 10], [2, 86], [51, 4], [34, 4], [69, 97], [18, 7], [54, 96], [45, 93], [33, 87], [83, 30], [4, 95], [11, 83], [0, 39], [34, 27], [32, 22], [34, 14], [4, 87], [99, 59], [12, 1], [9, 5], [26, 98], [88, 51], [86, 51], [20, 4], [11, 3], [43, 0], [10, 14], [92, 7], [6, 64], [85, 29], [96, 31], [14, 93], [81, 66], [39, 41], [77, 38], [65, 88], [31, 81], [91, 30], [12, 52], [49, 87], [37, 35], [31, 24], [12, 74], [61, 45], [72, 64], [16, 24], [90, 55], [71, 44], [87, 65], [88, 90], [88, 44], [7, 94], [86, 64], [57, 64], [60, 52], [6, 73], [61, 86], [48, 49], [28, 98], [52, 96], [53, 84], [4, 71], [92, 60], [20, 20], [5, 73], [89, 19], [71, 39], [9, 87], [75, 48], [3, 43], [7, 6], [6, 87], [1, 28], [73, 46], [96, 19], [96, 66], [90, 84], [39, 43], [59, 66], [30, 17], [87, 57], [1, 60], [81, 31], [9, 4], [98, 61], [2, 3], [39, 23], [74, 99], [63, 93], [84, 35], [94, 7], [5, 98], [14, 13], [9, 66], [29, 92], [4, 62], [5, 97], [24, 17], [73, 52], [88, 63], [39, 33], [91, 61], [28, 37], [77, 65], [61, 50], [28, 22], [32, 30], [91, 53], [15, 86], [88, 56], [93, 12], [6, 67], [6, 5], [0, 63], [95, 26], [38, 89], [47, 84], [95, 60], [0, 19], [0, 31], [24, 86], [18, 4], [9, 81], [22, 23], [30, 39], [32, 11], [36, 36], [88, 31], [55, 97], [70, 54], [30, 15], [80, 54], [79, 99], [28, 90], [9, 76], [3, 80], [6, 78], [26, 81], [23, 18], [17, 21], [95, 55], [12, 80], [91, 67], [77, 39], [38, 25], [47, 46], [48, 89], [75, 59], [19, 96], [22, 5], [97, 50], [84, 55], [82, 37], [71, 3], [91, 7], [91, 51], [90, 90], [13, 88], [24, 89], [68, 52], [1, 4], [73, 45], [6, 4], [9, 13], [89, 4], [34, 41], [47, 48], [1, 99], [22, 91], [10, 96], [85, 49], [1, 8], [15, 88], [94, 50], [6, 65], [99, 24], [85, 51], [81, 56], [68, 50], [19, 0], [23, 97], [11, 12], [78, 56], [87, 2], [19, 84], [77, 48], [91, 56], [88, 62], [71, 31], [31, 83], [11, 68], [4, 98], [75, 32], [21, 24], [92, 74], [79, 52], [94, 37], [39, 89], [27, 22], [95, 39], [94, 73], [27, 32], [12, 67], [95, 86], [92, 56], [82, 99], [94, 69], [87, 17], [78, 44], [22, 84], [20, 3], [37, 99], [31, 39], [95, 98], [4, 83], [74, 51], [83, 97], [3, 34], [65, 46], [88, 52], [93, 71], [82, 41], [8, 66], [86, 46], [22, 2], [75, 69], [35, 23], [9, 61], [37, 19], [26, 17], [87, 73], [91, 11], [8, 69], [4, 13], [97, 14], [71, 55], [72, 66], [82, 96], [0, 61], [79, 51], [39, 44], [91, 97], [87, 60], [28, 23], [61, 92], [91, 14], [12, 93], [28, 5], [69, 49], [1, 50], [5, 83], [77, 60], [90, 28], [1, 17], [0, 81], [32, 16], [79, 35], [95, 28], [80, 65], [92, 57], [10, 67], [73, 39], [78, 39], [89, 32], [74, 32], [25, 5], [89, 53], [55, 1], [95, 2], [86, 37], [89, 26], [64, 89], [84, 99], [50, 91], [36, 45], [75, 65], [77, 34], [81, 37], [37, 3], [63, 91], [47, 44], [94, 9], [9, 70], [2, 49], [9, 62], [34, 40], [67, 50], [7, 65], [87, 42], [99, 82], [40, 21], [36, 35], [65, 1], [76, 41], [7, 59], [11, 66], [28, 40], [64, 54], [38, 14], [93, 60], [0, 36], [88, 2], [69, 99], [60, 95], [92, 35], [6, 66], [26, 86], [96, 79], [86, 91], [96, 87], [92, 49], [0, 2], [12, 70], [24, 96], [9, 10], [16, 1], [99, 7], [65, 47], [96, 60], [50, 45], [49, 84], [14, 15], [94, 64], [86, 71], [46, 98], [8, 82], [24, 8], [32, 19], [94, 57], [76, 45], [2, 91], [67, 44], [31, 6], [88, 81], [18, 22], [20, 93], [93, 6], [86, 38], [88, 66], [60, 46], [37, 18], [98, 56], [98, 89], [1, 20], [33, 48], [40, 17], [77, 94], [15, 4], [1, 67], [22, 82], [15, 83], [4, 82], [95, 51], [99, 11], [27, 43], [81, 65], [76, 61], [88, 53], [90, 67], [99, 28], [94, 23], [13, 24], [12, 20], [52, 2], [20, 6], [22, 21], [95, 6], [98, 37], [3, 65], [92, 18], [29, 25], [35, 4], [3, 71], [17, 82], [26, 94], [97, 84], [58, 47], [77, 42], [51, 87], [92, 4], [39, 13], [47, 97], [80, 34], [62, 95], [93, 89], [71, 0], [19, 81], [35, 30], [11, 92], [36, 5], [35, 49], [90, 87], [4, 60], [58, 53], [76, 56], [98, 42], [64, 5], [39, 5], [94, 8], [65, 4], [24, 88], [1, 94], [21, 22], [38, 87], [71, 46], [1, 38], [77, 55], [96, 22], [66, 49], [95, 11], [19, 22], [90, 56], [41, 20], [40, 15], [55, 45], [30, 8], [93, 26], [33, 98], [0, 41], [39, 8], [96, 15], [77, 59], [87, 62], [26, 16], [34, 86], [38, 13], [15, 96], [37, 16], [33, 95], [59, 1], [0, 73], [46, 49], [90, 70], [49, 46], [27, 25], [60, 94], [60, 88], [76, 5], [38, 92], [7, 64], [0, 91], [48, 90], [32, 84], [6, 75], [38, 17], [1, 43], [82, 31], [80, 58], [18, 81], [58, 91], [31, 99], [94, 28], [12, 9], [64, 66], [25, 15], [3, 0], [4, 55], [53, 47], [86, 13], [38, 33], [83, 94], [23, 85], [39, 49], [32, 6], [97, 60], [30, 25], [2, 24], [55, 53], [12, 92], [84, 51], [24, 7], [12, 4], [6, 69], [92, 89], [30, 2], [9, 14], [5, 85], [83, 43], [7, 79], [70, 0], [49, 3], [99, 51], [45, 87], [73, 64], [84, 52], [6, 79], [23, 10], [53, 90], [78, 62], [77, 68], [14, 1], [37, 34], [57, 86], [72, 0], [62, 57], [46, 90], [85, 0], [7, 0], [46, 84], [34, 90], [3, 78], [99, 47], [27, 41], [65, 91], [53, 1], [84, 46], [1, 65], [81, 63], [97, 90], [85, 63], [33, 76], [28, 15], [89, 56], [72, 94], [2, 9], [91, 86], [29, 81], [79, 5], [97, 69], [42, 0], [3, 75], [73, 50], [70, 35], [77, 53], [80, 61], [0, 70], [82, 36], [86, 6], [97, 13], [78, 36], [68, 43], [39, 88], [45, 97], [18, 5], [5, 69], [17, 9], [31, 29], [66, 0], [56, 67], [26, 14], [89, 21], [6, 74], [49, 86], [61, 47], [71, 41], [91, 87], [16, 91], [21, 11], [26, 99], [2, 53], [64, 94], [71, 54], [51, 46], [13, 96], [47, 2], [61, 43], [99, 44], [97, 23], [86, 72], [32, 12], [29, 19], [74, 56], [18, 16], [5, 7], [73, 48], [0, 80], [99, 41], [73, 37], [9, 89], [98, 21], [88, 28], [88, 95], [98, 25], [12, 77], [28, 28], [58, 48], [97, 72], [0, 84], [25, 91], [79, 62], [37, 97], [43, 49], [2, 89], [94, 4], [26, 22], [38, 37], [22, 25], [7, 67], [59, 89], [72, 96], [23, 99], [85, 52], [12, 0], [22, 81], [29, 36], [94, 15], [70, 48], [84, 67], [27, 35], [93, 47], [58, 85], [30, 29], [96, 33], [39, 4], [87, 9], [98, 55], [29, 38], [35, 48], [96, 16], [37, 22], [83, 55], [99, 72], [59, 87], [96, 36], [52, 49], [48, 1], [76, 43], [24, 92], [80, 98], [15, 95], [97, 2], [61, 94], [62, 89], [83, 63], [23, 89], [72, 60], [16, 11], [87, 46], [3, 85], [29, 97], [90, 81], [33, 93], [1, 26], [68, 97], [31, 45], [99, 6], [98, 45], [59, 52], [11, 54], [79, 41], [64, 42], [19, 14], [26, 82], [86, 70], [24, 85], [82, 43], [44, 3], [5, 55], [89, 6], [52, 97], [33, 35], [21, 1], [57, 50], [37, 26], [96, 5], [85, 1], [10, 82], [66, 55], [14, 21], [5, 63], [63, 2], [22, 16], [63, 4], [11, 62], [98, 63], [45, 92], [56, 46], [8, 76], [86, 52], [40, 6], [40, 4], [13, 17], [27, 1], [94, 35], [1, 33], [95, 77], [55, 90], [9, 68], [26, 93], [41, 13], [75, 52], [69, 1], [99, 36], [99, 15], [69, 94], [94, 51], [99, 77], [92, 16], [65, 0], [45, 90], [93, 83], [31, 33], [76, 57], [95, 27], [26, 7], [76, 96], [27, 81], [67, 42], [33, 17], [17, 8], [86, 8], [93, 96], [28, 89], [58, 49], [31, 17], [80, 95], [13, 92], [89, 13], [11, 80], [54, 49], [31, 42], [33, 79], [18, 93], [77, 47], [98, 9], [85, 3], [40, 24], [20, 89], [96, 47], [3, 3], [2, 11], [1, 83], [5, 9], [73, 55], [55, 91], [87, 47], [95, 9], [55, 86], [5, 67], [20, 21], [42, 99], [83, 38], [69, 2], [62, 53], [89, 44], [0, 35], [16, 5], [10, 1], [92, 68], [15, 21], [17, 94], [7, 92], [16, 14], [92, 54], [92, 82], [73, 57], [63, 86], [7, 83], [17, 11], [78, 50], [89, 58], [46, 89], [2, 99], [97, 53], [14, 25], [76, 51], [54, 92], [84, 3], [6, 89], [22, 3], [16, 3], [44, 0], [47, 47], [57, 3], [99, 25], [77, 37], [34, 45], [12, 87], [15, 8], [41, 43], [2, 41], [97, 1], [77, 36], [1, 11], [4, 6], [57, 67], [14, 24], [74, 52], [16, 15], [51, 43], [77, 95], [15, 98], [21, 23], [94, 78], [85, 95], [77, 67], [96, 20], [4, 0], [9, 85], [94, 41], [55, 65], [85, 39], [58, 88], [98, 49], [2, 72], [95, 91], [1, 30], [84, 61], [80, 5], [74, 34], [65, 67], [35, 27], [35, 87], [95, 96], [68, 57], [83, 57], [98, 3], [87, 28], [32, 10], [5, 90], [93, 31], [99, 21], [19, 99], [39, 21], [76, 63], [92, 85], [0, 53], [98, 28], [65, 85], [29, 16], [35, 20], [26, 97], [59, 98], [26, 96], [31, 8], [78, 31], [93, 67], [9, 86], [87, 59], [78, 60], [25, 97], [19, 82], [98, 69], [3, 79], [12, 72], [3, 99], [34, 98], [91, 38], [25, 1], [4, 8], [91, 90], [80, 51], [20, 85], [39, 27], [88, 16], [54, 47], [33, 26], [73, 4], [4, 3], [36, 13], [74, 41], [29, 32], [86, 3], [4, 63], [52, 98], [74, 3], [55, 48], [79, 36], [1, 13], [22, 0], [88, 69], [28, 0], [5, 96], [50, 90], [77, 0], [41, 0], [91, 60], [2, 32], [48, 87], [91, 78], [1, 52], [73, 5], [71, 38], [34, 11], [74, 58], [6, 58], [57, 89], [83, 40], [78, 34], [52, 0], [71, 98], [14, 4], [61, 52], [19, 98], [19, 90], [11, 2], [60, 0], [18, 13], [30, 92], [3, 21], [37, 90], [84, 53], [13, 12], [1, 31], [86, 0], [89, 98], [8, 73], [35, 14], [69, 45], [0, 71], [57, 47], [95, 34], [34, 99], [97, 16], [90, 9], [16, 22], [25, 2], [98, 39], [11, 9], [92, 46], [93, 11], [6, 14], [19, 4], [2, 55], [29, 96], [35, 95], [12, 97], [33, 21], [75, 37], [98, 11], [24, 82], [97, 7], [94, 31], [5, 94], [83, 26], [95, 88], [72, 32], [35, 41], [7, 1], [12, 56], [3, 98], [99, 74], [68, 49], [27, 23], [89, 49], [55, 93], [90, 17], [87, 54], [37, 9], [6, 90], [62, 46], [85, 69], [71, 63], [33, 82], [99, 83], [28, 88], [85, 53], [78, 94], [5, 10], [57, 66], [96, 11], [29, 0], [69, 57], [65, 92], [0, 58], [96, 35], [44, 44], [50, 92], [67, 56], [34, 97], [87, 27], [4, 80], [19, 8], [98, 10], [96, 95], [92, 45], [75, 63], [3, 41], [77, 51], [1, 49], [97, 88], [1, 62], [16, 10], [59, 43], [18, 94], [8, 3], [27, 3], [7, 14], [39, 45], [91, 19], [25, 24], [88, 38], [11, 95], [37, 13], [62, 42], [93, 19], [99, 79], [76, 66], [80, 39], [32, 0], [25, 0], [36, 97], [81, 99], [83, 46], [97, 93], [29, 45], [41, 2], [86, 96], [98, 40], [11, 97], [27, 91], [38, 12], [94, 43], [3, 4], [51, 97], [35, 8], [35, 37], [92, 92], [86, 47], [65, 54], [33, 42], [66, 96], [28, 21], [80, 41], [95, 24], [90, 91], [30, 95], [3, 46], [93, 27], [28, 12], [61, 91], [89, 48], [93, 39], [80, 43], [70, 94], [17, 25], [39, 84], [0, 49], [57, 88], [3, 37], [7, 57], [91, 10], [18, 86], [94, 66], [3, 92], [9, 79], [5, 86], [94, 95], [99, 80], [33, 39], [77, 69], [82, 29], [88, 17], [47, 87], [92, 20], [90, 64], [89, 24], [27, 95], [34, 16], [97, 86], [97, 18], [63, 87], [91, 26], [1, 40], [97, 25], [53, 94], [0, 56], [37, 10], [16, 94], [18, 99], [65, 93], [30, 7], [82, 1], [14, 99], [98, 62], [35, 89], [96, 93], [57, 84], [95, 93], [78, 32], [54, 95], [36, 12], [13, 25], [12, 19], [32, 26], [1, 14], [38, 97], [86, 92], [72, 1], [4, 58], [86, 90], [0, 43], [13, 10], [65, 50], [0, 42], [97, 65], [88, 92], [74, 97], [9, 69], [95, 66], [49, 96], [7, 8], [34, 21], [87, 58], [28, 17], [29, 26], [79, 57], [84, 60], [72, 68], [87, 53], [26, 15], [41, 99], [95, 41], [69, 46], [97, 76], [62, 0], [70, 45], [93, 94], [98, 43], [82, 53], [28, 3], [27, 16], [89, 23], [31, 13], [50, 0], [60, 96], [22, 17], [60, 42], [81, 32], [93, 92], [89, 67], [17, 84], [27, 85], [40, 27], [37, 87], [96, 17], [45, 4], [26, 1], [38, 84], [93, 8], [35, 82], [91, 28], [16, 17], [32, 7], [11, 91], [72, 31], [11, 55], [16, 12], [39, 42], [76, 55], [95, 53], [74, 40], [21, 0], [94, 79], [89, 9], [91, 47], [90, 49], [27, 86], [0, 33], [7, 58], [30, 96], [90, 71], [2, 43], [85, 55], [65, 90], [92, 75], [10, 12], [89, 10], [78, 68], [70, 98], [98, 34], [82, 35], [83, 45], [99, 33], [32, 83], [73, 94], [14, 91], [93, 97], [89, 47], [71, 37], [63, 42], [93, 34], [36, 23], [21, 87], [79, 64], [5, 93], [37, 40], [20, 11], [3, 60], [64, 3], [98, 93], [38, 41], [88, 86], [30, 24], [63, 57], [97, 46], [97, 80], [2, 25], [18, 2], [24, 16], [97, 95], [3, 5], [69, 96], [19, 83], [90, 62], [64, 90], [29, 1], [91, 13], [0, 90], [17, 4], [84, 43], [3, 86], [72, 59], [39, 20], [16, 19], [22, 12], [40, 99], [38, 23], [33, 37], [48, 86], [89, 63], [34, 31], [27, 29], [3, 23], [0, 10], [38, 45], [53, 4], [83, 48], [22, 9], [26, 95], [26, 5], [98, 6], [90, 8], [39, 17], [92, 59], [82, 38], [36, 38], [29, 21], [39, 46], [14, 7], [93, 37], [79, 38], [19, 6], [39, 3], [87, 48], [85, 64], [70, 4], [79, 58], [36, 33], [2, 61], [2, 10], [33, 18], [76, 50], [42, 1], [22, 90], [38, 5], [97, 87], [23, 15], [25, 6], [87, 86], [9, 12], [88, 22], [1, 70], [93, 15], [1, 89], [82, 45], [22, 6], [12, 12], [72, 48], [29, 33], [80, 97], [3, 58], [4, 69], [58, 52], [17, 16], [54, 99], [49, 42], [68, 46], [99, 34], [70, 56], [50, 47], [97, 9], [21, 4], [35, 6], [67, 94], [99, 91], [14, 17], [85, 58], [37, 49], [37, 96], [92, 32], [35, 28], [93, 24], [62, 52], [29, 88], [95, 49], [49, 49], [61, 98], [84, 95], [75, 38], [5, 95], [17, 93], [29, 83], [87, 25], [63, 1], [89, 55], [7, 90], [45, 86], [98, 29], [75, 55], [2, 38], [86, 34], [36, 91], [35, 16], [96, 65], [82, 48], [80, 42], [27, 27], [23, 3], [88, 97], [24, 0], [75, 1], [77, 52], [83, 62], [79, 68], [79, 50], [36, 1], [36, 28], [97, 57], [95, 94], [31, 94], [34, 88], [88, 58], [88, 13], [84, 39], [48, 44], [92, 37], [91, 18], [36, 37], [1, 2], [11, 15], [1, 69], [37, 30], [21, 89], [81, 94], [97, 63], [21, 9], [0, 45], [27, 18], [30, 97], [31, 96], [90, 86], [69, 67], [71, 5], [91, 55], [89, 65], [32, 90], [61, 84], [80, 94], [30, 85], [49, 99], [34, 49], [47, 0], [14, 8], [61, 44], [59, 46], [58, 0], [47, 85], [35, 21], [54, 45], [80, 67], [36, 26], [97, 20], [69, 52], [47, 98], [27, 99], [97, 70], [66, 93], [71, 4], [91, 93], [8, 87], [50, 89], [33, 81], [98, 80], [12, 85], [0, 25], [87, 8], [16, 89], [81, 4], [26, 18], [27, 98], [98, 85], [87, 80], [31, 95], [7, 66], [97, 39], [12, 62], [39, 16], [35, 5], [58, 3], [87, 20], [55, 46], [7, 82], [45, 46], [4, 96], [19, 92], [97, 73], [97, 89], [82, 95], [24, 98], [41, 42], [98, 59], [0, 62], [40, 42], [86, 97], [88, 75], [27, 93], [91, 68], [70, 67], [91, 52], [91, 2], [90, 50], [88, 59], [92, 13], [96, 12], [57, 68], [15, 16], [30, 83], [8, 63], [78, 96], [91, 72], [19, 91], [99, 35], [64, 91], [87, 90], [47, 92], [28, 91], [96, 53], [81, 48], [11, 90], [14, 90], [47, 91], [20, 18], [99, 49], [83, 69], [54, 98], [93, 55], [75, 4], [15, 20], [94, 72], [8, 0], [76, 2], [32, 27], [86, 48], [2, 29], [77, 5], [35, 15], [96, 4], [67, 2], [23, 23], [92, 53], [97, 32], [4, 94], [62, 98], [96, 84], [38, 39], [36, 3], [6, 13], [57, 53], [31, 4], [8, 90], [36, 95], [97, 36], [79, 49], [19, 24], [18, 92], [9, 95], [85, 50], [57, 42], [28, 45], [99, 76], [8, 9], [77, 57], [85, 47], [99, 62], [73, 53], [87, 38], [33, 86], [93, 53], [84, 66], [36, 11], [4, 7], [9, 80], [90, 95], [78, 40], [10, 95], [82, 54], [83, 61], [79, 39], [48, 92], [67, 97], [2, 98], [58, 43], [8, 8], [71, 33], [50, 44], [83, 34], [39, 29], [2, 87], [33, 49], [92, 24], [7, 89], [51, 0], [15, 93], [60, 53], [10, 62], [11, 81], [30, 98], [71, 32], [5, 0], [52, 44], [32, 38], [36, 82], [1, 39], [3, 95], [87, 74], [4, 88], [35, 96], [23, 8], [78, 66], [72, 43], [72, 46], [90, 21], [33, 33], [41, 11], [67, 68], [84, 62], [64, 51], [9, 84], [53, 86], [26, 8], [82, 0], [87, 79], [3, 70], [99, 66], [87, 56], [34, 6], [76, 54], [1, 46], [28, 44], [48, 4], [57, 97]], "targets": [[39, 19], [39, 34], [35, 34], [1, 19], [33, 32], [94, 60], [89, 12], [91, 87], [79, 41], [8, 14], [26, 23], [38, 98], [94, 62], [55, 89], [94, 17], [85, 50], [22, 17], [73, 4], [96, 57], [61, 2], [99, 89], [0, 68], [11, 96], [20, 2], [81, 1], [10, 80], [38, 1], [93, 17], [6, 84], [74, 66], [33, 81], [23, 88], [44, 2], [98, 80], [18, 92], [13, 92], [80, 1], [17, 83], [89, 10], [59, 0], [55, 96], [3, 57], [74, 4], [73, 65], [79, 31], [34, 92], [9, 91], [29, 44], [53, 43], [6, 55], [83, 48], [29, 84], [75, 55], [91, 93], [50, 0], [72, 60], [84, 69], [10, 13], [39, 99], [95, 76], [28, 44], [72, 32], [39, 28], [6, 62], [7, 84], [83, 98], [89, 8], [18, 25], [78, 38], [99, 8], [80, 53], [95, 29], [96, 27], [65, 0], [72, 64], [88, 32], [35, 0], [35, 29], [24, 15], [29, 98], [13, 25], [12, 2], [8, 61], [85, 35], [63, 51], [14, 83], [16, 84], [48, 93], [17, 23], [89, 57], [61, 67], [13, 15], [25, 95], [74, 44], [98, 20], [90, 56], [36, 32], [29, 5], [34, 93], [74, 61], [55, 50], [58, 4], [60, 2], [87, 38], [99, 30], [41, 44], [6, 70], [55, 68], [2, 50], [99, 40], [39, 1], [70, 47], [5, 83], [96, 75], [35, 23], [57, 87], [91, 88], [97, 11], [84, 97], [45, 97], [87, 1], [58, 0], [56, 68], [37, 20], [29, 11], [38, 97], [69, 95], [0, 91], [21, 10], [5, 76], [98, 29], [21, 11], [59, 46], [3, 64], [53, 94], [11, 98], [79, 67], [38, 44], [30, 2], [30, 44], [11, 81], [87, 24], [21, 25], [11, 83], [2, 48], [59, 51], [0, 99], [25, 6], [94, 98], [95, 26], [5, 14], [37, 49], [82, 1], [94, 16], [97, 15], [34, 97], [25, 84], [53, 90], [65, 4], [41, 24], [11, 65], [87, 82], [35, 17], [54, 84], [2, 25], [15, 87], [35, 44], [56, 50], [97, 40], [15, 85], [97, 74], [37, 99], [64, 86], [66, 97], [85, 46], [22, 22], [92, 19], [91, 77], [15, 9], [94, 71], [32, 89], [9, 55], [21, 84], [6, 68], [96, 14], [35, 27], [4, 92], [1, 64], [22, 83], [73, 42], [91, 52], [99, 17], [31, 82], [96, 0], [6, 78], [86, 89], [2, 60], [91, 60], [99, 57], [51, 45], [90, 27], [62, 54], [17, 90], [37, 47], [5, 58], [34, 13], [91, 86], [74, 99], [19, 86], [2, 68], [22, 8], [7, 60], [84, 45], [94, 39], [62, 97], [15, 13], [94, 55], [92, 21], [76, 1], [33, 24], [28, 81], [82, 34], [39, 97], [2, 5], [56, 99], [25, 8], [97, 91], [94, 84], [91, 8], [81, 68], [34, 24], [69, 55], [86, 84], [95, 65], [64, 93], [99, 48], [67, 51], [98, 21], [14, 17], [35, 98], [80, 97], [5, 2], [91, 50], [93, 11], [81, 50], [67, 99], [26, 87], [62, 90], [41, 47], [98, 17], [12, 11], [86, 59], [66, 56], [90, 42], [84, 38], [85, 36], [73, 63], [27, 0], [52, 99], [8, 83], [99, 68], [27, 87], [85, 60], [12, 54], [45, 95], [3, 78], [7, 61], [97, 69], [82, 41], [77, 42], [35, 48], [31, 38], [54, 87], [77, 59], [96, 41], [62, 50], [91, 82], [75, 65], [38, 85], [77, 46], [90, 22], [12, 64], [74, 38], [93, 25], [92, 0], [33, 94], [28, 99], [81, 51], [6, 85], [3, 62], [0, 6], [73, 33], [43, 2], [0, 58], [16, 24], [36, 36], [91, 70], [88, 29], [89, 78], [41, 12], [80, 4], [57, 93], [94, 77], [21, 95], [8, 79], [2, 15], [70, 54], [89, 4], [90, 58], [23, 20], [46, 91], [29, 8], [93, 63], [50, 86], [20, 96], [96, 33], [62, 48], [73, 52], [88, 4], [8, 80], [95, 8], [1, 46], [41, 23], [46, 4], [3, 20], [76, 31], [8, 66], [11, 15], [0, 3], [91, 2], [79, 55], [80, 54], [93, 82], [83, 50], [35, 3], [83, 65], [13, 83], [62, 52], [28, 33], [47, 99], [33, 30], [29, 39], [72, 97], [64, 99], [35, 21], [88, 80], [99, 67], [82, 59], [49, 98], [57, 68], [93, 92], [29, 20], [24, 86], [86, 43], [74, 58], [27, 30], [31, 44], [24, 23], [87, 79], [82, 3], [62, 98], [33, 2], [6, 77], [37, 13], [96, 60], [46, 1], [74, 55], [8, 97], [6, 91], [93, 18], [97, 20], [57, 42], [18, 1], [91, 48], [10, 98], [3, 24], [94, 8], [74, 56], [7, 70], [45, 48], [59, 94], [79, 43], [37, 93], [86, 35], [52, 93], [35, 16], [34, 3], [98, 14], [97, 24], [39, 22], [4, 88], [42, 46], [1, 35], [3, 45], [93, 67], [51, 87], [35, 95], [15, 11], [44, 49], [84, 51], [56, 64], [25, 96], [4, 94], [32, 0], [88, 42], [20, 5], [33, 5], [12, 84], [81, 57], [12, 57], [61, 55], [18, 24], [77, 61], [7, 85], [78, 50], [74, 54], [69, 49], [34, 34], [74, 64], [51, 85], [76, 32], [77, 96], [73, 60], [50, 48], [15, 22], [86, 81], [91, 24], [39, 95], [90, 1], [18, 87], [78, 98], [81, 69], [53, 48], [95, 99], [33, 93], [43, 98], [72, 37], [92, 80], [96, 61], [32, 90], [99, 32], [31, 23], [43, 1], [35, 31], [42, 45], [98, 51], [98, 11], [91, 14], [98, 41], [76, 64], [90, 80], [30, 12], [55, 47], [96, 80], [93, 97], [61, 66], [39, 10], [83, 60], [97, 27], [90, 57], [15, 15], [60, 0], [1, 23], [74, 31], [95, 52], [36, 26], [81, 37], [35, 7], [14, 96], [57, 44], [90, 40], [3, 0], [59, 3], [55, 97], [1, 14], [79, 66], [91, 15], [32, 39], [90, 50], [92, 61], [53, 84], [90, 68], [38, 37], [90, 55], [33, 98], [89, 99], [86, 36], [26, 81], [49, 49], [12, 24], [54, 0], [27, 5], [15, 89], [66, 91], [13, 8], [65, 89], [71, 31], [34, 19], [8, 2], [88, 30], [32, 35], [21, 93], [97, 33], [76, 51], [13, 6], [10, 9], [14, 23], [79, 52], [86, 47], [20, 87], [1, 74], [62, 94], [89, 81], [94, 2], [98, 10], [78, 56], [33, 96], [16, 9], [99, 27], [80, 67], [11, 58], [97, 5], [68, 48], [97, 96], [31, 25], [3, 27], [73, 66], [4, 11], [5, 91], [95, 14], [95, 28], [72, 1], [65, 46], [83, 63], [5, 77], [58, 92], [27, 33], [63, 94], [50, 49], [87, 26], [79, 54], [91, 73], [94, 86], [0, 84], [45, 0], [67, 57], [4, 4], [89, 18], [99, 60], [33, 97], [16, 22], [92, 79], [81, 38], [3, 94], [20, 19], [88, 85], [57, 94], [1, 8], [26, 12], [35, 4], [2, 56], [6, 98], [64, 84], [92, 31], [32, 4], [38, 27], [15, 24], [60, 68], [36, 43], [61, 51], [3, 79], [71, 58], [84, 34], [70, 52], [69, 47], [33, 82], [3, 59], [69, 99], [75, 35], [72, 43], [16, 85], [9, 1], [48, 87], [77, 53], [84, 5], [99, 87], [40, 13], [82, 56], [83, 47], [55, 64], [56, 66], [51, 84], [5, 61], [24, 11], [5, 94], [35, 9], [86, 85], [93, 76], [3, 13], [28, 43], [91, 22], [39, 40], [15, 19], [93, 99], [17, 3], [36, 29], [84, 64], [1, 53], [86, 95], [93, 6], [79, 98], [74, 1], [0, 40], [84, 1], [89, 2], [38, 9], [12, 74], [82, 67], [83, 28], [63, 88], [7, 8], [36, 46], [10, 90], [10, 69], [96, 59], [86, 64], [98, 44], [3, 11], [36, 47], [89, 73], [96, 28], [73, 37], [77, 57], [90, 15], [62, 1], [30, 23], [34, 14], [4, 6], [62, 44], [38, 28], [84, 32], [25, 87], [76, 4], [73, 5], [53, 87], [51, 89], [82, 40], [61, 50], [31, 93], [38, 82], [70, 44], [8, 56], [88, 1], [94, 20], [32, 31], [93, 40], [45, 4], [28, 89], [97, 80], [74, 32], [72, 5], [62, 68], [4, 95], [75, 69], [29, 83], [51, 98], [72, 40], [41, 11], [48, 45], [97, 38], [93, 88], [77, 34], [59, 4], [61, 87], [10, 2], [60, 49], [97, 71], [22, 7], [33, 84], [93, 60], [7, 11], [96, 92], [66, 50], [96, 63], [95, 4], [84, 63], [28, 21], [1, 28], [89, 68], [43, 99], [42, 4], [95, 35], [0, 56], [70, 42], [87, 63], [0, 63], [80, 45], [92, 29], [3, 90], [0, 71], [93, 2], [78, 69], [32, 21], [90, 18], [7, 57], [50, 96], [32, 15], [95, 66], [23, 9], [49, 87], [99, 88], [20, 6], [24, 13], [7, 80], [15, 97], [53, 46], [35, 37], [38, 31], [85, 45], [10, 99], [48, 48], [15, 5], [4, 86], [56, 44], [95, 82], [85, 3], [92, 52], [68, 2], [4, 59], [73, 35], [99, 98], [87, 19], [60, 98], [85, 52], [27, 34], [22, 81], [38, 13], [58, 50], [89, 40], [65, 52], [63, 0], [61, 44], [60, 90], [78, 65], [11, 19], [70, 4], [86, 18], [29, 92], [10, 66], [18, 94], [1, 1], [73, 31], [4, 3], [92, 70], [42, 2], [41, 99], [5, 85], [88, 8], [20, 4], [35, 91], [85, 68], [54, 88], [89, 69], [35, 11], [13, 13], [90, 34], [6, 8], [8, 82], [8, 88], [90, 7], [61, 68], [11, 87], [33, 38], [36, 10], [55, 67], [93, 35], [83, 64], [77, 55], [21, 12], [59, 95], [81, 54], [92, 78], [71, 1], [29, 36], [0, 17], [95, 87], [91, 85], [98, 83], [9, 71], [35, 43], [97, 26], [95, 56], [12, 88], [30, 86], [16, 93], [95, 62], [85, 39], [60, 93], [0, 98], [90, 77], [9, 74], [18, 93], [14, 9], [66, 43], [27, 88], [98, 9], [50, 87], [31, 81], [30, 82], [25, 17], [10, 77], [8, 87], [1, 63], [98, 1], [98, 36], [38, 14], [85, 4], [10, 57], [97, 58], [85, 95], [48, 43], [31, 22], [53, 95], [22, 9], [63, 45], [38, 3], [7, 74], [77, 43], [83, 26], [1, 70], [39, 39], [63, 48], [62, 49], [96, 50], [38, 86], [31, 10], [36, 17], [8, 94], [9, 65], [33, 13], [86, 94], [52, 98], [68, 95], [39, 11], [89, 86], [52, 44], [33, 6], [39, 32], [48, 49], [87, 29], [71, 37], [99, 49], [1, 68], [64, 43], [2, 64], [77, 45], [70, 98], [88, 59], [77, 4], [27, 37], [31, 3], [43, 97], [54, 97], [7, 73], [50, 42], [91, 78], [76, 69], [94, 24], [16, 5], [98, 91], [94, 42], [32, 28], [66, 96], [85, 62], [36, 27], [86, 56], [58, 51], [2, 52], [34, 49], [52, 45], [37, 94], [59, 44], [79, 68], [89, 60], [77, 49], [8, 89], [97, 41], [93, 91], [20, 95], [33, 26], [40, 44], [2, 93], [82, 53], [19, 21], [78, 63], [16, 0], [33, 88], [10, 64], [11, 8], [14, 1], [80, 37], [90, 20], [19, 97], [78, 64], [69, 3], [29, 85], [1, 4], [95, 31], [15, 25], [10, 70], [98, 31], [19, 90], [91, 98], [35, 13], [23, 81], [91, 12], [89, 87], [64, 87], [46, 42], [93, 20], [4, 65], [35, 30], [38, 0], [40, 11], [17, 93], [78, 54], [82, 27], [54, 45], [35, 25], [89, 76], [93, 89], [63, 97], [29, 24], [23, 19], [73, 62], [94, 82], [16, 2], [92, 54], [95, 68], [23, 24], [34, 98], [92, 86], [54, 43], [4, 14], [55, 88], [87, 72], [92, 97], [7, 77], [0, 73], [36, 84], [84, 41], [40, 18], [22, 14], [57, 47], [84, 2], [48, 1], [33, 43], [26, 22], [1, 82], [96, 20], [85, 65], [98, 98], [22, 23], [12, 53], [91, 89], [1, 69], [0, 74], [95, 83], [29, 88], [27, 39], [27, 12], [3, 81], [28, 94], [48, 96], [75, 46], [31, 24], [38, 40], [82, 43], [18, 2], [12, 98], [8, 71], [21, 2], [40, 2], [86, 34], [8, 75], [57, 43], [69, 51], [37, 85], [2, 26], [17, 9], [29, 18], [10, 12], [24, 89], [29, 6], [14, 12], [3, 65], [11, 13], [28, 31], [9, 15], [48, 84], [84, 99], [57, 46], [54, 86], [0, 9], [4, 85], [24, 12], [62, 53], [29, 45], [32, 13], [15, 86], [76, 65], [97, 16], [87, 60], [36, 25], [28, 22], [37, 84], [45, 45], [30, 4], [93, 0], [53, 88], [95, 63], [97, 83], [5, 4], [96, 13], [19, 12], [94, 28], [4, 9], [92, 89], [9, 93], [81, 96], [99, 74], [71, 0], [65, 48], [90, 29], [49, 88], [98, 84], [9, 12], [36, 16], [2, 76], [24, 83], [33, 27], [66, 99], [5, 80], [2, 45], [86, 40], [30, 27], [79, 57], [5, 3], [2, 71], [36, 13], [49, 89], [23, 2], [4, 69], [80, 40], [90, 44], [63, 55], [11, 61], [98, 33], [63, 52], [94, 54], [3, 12], [30, 18], [71, 32], [70, 37], [3, 99], [64, 96], [36, 38], [87, 67], [98, 7], [83, 35], [90, 30], [93, 29], [38, 95], [95, 89], [20, 98], [94, 72], [2, 69], [34, 84], [82, 4], [72, 50], [91, 30], [38, 23], [37, 9], [25, 88], [94, 83], [1, 76], [68, 5], [4, 63], [24, 93], [89, 55], [36, 86], [72, 57], [77, 47], [0, 15], [24, 21], [25, 83], [56, 42], [32, 20], [39, 33], [2, 84], [92, 91], [99, 29], [3, 87], [23, 18], [13, 19], [30, 24], [25, 18], [28, 90], [5, 8], [40, 45], [94, 0], [20, 83], [66, 47], [31, 15], [24, 92], [0, 42], [22, 3], [94, 88], [26, 82], [21, 88], [20, 0], [56, 46], [73, 53], [29, 14], [19, 93], [33, 79], [9, 11], [59, 93], [58, 87], [1, 26], [37, 26], [7, 86], [82, 31], [85, 63], [72, 38], [14, 6], [88, 24], [1, 80], [91, 20], [77, 99], [53, 97], [34, 1], [88, 36], [11, 74], [70, 97], [9, 96], [44, 46], [26, 19], [86, 50], [42, 47], [82, 39], [53, 85], [60, 91], [72, 55], [39, 5], [78, 1], [34, 90], [94, 96], [62, 46], [33, 83], [1, 41], [72, 36], [11, 25], [11, 53], [23, 15], [1, 22], [84, 52], [98, 88], [16, 11], [88, 20], [24, 98], [68, 51], [69, 1], [19, 10], [0, 57], [32, 87], [29, 27], [30, 96], [64, 94], [6, 82], [28, 92], [55, 91], [12, 6], [7, 13], [16, 95], [73, 41], [9, 64], [14, 97], [8, 11], [40, 23], [38, 17], [48, 99], [10, 95], [2, 83], [3, 55], [94, 68], [45, 85], [70, 55], [10, 0], [91, 66], [20, 90], [54, 98], [5, 72], [76, 52], [90, 63], [31, 34], [39, 36], [87, 14], [92, 96], [7, 10], [0, 30], [11, 72], [84, 65], [28, 82], [64, 88], [78, 95], [37, 0], [66, 4], [97, 94], [77, 50], [95, 50], [96, 49], [86, 76], [34, 37], [50, 44], [8, 90], [17, 7], [70, 38], [89, 0], [35, 1], [77, 3], [25, 94], [3, 30], [17, 21], [19, 7], [47, 45], [39, 49], [19, 4], [83, 54], [27, 7], [40, 5], [38, 25], [63, 93], [13, 91], [10, 14], [30, 89], [26, 14], [36, 35], [11, 17], [91, 69], [30, 81], [28, 2], [79, 95], [9, 69], [76, 55], [91, 79], [84, 94], [50, 46], [33, 40], [19, 24], [29, 0], [21, 86], [4, 10], [80, 48], [30, 84], [7, 56], [56, 53], [90, 48], [30, 34], [30, 25], [56, 43], [30, 28], [74, 97], [1, 37], [97, 68], [28, 16], [40, 12], [37, 33], [25, 12], [36, 4], [86, 31], [6, 71], [37, 92], [5, 89], [79, 61], [95, 32], [92, 62], [96, 84], [74, 46], [35, 28], [87, 54], [80, 31], [38, 5], [94, 13], [52, 88], [85, 94], [76, 63], [84, 58], [64, 67], [7, 87], [88, 46], [0, 52], [12, 76], [23, 7], [45, 84], [82, 51], [99, 2], [93, 59], [96, 77], [95, 36], [64, 0], [2, 7], [63, 54], [26, 91], [12, 7], [88, 5], [96, 35], [20, 97], [27, 28], [0, 72], [63, 46], [67, 43], [5, 74], [39, 25], [95, 98], [6, 87], [57, 90], [66, 95], [89, 74], [89, 50], [77, 31], [10, 84], [49, 95], [7, 55], [81, 61], [27, 14], [1, 91], [44, 98], [95, 88], [61, 95], [71, 94], [46, 85], [36, 37], [37, 35], [23, 8], [96, 97], [99, 81], [76, 57], [8, 86], [89, 51], [58, 86], [1, 0], [87, 62], [61, 45], [54, 92], [14, 14], [94, 5], [92, 28], [76, 53], [3, 66], [89, 70], [30, 42], [2, 33], [38, 89], [96, 37], [97, 21], [65, 55], [95, 41], [96, 26], [67, 47], [12, 18], [87, 93], [57, 48], [96, 25], [13, 2], [45, 93], [18, 85], [80, 2], [77, 68], [92, 55], [81, 66], [4, 7], [31, 84], [89, 17], [41, 5], [47, 93], [41, 3], [81, 64], [55, 85], [2, 18], [97, 89], [74, 42], [6, 72], [96, 17], [52, 43], [75, 96], [96, 64], [38, 99], [16, 81], [22, 87], [70, 40], [73, 43], [75, 34], [50, 47], [77, 64], [91, 9], [64, 46], [40, 6], [6, 60], [16, 94], [92, 16], [69, 94], [79, 51], [89, 66], [1, 52], [32, 22], [65, 88], [31, 83], [34, 32], [49, 48], [1, 94], [95, 54], [99, 39], [40, 3], [13, 7], [93, 26], [96, 36], [59, 86], [2, 66], [91, 17], [7, 72], [30, 33], [51, 3], [95, 18], [1, 42], [42, 99], [88, 98], [98, 45], [72, 0], [81, 65], [76, 67], [12, 79], [52, 1], [12, 94], [83, 45], [94, 53], [0, 11], [7, 79], [91, 4], [23, 16], [71, 41], [82, 49], [29, 23], [88, 26], [99, 45], [75, 36], [11, 16], [25, 97], [61, 89], [55, 66], [47, 90], [28, 29], [78, 36], [91, 1], [90, 85], [14, 24], [52, 3], [23, 12], [63, 1], [71, 63], [3, 84], [29, 41], [46, 96], [91, 40], [88, 99], [3, 4], [67, 2], [37, 46], [97, 78], [12, 60], [91, 54], [26, 7], [8, 91], [22, 4], [78, 39], [87, 44], [65, 45], [98, 32], [36, 41], [12, 9], [75, 31], [57, 67], [38, 22], [11, 0], [46, 46], [64, 50], [96, 98], [75, 60], [27, 9], [2, 70], [7, 9], [81, 42], [59, 88], [93, 55], [30, 13], [74, 94], [97, 84], [15, 84], [14, 91], [95, 77], [2, 19], [89, 64], [92, 12], [39, 0], [12, 61], [1, 65], [4, 74], [68, 52], [93, 90], [4, 5], [82, 64], [4, 75], [9, 97], [9, 14], [9, 5], [19, 17], [77, 56], [72, 39], [29, 19], [24, 25], [58, 91], [93, 23], [32, 14], [94, 3], [95, 58], [98, 37], [40, 24], [16, 89], [25, 25], [13, 82], [78, 99], [5, 67], [6, 6], [10, 5], [87, 49], [89, 29], [40, 19], [74, 39], [33, 80], [27, 92], [0, 90], [58, 67], [92, 90], [94, 21], [33, 20], [73, 3], [88, 54], [16, 97], [12, 90], [86, 75], [30, 91], [35, 38], [23, 22], [96, 45], [3, 98], [88, 38], [88, 90], [8, 70], [45, 92], [91, 84], [98, 74], [84, 55], [14, 19], [28, 17], [74, 45], [76, 36], [7, 93], [58, 49], [92, 68], [14, 15], [94, 81], [14, 90], [93, 34], [40, 7], [5, 92], [63, 2], [34, 16], [61, 1], [8, 57], [30, 22], [38, 46], [26, 95], [28, 84], [99, 47], [19, 20], [3, 96], [57, 45], [17, 4], [12, 96], [17, 92], [75, 3], [28, 39], [93, 38], [90, 9], [85, 61], [28, 85], [93, 69], [38, 94], [98, 16], [98, 76], [69, 52], [6, 56], [7, 76], [90, 71], [73, 94], [95, 59], [50, 98], [32, 25], [74, 57], [61, 54], [72, 94], [76, 3], [56, 45], [29, 37], [12, 8], [88, 0], [36, 96], [7, 5], [0, 55], [86, 63], [80, 51], [69, 46], [63, 53], [77, 39], [93, 32], [85, 98], [28, 42], [94, 57], [65, 66], [64, 45], [56, 51], [0, 21], [3, 32], [97, 90], [41, 98], [19, 1], [29, 1], [71, 49], [34, 28], [23, 97], [13, 81], [35, 18], [2, 24], [0, 97], [94, 35], [1, 6], [73, 58], [25, 92], [98, 63], [65, 85], [99, 19], [57, 99], [2, 97], [36, 11], [71, 33], [7, 63], [76, 49], [31, 16], [49, 43], [72, 51], [21, 5], [48, 89], [95, 27], [34, 0], [99, 92], [31, 13], [0, 85], [93, 5], [0, 54], [88, 53], [4, 1], [94, 23], [88, 57], [9, 56], [9, 68], [61, 99], [0, 2], [97, 31], [38, 34], [13, 14], [44, 97], [82, 28]]}