{"meta": {"number_of_robots": 727, "description": {"parameters": {"seed": 6220, "shape": [40, 40], "obstacles": {"n": 10, "mean": 5, "std": 2.5}, "clusters": {"n": 20, "mean": 40, "std": 20.0, "relative_radius": 2, "increase_factor": 1.3, "start_dist": {"generator_name": "uniform", "shape": [40, 40], "min": 1.0, "max": 1.0, "mean": 1.0, "std": 0.0, "dtype": "float64", "parameters": {}}, "target_dist": {"generator_name": "uniform", "shape": [40, 40], "min": 1.0, "max": 1.0, "mean": 1.0, "std": 0.0, "dtype": "float64", "parameters": {}}}, "density": 0.5, "start_dist": {"generator_name": "uniform", "shape": [40, 40], "min": 1.0, "max": 1.0, "mean": 1.0, "std": 0.0, "dtype": "float64", "parameters": {}}, "target_dist": {"generator_name": "uniform", "shape": [40, 40], "min": 1.0, "max": 1.0, "mean": 1.0, "std": 0.0, "dtype": "float64", "parameters": {}}}, "stats": {"date": "2020-11-17", "free_area": 1453.0, "number_of_clustered_robots": 727, "number_of_robots": 727}}}, "name": "medium_011_40x40_50_727", "obstacles": [[2, 10], [2, 11], [2, 12], [2, 13], [2, 30], [2, 31], [2, 32], [2, 33], [2, 34], [2, 35], [2, 36], [3, 10], [3, 13], [3, 30], [3, 36], [4, 10], [4, 13], [4, 30], [4, 32], [4, 33], [4, 34], [4, 35], [4, 36], [5, 10], [5, 13], [5, 31], [6, 10], [6, 11], [6, 12], [6, 13], [6, 31], [7, 31], [8, 11], [8, 12], [8, 13], [8, 14], [8, 15], [8, 16], [8, 17], [8, 18], [8, 19], [8, 20], [8, 31], [9, 11], [9, 20], [9, 22], [9, 23], [9, 24], [9, 25], [9, 31], [10, 11], [10, 20], [10, 22], [10, 25], [10, 29], [10, 30], [10, 31], [11, 11], [11, 20], [11, 22], [11, 25], [11, 29], [11, 31], [12, 11], [12, 12], [12, 13], [12, 14], [12, 15], [12, 16], [12, 17], [12, 18], [12, 19], [12, 20], [12, 22], [12, 23], [12, 24], [12, 25], [12, 29], [12, 31], [13, 29], [13, 30], [14, 29], [14, 30], [15, 29], [15, 30], [16, 9], [16, 29], [16, 30], [17, 9], [18, 9], [19, 9], [20, 9], [21, 9], [22, 9], [23, 9], [27, 10], [27, 11], [28, 10], [28, 11], [31, 21], [32, 21], [33, 21], [34, 21], [35, 21], [36, 21]], "starts": [[27, 29], [11, 27], [26, 9], [16, 3], [16, 2], [6, 26], [28, 21], [30, 19], [15, 1], [10, 1], [18, 19], [1, 6], [15, 6], [0, 39], [27, 32], [29, 11], [30, 37], [19, 29], [38, 13], [7, 16], [18, 18], [16, 14], [15, 12], [15, 11], [26, 31], [18, 8], [31, 30], [7, 18], [33, 33], [33, 22], [14, 15], [27, 36], [17, 15], [6, 37], [24, 32], [15, 23], [19, 14], [26, 19], [13, 2], [0, 3], [30, 31], [4, 2], [33, 31], [3, 26], [13, 28], [14, 19], [34, 28], [18, 1], [25, 24], [19, 12], [19, 5], [19, 36], [20, 10], [4, 37], [6, 9], [16, 22], [38, 18], [17, 30], [19, 26], [24, 20], [5, 0], [14, 11], [30, 32], [5, 26], [27, 33], [35, 11], [21, 14], [17, 7], [6, 29], [19, 28], [7, 7], [29, 2], [23, 31], [30, 17], [21, 24], [18, 10], [7, 29], [11, 6], [30, 27], [23, 27], [13, 32], [6, 27], [20, 13], [29, 34], [22, 10], [33, 20], [10, 8], [20, 23], [25, 30], [20, 7], [18, 3], [31, 28], [20, 24], [21, 26], [26, 33], [25, 12], [19, 6], [5, 35], [5, 30], [11, 3], [14, 2], [31, 34], [22, 25], [33, 13], [34, 20], [25, 26], [5, 14], [8, 28], [21, 12], [5, 1], [23, 3], [31, 33], [7, 10], [20, 26], [31, 6], [7, 22], [15, 16], [14, 20], [6, 34], [32, 25], [18, 13], [14, 6], [15, 34], [24, 11], [24, 36], [16, 1], [34, 29], [15, 17], [19, 3], [5, 25], [15, 19], [8, 9], [23, 6], [24, 16], [13, 33], [23, 34], [34, 11], [39, 23], [24, 34], [31, 18], [29, 19], [5, 28], [9, 7], [28, 28], [4, 19], [18, 29], [17, 17], [0, 7], [28, 2], [18, 25], [32, 22], [0, 18], [23, 26], [19, 16], [20, 12], [29, 24], [25, 34], [6, 7], [23, 0], [26, 16], [22, 19], [33, 29], [31, 22], [4, 0], [7, 30], [21, 19], [21, 15], [13, 11], [28, 36], [23, 22], [4, 27], [25, 19], [20, 3], [31, 24], [6, 8], [39, 39], [13, 1], [38, 23], [15, 20], [13, 19], [23, 24], [18, 14], [20, 6], [0, 30], [8, 24], [26, 27], [8, 26], [23, 7], [7, 14], [13, 12], [9, 5], [12, 3], [30, 34], [37, 31], [20, 32], [14, 18], [34, 24], [28, 15], [26, 36], [27, 15], [15, 32], [29, 17], [18, 20], [20, 19], [22, 17], [5, 29], [3, 20], [1, 5], [14, 4], [12, 1], [35, 36], [29, 29], [22, 7], [26, 11], [9, 30], [20, 25], [18, 32], [27, 39], [16, 6], [24, 18], [14, 14], [23, 35], [22, 12], [11, 26], [1, 26], [7, 0], [28, 38], [20, 15], [7, 17], [1, 35], [38, 27], [17, 18], [13, 4], [29, 26], [38, 17], [9, 3], [13, 34], [14, 16], [22, 29], [8, 7], [36, 33], [1, 17], [17, 23], [21, 33], [28, 7], [34, 15], [16, 19], [27, 31], [17, 5], [19, 39], [7, 32], [21, 20], [19, 20], [35, 25], [12, 0], [21, 5], [6, 0], [18, 12], [28, 34], [4, 24], [19, 31], [17, 26], [18, 17], [13, 24], [30, 33], [33, 16], [33, 30], [26, 25], [23, 5], [0, 13], [28, 8], [27, 20], [5, 38], [8, 10], [32, 31], [17, 21], [13, 21], [8, 21], [14, 0], [26, 35], [15, 25], [9, 0], [24, 5], [33, 26], [22, 22], [26, 26], [29, 6], [4, 26], [23, 28], [30, 22], [7, 4], [31, 39], [37, 20], [0, 31], [24, 8], [22, 8], [12, 26], [15, 33], [3, 8], [5, 18], [13, 14], [15, 26], [35, 26], [17, 37], [11, 5], [16, 7], [25, 11], [20, 8], [31, 35], [16, 35], [36, 13], [12, 27], [9, 21], [7, 8], [22, 38], [7, 27], [3, 29], [34, 22], [27, 1], [13, 22], [10, 21], [13, 20], [13, 8], [35, 31], [38, 24], [15, 13], [20, 36], [29, 16], [17, 38], [24, 15], [21, 29], [9, 26], [25, 13], [14, 8], [7, 13], [17, 29], [7, 39], [13, 7], [37, 26], [36, 20], [20, 17], [15, 3], [30, 28], [4, 1], [14, 17], [15, 0], [14, 27], [30, 25], [21, 23], [20, 16], [12, 32], [20, 29], [22, 15], [22, 30], [36, 24], [19, 7], [22, 18], [38, 36], [3, 2], [3, 28], [13, 16], [22, 31], [18, 16], [18, 34], [37, 11], [2, 28], [15, 2], [25, 7], [29, 33], [25, 6], [17, 28], [23, 29], [11, 10], [17, 1], [35, 28], [33, 27], [19, 1], [14, 25], [30, 38], [15, 15], [5, 36], [19, 18], [29, 23], [8, 30], [18, 27], [5, 19], [34, 13], [12, 9], [11, 2], [34, 34], [21, 28], [31, 17], [30, 24], [27, 27], [24, 19], [17, 2], [13, 26], [14, 23], [23, 1], [16, 26], [20, 27], [26, 21], [0, 29], [6, 19], [6, 5], [12, 10], [17, 16], [38, 35], [21, 30], [23, 21], [27, 25], [30, 23], [23, 38], [21, 7], [16, 5], [16, 21], [10, 10], [16, 10], [30, 11], [4, 23], [6, 20], [0, 17], [11, 36], [20, 2], [36, 34], [7, 36], [28, 33], [14, 7], [37, 29], [19, 11], [7, 15], [14, 24], [36, 23], [7, 2], [24, 27], [21, 6], [8, 22], [28, 14], [3, 21], [4, 8], [33, 34], [28, 26], [24, 14], [4, 16], [8, 27], [14, 31], [6, 32], [35, 22], [1, 0], [24, 38], [2, 23], [29, 9], [8, 8], [18, 2], [21, 16], [12, 5], [12, 2], [16, 24], [21, 4], [28, 31], [19, 17], [30, 30], [36, 18], [24, 12], [6, 4], [34, 26], [6, 33], [15, 31], [4, 25], [23, 23], [28, 5], [21, 36], [13, 6], [29, 28], [8, 32], [37, 16], [21, 18], [18, 24], [31, 8], [5, 6], [38, 19], [22, 20], [23, 19], [27, 5], [31, 27], [17, 6], [24, 37], [7, 37], [7, 5], [29, 31], [14, 34], [6, 25], [14, 28], [24, 26], [24, 7], [32, 14], [1, 9], [15, 14], [22, 3], [20, 33], [19, 19], [25, 33], [20, 30], [5, 15], [15, 24], [8, 3], [29, 3], [29, 39], [9, 9], [7, 33], [2, 29], [25, 15], [12, 28], [16, 23], [15, 7], [4, 17], [24, 13], [21, 11], [22, 26], [27, 13], [38, 31], [19, 34], [31, 16], [7, 3], [38, 37], [8, 0], [37, 19], [0, 27], [16, 13], [7, 20], [23, 8], [29, 25], [1, 34], [13, 13], [18, 35], [10, 36], [19, 8], [38, 32], [7, 1], [33, 36], [1, 1], [4, 20], [18, 28], [25, 32], [27, 14], [17, 4], [13, 25], [22, 6], [34, 19], [28, 27], [17, 14], [17, 27], [21, 22], [4, 28], [0, 11], [6, 2], [19, 15], [32, 30], [26, 32], [24, 33], [24, 31], [25, 16], [6, 23], [19, 21], [14, 21], [26, 5], [15, 5], [28, 25], [33, 18], [5, 2], [19, 10], [38, 30], [17, 20], [31, 20], [25, 25], [20, 5], [4, 29], [20, 18], [22, 16], [23, 4], [18, 15], [5, 32], [12, 36], [17, 25], [32, 11], [28, 30], [29, 14], [2, 6], [38, 20], [4, 6], [29, 36], [7, 21], [24, 29], [15, 22], [18, 5], [39, 29], [1, 30], [2, 24], [25, 28], [1, 11], [6, 22], [16, 25], [22, 28], [11, 7], [13, 5], [17, 13], [28, 16], [36, 28], [15, 35], [31, 19], [37, 21], [15, 21], [22, 23], [22, 14], [2, 14], [26, 23], [9, 29], [24, 1], [22, 5], [4, 39], [30, 21], [18, 7], [34, 33], [34, 14], [5, 24], [15, 27], [23, 25], [30, 6], [11, 32], [35, 23], [16, 8], [7, 11], [12, 21], [17, 35], [11, 33], [21, 3], [16, 31], [24, 22], [15, 4], [39, 31], [0, 38], [15, 10], [35, 18], [12, 6], [19, 37], [34, 12], [31, 31], [21, 27], [21, 17], [19, 24], [16, 12], [18, 23], [19, 35], [0, 32], [19, 4], [11, 1], [35, 37], [20, 4], [2, 0], [36, 12], [8, 23], [14, 12], [5, 33], [16, 36], [20, 0], [28, 35], [23, 2], [37, 18], [18, 37], [23, 12], [22, 13], [9, 28], [13, 9], [34, 30], [22, 24], [24, 17], [15, 36], [13, 0], [29, 12], [16, 4], [19, 33], [36, 19], [38, 22], [1, 31], [20, 20], [7, 12], [11, 4], [39, 27], [2, 19], [16, 20], [22, 32], [25, 17], [1, 10], [18, 6], [22, 0], [20, 37], [14, 32], [13, 23], [6, 24], [36, 15], [24, 0], [36, 22], [12, 7], [29, 18], [35, 30], [14, 10], [5, 17], [7, 28], [13, 18], [18, 21], [20, 21], [21, 32], [33, 12], [16, 39], [23, 17], [33, 14], [18, 4], [36, 25], [21, 25], [29, 21], [8, 4], [31, 29], [2, 2], [6, 17], [18, 22], [1, 22], [17, 3]], "targets": [[2, 28], [20, 21], [30, 32], [11, 3], [23, 34], [14, 36], [36, 16], [39, 34], [34, 27], [31, 12], [22, 7], [7, 39], [6, 15], [9, 38], [25, 34], [23, 31], [27, 8], [35, 12], [7, 32], [27, 0], [16, 34], [23, 6], [30, 18], [6, 34], [31, 33], [8, 2], [38, 20], [16, 20], [35, 24], [0, 32], [30, 19], [10, 34], [24, 19], [1, 39], [36, 4], [26, 33], [25, 10], [31, 29], [21, 35], [6, 37], [19, 32], [14, 0], [37, 12], [19, 26], [22, 34], [35, 13], [39, 15], [30, 28], [2, 38], [20, 18], [7, 15], [1, 32], [20, 33], [8, 37], [7, 36], [26, 7], [36, 33], [34, 35], [13, 39], [22, 3], [4, 4], [39, 17], [35, 10], [21, 28], [39, 29], [6, 33], [22, 13], [24, 35], [24, 36], [30, 11], [0, 37], [34, 25], [9, 35], [23, 32], [29, 32], [28, 30], [4, 37], [4, 9], [30, 13], [33, 1], [16, 22], [25, 37], [30, 1], [29, 20], [37, 23], [0, 39], [1, 38], [30, 14], [27, 29], [4, 16], [13, 9], [36, 11], [22, 33], [26, 6], [2, 27], [17, 24], [38, 26], [11, 32], [20, 26], [25, 35], [0, 31], [31, 15], [29, 9], [6, 36], [37, 28], [22, 37], [18, 36], [24, 9], [18, 15], [9, 7], [33, 30], [24, 16], [8, 32], [0, 33], [29, 24], [22, 32], [26, 35], [35, 9], [4, 39], [34, 16], [38, 27], [31, 18], [33, 34], [2, 37], [28, 2], [8, 6], [39, 10], [26, 19], [24, 37], [19, 39], [24, 0], [7, 38], [6, 16], [38, 25], [21, 22], [1, 26], [30, 33], [31, 17], [25, 38], [21, 32], [5, 26], [12, 39], [12, 4], [26, 12], [16, 39], [25, 1], [18, 11], [9, 30], [39, 24], [29, 7], [36, 35], [18, 33], [30, 29], [18, 35], [32, 11], [37, 15], [9, 27], [3, 6], [23, 35], [30, 24], [28, 23], [34, 17], [5, 28], [9, 34], [1, 34], [24, 12], [19, 33], [39, 3], [19, 36], [33, 2], [14, 20], [37, 30], [3, 14], [36, 20], [14, 3], [23, 11], [9, 37], [2, 26], [18, 34], [33, 11], [8, 28], [26, 29], [37, 35], [6, 38], [20, 6], [23, 39], [25, 24], [14, 37], [12, 35], [26, 2], [7, 33], [10, 7], [35, 8], [35, 25], [35, 2], [39, 33], [0, 34], [36, 26], [2, 23], [29, 36], [32, 37], [19, 28], [24, 33], [32, 2], [30, 12], [9, 39], [9, 33], [5, 36], [19, 0], [31, 22], [38, 11], [29, 21], [5, 20], [3, 29], [14, 32], [39, 2], [37, 8], [27, 30], [16, 33], [38, 34], [8, 33], [2, 22], [31, 28], [27, 12], [23, 23], [16, 1], [26, 10], [27, 27], [25, 8], [5, 38], [33, 26], [33, 19], [30, 16], [34, 32], [3, 26], [7, 29], [27, 6], [24, 31], [39, 12], [14, 6], [33, 12], [17, 31], [23, 10], [4, 29], [23, 19], [38, 30], [33, 32], [34, 23], [16, 35], [22, 35], [1, 35], [20, 27], [23, 1], [3, 28], [8, 35], [3, 19], [10, 0], [32, 18], [25, 9], [25, 20], [30, 10], [18, 5], [30, 26], [29, 12], [6, 29], [22, 29], [37, 21], [24, 34], [26, 22], [5, 32], [33, 35], [7, 35], [12, 34], [3, 8], [36, 22], [15, 27], [25, 4], [17, 22], [16, 37], [31, 36], [19, 7], [6, 28], [35, 33], [30, 17], [31, 11], [6, 22], [17, 23], [24, 28], [36, 8], [3, 39], [19, 1], [36, 15], [35, 35], [7, 34], [2, 21], [38, 35], [20, 28], [21, 38], [8, 34], [15, 35], [32, 8], [23, 8], [36, 23], [1, 30], [18, 6], [20, 36], [32, 32], [19, 24], [27, 9], [36, 7], [8, 25], [25, 29], [26, 11], [6, 30], [19, 30], [23, 20], [10, 36], [39, 18], [37, 17], [23, 18], [22, 38], [23, 3], [19, 5], [32, 15], [1, 37], [2, 39], [7, 23], [26, 34], [19, 34], [28, 21], [28, 9], [13, 31], [34, 18], [1, 19], [24, 27], [22, 5], [11, 35], [25, 39], [39, 25], [37, 32], [17, 5], [18, 7], [32, 24], [0, 38], [37, 27], [25, 13], [26, 31], [1, 28], [19, 38], [39, 8], [10, 27], [12, 21], [30, 27], [27, 7], [29, 27], [4, 6], [30, 21], [34, 12], [9, 28], [10, 39], [17, 13], [15, 26], [31, 13], [27, 39], [4, 28], [25, 26], [16, 38], [39, 27], [6, 25], [18, 28], [18, 39], [33, 4], [7, 28], [13, 6], [28, 18], [32, 25], [1, 14], [34, 6], [35, 37], [31, 14], [10, 33], [31, 30], [1, 25], [19, 29], [28, 1], [15, 23], [38, 32], [1, 31], [13, 3], [33, 10], [7, 22], [28, 34], [32, 26], [35, 29], [30, 20], [30, 22], [21, 29], [33, 3], [14, 34], [27, 13], [36, 2], [6, 39], [11, 34], [14, 22], [5, 37], [15, 1], [35, 19], [35, 14], [12, 27], [21, 5], [19, 31], [32, 29], [1, 22], [19, 20], [5, 16], [19, 6], [3, 38], [38, 29], [0, 27], [30, 31], [32, 1], [18, 32], [35, 1], [8, 4], [24, 17], [9, 36], [30, 38], [23, 33], [37, 22], [39, 20], [23, 37], [32, 10], [34, 28], [8, 39], [0, 35], [26, 24], [17, 10], [0, 30], [24, 21], [11, 2], [37, 13], [33, 39], [37, 33], [13, 37], [24, 6], [25, 5], [0, 36], [29, 28], [1, 36], [8, 26], [20, 19], [23, 36], [7, 0], [15, 39], [25, 33], [32, 28], [29, 14], [20, 16], [6, 18], [28, 38], [26, 25], [32, 14], [4, 27], [32, 0], [9, 32], [37, 18], [10, 37], [24, 7], [22, 28], [32, 13], [37, 19], [34, 30], [3, 2], [24, 13], [20, 34], [6, 26], [29, 16], [3, 21], [27, 24], [5, 39], [39, 35], [22, 30], [28, 0], [31, 25], [38, 23], [13, 33], [26, 36], [11, 37], [12, 5], [32, 23], [31, 10], [24, 23], [27, 33], [36, 9], [36, 18], [7, 37], [5, 33], [28, 17], [5, 18], [3, 22], [20, 22], [32, 17], [34, 38], [20, 37], [28, 13], [10, 5], [34, 26], [29, 13], [8, 38], [11, 21], [11, 38], [5, 35], [26, 4], [23, 12], [19, 37], [23, 26], [34, 5], [31, 32], [11, 33], [29, 33], [30, 25], [21, 34], [29, 26], [9, 4], [29, 18], [6, 32], [34, 34], [18, 25], [30, 37], [29, 8], [34, 31], [5, 29], [12, 37], [19, 13], [31, 37], [28, 3], [10, 21], [34, 15], [16, 2], [39, 23], [9, 29], [16, 26], [25, 3], [2, 25], [24, 32], [34, 20], [14, 23], [22, 39], [6, 35], [25, 32], [12, 36], [24, 1], [25, 14], [1, 33], [7, 30], [16, 6], [36, 30], [29, 10], [33, 23], [24, 11], [13, 25], [23, 27], [18, 31], [21, 31], [31, 2], [33, 18], [26, 14], [30, 34], [3, 27], [5, 30], [9, 3], [26, 23], [17, 16], [34, 36], [38, 19], [24, 38], [12, 33], [14, 31], [38, 5], [6, 21], [37, 25], [22, 21], [34, 0], [8, 24], [27, 31], [26, 39], [26, 26], [8, 29], [3, 37], [11, 4], [38, 10], [20, 38], [32, 5], [28, 12], [31, 24], [32, 19], [8, 36], [17, 19], [28, 31], [1, 29], [28, 39], [38, 12], [0, 24], [14, 8], [17, 35], [38, 31], [17, 20], [31, 20], [26, 9], [1, 27], [36, 27], [20, 14], [14, 38], [23, 7], [0, 28], [31, 34], [9, 21], [37, 26], [1, 15], [11, 39], [35, 26], [19, 4], [38, 24], [4, 26], [26, 38], [39, 1], [13, 26], [28, 29], [34, 10], [35, 28], [31, 19], [8, 30], [24, 18], [29, 38], [16, 23], [14, 33], [14, 27], [37, 4], [14, 2], [31, 8], [10, 38], [39, 32], [5, 27], [2, 29], [13, 34], [26, 37], [35, 15], [30, 36], [19, 19], [22, 27], [27, 2], [27, 14], [30, 0], [19, 18], [4, 5], [33, 27], [38, 9], [5, 17], [4, 38], [5, 25], [13, 32], [34, 2], [5, 34], [35, 36], [17, 33], [34, 19], [33, 24], [39, 36], [6, 24], [20, 24], [21, 13], [16, 18], [3, 0], [26, 21], [12, 32], [35, 11], [35, 5], [0, 29], [32, 20], [25, 17], [24, 30], [4, 25], [36, 29], [11, 36], [29, 29], [35, 3], [10, 1], [26, 8], [18, 30], [19, 17], [7, 21], [17, 29], [7, 27], [35, 22], [25, 36], [28, 35], [37, 11], [27, 35], [37, 1], [0, 25], [7, 17], [31, 27], [4, 7], [31, 31], [23, 14], [9, 26], [19, 25], [10, 35], [28, 16], [27, 28], [21, 1], [13, 24], [26, 32], [21, 39], [22, 24], [35, 27], [33, 25], [0, 26], [37, 0], [37, 16], [17, 2], [25, 21], [11, 28], [17, 34], [27, 3], [20, 31], [19, 35]]}