{"meta": {"number_of_robots": 256, "description": {"parameters": {"seed": 4391, "shape": [50, 50], "obstacles": {"n": 20, "mean": 10, "std": 5.0}, "clusters": {"n": 3, "mean": 80, "std": 40.0, "relative_radius": 2, "increase_factor": 1.3, "start_dist": {"generator_name": "uniform", "shape": [50, 50], "min": 1.0, "max": 1.0, "mean": 1.0, "std": 0.0, "dtype": "float64", "parameters": {}}, "target_dist": {"generator_name": "uniform", "shape": [50, 50], "min": 1.0, "max": 1.0, "mean": 1.0, "std": 0.0, "dtype": "float64", "parameters": {}}}, "density": 0.2, "start_dist": {"generator_name": "uniform", "shape": [50, 50], "min": 1.0, "max": 1.0, "mean": 1.0, "std": 0.0, "dtype": "float64", "parameters": {}}, "target_dist": {"generator_name": "uniform", "shape": [50, 50], "min": 1.0, "max": 1.0, "mean": 1.0, "std": 0.0, "dtype": "float64", "parameters": {}}}, "stats": {"date": "2020-11-17", "free_area": 1278.0, "number_of_clustered_robots": 256, "number_of_robots": 256}}}, "name": "medium_003_50x50_20_256", "obstacles": [[3, 29], [3, 30], [3, 31], [3, 32], [3, 33], [3, 34], [3, 35], [3, 36], [3, 39], [3, 40], [3, 41], [3, 42], [3, 43], [3, 44], [3, 45], [3, 46], [4, 29], [4, 36], [4, 39], [4, 46], [5, 29], [5, 36], [5, 39], [5, 46], [6, 29], [6, 36], [6, 39], [6, 46], [7, 29], [7, 36], [7, 39], [7, 46], [8, 29], [8, 36], [8, 39], [8, 46], [9, 12], [9, 13], [9, 14], [9, 15], [9, 16], [9, 17], [9, 18], [9, 19], [9, 20], [9, 21], [9, 22], [9, 23], [9, 24], [9, 25], [9, 26], [9, 27], [9, 28], [9, 37], [9, 38], [9, 46], [10, 12], [10, 46], [11, 12], [11, 46], [12, 9], [12, 10], [12, 11], [12, 47], [12, 48], [13, 9], [13, 48], [14, 9], [14, 48], [15, 9], [15, 48], [16, 9], [16, 48], [17, 9], [17, 48], [18, 9], [18, 48], [19, 9], [19, 10], [19, 11], [19, 12], [19, 13], [19, 14], [19, 15], [19, 16], [19, 17], [19, 18], [19, 48], [20, 19], [20, 48], [21, 19], [21, 48], [22, 19], [22, 47], [22, 48], [23, 1], [23, 2], [23, 3], [23, 4], [23, 5], [23, 6], [23, 7], [23, 8], [23, 9], [23, 10], [23, 19], [23, 46], [24, 1], [24, 11], [24, 19], [24, 41], [24, 42], [24, 43], [24, 44], [24, 45], [24, 46], [25, 1], [25, 11], [25, 19], [25, 37], [25, 38], [25, 39], [25, 40], [26, 1], [26, 11], [26, 19], [26, 36], [27, 1], [27, 11], [27, 19], [27, 36], [28, 1], [28, 11], [28, 19], [28, 36], [29, 1], [29, 11], [29, 19], [29, 36], [30, 1], [30, 11], [30, 19], [30, 36], [31, 2], [31, 11], [31, 19], [31, 29], [31, 30], [31, 31], [31, 32], [31, 33], [31, 34], [31, 35], [31, 36], [32, 2], [32, 12], [32, 13], [32, 14], [32, 15], [32, 16], [32, 17], [32, 18], [32, 19], [32, 20], [32, 21], [32, 22], [32, 23], [32, 24], [32, 25], [32, 26], [32, 27], [32, 28], [33, 2], [33, 18], [34, 2], [34, 18], [35, 2], [35, 18], [36, 2], [36, 18], [37, 2], [37, 18], [38, 2], [38, 18], [39, 2], [39, 18], [39, 35], [39, 36], [39, 37], [39, 38], [39, 39], [39, 40], [39, 41], [40, 2], [40, 19], [40, 20], [40, 21], [40, 22], [40, 23], [40, 24], [40, 25], [40, 26], [40, 27], [40, 28], [40, 29], [40, 30], [40, 31], [40, 32], [40, 33], [40, 35], [40, 41], [41, 2], [41, 33], [41, 35], [41, 36], [41, 37], [41, 38], [41, 39], [41, 40], [41, 41], [42, 2], [42, 33], [43, 2], [43, 3], [43, 4], [43, 5], [43, 6], [43, 7], [43, 8], [43, 9], [43, 33], [44, 10], [44, 19], [44, 20], [44, 21], [44, 22], [44, 23], [44, 24], [44, 25], [44, 26], [44, 27], [44, 28], [44, 29], [44, 30], [44, 31], [44, 32], [44, 33], [45, 10], [45, 11], [45, 12], [45, 13], [45, 14], [45, 15], [45, 16], [45, 17], [45, 18]], "starts": [[12, 2], [10, 1], [46, 6], [8, 7], [22, 7], [17, 8], [47, 13], [23, 14], [20, 4], [17, 4], [0, 8], [48, 6], [11, 3], [6, 0], [20, 10], [16, 6], [45, 9], [0, 10], [11, 5], [7, 7], [19, 4], [8, 0], [47, 10], [21, 4], [9, 3], [16, 5], [6, 4], [48, 13], [3, 7], [14, 4], [8, 15], [20, 13], [47, 6], [17, 2], [28, 0], [20, 11], [12, 5], [3, 1], [49, 9], [8, 1], [7, 9], [4, 14], [12, 3], [49, 1], [21, 7], [21, 3], [8, 16], [14, 7], [45, 2], [15, 1], [11, 6], [2, 7], [6, 13], [14, 3], [48, 4], [11, 9], [24, 13], [2, 1], [27, 13], [46, 8], [16, 3], [21, 8], [10, 5], [48, 3], [21, 10], [15, 3], [5, 12], [18, 2], [8, 6], [49, 7], [25, 12], [5, 4], [21, 1], [18, 1], [44, 6], [22, 0], [19, 5], [17, 3], [5, 15], [46, 11], [10, 0], [20, 12], [12, 4], [8, 8], [11, 0], [44, 2], [29, 12], [0, 16], [23, 0], [5, 11], [45, 8], [0, 14], [19, 8], [2, 4], [24, 14], [48, 7], [21, 15], [20, 6], [16, 8], [30, 13], [4, 10], [49, 12], [8, 10], [15, 4], [1, 7], [9, 5], [46, 1], [10, 9], [18, 5], [12, 7], [21, 5], [46, 4], [20, 0], [19, 0], [9, 11], [10, 6], [8, 13], [46, 0], [11, 2], [15, 5], [4, 1], [19, 6], [45, 6], [1, 12], [22, 4], [5, 16], [49, 13], [21, 11], [5, 6], [17, 1], [4, 8], [3, 16], [47, 2], [16, 1], [9, 0], [22, 2], [12, 6], [44, 1], [22, 12], [11, 7], [21, 0], [10, 11], [48, 1], [14, 1], [14, 6], [21, 12], [26, 0], [10, 4], [49, 6], [28, 12], [14, 0], [23, 11], [0, 5], [49, 10], [8, 12], [1, 6], [9, 10], [15, 0], [44, 4], [4, 16], [18, 3], [8, 14], [22, 6], [43, 1], [19, 1], [9, 1], [18, 8], [22, 5], [18, 6], [46, 10], [1, 3], [18, 0], [17, 5], [29, 0], [47, 0], [7, 1], [19, 3], [16, 2], [13, 6], [46, 3], [10, 3], [15, 2], [10, 7], [2, 3], [30, 14], [46, 5], [1, 11], [8, 3], [0, 9], [38, 0], [19, 7], [20, 2], [9, 9], [2, 15], [49, 4], [3, 11], [27, 12], [5, 14], [13, 2], [8, 9], [48, 2], [26, 14], [20, 7], [17, 7], [6, 7], [45, 7], [14, 8], [20, 14], [13, 7], [13, 4], [49, 0], [5, 9], [8, 11], [7, 16], [15, 8], [12, 0], [45, 4], [22, 9], [2, 9], [20, 5], [20, 8], [46, 7], [7, 5], [25, 14], [0, 7], [9, 6], [44, 5], [1, 14], [16, 7], [5, 13], [18, 7], [6, 10], [48, 0], [1, 0], [9, 2], [5, 7], [13, 8], [48, 10], [7, 11], [28, 14], [3, 13], [9, 7], [47, 4], [20, 1], [21, 9], [6, 8], [3, 3], [23, 12], [45, 1], [6, 15], [26, 12], [4, 3], [47, 1], [11, 4], [14, 5], [22, 14]], "targets": [[6, 38], [38, 36], [24, 18], [34, 42], [2, 39], [33, 38], [24, 17], [2, 38], [43, 47], [2, 48], [34, 48], [29, 17], [4, 48], [36, 40], [39, 34], [0, 48], [25, 17], [32, 37], [16, 49], [48, 37], [2, 43], [37, 40], [28, 14], [11, 47], [35, 31], [9, 48], [49, 36], [29, 12], [38, 48], [6, 49], [35, 34], [20, 49], [21, 14], [35, 30], [1, 41], [41, 46], [9, 49], [46, 47], [21, 11], [7, 38], [34, 34], [39, 32], [3, 38], [22, 17], [34, 37], [1, 45], [34, 31], [5, 38], [23, 11], [35, 47], [0, 41], [40, 45], [43, 48], [7, 49], [16, 8], [40, 44], [5, 48], [49, 31], [3, 47], [25, 18], [49, 41], [1, 43], [35, 46], [25, 16], [0, 47], [37, 36], [48, 44], [3, 49], [47, 43], [17, 6], [11, 48], [37, 46], [0, 40], [35, 44], [27, 13], [1, 44], [45, 36], [18, 49], [32, 39], [28, 15], [46, 35], [2, 41], [47, 45], [0, 46], [35, 45], [28, 18], [0, 45], [35, 41], [2, 49], [40, 43], [22, 7], [42, 44], [2, 40], [33, 37], [7, 47], [22, 10], [33, 47], [15, 49], [49, 32], [4, 49], [34, 30], [16, 7], [5, 49], [38, 42], [39, 46], [11, 49], [26, 15], [35, 36], [8, 48], [37, 47], [12, 49], [20, 8], [38, 33], [21, 49], [36, 30], [2, 47], [34, 35], [22, 8], [37, 38], [1, 42], [45, 43], [14, 49], [17, 5], [49, 33], [1, 38], [33, 39], [27, 16], [9, 47], [45, 45], [0, 43], [41, 48], [47, 47], [25, 15], [2, 46], [48, 43], [6, 48], [47, 38], [28, 16], [3, 48], [46, 31], [2, 44], [39, 43], [21, 5], [44, 40], [1, 40], [35, 38], [0, 42], [43, 39], [22, 12], [4, 38], [32, 34], [0, 38], [46, 34], [27, 17], [8, 38], [41, 49], [34, 38], [2, 42], [18, 6], [43, 40], [1, 48], [47, 46], [1, 47], [20, 15], [42, 45], [0, 44], [35, 48], [5, 47], [40, 48], [21, 10], [43, 37], [13, 49], [33, 34], [10, 48], [20, 16], [34, 47], [0, 49], [45, 42], [1, 46], [26, 12], [39, 42], [45, 40], [0, 39], [42, 48], [4, 47], [21, 8], [48, 40], [10, 49], [37, 42], [30, 18], [6, 47], [48, 45], [1, 39], [44, 44], [30, 14], [49, 47], [8, 49], [49, 48], [19, 49], [48, 35], [18, 5], [10, 47], [46, 36], [7, 48], [33, 40], [28, 17], [17, 49], [49, 39], [48, 36], [8, 47], [21, 6], [48, 31], [1, 49], [34, 32], [2, 45], [49, 42], [24, 16], [22, 49], [34, 45], [5, 37], [33, 44], [15, 5], [43, 42], [0, 34], [45, 49], [0, 37], [22, 4], [44, 43], [25, 44], [36, 31], [4, 37], [44, 49], [20, 13], [44, 39], [25, 47], [38, 43], [0, 36], [30, 17], [37, 44], [8, 37], [46, 41], [3, 37], [22, 5], [49, 44], [24, 49], [45, 47], [42, 49], [25, 42], [25, 14], [37, 30], [24, 48], [36, 34], [22, 6], [25, 41], [47, 42], [25, 48]]}