{"meta": {"number_of_robots": 706, "description": {"parameters": {"seed": 2132, "shape": [50, 50], "obstacles": {"n": 10, "mean": 15, "std": 7.5}, "clusters": {"n": 20, "mean": 40, "std": 20.0, "relative_radius": 2, "increase_factor": 1.3, "start_dist": {"generator_name": "uniform", "shape": [50, 50], "min": 1.0, "max": 1.0, "mean": 1.0, "std": 0.0, "dtype": "float64", "parameters": {}}, "target_dist": {"generator_name": "uniform", "shape": [50, 50], "min": 1.0, "max": 1.0, "mean": 1.0, "std": 0.0, "dtype": "float64", "parameters": {}}}, "density": 0.5, "start_dist": {"generator_name": "uniform", "shape": [50, 50], "min": 1.0, "max": 1.0, "mean": 1.0, "std": 0.0, "dtype": "float64", "parameters": {}}, "target_dist": {"generator_name": "uniform", "shape": [50, 50], "min": 1.0, "max": 1.0, "mean": 1.0, "std": 0.0, "dtype": "float64", "parameters": {}}}, "stats": {"date": "2020-11-17", "free_area": 1412.0, "number_of_clustered_robots": 706, "number_of_robots": 706}}}, "name": "medium_009_50x50_50_706", "obstacles": [[2, 11], [2, 12], [2, 13], [2, 14], [2, 15], [2, 16], [2, 17], [2, 18], [2, 19], [2, 20], [2, 21], [3, 11], [3, 21], [4, 11], [4, 21], [5, 11], [5, 21], [6, 11], [6, 21], [6, 32], [6, 33], [6, 34], [6, 35], [6, 36], [6, 37], [6, 38], [6, 39], [6, 40], [6, 41], [7, 11], [7, 21], [7, 32], [7, 41], [8, 11], [8, 21], [8, 32], [8, 33], [8, 34], [8, 35], [8, 36], [8, 37], [8, 38], [8, 39], [8, 40], [8, 41], [9, 11], [9, 21], [10, 6], [10, 7], [10, 8], [10, 9], [10, 10], [10, 22], [10, 23], [10, 24], [10, 25], [11, 6], [11, 26], [11, 27], [11, 28], [11, 29], [11, 30], [11, 31], [11, 32], [12, 6], [12, 25], [13, 6], [13, 25], [14, 4], [14, 5], [14, 25], [14, 35], [14, 36], [14, 37], [14, 38], [14, 39], [14, 40], [14, 41], [14, 42], [14, 43], [14, 44], [14, 45], [14, 46], [14, 47], [15, 4], [15, 25], [15, 35], [15, 47], [16, 4], [16, 25], [16, 35], [16, 47], [17, 0], [17, 1], [17, 2], [17, 4], [17, 25], [17, 35], [17, 47], [18, 0], [18, 2], [18, 4], [18, 25], [18, 35], [18, 47], [19, 0], [19, 2], [19, 4], [19, 25], [19, 35], [19, 47], [20, 0], [20, 2], [20, 4], [20, 25], [20, 35], [20, 47], [21, 0], [21, 2], [21, 4], [21, 25], [21, 35], [21, 47], [22, 0], [22, 2], [22, 4], [22, 25], [22, 35], [22, 47], [23, 0], [23, 2], [23, 4], [23, 25], [23, 35], [23, 47], [24, 0], [24, 2], [24, 4], [24, 25], [24, 35], [24, 47], [25, 0], [25, 2], [25, 4], [25, 25], [25, 35], [25, 47], [26, 0], [26, 2], [26, 4], [26, 19], [26, 20], [26, 22], [26, 23], [26, 24], [26, 25], [26, 35], [26, 47], [27, 0], [27, 2], [27, 4], [27, 18], [27, 21], [27, 35], [27, 47], [28, 0], [28, 2], [28, 4], [28, 18], [28, 21], [28, 35], [28, 47], [29, 0], [29, 3], [29, 18], [29, 21], [29, 35], [29, 47], [30, 0], [30, 18], [30, 21], [30, 35], [30, 47], [31, 0], [31, 18], [31, 21], [31, 35], [31, 47], [32, 0], [32, 18], [32, 21], [32, 35], [32, 47], [33, 0], [33, 1], [33, 11], [33, 12], [33, 13], [33, 14], [33, 15], [33, 16], [33, 17], [33, 18], [33, 21], [33, 35], [33, 47], [34, 2], [34, 10], [34, 21], [34, 35], [34, 47], [35, 2], [35, 10], [35, 21], [35, 35], [35, 47], [36, 2], [36, 10], [36, 21], [36, 35], [36, 47], [37, 2], [37, 10], [37, 21], [37, 35], [37, 36], [37, 37], [37, 38], [37, 39], [37, 40], [37, 41], [37, 42], [37, 43], [37, 44], [37, 45], [37, 46], [37, 47], [38, 2], [38, 10], [38, 21], [39, 2], [39, 10], [39, 21], [40, 2], [40, 10], [40, 21], [41, 2], [41, 10], [41, 21], [42, 2], [42, 10], [42, 21], [43, 2], [43, 10], [44, 2], [44, 10], [45, 2], [45, 3], [45, 4], [45, 5], [45, 6], [45, 7], [45, 8], [45, 9], [45, 10]], "starts": [[36, 1], [1, 14], [11, 45], [49, 5], [43, 20], [38, 49], [43, 13], [8, 47], [49, 11], [3, 43], [4, 6], [27, 26], [3, 30], [8, 23], [43, 29], [44, 21], [1, 19], [9, 42], [5, 26], [0, 1], [12, 29], [3, 25], [36, 14], [47, 9], [0, 9], [45, 11], [10, 42], [6, 1], [10, 43], [3, 44], [38, 42], [45, 32], [42, 23], [7, 4], [3, 7], [11, 36], [41, 0], [7, 46], [14, 27], [31, 19], [47, 8], [8, 5], [16, 48], [48, 11], [9, 46], [7, 8], [13, 42], [7, 44], [36, 19], [41, 43], [18, 30], [44, 38], [46, 19], [11, 3], [12, 27], [2, 7], [40, 17], [47, 6], [9, 9], [48, 10], [22, 26], [35, 0], [11, 46], [11, 42], [1, 5], [4, 30], [3, 45], [0, 22], [46, 42], [41, 29], [46, 16], [8, 4], [28, 20], [27, 27], [4, 3], [44, 0], [6, 10], [20, 49], [46, 9], [15, 48], [6, 25], [5, 1], [5, 36], [1, 43], [38, 18], [48, 48], [27, 25], [49, 30], [40, 1], [11, 47], [43, 21], [48, 6], [40, 15], [1, 8], [45, 19], [1, 17], [12, 31], [7, 2], [7, 47], [3, 2], [10, 27], [3, 32], [1, 49], [7, 23], [41, 13], [41, 45], [40, 42], [46, 2], [6, 22], [1, 15], [11, 49], [48, 18], [14, 32], [39, 13], [40, 0], [21, 49], [3, 3], [6, 47], [6, 7], [7, 6], [3, 37], [37, 18], [2, 49], [7, 31], [43, 1], [44, 28], [38, 43], [19, 26], [41, 35], [7, 5], [49, 8], [12, 43], [9, 1], [46, 22], [7, 9], [6, 30], [34, 12], [9, 26], [2, 35], [8, 8], [49, 3], [0, 48], [35, 1], [5, 46], [8, 10], [43, 43], [49, 42], [12, 44], [48, 4], [21, 48], [12, 26], [14, 28], [4, 7], [42, 20], [41, 20], [46, 4], [10, 34], [4, 5], [0, 7], [2, 42], [5, 4], [48, 7], [46, 23], [34, 48], [15, 32], [45, 29], [15, 28], [37, 1], [8, 45], [11, 48], [12, 5], [40, 18], [44, 1], [42, 16], [8, 42], [1, 18], [24, 34], [13, 46], [48, 15], [4, 46], [2, 3], [7, 27], [48, 44], [43, 42], [2, 0], [42, 18], [19, 48], [12, 1], [47, 2], [25, 34], [2, 4], [8, 31], [4, 41], [37, 0], [6, 45], [43, 23], [46, 3], [1, 48], [7, 28], [0, 15], [40, 12], [39, 20], [46, 49], [26, 30], [40, 34], [17, 49], [6, 9], [4, 9], [47, 1], [8, 28], [9, 8], [10, 37], [12, 45], [48, 9], [21, 30], [49, 12], [2, 43], [41, 17], [34, 0], [48, 3], [42, 48], [7, 45], [6, 3], [5, 24], [44, 32], [3, 47], [9, 2], [0, 6], [1, 11], [19, 31], [47, 3], [13, 44], [36, 18], [3, 48], [1, 32], [46, 14], [46, 6], [13, 49], [2, 6], [44, 22], [40, 49], [11, 35], [43, 39], [5, 6], [4, 4], [13, 47], [49, 7], [41, 1], [14, 49], [4, 8], [4, 43], [35, 17], [4, 25], [13, 29], [48, 1], [1, 44], [8, 48], [8, 7], [44, 16], [0, 11], [47, 48], [48, 40], [47, 17], [4, 10], [1, 27], [36, 15], [10, 31], [10, 30], [5, 8], [46, 7], [1, 45], [39, 1], [10, 49], [7, 49], [10, 4], [9, 6], [15, 27], [40, 23], [44, 27], [36, 49], [20, 29], [46, 43], [12, 49], [46, 12], [43, 14], [7, 7], [9, 30], [49, 1], [3, 5], [10, 47], [2, 47], [25, 30], [5, 25], [3, 9], [7, 24], [7, 3], [40, 13], [48, 16], [47, 46], [49, 38], [46, 17], [39, 0], [5, 42], [42, 0], [10, 35], [21, 29], [3, 10], [6, 29], [8, 9], [12, 42], [10, 1], [0, 46], [35, 11], [0, 4], [13, 45], [47, 15], [36, 23], [46, 48], [16, 33], [43, 41], [46, 1], [47, 16], [4, 32], [5, 41], [1, 9], [38, 1], [16, 49], [2, 5], [5, 45], [3, 1], [35, 14], [7, 48], [13, 33], [41, 11], [0, 26], [2, 9], [42, 1], [45, 47], [44, 29], [41, 22], [12, 37], [5, 10], [27, 33], [13, 43], [12, 3], [41, 19], [18, 49], [49, 17], [4, 48], [0, 14], [14, 31], [49, 6], [38, 0], [13, 48], [36, 28], [39, 43], [17, 28], [40, 37], [0, 13], [5, 7], [14, 33], [42, 22], [35, 16], [10, 48], [3, 29], [6, 6], [47, 19], [4, 49], [49, 4], [15, 31], [10, 3], [5, 5], [34, 49], [40, 41], [8, 22], [42, 17], [4, 39], [6, 0], [34, 1], [19, 49], [11, 44], [3, 0], [44, 18], [12, 36], [12, 46], [48, 12], [46, 8], [2, 48], [4, 28], [1, 4], [13, 27], [1, 12], [29, 20], [36, 27], [42, 43], [20, 32], [42, 37], [3, 38], [9, 49], [12, 4], [47, 4], [1, 10], [47, 5], [39, 11], [6, 49], [4, 26], [36, 0], [3, 42], [27, 30], [1, 6], [37, 17], [1, 13], [47, 45], [47, 38], [2, 44], [8, 43], [4, 1], [12, 47], [49, 14], [49, 9], [10, 28], [27, 23], [5, 3], [49, 20], [0, 44], [0, 19], [43, 17], [28, 3], [47, 7], [42, 25], [41, 44], [10, 46], [47, 18], [9, 7], [24, 30], [11, 43], [1, 20], [47, 42], [4, 42], [1, 1], [41, 12], [0, 5], [0, 42], [46, 15], [6, 5], [26, 34], [7, 25], [47, 0], [15, 49], [43, 15], [14, 48], [2, 2], [4, 40], [39, 45], [44, 36], [9, 4], [42, 19], [0, 17], [9, 25], [43, 0], [12, 48], [6, 44], [9, 27], [49, 13], [6, 4], [49, 2], [45, 13], [18, 48], [0, 8], [5, 34], [38, 22], [48, 47], [21, 26], [42, 38], [36, 12], [0, 16], [11, 5], [13, 28], [6, 48], [3, 27], [48, 0], [17, 48], [49, 18], [27, 19], [46, 21], [46, 5], [8, 49], [9, 48], [12, 0], [1, 3], [16, 32], [39, 18], [6, 26], [41, 48], [42, 34], [5, 9], [2, 8], [15, 30], [46, 0], [5, 49], [47, 12], [7, 42], [5, 27], [3, 6], [38, 15], [47, 20], [5, 31], [1, 16], [7, 1], [37, 24], [46, 46], [18, 34], [47, 35], [45, 1], [6, 46], [48, 2], [20, 48], [42, 11], [0, 43], [8, 6], [10, 26], [40, 16], [9, 47], [6, 2], [26, 31], [2, 10], [9, 33], [47, 22], [42, 46], [45, 43], [0, 10], [48, 5], [5, 22], [45, 12], [18, 29], [6, 43], [37, 14], [46, 10], [7, 43], [8, 3], [8, 46], [3, 8], [3, 4], [5, 32], [1, 31], [48, 17], [45, 0], [40, 27], [38, 44], [19, 29], [42, 39], [23, 49], [41, 15], [8, 0], [43, 12], [2, 45], [9, 44], [0, 0], [0, 18], [7, 10], [7, 26], [17, 29], [4, 35], [49, 0], [25, 3], [9, 45], [43, 16], [48, 46], [48, 31], [47, 10], [38, 16], [5, 2], [8, 44], [4, 44], [9, 23], [1, 25], [1, 7], [8, 25], [9, 3], [48, 8], [5, 30], [0, 12], [34, 18], [23, 48], [42, 13], [45, 22], [44, 44], [19, 33], [49, 31], [44, 15], [10, 29], [6, 8], [26, 3], [10, 45], [5, 47], [10, 2], [1, 42], [8, 2], [38, 12], [4, 31], [22, 33], [30, 20], [41, 14], [10, 5], [13, 30], [47, 44], [46, 37], [9, 10], [44, 11], [10, 44], [12, 2], [5, 44], [46, 11], [21, 27], [2, 29], [39, 17], [14, 34], [2, 1], [43, 11], [3, 46], [22, 48], [49, 15], [9, 5], [0, 20], [36, 25], [43, 49], [20, 30], [49, 41], [9, 43], [4, 2], [38, 11], [44, 19], [4, 45], [5, 23], [38, 19], [10, 40], [45, 16], [18, 27], [5, 0], [1, 21], [36, 11], [44, 12], [48, 43], [24, 48], [11, 4], [1, 29], [46, 40], [5, 43], [0, 3], [36, 13], [1, 46], [47, 23], [16, 28], [22, 49], [44, 14], [2, 39], [2, 23], [4, 22], [4, 0], [37, 11], [13, 39], [9, 0], [36, 22], [45, 49], [21, 33], [46, 33], [42, 14], [8, 1], [1, 47], [4, 23], [49, 19], [48, 14], [34, 11], [6, 42], [12, 32], [9, 31], [6, 23], [24, 31], [49, 10], [5, 40], [11, 0], [33, 20], [1, 0], [39, 42], [43, 30], [12, 40], [48, 13], [3, 49], [13, 5], [3, 24], [14, 26], [0, 21], [4, 37], [48, 21], [42, 12], [38, 14], [27, 3], [13, 40], [4, 47], [11, 2], [4, 29], [46, 24], [40, 47], [17, 27], [48, 38], [45, 17]], "targets": [[9, 33], [43, 39], [7, 42], [9, 24], [28, 22], [18, 33], [44, 43], [43, 11], [32, 31], [43, 16], [33, 25], [5, 24], [13, 28], [4, 3], [32, 27], [27, 26], [8, 47], [13, 33], [10, 44], [37, 31], [8, 27], [0, 5], [48, 46], [0, 26], [2, 46], [23, 33], [40, 14], [25, 29], [22, 30], [47, 16], [27, 28], [31, 32], [21, 29], [38, 25], [47, 44], [20, 27], [3, 26], [9, 37], [6, 2], [45, 42], [6, 28], [5, 42], [1, 46], [31, 28], [49, 2], [29, 23], [20, 30], [40, 11], [34, 15], [26, 34], [20, 26], [39, 25], [24, 28], [41, 24], [12, 1], [48, 37], [43, 44], [4, 25], [9, 49], [29, 33], [13, 30], [4, 34], [42, 15], [12, 41], [33, 22], [27, 29], [43, 15], [6, 1], [27, 20], [36, 24], [17, 31], [37, 29], [42, 45], [21, 33], [41, 42], [6, 23], [3, 47], [7, 46], [27, 23], [49, 15], [10, 2], [32, 32], [16, 27], [48, 7], [32, 22], [20, 31], [16, 30], [40, 28], [0, 37], [11, 38], [41, 44], [2, 26], [29, 24], [4, 49], [21, 31], [41, 26], [11, 1], [46, 35], [45, 12], [35, 29], [10, 37], [26, 31], [46, 13], [9, 45], [47, 47], [20, 29], [39, 31], [0, 18], [14, 1], [2, 47], [1, 41], [25, 31], [14, 30], [21, 27], [0, 35], [45, 13], [40, 27], [11, 40], [38, 28], [45, 36], [22, 27], [40, 42], [41, 15], [9, 9], [4, 24], [32, 25], [21, 28], [18, 27], [45, 33], [1, 45], [33, 31], [48, 4], [31, 24], [27, 30], [35, 22], [10, 0], [45, 41], [13, 37], [23, 30], [45, 44], [5, 22], [46, 14], [9, 28], [10, 33], [7, 49], [24, 34], [39, 27], [0, 43], [24, 30], [47, 13], [7, 24], [2, 1], [31, 22], [40, 49], [28, 24], [3, 25], [18, 34], [31, 19], [9, 41], [40, 13], [49, 37], [24, 31], [33, 20], [26, 33], [16, 26], [42, 31], [9, 0], [5, 31], [48, 3], [10, 34], [36, 26], [44, 42], [0, 14], [23, 34], [26, 27], [0, 42], [9, 29], [7, 43], [17, 34], [46, 12], [30, 23], [3, 6], [13, 31], [34, 22], [49, 42], [38, 39], [49, 5], [30, 29], [0, 25], [9, 35], [2, 40], [12, 4], [22, 26], [1, 26], [12, 37], [17, 26], [21, 30], [48, 2], [11, 45], [33, 23], [46, 49], [34, 17], [15, 30], [12, 33], [33, 19], [41, 12], [31, 25], [40, 44], [6, 26], [11, 2], [4, 44], [27, 31], [1, 44], [31, 30], [8, 31], [27, 32], [44, 14], [38, 40], [10, 38], [0, 12], [17, 27], [44, 1], [38, 29], [5, 9], [36, 28], [5, 32], [35, 31], [0, 49], [45, 37], [17, 33], [28, 25], [19, 31], [41, 40], [48, 10], [0, 4], [29, 31], [7, 28], [47, 2], [37, 27], [30, 24], [13, 34], [5, 27], [39, 24], [8, 49], [39, 22], [2, 45], [25, 27], [8, 29], [13, 38], [46, 36], [16, 31], [47, 41], [10, 5], [10, 36], [1, 19], [48, 8], [46, 7], [35, 24], [15, 34], [10, 45], [25, 26], [42, 28], [29, 32], [36, 15], [0, 10], [48, 48], [14, 34], [27, 27], [39, 38], [5, 23], [47, 10], [4, 29], [46, 2], [8, 44], [38, 34], [0, 41], [0, 3], [21, 32], [30, 19], [18, 32], [9, 27], [31, 29], [3, 38], [23, 27], [48, 39], [31, 20], [13, 35], [7, 23], [46, 48], [48, 1], [42, 14], [22, 31], [3, 0], [0, 40], [10, 43], [37, 20], [46, 39], [26, 32], [19, 30], [43, 26], [15, 32], [4, 31], [13, 32], [0, 21], [17, 29], [7, 31], [34, 29], [1, 0], [7, 48], [47, 5], [31, 27], [41, 14], [46, 46], [49, 40], [4, 40], [33, 32], [29, 19], [15, 26], [9, 25], [37, 28], [1, 20], [15, 33], [3, 3], [20, 34], [2, 39], [2, 34], [49, 4], [39, 18], [11, 39], [33, 24], [43, 41], [44, 15], [10, 26], [19, 29], [1, 15], [39, 36], [2, 23], [20, 28], [40, 24], [24, 29], [25, 30], [0, 46], [14, 33], [46, 5], [36, 33], [48, 43], [7, 45], [22, 34], [47, 14], [36, 16], [1, 9], [4, 22], [10, 28], [6, 43], [34, 25], [25, 32], [15, 27], [34, 23], [40, 46], [5, 39], [24, 32], [19, 28], [42, 38], [48, 11], [1, 10], [32, 30], [23, 32], [44, 16], [1, 23], [10, 27], [38, 19], [6, 42], [18, 31], [42, 24], [1, 2], [43, 40], [24, 33], [49, 41], [2, 32], [46, 8], [12, 36], [32, 24], [24, 27], [7, 22], [5, 44], [26, 30], [4, 27], [44, 12], [10, 47], [38, 16], [9, 7], [4, 41], [49, 49], [34, 24], [13, 29], [11, 37], [36, 31], [18, 28], [40, 12], [38, 30], [29, 25], [41, 36], [0, 16], [27, 34], [47, 9], [5, 6], [0, 29], [5, 35], [5, 37], [0, 44], [49, 44], [35, 20], [15, 28], [44, 19], [20, 33], [45, 11], [26, 26], [1, 47], [28, 31], [3, 24], [0, 13], [5, 30], [44, 40], [28, 33], [48, 6], [1, 42], [44, 44], [5, 29], [8, 26], [27, 22], [16, 28], [49, 3], [28, 23], [39, 26], [22, 32], [27, 24], [5, 4], [40, 25], [11, 41], [37, 32], [43, 49], [3, 48], [49, 9], [27, 33], [38, 37], [21, 34], [5, 0], [1, 17], [4, 38], [20, 32], [41, 1], [36, 20], [19, 32], [14, 32], [41, 30], [38, 18], [41, 46], [9, 39], [5, 26], [0, 30], [13, 43], [42, 12], [2, 7], [18, 29], [40, 38], [9, 26], [30, 28], [49, 1], [38, 20], [22, 29], [30, 20], [14, 28], [6, 30], [37, 26], [37, 49], [2, 48], [35, 17], [1, 13], [48, 15], [11, 46], [9, 22], [3, 39], [24, 26], [10, 35], [23, 26], [3, 36], [47, 1], [16, 34], [30, 33], [42, 40], [17, 28], [44, 38], [13, 0], [14, 31], [37, 24], [5, 47], [41, 22], [15, 31], [2, 22], [47, 6], [28, 34], [47, 8], [6, 3], [28, 26], [43, 46], [28, 32], [16, 33], [8, 43], [38, 46], [34, 16], [25, 33], [17, 32], [34, 26], [10, 30], [12, 35], [6, 22], [0, 47], [31, 33], [47, 11], [37, 16], [2, 6], [41, 47], [48, 14], [36, 23], [5, 28], [6, 46], [26, 29], [28, 29], [16, 29], [34, 19], [41, 41], [1, 14], [7, 4], [19, 27], [22, 33], [43, 14], [46, 45], [9, 31], [45, 1], [39, 19], [5, 33], [31, 34], [0, 48], [23, 28], [10, 3], [19, 33], [0, 24], [32, 19], [14, 26], [12, 31], [45, 30], [1, 39], [30, 25], [42, 41], [39, 49], [41, 11], [46, 10], [36, 30], [4, 48], [28, 28], [9, 5], [9, 32], [22, 28], [7, 27], [0, 32], [9, 43], [29, 34], [18, 30], [39, 23], [30, 27], [44, 45], [42, 35], [49, 11], [49, 10], [5, 34], [4, 5], [5, 43], [12, 47], [34, 27], [2, 28], [13, 26], [39, 15], [42, 44], [3, 42], [33, 34], [28, 19], [15, 29], [7, 26], [37, 33], [16, 32], [8, 1], [10, 42], [6, 27], [47, 4], [12, 38], [30, 32], [41, 13], [44, 47], [1, 25], [26, 28], [12, 28], [46, 42], [23, 29], [27, 19], [1, 12], [19, 34], [38, 26], [0, 39], [29, 28], [47, 15], [36, 27], [47, 7], [2, 24], [5, 25], [5, 2], [45, 40], [25, 28], [48, 42], [9, 36], [13, 42], [5, 38], [32, 29], [38, 17], [4, 43], [29, 22], [23, 31], [8, 28], [35, 25], [45, 15], [29, 29], [6, 25], [19, 26], [44, 13], [7, 2], [47, 48], [18, 26], [32, 23], [10, 31], [48, 41], [9, 48], [10, 32], [0, 28], [17, 30], [48, 9], [41, 19], [11, 4], [44, 28], [5, 36], [38, 33], [49, 43], [43, 12], [29, 26], [8, 25], [4, 46], [21, 26], [14, 27], [2, 49], [6, 7], [40, 47], [0, 27], [46, 11], [30, 22], [28, 20], [14, 29], [13, 27], [40, 31], [43, 42], [33, 28], [46, 15], [12, 45], [27, 25], [29, 27], [4, 36], [11, 35], [25, 34], [3, 10], [4, 42], [7, 30], [8, 24], [45, 14], [33, 29], [38, 43], [39, 48], [11, 33], [43, 25], [4, 47], [28, 30], [42, 13], [41, 23], [12, 2], [12, 29], [5, 40], [29, 30], [28, 27], [0, 19], [39, 41], [9, 34], [49, 8], [13, 39], [31, 26], [4, 2], [34, 18], [11, 34], [9, 30], [36, 29], [30, 34]]}