{"meta": {"number_of_robots": 750, "description": {"parameters": {"seed": 8186, "shape": [50, 50], "obstacles": {"n": 0, "mean": 0, "std": 0.0}, "clusters": {"n": 20, "mean": 40, "std": 20.0, "relative_radius": 2, "increase_factor": 1.3, "start_dist": {"generator_name": "uniform", "shape": [50, 50], "min": 1.0, "max": 1.0, "mean": 1.0, "std": 0.0, "dtype": "float64", "parameters": {}}, "target_dist": {"generator_name": "uniform", "shape": [50, 50], "min": 1.0, "max": 1.0, "mean": 1.0, "std": 0.0, "dtype": "float64", "parameters": {}}}, "density": 0.3, "start_dist": {"generator_name": "uniform", "shape": [50, 50], "min": 1.0, "max": 1.0, "mean": 1.0, "std": 0.0, "dtype": "float64", "parameters": {}}, "target_dist": {"generator_name": "uniform", "shape": [50, 50], "min": 1.0, "max": 1.0, "mean": 1.0, "std": 0.0, "dtype": "float64", "parameters": {}}}, "stats": {"date": "2020-11-17", "free_area": 2500.0, "number_of_clustered_robots": 750, "number_of_robots": 750}}}, "name": "medium_free_008_50x50_30_750", "obstacles": [], "starts": [[10, 21], [7, 41], [49, 9], [30, 31], [4, 9], [11, 49], [29, 6], [22, 13], [40, 22], [9, 43], [42, 13], [18, 27], [48, 20], [6, 15], [22, 9], [40, 17], [1, 8], [0, 39], [29, 48], [31, 6], [37, 6], [46, 24], [16, 39], [4, 21], [24, 4], [43, 14], [8, 7], [0, 49], [27, 0], [49, 19], [30, 19], [0, 42], [25, 34], [14, 27], [3, 39], [1, 36], [7, 22], [13, 5], [45, 7], [39, 8], [30, 47], [41, 9], [9, 1], [18, 18], [12, 24], [15, 40], [10, 44], [7, 18], [35, 5], [1, 14], [43, 23], [24, 2], [31, 13], [44, 12], [8, 36], [30, 34], [24, 23], [5, 49], [0, 35], [23, 7], [2, 6], [34, 2], [39, 11], [2, 15], [11, 37], [12, 7], [41, 19], [49, 26], [21, 6], [7, 42], [37, 40], [42, 21], [43, 15], [4, 5], [6, 8], [5, 44], [25, 30], [28, 16], [26, 16], [23, 1], [24, 8], [5, 16], [10, 40], [8, 44], [44, 24], [0, 45], [49, 13], [16, 13], [27, 9], [3, 21], [6, 0], [48, 8], [15, 7], [5, 45], [33, 5], [46, 3], [7, 36], [30, 9], [13, 44], [26, 26], [25, 15], [33, 49], [46, 20], [8, 18], [15, 44], [26, 4], [1, 45], [26, 6], [3, 0], [40, 6], [43, 5], [24, 17], [42, 23], [36, 17], [39, 13], [3, 20], [8, 16], [6, 42], [2, 42], [36, 0], [16, 4], [6, 40], [10, 22], [40, 16], [28, 26], [26, 18], [9, 2], [42, 9], [48, 21], [22, 10], [1, 48], [3, 19], [7, 46], [31, 46], [49, 8], [23, 2], [13, 43], [31, 10], [41, 2], [14, 47], [3, 1], [46, 5], [6, 12], [8, 46], [41, 15], [30, 28], [27, 18], [23, 23], [15, 3], [22, 5], [11, 25], [9, 40], [2, 48], [43, 25], [8, 43], [21, 4], [1, 16], [42, 10], [39, 9], [4, 3], [32, 9], [7, 21], [25, 6], [41, 48], [47, 15], [14, 44], [9, 38], [31, 7], [0, 20], [24, 33], [17, 15], [4, 42], [43, 16], [9, 8], [49, 23], [17, 0], [3, 45], [25, 7], [38, 12], [8, 47], [28, 14], [4, 15], [40, 24], [49, 5], [49, 21], [8, 48], [21, 0], [38, 1], [12, 19], [8, 42], [4, 36], [7, 5], [26, 33], [24, 15], [34, 46], [49, 10], [7, 12], [9, 17], [26, 1], [41, 16], [13, 42], [40, 18], [20, 7], [1, 46], [27, 12], [44, 18], [2, 46], [3, 7], [31, 5], [5, 21], [6, 36], [6, 47], [40, 13], [24, 38], [20, 19], [42, 12], [24, 18], [26, 5], [35, 19], [23, 3], [38, 15], [2, 23], [35, 48], [8, 6], [11, 18], [17, 45], [4, 47], [46, 17], [2, 40], [40, 1], [25, 5], [43, 13], [4, 49], [8, 13], [5, 19], [44, 16], [7, 45], [41, 5], [33, 27], [14, 20], [4, 4], [33, 12], [11, 38], [25, 8], [42, 5], [48, 23], [42, 16], [37, 3], [14, 48], [1, 12], [28, 10], [3, 36], [21, 10], [34, 43], [5, 43], [5, 9], [49, 18], [13, 0], [29, 8], [45, 6], [9, 25], [10, 47], [3, 42], [33, 34], [16, 16], [1, 18], [30, 7], [49, 14], [38, 10], [21, 7], [8, 22], [6, 48], [3, 2], [41, 8], [2, 22], [5, 42], [2, 37], [49, 20], [29, 2], [0, 47], [24, 31], [12, 39], [21, 13], [31, 18], [17, 23], [12, 1], [30, 40], [25, 3], [46, 9], [2, 16], [47, 19], [0, 0], [7, 23], [1, 44], [9, 37], [24, 1], [44, 20], [20, 2], [0, 48], [2, 47], [30, 8], [2, 8], [40, 7], [46, 18], [36, 13], [8, 5], [29, 28], [16, 24], [29, 1], [2, 41], [48, 12], [15, 20], [14, 9], [12, 42], [39, 43], [3, 16], [31, 8], [49, 15], [28, 9], [46, 26], [39, 18], [12, 45], [0, 37], [3, 4], [6, 41], [16, 7], [39, 17], [25, 1], [9, 12], [48, 19], [34, 34], [26, 15], [7, 20], [3, 47], [10, 35], [43, 6], [21, 3], [7, 9], [40, 23], [25, 9], [9, 10], [7, 48], [14, 49], [39, 44], [6, 17], [29, 10], [35, 13], [49, 6], [1, 40], [28, 3], [47, 10], [2, 38], [32, 37], [25, 14], [20, 17], [20, 0], [0, 10], [8, 3], [16, 40], [34, 5], [46, 16], [48, 11], [47, 20], [5, 47], [19, 2], [35, 10], [6, 22], [17, 43], [6, 46], [7, 14], [38, 18], [39, 15], [8, 0], [7, 38], [27, 29], [17, 16], [35, 45], [30, 5], [45, 11], [11, 43], [42, 19], [25, 2], [3, 9], [9, 18], [9, 41], [35, 7], [24, 14], [8, 35], [2, 2], [42, 7], [40, 11], [4, 43], [43, 10], [15, 6], [1, 19], [28, 4], [2, 39], [30, 6], [29, 29], [15, 23], [45, 16], [14, 21], [10, 46], [10, 43], [4, 8], [36, 43], [35, 4], [45, 10], [22, 2], [5, 12], [4, 45], [33, 8], [40, 21], [13, 46], [23, 0], [45, 14], [28, 37], [6, 9], [20, 15], [40, 9], [1, 42], [19, 21], [47, 22], [13, 19], [24, 6], [38, 20], [4, 22], [6, 39], [41, 7], [3, 46], [43, 24], [40, 14], [10, 41], [8, 17], [12, 3], [48, 18], [41, 1], [30, 49], [2, 1], [14, 15], [9, 49], [12, 47], [46, 22], [26, 34], [23, 17], [3, 38], [23, 4], [31, 3], [9, 19], [20, 6], [48, 15], [11, 48], [40, 8], [35, 11], [1, 4], [7, 49], [21, 14], [34, 7], [10, 37], [8, 14], [8, 9], [46, 15], [19, 5], [15, 47], [42, 11], [30, 10], [23, 37], [22, 22], [30, 44], [1, 43], [4, 6], [45, 8], [34, 19], [7, 13], [12, 25], [9, 44], [13, 49], [22, 6], [12, 8], [5, 37], [44, 7], [49, 22], [43, 9], [33, 6], [11, 47], [3, 3], [3, 23], [25, 32], [20, 13], [24, 26], [18, 3], [12, 37], [44, 10], [0, 38], [29, 4], [42, 18], [34, 13], [26, 3], [10, 15], [39, 49], [16, 45], [7, 39], [9, 11], [5, 4], [46, 21], [14, 6], [40, 0], [40, 5], [6, 16], [3, 49], [11, 41], [31, 35], [15, 19], [39, 21], [7, 19], [33, 1], [32, 10], [23, 9], [2, 36], [3, 8], [4, 37], [17, 49], [42, 14], [18, 19], [49, 16], [40, 20], [28, 1], [5, 8], [32, 49], [8, 45], [19, 3], [16, 17], [47, 12], [12, 44], [40, 3], [24, 32], [16, 22], [9, 5], [34, 6], [48, 16], [45, 25], [6, 23], [7, 44], [29, 5], [5, 35], [42, 17], [28, 5], [38, 7], [14, 22], [6, 49], [4, 46], [7, 7], [48, 6], [5, 15], [48, 13], [36, 1], [26, 32], [11, 42], [21, 9], [38, 19], [25, 18], [14, 5], [34, 40], [4, 48], [26, 7], [43, 8], [8, 49], [1, 37], [2, 9], [48, 4], [6, 4], [9, 39], [13, 16], [19, 7], [33, 0], [41, 14], [34, 12], [3, 10], [33, 28], [21, 21], [11, 15], [14, 45], [11, 40], [44, 5], [36, 6], [8, 2], [46, 19], [16, 0], [0, 36], [39, 40], [1, 47], [29, 3], [18, 10], [0, 13], [2, 43], [28, 8], [41, 22], [49, 4], [45, 24], [21, 2], [0, 40], [32, 13], [5, 3], [34, 36], [21, 15], [32, 6], [17, 47], [40, 15], [5, 17], [12, 13], [8, 40], [40, 19], [12, 2], [22, 1], [7, 35], [44, 14], [6, 25], [16, 46], [13, 48], [4, 1], [29, 40], [9, 21], [36, 5], [33, 4], [49, 7], [29, 35], [28, 15], [43, 19], [25, 16], [19, 9], [37, 22], [6, 44], [10, 36], [1, 11], [25, 10], [3, 6], [4, 44], [44, 26], [2, 44], [29, 11], [16, 1], [45, 13], [14, 43], [42, 8], [40, 10], [13, 12], [0, 22], [47, 25], [24, 29], [25, 24], [36, 45], [7, 1], [7, 16], [9, 42], [10, 49], [22, 3], [21, 1], [4, 41], [48, 3], [48, 26], [45, 19], [0, 16], [21, 17], [8, 41], [39, 12], [38, 8], [10, 48], [1, 2], [44, 17], [18, 4], [44, 15], [1, 35], [24, 34], [20, 23], [5, 13], [40, 2], [6, 45], [5, 48], [44, 9], [37, 41], [17, 6], [16, 14], [23, 5], [2, 3], [29, 15], [47, 16], [8, 11], [8, 37], [27, 11], [39, 24], [11, 19], [13, 40], [4, 35], [35, 0], [29, 37], [25, 12], [19, 19], [14, 1], [46, 8], [1, 41], [6, 13], [44, 3], [5, 2], [17, 39], [26, 2], [33, 9], [13, 39], [44, 8], [17, 2], [38, 47], [1, 38], [8, 23], [15, 43], [36, 7], [47, 6], [45, 20], [6, 1], [25, 37], [15, 15], [42, 20], [12, 22], [10, 42], [15, 9], [39, 4], [13, 23], [9, 48], [3, 48], [4, 17], [30, 12], [45, 12], [28, 19], [47, 18], [34, 22], [39, 5], [1, 3], [2, 45], [31, 4], [17, 7], [12, 41], [5, 10], [46, 23], [31, 27], [22, 18], [40, 44], [12, 35], [27, 2], [6, 35], [48, 9], [36, 15], [3, 41]], "targets": [[26, 48], [8, 4], [47, 10], [3, 1], [34, 45], [40, 30], [3, 20], [26, 6], [14, 48], [44, 19], [23, 2], [12, 32], [43, 6], [18, 7], [38, 49], [17, 31], [7, 20], [25, 28], [23, 43], [7, 19], [0, 31], [10, 48], [41, 21], [3, 16], [41, 42], [42, 15], [27, 43], [29, 21], [2, 21], [14, 39], [13, 4], [10, 16], [3, 7], [18, 38], [27, 18], [41, 12], [3, 17], [49, 48], [38, 14], [0, 24], [32, 49], [6, 47], [38, 36], [18, 2], [30, 49], [30, 13], [29, 28], [26, 16], [0, 26], [7, 9], [7, 47], [49, 46], [9, 2], [35, 11], [8, 18], [4, 10], [6, 28], [42, 28], [33, 19], [12, 19], [43, 43], [4, 26], [8, 49], [3, 15], [20, 26], [46, 34], [39, 10], [47, 11], [10, 25], [34, 24], [28, 43], [7, 42], [16, 5], [38, 33], [1, 19], [3, 9], [6, 5], [21, 2], [10, 35], [44, 43], [8, 30], [32, 44], [38, 23], [19, 23], [12, 47], [34, 19], [40, 9], [25, 9], [10, 30], [5, 12], [28, 33], [13, 42], [48, 41], [28, 27], [9, 4], [35, 3], [4, 16], [3, 26], [15, 16], [8, 2], [13, 37], [27, 49], [9, 40], [2, 20], [41, 25], [38, 42], [44, 18], [11, 16], [27, 36], [8, 32], [42, 9], [21, 8], [14, 46], [17, 32], [11, 2], [0, 8], [35, 46], [32, 19], [21, 21], [3, 35], [47, 45], [11, 6], [23, 9], [10, 41], [11, 7], [18, 27], [42, 44], [45, 19], [47, 8], [6, 21], [30, 31], [7, 22], [36, 19], [24, 46], [15, 46], [46, 40], [27, 23], [16, 7], [1, 25], [32, 21], [28, 35], [42, 4], [0, 16], [8, 9], [16, 44], [12, 2], [26, 3], [14, 34], [49, 35], [3, 27], [34, 46], [26, 14], [20, 19], [10, 42], [39, 16], [10, 20], [6, 20], [37, 11], [18, 5], [37, 47], [1, 29], [28, 14], [41, 48], [28, 46], [12, 48], [31, 16], [12, 9], [9, 23], [5, 9], [11, 1], [10, 31], [18, 24], [37, 8], [27, 31], [22, 44], [42, 43], [35, 18], [9, 22], [20, 11], [38, 18], [22, 0], [4, 8], [21, 44], [37, 13], [47, 9], [14, 8], [40, 36], [4, 24], [28, 49], [40, 21], [16, 18], [32, 39], [7, 7], [8, 34], [25, 48], [9, 45], [2, 12], [26, 12], [9, 29], [21, 9], [27, 15], [49, 11], [38, 44], [38, 20], [7, 21], [15, 42], [26, 18], [43, 31], [5, 27], [6, 19], [7, 15], [37, 18], [47, 7], [1, 1], [16, 6], [23, 45], [9, 38], [48, 45], [21, 31], [9, 34], [23, 3], [5, 18], [26, 45], [31, 32], [26, 44], [39, 15], [19, 21], [13, 49], [43, 12], [8, 38], [46, 35], [45, 4], [2, 6], [24, 7], [8, 17], [22, 42], [31, 13], [10, 24], [0, 10], [18, 34], [39, 39], [12, 10], [24, 20], [43, 34], [48, 9], [46, 10], [22, 49], [2, 34], [40, 29], [6, 7], [25, 8], [38, 17], [11, 24], [27, 48], [15, 14], [35, 44], [9, 43], [45, 40], [4, 36], [46, 15], [35, 45], [35, 27], [23, 22], [1, 7], [11, 36], [2, 13], [17, 9], [21, 41], [9, 21], [43, 45], [18, 12], [29, 16], [40, 43], [49, 8], [3, 23], [35, 17], [5, 10], [16, 42], [8, 28], [20, 16], [12, 3], [29, 17], [22, 6], [19, 9], [9, 31], [43, 42], [33, 48], [1, 37], [6, 40], [4, 21], [43, 10], [33, 31], [25, 49], [30, 16], [21, 27], [7, 37], [17, 49], [48, 48], [11, 8], [42, 18], [16, 25], [8, 13], [48, 18], [48, 6], [14, 5], [31, 41], [4, 4], [15, 31], [1, 26], [41, 29], [23, 47], [28, 10], [40, 35], [17, 24], [32, 45], [6, 18], [4, 30], [47, 19], [25, 6], [20, 41], [21, 32], [27, 25], [10, 10], [40, 37], [32, 10], [44, 40], [20, 5], [2, 33], [1, 21], [9, 41], [0, 1], [6, 34], [33, 47], [33, 22], [26, 17], [45, 17], [6, 39], [28, 40], [7, 45], [38, 46], [1, 9], [3, 18], [33, 27], [22, 47], [28, 8], [0, 37], [17, 11], [46, 7], [39, 11], [12, 23], [10, 45], [28, 29], [9, 3], [25, 4], [15, 28], [49, 42], [6, 22], [32, 33], [37, 25], [7, 23], [12, 42], [49, 13], [43, 11], [8, 14], [49, 39], [3, 19], [31, 44], [28, 18], [19, 16], [7, 10], [23, 5], [15, 41], [31, 40], [44, 20], [1, 2], [14, 32], [28, 47], [1, 30], [49, 15], [40, 17], [13, 44], [40, 45], [8, 16], [21, 7], [18, 29], [0, 38], [18, 8], [14, 14], [39, 36], [9, 6], [20, 45], [27, 30], [49, 9], [47, 48], [8, 22], [3, 33], [42, 16], [17, 17], [0, 6], [15, 32], [6, 46], [27, 45], [37, 30], [27, 24], [31, 38], [28, 48], [10, 22], [44, 9], [38, 38], [2, 15], [13, 18], [22, 10], [17, 48], [33, 29], [5, 36], [48, 16], [8, 8], [38, 39], [20, 3], [19, 45], [37, 21], [12, 33], [44, 12], [28, 7], [40, 46], [20, 35], [0, 20], [23, 23], [9, 25], [30, 30], [18, 47], [15, 11], [14, 15], [8, 23], [46, 41], [41, 6], [3, 21], [27, 44], [30, 47], [26, 47], [32, 13], [19, 17], [23, 48], [6, 10], [14, 28], [41, 10], [15, 22], [1, 38], [5, 7], [45, 34], [48, 5], [32, 24], [8, 44], [20, 10], [42, 37], [14, 10], [22, 1], [0, 30], [28, 20], [26, 8], [7, 8], [16, 39], [45, 47], [37, 24], [39, 8], [7, 26], [5, 3], [15, 36], [26, 43], [37, 14], [30, 38], [21, 48], [16, 2], [5, 11], [33, 49], [33, 17], [24, 18], [8, 36], [40, 49], [3, 6], [38, 12], [45, 5], [10, 43], [7, 24], [24, 17], [32, 34], [5, 16], [11, 10], [20, 7], [16, 29], [48, 35], [15, 25], [21, 43], [33, 13], [7, 17], [37, 19], [22, 7], [3, 39], [22, 9], [26, 42], [24, 13], [13, 17], [6, 17], [36, 38], [10, 47], [46, 36], [2, 36], [35, 10], [35, 48], [26, 24], [24, 30], [4, 2], [15, 33], [5, 45], [4, 14], [7, 39], [12, 1], [39, 49], [41, 16], [37, 42], [15, 4], [42, 30], [35, 14], [26, 1], [18, 45], [16, 36], [3, 31], [4, 7], [25, 44], [15, 17], [45, 49], [27, 10], [22, 48], [30, 15], [5, 23], [8, 7], [11, 37], [37, 45], [21, 5], [48, 11], [48, 8], [4, 13], [42, 14], [8, 20], [10, 8], [11, 49], [41, 49], [1, 24], [30, 46], [34, 26], [19, 22], [36, 36], [47, 4], [1, 15], [12, 46], [1, 28], [8, 0], [28, 19], [21, 6], [10, 7], [18, 37], [44, 36], [31, 47], [16, 17], [5, 20], [21, 42], [2, 17], [37, 12], [0, 14], [42, 17], [39, 33], [26, 15], [27, 13], [42, 45], [7, 38], [20, 44], [19, 4], [1, 18], [1, 5], [9, 37], [29, 44], [36, 14], [21, 24], [39, 13], [4, 37], [31, 34], [15, 49], [38, 40], [15, 6], [33, 42], [39, 19], [17, 21], [23, 4], [2, 22], [24, 27], [3, 30], [5, 49], [48, 10], [44, 10], [41, 34], [24, 26], [19, 0], [42, 36], [7, 6], [17, 27], [0, 39], [27, 14], [19, 47], [7, 18], [24, 14], [14, 12], [35, 16], [47, 38], [9, 19], [37, 9], [16, 48], [27, 46], [28, 13], [15, 18], [36, 32], [31, 45], [5, 15], [15, 10], [8, 26], [47, 6], [11, 3], [19, 8], [7, 41], [12, 28], [48, 49], [18, 30], [26, 23], [3, 10], [0, 12], [7, 25], [39, 40], [26, 27], [22, 45], [43, 18], [14, 22], [45, 48], [40, 3], [28, 22], [12, 0], [5, 25], [18, 14], [5, 14], [22, 39], [9, 8], [18, 28], [33, 44], [30, 41], [33, 46], [28, 25], [15, 27], [2, 30], [48, 38], [9, 9], [37, 4], [45, 13], [21, 49], [2, 8], [19, 5], [35, 19], [17, 8], [2, 37], [40, 14], [35, 40], [16, 40], [38, 48], [36, 6], [15, 29], [8, 6], [16, 38], [2, 11], [6, 29], [9, 10], [25, 23], [6, 41], [32, 48], [47, 44], [24, 6], [4, 34], [39, 42], [14, 0], [44, 7], [1, 20], [34, 21], [9, 24], [20, 47], [27, 47], [35, 21], [19, 29], [3, 28], [5, 2], [20, 4], [14, 37], [47, 47], [7, 40], [9, 13], [3, 8], [45, 9], [28, 34], [36, 22], [7, 27], [14, 2], [26, 20], [9, 46], [45, 36], [23, 44], [41, 9], [6, 23], [26, 29], [7, 29], [37, 7], [45, 8], [41, 31], [8, 1], [12, 35], [22, 46], [19, 11], [5, 5], [41, 41], [9, 28], [32, 47], [31, 23], [28, 21], [5, 22], [15, 7], [49, 4], [25, 1], [18, 40], [16, 31], [9, 33], [35, 43], [34, 16], [15, 19], [44, 34], [41, 28], [0, 15], [5, 43], [4, 1], [12, 38], [31, 43], [27, 16], [0, 36], [12, 6], [48, 14], [16, 0], [34, 31]]}