{"meta": {"number_of_robots": 540, "description": {"parameters": {"seed": 4220, "shape": [30, 30], "obstacles": {"n": 0, "mean": 0, "std": 0.0}, "clusters": {"n": 10, "mean": 40, "std": 20.0, "relative_radius": 2, "increase_factor": 1.3, "start_dist": {"generator_name": "uniform", "shape": [30, 30], "min": 1.0, "max": 1.0, "mean": 1.0, "std": 0.0, "dtype": "float64", "parameters": {}}, "target_dist": {"generator_name": "uniform", "shape": [30, 30], "min": 1.0, "max": 1.0, "mean": 1.0, "std": 0.0, "dtype": "float64", "parameters": {}}}, "density": 0.6, "start_dist": {"generator_name": "uniform", "shape": [30, 30], "min": 1.0, "max": 1.0, "mean": 1.0, "std": 0.0, "dtype": "float64", "parameters": {}}, "target_dist": {"generator_name": "uniform", "shape": [30, 30], "min": 1.0, "max": 1.0, "mean": 1.0, "std": 0.0, "dtype": "float64", "parameters": {}}}, "stats": {"date": "2020-11-17", "free_area": 900.0, "number_of_clustered_robots": 434, "number_of_robots": 540}}}, "name": "medium_free_006_30x30_60_540", "obstacles": [], "starts": [[1, 26], [29, 0], [18, 2], [7, 2], [26, 26], [20, 4], [8, 4], [28, 10], [16, 9], [17, 29], [29, 24], [24, 6], [23, 20], [29, 22], [21, 9], [20, 8], [24, 18], [4, 2], [7, 16], [28, 9], [19, 29], [17, 10], [26, 0], [28, 18], [24, 16], [18, 15], [19, 0], [22, 26], [10, 5], [21, 3], [21, 18], [4, 21], [23, 7], [21, 11], [19, 17], [26, 28], [16, 23], [24, 5], [19, 12], [28, 12], [15, 19], [8, 0], [6, 5], [26, 8], [25, 25], [9, 21], [15, 21], [25, 6], [28, 21], [25, 9], [21, 28], [13, 5], [9, 7], [15, 27], [21, 17], [29, 5], [17, 0], [29, 25], [27, 6], [9, 22], [20, 5], [15, 25], [29, 6], [25, 21], [27, 21], [10, 3], [19, 15], [21, 8], [15, 11], [22, 24], [22, 8], [29, 7], [12, 28], [25, 8], [17, 22], [26, 19], [27, 0], [3, 0], [4, 11], [20, 25], [28, 22], [21, 2], [24, 20], [29, 4], [17, 18], [24, 25], [1, 27], [20, 6], [22, 19], [22, 13], [8, 1], [16, 18], [25, 12], [29, 2], [26, 25], [29, 15], [24, 19], [19, 5], [7, 17], [18, 9], [27, 19], [8, 8], [16, 28], [13, 21], [15, 18], [19, 3], [18, 6], [18, 14], [18, 7], [17, 24], [13, 17], [21, 1], [27, 14], [11, 18], [1, 5], [8, 6], [20, 9], [21, 5], [20, 16], [23, 16], [28, 13], [22, 7], [19, 14], [25, 5], [26, 27], [6, 4], [16, 19], [12, 19], [28, 5], [19, 19], [17, 6], [27, 5], [17, 1], [23, 8], [28, 3], [24, 7], [5, 7], [25, 20], [26, 1], [18, 25], [22, 21], [8, 21], [23, 12], [29, 3], [21, 7], [14, 12], [29, 17], [24, 4], [2, 4], [9, 6], [20, 27], [14, 9], [15, 17], [26, 9], [5, 20], [26, 21], [29, 1], [16, 26], [19, 1], [18, 19], [18, 10], [20, 1], [16, 12], [0, 9], [25, 15], [13, 15], [20, 2], [8, 23], [14, 22], [21, 25], [22, 3], [28, 2], [20, 15], [14, 16], [7, 6], [19, 26], [23, 5], [25, 4], [29, 12], [23, 10], [10, 20], [27, 9], [26, 6], [15, 24], [27, 23], [6, 0], [3, 10], [14, 8], [22, 6], [27, 16], [26, 2], [29, 18], [19, 22], [28, 6], [3, 26], [28, 15], [21, 22], [2, 6], [19, 27], [24, 26], [23, 6], [13, 25], [19, 13], [17, 8], [16, 17], [22, 4], [20, 13], [17, 27], [0, 18], [27, 4], [8, 2], [25, 1], [15, 23], [20, 11], [23, 25], [13, 11], [27, 10], [19, 6], [23, 14], [6, 19], [20, 7], [10, 1], [17, 4], [2, 9], [21, 10], [26, 10], [28, 8], [13, 12], [24, 17], [28, 29], [27, 13], [21, 6], [21, 4], [3, 3], [26, 5], [8, 19], [22, 25], [26, 16], [25, 7], [29, 9], [18, 21], [23, 21], [25, 11], [22, 0], [20, 28], [2, 10], [17, 26], [18, 11], [28, 7], [9, 19], [20, 3], [18, 22], [26, 15], [28, 1], [12, 7], [18, 13], [24, 8], [3, 9], [9, 3], [25, 22], [20, 18], [25, 3], [23, 0], [12, 16], [28, 11], [19, 11], [28, 19], [22, 5], [27, 26], [7, 10], [29, 19], [18, 12], [19, 4], [25, 13], [28, 23], [21, 14], [12, 23], [19, 2], [20, 20], [23, 9], [4, 0], [21, 12], [24, 0], [28, 20], [18, 20], [23, 3], [17, 21], [26, 3], [24, 22], [9, 27], [23, 15], [26, 7], [22, 16], [28, 4], [4, 9], [6, 11], [15, 28], [14, 6], [23, 17], [14, 15], [22, 2], [26, 4], [10, 17], [24, 21], [22, 22], [27, 1], [26, 20], [10, 9], [25, 27], [17, 11], [19, 9], [27, 3], [12, 26], [24, 11], [14, 24], [23, 2], [11, 26], [20, 10], [1, 0], [16, 27], [22, 11], [29, 16], [25, 0], [17, 12], [29, 8], [28, 17], [20, 17], [27, 2], [10, 21], [8, 3], [6, 9], [15, 16], [22, 1], [22, 14], [18, 29], [17, 5], [27, 20], [17, 2], [22, 9], [13, 8], [23, 18], [2, 3], [16, 24], [25, 10], [17, 13], [12, 20], [23, 4], [21, 27], [17, 15], [28, 25], [20, 0], [13, 16], [22, 12], [2, 0], [24, 10], [18, 23], [19, 7], [4, 23], [13, 14], [21, 19], [24, 2], [18, 16], [24, 3], [14, 5], [16, 29], [19, 8], [0, 1], [1, 11], [16, 21], [16, 7], [27, 15], [2, 22], [12, 14], [24, 9], [14, 23], [25, 14], [25, 2], [29, 11], [4, 4], [20, 23], [25, 16], [13, 22], [13, 20], [21, 0], [11, 20], [26, 14], [20, 12], [17, 3], [28, 0], [19, 16], [0, 2], [19, 23], [28, 24], [23, 29], [23, 1], [20, 19], [18, 5], [29, 13], [7, 21], [17, 14], [27, 8], [5, 6], [1, 3], [16, 15], [15, 6], [22, 10], [24, 1], [15, 22], [20, 29], [16, 11], [26, 11], [27, 7], [2, 28], [17, 9], [18, 0], [1, 10], [12, 24], [16, 6], [23, 13], [21, 26], [16, 13], [16, 10], [29, 23], [23, 26], [15, 7], [4, 22], [5, 9], [15, 12], [16, 4], [29, 10], [20, 24], [21, 20], [27, 12], [12, 15], [13, 29], [15, 2], [26, 18], [8, 20], [26, 22], [11, 11], [11, 17], [29, 27], [15, 3], [7, 20], [0, 25], [8, 14], [9, 17], [5, 18], [24, 29], [6, 25], [4, 25], [16, 3], [4, 6], [18, 28], [28, 26], [3, 16], [9, 13], [29, 28], [14, 4], [8, 13], [13, 6], [6, 10], [10, 12], [7, 18], [8, 18], [2, 17], [11, 9], [3, 1], [25, 19], [7, 15], [14, 28], [14, 2], [11, 2], [18, 1], [12, 5], [12, 0], [14, 11], [24, 14], [26, 13], [13, 10], [9, 10], [0, 24], [3, 6], [3, 13], [6, 18], [4, 16], [10, 6], [1, 20], [16, 1], [23, 22], [2, 5], [5, 14], [11, 10], [2, 21], [0, 5], [5, 2], [12, 2], [0, 28], [17, 17], [5, 28], [18, 24], [26, 24], [4, 24], [13, 24], [3, 2], [5, 5], [5, 24], [5, 12], [26, 12], [16, 8], [10, 29], [29, 21], [4, 18], [12, 9], [12, 12], [3, 12], [14, 21], [16, 20], [24, 12], [4, 28], [12, 8], [16, 2], [6, 12], [6, 24], [8, 12], [0, 19], [23, 11], [3, 11], [0, 10], [0, 29], [3, 28], [9, 29], [1, 4], [6, 27], [2, 15], [2, 11], [2, 13], [7, 26], [25, 23], [18, 18]], "targets": [[2, 5], [9, 24], [29, 2], [22, 9], [15, 12], [27, 7], [9, 16], [25, 1], [3, 27], [6, 9], [17, 25], [4, 29], [23, 1], [16, 25], [20, 8], [10, 23], [10, 28], [26, 5], [5, 5], [13, 12], [16, 24], [13, 26], [7, 20], [26, 11], [14, 29], [13, 4], [7, 24], [3, 28], [19, 11], [23, 7], [27, 10], [3, 10], [10, 25], [9, 29], [10, 2], [19, 14], [11, 24], [10, 29], [25, 11], [16, 13], [9, 28], [21, 9], [12, 18], [12, 21], [3, 26], [0, 2], [23, 5], [21, 1], [6, 23], [3, 20], [16, 19], [10, 20], [27, 12], [7, 8], [18, 3], [3, 24], [29, 4], [17, 23], [24, 11], [5, 1], [4, 22], [2, 22], [11, 3], [7, 26], [10, 22], [28, 1], [28, 0], [7, 21], [22, 11], [0, 27], [11, 29], [2, 26], [5, 0], [24, 9], [11, 7], [15, 25], [5, 25], [28, 5], [8, 21], [9, 14], [17, 28], [29, 6], [23, 10], [10, 24], [26, 8], [5, 20], [6, 3], [13, 20], [2, 28], [14, 12], [22, 0], [27, 11], [15, 18], [6, 25], [11, 23], [25, 7], [6, 26], [4, 27], [6, 0], [26, 3], [7, 25], [29, 10], [9, 10], [25, 9], [8, 24], [5, 22], [26, 6], [17, 29], [27, 3], [21, 14], [18, 9], [2, 27], [13, 27], [4, 3], [20, 1], [6, 13], [8, 26], [16, 23], [17, 7], [28, 8], [2, 21], [1, 22], [19, 10], [6, 21], [17, 15], [28, 10], [21, 3], [5, 10], [5, 27], [12, 24], [23, 6], [2, 20], [25, 4], [12, 27], [23, 4], [5, 26], [24, 8], [25, 12], [10, 21], [11, 13], [0, 29], [1, 3], [20, 6], [0, 24], [9, 18], [22, 8], [12, 23], [8, 28], [28, 9], [4, 15], [10, 10], [12, 7], [14, 28], [27, 6], [4, 6], [15, 21], [13, 21], [11, 18], [24, 7], [17, 1], [9, 21], [1, 26], [21, 6], [23, 3], [15, 27], [16, 0], [8, 25], [6, 6], [6, 18], [12, 17], [23, 0], [12, 25], [0, 19], [15, 0], [25, 2], [9, 20], [9, 27], [27, 5], [11, 5], [12, 28], [1, 6], [8, 23], [26, 4], [14, 20], [17, 12], [28, 3], [6, 14], [10, 8], [21, 0], [4, 26], [4, 25], [7, 18], [10, 6], [11, 22], [6, 5], [24, 1], [2, 24], [22, 4], [8, 13], [18, 16], [1, 23], [4, 24], [18, 5], [0, 18], [25, 6], [8, 20], [20, 2], [6, 28], [1, 7], [25, 5], [24, 10], [5, 21], [4, 19], [21, 4], [21, 23], [26, 2], [17, 21], [11, 20], [6, 29], [0, 6], [5, 24], [27, 4], [23, 11], [4, 16], [15, 9], [7, 19], [12, 26], [4, 28], [17, 8], [20, 15], [24, 4], [9, 19], [9, 25], [19, 1], [28, 2], [6, 4], [15, 23], [19, 0], [6, 22], [27, 1], [1, 21], [26, 13], [9, 22], [13, 28], [18, 22], [27, 9], [8, 12], [17, 20], [29, 11], [5, 11], [10, 27], [17, 3], [14, 19], [0, 25], [11, 21], [20, 4], [17, 2], [21, 2], [4, 17], [19, 21], [11, 28], [24, 2], [0, 22], [4, 0], [1, 28], [23, 8], [20, 11], [4, 23], [1, 18], [19, 9], [11, 8], [2, 23], [4, 20], [28, 6], [16, 15], [14, 26], [3, 0], [5, 28], [14, 2], [1, 25], [20, 9], [28, 4], [6, 24], [15, 19], [17, 0], [25, 0], [15, 22], [5, 23], [9, 15], [3, 11], [29, 5], [13, 22], [11, 1], [2, 29], [22, 12], [9, 17], [10, 12], [7, 23], [13, 6], [2, 18], [11, 26], [28, 11], [3, 2], [3, 23], [16, 14], [11, 25], [20, 0], [29, 0], [16, 21], [24, 0], [3, 25], [26, 0], [12, 20], [20, 13], [15, 20], [7, 29], [6, 1], [22, 2], [26, 10], [15, 13], [6, 27], [17, 5], [13, 23], [8, 22], [21, 11], [19, 6], [5, 19], [9, 26], [6, 2], [28, 12], [12, 13], [11, 19], [1, 29], [15, 4], [15, 14], [27, 8], [12, 22], [26, 1], [9, 23], [13, 24], [10, 9], [20, 3], [6, 11], [13, 19], [25, 3], [2, 2], [4, 21], [8, 18], [14, 5], [16, 20], [13, 29], [16, 18], [26, 9], [22, 10], [16, 10], [3, 29], [6, 20], [6, 10], [3, 21], [29, 8], [13, 25], [13, 2], [24, 5], [0, 20], [18, 12], [2, 25], [21, 12], [11, 15], [16, 29], [10, 13], [22, 6], [1, 1], [8, 29], [0, 28], [7, 28], [16, 7], [3, 22], [27, 2], [19, 8], [19, 24], [10, 26], [13, 10], [4, 18], [7, 27], [3, 4], [23, 2], [5, 18], [24, 3], [5, 29], [10, 7], [21, 7], [9, 13], [17, 27], [16, 12], [8, 27], [1, 19], [25, 8], [14, 10], [0, 5], [10, 19], [0, 21], [19, 7], [7, 13], [14, 27], [21, 8], [27, 0], [11, 27], [17, 18], [20, 23], [15, 10], [15, 29], [1, 20], [6, 7], [22, 3], [22, 7], [24, 6], [0, 26], [1, 27], [15, 5], [15, 28], [29, 7], [0, 23], [12, 19], [21, 24], [10, 3], [0, 7], [20, 7], [16, 28], [12, 29], [29, 1], [17, 22], [19, 12], [7, 22], [10, 18], [25, 17], [14, 3], [11, 11], [7, 17], [27, 13], [9, 4], [3, 16], [24, 21], [21, 21], [8, 9], [28, 27], [9, 7], [13, 3], [4, 5], [22, 25], [2, 11], [14, 6], [20, 19], [7, 1], [2, 16], [15, 16], [3, 17], [12, 2], [9, 5], [25, 18], [8, 6], [28, 24], [23, 15], [28, 29], [20, 26], [7, 7], [15, 2], [3, 6], [13, 8], [2, 9], [12, 6], [21, 27], [22, 24], [21, 28], [5, 7], [19, 20], [11, 0], [25, 10], [21, 18], [10, 0], [1, 2], [24, 19], [8, 8], [2, 15], [25, 23], [28, 28], [21, 13], [3, 3], [24, 28], [4, 2], [18, 1], [12, 9], [2, 14], [1, 12], [26, 21], [3, 5], [17, 14], [0, 15], [19, 26], [13, 7], [19, 29], [11, 17], [2, 17], [19, 3], [0, 12], [0, 13], [1, 9], [17, 17], [13, 15], [1, 0], [6, 12], [1, 8], [22, 26], [0, 14], [27, 26], [23, 22], [17, 26], [27, 25], [29, 25], [14, 9], [21, 19], [27, 16], [3, 19], [8, 17], [6, 15], [10, 14], [18, 19], [26, 16], [27, 29], [15, 15], [14, 1], [5, 16], [11, 4], [14, 24], [26, 24], [8, 2], [28, 7], [25, 29], [29, 21], [22, 18], [16, 16]]}