{"meta": {"number_of_robots": 1180, "description": {"parameters": {"seed": 9974, "shape": [50, 50], "obstacles": {"n": 10, "mean": 5, "std": 2.5}, "clusters": {"n": 20, "mean": 10, "std": 5.0, "relative_radius": 2, "increase_factor": 1.3, "start_dist": {"generator_name": "uniform", "shape": [50, 50], "min": 1.0, "max": 1.0, "mean": 1.0, "std": 0.0, "dtype": "float64", "parameters": {}}, "target_dist": {"generator_name": "uniform", "shape": [50, 50], "min": 1.0, "max": 1.0, "mean": 1.0, "std": 0.0, "dtype": "float64", "parameters": {}}}, "density": 0.5, "start_dist": {"generator_name": "uniform", "shape": [50, 50], "min": 1.0, "max": 1.0, "mean": 1.0, "std": 0.0, "dtype": "float64", "parameters": {}}, "target_dist": {"generator_name": "uniform", "shape": [50, 50], "min": 1.0, "max": 1.0, "mean": 1.0, "std": 0.0, "dtype": "float64", "parameters": {}}}, "stats": {"date": "2020-11-17", "free_area": 2359.0, "number_of_clustered_robots": 195, "number_of_robots": 1180}}}, "name": "medium_016_50x50_50_1180", "obstacles": [[4, 24], [4, 25], [4, 26], [4, 27], [5, 14], [5, 15], [5, 16], [5, 17], [5, 18], [5, 19], [5, 24], [5, 27], [5, 32], [5, 33], [5, 34], [5, 35], [5, 36], [5, 37], [5, 38], [6, 14], [6, 15], [6, 16], [6, 17], [6, 18], [6, 19], [6, 24], [6, 25], [6, 26], [6, 27], [6, 32], [6, 33], [6, 34], [6, 35], [6, 36], [6, 37], [6, 38], [9, 2], [9, 3], [9, 4], [9, 5], [9, 6], [9, 7], [10, 2], [10, 7], [11, 2], [11, 3], [11, 4], [11, 5], [11, 6], [11, 7], [24, 1], [25, 1], [26, 1], [26, 21], [26, 22], [26, 23], [26, 24], [26, 25], [27, 1], [28, 11], [28, 12], [28, 13], [28, 14], [29, 11], [29, 14], [30, 11], [30, 14], [30, 39], [31, 11], [31, 14], [32, 11], [32, 12], [32, 13], [32, 14], [37, 33], [37, 34], [37, 35], [37, 36], [37, 37], [37, 38], [37, 39], [37, 40], [37, 41], [38, 33], [38, 41], [39, 33], [39, 41], [40, 33], [40, 41], [41, 33], [41, 41], [42, 23], [42, 33], [42, 34], [42, 35], [42, 36], [42, 37], [42, 38], [42, 39], [42, 40], [42, 41]], "starts": [[33, 11], [2, 16], [13, 1], [22, 17], [34, 32], [3, 31], [45, 23], [34, 12], [17, 23], [33, 9], [25, 30], [8, 2], [41, 1], [18, 12], [28, 29], [49, 37], [4, 21], [27, 44], [33, 47], [11, 10], [1, 3], [28, 32], [7, 5], [46, 30], [1, 30], [23, 13], [18, 26], [23, 36], [7, 4], [19, 12], [27, 29], [17, 8], [24, 34], [14, 7], [49, 30], [34, 11], [4, 1], [24, 25], [13, 3], [0, 29], [25, 17], [15, 27], [41, 3], [44, 34], [27, 43], [48, 25], [4, 3], [2, 19], [18, 19], [33, 7], [27, 32], [0, 21], [35, 47], [9, 12], [21, 31], [2, 34], [25, 12], [5, 0], [16, 7], [47, 25], [17, 20], [20, 33], [29, 38], [12, 5], [35, 12], [5, 5], [22, 16], [25, 26], [13, 10], [0, 32], [21, 13], [47, 27], [18, 28], [24, 31], [7, 1], [41, 5], [44, 36], [24, 39], [24, 32], [16, 10], [17, 6], [47, 31], [6, 0], [0, 33], [20, 12], [2, 20], [18, 11], [33, 6], [21, 34], [0, 22], [35, 49], [13, 4], [16, 23], [26, 37], [35, 9], [1, 2], [45, 30], [22, 32], [22, 31], [17, 10], [3, 33], [20, 16], [7, 0], [16, 1], [19, 15], [45, 27], [20, 20], [43, 5], [28, 30], [44, 31], [21, 40], [11, 9], [6, 4], [4, 28], [20, 9], [26, 30], [12, 7], [21, 36], [49, 29], [36, 8], [3, 2], [23, 22], [22, 41], [2, 17], [18, 17], [37, 9], [23, 28], [2, 22], [32, 45], [12, 10], [5, 28], [24, 14], [1, 1], [18, 2], [45, 28], [21, 35], [15, 11], [17, 25], [22, 34], [2, 2], [39, 5], [45, 35], [27, 41], [48, 29], [2, 31], [17, 12], [19, 17], [23, 29], [13, 7], [35, 8], [1, 4], [14, 3], [47, 29], [19, 26], [21, 29], [26, 44], [14, 6], [5, 2], [4, 34], [17, 14], [22, 30], [2, 18], [23, 12], [38, 4], [25, 35], [2, 26], [37, 47], [15, 10], [2, 4], [49, 23], [19, 27], [43, 1], [47, 33], [27, 42], [1, 31], [22, 11], [18, 34], [9, 11], [32, 10], [3, 5], [14, 1], [46, 24], [23, 32], [19, 16], [26, 35], [17, 2], [6, 3], [15, 24], [21, 39], [0, 26], [24, 12], [47, 26], [21, 33], [17, 9], [5, 1], [32, 0], [10, 0], [12, 32], [37, 23], [31, 35], [2, 47], [29, 34], [10, 29], [34, 31], [48, 43], [29, 43], [27, 38], [17, 13], [23, 7], [18, 5], [16, 42], [10, 33], [41, 31], [28, 15], [3, 25], [22, 18], [13, 49], [24, 10], [25, 14], [21, 24], [12, 49], [19, 28], [39, 28], [22, 23], [9, 19], [7, 8], [10, 38], [16, 24], [41, 17], [10, 16], [13, 24], [8, 15], [17, 42], [15, 28], [24, 22], [31, 7], [0, 7], [38, 1], [5, 48], [7, 17], [45, 33], [41, 14], [42, 21], [9, 45], [40, 18], [8, 23], [49, 14], [2, 0], [27, 46], [22, 49], [17, 21], [2, 25], [35, 0], [40, 1], [6, 29], [14, 17], [21, 46], [15, 44], [3, 4], [38, 46], [37, 17], [11, 32], [35, 6], [43, 41], [23, 21], [25, 8], [12, 43], [42, 4], [35, 18], [20, 34], [12, 27], [29, 48], [49, 42], [22, 20], [4, 41], [39, 18], [40, 30], [42, 16], [31, 46], [30, 16], [14, 5], [33, 19], [3, 16], [15, 35], [25, 44], [40, 14], [17, 47], [44, 23], [17, 49], [44, 29], [8, 12], [27, 3], [20, 18], [28, 10], [32, 36], [15, 45], [31, 43], [5, 39], [48, 42], [10, 18], [43, 31], [25, 39], [1, 13], [25, 32], [48, 1], [38, 24], [14, 0], [17, 35], [19, 33], [32, 41], [32, 43], [49, 13], [28, 47], [20, 17], [29, 20], [44, 47], [39, 25], [43, 39], [35, 27], [30, 38], [19, 6], [19, 49], [44, 11], [1, 37], [26, 11], [47, 11], [33, 23], [14, 30], [20, 1], [30, 22], [7, 9], [15, 7], [3, 14], [46, 18], [24, 13], [12, 42], [12, 26], [35, 36], [40, 3], [34, 6], [40, 20], [5, 4], [29, 39], [21, 44], [45, 17], [22, 26], [45, 38], [19, 31], [13, 27], [26, 12], [32, 33], [45, 21], [17, 39], [36, 30], [20, 43], [15, 3], [44, 15], [20, 49], [21, 6], [37, 13], [8, 40], [30, 46], [4, 9], [35, 34], [45, 41], [48, 7], [31, 2], [39, 8], [41, 2], [17, 30], [18, 32], [0, 0], [20, 29], [35, 4], [36, 45], [18, 7], [33, 0], [12, 45], [8, 22], [38, 49], [49, 25], [19, 4], [16, 14], [17, 16], [0, 8], [49, 18], [8, 26], [41, 44], [12, 21], [40, 24], [38, 8], [0, 31], [1, 11], [43, 32], [31, 3], [44, 9], [11, 28], [12, 2], [40, 8], [6, 30], [15, 36], [25, 43], [5, 44], [4, 49], [17, 11], [43, 36], [44, 25], [5, 42], [22, 19], [20, 2], [47, 4], [49, 24], [15, 37], [12, 17], [42, 6], [31, 38], [38, 44], [36, 29], [26, 36], [15, 49], [13, 8], [14, 2], [39, 49], [40, 19], [1, 26], [23, 39], [23, 16], [13, 14], [46, 11], [42, 22], [42, 20], [27, 27], [14, 16], [1, 45], [33, 18], [21, 32], [4, 30], [11, 39], [46, 46], [44, 12], [41, 19], [37, 3], [49, 45], [37, 29], [18, 4], [41, 43], [9, 36], [45, 0], [14, 12], [28, 22], [23, 26], [36, 46], [0, 48], [20, 14], [43, 7], [8, 9], [13, 28], [7, 36], [5, 6], [31, 41], [19, 24], [4, 38], [19, 3], [41, 11], [22, 22], [35, 33], [46, 1], [12, 23], [32, 2], [5, 46], [33, 4], [35, 46], [26, 3], [18, 15], [30, 24], [16, 8], [23, 6], [25, 34], [12, 14], [14, 25], [27, 20], [14, 11], [10, 14], [16, 45], [0, 14], [12, 6], [8, 20], [17, 4], [9, 16], [16, 31], [21, 4], [20, 23], [2, 9], [24, 43], [19, 48], [48, 12], [25, 42], [41, 45], [8, 48], [37, 11], [19, 9], [12, 20], [24, 8], [1, 25], [30, 9], [48, 36], [49, 41], [11, 46], [7, 43], [4, 31], [9, 8], [7, 42], [7, 26], [7, 20], [6, 11], [28, 31], [17, 26], [26, 27], [40, 9], [8, 11], [33, 16], [48, 23], [31, 49], [34, 24], [22, 37], [17, 34], [47, 48], [31, 9], [15, 5], [38, 18], [47, 38], [40, 10], [27, 15], [32, 20], [11, 16], [45, 42], [30, 28], [41, 22], [6, 1], [47, 1], [37, 16], [34, 22], [36, 7], [3, 21], [33, 39], [27, 11], [16, 18], [38, 12], [22, 10], [10, 45], [36, 1], [1, 38], [17, 36], [46, 31], [47, 15], [22, 48], [15, 8], [3, 10], [21, 41], [11, 48], [32, 31], [25, 46], [37, 22], [21, 43], [11, 18], [32, 7], [21, 30], [9, 21], [5, 12], [15, 48], [5, 10], [35, 19], [34, 13], [10, 30], [30, 36], [15, 20], [18, 1], [26, 20], [28, 23], [36, 34], [11, 47], [4, 33], [9, 26], [44, 3], [45, 24], [47, 35], [11, 37], [32, 18], [37, 26], [40, 27], [35, 16], [34, 1], [41, 32], [49, 9], [15, 0], [14, 40], [48, 19], [11, 35], [30, 31], [3, 15], [39, 47], [10, 23], [46, 36], [12, 22], [49, 34], [20, 37], [24, 41], [29, 44], [8, 36], [48, 46], [45, 18], [32, 1], [42, 5], [19, 18], [46, 3], [26, 10], [10, 44], [47, 43], [33, 2], [7, 29], [38, 15], [12, 24], [12, 30], [0, 27], [39, 24], [34, 21], [28, 26], [31, 15], [17, 0], [34, 34], [45, 2], [28, 7], [20, 35], [47, 9], [9, 49], [45, 44], [42, 8], [43, 49], [48, 27], [49, 7], [12, 39], [24, 9], [3, 41], [3, 23], [46, 20], [34, 3], [6, 49], [41, 26], [4, 10], [45, 32], [11, 11], [13, 11], [39, 46], [15, 9], [47, 20], [33, 24], [29, 41], [42, 7], [35, 29], [10, 17], [12, 9], [8, 35], [24, 0], [8, 39], [43, 22], [47, 8], [17, 45], [12, 46], [4, 22], [48, 33], [6, 5], [41, 23], [12, 0], [43, 46], [46, 19], [47, 0], [4, 36], [25, 18], [2, 38], [24, 30], [18, 25], [22, 4], [7, 48], [33, 21], [33, 45], [29, 42], [32, 46], [25, 21], [23, 37], [17, 37], [46, 21], [32, 17], [22, 44], [2, 45], [30, 1], [38, 32], [11, 25], [49, 12], [38, 30], [49, 47], [18, 13], [49, 19], [8, 13], [14, 37], [30, 47], [36, 28], [29, 21], [17, 3], [2, 30], [7, 45], [34, 25], [7, 28], [33, 49], [38, 25], [16, 26], [29, 37], [37, 15], [46, 35], [36, 37], [7, 35], [9, 15], [20, 22], [9, 38], [40, 43], [4, 19], [25, 13], [20, 36], [16, 38], [1, 7], [28, 5], [2, 36], [16, 25], [19, 1], [7, 24], [12, 36], [37, 43], [46, 33], [7, 25], [35, 15], [20, 15], [17, 17], [11, 49], [48, 31], [0, 46], [17, 1], [36, 40], [27, 39], [47, 39], [7, 19], [16, 0], [33, 35], [1, 8], [4, 48], [19, 47], [17, 44], [15, 31], [16, 6], [31, 0], [37, 0], [46, 41], [18, 0], [25, 24], [34, 47], [2, 42], [10, 32], [0, 28], [46, 45], [43, 14], [44, 2], [31, 20], [33, 41], [15, 12], [42, 10], [11, 27], [31, 33], [28, 9], [3, 40], [26, 26], [43, 28], [39, 7], [20, 5], [11, 12], [46, 9], [23, 11], [28, 38], [28, 34], [27, 49], [4, 18], [46, 23], [32, 21], [0, 37], [6, 20], [45, 8], [35, 35], [14, 46], [2, 44], [37, 4], [32, 44], [33, 27], [26, 15], [49, 16], [14, 47], [9, 46], [23, 25], [35, 31], [33, 46], [20, 24], [34, 43], [26, 5], [14, 13], [36, 17], [5, 31], [0, 42], [31, 34], [29, 17], [6, 46], [12, 18], [3, 38], [16, 48], [6, 13], [48, 20], [20, 21], [27, 28], [37, 30], [6, 47], [12, 34], [49, 8], [36, 24], [11, 15], [24, 40], [38, 17], [39, 15], [48, 4], [33, 10], [30, 32], [2, 39], [28, 42], [26, 41], [26, 39], [9, 25], [13, 37], [16, 35], [49, 27], [45, 10], [1, 17], [42, 42], [11, 43], [13, 34], [28, 1], [39, 6], [39, 43], [21, 11], [21, 14], [1, 34], [15, 22], [13, 13], [33, 42], [9, 18], [4, 42], [2, 12], [43, 47], [42, 15], [13, 12], [3, 46], [45, 5], [9, 37], [31, 48], [39, 22], [2, 3], [6, 6], [34, 29], [7, 16], [46, 17], [33, 5], [49, 11], [31, 18], [30, 5], [16, 9], [32, 16], [44, 21], [42, 29], [31, 6], [29, 15], [30, 33], [40, 12], [19, 8], [14, 23], [48, 16], [31, 19], [1, 43], [13, 36], [1, 21], [41, 21], [0, 6], [16, 17], [41, 8], [49, 1], [33, 34], [10, 28], [46, 4], [37, 32], [46, 22], [25, 47], [27, 34], [48, 17], [23, 5], [11, 17], [44, 35], [21, 42], [40, 47], [3, 47], [34, 26], [49, 28], [2, 46], [45, 12], [14, 31], [9, 32], [38, 29], [31, 40], [27, 0], [26, 16], [13, 19], [0, 3], [22, 38], [9, 10], [36, 13], [15, 18], [19, 20], [29, 9], [29, 26], [49, 31], [9, 39], [36, 38], [24, 27], [46, 12], [32, 42], [35, 37], [47, 12], [25, 5], [40, 42], [28, 44], [13, 44], [8, 46], [7, 27], [36, 4], [49, 32], [13, 42], [45, 31], [19, 7], [10, 9], [40, 45], [30, 10], [37, 24], [21, 37], [27, 10], [18, 14], [46, 48], [5, 29], [37, 48], [38, 19], [12, 3], [30, 6], [48, 15], [43, 2], [42, 46], [2, 23], [43, 12], [14, 35], [3, 20], [21, 45], [7, 33], [10, 22], [27, 35], [3, 7], [39, 32], [20, 46], [43, 4], [7, 12], [14, 15], [28, 49], [41, 9], [42, 31], [47, 40], [44, 20], [39, 44], [41, 49], [4, 17], [27, 17], [34, 40], [27, 22], [26, 8], [1, 41], [6, 39], [1, 32], [17, 27], [34, 5], [30, 2], [15, 1], [14, 45], [43, 38], [26, 48], [39, 23], [39, 48], [16, 36], [29, 23], [23, 23], [22, 47], [41, 42], [34, 17], [3, 28], [8, 37], [33, 40], [32, 6], [30, 21], [9, 40], [42, 2], [33, 48], [39, 1], [0, 36], [18, 37], [21, 38], [15, 39], [49, 20], [42, 25], [0, 44], [37, 1], [43, 26], [5, 49], [48, 26], [7, 37], [23, 2], [27, 25], [23, 30], [43, 42], [42, 26], [17, 33], [48, 39], [31, 24], [41, 25], [20, 8], [48, 37], [36, 6], [23, 34], [23, 45], [10, 19], [8, 18], [35, 17], [43, 13], [46, 44], [40, 49], [45, 6], [26, 6], [0, 43], [42, 13], [48, 24], [18, 39], [16, 28], [13, 31], [28, 24], [4, 40], [49, 22], [0, 13], [33, 25], [0, 38], [31, 28], [39, 12], [42, 19], [46, 39], [20, 7], [35, 10], [44, 14], [35, 40], [33, 13], [18, 6], [48, 38], [22, 2], [41, 12], [47, 34], [26, 7], [11, 0], [33, 30], [48, 45], [7, 30], [46, 14], [33, 33], [48, 5], [19, 34], [13, 15], [43, 24], [19, 11], [28, 41], [43, 20], [17, 31], [25, 27], [23, 46], [22, 13], [45, 13], [33, 8], [13, 17], [41, 6], [7, 49], [8, 17], [8, 31], [36, 44], [1, 16], [43, 6], [3, 37], [0, 34], [14, 8], [9, 47], [22, 46], [8, 3], [32, 24], [48, 28], [14, 24], [37, 28], [48, 10], [40, 7], [23, 41], [15, 23], [4, 45], [34, 44], [17, 41], [15, 43], [0, 17], [27, 14], [30, 35], [11, 21], [48, 9], [2, 5], [40, 16], [7, 38], [22, 3], [1, 47], [29, 30], [23, 10], [1, 35], [25, 29], [35, 2], [4, 0], [47, 5], [9, 23], [14, 19], [3, 3], [14, 21], [28, 35], [38, 22], [36, 32], [5, 43], [3, 11], [13, 9], [43, 3], [16, 15], [47, 21], [39, 9], [18, 30], [32, 15], [16, 2], [37, 20], [24, 44], [49, 6], [24, 36], [45, 11], [5, 47], [7, 2], [2, 8], [42, 49], [33, 22], [30, 44], [40, 46], [21, 18], [25, 40], [19, 44], [15, 33], [39, 30], [23, 18], [8, 19], [31, 30], [1, 6], [32, 23]], "targets": [[4, 33], [5, 39], [19, 33], [22, 7], [20, 41], [46, 12], [16, 46], [14, 37], [20, 1], [31, 35], [16, 28], [38, 14], [42, 16], [44, 35], [46, 15], [28, 40], [47, 15], [46, 5], [12, 34], [14, 1], [36, 21], [48, 18], [14, 8], [18, 44], [42, 18], [48, 34], [13, 2], [47, 0], [41, 14], [27, 3], [48, 19], [18, 7], [13, 32], [20, 36], [17, 44], [0, 34], [38, 13], [43, 21], [11, 1], [40, 14], [45, 37], [19, 4], [46, 19], [28, 43], [45, 1], [12, 45], [32, 15], [4, 40], [29, 8], [30, 38], [46, 17], [49, 15], [11, 33], [15, 6], [15, 31], [47, 16], [46, 29], [39, 15], [21, 36], [11, 45], [17, 7], [48, 14], [49, 0], [9, 1], [0, 35], [40, 16], [23, 9], [43, 18], [16, 4], [44, 13], [42, 31], [12, 44], [19, 1], [15, 28], [35, 22], [42, 22], [29, 41], [48, 4], [45, 15], [19, 5], [23, 31], [16, 47], [32, 19], [42, 15], [45, 33], [1, 35], [26, 2], [27, 38], [47, 22], [48, 17], [8, 32], [14, 3], [20, 0], [48, 6], [4, 34], [40, 22], [17, 45], [13, 28], [47, 14], [13, 1], [45, 18], [47, 36], [36, 17], [23, 36], [28, 4], [18, 49], [19, 3], [40, 20], [44, 17], [28, 45], [45, 2], [15, 0], [41, 16], [43, 15], [47, 29], [49, 20], [17, 0], [14, 27], [10, 43], [4, 35], [40, 17], [14, 5], [45, 4], [4, 39], [30, 2], [26, 33], [44, 15], [46, 13], [11, 30], [19, 8], [41, 13], [47, 33], [34, 16], [25, 30], [13, 47], [48, 20], [14, 7], [20, 2], [10, 30], [37, 18], [41, 17], [23, 44], [47, 4], [16, 43], [41, 15], [45, 32], [28, 10], [44, 19], [10, 1], [2, 34], [38, 18], [25, 32], [17, 46], [15, 2], [47, 12], [48, 2], [13, 6], [33, 13], [42, 20], [48, 30], [16, 32], [2, 39], [29, 10], [28, 39], [48, 21], [48, 13], [6, 30], [14, 2], [37, 14], [15, 47], [15, 7], [46, 16], [27, 40], [49, 2], [43, 20], [43, 31], [43, 16], [17, 3], [0, 38], [34, 22], [21, 30], [14, 43], [11, 28], [24, 9], [49, 19], [17, 6], [37, 16], [17, 4], [49, 7], [40, 15], [41, 32], [16, 49], [49, 21], [12, 6], [42, 21], [29, 18], [7, 39], [16, 8], [41, 24], [46, 10], [17, 28], [18, 11], [39, 42], [8, 49], [46, 34], [20, 43], [18, 40], [2, 13], [34, 41], [23, 32], [25, 20], [14, 35], [7, 31], [3, 19], [16, 16], [0, 14], [18, 43], [45, 41], [35, 17], [29, 39], [34, 5], [11, 35], [40, 28], [26, 4], [8, 38], [45, 17], [40, 3], [25, 19], [6, 45], [28, 37], [45, 7], [11, 37], [19, 21], [4, 23], [45, 34], [2, 46], [38, 3], [6, 46], [35, 21], [29, 28], [31, 1], [49, 36], [12, 2], [29, 26], [8, 7], [39, 26], [23, 24], [34, 29], [4, 45], [21, 47], [17, 25], [18, 15], [4, 8], [31, 29], [32, 36], [3, 18], [48, 31], [6, 4], [43, 45], [14, 9], [36, 34], [7, 19], [25, 0], [25, 11], [34, 21], [41, 49], [39, 11], [13, 24], [8, 3], [27, 13], [34, 42], [49, 24], [46, 24], [1, 46], [12, 36], [14, 15], [25, 17], [3, 2], [11, 10], [15, 15], [41, 28], [47, 6], [11, 25], [16, 2], [48, 5], [0, 12], [25, 44], [15, 39], [43, 27], [29, 20], [47, 5], [1, 26], [10, 14], [38, 7], [3, 32], [42, 11], [19, 30], [1, 10], [18, 2], [21, 1], [10, 48], [33, 43], [22, 26], [47, 23], [34, 15], [14, 12], [39, 2], [13, 36], [17, 40], [41, 44], [34, 0], [10, 20], [44, 25], [49, 8], [11, 8], [37, 31], [31, 15], [17, 2], [7, 17], [14, 22], [8, 16], [30, 33], [34, 4], [4, 15], [11, 16], [41, 23], [12, 17], [9, 14], [0, 36], [31, 49], [19, 31], [34, 7], [0, 19], [38, 19], [41, 8], [4, 7], [29, 45], [43, 25], [21, 0], [23, 14], [18, 5], [33, 34], [45, 26], [44, 28], [22, 11], [40, 49], [31, 16], [38, 12], [37, 1], [13, 41], [10, 47], [27, 24], [30, 18], [36, 3], [6, 20], [39, 49], [10, 42], [32, 35], [25, 6], [32, 22], [7, 21], [26, 39], [17, 39], [37, 47], [0, 4], [36, 23], [8, 1], [1, 41], [12, 11], [41, 12], [32, 47], [49, 45], [46, 9], [42, 25], [43, 0], [29, 30], [39, 20], [4, 36], [12, 41], [30, 49], [7, 33], [27, 7], [23, 1], [27, 26], [30, 35], [43, 3], [20, 12], [34, 28], [16, 24], [23, 4], [21, 42], [10, 23], [33, 6], [19, 14], [43, 14], [3, 1], [27, 32], [8, 24], [33, 49], [6, 9], [1, 2], [31, 19], [12, 13], [24, 30], [41, 2], [7, 4], [0, 27], [29, 3], [28, 22], [6, 48], [32, 25], [14, 39], [48, 40], [49, 27], [23, 27], [25, 5], [27, 48], [6, 21], [9, 11], [47, 8], [12, 16], [2, 12], [7, 20], [35, 34], [33, 44], [9, 41], [35, 39], [30, 22], [26, 9], [24, 6], [36, 40], [45, 40], [33, 33], [20, 22], [21, 43], [33, 30], [21, 24], [37, 9], [45, 19], [6, 13], [34, 31], [29, 16], [5, 21], [38, 31], [30, 21], [34, 36], [17, 37], [47, 26], [39, 4], [23, 48], [23, 38], [18, 25], [35, 23], [10, 37], [48, 37], [5, 46], [12, 30], [48, 28], [21, 10], [19, 17], [6, 44], [23, 46], [35, 26], [29, 6], [24, 49], [47, 24], [27, 36], [3, 15], [40, 23], [32, 49], [8, 37], [42, 42], [4, 42], [33, 14], [23, 35], [43, 2], [11, 29], [20, 10], [34, 3], [13, 21], [13, 40], [14, 31], [40, 13], [18, 9], [15, 36], [8, 30], [12, 0], [28, 0], [2, 29], [44, 22], [9, 43], [7, 1], [1, 31], [0, 1], [11, 32], [25, 42], [22, 48], [0, 29], [3, 44], [41, 21], [35, 24], [10, 40], [44, 23], [33, 38], [38, 0], [46, 20], [13, 17], [23, 2], [22, 22], [40, 44], [5, 45], [1, 45], [32, 44], [11, 24], [43, 7], [21, 34], [44, 36], [30, 31], [44, 11], [42, 9], [0, 42], [21, 13], [42, 7], [48, 22], [20, 17], [42, 29], [9, 32], [4, 1], [23, 23], [0, 6], [19, 16], [16, 45], [43, 47], [40, 42], [10, 0], [4, 30], [49, 38], [36, 45], [30, 29], [3, 23], [17, 31], [1, 17], [30, 6], [33, 5], [5, 13], [31, 6], [30, 36], [42, 17], [31, 21], [15, 34], [44, 24], [36, 22], [10, 41], [36, 30], [34, 49], [23, 33], [22, 44], [33, 3], [29, 21], [34, 20], [49, 3], [23, 13], [28, 19], [38, 49], [23, 16], [12, 23], [22, 3], [44, 4], [24, 11], [35, 8], [16, 31], [26, 48], [41, 29], [12, 10], [25, 14], [10, 18], [44, 33], [29, 27], [2, 47], [47, 18], [2, 36], [12, 12], [22, 47], [2, 41], [7, 15], [3, 11], [28, 21], [41, 10], [47, 27], [3, 8], [31, 32], [42, 4], [37, 0], [26, 7], [9, 26], [49, 16], [0, 37], [31, 0], [45, 23], [30, 7], [30, 8], [27, 12], [8, 39], [45, 39], [6, 5], [3, 17], [21, 11], [22, 34], [24, 38], [13, 43], [14, 19], [8, 11], [48, 49], [12, 20], [17, 18], [40, 48], [39, 3], [9, 24], [15, 27], [17, 49], [6, 11], [37, 22], [3, 35], [9, 28], [0, 45], [11, 26], [21, 23], [40, 31], [3, 33], [22, 32], [3, 13], [37, 27], [19, 24], [11, 47], [21, 48], [16, 41], [30, 24], [22, 5], [39, 5], [2, 9], [14, 11], [17, 5], [31, 45], [10, 8], [2, 19], [21, 19], [35, 16], [37, 30], [16, 34], [19, 35], [49, 40], [20, 20], [16, 37], [49, 35], [4, 37], [12, 47], [3, 39], [22, 16], [30, 4], [49, 32], [2, 1], [34, 26], [46, 26], [27, 9], [1, 27], [27, 0], [28, 42], [45, 21], [25, 31], [28, 47], [30, 5], [46, 6], [17, 30], [35, 30], [22, 24], [42, 1], [37, 32], [8, 0], [26, 42], [20, 28], [39, 28], [26, 43], [9, 18], [14, 26], [8, 5], [26, 41], [28, 5], [24, 29], [30, 44], [2, 42], [25, 43], [5, 47], [18, 6], [24, 43], [49, 10], [12, 29], [1, 22], [33, 11], [28, 31], [24, 28], [46, 3], [31, 48], [46, 1], [20, 14], [44, 41], [27, 37], [3, 37], [26, 5], [44, 32], [24, 10], [39, 47], [12, 26], [1, 16], [8, 15], [18, 24], [16, 35], [33, 18], [46, 41], [44, 14], [7, 12], [9, 21], [45, 6], [46, 49], [41, 27], [33, 8], [27, 47], [30, 26], [26, 20], [14, 4], [40, 47], [2, 31], [2, 28], [21, 20], [21, 27], [34, 25], [16, 21], [5, 2], [24, 48], [21, 16], [13, 4], [8, 13], [44, 45], [4, 31], [42, 45], [27, 5], [21, 12], [45, 29], [7, 25], [3, 38], [46, 38], [39, 24], [10, 16], [35, 13], [9, 13], [36, 26], [45, 25], [27, 27], [48, 39], [28, 6], [13, 39], [23, 3], [1, 14], [36, 39], [16, 44], [31, 34], [43, 33], [37, 29], [29, 15], [35, 43], [33, 28], [22, 25], [29, 48], [7, 44], [2, 7], [41, 46], [17, 41], [32, 6], [3, 49], [32, 34], [3, 0], [45, 3], [33, 48], [24, 3], [47, 42], [10, 13], [19, 29], [8, 34], [15, 19], [34, 30], [42, 43], [7, 8], [12, 3], [34, 40], [12, 21], [49, 23], [0, 41], [1, 12], [25, 48], [8, 10], [18, 29], [4, 28], [26, 36], [23, 49], [27, 42], [15, 14], [46, 11], [15, 33], [0, 28], [10, 46], [23, 39], [21, 4], [42, 5], [41, 0], [20, 9], [30, 16], [22, 43], [1, 0], [20, 5], [48, 16], [35, 41], [40, 10], [0, 10], [12, 39], [3, 3], [39, 0], [34, 48], [27, 19], [33, 12], [17, 36], [27, 18], [12, 7], [29, 37], [35, 9], [5, 1], [27, 35], [32, 29], [11, 19], [38, 22], [27, 20], [39, 44], [11, 34], [22, 18], [9, 16], [26, 40], [44, 18], [1, 42], [45, 36], [21, 26], [39, 31], [25, 45], [46, 2], [46, 48], [12, 37], [22, 40], [33, 16], [29, 19], [16, 29], [34, 39], [27, 6], [10, 9], [15, 44], [33, 22], [30, 30], [45, 27], [8, 47], [38, 28], [45, 47], [5, 29], [1, 19], [44, 6], [13, 0], [10, 22], [26, 31], [7, 23], [19, 46], [21, 38], [11, 42], [35, 11], [43, 48], [29, 33], [9, 22], [42, 13], [30, 28], [4, 48], [17, 35], [45, 49], [22, 30], [36, 44], [43, 23], [31, 23], [23, 7], [22, 33], [2, 0], [29, 34], [40, 19], [7, 27], [23, 8], [26, 19], [39, 1], [38, 9], [49, 1], [1, 37], [18, 3], [7, 43], [25, 46], [31, 37], [19, 37], [19, 48], [23, 40], [14, 23], [29, 42], [10, 33], [14, 42], [6, 2], [27, 21], [19, 25], [7, 48], [43, 32], [8, 31], [14, 24], [16, 38], [17, 12], [24, 36], [32, 1], [42, 46], [17, 21], [49, 31], [2, 44], [38, 11], [38, 27], [43, 39], [7, 5], [38, 2], [30, 23], [20, 44], [29, 31], [28, 1], [11, 39], [8, 33], [40, 45], [13, 31], [0, 2], [9, 38], [18, 0], [14, 41], [40, 12], [6, 8], [34, 10], [45, 0], [36, 18], [5, 5], [20, 15], [9, 19], [16, 30], [10, 29], [1, 36], [1, 8], [14, 48], [5, 44], [31, 42], [30, 20], [41, 5], [30, 41], [36, 38], [29, 47], [36, 9], [33, 25], [18, 14], [11, 0], [29, 5], [15, 25], [32, 21], [38, 24], [37, 2], [8, 42], [36, 37], [2, 22], [8, 45], [3, 29], [25, 21], [43, 46], [48, 35], [40, 25], [36, 2], [49, 44], [17, 48], [6, 28], [36, 33], [23, 30], [48, 48], [37, 13], [0, 22], [9, 48], [40, 11], [3, 43], [5, 7], [36, 35], [49, 49], [31, 41], [22, 17], [49, 9], [47, 35], [46, 32], [45, 22], [2, 11], [8, 23], [8, 14], [30, 37], [15, 18], [28, 48], [43, 17], [6, 29], [35, 49], [27, 29], [34, 45], [13, 48], [45, 14], [7, 30], [25, 40], [20, 37], [28, 29], [3, 24], [8, 2], [31, 22], [12, 40], [25, 35], [1, 44], [9, 40], [29, 1], [33, 7], [20, 46], [32, 5], [13, 3], [24, 40], [5, 6], [39, 32], [28, 44], [11, 21], [34, 37], [3, 27], [48, 33], [47, 17], [28, 3], [6, 0], [46, 27], [0, 7], [10, 26], [27, 45], [35, 20], [8, 25], [22, 21], [37, 21], [46, 42], [4, 13], [46, 22], [30, 15], [28, 27], [2, 24], [43, 1], [8, 44], [32, 45], [38, 4], [32, 30], [44, 10], [37, 43], [32, 9], [25, 29], [46, 14], [33, 27], [14, 17], [29, 35], [41, 20], [19, 44], [22, 8], [7, 18], [31, 9], [7, 46], [18, 1], [1, 3], [25, 34], [2, 49], [6, 22], [35, 47], [36, 49], [43, 19], [13, 46], [15, 21], [21, 46], [7, 9], [6, 47], [31, 36], [28, 8], [17, 47], [19, 22], [26, 45], [32, 28], [1, 5], [45, 46], [2, 33], [12, 27], [8, 9], [4, 22], [7, 42], [35, 46], [29, 0], [33, 47], [20, 19], [23, 12], [14, 49], [36, 47], [20, 39], [1, 38], [19, 49], [34, 17], [38, 29], [24, 42], [15, 40], [47, 9], [28, 46], [25, 49], [35, 44], [36, 32], [15, 41], [10, 45], [32, 41], [17, 1], [26, 32], [49, 34], [1, 11], [34, 2], [9, 33], [26, 46], [19, 7], [46, 31], [15, 38], [49, 42], [13, 22], [33, 20], [4, 12], [26, 10], [9, 45], [41, 7], [3, 20], [17, 8], [15, 32], [17, 42], [24, 14], [20, 4], [14, 44], [37, 28], [36, 14], [32, 39], [4, 0], [29, 43], [2, 21], [45, 42], [32, 26], [35, 3], [19, 26], [15, 1], [43, 6], [44, 12], [44, 48], [12, 33], [24, 20], [24, 37], [6, 23], [24, 8], [42, 8], [12, 1], [33, 4], [16, 13], [47, 2], [49, 11], [23, 18], [3, 45], [30, 47], [13, 30], [47, 11], [26, 8]]}