{"meta": {"number_of_robots": 180, "description": {"parameters": {"seed": 8463, "shape": [30, 30], "obstacles": {"n": 0, "mean": 0, "std": 0.0}, "clusters": {"n": 20, "mean": 10, "std": 5.0, "relative_radius": 2, "increase_factor": 1.3, "start_dist": {"generator_name": "uniform", "shape": [30, 30], "min": 1.0, "max": 1.0, "mean": 1.0, "std": 0.0, "dtype": "float64", "parameters": {}}, "target_dist": {"generator_name": "uniform", "shape": [30, 30], "min": 1.0, "max": 1.0, "mean": 1.0, "std": 0.0, "dtype": "float64", "parameters": {}}}, "density": 0.2, "start_dist": {"generator_name": "uniform", "shape": [30, 30], "min": 1.0, "max": 1.0, "mean": 1.0, "std": 0.0, "dtype": "float64", "parameters": {}}, "target_dist": {"generator_name": "uniform", "shape": [30, 30], "min": 1.0, "max": 1.0, "mean": 1.0, "std": 0.0, "dtype": "float64", "parameters": {}}}, "stats": {"date": "2020-11-17", "free_area": 900.0, "number_of_clustered_robots": 180, "number_of_robots": 180}}}, "name": "medium_free_001_30x30_20_180", "obstacles": [], "starts": [[19, 17], [10, 23], [23, 15], [4, 9], [13, 9], [4, 22], [3, 13], [1, 14], [4, 20], [14, 24], [14, 3], [0, 8], [26, 6], [21, 8], [2, 16], [3, 26], [24, 25], [13, 7], [12, 14], [7, 16], [14, 7], [6, 8], [4, 29], [9, 5], [2, 10], [16, 7], [20, 9], [13, 8], [14, 14], [5, 23], [21, 18], [23, 21], [2, 11], [2, 27], [10, 21], [17, 10], [5, 13], [3, 10], [0, 14], [5, 14], [12, 3], [6, 10], [21, 9], [23, 7], [18, 7], [1, 27], [19, 11], [6, 16], [19, 22], [28, 20], [7, 7], [24, 15], [21, 15], [2, 8], [4, 10], [18, 8], [20, 15], [20, 10], [6, 28], [17, 7], [1, 10], [9, 24], [15, 12], [5, 10], [2, 13], [2, 17], [4, 19], [1, 9], [18, 4], [1, 26], [25, 15], [24, 18], [20, 12], [4, 5], [25, 6], [20, 13], [10, 11], [14, 5], [2, 29], [16, 6], [2, 15], [10, 6], [1, 12], [9, 16], [18, 23], [26, 24], [24, 13], [8, 27], [22, 7], [6, 7], [2, 7], [3, 15], [3, 28], [20, 14], [20, 21], [3, 6], [15, 5], [5, 8], [15, 2], [18, 11], [8, 6], [3, 9], [2, 23], [24, 5], [22, 6], [5, 26], [20, 5], [2, 9], [13, 2], [19, 6], [22, 12], [25, 20], [6, 14], [7, 27], [8, 23], [22, 11], [8, 13], [3, 8], [1, 19], [19, 7], [8, 24], [20, 23], [22, 22], [7, 13], [0, 16], [12, 4], [19, 5], [3, 29], [16, 4], [10, 8], [23, 16], [20, 19], [18, 10], [4, 11], [22, 5], [23, 9], [7, 25], [1, 15], [18, 6], [2, 18], [7, 21], [16, 14], [7, 9], [3, 11], [1, 17], [8, 7], [14, 8], [23, 12], [6, 24], [19, 10], [0, 11], [14, 2], [19, 18], [25, 16], [8, 14], [9, 6], [9, 20], [18, 26], [22, 21], [13, 15], [2, 26], [13, 3], [4, 14], [27, 7], [19, 12], [4, 15], [12, 6], [13, 25], [21, 10], [3, 12], [1, 13], [3, 19], [1, 24], [21, 17], [20, 20], [3, 5], [3, 21], [17, 5], [19, 8], [25, 7]], "targets": [[5, 22], [0, 14], [18, 24], [0, 2], [16, 8], [12, 8], [6, 20], [5, 18], [14, 19], [2, 17], [8, 19], [8, 3], [22, 23], [25, 6], [24, 16], [5, 5], [3, 18], [19, 12], [9, 3], [2, 12], [14, 13], [1, 18], [7, 0], [7, 26], [2, 5], [6, 18], [28, 6], [18, 6], [15, 11], [10, 21], [9, 22], [18, 23], [5, 16], [7, 2], [1, 12], [16, 12], [7, 22], [4, 7], [24, 15], [3, 1], [5, 21], [1, 21], [20, 24], [29, 4], [25, 9], [2, 1], [12, 9], [18, 19], [8, 17], [6, 24], [3, 20], [10, 23], [20, 27], [4, 21], [1, 1], [7, 15], [18, 15], [24, 2], [1, 4], [24, 12], [5, 13], [3, 16], [12, 10], [7, 20], [6, 5], [25, 20], [15, 21], [3, 6], [7, 17], [3, 5], [6, 21], [16, 24], [13, 16], [0, 16], [21, 22], [24, 4], [2, 22], [23, 8], [4, 0], [17, 7], [0, 0], [5, 20], [7, 11], [12, 16], [7, 13], [2, 19], [24, 7], [2, 13], [15, 7], [4, 25], [7, 3], [27, 18], [0, 3], [9, 25], [20, 22], [5, 11], [19, 6], [0, 6], [7, 16], [12, 7], [9, 21], [4, 20], [12, 19], [19, 22], [27, 2], [3, 0], [13, 6], [5, 4], [6, 19], [20, 8], [8, 22], [19, 25], [8, 16], [5, 7], [0, 12], [10, 11], [3, 21], [3, 4], [27, 15], [26, 2], [16, 16], [5, 14], [7, 21], [6, 16], [1, 5], [4, 22], [11, 10], [5, 0], [24, 13], [5, 27], [6, 26], [17, 27], [14, 8], [1, 17], [20, 26], [29, 1], [1, 0], [2, 2], [2, 23], [14, 17], [2, 14], [12, 6], [3, 22], [6, 8], [28, 16], [8, 18], [26, 8], [29, 8], [6, 4], [9, 8], [5, 1], [2, 20], [5, 26], [18, 26], [1, 20], [8, 23], [12, 21], [4, 14], [6, 22], [16, 14], [5, 3], [24, 8], [6, 12], [20, 20], [28, 8], [2, 7], [9, 17], [2, 18], [8, 14], [8, 25], [8, 5], [28, 21], [6, 0], [9, 24], [17, 23], [1, 11], [14, 21], [12, 15], [26, 13], [24, 0]]}