{"meta": {"number_of_robots": 500, "description": {"parameters": {"seed": 3900, "shape": [50, 50], "obstacles": {"n": 0, "mean": 0, "std": 0.0}, "clusters": {"n": 0, "mean": 10, "std": 5.0, "relative_radius": 2, "increase_factor": 1.3, "start_dist": {"generator_name": "uniform", "shape": [50, 50], "min": 1.0, "max": 1.0, "mean": 1.0, "std": 0.0, "dtype": "float64", "parameters": {}}, "target_dist": {"generator_name": "uniform", "shape": [50, 50], "min": 1.0, "max": 1.0, "mean": 1.0, "std": 0.0, "dtype": "float64", "parameters": {}}}, "density": 0.2, "start_dist": {"generator_name": "uniform", "shape": [50, 50], "min": 1.0, "max": 1.0, "mean": 1.0, "std": 0.0, "dtype": "float64", "parameters": {}}, "target_dist": {"generator_name": "uniform", "shape": [50, 50], "min": 1.0, "max": 1.0, "mean": 1.0, "std": 0.0, "dtype": "float64", "parameters": {}}}, "stats": {"date": "2020-11-17", "free_area": 2500.0, "number_of_clustered_robots": 0, "number_of_robots": 500}}}, "name": "medium_free_005_50x50_20_500", "obstacles": [], "starts": [[10, 6], [1, 2], [39, 42], [4, 45], [29, 21], [34, 30], [25, 32], [32, 6], [10, 15], [19, 48], [8, 14], [42, 38], [48, 11], [18, 30], [1, 18], [15, 28], [29, 13], [44, 3], [22, 25], [29, 18], [25, 18], [29, 1], [7, 44], [32, 38], [41, 37], [35, 38], [12, 11], [47, 19], [31, 3], [19, 8], [49, 40], [40, 2], [23, 26], [20, 36], [36, 10], [43, 31], [10, 9], [24, 47], [27, 15], [0, 39], [11, 26], [14, 45], [24, 23], [11, 20], [30, 1], [24, 24], [24, 40], [11, 19], [10, 16], [48, 43], [18, 23], [20, 2], [21, 7], [48, 5], [23, 29], [0, 34], [41, 28], [42, 27], [7, 12], [39, 11], [32, 49], [0, 33], [29, 36], [48, 22], [29, 34], [1, 3], [20, 48], [33, 16], [21, 37], [31, 25], [12, 15], [15, 45], [6, 38], [44, 29], [12, 22], [41, 3], [34, 14], [20, 19], [27, 45], [25, 21], [47, 26], [17, 3], [28, 8], [31, 26], [46, 43], [7, 27], [31, 8], [13, 35], [9, 46], [43, 30], [42, 12], [31, 5], [8, 29], [36, 7], [8, 6], [5, 5], [19, 18], [1, 39], [6, 4], [47, 1], [32, 20], [33, 23], [34, 38], [39, 30], [7, 0], [44, 6], [13, 43], [49, 4], [45, 33], [9, 7], [35, 14], [17, 48], [23, 12], [28, 19], [8, 38], [47, 34], [27, 12], [24, 5], [35, 33], [49, 24], [30, 9], [39, 39], [4, 5], [44, 45], [21, 26], [48, 47], [19, 28], [35, 49], [18, 1], [27, 13], [25, 12], [39, 23], [39, 2], [6, 22], [38, 14], [17, 39], [38, 27], [6, 36], [29, 12], [38, 24], [14, 4], [31, 43], [35, 36], [49, 43], [4, 1], [28, 34], [11, 14], [33, 48], [23, 43], [26, 4], [41, 12], [43, 14], [0, 44], [10, 32], [22, 6], [11, 2], [8, 36], [16, 23], [5, 29], [40, 17], [7, 21], [39, 33], [0, 16], [17, 1], [6, 15], [30, 32], [33, 14], [2, 10], [22, 41], [26, 41], [10, 28], [41, 2], [28, 36], [30, 33], [45, 0], [36, 28], [2, 29], [13, 28], [0, 49], [24, 35], [17, 9], [30, 29], [42, 17], [22, 32], [15, 37], [14, 26], [37, 8], [24, 37], [16, 31], [36, 6], [22, 27], [25, 9], [0, 5], [30, 20], [37, 42], [7, 2], [39, 27], [18, 0], [1, 9], [4, 15], [34, 24], [15, 47], [30, 30], [4, 0], [18, 22], [8, 17], [29, 29], [32, 31], [38, 41], [29, 17], [22, 39], [48, 44], [47, 46], [27, 30], [44, 20], [11, 15], [42, 23], [17, 20], [41, 40], [28, 16], [1, 10], [44, 42], [4, 28], [35, 21], [18, 19], [24, 29], [33, 18], [26, 33], [46, 36], [12, 25], [41, 48], [8, 5], [16, 47], [21, 16], [2, 13], [18, 20], [8, 11], [29, 5], [8, 28], [5, 43], [19, 16], [12, 13], [35, 46], [44, 17], [6, 39], [48, 12], [47, 41], [4, 41], [7, 31], [37, 43], [12, 5], [18, 39], [21, 38], [5, 37], [34, 27], [30, 38], [13, 7], [14, 9], [31, 33], [39, 34], [1, 28], [24, 16], [20, 24], [41, 31], [15, 15], [15, 21], [0, 32], [49, 48], [45, 20], [17, 13], [47, 23], [29, 20], [22, 26], [45, 10], [33, 43], [45, 46], [43, 1], [34, 20], [4, 24], [19, 34], [17, 19], [35, 24], [41, 42], [25, 49], [47, 7], [9, 3], [45, 40], [23, 27], [35, 26], [4, 12], [16, 38], [28, 4], [35, 44], [7, 20], [19, 7], [42, 22], [27, 34], [9, 6], [0, 15], [30, 15], [27, 19], [8, 30], [7, 41], [17, 5], [44, 12], [18, 28], [29, 37], [6, 14], [18, 13], [19, 19], [34, 49], [37, 44], [34, 35], [11, 34], [26, 11], [4, 25], [38, 45], [35, 2], [27, 25], [41, 26], [9, 2], [11, 23], [3, 32], [3, 17], [2, 32], [37, 22], [18, 3], [2, 49], [39, 1], [4, 26], [43, 6], [2, 7], [32, 28], [36, 21], [33, 39], [10, 31], [44, 1], [11, 10], [30, 27], [45, 44], [11, 43], [19, 17], [36, 49], [18, 6], [14, 10], [39, 19], [42, 7], [34, 10], [27, 36], [18, 14], [35, 10], [23, 44], [23, 31], [43, 38], [5, 26], [45, 31], [24, 33], [33, 2], [46, 2], [5, 17], [38, 21], [45, 27], [31, 42], [40, 28], [7, 33], [19, 35], [34, 8], [31, 30], [33, 19], [36, 45], [13, 21], [46, 14], [22, 14], [10, 24], [39, 8], [30, 21], [48, 1], [26, 26], [14, 37], [42, 21], [6, 44], [25, 22], [8, 45], [40, 49], [7, 37], [33, 5], [33, 26], [18, 17], [30, 8], [37, 34], [12, 49], [31, 13], [41, 10], [27, 22], [18, 15], [40, 1], [21, 11], [49, 9], [39, 24], [30, 16], [49, 3], [8, 31], [20, 41], [22, 2], [39, 22], [32, 30], [7, 15], [26, 1], [32, 11], [38, 34], [3, 37], [20, 39], [31, 11], [26, 0], [24, 13], [32, 29], [13, 34], [27, 3], [48, 41], [30, 3], [1, 49], [7, 39], [16, 26], [22, 36], [39, 14], [4, 31], [2, 37], [1, 44], [49, 39], [41, 23], [14, 44], [6, 40], [5, 33], [12, 9], [6, 42], [7, 5], [22, 42], [1, 40], [29, 0], [19, 42], [19, 44], [33, 3], [36, 12], [29, 28], [23, 47], [1, 36], [38, 10], [23, 11], [30, 24], [16, 16], [8, 2], [19, 5], [47, 37], [7, 29], [25, 20], [4, 17], [44, 35], [31, 27], [14, 0], [30, 12], [38, 0], [38, 13], [45, 38], [17, 35], [43, 40], [45, 36], [13, 27], [48, 20], [4, 23], [30, 41], [22, 16], [27, 26], [22, 31], [6, 6], [7, 1], [8, 24], [10, 19], [38, 40], [16, 48], [34, 26], [13, 41], [24, 36], [47, 2], [0, 46], [43, 33], [27, 35], [1, 8], [26, 18], [28, 45], [34, 3], [45, 28], [36, 46], [15, 20], [5, 6], [13, 40], [1, 30], [21, 45], [3, 40], [43, 26], [14, 49]], "targets": [[20, 20], [31, 35], [8, 4], [22, 3], [10, 10], [31, 49], [27, 16], [17, 12], [19, 17], [22, 26], [7, 14], [22, 46], [18, 3], [36, 16], [32, 27], [34, 44], [0, 45], [22, 39], [25, 17], [38, 33], [2, 3], [17, 17], [30, 18], [16, 33], [17, 45], [17, 35], [8, 12], [17, 42], [6, 33], [21, 28], [24, 22], [28, 34], [12, 2], [34, 34], [41, 26], [47, 32], [33, 41], [33, 42], [35, 43], [14, 43], [5, 22], [14, 35], [41, 12], [16, 40], [4, 46], [4, 21], [31, 43], [35, 1], [7, 10], [36, 32], [45, 41], [6, 7], [0, 23], [33, 12], [31, 4], [5, 33], [37, 9], [12, 28], [15, 26], [48, 26], [35, 12], [25, 33], [34, 37], [13, 18], [3, 46], [42, 10], [49, 9], [48, 35], [12, 21], [39, 25], [11, 37], [14, 12], [22, 11], [2, 40], [46, 49], [18, 34], [4, 36], [4, 20], [49, 11], [39, 23], [13, 22], [48, 49], [18, 19], [5, 9], [31, 41], [32, 7], [33, 48], [9, 4], [42, 38], [44, 49], [30, 9], [39, 45], [44, 34], [38, 1], [38, 39], [46, 27], [48, 9], [0, 37], [36, 27], [17, 15], [47, 35], [3, 9], [25, 40], [36, 10], [2, 15], [30, 3], [9, 25], [12, 12], [27, 9], [6, 0], [18, 44], [27, 42], [48, 20], [45, 39], [41, 34], [44, 46], [23, 9], [43, 13], [4, 13], [48, 25], [16, 46], [8, 31], [42, 4], [39, 44], [27, 49], [39, 28], [10, 7], [39, 20], [29, 23], [0, 29], [38, 47], [31, 32], [20, 16], [37, 48], [4, 6], [20, 30], [45, 2], [46, 46], [27, 39], [39, 9], [15, 34], [6, 19], [37, 49], [35, 49], [9, 42], [17, 14], [11, 33], [5, 3], [17, 13], [47, 19], [35, 9], [6, 34], [8, 13], [11, 10], [20, 29], [19, 11], [44, 40], [30, 34], [23, 45], [28, 30], [7, 0], [8, 2], [25, 34], [46, 18], [26, 2], [46, 48], [16, 24], [30, 27], [22, 43], [18, 9], [49, 4], [10, 11], [15, 0], [9, 15], [3, 32], [46, 17], [36, 30], [11, 20], [0, 31], [15, 19], [10, 43], [32, 37], [7, 39], [43, 23], [28, 44], [0, 35], [5, 41], [30, 44], [33, 7], [45, 38], [41, 36], [19, 26], [30, 23], [13, 4], [43, 16], [2, 36], [22, 27], [22, 4], [12, 41], [28, 12], [15, 43], [18, 43], [22, 31], [43, 37], [20, 15], [32, 2], [31, 18], [0, 49], [49, 31], [5, 48], [23, 19], [24, 42], [24, 43], [29, 17], [19, 15], [16, 39], [41, 22], [45, 28], [5, 24], [41, 0], [45, 49], [21, 6], [35, 20], [14, 25], [3, 19], [42, 48], [13, 19], [49, 28], [13, 49], [43, 14], [35, 37], [27, 10], [1, 33], [13, 10], [25, 35], [9, 46], [15, 18], [13, 5], [8, 47], [1, 7], [5, 31], [6, 36], [23, 4], [27, 0], [16, 21], [11, 3], [35, 40], [39, 47], [35, 41], [22, 22], [38, 22], [3, 48], [1, 19], [18, 4], [18, 42], [36, 26], [39, 48], [42, 17], [36, 37], [18, 1], [32, 26], [4, 1], [14, 16], [6, 45], [24, 28], [34, 46], [20, 19], [2, 21], [8, 19], [2, 17], [37, 26], [32, 29], [29, 4], [35, 24], [10, 45], [37, 37], [0, 43], [22, 10], [28, 48], [34, 8], [21, 46], [17, 33], [18, 46], [27, 33], [10, 32], [35, 35], [34, 26], [16, 49], [30, 30], [33, 39], [47, 16], [24, 41], [25, 29], [1, 16], [19, 10], [38, 42], [14, 18], [41, 19], [19, 43], [46, 42], [22, 35], [2, 26], [38, 15], [42, 6], [31, 19], [5, 10], [20, 32], [32, 38], [33, 11], [33, 26], [13, 36], [6, 44], [41, 7], [7, 38], [43, 21], [25, 11], [39, 5], [1, 30], [36, 1], [15, 21], [46, 40], [18, 18], [15, 12], [45, 19], [14, 30], [15, 23], [46, 38], [42, 22], [45, 22], [44, 27], [30, 11], [40, 24], [21, 19], [13, 48], [36, 6], [2, 9], [7, 48], [3, 45], [49, 23], [26, 44], [28, 20], [34, 29], [42, 27], [39, 15], [34, 16], [7, 47], [23, 37], [40, 37], [21, 0], [27, 27], [42, 13], [29, 14], [48, 21], [9, 20], [37, 21], [34, 36], [26, 5], [4, 37], [31, 45], [16, 14], [32, 39], [20, 31], [25, 19], [30, 16], [19, 37], [26, 38], [28, 39], [46, 12], [48, 30], [29, 40], [10, 39], [9, 2], [3, 43], [21, 33], [6, 43], [24, 20], [46, 10], [33, 13], [16, 41], [0, 32], [24, 29], [20, 27], [32, 34], [3, 24], [45, 45], [3, 42], [29, 41], [19, 19], [25, 47], [38, 17], [22, 1], [47, 4], [15, 41], [37, 17], [13, 41], [47, 37], [21, 14], [31, 26], [10, 18], [23, 8], [1, 22], [14, 19], [10, 3], [18, 21], [4, 27], [15, 38], [27, 40], [11, 2], [4, 18], [32, 28], [15, 3], [13, 26], [48, 4], [19, 31], [0, 3], [30, 10], [27, 20], [1, 49], [12, 32], [43, 29], [22, 16], [14, 20], [43, 43], [15, 27], [38, 31], [28, 41], [28, 31], [1, 8], [27, 38], [41, 11], [15, 1], [7, 18], [0, 2], [47, 39], [32, 33], [46, 32], [30, 12], [29, 5], [27, 12], [8, 32], [17, 10], [8, 14], [3, 33], [42, 20], [37, 1], [1, 15], [29, 33], [47, 47], [24, 2], [21, 41], [38, 19], [47, 22], [3, 5], [29, 3], [42, 12], [19, 32], [13, 42], [37, 45], [28, 40], [15, 32], [19, 35], [4, 30], [17, 7], [9, 30], [40, 22], [28, 45], [9, 17], [16, 3], [21, 24], [37, 44], [30, 40], [4, 26], [30, 14], [38, 36], [14, 0], [49, 38], [39, 32], [24, 35], [31, 23], [25, 43], [18, 49], [33, 3], [34, 38], [7, 16], [3, 0], [40, 28], [23, 26], [44, 31], [33, 0], [34, 32], [36, 41], [29, 34], [17, 48], [23, 31], [33, 36], [5, 17], [23, 18], [23, 32], [26, 13], [15, 33]]}