{"meta": {"number_of_robots": 726, "description": {"parameters": {"seed": 2372, "shape": [40, 40], "obstacles": {"n": 10, "mean": 15, "std": 7.5}, "clusters": {"n": 0, "mean": 10, "std": 5.0, "relative_radius": 2, "increase_factor": 1.3, "start_dist": {"generator_name": "uniform", "shape": [40, 40], "min": 1.0, "max": 1.0, "mean": 1.0, "std": 0.0, "dtype": "float64", "parameters": {}}, "target_dist": {"generator_name": "uniform", "shape": [40, 40], "min": 1.0, "max": 1.0, "mean": 1.0, "std": 0.0, "dtype": "float64", "parameters": {}}}, "density": 0.9, "start_dist": {"generator_name": "uniform", "shape": [40, 40], "min": 1.0, "max": 1.0, "mean": 1.0, "std": 0.0, "dtype": "float64", "parameters": {}}, "target_dist": {"generator_name": "uniform", "shape": [40, 40], "min": 1.0, "max": 1.0, "mean": 1.0, "std": 0.0, "dtype": "float64", "parameters": {}}}, "stats": {"date": "2020-11-17", "free_area": 806.0, "number_of_clustered_robots": 0, "number_of_robots": 726}}}, "name": "medium_010_40x40_90_726", "obstacles": [[1, 9], [1, 10], [1, 11], [1, 12], [1, 13], [1, 14], [1, 15], [1, 16], [1, 17], [1, 18], [1, 19], [1, 20], [1, 21], [1, 22], [1, 23], [2, 9], [2, 23], [3, 9], [3, 23], [4, 9], [4, 23], [5, 9], [5, 23], [6, 5], [6, 6], [6, 7], [6, 8], [6, 24], [6, 25], [7, 5], [7, 25], [8, 5], [8, 25], [9, 2], [9, 3], [9, 4], [9, 26], [9, 27], [10, 2], [10, 28], [10, 29], [10, 30], [10, 31], [10, 32], [10, 33], [10, 34], [10, 35], [11, 2], [11, 35], [12, 2], [12, 35], [13, 2], [13, 35], [14, 2], [14, 3], [14, 4], [14, 5], [14, 6], [14, 7], [14, 8], [14, 35], [15, 9], [15, 35], [16, 9], [16, 35], [17, 9], [17, 35], [18, 9], [18, 35], [19, 9], [19, 35], [20, 9], [20, 35], [21, 9], [21, 35], [22, 9], [22, 35], [23, 9], [23, 33], [23, 34], [23, 35], [24, 9], [24, 10], [24, 11], [24, 12], [24, 13], [24, 14], [24, 32], [25, 15], [25, 32], [26, 15], [26, 32], [27, 15], [27, 32], [28, 15], [28, 32], [29, 15], [29, 32], [30, 15], [30, 32], [31, 15], [31, 32], [32, 15], [32, 32], [33, 15], [33, 32], [34, 15], [34, 16], [34, 17], [34, 18], [34, 19], [34, 20], [34, 21], [34, 22], [34, 23], [34, 24], [34, 25], [34, 26], [34, 27], [34, 28], [34, 29], [34, 30], [34, 31], [34, 32], [37, 0], [37, 1], [37, 2], [37, 3], [37, 4], [37, 5], [37, 6], [37, 7], [37, 8], [37, 9], [37, 10], [37, 11], [37, 12]], "starts": [[36, 39], [4, 36], [5, 24], [22, 5], [32, 39], [22, 7], [0, 25], [4, 29], [30, 39], [39, 38], [37, 15], [26, 35], [36, 2], [25, 34], [27, 10], [27, 6], [38, 10], [2, 26], [8, 38], [28, 38], [35, 15], [39, 17], [38, 22], [37, 13], [28, 37], [24, 39], [6, 34], [19, 6], [29, 5], [31, 36], [18, 0], [22, 0], [3, 25], [8, 30], [3, 36], [6, 36], [25, 35], [6, 26], [25, 8], [35, 29], [34, 12], [36, 8], [39, 32], [35, 1], [9, 29], [18, 39], [16, 0], [16, 2], [1, 35], [0, 32], [8, 3], [22, 36], [7, 37], [2, 27], [28, 8], [33, 5], [31, 35], [5, 27], [1, 31], [30, 5], [19, 36], [25, 14], [34, 2], [22, 39], [1, 8], [2, 4], [35, 22], [5, 38], [24, 35], [39, 12], [39, 26], [9, 37], [5, 37], [3, 29], [9, 33], [28, 2], [36, 9], [14, 38], [33, 8], [14, 37], [38, 4], [10, 1], [0, 33], [26, 34], [1, 0], [38, 5], [27, 39], [39, 30], [26, 9], [7, 33], [27, 14], [38, 18], [27, 9], [2, 38], [0, 0], [21, 7], [37, 27], [25, 2], [13, 0], [17, 37], [2, 25], [23, 2], [27, 3], [35, 19], [19, 7], [6, 39], [1, 38], [39, 36], [19, 38], [15, 1], [4, 7], [26, 5], [26, 39], [4, 4], [29, 34], [15, 36], [3, 33], [3, 30], [25, 37], [30, 33], [39, 19], [2, 1], [2, 34], [29, 36], [14, 39], [8, 35], [35, 31], [7, 29], [1, 1], [0, 23], [5, 39], [30, 2], [37, 34], [38, 38], [11, 37], [26, 10], [7, 30], [23, 0], [31, 5], [16, 4], [35, 3], [4, 30], [32, 5], [3, 38], [33, 0], [27, 4], [33, 36], [29, 6], [31, 2], [39, 7], [24, 1], [35, 13], [39, 35], [22, 6], [27, 5], [39, 33], [34, 3], [28, 13], [5, 29], [39, 29], [4, 37], [38, 36], [19, 0], [29, 11], [25, 5], [33, 33], [25, 36], [25, 6], [0, 10], [17, 5], [39, 22], [3, 32], [17, 2], [24, 3], [39, 39], [9, 30], [3, 8], [35, 17], [4, 5], [32, 37], [34, 7], [38, 0], [32, 1], [24, 33], [32, 14], [35, 7], [0, 14], [25, 0], [33, 38], [7, 3], [3, 3], [24, 4], [34, 8], [36, 22], [20, 38], [35, 0], [25, 13], [37, 17], [36, 3], [2, 32], [10, 39], [32, 9], [26, 0], [1, 24], [2, 29], [35, 36], [0, 19], [0, 17], [35, 20], [11, 39], [39, 21], [29, 9], [19, 2], [4, 32], [39, 23], [3, 35], [16, 5], [5, 32], [36, 32], [38, 6], [32, 8], [36, 20], [38, 19], [4, 31], [4, 3], [0, 34], [15, 6], [21, 38], [35, 6], [20, 0], [31, 0], [29, 2], [27, 11], [0, 36], [39, 15], [20, 36], [28, 0], [4, 28], [31, 8], [29, 10], [38, 35], [28, 33], [0, 18], [5, 4], [24, 38], [34, 0], [23, 1], [28, 39], [31, 33], [7, 2], [35, 39], [2, 5], [30, 37], [26, 6], [35, 5], [34, 38], [6, 30], [24, 0], [26, 37], [14, 0], [26, 7], [9, 38], [0, 37], [11, 0], [33, 11], [15, 38], [36, 26], [33, 7], [26, 4], [30, 1], [23, 37], [3, 27], [27, 1], [26, 2], [0, 6], [34, 11], [2, 6], [4, 25], [18, 4], [34, 10], [39, 24], [27, 33], [26, 11], [30, 0], [16, 39], [39, 0], [22, 1], [6, 33], [35, 21], [36, 10], [26, 36], [35, 32], [29, 3], [36, 15], [38, 2], [2, 3], [38, 29], [39, 8], [37, 29], [5, 33], [34, 39], [38, 32], [29, 1], [21, 39], [17, 4], [5, 8], [39, 14], [1, 33], [36, 35], [36, 27], [35, 12], [37, 28], [34, 36], [31, 13], [6, 0], [37, 22], [8, 29], [38, 17], [39, 34], [30, 14], [34, 34], [33, 10], [32, 33], [24, 36], [18, 6], [36, 23], [4, 26], [16, 3], [30, 8], [25, 33], [16, 6], [18, 37], [30, 3], [27, 36], [17, 6], [17, 0], [37, 20], [37, 19], [18, 1], [38, 27], [1, 4], [15, 37], [31, 12], [1, 28], [35, 34], [36, 16], [18, 8], [6, 37], [20, 4], [33, 9], [13, 39], [29, 38], [2, 37], [30, 4], [2, 8], [37, 25], [0, 27], [1, 39], [36, 28], [8, 27], [7, 1], [20, 37], [5, 36], [11, 1], [32, 12], [34, 14], [32, 0], [21, 0], [39, 28], [33, 4], [10, 0], [5, 1], [28, 9], [5, 26], [6, 32], [3, 28], [37, 18], [24, 6], [9, 32], [38, 13], [35, 2], [25, 12], [12, 37], [20, 7], [0, 2], [28, 7], [2, 36], [29, 14], [30, 34], [26, 1], [6, 28], [30, 13], [39, 31], [28, 10], [27, 7], [36, 19], [10, 38], [1, 5], [17, 1], [7, 38], [3, 4], [0, 31], [4, 8], [25, 38], [35, 10], [0, 5], [31, 39], [38, 39], [21, 1], [31, 9], [27, 2], [5, 28], [12, 1], [7, 34], [27, 8], [39, 37], [38, 30], [0, 3], [29, 0], [31, 7], [39, 3], [8, 2], [38, 21], [39, 13], [33, 14], [13, 37], [12, 36], [0, 7], [20, 1], [28, 36], [38, 34], [2, 2], [3, 31], [38, 28], [0, 29], [19, 4], [32, 13], [21, 2], [5, 7], [7, 39], [0, 11], [3, 24], [37, 30], [31, 1], [16, 8], [21, 8], [4, 39], [1, 29], [38, 3], [6, 4], [9, 39], [30, 11], [0, 21], [0, 30], [25, 1], [23, 38], [21, 37], [0, 39], [0, 38], [1, 3], [30, 9], [3, 37], [36, 1], [37, 37], [12, 39], [8, 32], [15, 4], [38, 37], [8, 36], [18, 36], [35, 18], [36, 18], [32, 4], [28, 6], [29, 37], [2, 7], [22, 4], [20, 2], [36, 4], [36, 7], [38, 12], [0, 26], [37, 33], [25, 4], [25, 10], [9, 0], [31, 37], [31, 6], [31, 4], [29, 13], [7, 4], [16, 37], [37, 16], [38, 24], [26, 14], [26, 3], [23, 5], [5, 0], [38, 8], [29, 35], [6, 35], [33, 37], [3, 6], [38, 23], [35, 24], [0, 16], [35, 35], [29, 7], [36, 5], [26, 33], [4, 1], [3, 26], [36, 29], [9, 36], [8, 1], [35, 4], [34, 37], [0, 35], [7, 0], [35, 26], [35, 11], [19, 37], [38, 25], [39, 5], [31, 3], [2, 31], [32, 11], [39, 10], [24, 8], [31, 10], [5, 2], [5, 31], [39, 25], [38, 20], [4, 35], [25, 39], [19, 8], [4, 24], [37, 21], [20, 6], [34, 4], [31, 38], [7, 26], [36, 38], [35, 37], [6, 38], [31, 34], [0, 9], [35, 8], [38, 7], [39, 2], [33, 35], [28, 11], [0, 28], [35, 28], [36, 30], [0, 15], [2, 30], [21, 5], [10, 36], [3, 5], [37, 39], [28, 35], [15, 0], [32, 2], [30, 38], [9, 35], [2, 33], [26, 8], [5, 25], [28, 3], [2, 28], [0, 20], [36, 21], [38, 33], [31, 11], [35, 25], [32, 6], [30, 7], [36, 31], [5, 5], [32, 10], [34, 5], [15, 3], [35, 30], [13, 36], [34, 33], [30, 6], [36, 17], [4, 34], [36, 34], [32, 38], [28, 1], [17, 3], [5, 6], [22, 8], [1, 2], [35, 33], [29, 4], [2, 24], [9, 31], [39, 16], [38, 15], [39, 6], [10, 37], [33, 6], [2, 35], [35, 23], [15, 7], [16, 7], [35, 9], [28, 12], [36, 12], [38, 14], [29, 39], [7, 27], [0, 24], [39, 18], [16, 1], [34, 1], [12, 38], [24, 2], [32, 36], [1, 32], [14, 36], [37, 23], [13, 38], [1, 27], [14, 1], [0, 1], [15, 8], [21, 6], [1, 36], [11, 36], [17, 36], [8, 0], [38, 31], [8, 28], [33, 2], [24, 37], [1, 30], [4, 27], [36, 25], [3, 39], [16, 38], [18, 5], [4, 38], [22, 38], [22, 37], [17, 39], [39, 11], [6, 2], [24, 34], [21, 36], [19, 39], [28, 4], [26, 13], [0, 8], [13, 1], [23, 8], [35, 14], [18, 7], [35, 27], [23, 3], [8, 34], [37, 38], [1, 34], [17, 38], [28, 34], [27, 35], [5, 34], [6, 29], [0, 4], [22, 3], [28, 5], [26, 38], [16, 36], [19, 5], [7, 31], [30, 35], [11, 38], [8, 31], [39, 20], [37, 26], [20, 8], [32, 35], [5, 30], [34, 9], [38, 1], [20, 3], [23, 4], [18, 2], [3, 0], [19, 1], [37, 36], [8, 33], [39, 1], [38, 16], [8, 4], [7, 28], [17, 8], [0, 12], [23, 6], [35, 16], [4, 33], [6, 1], [15, 5], [3, 7], [1, 26], [29, 12], [36, 37], [37, 31], [8, 26], [37, 24], [36, 0], [37, 14], [33, 3], [34, 35], [23, 39], [5, 35], [7, 35], [28, 14], [33, 34], [23, 7], [1, 7], [33, 1]], "targets": [[30, 7], [28, 1], [35, 14], [4, 30], [0, 23], [4, 34], [17, 39], [27, 35], [33, 5], [37, 34], [29, 13], [6, 30], [27, 1], [21, 38], [23, 8], [16, 6], [37, 27], [36, 34], [27, 36], [30, 13], [39, 10], [3, 39], [38, 22], [0, 7], [39, 37], [28, 0], [24, 39], [35, 27], [38, 27], [9, 1], [37, 29], [0, 39], [5, 32], [3, 38], [3, 36], [35, 39], [34, 7], [18, 3], [38, 25], [38, 4], [25, 8], [2, 26], [28, 11], [29, 3], [35, 17], [33, 10], [38, 8], [31, 38], [20, 4], [27, 12], [37, 14], [8, 2], [29, 6], [3, 32], [36, 11], [7, 29], [18, 0], [30, 35], [3, 4], [2, 34], [25, 38], [23, 39], [21, 5], [15, 6], [39, 2], [6, 3], [32, 37], [32, 38], [20, 0], [25, 12], [32, 14], [16, 38], [17, 5], [34, 11], [8, 33], [21, 39], [35, 7], [36, 10], [3, 3], [19, 38], [11, 36], [36, 6], [34, 33], [3, 5], [24, 0], [26, 39], [9, 33], [2, 1], [33, 37], [36, 3], [20, 5], [21, 2], [22, 39], [1, 29], [36, 0], [39, 11], [6, 1], [26, 0], [20, 36], [18, 38], [1, 33], [35, 24], [37, 23], [8, 38], [37, 26], [0, 33], [27, 9], [30, 10], [24, 36], [3, 30], [24, 37], [35, 15], [37, 39], [22, 3], [15, 38], [18, 5], [39, 15], [8, 30], [3, 28], [35, 16], [33, 7], [8, 31], [24, 3], [39, 27], [16, 37], [35, 37], [1, 4], [4, 4], [5, 25], [39, 17], [27, 5], [25, 37], [23, 3], [8, 27], [13, 39], [0, 21], [25, 6], [17, 36], [10, 38], [8, 3], [5, 35], [39, 0], [38, 20], [12, 38], [4, 24], [1, 30], [29, 37], [12, 37], [5, 30], [2, 30], [11, 38], [22, 2], [0, 9], [22, 36], [21, 36], [37, 13], [0, 12], [4, 31], [36, 22], [38, 17], [2, 2], [6, 0], [5, 5], [0, 28], [19, 5], [0, 11], [7, 38], [20, 7], [11, 0], [17, 0], [35, 5], [15, 2], [36, 23], [39, 34], [26, 4], [39, 18], [1, 0], [4, 39], [18, 37], [26, 5], [7, 31], [7, 26], [39, 28], [26, 12], [19, 37], [25, 13], [35, 38], [35, 8], [30, 2], [5, 29], [20, 38], [32, 12], [35, 10], [16, 36], [22, 6], [7, 34], [16, 39], [37, 36], [34, 3], [36, 24], [36, 29], [5, 1], [4, 37], [36, 21], [39, 35], [8, 32], [26, 35], [36, 15], [20, 8], [28, 6], [0, 27], [5, 37], [39, 14], [39, 16], [15, 39], [0, 14], [8, 1], [29, 33], [7, 30], [37, 15], [39, 1], [5, 39], [3, 27], [34, 0], [25, 3], [26, 10], [0, 25], [6, 2], [33, 38], [21, 6], [24, 8], [8, 37], [23, 6], [4, 2], [26, 33], [19, 4], [2, 36], [9, 38], [17, 4], [37, 35], [6, 32], [33, 12], [1, 38], [5, 27], [15, 3], [9, 34], [4, 28], [27, 10], [28, 12], [26, 9], [3, 1], [9, 35], [5, 3], [27, 14], [1, 39], [20, 1], [24, 1], [4, 33], [23, 4], [32, 11], [27, 8], [0, 35], [1, 26], [37, 33], [36, 18], [1, 34], [28, 7], [16, 4], [36, 9], [33, 2], [20, 39], [6, 38], [39, 29], [5, 34], [0, 26], [9, 29], [7, 32], [30, 33], [12, 39], [14, 37], [11, 37], [5, 38], [30, 11], [33, 11], [38, 0], [9, 28], [3, 8], [1, 8], [31, 39], [6, 31], [6, 29], [32, 33], [22, 1], [6, 35], [14, 1], [4, 32], [38, 1], [7, 3], [16, 2], [13, 38], [27, 37], [6, 4], [7, 36], [38, 26], [17, 7], [25, 14], [29, 0], [26, 36], [1, 7], [5, 33], [23, 2], [35, 19], [27, 3], [30, 12], [39, 5], [37, 28], [36, 14], [24, 33], [39, 13], [31, 1], [38, 24], [37, 38], [21, 3], [7, 1], [29, 4], [31, 33], [29, 38], [8, 36], [24, 7], [29, 36], [38, 2], [5, 0], [32, 8], [2, 31], [38, 16], [32, 10], [36, 17], [0, 0], [29, 1], [35, 36], [23, 7], [1, 35], [16, 5], [33, 34], [35, 21], [31, 2], [38, 36], [26, 7], [28, 37], [38, 18], [26, 1], [2, 37], [38, 12], [39, 19], [25, 2], [2, 32], [38, 7], [0, 18], [4, 35], [33, 3], [14, 38], [29, 35], [32, 4], [4, 7], [11, 39], [2, 35], [36, 16], [34, 4], [1, 6], [12, 1], [39, 38], [39, 20], [1, 2], [26, 6], [5, 4], [30, 6], [27, 4], [34, 12], [36, 31], [3, 26], [30, 0], [10, 36], [35, 35], [20, 6], [7, 28], [35, 4], [0, 4], [27, 34], [3, 0], [10, 1], [17, 2], [21, 8], [7, 39], [24, 35], [33, 14], [29, 39], [39, 36], [25, 7], [0, 38], [17, 1], [28, 5], [4, 3], [25, 1], [20, 37], [15, 8], [9, 39], [34, 35], [23, 38], [8, 39], [37, 24], [16, 0], [32, 0], [0, 5], [1, 31], [28, 14], [32, 34], [2, 5], [35, 0], [0, 1], [5, 2], [0, 29], [13, 1], [3, 2], [0, 31], [31, 5], [38, 14], [22, 8], [7, 33], [30, 4], [0, 22], [37, 31], [2, 7], [31, 12], [25, 33], [28, 9], [30, 34], [3, 34], [13, 36], [39, 7], [38, 34], [3, 25], [28, 38], [39, 6], [19, 7], [25, 34], [28, 36], [2, 38], [31, 7], [18, 36], [1, 27], [32, 5], [16, 3], [37, 37], [35, 12], [28, 13], [34, 38], [1, 5], [31, 35], [2, 28], [25, 36], [8, 4], [37, 32], [32, 7], [37, 20], [18, 8], [35, 28], [39, 21], [19, 3], [8, 29], [8, 28], [22, 4], [35, 13], [32, 35], [23, 37], [35, 31], [28, 35], [21, 7], [14, 36], [4, 8], [10, 0], [7, 2], [31, 10], [25, 5], [11, 1], [37, 16], [7, 37], [30, 39], [4, 36], [22, 5], [2, 8], [10, 37], [39, 3], [16, 7], [22, 37], [26, 38], [36, 4], [19, 39], [26, 11], [29, 10], [18, 2], [0, 13], [27, 13], [6, 26], [18, 4], [34, 6], [5, 8], [39, 25], [3, 6], [2, 24], [26, 3], [36, 38], [5, 36], [30, 8], [25, 4], [34, 37], [35, 18], [28, 2], [28, 3], [31, 34], [39, 22], [31, 36], [27, 7], [33, 6], [28, 8], [38, 15], [34, 14], [21, 37], [35, 25], [5, 7], [32, 39], [2, 25], [26, 8], [26, 34], [19, 2], [29, 11], [31, 4], [25, 39], [15, 4], [39, 8], [0, 17], [7, 4], [3, 24], [30, 3], [38, 28], [2, 3], [35, 1], [0, 8], [31, 0], [39, 12], [36, 27], [0, 24], [22, 0], [36, 28], [32, 13], [33, 13], [35, 29], [0, 34], [36, 35], [27, 38], [0, 32], [29, 12], [39, 32], [36, 39], [27, 39], [32, 3], [4, 29], [4, 25], [36, 13], [24, 6], [29, 5], [37, 21], [15, 0], [0, 37], [39, 9], [36, 26], [4, 1], [2, 33], [19, 6], [1, 1], [9, 0], [30, 1], [39, 39], [38, 5], [1, 36], [30, 37], [20, 3], [35, 22], [24, 4], [36, 5], [36, 20], [24, 5], [30, 9], [25, 10], [0, 16], [6, 28], [28, 34], [38, 35], [14, 0], [4, 5], [2, 4], [39, 33], [38, 10], [36, 37], [17, 8], [19, 36], [35, 2], [6, 39], [36, 33], [30, 36], [31, 8], [16, 8], [34, 9], [1, 37], [27, 6], [24, 38], [38, 3], [15, 7], [0, 3], [32, 1], [32, 36], [28, 10], [9, 31], [35, 3], [34, 5], [34, 34], [38, 21], [9, 36], [18, 6], [6, 34], [38, 31], [39, 4], [36, 8], [28, 33], [36, 25], [29, 14], [39, 26], [18, 39], [33, 1], [8, 26], [0, 6], [26, 13], [1, 32], [26, 14], [3, 7], [0, 36], [35, 32], [6, 36], [38, 9], [19, 1], [32, 6], [23, 36], [39, 31], [35, 6], [38, 29], [33, 39], [36, 1], [10, 39], [17, 38], [23, 5], [38, 30], [31, 11], [38, 6], [18, 7], [38, 37], [32, 9], [38, 33], [38, 13], [30, 14], [38, 11], [23, 0], [29, 8], [27, 11], [36, 7], [29, 7], [3, 31], [2, 29], [29, 2], [35, 20], [36, 12], [37, 17], [33, 8], [36, 30], [30, 38], [21, 1], [37, 30], [36, 36], [1, 24], [2, 39], [34, 36], [33, 36], [19, 0], [34, 10], [33, 33], [37, 18], [0, 19], [21, 0], [15, 1], [27, 2], [26, 2], [35, 30], [13, 37], [35, 33], [16, 1], [8, 0], [15, 36], [3, 37], [3, 35], [37, 19], [0, 15], [36, 2], [9, 30], [34, 8], [36, 19], [38, 23], [7, 0], [36, 32], [35, 23], [31, 3], [1, 3], [34, 39], [28, 4], [24, 34], [31, 6], [38, 19], [31, 14], [2, 6]]}