{"meta": {"number_of_robots": 800, "description": {"parameters": {"seed": 5546, "shape": [40, 40], "obstacles": {"n": 0, "mean": 0, "std": 0.0}, "clusters": {"n": 7, "mean": 10, "std": 5.0, "relative_radius": 2, "increase_factor": 1.3, "start_dist": {"generator_name": "uniform", "shape": [40, 40], "min": 1.0, "max": 1.0, "mean": 1.0, "std": 0.0, "dtype": "float64", "parameters": {}}, "target_dist": {"generator_name": "uniform", "shape": [40, 40], "min": 1.0, "max": 1.0, "mean": 1.0, "std": 0.0, "dtype": "float64", "parameters": {}}}, "density": 0.5, "start_dist": {"generator_name": "uniform", "shape": [40, 40], "min": 1.0, "max": 1.0, "mean": 1.0, "std": 0.0, "dtype": "float64", "parameters": {}}, "target_dist": {"generator_name": "uniform", "shape": [40, 40], "min": 1.0, "max": 1.0, "mean": 1.0, "std": 0.0, "dtype": "float64", "parameters": {}}}, "stats": {"date": "2020-11-17", "free_area": 1600.0, "number_of_clustered_robots": 79, "number_of_robots": 800}}}, "name": "medium_free_009_40x40_50_800", "obstacles": [], "starts": [[6, 8], [34, 17], [3, 5], [29, 20], [9, 32], [22, 13], [36, 11], [29, 1], [34, 24], [24, 9], [9, 28], [26, 10], [5, 0], [33, 22], [32, 18], [34, 4], [28, 17], [9, 26], [35, 22], [34, 2], [5, 5], [28, 8], [28, 20], [22, 9], [13, 31], [34, 21], [30, 6], [9, 2], [29, 24], [23, 14], [28, 4], [12, 28], [31, 20], [32, 6], [6, 1], [24, 15], [33, 18], [28, 6], [32, 19], [14, 32], [32, 3], [4, 6], [11, 3], [31, 19], [21, 17], [34, 7], [8, 27], [29, 22], [35, 16], [34, 5], [22, 17], [4, 3], [36, 7], [36, 23], [15, 28], [27, 13], [29, 7], [35, 19], [7, 1], [33, 19], [31, 3], [16, 33], [36, 24], [27, 12], [32, 2], [6, 2], [34, 6], [36, 22], [14, 26], [27, 11], [33, 16], [29, 11], [28, 27], [3, 3], [32, 1], [12, 27], [27, 14], [34, 26], [31, 2], [21, 1], [10, 26], [28, 12], [20, 18], [10, 39], [9, 19], [0, 24], [22, 31], [17, 6], [4, 18], [5, 2], [9, 22], [15, 30], [8, 31], [8, 4], [35, 1], [6, 37], [20, 15], [6, 32], [35, 31], [20, 13], [9, 20], [28, 14], [24, 25], [8, 17], [27, 24], [9, 30], [27, 16], [9, 25], [14, 37], [2, 25], [22, 32], [31, 29], [11, 16], [37, 34], [27, 8], [23, 37], [11, 12], [14, 13], [23, 39], [2, 23], [30, 14], [35, 15], [38, 32], [4, 30], [38, 39], [9, 12], [11, 31], [34, 18], [29, 32], [10, 0], [22, 4], [28, 33], [33, 9], [11, 37], [22, 37], [23, 16], [2, 26], [30, 20], [3, 30], [16, 3], [3, 31], [29, 2], [0, 21], [11, 36], [13, 24], [10, 22], [15, 8], [13, 36], [26, 5], [8, 23], [39, 9], [6, 18], [9, 36], [25, 33], [37, 30], [29, 31], [18, 4], [29, 37], [36, 33], [39, 2], [20, 33], [13, 38], [18, 13], [10, 20], [4, 33], [35, 34], [31, 36], [21, 12], [28, 1], [15, 4], [28, 31], [5, 24], [23, 29], [9, 13], [14, 9], [19, 17], [15, 19], [28, 24], [18, 8], [25, 25], [34, 3], [6, 6], [8, 7], [35, 10], [12, 35], [36, 12], [18, 20], [6, 9], [33, 29], [10, 34], [23, 31], [31, 31], [38, 28], [19, 10], [36, 14], [11, 15], [30, 23], [3, 24], [22, 0], [25, 16], [0, 2], [24, 7], [5, 7], [15, 18], [36, 39], [20, 7], [22, 29], [22, 3], [33, 21], [25, 30], [4, 26], [1, 31], [38, 25], [25, 32], [6, 27], [38, 20], [15, 11], [7, 11], [39, 0], [16, 14], [17, 35], [18, 15], [34, 31], [20, 34], [0, 15], [22, 14], [34, 36], [9, 24], [24, 30], [24, 16], [23, 32], [5, 11], [31, 16], [10, 4], [34, 33], [21, 9], [10, 37], [20, 35], [7, 12], [8, 38], [0, 5], [21, 0], [28, 37], [34, 11], [2, 1], [2, 31], [21, 5], [32, 13], [6, 29], [26, 6], [33, 24], [8, 22], [28, 2], [9, 34], [1, 37], [31, 5], [4, 0], [2, 15], [19, 38], [27, 18], [5, 35], [37, 9], [3, 7], [13, 3], [6, 30], [5, 39], [34, 28], [15, 2], [15, 21], [36, 13], [23, 1], [21, 16], [5, 21], [39, 19], [18, 0], [16, 39], [8, 0], [27, 0], [31, 11], [26, 39], [17, 14], [13, 34], [24, 8], [18, 22], [29, 27], [4, 36], [24, 27], [3, 11], [12, 21], [9, 17], [20, 16], [34, 14], [16, 4], [14, 39], [23, 6], [37, 37], [39, 1], [12, 20], [5, 18], [26, 14], [24, 36], [26, 20], [17, 36], [26, 36], [6, 38], [32, 31], [0, 38], [5, 19], [8, 11], [5, 12], [5, 15], [1, 9], [13, 15], [12, 32], [11, 1], [26, 33], [17, 23], [4, 27], [30, 5], [30, 27], [25, 5], [23, 17], [27, 35], [17, 20], [4, 32], [29, 6], [12, 14], [24, 31], [25, 34], [35, 26], [29, 19], [35, 37], [32, 29], [13, 16], [33, 35], [18, 37], [24, 1], [6, 11], [9, 27], [33, 37], [10, 33], [7, 29], [6, 0], [14, 36], [35, 21], [20, 10], [20, 8], [14, 16], [25, 21], [8, 37], [3, 35], [34, 39], [10, 9], [19, 27], [12, 24], [18, 29], [17, 31], [31, 15], [15, 15], [9, 1], [35, 2], [28, 21], [33, 8], [33, 0], [3, 22], [36, 25], [12, 23], [16, 7], [10, 13], [16, 28], [0, 29], [22, 22], [6, 7], [2, 27], [0, 16], [19, 1], [7, 28], [18, 28], [13, 0], [30, 15], [27, 7], [31, 7], [22, 6], [5, 36], [20, 37], [24, 10], [38, 30], [25, 26], [20, 6], [37, 32], [25, 35], [19, 25], [11, 25], [2, 16], [24, 11], [5, 25], [27, 38], [1, 32], [32, 12], [12, 12], [27, 34], [35, 6], [17, 4], [30, 24], [38, 18], [31, 33], [29, 4], [3, 6], [11, 5], [2, 0], [37, 16], [33, 27], [1, 25], [26, 9], [18, 36], [39, 4], [39, 27], [29, 26], [24, 13], [38, 19], [11, 6], [36, 5], [2, 10], [39, 16], [19, 16], [35, 8], [8, 3], [30, 0], [6, 22], [32, 0], [0, 26], [10, 31], [3, 14], [4, 21], [14, 6], [13, 11], [20, 36], [28, 26], [22, 16], [19, 11], [37, 11], [2, 24], [36, 2], [17, 24], [21, 2], [30, 7], [38, 1], [31, 17], [24, 23], [17, 39], [15, 23], [26, 28], [37, 10], [34, 16], [11, 26], [35, 11], [37, 2], [0, 9], [23, 35], [2, 13], [4, 10], [14, 24], [31, 0], [11, 4], [26, 25], [34, 35], [10, 28], [8, 13], [15, 10], [30, 9], [12, 11], [1, 22], [4, 19], [17, 30], [14, 15], [10, 29], [1, 33], [24, 32], [28, 34], [1, 6], [8, 20], [37, 7], [36, 4], [13, 39], [22, 36], [23, 13], [14, 28], [29, 0], [10, 27], [35, 12], [20, 1], [26, 24], [13, 33], [29, 5], [10, 23], [13, 13], [34, 34], [4, 37], [39, 35], [4, 9], [26, 4], [29, 13], [12, 31], [13, 9], [35, 24], [25, 1], [22, 18], [36, 10], [15, 27], [3, 29], [17, 34], [0, 8], [17, 17], [22, 11], [17, 15], [17, 28], [25, 12], [1, 2], [2, 22], [36, 9], [21, 30], [28, 38], [3, 13], [20, 4], [19, 7], [27, 20], [21, 22], [16, 9], [4, 1], [11, 23], [34, 15], [7, 39], [27, 22], [30, 39], [8, 6], [19, 12], [29, 23], [27, 10], [17, 7], [10, 16], [38, 12], [10, 17], [3, 36], [15, 29], [1, 16], [27, 19], [38, 29], [18, 21], [1, 29], [15, 37], [36, 16], [20, 5], [30, 21], [23, 20], [18, 33], [18, 39], [2, 33], [26, 32], [20, 32], [4, 38], [36, 29], [6, 13], [17, 38], [30, 35], [2, 20], [3, 4], [11, 30], [37, 21], [16, 34], [35, 39], [33, 23], [39, 33], [33, 6], [36, 0], [7, 37], [29, 3], [38, 9], [24, 5], [9, 39], [5, 27], [38, 26], [15, 32], [19, 32], [30, 31], [7, 15], [34, 32], [37, 1], [39, 26], [17, 37], [39, 6], [34, 9], [14, 25], [39, 5], [24, 38], [19, 15], [32, 22], [12, 29], [37, 36], [26, 8], [10, 15], [16, 19], [21, 10], [28, 25], [23, 27], [33, 33], [30, 10], [4, 22], [14, 1], [37, 22], [15, 31], [31, 26], [15, 39], [7, 38], [5, 26], [21, 3], [21, 20], [8, 10], [26, 34], [8, 16], [10, 11], [7, 23], [28, 9], [7, 18], [39, 14], [5, 20], [32, 17], [14, 20], [9, 3], [14, 12], [11, 29], [25, 23], [26, 30], [31, 10], [9, 11], [0, 3], [39, 10], [8, 30], [0, 30], [21, 13], [24, 19], [12, 10], [4, 8], [18, 19], [13, 35], [17, 19], [38, 4], [24, 6], [17, 10], [24, 2], [2, 3], [25, 31], [14, 19], [2, 36], [10, 5], [3, 0], [8, 25], [12, 13], [22, 1], [14, 31], [14, 3], [14, 27], [8, 26], [0, 19], [7, 25], [10, 18], [37, 19], [36, 38], [21, 19], [12, 37], [39, 18], [27, 32], [7, 33], [15, 7], [1, 21], [18, 1], [27, 5], [28, 16], [34, 1], [38, 10], [20, 20], [10, 14], [29, 34], [32, 5], [31, 22], [25, 8], [26, 27], [6, 31], [18, 10], [16, 24], [30, 25], [35, 25], [8, 2], [18, 17], [13, 23], [37, 18], [19, 36], [12, 39], [11, 32], [1, 20], [30, 4], [23, 19], [27, 6], [1, 11], [38, 8], [7, 32], [25, 4], [16, 20], [38, 6], [9, 29], [21, 23], [35, 36], [6, 26], [37, 35], [37, 15], [30, 17], [31, 12], [33, 26], [6, 28], [3, 27], [1, 34], [21, 38], [15, 12], [21, 32], [10, 19], [39, 3], [34, 13], [31, 4], [25, 6], [36, 36], [14, 34], [39, 15], [5, 29], [28, 0], [13, 18], [2, 37], [19, 20], [5, 8], [3, 32], [3, 18], [28, 3], [8, 15], [25, 29], [38, 15], [18, 31], [30, 38], [5, 37], [31, 37], [23, 22], [17, 13], [1, 18], [20, 21], [7, 8], [24, 35], [32, 33], [23, 33], [16, 26], [29, 30], [27, 25], [19, 0], [14, 30], [26, 1], [22, 10], [26, 0], [9, 4], [7, 34], [1, 15], [23, 25], [14, 11], [8, 5], [37, 33], [4, 11], [34, 10], [39, 28], [24, 21], [31, 39], [20, 31], [24, 18], [39, 17], [24, 0], [24, 12], [29, 25], [31, 1], [37, 26], [36, 18], [6, 20], [26, 19], [33, 17], [2, 2], [2, 39], [4, 20], [31, 32], [12, 18], [25, 7], [21, 7], [19, 5], [34, 38], [19, 29], [0, 33], [32, 26], [14, 35]], "targets": [[26, 39], [30, 3], [1, 27], [33, 3], [21, 14], [15, 9], [2, 36], [2, 34], [31, 2], [14, 7], [20, 8], [0, 30], [3, 29], [28, 4], [33, 5], [3, 36], [20, 6], [19, 15], [32, 4], [6, 33], [6, 28], [5, 32], [28, 1], [18, 4], [24, 11], [31, 4], [4, 28], [5, 24], [29, 2], [18, 6], [0, 31], [19, 13], [29, 3], [8, 28], [3, 32], [17, 11], [33, 1], [0, 34], [26, 2], [18, 16], [7, 32], [24, 37], [0, 29], [30, 1], [20, 4], [8, 27], [19, 9], [30, 2], [30, 0], [2, 31], [14, 11], [0, 24], [6, 37], [30, 5], [18, 11], [20, 10], [0, 28], [31, 6], [1, 28], [29, 1], [5, 30], [18, 15], [34, 3], [14, 5], [2, 32], [0, 25], [8, 36], [27, 3], [23, 14], [12, 11], [29, 4], [2, 33], [31, 5], [3, 26], [7, 28], [20, 11], [12, 4], [31, 1], [4, 30], [20, 38], [36, 22], [1, 36], [38, 15], [24, 24], [9, 11], [22, 23], [21, 25], [29, 20], [20, 28], [11, 13], [0, 36], [25, 17], [12, 14], [27, 16], [33, 10], [19, 39], [0, 11], [24, 33], [38, 24], [39, 34], [8, 5], [11, 38], [5, 16], [28, 16], [35, 8], [1, 32], [9, 35], [5, 3], [5, 11], [17, 31], [4, 37], [25, 1], [7, 22], [24, 6], [35, 30], [26, 32], [33, 25], [16, 17], [37, 24], [20, 24], [12, 15], [20, 22], [8, 21], [12, 19], [15, 18], [39, 38], [7, 17], [25, 21], [15, 15], [29, 22], [12, 32], [30, 36], [37, 4], [23, 20], [4, 31], [23, 13], [15, 26], [22, 0], [15, 12], [32, 27], [22, 10], [3, 37], [16, 1], [9, 19], [7, 29], [28, 30], [20, 36], [21, 0], [34, 23], [35, 19], [15, 14], [39, 28], [27, 10], [25, 38], [31, 14], [4, 14], [14, 10], [23, 11], [32, 8], [27, 5], [7, 10], [23, 36], [30, 13], [12, 1], [9, 18], [13, 37], [16, 25], [39, 21], [36, 19], [2, 5], [27, 37], [37, 38], [18, 35], [8, 18], [9, 17], [9, 0], [9, 26], [24, 15], [32, 15], [28, 18], [11, 21], [7, 38], [35, 34], [21, 37], [29, 7], [6, 36], [37, 27], [11, 24], [32, 2], [24, 13], [9, 24], [14, 8], [4, 23], [37, 25], [32, 13], [23, 33], [22, 21], [38, 9], [14, 2], [37, 21], [37, 34], [1, 0], [37, 13], [7, 7], [28, 7], [35, 18], [10, 20], [17, 28], [22, 11], [34, 28], [34, 0], [25, 24], [34, 9], [14, 22], [15, 1], [39, 9], [21, 39], [0, 20], [2, 29], [30, 34], [16, 3], [36, 21], [17, 32], [27, 1], [11, 8], [29, 6], [23, 18], [7, 24], [37, 8], [36, 2], [17, 38], [32, 21], [32, 10], [31, 19], [10, 24], [27, 31], [38, 4], [1, 30], [25, 3], [25, 14], [23, 22], [35, 17], [3, 25], [33, 4], [9, 8], [20, 23], [5, 1], [17, 14], [29, 35], [34, 17], [8, 10], [3, 33], [25, 35], [9, 10], [13, 2], [29, 38], [22, 5], [35, 6], [21, 30], [9, 32], [15, 2], [20, 2], [22, 13], [13, 39], [10, 39], [19, 31], [6, 24], [36, 12], [10, 11], [27, 19], [21, 19], [13, 17], [37, 20], [39, 32], [21, 21], [17, 15], [17, 3], [28, 37], [30, 8], [29, 18], [36, 33], [16, 5], [5, 36], [38, 33], [4, 22], [1, 7], [23, 12], [14, 27], [28, 10], [33, 13], [30, 38], [20, 18], [37, 7], [26, 23], [36, 1], [22, 7], [3, 22], [2, 12], [21, 11], [12, 9], [39, 6], [29, 25], [2, 3], [27, 11], [24, 23], [6, 31], [29, 36], [30, 31], [23, 5], [20, 0], [2, 18], [29, 0], [24, 31], [8, 25], [23, 26], [9, 22], [5, 7], [27, 29], [0, 26], [19, 14], [12, 22], [12, 3], [28, 22], [24, 16], [6, 15], [19, 3], [11, 36], [5, 15], [10, 17], [12, 12], [32, 11], [6, 35], [37, 23], [5, 25], [36, 38], [30, 37], [37, 0], [10, 12], [18, 8], [12, 24], [26, 12], [1, 23], [14, 20], [18, 24], [32, 33], [14, 28], [14, 26], [21, 18], [31, 24], [26, 26], [2, 26], [20, 39], [11, 27], [14, 30], [24, 12], [32, 30], [19, 28], [7, 33], [31, 12], [8, 15], [11, 26], [37, 10], [5, 26], [5, 10], [19, 18], [19, 19], [13, 35], [36, 4], [8, 12], [22, 36], [1, 31], [29, 13], [7, 23], [31, 30], [32, 3], [17, 12], [14, 31], [32, 19], [17, 30], [33, 22], [16, 0], [11, 5], [17, 21], [11, 10], [16, 14], [4, 32], [35, 38], [13, 16], [34, 21], [20, 31], [39, 33], [14, 36], [34, 27], [21, 35], [20, 5], [36, 27], [31, 8], [18, 10], [4, 3], [7, 34], [17, 7], [0, 13], [31, 21], [14, 15], [28, 23], [0, 39], [14, 24], [22, 32], [38, 12], [14, 16], [15, 35], [29, 10], [16, 7], [8, 20], [31, 20], [10, 18], [35, 24], [38, 25], [21, 29], [31, 31], [36, 15], [32, 6], [18, 13], [9, 33], [12, 38], [25, 34], [12, 35], [10, 5], [11, 3], [22, 25], [21, 7], [29, 39], [20, 9], [31, 29], [14, 19], [24, 32], [1, 4], [16, 12], [32, 25], [11, 7], [13, 34], [23, 3], [12, 17], [3, 14], [6, 2], [9, 15], [39, 14], [20, 19], [22, 4], [13, 15], [16, 29], [18, 34], [6, 13], [25, 12], [25, 23], [26, 1], [38, 27], [1, 12], [22, 26], [23, 6], [17, 22], [22, 2], [0, 5], [2, 7], [8, 7], [14, 0], [8, 29], [7, 3], [4, 1], [28, 39], [28, 8], [4, 6], [22, 14], [23, 8], [4, 39], [39, 12], [25, 28], [16, 10], [33, 38], [31, 11], [28, 12], [7, 11], [5, 18], [1, 10], [27, 21], [14, 13], [20, 32], [3, 5], [34, 5], [16, 37], [39, 22], [28, 38], [36, 9], [35, 16], [24, 18], [17, 4], [6, 18], [5, 17], [22, 22], [31, 35], [24, 3], [31, 13], [25, 29], [15, 25], [5, 31], [19, 5], [13, 18], [9, 39], [35, 20], [24, 2], [5, 8], [35, 13], [6, 12], [15, 13], [25, 9], [36, 13], [23, 30], [3, 17], [13, 12], [36, 10], [4, 27], [6, 27], [14, 39], [13, 14], [8, 13], [25, 5], [7, 39], [6, 22], [1, 18], [18, 36], [6, 4], [21, 2], [11, 28], [0, 33], [38, 1], [5, 34], [38, 0], [3, 11], [10, 0], [22, 3], [23, 10], [23, 32], [12, 5], [9, 14], [32, 28], [3, 34], [36, 0], [25, 6], [4, 24], [28, 2], [3, 3], [22, 18], [34, 19], [13, 6], [29, 21], [14, 25], [14, 32], [1, 34], [7, 15], [22, 38], [24, 14], [5, 35], [16, 28], [32, 22], [15, 5], [18, 20], [14, 37], [20, 7], [12, 33], [28, 34], [2, 4], [34, 35], [22, 34], [3, 38], [25, 18], [2, 0], [37, 22], [6, 38], [15, 8], [11, 14], [22, 8], [0, 9], [37, 37], [4, 29], [21, 34], [4, 16], [6, 14], [5, 5], [15, 7], [23, 21], [29, 8], [10, 38], [13, 10], [34, 13], [16, 2], [31, 39], [24, 5], [6, 29], [0, 0], [22, 27], [4, 35], [4, 9], [27, 28], [39, 13], [39, 27], [7, 6], [27, 20], [1, 9], [19, 4], [17, 18], [36, 32], [26, 17], [27, 26], [32, 32], [35, 22], [13, 33], [21, 13], [34, 37], [5, 6], [13, 13], [6, 1], [37, 30], [39, 26], [20, 20], [26, 9], [16, 6], [38, 23], [11, 37], [25, 16], [32, 5], [19, 0], [19, 2], [26, 31], [1, 21], [38, 5], [30, 22], [34, 16], [23, 9], [4, 38], [22, 6], [8, 35], [2, 15], [18, 2], [2, 23], [27, 35], [3, 23], [19, 1], [32, 37], [6, 21], [21, 33], [1, 13], [19, 10], [31, 23], [3, 35], [8, 16], [35, 28], [6, 9], [26, 21], [13, 21], [13, 5], [13, 11], [33, 9], [22, 33], [13, 22], [1, 22], [29, 33], [27, 4], [11, 25], [33, 2], [16, 32], [39, 15], [36, 14], [1, 11], [12, 39], [28, 24], [18, 5], [23, 2], [20, 34], [1, 15], [32, 35], [35, 3], [39, 31], [12, 30], [4, 17], [7, 26], [22, 37], [1, 19], [9, 9], [30, 32], [33, 24], [4, 2], [30, 29], [32, 38], [31, 32], [34, 15], [12, 7], [33, 34], [12, 27], [25, 26], [17, 20], [11, 39], [27, 39], [38, 29], [29, 17], [9, 28], [5, 14], [36, 24], [5, 37], [0, 18], [39, 11], [22, 24], [13, 28], [28, 20], [6, 3], [18, 29], [16, 15], [38, 14], [0, 8], [27, 6], [21, 16], [15, 33], [35, 10], [11, 16], [35, 27], [32, 14], [27, 13], [2, 30], [31, 10], [7, 1], [30, 26], [23, 17], [35, 15], [7, 36], [27, 9], [2, 22], [38, 26], [37, 29], [24, 27], [11, 6], [8, 14], [38, 16], [6, 10], [10, 19], [36, 17], [0, 6], [11, 20], [38, 3], [17, 34], [19, 17], [37, 17], [23, 38], [19, 29], [22, 29], [35, 39], [39, 35], [28, 29], [31, 27], [16, 11], [12, 31], [32, 1], [14, 12], [38, 19], [5, 21], [26, 6], [13, 3], [8, 19], [16, 38], [8, 6], [20, 13], [10, 28], [24, 39], [35, 1], [24, 28], [39, 25], [15, 11], [0, 17], [31, 3], [25, 7], [27, 34], [3, 21], [26, 38], [9, 7], [10, 26], [10, 16], [8, 1], [31, 33], [33, 17], [38, 31], [9, 23], [11, 33], [15, 23], [31, 7], [28, 6], [35, 23], [13, 1], [0, 32], [15, 34], [16, 26], [32, 9], [29, 15]]}