{"meta": {"number_of_robots": 502, "description": {"parameters": {"seed": 1951, "shape": [40, 40], "obstacles": {"n": 10, "mean": 5, "std": 2.5}, "clusters": {"n": 10, "mean": 20, "std": 10.0, "relative_radius": 2, "increase_factor": 1.3, "start_dist": {"generator_name": "uniform", "shape": [40, 40], "min": 1.0, "max": 1.0, "mean": 1.0, "std": 0.0, "dtype": "float64", "parameters": {}}, "target_dist": {"generator_name": "uniform", "shape": [40, 40], "min": 1.0, "max": 1.0, "mean": 1.0, "std": 0.0, "dtype": "float64", "parameters": {}}}, "density": 0.4, "start_dist": {"generator_name": "uniform", "shape": [40, 40], "min": 1.0, "max": 1.0, "mean": 1.0, "std": 0.0, "dtype": "float64", "parameters": {}}, "target_dist": {"generator_name": "uniform", "shape": [40, 40], "min": 1.0, "max": 1.0, "mean": 1.0, "std": 0.0, "dtype": "float64", "parameters": {}}}, "stats": {"date": "2020-11-17", "free_area": 1253.0, "number_of_clustered_robots": 202, "number_of_robots": 502}}}, "name": "medium_006_40x40_40_502", "obstacles": [[3, 22], [3, 23], [3, 24], [3, 25], [3, 26], [3, 27], [3, 28], [3, 29], [3, 30], [3, 31], [4, 22], [4, 31], [5, 22], [5, 31], [6, 22], [6, 32], [6, 33], [6, 34], [6, 35], [7, 22], [7, 32], [7, 33], [7, 34], [7, 35], [8, 1], [8, 2], [8, 3], [8, 4], [8, 5], [8, 6], [8, 22], [8, 23], [8, 24], [8, 25], [8, 26], [8, 27], [8, 28], [8, 29], [8, 30], [8, 31], [9, 1], [9, 6], [10, 1], [10, 6], [10, 20], [10, 21], [10, 22], [10, 23], [10, 24], [10, 25], [11, 1], [11, 6], [11, 20], [11, 25], [12, 1], [12, 6], [12, 20], [12, 25], [13, 1], [13, 2], [13, 3], [13, 4], [13, 5], [13, 6], [13, 20], [13, 25], [14, 20], [14, 25], [15, 5], [15, 6], [15, 7], [15, 8], [15, 9], [15, 10], [15, 20], [15, 21], [15, 22], [15, 23], [15, 24], [15, 25], [16, 5], [16, 10], [17, 5], [17, 10], [18, 5], [18, 10], [18, 14], [18, 15], [18, 16], [18, 17], [18, 19], [18, 20], [18, 21], [18, 22], [18, 23], [19, 5], [19, 10], [19, 14], [19, 17], [19, 19], [19, 23], [20, 5], [20, 10], [20, 14], [20, 17], [20, 19], [20, 23], [21, 5], [21, 10], [21, 14], [21, 17], [21, 19], [21, 23], [22, 5], [22, 6], [22, 7], [22, 8], [22, 9], [22, 10], [22, 14], [22, 17], [22, 19], [22, 23], [23, 14], [23, 17], [23, 19], [23, 20], [23, 21], [23, 22], [23, 23], [23, 24], [23, 25], [23, 26], [23, 27], [23, 28], [23, 29], [24, 14], [24, 17], [25, 14], [25, 17], [26, 14], [26, 17], [26, 26], [26, 27], [26, 28], [26, 29], [26, 30], [26, 31], [26, 32], [26, 33], [27, 14], [27, 15], [27, 16], [27, 17], [27, 26], [27, 33], [28, 9], [28, 10], [28, 11], [28, 12], [28, 13], [28, 26], [28, 33], [29, 9], [29, 13], [29, 26], [29, 33], [30, 9], [30, 13], [30, 26], [30, 33], [31, 9], [31, 13], [31, 26], [31, 27], [31, 28], [31, 29], [31, 30], [31, 31], [31, 32], [31, 33], [32, 9], [32, 13], [33, 9], [33, 13], [34, 9], [34, 10], [34, 11], [34, 12], [34, 13]], "starts": [[23, 10], [3, 32], [28, 8], [37, 18], [31, 37], [35, 22], [20, 24], [2, 39], [14, 7], [13, 14], [2, 35], [11, 14], [37, 37], [16, 17], [36, 3], [35, 16], [20, 11], [30, 20], [0, 31], [11, 10], [38, 30], [16, 18], [5, 35], [32, 5], [33, 14], [10, 12], [35, 37], [2, 36], [17, 14], [25, 9], [33, 27], [11, 31], [11, 11], [29, 39], [38, 5], [39, 13], [19, 13], [11, 39], [14, 8], [15, 11], [36, 37], [24, 13], [34, 20], [6, 39], [11, 15], [32, 3], [38, 22], [16, 12], [34, 38], [11, 35], [4, 36], [18, 25], [9, 12], [23, 11], [37, 5], [38, 15], [39, 39], [34, 22], [9, 32], [17, 24], [8, 13], [11, 32], [33, 34], [36, 5], [35, 13], [9, 24], [14, 12], [24, 10], [37, 23], [3, 34], [30, 37], [5, 36], [14, 14], [3, 39], [14, 6], [13, 16], [38, 8], [39, 14], [33, 31], [23, 8], [38, 26], [2, 34], [11, 16], [20, 25], [38, 34], [36, 9], [38, 18], [11, 34], [13, 13], [10, 19], [33, 32], [22, 13], [37, 24], [6, 36], [3, 35], [12, 14], [38, 11], [38, 14], [17, 17], [38, 36], [8, 35], [12, 10], [20, 13], [38, 2], [36, 13], [39, 32], [34, 26], [9, 13], [6, 38], [17, 11], [10, 8], [0, 36], [31, 34], [10, 13], [28, 7], [37, 22], [8, 8], [5, 38], [17, 12], [32, 21], [9, 36], [29, 35], [8, 14], [16, 14], [8, 36], [36, 11], [36, 22], [32, 34], [10, 18], [17, 4], [21, 13], [30, 24], [0, 38], [39, 37], [32, 4], [38, 19], [16, 20], [13, 8], [1, 34], [3, 38], [12, 12], [39, 38], [20, 12], [30, 21], [11, 36], [15, 12], [8, 21], [35, 6], [39, 16], [36, 33], [2, 31], [14, 10], [15, 16], [19, 11], [37, 2], [33, 20], [29, 34], [35, 25], [4, 37], [8, 16], [14, 15], [5, 33], [6, 37], [33, 35], [9, 14], [33, 6], [34, 17], [16, 16], [17, 13], [34, 23], [10, 39], [34, 35], [14, 13], [12, 11], [1, 33], [13, 18], [37, 11], [34, 21], [31, 39], [12, 16], [24, 12], [32, 28], [7, 39], [18, 24], [4, 33], [39, 36], [13, 11], [29, 8], [36, 23], [4, 39], [10, 16], [30, 34], [13, 9], [23, 13], [33, 21], [1, 38], [29, 6], [37, 19], [10, 15], [39, 34], [12, 8], [0, 32], [32, 8], [28, 24], [33, 22], [23, 38], [24, 1], [7, 13], [39, 9], [34, 18], [8, 39], [15, 34], [2, 17], [5, 14], [27, 19], [14, 1], [9, 9], [36, 8], [33, 3], [37, 17], [32, 30], [37, 29], [31, 2], [0, 37], [31, 6], [0, 18], [38, 16], [37, 32], [8, 12], [0, 29], [15, 39], [0, 10], [22, 32], [18, 0], [7, 14], [24, 3], [25, 33], [33, 1], [31, 35], [13, 12], [28, 25], [38, 33], [0, 20], [18, 12], [32, 25], [4, 17], [17, 28], [3, 5], [24, 8], [35, 24], [21, 34], [6, 8], [2, 19], [4, 15], [6, 14], [37, 12], [5, 6], [11, 12], [13, 36], [17, 22], [15, 28], [14, 0], [35, 20], [29, 16], [27, 20], [21, 11], [25, 7], [30, 2], [7, 1], [35, 32], [3, 6], [17, 36], [11, 28], [32, 7], [30, 17], [10, 35], [29, 23], [1, 36], [27, 25], [0, 17], [6, 21], [13, 27], [28, 21], [4, 20], [36, 25], [0, 0], [30, 6], [12, 39], [34, 4], [37, 6], [36, 0], [35, 15], [18, 1], [27, 2], [2, 10], [35, 7], [27, 12], [34, 28], [29, 3], [10, 29], [13, 39], [1, 16], [25, 20], [34, 31], [24, 22], [38, 6], [2, 14], [25, 11], [38, 0], [35, 39], [22, 34], [24, 0], [29, 7], [26, 1], [32, 29], [30, 3], [28, 17], [10, 14], [24, 27], [18, 32], [3, 7], [37, 31], [9, 26], [2, 20], [14, 9], [4, 21], [22, 27], [4, 0], [1, 10], [15, 36], [7, 10], [6, 7], [38, 21], [31, 17], [9, 37], [33, 17], [16, 23], [35, 23], [16, 30], [31, 8], [27, 24], [7, 21], [12, 33], [1, 1], [19, 38], [31, 18], [9, 19], [28, 1], [32, 19], [30, 14], [19, 0], [34, 16], [16, 4], [15, 26], [35, 11], [23, 36], [34, 2], [21, 25], [19, 2], [21, 33], [3, 13], [1, 24], [17, 26], [12, 31], [11, 8], [33, 4], [7, 11], [19, 37], [29, 18], [35, 2], [33, 33], [12, 9], [36, 30], [39, 12], [22, 37], [11, 0], [9, 15], [38, 1], [7, 3], [39, 30], [24, 28], [4, 1], [4, 5], [2, 24], [32, 32], [24, 37], [33, 39], [33, 28], [2, 5], [4, 4], [34, 0], [15, 3], [30, 0], [35, 21], [17, 37], [19, 25], [10, 33], [17, 25], [38, 4], [16, 34], [26, 0], [23, 31], [16, 29], [11, 38], [19, 27], [25, 34], [35, 3], [36, 35], [19, 3], [32, 23], [31, 21], [18, 36], [33, 25], [3, 37], [37, 38], [1, 39], [25, 18], [9, 8], [20, 18], [21, 35], [24, 9], [25, 35], [2, 16], [38, 20], [12, 26], [4, 6], [36, 2], [5, 39], [35, 18], [33, 2], [2, 3], [39, 33], [2, 21], [29, 36], [9, 38], [0, 16], [34, 32], [6, 10], [29, 2], [2, 4], [13, 38], [22, 0], [39, 25], [30, 38], [39, 11], [0, 6], [2, 12], [10, 38], [23, 32], [35, 27], [14, 33], [36, 19], [30, 7], [37, 8], [24, 32], [38, 27], [18, 13], [39, 23], [26, 2], [26, 35], [37, 33], [0, 34], [26, 25], [32, 37], [31, 25], [13, 30], [28, 19], [37, 0], [5, 1], [15, 31], [14, 19], [12, 13], [27, 1], [28, 4], [24, 11], [11, 30], [22, 38], [32, 20], [23, 2], [29, 37], [19, 12], [30, 8], [17, 20], [9, 22], [24, 21], [28, 6], [34, 3], [5, 5], [5, 32], [4, 11], [30, 4], [23, 0], [8, 9], [39, 24], [35, 10], [36, 6], [14, 27], [38, 13], [38, 9], [10, 37], [5, 2], [20, 27]], "targets": [[29, 34], [0, 8], [35, 29], [35, 2], [2, 37], [22, 18], [35, 30], [36, 1], [22, 28], [1, 19], [35, 0], [13, 27], [2, 38], [34, 29], [33, 25], [33, 7], [26, 38], [25, 18], [37, 0], [24, 28], [6, 36], [35, 22], [34, 5], [34, 32], [38, 0], [18, 34], [2, 31], [4, 4], [35, 23], [27, 36], [23, 18], [37, 1], [15, 30], [0, 38], [37, 29], [37, 6], [29, 24], [34, 2], [3, 21], [19, 30], [0, 33], [30, 38], [27, 20], [36, 3], [36, 30], [38, 31], [32, 3], [20, 24], [0, 35], [37, 3], [6, 8], [39, 22], [18, 33], [22, 36], [38, 25], [35, 3], [4, 32], [28, 16], [38, 5], [37, 34], [16, 24], [39, 3], [5, 39], [39, 31], [29, 4], [32, 25], [21, 25], [30, 36], [25, 22], [33, 4], [0, 39], [5, 4], [0, 23], [38, 3], [17, 25], [34, 28], [38, 29], [39, 9], [2, 33], [26, 37], [26, 22], [33, 1], [22, 25], [34, 23], [0, 32], [37, 28], [32, 6], [39, 1], [17, 23], [29, 23], [7, 36], [27, 39], [27, 22], [38, 6], [3, 2], [16, 22], [39, 30], [31, 4], [39, 25], [1, 39], [35, 5], [22, 30], [22, 34], [35, 28], [30, 4], [1, 29], [24, 21], [32, 31], [38, 2], [1, 24], [18, 31], [36, 2], [4, 38], [38, 22], [33, 27], [34, 1], [17, 32], [6, 5], [28, 35], [29, 15], [32, 7], [4, 39], [39, 23], [21, 32], [34, 4], [36, 27], [37, 9], [1, 37], [29, 22], [20, 34], [30, 37], [27, 21], [33, 0], [3, 37], [38, 27], [32, 1], [36, 29], [14, 28], [37, 4], [4, 3], [0, 18], [6, 37], [26, 36], [30, 14], [33, 6], [17, 34], [36, 34], [33, 26], [36, 7], [1, 30], [36, 5], [20, 26], [38, 32], [25, 36], [34, 26], [30, 0], [3, 34], [29, 20], [38, 7], [23, 32], [31, 24], [1, 3], [33, 5], [1, 32], [24, 22], [33, 29], [30, 5], [34, 31], [28, 36], [27, 19], [33, 3], [2, 39], [13, 29], [2, 22], [37, 7], [34, 22], [37, 26], [39, 5], [0, 37], [25, 25], [29, 38], [29, 17], [33, 2], [35, 33], [3, 4], [3, 32], [20, 33], [33, 32], [31, 1], [36, 6], [39, 32], [2, 29], [25, 33], [24, 37], [29, 19], [34, 0], [37, 33], [29, 3], [32, 32], [4, 35], [19, 34], [32, 0], [12, 32], [29, 18], [2, 21], [30, 19], [1, 18], [32, 17], [11, 33], [31, 6], [24, 6], [21, 35], [14, 14], [8, 35], [0, 12], [8, 8], [15, 31], [9, 31], [24, 29], [25, 32], [15, 12], [7, 16], [15, 29], [12, 33], [28, 21], [19, 4], [38, 21], [17, 4], [35, 21], [10, 15], [0, 15], [30, 3], [33, 20], [14, 3], [25, 27], [2, 5], [34, 36], [19, 31], [10, 36], [9, 25], [23, 38], [8, 36], [21, 24], [13, 9], [38, 34], [3, 7], [27, 4], [33, 35], [20, 11], [13, 16], [17, 13], [21, 30], [23, 36], [11, 15], [21, 33], [26, 25], [5, 34], [17, 38], [25, 0], [36, 28], [14, 4], [7, 15], [17, 2], [34, 21], [32, 14], [29, 37], [9, 7], [36, 31], [3, 38], [25, 23], [38, 26], [1, 16], [5, 17], [2, 25], [2, 3], [21, 39], [21, 2], [0, 19], [10, 10], [37, 18], [25, 21], [29, 8], [38, 16], [12, 15], [10, 38], [25, 6], [37, 5], [10, 9], [21, 0], [2, 12], [17, 30], [18, 3], [0, 21], [9, 18], [37, 23], [24, 35], [24, 32], [38, 23], [28, 25], [16, 30], [13, 7], [27, 13], [20, 0], [20, 32], [13, 12], [39, 17], [6, 14], [33, 34], [14, 26], [31, 21], [5, 5], [25, 12], [2, 23], [6, 18], [17, 12], [16, 32], [0, 30], [25, 35], [4, 10], [31, 36], [8, 21], [35, 25], [29, 6], [39, 13], [16, 4], [36, 21], [2, 16], [23, 33], [31, 5], [8, 18], [33, 17], [16, 13], [35, 14], [8, 20], [19, 24], [25, 29], [19, 1], [3, 35], [10, 7], [3, 19], [23, 35], [23, 37], [31, 0], [37, 22], [16, 17], [17, 20], [30, 16], [0, 31], [1, 33], [1, 17], [36, 0], [28, 4], [34, 19], [34, 7], [1, 20], [10, 14], [25, 19], [15, 14], [2, 28], [7, 13], [20, 1], [22, 2], [8, 32], [24, 36], [3, 5], [8, 12], [26, 0], [37, 38], [16, 12], [14, 18], [24, 10], [15, 36], [9, 19], [4, 19], [33, 38], [17, 0], [18, 32], [23, 39], [4, 16], [11, 37], [10, 32], [29, 14], [21, 1], [35, 15], [24, 18], [38, 10], [5, 33], [15, 4], [18, 28], [35, 38], [13, 35], [1, 8], [25, 8], [36, 35], [22, 27], [36, 17], [13, 17], [1, 21], [6, 39], [17, 29], [15, 33], [25, 34], [19, 28], [19, 25], [7, 5], [3, 11], [26, 5], [9, 12], [12, 14], [38, 11], [6, 6], [23, 13], [18, 29], [1, 7], [8, 11], [36, 11], [0, 4], [37, 37], [0, 20], [7, 37], [17, 21], [32, 18], [26, 8], [38, 39], [30, 24], [0, 6], [12, 27], [25, 11], [10, 35], [16, 34], [32, 27], [9, 34], [24, 34], [24, 20], [10, 11], [14, 9], [22, 0], [28, 1], [27, 9], [34, 38], [14, 38], [23, 31], [18, 27], [13, 11], [39, 19], [30, 25], [34, 34], [3, 15], [36, 37], [6, 16], [26, 12], [9, 38], [38, 17], [37, 17], [35, 18], [31, 19], [12, 8], [15, 34], [24, 33], [33, 19], [31, 20], [19, 29], [0, 25], [6, 10], [33, 22], [15, 16], [35, 7], [10, 19], [17, 19], [32, 36], [21, 3], [24, 39], [7, 19], [9, 23], [36, 39], [11, 16], [24, 12], [31, 25], [26, 3], [14, 13], [9, 28], [21, 27], [8, 34], [2, 8], [10, 12], [37, 10], [16, 18], [9, 15], [15, 2], [13, 8], [24, 2], [39, 2], [20, 25], [35, 13], [39, 10], [2, 34], [22, 31], [18, 35], [0, 26], [2, 6], [28, 3], [36, 19]]}