{"meta": {"number_of_robots": 1000, "description": {"parameters": {"seed": 3005, "shape": [50, 50], "obstacles": {"n": 0, "mean": 0, "std": 0.0}, "clusters": {"n": 3, "mean": 160, "std": 80.0, "relative_radius": 2, "increase_factor": 1.3, "start_dist": {"generator_name": "uniform", "shape": [50, 50], "min": 1.0, "max": 1.0, "mean": 1.0, "std": 0.0, "dtype": "float64", "parameters": {}}, "target_dist": {"generator_name": "uniform", "shape": [50, 50], "min": 1.0, "max": 1.0, "mean": 1.0, "std": 0.0, "dtype": "float64", "parameters": {}}}, "density": 0.4, "start_dist": {"generator_name": "uniform", "shape": [50, 50], "min": 1.0, "max": 1.0, "mean": 1.0, "std": 0.0, "dtype": "float64", "parameters": {}}, "target_dist": {"generator_name": "uniform", "shape": [50, 50], "min": 1.0, "max": 1.0, "mean": 1.0, "std": 0.0, "dtype": "float64", "parameters": {}}}, "stats": {"date": "2020-11-17", "free_area": 2500.0, "number_of_clustered_robots": 491, "number_of_robots": 1000}}}, "name": "medium_free_012_50x50_40_1000", "obstacles": [], "starts": [[14, 30], [21, 6], [36, 15], [27, 29], [36, 9], [41, 8], [20, 12], [16, 20], [25, 33], [34, 3], [18, 4], [8, 9], [19, 15], [38, 4], [21, 5], [19, 26], [31, 5], [32, 11], [5, 29], [13, 6], [19, 14], [40, 23], [29, 22], [13, 4], [23, 31], [44, 25], [35, 26], [20, 1], [21, 10], [24, 3], [11, 17], [8, 8], [32, 37], [46, 23], [25, 26], [17, 8], [24, 11], [46, 12], [7, 33], [26, 16], [37, 13], [10, 0], [34, 17], [31, 11], [39, 16], [15, 13], [30, 34], [27, 24], [42, 6], [16, 9], [4, 31], [19, 9], [40, 13], [8, 21], [15, 9], [6, 24], [47, 10], [12, 27], [5, 6], [27, 25], [33, 24], [16, 22], [7, 9], [33, 15], [47, 13], [35, 10], [16, 37], [10, 6], [43, 21], [17, 25], [11, 19], [25, 0], [37, 23], [13, 31], [33, 22], [26, 1], [24, 7], [28, 11], [15, 8], [33, 23], [20, 11], [27, 31], [30, 12], [27, 22], [17, 27], [24, 4], [14, 36], [26, 26], [11, 25], [5, 1], [30, 18], [30, 6], [23, 13], [22, 3], [15, 12], [44, 4], [18, 14], [4, 12], [33, 9], [30, 4], [20, 16], [30, 9], [17, 5], [39, 8], [5, 12], [32, 5], [21, 3], [24, 13], [19, 35], [11, 20], [8, 6], [39, 12], [23, 32], [16, 15], [34, 8], [13, 12], [6, 21], [11, 9], [33, 6], [19, 32], [18, 6], [14, 14], [43, 25], [19, 27], [9, 15], [15, 29], [32, 17], [28, 22], [24, 1], [7, 37], [12, 31], [42, 20], [21, 19], [20, 8], [34, 19], [47, 27], [26, 29], [9, 3], [4, 24], [24, 15], [17, 12], [19, 13], [24, 21], [24, 5], [35, 25], [14, 1], [15, 21], [39, 20], [14, 19], [12, 7], [18, 13], [27, 7], [13, 27], [18, 31], [29, 21], [9, 7], [30, 16], [28, 28], [41, 27], [7, 14], [5, 36], [9, 8], [34, 26], [23, 5], [8, 15], [16, 7], [38, 25], [24, 26], [8, 10], [33, 34], [31, 6], [18, 27], [17, 15], [20, 20], [33, 21], [27, 36], [26, 14], [15, 17], [34, 22], [29, 36], [26, 5], [23, 22], [39, 22], [29, 34], [4, 7], [21, 12], [27, 6], [25, 31], [36, 31], [9, 1], [28, 9], [5, 26], [16, 33], [44, 27], [16, 8], [18, 20], [5, 18], [28, 7], [34, 27], [11, 2], [29, 12], [29, 4], [14, 9], [19, 3], [23, 30], [42, 3], [15, 27], [6, 13], [22, 14], [41, 6], [16, 10], [11, 12], [32, 27], [47, 26], [11, 24], [33, 32], [21, 8], [28, 8], [18, 22], [26, 12], [23, 7], [44, 19], [26, 35], [16, 30], [4, 3], [40, 25], [4, 35], [34, 25], [24, 9], [12, 4], [30, 30], [7, 25], [46, 25], [10, 29], [13, 7], [36, 30], [44, 8], [6, 26], [21, 1], [29, 33], [27, 15], [22, 16], [21, 0], [30, 21], [27, 17], [7, 18], [5, 21], [16, 3], [32, 32], [48, 17], [12, 14], [11, 4], [36, 7], [26, 8], [25, 28], [6, 4], [36, 36], [46, 16], [29, 8], [7, 0], [32, 15], [48, 9], [22, 27], [28, 36], [25, 9], [40, 16], [9, 30], [36, 35], [32, 20], [8, 3], [29, 13], [36, 16], [46, 27], [8, 2], [9, 19], [30, 8], [29, 23], [10, 8], [12, 34], [17, 37], [31, 24], [34, 9], [23, 3], [22, 32], [43, 4], [24, 16], [20, 3], [16, 27], [29, 14], [33, 36], [12, 10], [18, 33], [35, 7], [13, 26], [8, 4], [34, 13], [48, 21], [11, 28], [19, 37], [22, 0], [40, 14], [36, 33], [4, 33], [38, 23], [14, 0], [35, 17], [27, 23], [34, 7], [23, 12], [9, 20], [34, 14], [42, 5], [8, 19], [6, 11], [30, 33], [35, 24], [24, 18], [22, 12], [25, 13], [35, 11], [4, 22], [14, 5], [27, 26], [43, 18], [26, 31], [16, 12], [12, 36], [37, 11], [5, 35], [8, 31], [16, 6], [35, 6], [18, 12], [21, 24], [6, 8], [43, 8], [8, 28], [8, 33], [13, 9], [47, 8], [11, 11], [33, 16], [24, 12], [6, 14], [10, 20], [10, 16], [32, 12], [31, 10], [10, 4], [20, 14], [41, 14], [20, 35], [23, 0], [18, 29], [45, 19], [15, 31], [11, 13], [15, 5], [36, 4], [36, 8], [21, 7], [6, 27], [32, 25], [13, 28], [13, 20], [12, 1], [25, 17], [30, 22], [27, 13], [15, 15], [26, 36], [26, 21], [14, 17], [23, 4], [30, 31], [44, 7], [34, 21], [16, 32], [6, 2], [37, 17], [26, 34], [30, 15], [38, 21], [10, 12], [29, 27], [32, 36], [39, 10], [8, 14], [20, 36], [5, 14], [48, 27], [20, 13], [35, 27], [13, 30], [39, 23], [36, 22], [8, 5], [12, 33], [42, 24], [13, 29], [13, 5], [28, 35], [24, 8], [12, 30], [10, 11], [13, 23], [28, 17], [23, 17], [7, 13], [35, 16], [25, 6], [20, 21], [16, 13], [23, 14], [46, 19], [15, 35], [11, 14], [30, 26], [16, 14], [15, 24], [9, 11], [44, 12], [16, 4], [31, 31], [30, 23], [47, 4], [23, 10], [6, 30], [5, 10], [37, 7], [27, 28], [11, 8], [13, 22], [40, 19], [18, 19], [4, 0], [9, 29], [43, 12], [20, 29], [25, 7], [31, 21], [48, 24], [25, 12], [28, 10], [7, 11], [48, 20], [17, 29], [14, 13], [9, 13], [44, 14], [29, 24], [24, 35], [12, 3], [38, 11], [10, 32], [13, 18], [46, 11], [14, 15], [17, 13], [4, 16], [42, 4], [20, 7], [10, 2], [13, 19], [30, 5], [26, 9], [25, 4], [4, 20], [42, 18], [10, 14], [22, 8], [20, 34], [39, 7], [30, 37], [13, 11], [29, 29], [35, 15], [4, 19], [27, 21], [25, 8], [47, 20], [33, 31], [26, 6], [24, 0], [36, 12], [31, 19], [27, 27], [18, 0], [31, 4], [28, 29], [25, 27], [17, 32], [23, 41], [37, 15], [11, 10], [41, 32], [6, 46], [34, 15], [1, 38], [24, 14], [46, 14], [35, 21], [5, 32], [36, 41], [48, 12], [49, 14], [31, 38], [3, 14], [5, 5], [27, 32], [44, 16], [21, 4], [40, 37], [2, 13], [21, 11], [31, 20], [17, 10], [13, 33], [0, 25], [26, 37], [42, 43], [41, 1], [22, 20], [1, 37], [32, 26], [44, 40], [46, 38], [4, 18], [40, 1], [23, 6], [13, 37], [15, 4], [35, 2], [14, 2], [34, 31], [14, 12], [0, 4], [38, 9], [13, 44], [35, 35], [43, 23], [47, 40], [40, 36], [27, 11], [30, 42], [46, 24], [10, 33], [6, 0], [15, 14], [24, 27], [7, 35], [45, 26], [37, 34], [26, 25], [18, 10], [36, 14], [17, 40], [5, 30], [36, 47], [7, 29], [44, 20], [46, 4], [6, 16], [49, 17], [42, 46], [37, 30], [3, 37], [12, 41], [36, 3], [42, 36], [15, 46], [44, 44], [11, 27], [29, 30], [7, 2], [32, 6], [37, 36], [23, 37], [42, 35], [8, 1], [4, 13], [2, 45], [22, 49], [0, 11], [28, 4], [21, 45], [48, 5], [20, 19], [8, 23], [41, 31], [19, 4], [18, 32], [27, 33], [26, 45], [5, 4], [24, 38], [24, 48], [13, 32], [19, 38], [36, 17], [48, 34], [45, 1], [30, 28], [6, 25], [4, 40], [7, 1], [37, 44], [31, 23], [10, 28], [49, 1], [44, 13], [28, 13], [37, 38], [21, 46], [33, 42], [7, 42], [22, 7], [0, 10], [28, 32], [45, 20], [45, 4], [9, 12], [42, 39], [37, 18], [9, 23], [9, 35], [0, 34], [40, 20], [30, 46], [25, 10], [31, 18], [44, 49], [44, 10], [13, 0], [38, 32], [26, 49], [43, 33], [9, 46], [41, 22], [7, 41], [21, 26], [33, 49], [41, 9], [21, 17], [26, 15], [1, 23], [27, 30], [47, 11], [44, 38], [39, 5], [48, 45], [30, 27], [27, 2], [31, 22], [8, 38], [17, 24], [33, 20], [4, 17], [31, 28], [29, 47], [47, 30], [0, 5], [39, 29], [38, 26], [17, 41], [21, 29], [31, 49], [38, 46], [39, 27], [16, 43], [2, 26], [9, 21], [36, 48], [17, 19], [43, 13], [43, 35], [38, 20], [49, 25], [23, 38], [2, 35], [4, 27], [31, 9], [28, 24], [5, 31], [27, 37], [37, 9], [3, 1], [40, 34], [16, 11], [44, 42], [3, 36], [23, 20], [28, 14], [34, 12], [34, 40], [22, 17], [9, 34], [0, 13], [35, 45], [28, 31], [12, 37], [1, 29], [28, 49], [4, 48], [45, 35], [48, 18], [14, 38], [37, 14], [3, 48], [31, 46], [2, 42], [4, 29], [3, 26], [1, 28], [49, 3], [0, 8], [48, 36], [1, 39], [22, 48], [14, 16], [10, 23], [42, 17], [2, 7], [7, 24], [38, 41], [20, 48], [14, 29], [29, 2], [26, 24], [39, 26], [17, 18], [8, 20], [48, 49], [35, 41], [3, 5], [24, 40], [46, 30], [46, 15], [6, 49], [37, 0], [8, 17], [43, 11], [22, 47], [6, 31], [49, 2], [32, 7], [45, 46], [7, 32], [28, 23], [33, 14], [46, 32], [36, 0], [18, 28], [3, 47], [43, 29], [4, 32], [44, 37], [44, 33], [40, 12], [11, 22], [26, 46], [15, 37], [14, 48], [33, 3], [14, 44], [7, 17], [31, 7], [42, 40], [41, 21], [21, 34], [24, 34], [47, 35], [6, 33], [24, 17], [42, 25], [7, 28], [46, 5], [28, 1], [17, 17], [9, 44], [42, 14], [40, 24], [49, 19], [46, 33], [11, 15], [18, 15], [16, 42], [32, 42], [34, 2], [12, 17], [20, 5], [33, 44], [3, 4], [5, 44], [1, 12], [42, 47], [6, 38], [38, 18], [36, 49], [5, 15], [12, 21], [4, 8], [2, 3], [21, 13], [31, 27], [6, 10], [18, 23], [18, 47], [29, 45], [11, 30], [28, 20], [37, 48], [29, 16], [44, 24], [49, 34], [1, 40], [30, 35], [31, 16], [26, 43], [29, 0], [20, 44], [32, 46], [45, 39], [4, 21], [21, 36], [17, 11], [10, 44], [18, 25], [42, 23], [0, 12], [17, 23], [37, 37], [49, 20], [49, 21], [7, 43], [23, 27], [38, 43], [15, 45], [20, 41], [22, 40], [2, 24], [24, 25], [36, 18], [11, 3], [2, 11], [12, 12], [48, 3], [49, 47], [35, 40], [49, 24], [13, 40], [16, 5], [10, 27], [0, 21], [22, 28], [15, 32], [24, 22], [1, 22], [13, 38], [22, 10], [6, 45], [20, 49], [7, 6], [11, 46], [40, 29], [25, 22], [48, 33], [33, 4], [45, 3], [35, 20], [44, 21], [48, 13], [36, 21], [38, 40], [48, 31], [19, 6], [12, 28], [41, 42], [15, 22], [31, 34], [16, 24], [12, 32], [26, 23], [32, 28], [31, 0], [40, 8], [35, 13], [37, 16], [10, 34], [20, 37], [3, 12], [20, 6], [37, 33], [0, 38], [10, 19], [3, 29], [45, 6], [25, 42], [10, 46], [38, 13], [23, 39], [5, 0], [36, 45], [32, 24], [15, 48], [4, 10], [2, 33], [41, 23], [41, 36], [41, 5], [46, 13], [41, 37], [5, 28], [24, 20], [26, 2], [38, 15], [10, 43], [47, 19], [7, 36], [3, 11], [2, 34], [49, 41], [35, 0], [38, 24], [35, 33], [29, 48], [8, 22], [45, 25], [11, 44], [23, 1], [41, 16], [3, 35], [3, 16], [2, 40], [33, 17], [4, 37], [31, 40], [4, 42], [0, 16], [31, 41], [29, 49], [32, 21], [20, 15], [27, 1], [21, 20], [14, 31], [3, 13], [2, 25], [44, 34], [12, 49], [21, 47], [30, 1], [15, 0], [44, 18], [26, 38], [15, 25], [19, 30], [7, 3], [22, 25], [43, 24], [39, 4], [20, 17], [3, 0], [41, 29], [7, 48], [42, 27], [1, 26], [6, 3], [6, 43], [15, 11], [24, 31], [1, 42], [4, 34], [5, 24], [43, 0], [10, 36], [35, 39], [8, 40], [1, 15], [21, 18], [32, 45], [49, 49], [0, 3], [10, 1], [26, 48], [24, 45], [45, 9], [0, 18], [34, 48], [28, 43], [8, 24], [41, 44], [49, 11], [28, 30], [20, 30], [18, 42], [33, 40], [31, 47], [37, 5], [31, 2]], "targets": [[43, 17], [6, 34], [6, 14], [20, 15], [22, 12], [10, 18], [6, 47], [22, 7], [26, 21], [12, 32], [14, 32], [44, 0], [44, 9], [4, 24], [13, 48], [23, 1], [23, 19], [8, 24], [35, 19], [5, 47], [44, 7], [10, 14], [49, 19], [5, 37], [25, 12], [6, 31], [32, 11], [4, 45], [32, 13], [0, 19], [46, 15], [1, 40], [31, 16], [10, 34], [43, 6], [22, 10], [4, 43], [10, 35], [33, 20], [46, 21], [8, 13], [0, 40], [31, 8], [42, 1], [2, 24], [0, 44], [35, 3], [49, 7], [1, 21], [5, 35], [26, 16], [28, 8], [11, 23], [44, 13], [11, 40], [21, 8], [6, 17], [23, 4], [13, 44], [34, 0], [4, 29], [24, 2], [3, 41], [37, 14], [13, 23], [48, 13], [44, 1], [1, 38], [3, 26], [30, 10], [47, 18], [5, 48], [7, 19], [30, 3], [34, 5], [6, 49], [5, 26], [48, 18], [29, 11], [1, 27], [8, 39], [27, 14], [40, 19], [7, 30], [44, 2], [17, 40], [49, 9], [4, 32], [29, 6], [2, 37], [37, 7], [5, 14], [32, 20], [8, 47], [37, 15], [6, 36], [22, 2], [3, 43], [45, 8], [9, 14], [22, 4], [42, 18], [6, 45], [11, 20], [43, 12], [30, 6], [12, 48], [7, 17], [45, 17], [25, 16], [7, 42], [6, 30], [36, 19], [39, 2], [5, 32], [17, 41], [45, 18], [42, 3], [5, 21], [20, 9], [7, 31], [21, 16], [10, 26], [26, 13], [2, 39], [48, 5], [36, 21], [12, 27], [6, 40], [47, 17], [30, 15], [1, 36], [43, 1], [9, 32], [40, 6], [10, 31], [41, 5], [3, 39], [49, 14], [7, 37], [32, 10], [4, 48], [49, 16], [10, 22], [38, 17], [17, 43], [47, 14], [9, 22], [49, 0], [39, 17], [12, 38], [13, 36], [42, 0], [25, 1], [3, 20], [1, 49], [28, 14], [40, 11], [4, 27], [5, 45], [28, 3], [35, 14], [1, 28], [15, 31], [33, 11], [42, 13], [11, 36], [25, 5], [3, 31], [27, 3], [12, 33], [36, 20], [13, 37], [25, 8], [1, 17], [36, 6], [12, 35], [29, 10], [4, 34], [26, 9], [5, 43], [33, 7], [10, 37], [47, 10], [22, 18], [3, 45], [10, 33], [48, 20], [26, 18], [8, 42], [5, 24], [38, 18], [43, 16], [8, 35], [8, 37], [36, 4], [32, 17], [5, 23], [34, 20], [12, 44], [27, 10], [4, 36], [24, 14], [17, 46], [29, 14], [13, 22], [45, 6], [3, 38], [30, 0], [5, 20], [27, 16], [11, 38], [44, 17], [11, 25], [20, 8], [33, 12], [7, 45], [0, 27], [33, 13], [41, 14], [14, 39], [7, 36], [25, 10], [39, 3], [10, 43], [13, 14], [33, 2], [22, 0], [10, 36], [0, 37], [21, 12], [46, 14], [4, 35], [33, 8], [5, 41], [45, 15], [8, 14], [22, 8], [13, 42], [33, 21], [8, 17], [39, 1], [7, 47], [29, 20], [11, 22], [37, 3], [26, 14], [7, 38], [24, 5], [1, 37], [31, 13], [11, 41], [42, 7], [11, 19], [28, 10], [16, 35], [39, 7], [13, 25], [26, 7], [1, 48], [49, 12], [10, 15], [25, 20], [46, 17], [2, 41], [12, 21], [34, 8], [37, 17], [9, 17], [17, 37], [32, 12], [47, 13], [9, 26], [15, 48], [28, 16], [25, 18], [9, 19], [14, 44], [47, 2], [31, 19], [2, 31], [45, 1], [3, 49], [43, 18], [5, 16], [31, 21], [10, 44], [28, 4], [9, 20], [31, 20], [9, 34], [25, 6], [7, 15], [49, 15], [14, 33], [49, 10], [12, 17], [29, 15], [34, 2], [4, 39], [2, 16], [40, 13], [48, 0], [3, 32], [14, 36], [43, 15], [40, 17], [9, 36], [9, 44], [22, 1], [20, 10], [8, 20], [33, 18], [11, 47], [20, 17], [0, 16], [31, 14], [13, 46], [48, 19], [7, 34], [32, 15], [0, 47], [30, 9], [1, 31], [29, 2], [10, 38], [45, 4], [12, 30], [38, 19], [44, 6], [15, 44], [7, 32], [24, 12], [40, 3], [16, 47], [0, 18], [49, 5], [35, 6], [16, 33], [7, 33], [21, 9], [37, 5], [12, 34], [17, 33], [41, 4], [40, 16], [10, 13], [21, 6], [3, 35], [43, 8], [5, 25], [25, 11], [5, 46], [27, 15], [9, 31], [33, 5], [4, 47], [36, 12], [13, 20], [47, 4], [16, 41], [22, 17], [9, 18], [41, 10], [26, 1], [6, 33], [2, 27], [28, 17], [23, 20], [15, 35], [38, 14], [12, 28], [47, 1], [10, 47], [22, 14], [10, 29], [24, 7], [35, 10], [5, 34], [11, 17], [40, 1], [25, 19], [4, 21], [8, 34], [44, 11], [40, 20], [1, 35], [11, 33], [24, 4], [35, 4], [11, 30], [8, 45], [20, 12], [23, 6], [4, 30], [28, 12], [14, 43], [27, 18], [0, 31], [46, 12], [17, 35], [38, 16], [10, 16], [43, 21], [0, 38], [30, 18], [1, 15], [34, 9], [13, 32], [38, 0], [4, 17], [32, 16], [47, 16], [8, 38], [6, 20], [33, 0], [42, 16], [1, 19], [14, 48], [33, 16], [21, 18], [6, 29], [12, 40], [23, 17], [31, 12], [7, 26], [5, 39], [39, 5], [43, 13], [0, 32], [28, 19], [14, 40], [21, 14], [6, 13], [42, 17], [4, 33], [20, 4], [12, 24], [43, 0], [1, 33], [23, 14], [13, 24], [20, 20], [36, 17], [6, 43], [3, 17], [22, 5], [33, 14], [11, 48], [2, 23], [32, 14], [34, 21], [2, 38], [2, 13], [30, 1], [46, 10], [5, 33], [3, 42], [35, 0], [46, 7], [10, 32], [49, 4], [2, 33], [27, 21], [3, 28], [31, 18], [2, 42], [30, 5], [7, 28], [48, 3], [12, 36], [28, 0], [2, 17], [33, 3], [5, 44], [46, 0], [2, 32], [43, 4], [30, 16], [11, 37], [11, 14], [49, 21], [35, 8], [11, 46], [2, 19], [40, 10], [48, 10], [3, 34], [9, 35], [36, 3], [39, 18], [27, 5], [11, 49], [26, 19], [40, 12], [37, 9], [49, 28], [15, 26], [12, 25], [40, 37], [17, 15], [9, 47], [4, 20], [24, 11], [26, 2], [4, 23], [38, 28], [11, 18], [32, 49], [34, 13], [21, 10], [47, 35], [18, 30], [25, 48], [20, 2], [11, 32], [34, 48], [9, 24], [37, 42], [28, 24], [47, 39], [25, 34], [22, 36], [20, 34], [11, 45], [14, 23], [31, 2], [21, 5], [33, 27], [34, 41], [9, 42], [22, 49], [15, 39], [45, 23], [39, 26], [31, 40], [21, 7], [39, 10], [24, 48], [1, 2], [17, 17], [18, 39], [12, 19], [16, 18], [26, 11], [32, 18], [32, 34], [33, 4], [12, 39], [23, 7], [24, 18], [33, 36], [30, 47], [42, 39], [10, 1], [12, 47], [34, 49], [0, 14], [18, 36], [9, 15], [47, 20], [17, 34], [16, 8], [26, 42], [41, 24], [34, 3], [35, 11], [24, 46], [47, 40], [12, 11], [6, 8], [35, 40], [39, 11], [24, 17], [0, 41], [13, 18], [41, 19], [41, 45], [8, 30], [6, 48], [38, 25], [33, 41], [46, 19], [48, 39], [30, 7], [44, 26], [28, 5], [7, 9], [36, 40], [26, 35], [14, 47], [36, 36], [6, 3], [44, 23], [47, 29], [36, 0], [32, 30], [19, 28], [44, 45], [29, 9], [34, 12], [38, 13], [2, 15], [24, 21], [41, 37], [25, 43], [20, 19], [8, 29], [10, 12], [31, 22], [30, 44], [27, 8], [23, 9], [24, 10], [48, 35], [36, 38], [47, 45], [19, 11], [3, 6], [9, 45], [8, 46], [35, 16], [23, 10], [45, 11], [23, 3], [26, 15], [24, 30], [43, 11], [46, 49], [37, 48], [23, 15], [28, 31], [20, 37], [39, 39], [12, 29], [15, 24], [4, 11], [3, 16], [34, 42], [20, 36], [38, 8], [27, 26], [32, 0], [21, 31], [5, 38], [38, 27], [33, 19], [46, 26], [3, 9], [45, 19], [19, 6], [27, 49], [47, 0], [41, 9], [49, 25], [9, 16], [36, 18], [39, 16], [10, 45], [46, 20], [49, 46], [43, 30], [46, 31], [36, 41], [47, 42], [17, 26], [14, 5], [4, 37], [34, 46], [21, 47], [6, 5], [47, 36], [25, 27], [41, 11], [15, 45], [18, 14], [15, 3], [23, 49], [49, 26], [34, 15], [45, 3], [35, 29], [35, 46], [36, 15], [29, 26], [5, 0], [0, 7], [9, 7], [1, 4], [24, 16], [14, 15], [1, 29], [38, 9], [30, 43], [48, 25], [39, 37], [28, 7], [18, 2], [15, 25], [10, 20], [43, 9], [47, 23], [39, 12], [29, 3], [46, 44], [34, 22], [8, 44], [15, 1], [28, 35], [34, 34], [47, 33], [22, 40], [24, 0], [34, 32], [8, 36], [9, 8], [17, 8], [40, 2], [14, 25], [10, 5], [6, 46], [14, 13], [49, 1], [0, 21], [37, 38], [20, 48], [22, 13], [42, 37], [38, 6], [39, 29], [43, 49], [14, 37], [29, 28], [48, 23], [17, 2], [14, 3], [46, 25], [20, 47], [43, 22], [33, 15], [0, 48], [39, 48], [20, 42], [45, 39], [15, 10], [42, 5], [39, 35], [14, 24], [24, 44], [11, 39], [35, 39], [27, 2], [1, 47], [20, 3], [19, 24], [17, 44], [37, 25], [47, 12], [14, 31], [2, 35], [46, 16], [21, 11], [31, 9], [37, 26], [36, 47], [21, 25], [49, 31], [2, 6], [18, 42], [17, 4], [45, 49], [29, 41], [37, 1], [24, 28], [16, 49], [6, 15], [13, 10], [7, 16], [39, 42], [44, 49], [48, 31], [8, 12], [19, 23], [15, 11], [38, 35], [9, 30], [30, 31], [25, 31], [25, 33], [1, 34], [0, 1], [37, 24], [43, 24], [14, 8], [46, 4], [36, 5], [25, 2], [32, 8], [11, 16], [27, 4], [6, 11], [18, 40], [41, 20], [35, 22], [44, 35], [41, 39], [34, 26], [15, 2], [32, 39], [16, 25], [10, 39], [37, 13], [21, 20], [44, 18], [11, 21], [10, 7], [2, 30], [25, 44], [12, 49], [24, 41], [28, 13], [3, 7], [38, 37], [2, 25], [2, 36], [0, 23], [45, 29], [25, 13], [19, 32], [25, 42], [48, 9], [0, 5], [25, 0], [14, 22], [47, 7], [49, 37], [31, 11], [38, 31], [22, 6], [36, 10], [37, 47], [39, 40], [42, 45], [41, 3], [16, 17], [14, 6], [48, 42], [0, 2], [20, 28], [46, 38], [37, 23], [13, 40], [35, 36], [45, 14], [41, 26], [11, 0], [8, 10], [5, 15], [32, 7], [9, 41], [47, 26], [49, 3], [48, 41], [29, 40], [6, 21], [34, 18], [48, 26], [48, 32], [19, 29], [0, 24], [45, 21], [34, 1], [46, 24], [19, 5], [0, 25], [44, 25], [41, 36], [45, 44], [32, 43], [21, 38], [31, 41], [19, 44], [5, 3], [17, 1], [21, 42], [23, 12], [19, 35], [18, 17], [27, 33], [20, 40], [44, 10], [3, 2], [20, 38], [44, 39], [0, 45], [34, 17], [0, 15], [42, 40], [21, 29], [0, 42], [42, 32], [4, 49], [9, 29], [28, 33], [14, 16], [2, 45], [34, 29], [16, 1], [33, 44], [31, 31], [22, 44], [38, 40], [34, 16], [8, 27], [40, 0], [19, 16], [16, 38], [37, 37], [28, 20], [27, 30], [43, 41], [32, 47], [25, 45], [46, 23], [4, 8], [37, 33], [43, 5], [23, 11], [36, 49], [4, 16], [27, 19], [23, 46], [45, 31], [26, 44], [22, 3], [13, 39], [40, 22], [0, 36], [42, 31], [43, 43], [1, 46], [6, 42], [16, 28], [49, 24], [34, 6], [10, 6], [10, 19], [39, 14], [32, 24], [13, 3], [16, 3], [2, 14], [32, 1], [47, 3], [1, 41], [41, 16], [19, 38], [8, 11], [18, 26], [44, 14], [35, 15], [13, 0], [27, 38], [32, 26], [32, 33], [34, 23], [24, 39], [30, 42], [37, 10], [25, 7], [6, 1], [21, 1], [25, 49], [7, 11], [10, 49], [8, 3], [23, 26], [22, 31], [14, 29], [3, 24], [42, 29], [8, 49], [15, 37], [21, 48], [19, 47], [11, 5], [35, 20], [18, 47], [31, 10], [33, 25], [2, 7], [25, 29], [32, 19], [43, 27], [23, 38], [41, 7], [37, 39], [18, 38], [3, 4], [9, 39]]}