{"meta": {"number_of_robots": 162, "description": {"parameters": {"seed": 1984, "shape": [30, 30], "obstacles": {"n": 20, "mean": 5, "std": 2.5}, "clusters": {"n": 20, "mean": 10, "std": 5.0, "relative_radius": 2, "increase_factor": 1.3, "start_dist": {"generator_name": "uniform", "shape": [30, 30], "min": 1.0, "max": 1.0, "mean": 1.0, "std": 0.0, "dtype": "float64", "parameters": {}}, "target_dist": {"generator_name": "uniform", "shape": [30, 30], "min": 1.0, "max": 1.0, "mean": 1.0, "std": 0.0, "dtype": "float64", "parameters": {}}}, "density": 0.3, "start_dist": {"generator_name": "uniform", "shape": [30, 30], "min": 1.0, "max": 1.0, "mean": 1.0, "std": 0.0, "dtype": "float64", "parameters": {}}, "target_dist": {"generator_name": "uniform", "shape": [30, 30], "min": 1.0, "max": 1.0, "mean": 1.0, "std": 0.0, "dtype": "float64", "parameters": {}}}, "stats": {"date": "2020-11-17", "free_area": 537.0, "number_of_clustered_robots": 162, "number_of_robots": 162}}}, "name": "medium_002_30x30_30_162", "obstacles": [[1, 16], [1, 17], [1, 18], [1, 19], [1, 20], [1, 21], [1, 22], [2, 16], [2, 22], [3, 16], [3, 22], [4, 1], [4, 2], [4, 3], [4, 4], [4, 5], [4, 6], [4, 16], [4, 23], [4, 24], [4, 25], [4, 26], [4, 27], [4, 28], [5, 1], [5, 6], [5, 12], [5, 13], [5, 14], [5, 16], [5, 25], [6, 1], [6, 6], [6, 12], [6, 14], [6, 16], [6, 25], [7, 1], [7, 6], [7, 9], [7, 10], [7, 11], [7, 15], [7, 23], [7, 24], [7, 25], [8, 0], [8, 6], [8, 9], [8, 22], [9, 0], [9, 6], [9, 9], [9, 22], [10, 0], [10, 1], [10, 2], [10, 6], [10, 9], [10, 21], [11, 3], [11, 6], [11, 9], [11, 21], [12, 3], [12, 6], [12, 9], [12, 16], [12, 17], [12, 18], [12, 19], [12, 20], [12, 21], [13, 3], [13, 4], [13, 5], [13, 6], [13, 9], [13, 15], [14, 9], [14, 15], [15, 9], [15, 16], [15, 17], [15, 18], [16, 3], [16, 4], [16, 5], [16, 6], [16, 7], [16, 8], [16, 18], [17, 1], [17, 2], [17, 18], [18, 1], [18, 10], [18, 11], [18, 12], [18, 13], [18, 18], [19, 1], [19, 9], [19, 14], [19, 18], [20, 1], [20, 2], [20, 3], [20, 4], [20, 5], [20, 6], [20, 7], [20, 8], [20, 9], [20, 14], [20, 18], [21, 14], [21, 18], [22, 14], [22, 18], [23, 14], [23, 18], [24, 14], [24, 18], [25, 14], [25, 18], [25, 20], [25, 21], [25, 22], [25, 23], [25, 24], [25, 25], [25, 26], [26, 14], [26, 15], [26, 16], [26, 17], [26, 18], [26, 20], [26, 26], [27, 20], [27, 26], [28, 20], [28, 21], [28, 22], [28, 23], [28, 24], [28, 25], [28, 26]], "starts": [[21, 21], [9, 26], [0, 10], [9, 28], [1, 29], [15, 20], [7, 26], [1, 13], [2, 28], [22, 24], [22, 4], [15, 6], [28, 29], [2, 26], [23, 13], [1, 2], [22, 7], [24, 5], [29, 0], [6, 29], [1, 28], [3, 8], [8, 29], [23, 20], [14, 16], [14, 28], [1, 25], [14, 18], [14, 23], [21, 5], [27, 3], [23, 7], [5, 28], [1, 26], [3, 3], [2, 12], [3, 28], [26, 28], [21, 10], [2, 1], [27, 4], [20, 21], [13, 18], [14, 6], [7, 27], [13, 26], [6, 28], [2, 7], [12, 25], [11, 24], [14, 22], [2, 25], [22, 0], [23, 4], [25, 10], [8, 28], [19, 21], [16, 23], [2, 29], [5, 7], [0, 16], [8, 27], [7, 28], [3, 25], [28, 28], [23, 12], [3, 5], [26, 4], [1, 23], [17, 25], [18, 26], [25, 3], [23, 22], [15, 21], [5, 10], [10, 24], [23, 3], [14, 8], [23, 9], [6, 26], [3, 27], [10, 27], [1, 27], [7, 8], [0, 12], [16, 21], [11, 22], [15, 25], [6, 27], [20, 28], [0, 29], [21, 6], [5, 26], [27, 29], [19, 10], [0, 3], [27, 1], [0, 8], [22, 6], [22, 11], [5, 29], [14, 27], [2, 24], [22, 21], [17, 20], [10, 26], [0, 28], [13, 22], [4, 7], [3, 11], [16, 26], [15, 7], [21, 2], [7, 29], [3, 24], [17, 23], [13, 21], [11, 28], [1, 24], [21, 0], [24, 10], [8, 25], [1, 8], [26, 29], [20, 12], [3, 2], [25, 0], [0, 22], [15, 19], [9, 27], [18, 23], [0, 26], [25, 2], [17, 21], [15, 22], [8, 8], [3, 12], [11, 27], [5, 27], [0, 24], [10, 23], [26, 3], [12, 8], [24, 9], [4, 29], [1, 5], [18, 19], [17, 22], [16, 25], [15, 24], [25, 4], [0, 23], [28, 27], [22, 9], [3, 1], [26, 0], [9, 25], [0, 21], [11, 25], [2, 8], [3, 14], [2, 27]], "targets": [[3, 5], [16, 26], [24, 7], [20, 23], [22, 24], [19, 24], [15, 24], [24, 13], [24, 12], [5, 11], [3, 4], [16, 22], [2, 7], [14, 1], [16, 20], [27, 3], [14, 20], [24, 26], [20, 24], [2, 26], [27, 19], [25, 10], [16, 24], [3, 7], [22, 29], [8, 25], [21, 8], [12, 25], [2, 12], [24, 27], [2, 0], [17, 22], [0, 29], [26, 27], [25, 11], [29, 13], [14, 24], [1, 4], [20, 21], [27, 0], [23, 22], [5, 9], [23, 24], [14, 28], [17, 21], [9, 25], [24, 9], [24, 10], [13, 24], [16, 28], [1, 14], [15, 7], [29, 29], [3, 2], [16, 21], [1, 27], [6, 7], [22, 27], [19, 23], [29, 7], [29, 14], [15, 27], [13, 29], [24, 5], [2, 6], [17, 20], [25, 4], [24, 21], [27, 27], [18, 24], [3, 12], [28, 28], [1, 11], [23, 29], [28, 11], [15, 26], [1, 3], [16, 25], [17, 23], [3, 25], [17, 19], [13, 28], [22, 11], [29, 10], [27, 16], [4, 9], [24, 29], [12, 23], [17, 24], [2, 13], [15, 5], [26, 29], [24, 24], [0, 8], [14, 21], [29, 0], [22, 22], [29, 8], [3, 3], [18, 23], [0, 25], [11, 27], [28, 6], [5, 8], [19, 27], [20, 25], [20, 28], [12, 22], [24, 6], [25, 12], [0, 15], [11, 22], [24, 28], [22, 28], [17, 28], [2, 9], [20, 26], [11, 28], [27, 5], [2, 2], [14, 19], [2, 27], [27, 8], [4, 10], [15, 25], [26, 3], [22, 21], [19, 21], [10, 24], [18, 28], [5, 15], [15, 6], [24, 25], [1, 9], [21, 27], [26, 8], [29, 11], [12, 27], [22, 6], [19, 25], [21, 26], [5, 0], [15, 23], [19, 22], [3, 27], [24, 11], [0, 6], [21, 24], [10, 23], [1, 13], [29, 27], [21, 25], [2, 4], [15, 20], [29, 4], [20, 27], [12, 24], [26, 9], [15, 22], [28, 9], [28, 13], [27, 18]]}