{"meta": {"number_of_robots": 1141, "description": {"parameters": {"seed": 8517, "shape": [50, 50], "obstacles": {"n": 20, "mean": 10, "std": 5.0}, "clusters": {"n": 20, "mean": 10, "std": 5.0, "relative_radius": 2, "increase_factor": 1.3, "start_dist": {"generator_name": "uniform", "shape": [50, 50], "min": 1.0, "max": 1.0, "mean": 1.0, "std": 0.0, "dtype": "float64", "parameters": {}}, "target_dist": {"generator_name": "uniform", "shape": [50, 50], "min": 1.0, "max": 1.0, "mean": 1.0, "std": 0.0, "dtype": "float64", "parameters": {}}}, "density": 0.9, "start_dist": {"generator_name": "uniform", "shape": [50, 50], "min": 1.0, "max": 1.0, "mean": 1.0, "std": 0.0, "dtype": "float64", "parameters": {}}, "target_dist": {"generator_name": "uniform", "shape": [50, 50], "min": 1.0, "max": 1.0, "mean": 1.0, "std": 0.0, "dtype": "float64", "parameters": {}}}, "stats": {"date": "2020-11-17", "free_area": 1267.0, "number_of_clustered_robots": 224, "number_of_robots": 1141}}}, "name": "medium_013_50x50_90_1141", "obstacles": [[1, 12], [1, 13], [1, 14], [1, 15], [1, 16], [1, 17], [1, 18], [1, 19], [1, 20], [1, 21], [1, 22], [1, 23], [1, 24], [1, 25], [1, 26], [1, 27], [1, 28], [2, 12], [2, 28], [3, 12], [3, 28], [4, 12], [4, 28], [5, 12], [5, 28], [6, 12], [6, 28], [7, 12], [7, 29], [7, 30], [7, 31], [8, 5], [8, 6], [8, 7], [8, 8], [8, 12], [8, 31], [8, 35], [8, 36], [8, 37], [8, 38], [8, 39], [8, 40], [8, 41], [8, 42], [8, 43], [8, 44], [8, 45], [8, 46], [8, 47], [9, 5], [9, 8], [9, 12], [9, 31], [9, 35], [9, 47], [10, 5], [10, 8], [10, 12], [10, 13], [10, 14], [10, 15], [10, 16], [10, 17], [10, 31], [10, 35], [10, 47], [11, 5], [11, 8], [11, 18], [11, 19], [11, 20], [11, 21], [11, 22], [11, 23], [11, 31], [11, 33], [11, 34], [11, 48], [12, 5], [12, 8], [12, 24], [12, 31], [12, 33], [12, 48], [13, 5], [13, 6], [13, 7], [13, 8], [13, 24], [13, 31], [13, 33], [13, 48], [14, 24], [14, 31], [14, 33], [14, 48], [15, 24], [15, 31], [15, 33], [15, 48], [16, 24], [16, 31], [16, 33], [16, 48], [17, 24], [17, 31], [17, 33], [17, 48], [18, 24], [18, 31], [18, 33], [18, 48], [19, 12], [19, 13], [19, 14], [19, 15], [19, 16], [19, 17], [19, 18], [19, 19], [19, 20], [19, 21], [19, 22], [19, 23], [19, 32], [19, 48], [20, 12], [20, 48], [21, 12], [21, 47], [22, 12], [22, 47], [23, 12], [23, 47], [24, 9], [24, 10], [24, 11], [24, 43], [24, 44], [24, 45], [24, 46], [24, 47], [25, 9], [25, 42], [26, 9], [26, 42], [27, 6], [27, 7], [27, 8], [27, 42], [28, 6], [28, 42], [29, 6], [29, 42], [30, 6], [30, 42], [31, 6], [31, 25], [31, 26], [31, 42], [32, 6], [32, 15], [32, 24], [32, 27], [32, 42], [33, 6], [33, 7], [33, 8], [33, 9], [33, 10], [33, 11], [33, 12], [33, 13], [33, 14], [33, 16], [33, 24], [33, 27], [33, 42], [34, 16], [34, 24], [34, 27], [34, 28], [34, 42], [35, 16], [35, 24], [35, 29], [35, 41], [36, 14], [36, 15], [36, 25], [36, 26], [36, 27], [36, 29], [36, 41], [37, 14], [37, 27], [37, 29], [37, 30], [37, 31], [37, 32], [37, 33], [37, 34], [37, 35], [37, 41], [38, 14], [38, 27], [38, 36], [38, 41], [39, 14], [39, 27], [39, 36], [39, 41], [40, 14], [40, 27], [40, 36], [40, 41], [41, 14], [41, 27], [41, 36], [41, 41], [42, 14], [42, 27], [42, 36], [42, 41], [43, 14], [43, 27], [43, 36], [43, 41], [44, 14], [44, 15], [44, 16], [44, 17], [44, 18], [44, 19], [44, 20], [44, 21], [44, 22], [44, 23], [44, 24], [44, 25], [44, 26], [44, 27], [44, 36], [44, 41], [45, 36], [45, 37], [45, 38], [45, 39], [45, 40], [45, 41]], "starts": [[45, 17], [38, 12], [46, 17], [46, 6], [6, 45], [33, 2], [3, 1], [33, 3], [42, 44], [22, 4], [43, 7], [47, 38], [46, 12], [42, 10], [16, 32], [19, 2], [29, 45], [39, 47], [47, 23], [42, 29], [49, 31], [12, 32], [37, 44], [33, 1], [35, 2], [49, 13], [24, 49], [36, 13], [42, 12], [6, 3], [24, 5], [38, 49], [14, 5], [48, 19], [48, 35], [14, 32], [47, 20], [38, 42], [46, 8], [37, 3], [6, 48], [39, 6], [39, 33], [48, 5], [45, 33], [17, 32], [27, 44], [37, 45], [34, 12], [47, 15], [6, 0], [25, 3], [40, 4], [35, 1], [34, 44], [14, 2], [49, 25], [47, 36], [11, 32], [35, 3], [45, 16], [32, 43], [47, 8], [45, 11], [46, 7], [25, 49], [47, 33], [18, 32], [36, 2], [33, 15], [46, 14], [1, 1], [22, 1], [33, 43], [4, 47], [36, 4], [41, 28], [34, 49], [18, 2], [49, 24], [43, 8], [47, 32], [15, 32], [49, 15], [36, 9], [23, 48], [32, 45], [34, 0], [34, 14], [49, 10], [0, 0], [17, 9], [45, 35], [13, 32], [42, 13], [47, 10], [40, 44], [45, 6], [34, 5], [36, 49], [17, 3], [45, 21], [28, 48], [46, 30], [9, 33], [2, 47], [38, 4], [40, 28], [49, 16], [38, 43], [35, 13], [43, 11], [0, 2], [24, 2], [46, 5], [34, 7], [47, 37], [9, 32], [33, 5], [41, 49], [15, 1], [48, 14], [46, 11], [29, 46], [31, 43], [46, 20], [47, 29], [9, 34], [37, 1], [48, 13], [38, 13], [48, 11], [3, 2], [22, 5], [49, 19], [39, 42], [3, 48], [32, 4], [40, 32], [46, 31], [10, 32], [29, 44], [42, 7], [30, 5], [40, 48], [17, 6], [49, 23], [35, 43], [48, 7], [44, 13], [46, 38], [10, 33], [36, 11], [45, 12], [1, 3], [21, 5], [36, 0], [45, 14], [30, 4], [28, 44], [36, 45], [49, 38], [10, 34], [45, 7], [37, 46], [18, 3], [47, 21], [6, 47], [36, 6], [38, 31], [31, 46], [34, 11], [44, 9], [4, 0], [25, 7], [30, 1], [46, 33], [6, 41], [48, 15], [41, 13], [27, 47], [43, 5], [45, 20], [36, 46], [38, 1], [46, 37], [6, 42], [44, 7], [36, 3], [37, 47], [15, 2], [45, 23], [37, 12], [45, 10], [4, 2], [17, 5], [26, 43], [35, 45], [49, 33], [7, 37], [46, 9], [4, 45], [38, 5], [42, 33], [37, 4], [43, 12], [46, 15], [31, 47], [49, 36], [12, 23], [36, 47], [22, 3], [48, 21], [35, 12], [43, 10], [3, 4], [19, 7], [25, 43], [47, 7], [32, 2], [29, 2], [38, 45], [49, 29], [6, 35], [47, 44], [47, 48], [17, 7], [35, 25], [18, 18], [16, 18], [10, 11], [12, 18], [24, 0], [14, 7], [23, 49], [48, 31], [45, 26], [7, 11], [37, 28], [49, 9], [21, 48], [36, 12], [47, 3], [0, 7], [7, 42], [0, 38], [2, 5], [7, 47], [3, 33], [27, 1], [6, 36], [8, 32], [20, 7], [7, 4], [45, 43], [3, 34], [18, 13], [21, 4], [18, 19], [42, 49], [18, 12], [10, 2], [45, 31], [37, 6], [29, 0], [24, 48], [42, 11], [41, 46], [30, 46], [49, 37], [32, 47], [4, 30], [25, 44], [3, 6], [15, 13], [29, 3], [6, 8], [47, 47], [1, 37], [37, 2], [42, 34], [39, 45], [11, 9], [41, 8], [34, 9], [2, 36], [13, 11], [49, 41], [33, 46], [43, 49], [25, 8], [0, 39], [9, 0], [1, 48], [19, 3], [40, 12], [30, 49], [9, 10], [23, 5], [3, 45], [49, 30], [47, 24], [3, 32], [16, 49], [49, 0], [20, 3], [18, 10], [6, 38], [46, 36], [4, 41], [43, 13], [2, 41], [29, 47], [42, 31], [47, 30], [49, 32], [10, 3], [4, 9], [46, 4], [38, 30], [0, 12], [20, 2], [13, 19], [1, 10], [6, 11], [18, 49], [13, 22], [0, 45], [39, 29], [40, 34], [41, 11], [47, 9], [48, 0], [26, 46], [39, 48], [39, 0], [22, 6], [3, 36], [4, 34], [40, 30], [39, 30], [46, 34], [22, 8], [27, 0], [25, 1], [34, 48], [49, 47], [21, 8], [47, 14], [8, 1], [6, 1], [14, 17], [47, 0], [28, 47], [13, 14], [10, 4], [45, 3], [17, 49], [3, 49], [5, 37], [17, 23], [16, 8], [34, 4], [26, 4], [8, 4], [36, 43], [30, 44], [37, 8], [2, 3], [37, 0], [1, 32], [0, 5], [7, 6], [11, 2], [0, 41], [3, 44], [5, 48], [39, 1], [16, 7], [41, 12], [49, 3], [26, 3], [2, 40], [35, 42], [13, 21], [18, 7], [16, 6], [7, 40], [0, 9], [12, 4], [39, 5], [7, 44], [37, 49], [14, 14], [18, 5], [47, 5], [4, 29], [49, 46], [40, 1], [14, 9], [45, 30], [33, 4], [11, 16], [12, 19], [48, 42], [23, 1], [14, 12], [44, 0], [21, 0], [44, 49], [37, 13], [47, 42], [41, 33], [28, 45], [38, 47], [37, 5], [3, 47], [3, 9], [18, 23], [41, 32], [45, 24], [9, 9], [14, 8], [43, 3], [49, 26], [25, 45], [3, 30], [43, 2], [30, 0], [22, 2], [12, 20], [5, 42], [46, 32], [38, 44], [1, 9], [33, 45], [43, 34], [0, 10], [0, 17], [28, 49], [23, 3], [4, 46], [15, 19], [0, 42], [44, 1], [15, 5], [2, 45], [6, 5], [47, 4], [1, 39], [49, 18], [44, 32], [2, 8], [45, 42], [48, 22], [47, 41], [43, 29], [49, 11], [20, 10], [44, 8], [46, 39], [46, 18], [45, 15], [47, 39], [28, 3], [45, 18], [47, 31], [44, 44], [22, 11], [17, 11], [6, 29], [5, 38], [18, 9], [27, 49], [48, 10], [17, 13], [43, 47], [11, 49], [2, 48], [46, 2], [15, 3], [48, 8], [30, 45], [6, 33], [44, 31], [26, 48], [38, 10], [44, 28], [47, 13], [40, 2], [22, 0], [11, 14], [44, 4], [1, 33], [6, 34], [28, 5], [12, 16], [39, 9], [19, 10], [15, 21], [35, 47], [1, 34], [39, 8], [14, 20], [31, 5], [0, 28], [43, 35], [14, 1], [7, 46], [3, 37], [15, 7], [32, 1], [39, 7], [25, 2], [49, 14], [27, 4], [45, 29], [48, 45], [1, 44], [19, 6], [3, 7], [23, 11], [27, 5], [31, 45], [2, 43], [40, 43], [27, 45], [38, 34], [39, 31], [3, 41], [12, 49], [4, 3], [8, 3], [40, 7], [13, 4], [19, 4], [6, 37], [46, 26], [13, 12], [4, 4], [14, 21], [34, 47], [16, 3], [5, 5], [15, 20], [43, 4], [17, 21], [4, 38], [9, 11], [15, 17], [48, 38], [35, 27], [45, 4], [7, 3], [19, 5], [38, 33], [41, 10], [0, 4], [4, 39], [5, 9], [28, 43], [6, 44], [0, 16], [43, 6], [0, 36], [42, 48], [23, 0], [49, 45], [26, 0], [49, 28], [41, 47], [17, 20], [12, 12], [39, 2], [16, 12], [16, 0], [12, 3], [33, 26], [0, 24], [41, 1], [28, 4], [1, 40], [45, 34], [48, 17], [48, 9], [17, 2], [19, 11], [13, 1], [2, 7], [15, 15], [46, 43], [7, 32], [1, 49], [40, 31], [36, 10], [14, 6], [0, 31], [41, 48], [45, 46], [45, 2], [47, 12], [0, 34], [44, 35], [4, 48], [40, 45], [35, 49], [24, 4], [1, 11], [38, 11], [7, 5], [8, 49], [12, 21], [47, 35], [1, 29], [6, 30], [35, 4], [2, 34], [2, 31], [41, 35], [0, 32], [46, 24], [48, 27], [29, 5], [34, 26], [47, 40], [37, 42], [45, 25], [48, 28], [11, 11], [0, 35], [40, 3], [7, 48], [2, 42], [0, 49], [7, 0], [9, 48], [3, 46], [26, 2], [35, 44], [42, 35], [46, 16], [46, 10], [43, 30], [49, 44], [42, 42], [14, 4], [31, 0], [35, 8], [2, 11], [18, 21], [40, 8], [45, 44], [1, 46], [27, 48], [0, 43], [15, 10], [21, 3], [42, 32], [47, 34], [5, 29], [48, 4], [36, 7], [42, 4], [4, 32], [49, 27], [40, 42], [26, 47], [48, 49], [39, 35], [18, 0], [38, 8], [4, 42], [18, 4], [6, 46], [41, 5], [34, 15], [12, 11], [11, 17], [17, 19], [48, 3], [25, 46], [36, 28], [40, 11], [44, 2], [47, 19], [12, 13], [0, 18], [29, 49], [40, 49], [43, 33], [3, 39], [32, 26], [6, 10], [17, 0], [40, 47], [13, 23], [4, 49], [16, 10], [5, 1], [44, 11], [24, 8], [24, 7], [20, 8], [48, 6], [5, 31], [11, 4], [8, 9], [33, 0], [5, 2], [42, 9], [33, 48], [14, 15], [5, 47], [23, 10], [8, 33], [31, 2], [48, 30], [49, 12], [46, 46], [4, 8], [45, 49], [10, 1], [29, 43], [41, 6], [48, 40], [34, 46], [30, 3], [5, 40], [40, 13], [39, 32], [27, 2], [0, 29], [33, 47], [0, 11], [20, 49], [4, 1], [35, 0], [44, 29], [48, 41], [0, 23], [47, 6], [47, 11], [14, 23], [47, 25], [48, 36], [0, 13], [3, 29], [44, 6], [45, 32], [2, 38], [17, 8], [6, 2], [31, 48], [17, 18], [46, 22], [32, 49], [36, 8], [30, 43], [34, 8], [8, 11], [4, 31], [49, 8], [42, 6], [34, 13], [5, 43], [15, 22], [48, 12], [43, 48], [41, 44], [42, 47], [1, 7], [42, 8], [18, 16], [34, 43], [21, 2], [13, 3], [37, 11], [13, 9], [21, 9], [0, 37], [14, 11], [49, 22], [16, 5], [5, 45], [22, 48], [49, 1], [9, 2], [48, 46], [43, 28], [5, 11], [41, 3], [23, 6], [16, 4], [32, 46], [2, 30], [15, 9], [1, 45], [49, 21], [35, 7], [6, 6], [45, 9], [44, 33], [49, 35], [2, 35], [0, 19], [4, 43], [38, 35], [5, 34], [49, 42], [45, 13], [21, 10], [49, 20], [10, 48], [46, 1], [41, 4], [48, 18], [0, 15], [21, 7], [47, 1], [17, 4], [15, 8], [48, 2], [44, 46], [5, 39], [35, 48], [16, 23], [16, 9], [46, 19], [23, 8], [15, 0], [9, 4], [28, 1], [4, 33], [6, 39], [22, 9], [28, 46], [3, 10], [47, 28], [3, 5], [44, 34], [1, 36], [3, 3], [2, 49], [37, 10], [26, 6], [21, 6], [32, 25], [6, 31], [46, 28], [1, 42], [3, 11], [30, 47], [38, 29], [20, 9], [46, 21], [39, 13], [2, 6], [46, 40], [27, 43], [5, 3], [4, 7], [17, 22], [37, 7], [47, 26], [46, 42], [41, 42], [40, 6], [37, 48], [45, 1], [46, 27], [18, 15], [9, 3], [45, 45], [45, 47], [11, 15], [45, 27], [25, 5], [36, 1], [20, 0], [49, 40], [41, 34], [7, 10], [46, 49], [12, 0], [21, 11], [47, 27], [25, 6], [20, 11], [49, 5], [15, 6], [0, 40], [49, 2], [1, 6], [2, 4], [21, 49], [39, 44], [1, 8], [24, 1], [48, 29], [13, 0], [39, 11], [5, 8], [7, 39], [14, 16], [18, 1], [0, 1], [47, 22], [48, 44], [44, 12], [18, 17], [1, 0], [5, 32], [0, 48], [0, 20], [37, 9], [2, 29], [11, 1], [38, 2], [48, 1], [34, 1], [26, 45], [45, 5], [39, 46], [6, 40], [17, 12], [3, 8], [0, 26], [10, 9], [25, 4], [32, 44], [30, 2], [22, 10], [0, 30], [47, 17], [1, 31], [44, 30], [1, 5], [15, 23], [34, 45], [46, 45], [19, 49], [33, 44], [15, 12], [41, 31], [1, 30], [39, 4], [49, 7], [0, 21], [46, 0], [13, 13], [16, 17], [41, 29], [39, 10], [3, 43], [4, 36], [45, 48], [43, 9], [7, 34], [5, 4], [39, 3], [5, 10], [38, 28], [11, 0], [45, 19], [10, 10], [6, 4], [45, 22], [32, 0], [47, 18], [37, 43], [43, 31], [40, 9], [16, 21], [6, 49], [5, 35], [14, 49], [44, 5], [26, 5], [49, 39], [7, 9], [34, 3], [49, 6], [46, 25], [44, 42], [26, 7], [40, 35], [42, 28], [5, 36], [32, 48], [0, 44], [23, 2], [38, 7], [0, 8], [7, 45], [13, 18], [20, 6], [14, 13], [45, 0], [41, 9], [4, 44], [23, 9], [40, 33], [15, 18], [42, 45], [48, 23], [0, 6], [15, 49], [27, 3], [32, 5], [2, 39], [3, 40], [4, 10], [4, 6], [42, 46], [12, 9], [1, 35], [8, 48], [4, 37], [42, 43], [5, 0], [20, 4], [33, 49], [29, 1], [39, 12], [15, 4], [18, 20], [41, 43], [35, 28], [34, 25], [27, 46], [3, 35], [13, 20], [43, 1], [43, 42], [43, 43], [46, 44], [38, 6], [5, 6], [4, 35], [46, 47], [48, 39], [28, 2], [11, 10], [5, 44], [44, 10], [43, 44], [46, 23], [31, 44], [47, 43], [36, 42], [15, 16], [14, 10], [49, 17], [21, 1], [35, 9], [5, 33], [0, 14], [47, 49], [12, 1], [26, 8], [16, 22], [39, 43], [19, 1], [48, 47], [23, 7], [7, 43], [7, 36], [45, 8], [39, 28], [39, 34], [42, 3], [2, 33], [13, 49], [48, 33], [5, 7], [47, 2], [49, 43], [42, 1], [49, 34], [31, 1], [7, 49], [48, 20], [38, 3], [18, 22], [46, 3], [17, 15], [8, 34], [0, 22], [29, 4], [9, 49], [36, 48], [10, 49], [16, 2], [36, 44], [15, 11], [40, 10], [13, 10], [7, 2], [16, 13], [20, 5], [0, 47], [24, 6], [17, 10], [43, 32], [16, 1], [30, 48], [13, 16], [3, 38], [2, 37], [18, 14], [12, 15], [7, 41], [16, 20], [40, 5], [22, 7], [46, 48], [1, 47], [7, 38], [12, 17], [44, 47], [48, 32], [19, 0], [7, 8], [12, 2], [41, 7], [3, 42], [28, 0], [16, 14], [13, 17], [40, 29], [2, 1], [2, 10], [48, 43], [17, 16], [22, 49], [48, 26], [35, 15], [7, 35], [2, 2], [48, 48], [5, 49]], "targets": [[30, 43], [0, 48], [5, 9], [3, 3], [7, 0], [44, 42], [45, 43], [32, 3], [46, 36], [39, 32], [37, 7], [40, 0], [12, 2], [45, 6], [13, 19], [46, 4], [6, 46], [48, 43], [42, 31], [46, 45], [47, 0], [7, 11], [40, 46], [45, 42], [35, 4], [39, 11], [6, 41], [5, 48], [4, 11], [48, 39], [46, 2], [47, 34], [47, 30], [44, 33], [45, 0], [16, 19], [27, 45], [46, 47], [49, 3], [42, 46], [5, 3], [31, 5], [46, 46], [41, 8], [47, 5], [13, 18], [5, 41], [48, 42], [0, 47], [0, 10], [46, 43], [44, 0], [6, 2], [44, 46], [46, 33], [41, 35], [48, 32], [42, 3], [14, 18], [29, 2], [27, 47], [49, 45], [41, 9], [12, 4], [46, 5], [7, 43], [48, 2], [12, 18], [42, 42], [7, 49], [7, 9], [47, 39], [42, 1], [45, 44], [7, 1], [30, 1], [48, 48], [47, 33], [47, 35], [47, 31], [43, 6], [42, 2], [8, 9], [29, 47], [45, 45], [2, 45], [49, 44], [27, 1], [2, 47], [3, 7], [46, 42], [45, 3], [48, 5], [11, 11], [49, 4], [43, 10], [41, 45], [0, 2], [39, 45], [46, 34], [46, 35], [47, 32], [4, 47], [46, 6], [16, 13], [10, 2], [34, 7], [45, 46], [30, 47], [40, 45], [1, 46], [5, 7], [47, 41], [41, 0], [44, 8], [37, 45], [44, 3], [15, 13], [33, 5], [47, 29], [43, 30], [11, 2], [49, 7], [7, 44], [40, 49], [48, 31], [46, 3], [12, 9], [40, 44], [43, 4], [2, 48], [2, 5], [47, 37], [45, 4], [33, 49], [48, 46], [8, 2], [33, 3], [47, 47], [40, 4], [14, 13], [3, 46], [4, 2], [41, 44], [46, 29], [45, 32], [43, 28], [40, 47], [39, 7], [47, 3], [48, 6], [12, 13], [4, 45], [2, 6], [49, 42], [47, 4], [28, 1], [29, 46], [37, 46], [7, 42], [49, 39], [43, 7], [13, 11], [39, 5], [47, 28], [43, 32], [44, 29], [7, 3], [28, 5], [49, 49], [47, 44], [0, 45], [5, 6], [48, 44], [44, 1], [38, 42], [48, 1], [15, 11], [9, 1], [49, 5], [7, 48], [44, 9], [30, 45], [46, 49], [34, 9], [40, 7], [13, 12], [4, 0], [44, 44], [49, 35], [46, 30], [48, 27], [2, 46], [5, 10], [46, 41], [46, 0], [1, 41], [47, 48], [43, 3], [16, 10], [40, 5], [11, 1], [28, 3], [44, 47], [42, 44], [47, 7], [28, 44], [41, 48], [43, 5], [13, 14], [46, 31], [44, 32], [45, 27], [0, 46], [1, 10], [48, 41], [48, 0], [7, 47], [36, 10], [35, 5], [44, 45], [39, 46], [49, 1], [15, 10], [6, 32], [13, 4], [42, 9], [39, 44], [34, 11], [47, 25], [15, 0], [0, 9], [47, 6], [48, 40], [35, 15], [42, 28], [0, 16], [15, 18], [17, 14], [4, 46], [38, 4], [4, 42], [25, 47], [6, 48], [37, 12], [46, 24], [8, 32], [4, 29], [8, 34], [2, 49], [31, 47], [16, 7], [4, 48], [48, 12], [14, 12], [43, 43], [27, 44], [43, 33], [23, 5], [49, 29], [46, 38], [32, 46], [9, 4], [49, 43], [20, 8], [29, 1], [30, 46], [13, 10], [20, 7], [7, 39], [41, 11], [35, 46], [16, 8], [14, 0], [4, 8], [49, 25], [49, 15], [36, 4], [11, 49], [23, 2], [48, 24], [45, 12], [5, 29], [10, 3], [31, 45], [6, 1], [23, 1], [32, 0], [42, 5], [17, 22], [15, 8], [0, 4], [17, 1], [18, 8], [46, 28], [7, 6], [49, 28], [25, 8], [13, 32], [6, 33], [49, 26], [7, 10], [3, 39], [48, 25], [24, 49], [42, 6], [33, 15], [49, 33], [24, 2], [49, 27], [30, 48], [1, 32], [47, 38], [47, 19], [18, 2], [35, 12], [2, 0], [5, 49], [38, 0], [12, 16], [9, 10], [35, 9], [19, 6], [24, 1], [6, 45], [2, 4], [18, 17], [44, 5], [11, 4], [43, 1], [35, 11], [15, 12], [18, 14], [32, 47], [15, 16], [37, 43], [14, 11], [38, 31], [41, 30], [29, 4], [41, 13], [48, 9], [0, 32], [4, 43], [37, 2], [49, 6], [17, 32], [18, 11], [16, 17], [7, 4], [36, 46], [3, 4], [38, 48], [30, 49], [36, 28], [11, 12], [41, 33], [4, 41], [16, 4], [45, 29], [40, 35], [39, 1], [48, 11], [44, 12], [6, 44], [34, 8], [18, 16], [18, 15], [10, 10], [33, 0], [38, 34], [49, 18], [17, 5], [5, 33], [36, 0], [25, 48], [42, 35], [47, 26], [33, 44], [37, 13], [40, 34], [1, 31], [10, 48], [11, 3], [48, 15], [4, 32], [16, 20], [44, 4], [40, 11], [34, 47], [3, 31], [21, 6], [2, 9], [16, 22], [43, 49], [3, 43], [13, 9], [47, 1], [3, 5], [48, 35], [41, 2], [2, 10], [1, 40], [5, 8], [13, 13], [8, 11], [4, 33], [40, 6], [2, 42], [2, 43], [29, 3], [14, 3], [24, 48], [42, 8], [28, 2], [12, 15], [0, 38], [23, 49], [45, 33], [48, 10], [1, 33], [44, 49], [28, 49], [49, 2], [39, 35], [3, 11], [39, 47], [0, 20], [12, 19], [49, 12], [22, 8], [7, 40], [39, 2], [0, 3], [26, 3], [16, 32], [1, 35], [40, 3], [0, 24], [31, 4], [47, 16], [37, 9], [37, 3], [9, 2], [6, 49], [41, 4], [34, 45], [21, 0], [48, 19], [46, 10], [21, 8], [41, 47], [40, 10], [40, 13], [22, 9], [46, 40], [11, 15], [39, 30], [48, 28], [39, 3], [41, 46], [22, 4], [49, 47], [38, 12], [0, 23], [35, 43], [49, 34], [32, 45], [6, 37], [26, 43], [40, 1], [14, 16], [32, 26], [3, 10], [0, 25], [1, 8], [0, 21], [0, 18], [25, 0], [47, 13], [23, 7], [32, 48], [27, 4], [4, 35], [9, 34], [38, 28], [49, 10], [49, 9], [49, 38], [40, 28], [0, 11], [34, 44], [49, 17], [15, 32], [1, 1], [46, 8], [14, 15], [14, 23], [42, 32], [26, 48], [41, 12], [49, 31], [45, 49], [19, 11], [12, 32], [26, 6], [49, 41], [22, 2], [14, 7], [28, 0], [15, 14], [35, 1], [42, 34], [2, 32], [41, 49], [4, 7], [19, 49], [42, 12], [38, 45], [5, 0], [26, 2], [45, 10], [47, 10], [36, 49], [17, 17], [2, 35], [13, 0], [3, 42], [45, 26], [31, 48], [48, 23], [29, 44], [19, 10], [12, 22], [12, 21], [14, 9], [6, 40], [16, 2], [21, 9], [38, 33], [6, 11], [36, 1], [13, 2], [31, 46], [5, 5], [35, 2], [17, 15], [12, 17], [41, 34], [49, 20], [24, 4], [49, 23], [43, 45], [44, 31], [36, 44], [47, 17], [27, 0], [40, 9], [49, 19], [49, 22], [14, 19], [43, 31], [4, 1], [2, 11], [4, 31], [22, 7], [12, 11], [42, 0], [34, 1], [13, 20], [46, 22], [16, 11], [8, 4], [45, 15], [28, 46], [17, 13], [46, 21], [31, 2], [21, 4], [5, 31], [27, 2], [3, 47], [48, 21], [39, 0], [1, 7], [0, 42], [47, 14], [7, 45], [14, 14], [1, 42], [3, 40], [22, 1], [45, 13], [2, 37], [1, 39], [13, 17], [41, 7], [15, 15], [30, 2], [4, 39], [40, 33], [1, 2], [29, 43], [14, 8], [18, 9], [14, 21], [48, 45], [34, 5], [8, 10], [36, 7], [42, 11], [48, 49], [0, 34], [0, 30], [45, 14], [2, 30], [34, 46], [38, 43], [32, 49], [46, 48], [38, 9], [0, 5], [43, 47], [43, 12], [23, 10], [13, 1], [1, 6], [36, 11], [16, 15], [45, 48], [17, 49], [42, 10], [6, 8], [6, 7], [8, 49], [0, 40], [32, 4], [18, 32], [17, 10], [1, 9], [0, 29], [28, 47], [37, 8], [3, 38], [19, 1], [2, 31], [7, 36], [16, 0], [28, 4], [23, 11], [7, 35], [33, 43], [18, 22], [43, 29], [16, 3], [40, 43], [5, 38], [11, 10], [3, 2], [45, 35], [38, 13], [47, 11], [15, 7], [46, 26], [42, 49], [10, 34], [22, 3], [10, 32], [45, 25], [16, 14], [37, 4], [15, 5], [24, 6], [22, 49], [17, 8], [38, 6], [9, 11], [38, 1], [40, 42], [49, 36], [46, 7], [12, 20], [39, 12], [19, 2], [38, 32], [38, 49], [14, 6], [45, 18], [48, 36], [39, 10], [3, 9], [48, 7], [41, 5], [44, 43], [3, 36], [26, 45], [3, 0], [35, 26], [1, 5], [7, 2], [49, 40], [4, 36], [43, 2], [18, 6], [26, 0], [6, 34], [8, 48], [39, 9], [46, 17], [10, 9], [45, 34], [44, 11], [17, 20], [12, 23], [45, 30], [18, 21], [6, 0], [46, 37], [26, 7], [3, 48], [6, 43], [33, 48], [3, 33], [45, 8], [37, 42], [35, 13], [25, 3], [2, 38], [10, 33], [5, 45], [4, 44], [14, 5], [13, 16], [40, 48], [14, 1], [17, 7], [34, 3], [41, 3], [49, 32], [21, 49], [10, 4], [35, 0], [5, 1], [33, 25], [46, 11], [6, 3], [12, 14], [35, 47], [0, 12], [9, 33], [48, 3], [13, 21], [14, 10], [17, 0], [1, 49], [0, 15], [36, 6], [43, 11], [13, 49], [4, 3], [34, 4], [5, 4], [48, 33], [38, 3], [34, 25], [15, 2], [45, 7], [1, 47], [0, 28], [38, 29], [48, 30], [5, 34], [47, 24], [4, 49], [42, 13], [15, 9], [19, 3], [2, 33], [34, 15], [3, 32], [39, 6], [47, 40], [37, 44], [22, 6], [0, 35], [5, 11], [6, 39], [2, 2], [45, 2], [16, 6], [1, 45], [3, 1], [26, 44], [7, 37], [26, 5], [38, 5], [18, 7], [41, 1], [13, 23], [0, 14], [45, 24], [5, 2], [47, 23], [7, 32], [7, 38], [28, 45], [26, 1], [0, 37], [39, 42], [18, 13], [31, 0], [20, 9], [17, 11], [5, 32], [22, 0], [4, 40], [46, 39], [7, 34], [43, 8], [48, 13], [36, 43], [20, 2], [1, 48], [0, 36], [38, 35], [3, 29], [4, 9], [2, 41], [35, 49], [42, 4], [19, 4], [40, 2], [8, 3], [35, 6], [0, 1], [28, 48], [27, 3], [45, 23], [18, 23], [0, 17], [17, 6], [47, 42], [15, 4], [1, 29], [32, 2], [16, 23], [30, 3], [20, 10], [39, 43], [10, 49], [13, 22], [41, 6], [36, 45], [7, 7], [5, 44], [32, 1], [47, 18], [1, 3], [4, 4], [34, 49], [21, 7], [44, 7], [15, 23], [48, 37], [18, 4], [0, 6], [18, 19], [23, 4], [37, 1], [39, 29], [37, 28], [21, 3], [25, 46], [44, 10], [11, 32], [7, 41], [1, 34], [3, 35], [45, 9], [15, 21], [40, 30], [35, 10], [45, 1], [3, 49], [15, 6], [21, 48], [6, 10], [46, 32], [5, 39], [39, 33], [16, 49], [47, 36], [15, 19], [17, 2], [16, 1], [43, 34], [21, 2], [29, 49], [21, 5], [45, 22], [12, 12], [19, 9], [27, 48], [46, 13], [47, 27], [13, 15], [43, 42], [25, 1], [42, 43], [42, 30], [46, 27], [45, 5], [45, 11], [35, 7], [15, 22], [5, 43], [48, 26], [24, 5], [47, 45], [6, 29], [5, 35], [40, 12], [6, 31], [23, 8], [31, 3], [48, 22], [3, 41], [33, 26], [49, 30], [43, 48], [18, 18], [34, 0], [20, 5], [47, 8], [20, 6], [6, 30], [45, 16], [20, 1], [4, 6], [18, 1], [48, 34], [39, 31], [9, 3], [6, 36], [49, 37], [4, 5], [45, 31], [46, 19], [27, 46], [27, 5], [27, 43], [6, 47], [1, 43], [46, 1], [39, 8], [33, 4], [48, 16], [45, 20], [11, 16], [21, 10], [47, 9], [0, 8], [41, 28], [39, 4], [16, 16], [6, 5], [12, 0], [1, 38], [26, 49], [48, 20], [48, 47], [44, 34], [49, 0], [36, 12], [26, 4], [37, 10], [48, 29], [2, 44], [47, 15], [35, 25], [12, 49], [41, 42], [3, 37], [17, 16], [42, 47], [18, 3], [46, 23], [9, 49], [11, 0], [35, 28], [45, 21], [4, 30], [16, 9], [20, 0], [1, 30], [0, 26], [44, 6], [25, 6], [43, 9], [5, 46], [20, 11], [7, 5], [1, 4], [41, 10], [2, 1], [2, 40], [5, 37], [49, 11], [25, 7], [45, 47], [15, 3], [38, 7], [11, 13], [38, 44], [34, 10], [47, 46], [6, 38], [40, 31], [46, 14], [22, 11], [38, 10], [35, 14], [17, 23], [24, 7], [35, 42], [45, 19], [9, 32], [10, 11], [2, 3], [19, 5], [49, 46], [0, 43], [0, 19], [43, 46], [16, 18], [23, 48], [25, 2], [14, 20], [17, 12], [14, 22], [2, 8], [17, 19], [16, 21], [46, 15], [18, 5], [36, 8], [18, 12], [2, 7], [3, 6], [17, 21], [46, 18], [40, 29], [36, 5], [35, 8], [46, 25], [3, 8], [44, 48], [29, 0], [39, 28], [0, 13], [37, 48], [33, 46], [36, 9], [0, 33], [39, 13], [44, 30], [19, 8], [32, 25], [7, 46], [2, 36], [48, 38], [15, 17], [0, 27], [37, 11], [6, 35], [49, 14], [39, 48], [0, 0], [12, 1], [38, 46], [42, 29], [13, 3], [41, 43], [49, 48], [3, 44], [35, 27], [26, 8], [27, 49], [23, 0], [47, 2], [21, 1], [47, 12], [43, 0], [49, 16], [4, 38], [49, 8], [17, 3], [43, 13], [31, 49], [47, 43], [41, 29], [34, 12], [46, 20], [44, 35], [28, 43], [42, 48], [25, 45], [9, 48], [39, 49], [38, 30], [34, 48], [9, 9], [34, 43], [30, 5], [29, 48], [40, 8], [0, 44], [24, 0], [41, 31], [16, 5], [48, 14], [23, 3], [12, 3], [3, 45], [37, 6], [4, 37], [34, 13], [33, 47], [29, 5], [49, 13], [37, 5], [48, 17], [6, 42], [18, 0], [20, 3], [8, 1], [42, 45], [0, 49], [17, 4], [37, 49], [23, 6]]}