{"meta": {"number_of_robots": 407, "description": {"parameters": {"seed": 1535, "shape": [30, 30], "obstacles": {"n": 20, "mean": 5, "std": 2.5}, "clusters": {"n": 10, "mean": 40, "std": 20.0, "relative_radius": 2, "increase_factor": 1.3, "start_dist": {"generator_name": "uniform", "shape": [30, 30], "min": 1.0, "max": 1.0, "mean": 1.0, "std": 0.0, "dtype": "float64", "parameters": {}}, "target_dist": {"generator_name": "uniform", "shape": [30, 30], "min": 1.0, "max": 1.0, "mean": 1.0, "std": 0.0, "dtype": "float64", "parameters": {}}}, "density": 0.9, "start_dist": {"generator_name": "uniform", "shape": [30, 30], "min": 1.0, "max": 1.0, "mean": 1.0, "std": 0.0, "dtype": "float64", "parameters": {}}, "target_dist": {"generator_name": "uniform", "shape": [30, 30], "min": 1.0, "max": 1.0, "mean": 1.0, "std": 0.0, "dtype": "float64", "parameters": {}}}, "stats": {"date": "2020-11-17", "free_area": 452.0, "number_of_clustered_robots": 407, "number_of_robots": 407}}}, "name": "medium_005_30x30_90_407", "obstacles": [[4, 23], [4, 24], [4, 25], [4, 26], [4, 27], [5, 8], [5, 9], [5, 10], [5, 11], [5, 12], [5, 13], [5, 14], [5, 15], [5, 16], [5, 17], [5, 23], [5, 27], [6, 8], [6, 17], [6, 23], [6, 28], [7, 8], [7, 18], [7, 19], [7, 20], [7, 21], [7, 22], [7, 28], [8, 8], [8, 28], [9, 3], [9, 4], [9, 5], [9, 6], [9, 8], [9, 28], [10, 3], [10, 6], [10, 8], [10, 28], [11, 3], [11, 6], [11, 8], [11, 28], [12, 3], [12, 7], [12, 10], [12, 11], [12, 14], [12, 28], [13, 2], [13, 9], [13, 12], [13, 13], [13, 15], [13, 28], [14, 3], [14, 7], [14, 8], [14, 9], [14, 12], [14, 13], [14, 15], [14, 28], [15, 3], [15, 4], [15, 5], [15, 6], [15, 12], [15, 13], [15, 15], [15, 27], [16, 15], [16, 27], [17, 15], [17, 27], [18, 15], [18, 27], [19, 5], [19, 6], [19, 7], [19, 8], [19, 9], [19, 10], [19, 11], [19, 15], [19, 27], [20, 5], [20, 11], [20, 15], [20, 24], [20, 25], [20, 26], [20, 27], [21, 5], [21, 11], [21, 15], [21, 23], [22, 5], [22, 6], [22, 7], [22, 12], [22, 13], [22, 14], [22, 23], [23, 8], [23, 21], [23, 22], [23, 23], [24, 8], [24, 20], [25, 8], [25, 20], [26, 8], [26, 20], [27, 3], [27, 8], [27, 9], [27, 10], [27, 11], [27, 20], [28, 3], [28, 12], [28, 20], [29, 3], [29, 12], [29, 13], [29, 14], [29, 15], [29, 16], [29, 17], [29, 18], [29, 19], [29, 20]], "starts": [[22, 3], [16, 1], [10, 29], [3, 27], [2, 26], [26, 3], [4, 4], [3, 25], [6, 5], [1, 22], [4, 17], [23, 0], [18, 4], [23, 2], [0, 27], [18, 29], [12, 29], [2, 25], [16, 9], [19, 3], [29, 1], [13, 29], [3, 23], [22, 27], [1, 20], [21, 1], [24, 4], [25, 5], [0, 20], [0, 18], [1, 12], [2, 22], [8, 29], [23, 29], [26, 1], [24, 5], [22, 2], [2, 19], [2, 13], [11, 7], [6, 29], [28, 0], [16, 29], [22, 1], [5, 29], [1, 27], [0, 26], [16, 2], [17, 6], [28, 7], [5, 28], [15, 28], [3, 21], [21, 0], [19, 1], [0, 24], [5, 7], [1, 21], [23, 6], [3, 28], [16, 28], [1, 23], [19, 0], [1, 16], [27, 1], [22, 4], [11, 29], [16, 11], [0, 29], [14, 2], [18, 28], [1, 25], [0, 19], [29, 9], [12, 1], [3, 24], [24, 2], [1, 17], [24, 24], [27, 4], [1, 14], [1, 11], [4, 29], [20, 2], [20, 3], [1, 28], [0, 16], [9, 29], [23, 1], [21, 28], [14, 10], [28, 5], [5, 19], [5, 21], [0, 17], [23, 5], [13, 0], [4, 20], [21, 29], [17, 7], [0, 25], [3, 14], [28, 2], [16, 4], [18, 1], [22, 29], [13, 14], [3, 13], [0, 21], [24, 7], [28, 1], [4, 16], [6, 20], [17, 2], [1, 29], [15, 29], [3, 29], [24, 1], [25, 7], [6, 18], [16, 8], [0, 28], [2, 29], [11, 1], [19, 28], [26, 4], [25, 3], [5, 18], [1, 24], [11, 2], [5, 22], [1, 10], [6, 22], [29, 8], [27, 5], [23, 28], [0, 11], [6, 19], [16, 5], [26, 7], [15, 7], [1, 26], [2, 15], [2, 24], [24, 23], [2, 23], [27, 7], [2, 14], [15, 2], [28, 9], [3, 12], [16, 6], [3, 16], [22, 24], [12, 0], [21, 2], [4, 13], [2, 9], [6, 21], [15, 10], [0, 12], [24, 3], [20, 28], [2, 27], [23, 3], [16, 7], [2, 21], [2, 12], [4, 28], [25, 2], [0, 22], [28, 4], [24, 29], [2, 17], [20, 4], [1, 15], [18, 8], [0, 23], [25, 6], [18, 11], [24, 28], [1, 19], [5, 6], [3, 22], [17, 3], [0, 13], [24, 6], [25, 1], [1, 18], [22, 26], [17, 1], [4, 12], [2, 28], [29, 4], [18, 9], [3, 26], [4, 22], [27, 2], [4, 14], [21, 27], [2, 18], [24, 0], [21, 3], [2, 16], [12, 2], [29, 2], [24, 26], [3, 15], [3, 18], [16, 0], [5, 3], [6, 7], [4, 21], [25, 0], [4, 18], [15, 11], [29, 7], [3, 20], [22, 25], [1, 13], [18, 0], [7, 29], [3, 19], [27, 6], [28, 6], [4, 19], [0, 14], [23, 7], [17, 28], [0, 15], [26, 2], [26, 6], [2, 11], [28, 8], [4, 15], [7, 5], [5, 20], [23, 25], [17, 10], [26, 0], [2, 20], [17, 8], [3, 11], [20, 0], [3, 17], [23, 24], [26, 5], [16, 13], [21, 4], [2, 10], [4, 11], [14, 29], [14, 11], [27, 0], [3, 10], [24, 25], [17, 0], [4, 9], [13, 11], [14, 14], [0, 9], [16, 14], [25, 4], [13, 1], [24, 27], [0, 10], [19, 12], [0, 8], [23, 4], [18, 5], [15, 14], [15, 9], [16, 12], [23, 26], [13, 10], [16, 10], [29, 6], [17, 5], [20, 14], [17, 11], [4, 10], [4, 8], [21, 24], [14, 0], [22, 0], [7, 7], [4, 5], [3, 9], [17, 9], [1, 9], [2, 8], [14, 1], [29, 0], [21, 25], [20, 1], [18, 10], [20, 13], [15, 8], [1, 8], [29, 5], [18, 3], [3, 8], [19, 29], [20, 29], [18, 2], [6, 6], [3, 7], [18, 12], [18, 7], [24, 22], [8, 6], [0, 6], [19, 13], [18, 6], [20, 12], [19, 2], [19, 4], [17, 12], [16, 3], [22, 28], [7, 6], [15, 0], [21, 12], [1, 5], [17, 14], [0, 7], [15, 1], [11, 0], [21, 26], [29, 11], [19, 14], [5, 5], [17, 29], [17, 4], [21, 13], [18, 13], [3, 6], [17, 13], [29, 10], [23, 27], [9, 7], [9, 0], [4, 6], [8, 7], [28, 11], [2, 7], [0, 5], [24, 21], [10, 0], [18, 14], [10, 1], [1, 6], [28, 10], [9, 1], [1, 4], [8, 2], [2, 6], [27, 22], [25, 27], [21, 14], [10, 7], [3, 5], [4, 7], [9, 2], [8, 5], [2, 5], [26, 23], [1, 7], [25, 21], [10, 2], [8, 3], [0, 4], [8, 4], [1, 2], [26, 21], [27, 28], [7, 3], [25, 28], [8, 0], [7, 4], [4, 3], [28, 21], [5, 2], [8, 1], [26, 26], [25, 24], [2, 4], [6, 3], [6, 4], [3, 4], [29, 21], [5, 4], [6, 1], [7, 1], [26, 22], [1, 0], [1, 1], [27, 21], [6, 0], [4, 2], [25, 23], [3, 1], [27, 23], [3, 0], [27, 26], [6, 2], [7, 2]], "targets": [[6, 7], [24, 6], [3, 12], [15, 8], [21, 0], [24, 1], [24, 21], [27, 28], [15, 7], [26, 6], [8, 2], [19, 3], [21, 1], [1, 1], [18, 13], [3, 4], [4, 9], [18, 9], [29, 10], [27, 6], [4, 1], [11, 1], [15, 9], [8, 5], [11, 0], [26, 1], [25, 5], [3, 3], [9, 7], [16, 6], [20, 0], [14, 1], [29, 24], [1, 15], [20, 2], [24, 3], [10, 1], [21, 2], [12, 2], [28, 4], [22, 4], [24, 5], [1, 11], [2, 7], [24, 2], [14, 2], [23, 4], [25, 6], [22, 1], [7, 3], [6, 2], [0, 9], [16, 1], [23, 5], [29, 7], [16, 7], [18, 7], [22, 3], [8, 3], [26, 29], [0, 7], [5, 7], [26, 2], [8, 1], [29, 8], [0, 4], [6, 3], [19, 4], [19, 0], [24, 0], [0, 2], [23, 1], [21, 3], [3, 7], [24, 4], [17, 9], [29, 5], [17, 11], [1, 7], [5, 3], [16, 4], [18, 6], [25, 2], [28, 8], [26, 5], [8, 6], [20, 1], [28, 28], [4, 0], [0, 10], [26, 0], [22, 0], [18, 4], [17, 8], [16, 8], [7, 1], [19, 1], [13, 1], [0, 1], [29, 1], [12, 0], [16, 10], [1, 2], [25, 1], [25, 3], [2, 10], [7, 2], [18, 5], [23, 0], [27, 0], [2, 2], [8, 7], [17, 1], [25, 4], [27, 25], [4, 6], [4, 7], [29, 6], [1, 0], [16, 5], [27, 7], [17, 7], [5, 5], [28, 9], [2, 6], [2, 4], [25, 7], [22, 2], [13, 14], [21, 4], [9, 0], [18, 1], [25, 0], [9, 2], [28, 7], [2, 13], [16, 11], [4, 4], [29, 4], [0, 8], [29, 0], [26, 23], [7, 6], [11, 2], [2, 12], [23, 2], [28, 0], [20, 4], [26, 4], [3, 0], [10, 2], [28, 11], [15, 0], [1, 14], [23, 6], [5, 6], [10, 0], [18, 3], [17, 6], [27, 4], [17, 12], [27, 5], [2, 11], [11, 7], [4, 8], [19, 2], [6, 1], [10, 7], [26, 25], [28, 6], [18, 2], [3, 1], [4, 3], [17, 2], [18, 0], [16, 3], [29, 2], [17, 0], [1, 3], [18, 11], [2, 5], [8, 0], [17, 3], [26, 7], [28, 2], [15, 11], [4, 5], [23, 3], [5, 0], [5, 4], [23, 7], [21, 12], [12, 1], [5, 1], [29, 11], [28, 27], [16, 9], [28, 1], [13, 0], [3, 2], [19, 13], [0, 3], [18, 8], [7, 4], [26, 3], [7, 7], [0, 5], [5, 2], [17, 14], [27, 1], [25, 23], [17, 4], [14, 10], [28, 5], [9, 1], [27, 2], [3, 6], [14, 0], [4, 15], [6, 6], [24, 7], [17, 10], [29, 25], [20, 3], [1, 8], [15, 1], [21, 14], [18, 10], [3, 15], [4, 2], [29, 9], [3, 8], [14, 14], [28, 10], [6, 0], [16, 0], [15, 10], [2, 1], [19, 12], [1, 6], [17, 5], [16, 2], [8, 4], [17, 13], [6, 4], [3, 9], [2, 8], [15, 2], [14, 11], [6, 5], [20, 14], [25, 27], [19, 14], [2, 3], [7, 5], [2, 14], [16, 14], [13, 11], [20, 12], [7, 0], [13, 10], [18, 12], [3, 5], [18, 14], [4, 11], [4, 12], [16, 13], [16, 12], [2, 0], [20, 13], [3, 10], [15, 14], [21, 13], [1, 4], [6, 19], [2, 9], [0, 6], [6, 22], [29, 29], [29, 23], [1, 12], [6, 18], [0, 14], [4, 20], [0, 0], [3, 11], [5, 18], [5, 19], [28, 22], [1, 10], [3, 16], [3, 13], [1, 5], [3, 14], [24, 22], [1, 9], [24, 23], [24, 24], [6, 21], [0, 11], [26, 22], [4, 10], [1, 13], [26, 28], [22, 26], [4, 13], [25, 21], [0, 12], [29, 22], [0, 13], [4, 16], [4, 14], [4, 18], [4, 19], [27, 22], [0, 15], [1, 19], [2, 15], [28, 25], [0, 18], [2, 16], [25, 22], [5, 20], [4, 21], [27, 21], [1, 16], [5, 22], [28, 21], [3, 17], [0, 20], [0, 16], [1, 20], [28, 29], [22, 25], [27, 23], [6, 20], [4, 17], [5, 21], [1, 18], [2, 17], [2, 18], [28, 24], [3, 20], [28, 23], [0, 19], [26, 21], [1, 23], [1, 17], [24, 26], [3, 19], [29, 21], [3, 18], [2, 19], [3, 26], [4, 22], [3, 23], [2, 20], [0, 17], [26, 26], [23, 25], [3, 21], [1, 21], [25, 24], [28, 26], [25, 29], [2, 23], [0, 21], [2, 21], [3, 24], [27, 26], [22, 24], [0, 22], [1, 22], [23, 24], [3, 25], [1, 25], [3, 22], [27, 24], [23, 27], [2, 22], [15, 28], [25, 26], [23, 26], [2, 24], [0, 23], [29, 26], [22, 28], [19, 28], [1, 24], [2, 27], [1, 26], [26, 24], [29, 28], [17, 28], [2, 25], [22, 27], [25, 28], [25, 25], [21, 25], [2, 28], [21, 24], [21, 28], [0, 25], [0, 26], [0, 24], [21, 26], [16, 29]]}