{"meta": {"number_of_robots": 180, "description": {"parameters": {"seed": 1624, "shape": [30, 30], "obstacles": {"n": 0, "mean": 0, "std": 0.0}, "clusters": {"n": 0, "mean": 10, "std": 5.0, "relative_radius": 2, "increase_factor": 1.3, "start_dist": {"generator_name": "uniform", "shape": [30, 30], "min": 1.0, "max": 1.0, "mean": 1.0, "std": 0.0, "dtype": "float64", "parameters": {}}, "target_dist": {"generator_name": "uniform", "shape": [30, 30], "min": 1.0, "max": 1.0, "mean": 1.0, "std": 0.0, "dtype": "float64", "parameters": {}}}, "density": 0.2, "start_dist": {"generator_name": "uniform", "shape": [30, 30], "min": 1.0, "max": 1.0, "mean": 1.0, "std": 0.0, "dtype": "float64", "parameters": {}}, "target_dist": {"generator_name": "uniform", "shape": [30, 30], "min": 1.0, "max": 1.0, "mean": 1.0, "std": 0.0, "dtype": "float64", "parameters": {}}}, "stats": {"date": "2020-11-17", "free_area": 900.0, "number_of_clustered_robots": 0, "number_of_robots": 180}}}, "name": "medium_free_000_30x30_20_180", "obstacles": [], "starts": [[9, 16], [5, 6], [13, 8], [6, 12], [0, 15], [17, 18], [0, 5], [17, 4], [27, 2], [26, 1], [24, 2], [20, 2], [4, 4], [23, 16], [1, 22], [11, 16], [8, 20], [4, 7], [6, 10], [19, 20], [27, 10], [9, 24], [12, 27], [19, 4], [8, 16], [24, 6], [17, 21], [19, 26], [0, 12], [12, 16], [1, 2], [0, 4], [19, 17], [12, 1], [24, 7], [18, 3], [17, 16], [16, 0], [7, 17], [1, 21], [3, 25], [4, 6], [21, 9], [5, 13], [14, 19], [3, 22], [0, 24], [21, 14], [26, 17], [0, 11], [12, 12], [18, 24], [14, 16], [11, 22], [13, 12], [7, 9], [27, 29], [24, 23], [21, 2], [1, 7], [16, 8], [0, 10], [8, 11], [10, 21], [29, 12], [20, 6], [28, 29], [12, 13], [3, 14], [24, 13], [14, 12], [24, 8], [1, 6], [11, 28], [15, 10], [5, 12], [18, 7], [4, 19], [24, 19], [13, 0], [5, 15], [29, 25], [2, 26], [19, 16], [1, 1], [22, 22], [10, 24], [19, 13], [8, 25], [21, 29], [13, 28], [28, 23], [26, 14], [11, 11], [8, 10], [15, 21], [11, 14], [25, 1], [21, 4], [3, 18], [6, 11], [23, 13], [27, 15], [21, 10], [17, 13], [6, 4], [29, 16], [16, 25], [21, 22], [28, 22], [3, 26], [25, 7], [25, 6], [23, 7], [6, 15], [15, 20], [13, 10], [16, 12], [23, 26], [18, 15], [0, 0], [23, 3], [16, 15], [27, 17], [10, 13], [9, 12], [3, 17], [6, 19], [10, 28], [5, 19], [16, 2], [17, 17], [3, 21], [16, 7], [27, 7], [22, 4], [12, 29], [1, 27], [15, 0], [13, 14], [0, 2], [6, 6], [23, 5], [7, 20], [10, 22], [10, 9], [13, 19], [9, 28], [13, 9], [19, 5], [14, 23], [13, 29], [22, 3], [17, 14], [2, 7], [27, 8], [16, 29], [8, 15], [19, 1], [13, 20], [29, 18], [24, 26], [8, 8], [8, 12], [29, 22], [28, 21], [23, 9], [16, 17], [25, 12], [17, 25], [25, 29], [4, 25], [22, 23], [27, 5], [7, 27], [11, 2], [15, 2], [18, 18], [14, 2], [24, 0]], "targets": [[16, 26], [27, 6], [18, 0], [10, 24], [23, 15], [16, 8], [6, 17], [10, 17], [2, 21], [1, 19], [25, 0], [5, 14], [17, 24], [14, 21], [6, 10], [14, 2], [22, 26], [29, 15], [28, 11], [23, 7], [16, 0], [23, 1], [6, 8], [11, 7], [12, 1], [24, 14], [9, 5], [16, 16], [15, 3], [18, 21], [21, 11], [21, 6], [26, 21], [4, 14], [6, 25], [16, 25], [4, 12], [2, 12], [27, 22], [28, 28], [6, 1], [26, 8], [5, 10], [9, 21], [20, 28], [3, 9], [25, 12], [8, 7], [17, 9], [0, 2], [3, 25], [14, 8], [4, 2], [26, 6], [5, 16], [9, 29], [17, 25], [29, 5], [2, 20], [24, 21], [27, 8], [6, 13], [4, 20], [3, 0], [20, 0], [10, 10], [26, 22], [0, 21], [12, 27], [4, 16], [7, 26], [16, 22], [17, 22], [22, 12], [0, 28], [16, 20], [15, 25], [13, 5], [5, 24], [23, 19], [21, 26], [0, 20], [24, 2], [18, 19], [8, 21], [11, 15], [17, 28], [17, 5], [2, 8], [20, 22], [25, 5], [3, 19], [9, 14], [11, 26], [20, 10], [10, 12], [13, 6], [16, 17], [22, 15], [26, 19], [27, 9], [7, 16], [4, 0], [3, 3], [19, 16], [15, 16], [21, 18], [25, 21], [17, 8], [23, 0], [18, 3], [2, 3], [15, 22], [12, 8], [0, 6], [21, 8], [18, 20], [8, 22], [8, 11], [13, 8], [27, 15], [1, 24], [13, 21], [9, 4], [14, 22], [18, 17], [9, 10], [1, 17], [14, 15], [11, 20], [28, 19], [22, 21], [27, 5], [17, 23], [23, 4], [25, 15], [26, 5], [4, 23], [16, 3], [22, 24], [5, 13], [23, 29], [11, 18], [18, 10], [20, 1], [8, 6], [18, 14], [3, 12], [18, 26], [16, 11], [11, 6], [27, 14], [22, 1], [24, 1], [15, 26], [11, 3], [29, 6], [4, 11], [6, 0], [10, 11], [7, 29], [17, 4], [11, 5], [28, 9], [22, 5], [15, 6], [24, 15], [9, 7], [15, 14], [7, 19], [29, 13], [29, 7], [1, 2], [16, 21], [25, 1], [14, 18], [17, 26], [21, 19], [7, 22], [29, 14]]}