{"meta": {"number_of_robots": 1167, "description": {"parameters": {"seed": 7635, "shape": [50, 50], "obstacles": {"n": 10, "mean": 5, "std": 2.5}, "clusters": {"n": 3, "mean": 320, "std": 160.0, "relative_radius": 2, "increase_factor": 1.3, "start_dist": {"generator_name": "uniform", "shape": [50, 50], "min": 1.0, "max": 1.0, "mean": 1.0, "std": 0.0, "dtype": "float64", "parameters": {}}, "target_dist": {"generator_name": "uniform", "shape": [50, 50], "min": 1.0, "max": 1.0, "mean": 1.0, "std": 0.0, "dtype": "float64", "parameters": {}}}, "density": 0.5, "start_dist": {"generator_name": "uniform", "shape": [50, 50], "min": 1.0, "max": 1.0, "mean": 1.0, "std": 0.0, "dtype": "float64", "parameters": {}}, "target_dist": {"generator_name": "uniform", "shape": [50, 50], "min": 1.0, "max": 1.0, "mean": 1.0, "std": 0.0, "dtype": "float64", "parameters": {}}}, "stats": {"date": "2020-11-17", "free_area": 2333.0, "number_of_clustered_robots": 903, "number_of_robots": 1167}}}, "name": "medium_015_50x50_50_1167", "obstacles": [[2, 3], [2, 4], [2, 5], [2, 6], [2, 7], [2, 8], [2, 9], [2, 10], [2, 11], [3, 3], [3, 11], [4, 3], [4, 4], [4, 5], [4, 6], [4, 7], [4, 8], [4, 9], [4, 10], [4, 11], [4, 17], [4, 18], [13, 37], [13, 38], [13, 39], [13, 40], [13, 41], [13, 42], [13, 43], [13, 44], [13, 45], [13, 46], [14, 37], [14, 46], [15, 37], [15, 46], [16, 6], [16, 7], [16, 8], [16, 37], [16, 46], [17, 37], [17, 43], [17, 44], [17, 45], [17, 46], [18, 38], [18, 42], [19, 38], [19, 39], [19, 40], [19, 41], [19, 42], [29, 44], [29, 45], [30, 44], [30, 45], [31, 44], [31, 45], [32, 44], [32, 45], [33, 31], [33, 44], [33, 45], [34, 31], [34, 38], [34, 39], [34, 40], [34, 41], [34, 42], [34, 44], [34, 45], [35, 31], [35, 38], [35, 42], [36, 31], [36, 38], [36, 42], [37, 31], [37, 38], [37, 42], [38, 31], [38, 38], [38, 42], [39, 19], [39, 20], [39, 38], [39, 42], [40, 19], [40, 20], [40, 38], [40, 39], [40, 40], [40, 41], [40, 42], [41, 19], [41, 20], [42, 19], [42, 20], [43, 19], [43, 20], [44, 34], [44, 35], [45, 34], [45, 35], [46, 34], [46, 35], [47, 34], [47, 35], [48, 34], [48, 35], [49, 34], [49, 35]], "starts": [[36, 25], [11, 16], [34, 33], [11, 34], [10, 36], [23, 7], [11, 10], [19, 43], [3, 13], [0, 13], [7, 22], [28, 7], [24, 47], [5, 16], [39, 17], [39, 31], [24, 13], [1, 46], [23, 37], [14, 2], [15, 24], [11, 8], [30, 10], [2, 36], [23, 27], [6, 21], [33, 19], [19, 29], [3, 0], [27, 18], [27, 21], [1, 14], [16, 15], [1, 3], [27, 44], [32, 11], [22, 11], [11, 13], [9, 7], [9, 47], [25, 1], [33, 5], [22, 21], [5, 0], [23, 4], [22, 25], [35, 16], [37, 30], [26, 16], [39, 0], [24, 30], [19, 44], [15, 15], [13, 22], [28, 37], [9, 0], [26, 14], [7, 8], [1, 20], [30, 15], [23, 12], [28, 2], [13, 9], [1, 16], [10, 8], [21, 30], [28, 31], [20, 0], [16, 22], [19, 13], [37, 1], [0, 44], [7, 10], [28, 10], [23, 40], [3, 45], [23, 19], [0, 5], [25, 34], [1, 19], [17, 28], [6, 45], [36, 34], [9, 5], [27, 17], [26, 29], [34, 35], [28, 34], [24, 12], [34, 28], [36, 23], [32, 39], [24, 2], [12, 45], [36, 30], [25, 0], [31, 5], [37, 8], [24, 31], [15, 6], [5, 15], [33, 3], [38, 2], [20, 9], [18, 13], [31, 22], [33, 24], [5, 21], [38, 15], [6, 37], [26, 38], [20, 1], [13, 14], [20, 27], [31, 41], [13, 15], [26, 4], [18, 11], [29, 5], [19, 23], [20, 24], [34, 37], [37, 12], [0, 11], [5, 31], [6, 32], [36, 10], [18, 3], [36, 15], [13, 25], [31, 39], [9, 24], [21, 20], [32, 36], [8, 6], [10, 15], [9, 16], [16, 27], [6, 23], [4, 23], [39, 34], [38, 30], [2, 34], [7, 3], [8, 46], [12, 34], [37, 43], [16, 0], [10, 2], [37, 13], [10, 44], [19, 6], [29, 22], [11, 36], [24, 4], [0, 23], [22, 34], [28, 27], [20, 20], [10, 45], [24, 36], [5, 46], [27, 29], [7, 14], [14, 28], [26, 45], [10, 22], [26, 17], [22, 7], [29, 30], [36, 33], [18, 12], [34, 43], [20, 19], [24, 23], [26, 13], [33, 9], [0, 9], [24, 40], [13, 16], [8, 47], [21, 8], [19, 0], [18, 14], [27, 46], [25, 9], [8, 23], [36, 24], [27, 34], [26, 39], [17, 18], [20, 31], [21, 33], [15, 32], [22, 9], [26, 32], [3, 35], [35, 18], [5, 9], [16, 12], [23, 17], [33, 18], [8, 18], [27, 6], [22, 13], [23, 33], [10, 23], [20, 39], [1, 13], [24, 5], [24, 20], [31, 34], [0, 36], [27, 37], [13, 10], [29, 21], [27, 47], [36, 5], [18, 8], [12, 6], [14, 11], [14, 20], [17, 14], [20, 43], [18, 32], [0, 20], [33, 16], [23, 30], [21, 22], [13, 32], [10, 20], [33, 36], [18, 45], [8, 32], [0, 16], [25, 22], [19, 7], [6, 18], [11, 18], [12, 27], [21, 17], [13, 3], [9, 12], [25, 31], [38, 21], [0, 22], [6, 12], [30, 7], [37, 4], [15, 12], [1, 9], [19, 20], [32, 14], [12, 19], [1, 2], [10, 47], [24, 17], [19, 22], [15, 27], [23, 42], [0, 47], [37, 0], [15, 11], [36, 4], [9, 37], [10, 7], [33, 28], [24, 32], [4, 25], [16, 20], [3, 47], [21, 14], [21, 11], [14, 18], [29, 33], [32, 33], [37, 23], [24, 21], [11, 26], [6, 7], [26, 5], [7, 4], [31, 42], [9, 44], [18, 28], [1, 6], [16, 18], [16, 10], [37, 28], [24, 11], [17, 7], [28, 42], [18, 34], [18, 1], [27, 35], [7, 41], [27, 19], [11, 14], [11, 25], [0, 31], [19, 8], [10, 17], [39, 10], [37, 15], [22, 16], [33, 38], [12, 21], [25, 30], [37, 35], [1, 23], [3, 39], [5, 35], [8, 35], [18, 19], [0, 39], [14, 10], [25, 4], [30, 27], [9, 8], [8, 44], [0, 10], [29, 32], [16, 29], [35, 43], [28, 29], [6, 19], [23, 43], [22, 12], [10, 12], [8, 30], [36, 8], [10, 30], [9, 1], [28, 26], [10, 4], [5, 20], [14, 6], [9, 13], [24, 33], [25, 38], [22, 23], [26, 11], [34, 20], [38, 1], [6, 1], [24, 27], [34, 4], [27, 26], [3, 16], [13, 35], [7, 24], [31, 3], [25, 20], [34, 5], [11, 41], [29, 40], [16, 13], [4, 29], [22, 46], [5, 34], [4, 22], [22, 36], [17, 0], [30, 34], [15, 16], [26, 3], [32, 18], [1, 10], [28, 21], [32, 35], [28, 18], [19, 12], [32, 38], [4, 38], [18, 37], [13, 20], [17, 15], [12, 2], [6, 29], [10, 40], [6, 15], [2, 17], [8, 28], [5, 14], [30, 30], [6, 30], [10, 3], [0, 19], [26, 28], [26, 37], [34, 16], [21, 25], [14, 19], [9, 21], [23, 18], [2, 13], [21, 45], [4, 20], [10, 32], [18, 6], [3, 1], [3, 41], [25, 29], [24, 3], [26, 34], [14, 32], [33, 21], [5, 19], [13, 8], [15, 17], [12, 24], [13, 23], [32, 43], [8, 27], [20, 47], [21, 13], [12, 33], [4, 36], [10, 9], [27, 14], [25, 42], [35, 0], [17, 3], [1, 15], [23, 20], [10, 41], [2, 16], [19, 9], [24, 42], [2, 23], [30, 41], [12, 22], [10, 1], [25, 47], [15, 23], [38, 28], [29, 41], [11, 1], [18, 18], [6, 5], [37, 34], [14, 13], [31, 14], [15, 5], [26, 20], [16, 14], [11, 6], [16, 36], [33, 33], [15, 19], [22, 5], [1, 44], [25, 40], [30, 36], [31, 43], [19, 2], [29, 36], [0, 6], [38, 19], [12, 13], [31, 40], [14, 0], [6, 0], [6, 3], [33, 22], [33, 25], [15, 3], [0, 43], [35, 17], [22, 28], [1, 29], [25, 21], [8, 34], [22, 6], [17, 8], [32, 0], [11, 31], [33, 20], [15, 13], [21, 32], [25, 5], [22, 0], [0, 2], [6, 22], [34, 11], [34, 32], [4, 16], [25, 8], [37, 2], [8, 22], [20, 17], [28, 20], [21, 5], [31, 33], [14, 9], [9, 32], [10, 31], [25, 33], [9, 6], [26, 12], [27, 33], [32, 37], [19, 1], [6, 8], [0, 21], [12, 17], [7, 15], [3, 38], [13, 19], [16, 2], [18, 22], [19, 35], [5, 8], [1, 18], [15, 21], [39, 1], [9, 45], [35, 37], [14, 3], [29, 6], [6, 4], [37, 44], [14, 14], [38, 8], [0, 40], [17, 6], [23, 2], [2, 41], [2, 39], [11, 23], [26, 9], [39, 37], [1, 33], [30, 32], [20, 23], [14, 35], [14, 7], [19, 47], [22, 20], [29, 0], [16, 21], [4, 13], [23, 24], [28, 23], [27, 42], [20, 8], [23, 39], [21, 43], [2, 19], [7, 9], [28, 36], [18, 36], [21, 19], [16, 19], [32, 15], [39, 36], [2, 35], [5, 17], [26, 8], [27, 20], [9, 4], [21, 16], [28, 41], [20, 28], [8, 19], [25, 3], [22, 29], [12, 25], [7, 13], [25, 11], [33, 35], [3, 26], [12, 14], [11, 15], [25, 41], [33, 2], [36, 46], [11, 5], [10, 16], [23, 3], [4, 0], [9, 36], [38, 37], [6, 43], [22, 4], [2, 2], [37, 16], [8, 16], [8, 40], [20, 2], [15, 18], [37, 18], [16, 3], [6, 25], [5, 22], [15, 1], [18, 9], [11, 2], [27, 30], [15, 7], [23, 5], [20, 10], [29, 25], [2, 44], [6, 17], [12, 1], [23, 28], [9, 29], [5, 23], [11, 27], [1, 30], [11, 37], [5, 7], [34, 27], [31, 30], [28, 25], [14, 16], [20, 32], [33, 43], [7, 34], [6, 9], [5, 43], [14, 8], [38, 20], [17, 13], [29, 15], [28, 43], [3, 33], [14, 17], [11, 39], [22, 32], [30, 17], [25, 12], [35, 3], [30, 11], [15, 34], [17, 16], [15, 10], [9, 39], [25, 39], [20, 13], [2, 46], [20, 38], [12, 5], [36, 22], [0, 1], [36, 35], [7, 47], [5, 10], [35, 30], [23, 15], [19, 45], [0, 12], [25, 18], [35, 33], [7, 0], [10, 35], [9, 3], [2, 25], [23, 21], [38, 25], [9, 26], [33, 32], [24, 45], [17, 4], [38, 45], [31, 46], [39, 27], [24, 18], [18, 26], [39, 9], [8, 0], [33, 27], [21, 10], [32, 26], [9, 15], [30, 46], [12, 0], [35, 44], [31, 24], [9, 18], [7, 17], [29, 16], [15, 2], [11, 4], [20, 11], [11, 44], [23, 22], [21, 39], [3, 22], [1, 41], [15, 20], [34, 23], [1, 36], [24, 41], [16, 11], [18, 27], [0, 0], [5, 29], [27, 7], [0, 45], [25, 32], [34, 12], [23, 9], [0, 25], [33, 29], [29, 4], [16, 17], [1, 39], [3, 18], [22, 33], [1, 8], [24, 22], [2, 20], [25, 24], [12, 10], [9, 34], [29, 12], [9, 14], [15, 14], [13, 27], [5, 11], [22, 2], [20, 46], [22, 15], [10, 19], [3, 23], [29, 28], [26, 18], [7, 6], [7, 42], [19, 21], [1, 31], [12, 4], [11, 3], [8, 10], [24, 46], [30, 2], [22, 17], [33, 39], [33, 14], [35, 14], [17, 21], [26, 36], [11, 33], [12, 36], [14, 25], [10, 10], [35, 11], [9, 19], [20, 22], [17, 35], [27, 13], [3, 2], [24, 8], [9, 10], [10, 33], [28, 5], [25, 14], [30, 37], [39, 43], [28, 9], [7, 1], [14, 31], [36, 3], [0, 34], [25, 13], [21, 27], [6, 27], [37, 29], [18, 20], [5, 5], [28, 4], [3, 19], [17, 24], [26, 33], [7, 44], [31, 1], [5, 6], [13, 28], [13, 29], [17, 11], [19, 19], [8, 11], [33, 23], [35, 9], [24, 0], [24, 26], [23, 26], [3, 21], [29, 34], [22, 43], [6, 46], [29, 47], [5, 2], [38, 47], [35, 35], [12, 31], [14, 12], [1, 47], [32, 40], [14, 4], [16, 32], [20, 16], [34, 9], [18, 17], [23, 32], [30, 38], [8, 39], [7, 37], [17, 2], [17, 36], [37, 24], [26, 0], [23, 29], [9, 46], [21, 26], [1, 7], [39, 45], [6, 16], [38, 32], [20, 14], [37, 21], [30, 43], [14, 21], [27, 10], [7, 7], [35, 22], [8, 36], [13, 6], [31, 23], [16, 24], [9, 20], [1, 4], [10, 25], [15, 33], [15, 26], [0, 3], [29, 10], [36, 44], [35, 34], [16, 1], [5, 25], [4, 26], [35, 2], [27, 0], [4, 35], [29, 14], [29, 24], [19, 11], [20, 4], [30, 21], [23, 1], [31, 0], [25, 17], [25, 44], [33, 12], [2, 22], [9, 43], [9, 31], [12, 32], [12, 11], [22, 14], [35, 4], [32, 3], [20, 21], [10, 21], [14, 26], [18, 23], [12, 38], [8, 26], [23, 35], [34, 10], [11, 17], [2, 24], [33, 34], [9, 41], [1, 11], [25, 35], [31, 36], [14, 22], [20, 42], [30, 29], [2, 27], [27, 5], [12, 39], [38, 34], [27, 43], [3, 40], [11, 20], [31, 17], [2, 45], [19, 4], [31, 38], [16, 25], [36, 12], [27, 23], [35, 45], [39, 28], [23, 13], [27, 1], [31, 10], [18, 4], [49, 6], [36, 9], [2, 21], [19, 3], [11, 46], [42, 40], [19, 10], [13, 30], [23, 25], [47, 8], [6, 35], [5, 30], [37, 36], [39, 32], [3, 34], [40, 5], [49, 31], [17, 49], [20, 18], [48, 41], [41, 43], [34, 49], [40, 49], [43, 27], [44, 38], [5, 28], [0, 26], [16, 23], [28, 16], [43, 38], [3, 17], [30, 4], [41, 3], [13, 49], [35, 10], [11, 24], [13, 12], [46, 14], [33, 6], [41, 18], [31, 7], [6, 34], [38, 9], [49, 0], [32, 30], [31, 9], [48, 47], [10, 13], [0, 35], [48, 37], [32, 29], [34, 25], [14, 27], [24, 38], [38, 17], [48, 4], [38, 11], [44, 40], [17, 23], [16, 30], [4, 49], [13, 11], [45, 4], [6, 38], [0, 18], [20, 45], [32, 32], [44, 46], [43, 34], [40, 32], [27, 4], [17, 20], [17, 19], [47, 25], [18, 33], [15, 48], [41, 4], [29, 35], [42, 14], [17, 22], [6, 49], [28, 6], [11, 29], [5, 27], [31, 27], [7, 36], [47, 14], [25, 25], [5, 37], [31, 8], [49, 42], [38, 29], [36, 1], [1, 27], [11, 40], [3, 24], [22, 19], [4, 40], [39, 13], [45, 17], [43, 15], [40, 3], [46, 40], [18, 24], [41, 31], [48, 29], [36, 14], [0, 7], [44, 10], [47, 36], [32, 48], [48, 46], [30, 39], [43, 2], [17, 48], [43, 3], [39, 48], [10, 26], [45, 5], [42, 41], [34, 17], [45, 33], [42, 12], [47, 4], [30, 22], [45, 22], [42, 15], [21, 44], [22, 45], [7, 40], [43, 10], [44, 33], [9, 2], [49, 8], [43, 45], [11, 7], [21, 29], [42, 29], [31, 15], [21, 42], [23, 16], [23, 6], [22, 38], [0, 42], [44, 41], [31, 21], [41, 0], [12, 41], [19, 31], [44, 18], [42, 47], [10, 37], [47, 6], [4, 39], [48, 21], [30, 3], [41, 23], [42, 3], [36, 18], [32, 28], [43, 1], [45, 37], [44, 30], [6, 20], [7, 31], [17, 27], [43, 43], [18, 25], [11, 12], [49, 5], [39, 12], [35, 8], [14, 30], [42, 44], [30, 28], [28, 45], [48, 30], [33, 42], [37, 33], [45, 43], [21, 1], [12, 44], [8, 33], [48, 2], [47, 39], [31, 49], [23, 47], [30, 1], [8, 17], [32, 16], [12, 15], [32, 12], [38, 36], [17, 30], [29, 23], [49, 11], [42, 39], [38, 43], [29, 42], [11, 11], [29, 48], [2, 26], [7, 2], [10, 38], [28, 48], [41, 2], [48, 45], [35, 5], [25, 15], [49, 28], [23, 23], [36, 29], [38, 10], [46, 18], [30, 16], [47, 31], [38, 22], [47, 3], [6, 28], [7, 49], [43, 17], [49, 48], [44, 39], [34, 22], [49, 39], [10, 34], [15, 49], [11, 9], [42, 34], [12, 30], [49, 36], [30, 35], [11, 19], [32, 20], [27, 12], [45, 30], [8, 25], [1, 49], [24, 29], [10, 18], [5, 33], [1, 48], [43, 13], [40, 30], [20, 49], [21, 12], [48, 22], [49, 46], [49, 29], [46, 3], [39, 35], [12, 16], [7, 32], [5, 13], [49, 27], [17, 1], [35, 19], [11, 43], [27, 48], [44, 43], [28, 15], [12, 46], [3, 27], [10, 46]], "targets": [[48, 14], [15, 47], [10, 41], [39, 36], [23, 31], [6, 38], [42, 12], [14, 16], [34, 49], [3, 46], [20, 49], [39, 27], [32, 26], [8, 40], [16, 48], [21, 8], [9, 47], [47, 28], [10, 39], [21, 43], [23, 18], [0, 33], [32, 49], [42, 39], [37, 4], [1, 33], [17, 26], [22, 13], [7, 46], [15, 26], [48, 49], [39, 17], [21, 33], [26, 38], [18, 47], [35, 25], [25, 23], [13, 32], [39, 28], [47, 23], [5, 37], [14, 20], [30, 43], [31, 9], [12, 40], [18, 31], [37, 37], [16, 21], [20, 42], [32, 11], [7, 44], [43, 4], [16, 23], [17, 47], [22, 28], [48, 38], [20, 48], [12, 37], [33, 16], [49, 44], [5, 47], [32, 33], [30, 30], [24, 4], [11, 49], [24, 37], [19, 48], [34, 24], [22, 39], [46, 49], [14, 8], [42, 11], [0, 40], [14, 29], [48, 32], [27, 15], [6, 36], [36, 23], [18, 24], [3, 38], [12, 46], [43, 33], [9, 43], [19, 29], [11, 43], [12, 29], [17, 4], [15, 35], [10, 40], [13, 21], [37, 23], [23, 29], [18, 32], [32, 48], [31, 32], [4, 47], [26, 21], [28, 18], [10, 37], [27, 10], [16, 36], [43, 48], [12, 20], [42, 18], [7, 37], [21, 14], [12, 38], [10, 47], [29, 28], [12, 48], [42, 16], [11, 33], [12, 19], [46, 30], [10, 45], [28, 49], [19, 47], [11, 39], [15, 20], [5, 34], [22, 40], [15, 32], [42, 13], [6, 34], [32, 8], [33, 20], [33, 29], [0, 46], [38, 5], [15, 22], [5, 38], [25, 37], [6, 45], [26, 5], [39, 12], [20, 45], [21, 49], [25, 36], [40, 30], [4, 32], [13, 29], [31, 46], [22, 26], [22, 34], [34, 43], [15, 15], [3, 47], [6, 40], [11, 5], [41, 44], [28, 31], [8, 45], [47, 11], [42, 4], [25, 41], [16, 35], [47, 44], [23, 21], [20, 40], [26, 45], [25, 20], [21, 4], [10, 46], [7, 36], [26, 15], [33, 17], [23, 8], [3, 34], [37, 44], [33, 37], [30, 7], [21, 32], [27, 29], [42, 6], [20, 41], [38, 4], [29, 35], [24, 7], [4, 48], [6, 46], [38, 47], [19, 26], [31, 36], [0, 49], [20, 32], [45, 41], [9, 46], [24, 33], [18, 26], [20, 19], [5, 40], [17, 13], [29, 37], [48, 47], [5, 42], [19, 49], [11, 44], [13, 24], [9, 33], [35, 36], [12, 31], [13, 36], [12, 41], [16, 17], [27, 36], [19, 14], [15, 36], [23, 17], [48, 33], [49, 46], [9, 42], [7, 40], [47, 45], [33, 30], [13, 33], [17, 14], [23, 5], [42, 23], [5, 41], [35, 28], [33, 48], [14, 47], [3, 36], [25, 22], [13, 16], [13, 35], [40, 10], [18, 45], [32, 28], [27, 5], [14, 32], [34, 13], [38, 46], [15, 14], [11, 36], [28, 16], [21, 12], [16, 49], [22, 23], [20, 14], [26, 44], [22, 38], [43, 6], [15, 48], [42, 27], [21, 34], [6, 39], [37, 20], [26, 48], [37, 47], [0, 37], [28, 13], [25, 29], [6, 44], [11, 31], [38, 22], [28, 41], [15, 49], [25, 6], [12, 44], [45, 20], [25, 48], [10, 34], [46, 20], [21, 15], [21, 48], [22, 37], [28, 44], [17, 31], [11, 32], [41, 34], [17, 5], [23, 38], [6, 49], [34, 19], [9, 37], [33, 18], [2, 45], [27, 47], [47, 7], [26, 17], [14, 36], [37, 34], [24, 30], [26, 13], [8, 34], [24, 24], [40, 34], [39, 16], [7, 39], [37, 17], [9, 44], [47, 15], [10, 32], [32, 29], [15, 5], [31, 25], [3, 49], [44, 46], [44, 32], [39, 14], [1, 39], [28, 30], [16, 25], [21, 38], [15, 31], [25, 7], [11, 45], [23, 14], [6, 42], [21, 47], [13, 48], [35, 30], [1, 42], [47, 21], [34, 7], [1, 37], [13, 22], [49, 27], [32, 6], [18, 44], [25, 18], [35, 11], [3, 37], [24, 48], [12, 49], [38, 28], [38, 33], [2, 34], [24, 10], [26, 32], [40, 18], [2, 39], [32, 20], [17, 28], [41, 35], [7, 43], [31, 41], [16, 28], [9, 38], [11, 29], [22, 43], [22, 16], [39, 10], [0, 43], [48, 18], [12, 14], [21, 42], [0, 39], [41, 17], [11, 25], [32, 19], [16, 34], [40, 44], [35, 6], [10, 49], [17, 48], [31, 12], [24, 18], [31, 13], [4, 46], [21, 25], [43, 22], [34, 16], [2, 41], [34, 14], [49, 13], [6, 41], [41, 37], [16, 47], [33, 46], [8, 42], [14, 48], [48, 10], [21, 41], [41, 22], [19, 34], [28, 11], [36, 30], [11, 24], [12, 36], [27, 20], [27, 30], [5, 45], [18, 33], [39, 15], [23, 20], [8, 37], [6, 43], [22, 19], [48, 7], [46, 10], [22, 42], [18, 14], [22, 49], [21, 46], [42, 9], [15, 17], [49, 19], [22, 33], [42, 5], [47, 31], [28, 7], [11, 35], [19, 37], [18, 7], [35, 8], [19, 46], [22, 24], [49, 14], [30, 24], [22, 46], [11, 20], [42, 14], [18, 16], [11, 37], [29, 26], [43, 37], [21, 45], [5, 49], [8, 44], [24, 6], [11, 8], [22, 36], [49, 28], [13, 5], [38, 12], [6, 37], [36, 6], [46, 21], [38, 49], [5, 39], [44, 18], [20, 11], [4, 45], [45, 49], [7, 41], [20, 13], [47, 9], [22, 44], [23, 12], [24, 23], [26, 4], [2, 44], [18, 27], [25, 42], [4, 43], [30, 18], [29, 23], [29, 43], [20, 37], [28, 12], [20, 9], [3, 45], [45, 45], [4, 38], [26, 12], [46, 45], [38, 15], [2, 48], [34, 25], [39, 23], [17, 34], [37, 25], [31, 26], [45, 39], [3, 41], [15, 12], [41, 46], [8, 43], [12, 13], [20, 39], [30, 16], [44, 4], [1, 41], [28, 47], [37, 45], [25, 28], [0, 44], [44, 48], [14, 28], [37, 7], [13, 47], [26, 41], [38, 45], [3, 48], [8, 46], [25, 35], [14, 26], [32, 18], [1, 46], [22, 18], [18, 25], [12, 28], [16, 32], [43, 30], [23, 27], [37, 33], [2, 33], [49, 7], [37, 28], [5, 48], [2, 42], [25, 43], [35, 7], [45, 33], [8, 49], [32, 30], [32, 9], [45, 37], [2, 36], [44, 5], [18, 13], [20, 38], [30, 20], [35, 14], [29, 7], [19, 43], [19, 33], [16, 29], [31, 14], [39, 18], [14, 35], [21, 9], [20, 8], [12, 43], [44, 11], [44, 44], [43, 18], [7, 48], [30, 21], [31, 29], [28, 4], [11, 40], [13, 49], [33, 27], [36, 49], [11, 23], [20, 47], [28, 28], [45, 47], [4, 49], [27, 44], [26, 9], [19, 32], [17, 32], [25, 9], [26, 27], [46, 43], [5, 44], [5, 43], [26, 33], [30, 49], [4, 37], [44, 12], [46, 25], [36, 5], [1, 36], [15, 30], [46, 16], [42, 38], [17, 49], [33, 24], [46, 15], [12, 32], [46, 31], [6, 48], [42, 49], [41, 30], [10, 35], [47, 37], [26, 22], [38, 34], [10, 36], [29, 16], [46, 27], [24, 41], [5, 32], [24, 38], [37, 26], [18, 37], [19, 16], [9, 39], [30, 39], [14, 15], [8, 39], [23, 36], [29, 49], [27, 8], [15, 34], [48, 46], [44, 8], [10, 42], [21, 13], [41, 24], [24, 21], [5, 46], [34, 18], [8, 38], [36, 28], [23, 19], [12, 39], [38, 16], [29, 6], [7, 33], [21, 26], [40, 16], [31, 21], [2, 46], [28, 20], [13, 15], [15, 27], [7, 34], [46, 46], [9, 41], [35, 47], [1, 43], [45, 12], [49, 31], [42, 26], [18, 34], [31, 5], [45, 21], [24, 22], [17, 35], [30, 47], [42, 28], [42, 37], [22, 41], [29, 22], [4, 42], [37, 18], [21, 35], [46, 29], [45, 36], [28, 32], [20, 46], [30, 40], [11, 42], [42, 10], [20, 34], [35, 43], [43, 29], [8, 32], [47, 32], [37, 43], [9, 48], [11, 10], [11, 38], [49, 43], [47, 47], [15, 4], [18, 48], [16, 14], [22, 22], [0, 32], [22, 4], [46, 18], [28, 5], [4, 40], [44, 27], [13, 19], [7, 38], [46, 5], [3, 33], [47, 13], [26, 7], [12, 42], [11, 34], [23, 33], [41, 40], [1, 44], [21, 20], [22, 47], [48, 26], [1, 45], [40, 5], [15, 11], [7, 45], [26, 43], [14, 33], [14, 30], [16, 15], [4, 35], [33, 35], [19, 17], [12, 47], [4, 44], [14, 24], [22, 14], [41, 16], [9, 45], [48, 42], [13, 34], [18, 49], [21, 40], [14, 11], [49, 33], [26, 37], [18, 43], [20, 31], [12, 17], [46, 48], [3, 43], [38, 8], [43, 47], [18, 22], [10, 44], [31, 47], [28, 40], [3, 39], [20, 43], [28, 14], [15, 23], [30, 32], [6, 47], [42, 48], [13, 14], [27, 21], [18, 46], [49, 22], [46, 26], [2, 43], [38, 37], [45, 6], [18, 30], [1, 34], [11, 46], [26, 6], [16, 22], [33, 33], [22, 32], [35, 46], [36, 36], [21, 44], [28, 45], [23, 28], [19, 44], [19, 36], [20, 25], [29, 48], [21, 22], [2, 32], [3, 42], [13, 10], [26, 46], [36, 45], [0, 36], [42, 17], [33, 7], [9, 34], [39, 32], [48, 11], [25, 10], [6, 35], [47, 30], [30, 9], [27, 23], [20, 33], [7, 49], [11, 9], [23, 39], [1, 40], [49, 11], [17, 25], [36, 20], [11, 47], [31, 40], [46, 7], [49, 49], [9, 35], [30, 29], [31, 20], [2, 49], [29, 17], [12, 45], [19, 4], [12, 33], [0, 48], [21, 17], [24, 19], [39, 21], [20, 36], [14, 17], [30, 8], [42, 21], [8, 35], [49, 30], [48, 27], [8, 41], [20, 12], [11, 48], [33, 9], [38, 18], [5, 35], [24, 40], [11, 17], [12, 35], [15, 33], [27, 33], [12, 4], [1, 48], [42, 41], [38, 13], [26, 40], [2, 37], [35, 22], [3, 40], [36, 24], [16, 31], [9, 40], [23, 47], [24, 44], [21, 37], [43, 8], [29, 32], [48, 12], [22, 35], [16, 30], [30, 12], [44, 7], [12, 34], [16, 19], [4, 39], [38, 7], [42, 24], [11, 41], [26, 19], [34, 9], [8, 36], [46, 39], [36, 32], [39, 34], [14, 49], [24, 25], [11, 7], [45, 29], [7, 35], [49, 41], [3, 44], [26, 30], [5, 36], [49, 8], [30, 46], [25, 33], [2, 47], [21, 31], [38, 17], [36, 37], [6, 33], [27, 22], [12, 27], [21, 36], [41, 43], [30, 6], [7, 47], [40, 26], [17, 36], [45, 7], [28, 36], [28, 37], [1, 38], [19, 30], [29, 38], [27, 7], [2, 35], [44, 37], [29, 39], [4, 41], [31, 37], [44, 43], [7, 42], [32, 21], [4, 34], [11, 27], [36, 46], [13, 27], [4, 36], [18, 8], [23, 34], [2, 38], [11, 28], [36, 34], [24, 5], [20, 44], [30, 22], [39, 31], [8, 48], [27, 27], [16, 33], [48, 44], [14, 25], [1, 47], [28, 43], [15, 7], [24, 8], [1, 35], [47, 19], [42, 8], [40, 28], [5, 33], [37, 13], [29, 10], [39, 6], [23, 26], [35, 1], [26, 36], [19, 5], [49, 25], [7, 3], [28, 21], [9, 9], [36, 29], [26, 31], [18, 19], [20, 27], [32, 0], [29, 21], [26, 49], [10, 33], [43, 24], [21, 39], [35, 5], [22, 11], [1, 20], [46, 9], [1, 10], [32, 43], [46, 40], [0, 9], [28, 2], [8, 28], [28, 19], [25, 49], [8, 18], [33, 0], [38, 1], [45, 18], [5, 13], [29, 33], [30, 38], [40, 36], [49, 36], [35, 4], [28, 33], [5, 30], [39, 29], [34, 36], [47, 48], [11, 6], [36, 1], [0, 1], [30, 14], [8, 22], [30, 11], [25, 27], [20, 29], [2, 27], [49, 3], [37, 1], [48, 23], [8, 10], [36, 13], [26, 26], [16, 20], [30, 17], [12, 23], [34, 28], [28, 17], [1, 11], [41, 3], [47, 17], [28, 29], [21, 0], [27, 16], [7, 13], [33, 13], [47, 14], [22, 25], [7, 4], [18, 18], [0, 12], [6, 7], [8, 13], [47, 46], [43, 42], [37, 12], [48, 29], [45, 14], [3, 25], [12, 15], [49, 17], [39, 7], [30, 28], [43, 38], [26, 24], [31, 33], [31, 24], [2, 0], [41, 28], [33, 47], [32, 14], [7, 14], [37, 14], [27, 19], [3, 31], [32, 36], [45, 28], [10, 14], [30, 34], [35, 48], [47, 29], [29, 41], [21, 21], [19, 24], [29, 5], [1, 4], [39, 44], [1, 32], [40, 37], [45, 40], [38, 0], [26, 8], [17, 33], [46, 42], [21, 19], [10, 18], [0, 45], [13, 4], [5, 18], [5, 8], [27, 24], [45, 10], [10, 19], [17, 3], [30, 27], [29, 11], [42, 45], [24, 14], [9, 20], [22, 20], [45, 25], [32, 38], [3, 27], [42, 25], [36, 21], [25, 25], [14, 27], [24, 3], [11, 13], [38, 44], [29, 42], [5, 24], [21, 27], [33, 2], [14, 23], [31, 39], [45, 23], [5, 0], [46, 24], [36, 7], [19, 23], [25, 4], [33, 32], [48, 1], [49, 29], [19, 31], [8, 29], [31, 27], [18, 15], [9, 4], [7, 17], [37, 29], [43, 46], [1, 2], [44, 10], [1, 1], [45, 46], [49, 2], [25, 46], [9, 23], [29, 15], [33, 36], [37, 22], [35, 21], [42, 46], [20, 10], [43, 17], [28, 24], [27, 0], [48, 9], [41, 33], [12, 0], [3, 14], [35, 45], [7, 31], [16, 5], [2, 31], [45, 27], [43, 28], [31, 35], [35, 10], [1, 24], [5, 6], [38, 24], [27, 14], [6, 28], [21, 6], [4, 30], [30, 23], [37, 49], [32, 5], [2, 19], [0, 38], [8, 47], [34, 47], [24, 34], [9, 21], [16, 2], [46, 8], [33, 41], [20, 35], [35, 16], [45, 31], [49, 20], [9, 7], [40, 2], [19, 1], [13, 20], [6, 31], [25, 31], [28, 38], [36, 10], [44, 23], [6, 12], [32, 32], [43, 32], [11, 30], [1, 22], [38, 21], [9, 16], [46, 3], [2, 22], [12, 18], [28, 34], [38, 19], [11, 12], [43, 11], [43, 45], [43, 49], [21, 11], [15, 16], [17, 10], [40, 4], [37, 21], [8, 5], [16, 16], [9, 36], [30, 25], [34, 11], [43, 39], [28, 26], [3, 35], [21, 7], [44, 25], [31, 4], [26, 20]]}