{"meta": {"number_of_robots": 90, "description": {"parameters": {"seed": 7496, "shape": [30, 30], "obstacles": {"n": 20, "mean": 5, "std": 2.5}, "clusters": {"n": 0, "mean": 10, "std": 5.0, "relative_radius": 2, "increase_factor": 1.3, "start_dist": {"generator_name": "uniform", "shape": [30, 30], "min": 1.0, "max": 1.0, "mean": 1.0, "std": 0.0, "dtype": "float64", "parameters": {}}, "target_dist": {"generator_name": "uniform", "shape": [30, 30], "min": 1.0, "max": 1.0, "mean": 1.0, "std": 0.0, "dtype": "float64", "parameters": {}}}, "density": 0.2, "start_dist": {"generator_name": "uniform", "shape": [30, 30], "min": 1.0, "max": 1.0, "mean": 1.0, "std": 0.0, "dtype": "float64", "parameters": {}}, "target_dist": {"generator_name": "uniform", "shape": [30, 30], "min": 1.0, "max": 1.0, "mean": 1.0, "std": 0.0, "dtype": "float64", "parameters": {}}}, "stats": {"date": "2020-11-17", "free_area": 450.0, "number_of_clustered_robots": 0, "number_of_robots": 90}}}, "name": "medium_000_30x30_20_90", "obstacles": [[0, 16], [0, 17], [0, 18], [0, 19], [0, 20], [0, 21], [1, 5], [1, 6], [1, 7], [1, 8], [1, 9], [1, 10], [1, 11], [1, 12], [1, 13], [1, 16], [1, 21], [2, 4], [2, 14], [2, 15], [2, 21], [3, 4], [3, 21], [4, 4], [4, 21], [5, 5], [5, 21], [6, 5], [6, 21], [7, 5], [7, 19], [7, 20], [7, 21], [8, 5], [8, 18], [9, 5], [9, 18], [10, 3], [10, 4], [10, 18], [11, 3], [11, 18], [11, 26], [11, 27], [11, 28], [12, 3], [12, 18], [12, 26], [12, 28], [13, 3], [13, 19], [13, 20], [13, 21], [13, 22], [13, 23], [13, 24], [13, 25], [13, 28], [14, 3], [14, 4], [14, 5], [14, 6], [14, 7], [14, 8], [14, 28], [15, 9], [15, 28], [16, 6], [16, 7], [16, 8], [16, 28], [17, 6], [17, 26], [17, 28], [18, 6], [18, 25], [18, 27], [19, 5], [19, 13], [19, 14], [19, 15], [19, 24], [19, 25], [19, 27], [20, 5], [20, 11], [20, 12], [20, 16], [20, 17], [20, 18], [20, 19], [20, 23], [20, 27], [21, 5], [21, 10], [21, 20], [21, 21], [21, 22], [21, 23], [22, 5], [22, 10], [22, 16], [22, 17], [22, 18], [22, 19], [23, 5], [23, 10], [23, 16], [23, 19], [24, 5], [24, 10], [24, 16], [24, 19], [25, 5], [25, 10], [25, 16], [25, 19], [26, 5], [26, 6], [26, 7], [26, 8], [26, 9], [26, 10], [26, 16], [26, 19], [27, 16], [27, 17], [27, 18], [27, 19]], "starts": [[8, 24], [0, 3], [13, 29], [28, 21], [2, 1], [6, 22], [25, 24], [28, 4], [22, 22], [9, 3], [26, 1], [22, 11], [29, 20], [23, 13], [22, 28], [18, 28], [29, 28], [26, 3], [3, 23], [29, 1], [11, 19], [29, 12], [25, 12], [3, 29], [19, 2], [20, 24], [1, 15], [27, 9], [9, 26], [28, 15], [29, 29], [2, 23], [26, 27], [0, 0], [19, 0], [15, 6], [19, 26], [22, 15], [23, 22], [28, 1], [1, 28], [4, 1], [0, 9], [1, 3], [26, 24], [11, 0], [7, 26], [10, 22], [23, 0], [3, 1], [7, 28], [1, 1], [9, 29], [22, 12], [0, 29], [25, 1], [25, 27], [10, 24], [4, 0], [21, 19], [24, 23], [2, 27], [3, 0], [3, 27], [22, 26], [0, 1], [15, 5], [23, 14], [0, 10], [2, 26], [25, 25], [12, 23], [29, 24], [12, 21], [29, 23], [24, 29], [29, 19], [26, 15], [29, 9], [18, 4], [20, 13], [0, 27], [21, 15], [25, 4], [0, 26], [18, 2], [23, 21], [4, 26], [14, 29], [23, 3]], "targets": [[7, 3], [3, 1], [4, 25], [7, 28], [25, 27], [29, 2], [28, 14], [1, 26], [28, 11], [24, 21], [25, 21], [29, 20], [4, 24], [25, 29], [8, 21], [9, 0], [22, 25], [1, 15], [3, 29], [29, 19], [28, 9], [18, 0], [12, 24], [10, 24], [29, 5], [25, 26], [29, 18], [8, 26], [8, 24], [27, 3], [21, 26], [9, 25], [23, 2], [10, 26], [21, 29], [8, 2], [27, 15], [28, 23], [4, 26], [4, 27], [9, 23], [12, 29], [21, 15], [27, 8], [10, 29], [24, 28], [24, 1], [6, 3], [25, 14], [8, 22], [20, 0], [5, 26], [21, 1], [5, 22], [0, 5], [9, 26], [23, 29], [3, 23], [14, 2], [28, 22], [4, 1], [0, 10], [1, 0], [20, 24], [22, 4], [24, 20], [18, 28], [26, 28], [6, 28], [29, 7], [3, 28], [0, 6], [29, 13], [29, 22], [11, 22], [22, 3], [10, 27], [24, 4], [27, 7], [2, 1], [23, 23], [10, 23], [26, 2], [8, 25], [6, 22], [4, 29], [20, 1], [15, 7], [23, 12], [1, 3]]}