{"meta": {"number_of_robots": 145, "description": {"parameters": {"seed": 5792, "shape": [30, 30], "obstacles": {"n": 10, "mean": 5, "std": 2.5}, "clusters": {"n": 3, "mean": 40, "std": 20.0, "relative_radius": 2, "increase_factor": 1.3, "start_dist": {"generator_name": "uniform", "shape": [30, 30], "min": 1.0, "max": 1.0, "mean": 1.0, "std": 0.0, "dtype": "float64", "parameters": {}}, "target_dist": {"generator_name": "uniform", "shape": [30, 30], "min": 1.0, "max": 1.0, "mean": 1.0, "std": 0.0, "dtype": "float64", "parameters": {}}}, "density": 0.2, "start_dist": {"generator_name": "uniform", "shape": [30, 30], "min": 1.0, "max": 1.0, "mean": 1.0, "std": 0.0, "dtype": "float64", "parameters": {}}, "target_dist": {"generator_name": "uniform", "shape": [30, 30], "min": 1.0, "max": 1.0, "mean": 1.0, "std": 0.0, "dtype": "float64", "parameters": {}}}, "stats": {"date": "2020-11-17", "free_area": 722.0, "number_of_clustered_robots": 145, "number_of_robots": 145}}}, "name": "medium_001_30x30_20_145", "obstacles": [[4, 9], [5, 9], [6, 9], [9, 21], [9, 22], [9, 23], [9, 24], [9, 25], [10, 21], [10, 22], [10, 23], [10, 24], [10, 25], [11, 2], [11, 3], [11, 4], [11, 5], [11, 6], [12, 2], [12, 6], [12, 22], [12, 23], [12, 24], [13, 2], [13, 6], [13, 22], [13, 24], [14, 2], [14, 6], [14, 16], [14, 17], [14, 18], [14, 22], [14, 24], [15, 2], [15, 6], [15, 16], [15, 18], [15, 22], [15, 25], [15, 26], [16, 2], [16, 7], [16, 8], [16, 9], [16, 16], [16, 18], [16, 22], [16, 26], [17, 2], [17, 3], [17, 4], [17, 5], [17, 6], [17, 16], [17, 18], [17, 22], [17, 26], [18, 16], [18, 18], [18, 22], [18, 26], [19, 16], [19, 18], [19, 22], [19, 23], [19, 24], [19, 25], [19, 26], [20, 16], [20, 18], [21, 16], [21, 18], [22, 2], [22, 3], [22, 4], [22, 5], [22, 16], [22, 18], [23, 2], [23, 3], [23, 4], [23, 5], [23, 16], [23, 19], [23, 20], [23, 21], [23, 22], [23, 23], [23, 24], [23, 25], [24, 16], [24, 25], [25, 16], [25, 17], [25, 18], [25, 25], [26, 19], [26, 25], [27, 19], [27, 25], [28, 19], [28, 25], [29, 19], [29, 20], [29, 21], [29, 22], [29, 23], [29, 24], [29, 25]], "starts": [[6, 14], [1, 5], [24, 29], [0, 12], [21, 25], [4, 8], [14, 15], [28, 27], [0, 14], [14, 1], [29, 27], [3, 13], [6, 18], [11, 9], [22, 23], [6, 16], [16, 12], [18, 29], [1, 8], [6, 20], [25, 27], [7, 7], [6, 7], [13, 7], [27, 26], [9, 8], [0, 11], [23, 29], [7, 6], [0, 17], [22, 28], [11, 7], [12, 11], [20, 29], [3, 11], [2, 6], [20, 26], [5, 20], [8, 0], [27, 29], [8, 10], [2, 9], [28, 26], [14, 11], [7, 8], [6, 11], [26, 26], [3, 0], [3, 14], [17, 27], [9, 1], [0, 18], [21, 27], [0, 5], [3, 9], [2, 15], [22, 27], [9, 12], [7, 16], [24, 26], [8, 14], [20, 25], [6, 8], [5, 14], [6, 6], [21, 26], [2, 17], [4, 1], [28, 28], [4, 14], [8, 8], [16, 28], [4, 13], [4, 6], [10, 2], [24, 27], [3, 20], [13, 0], [26, 28], [1, 11], [1, 9], [19, 27], [0, 15], [1, 13], [21, 24], [3, 4], [10, 12], [1, 18], [20, 28], [0, 7], [28, 29], [0, 10], [14, 0], [19, 28], [9, 5], [1, 15], [12, 9], [25, 29], [1, 20], [16, 0], [19, 29], [6, 12], [15, 12], [20, 22], [14, 10], [3, 8], [9, 2], [16, 27], [0, 8], [11, 11], [26, 27], [11, 14], [2, 12], [22, 24], [13, 12], [2, 10], [21, 23], [7, 10], [7, 11], [29, 29], [7, 20], [4, 11], [27, 27], [7, 19], [2, 5], [29, 26], [8, 1], [3, 12], [9, 7], [20, 23], [2, 8], [12, 10], [27, 28], [13, 13], [5, 18], [18, 28], [4, 0], [5, 7], [4, 3], [20, 24], [14, 14], [4, 17], [22, 22], [11, 15], [4, 19]], "targets": [[2, 22], [22, 27], [20, 8], [16, 14], [20, 14], [7, 27], [16, 27], [19, 10], [7, 25], [15, 21], [14, 8], [16, 21], [8, 23], [21, 29], [22, 8], [8, 22], [27, 26], [25, 6], [18, 29], [11, 29], [26, 15], [15, 27], [12, 29], [22, 19], [27, 10], [20, 15], [12, 28], [18, 15], [26, 26], [3, 24], [26, 17], [26, 18], [29, 18], [14, 13], [0, 25], [21, 22], [19, 11], [12, 26], [21, 21], [19, 20], [24, 15], [9, 26], [17, 12], [20, 28], [3, 26], [27, 18], [27, 6], [19, 15], [4, 26], [18, 9], [23, 15], [6, 23], [23, 14], [20, 21], [11, 22], [21, 19], [14, 10], [22, 22], [6, 22], [25, 13], [18, 28], [15, 14], [6, 28], [22, 26], [13, 19], [28, 17], [0, 26], [17, 19], [23, 6], [5, 23], [18, 21], [19, 12], [22, 28], [8, 28], [22, 24], [22, 14], [8, 25], [15, 29], [21, 14], [24, 29], [6, 24], [25, 7], [15, 15], [3, 28], [19, 9], [15, 20], [22, 20], [0, 23], [24, 13], [19, 28], [14, 11], [9, 29], [29, 17], [22, 13], [18, 20], [6, 25], [25, 27], [18, 7], [7, 23], [28, 29], [21, 12], [7, 24], [17, 14], [27, 9], [16, 15], [6, 29], [21, 27], [23, 12], [1, 22], [28, 16], [19, 7], [13, 26], [1, 23], [17, 8], [27, 15], [2, 28], [20, 13], [23, 28], [26, 16], [20, 10], [3, 29], [28, 18], [26, 14], [5, 24], [21, 24], [26, 8], [13, 28], [0, 24], [29, 14], [16, 20], [11, 26], [24, 26], [20, 7], [13, 17], [0, 29], [28, 15], [26, 29], [7, 26], [29, 16], [22, 15], [13, 20], [5, 27], [26, 7], [28, 28], [11, 24]]}