{"meta": {"number_of_robots": 180, "description": {"parameters": {"seed": 7794, "shape": [30, 30], "obstacles": {"n": 0, "mean": 0, "std": 0.0}, "clusters": {"n": 7, "mean": 20, "std": 10.0, "relative_radius": 2, "increase_factor": 1.3, "start_dist": {"generator_name": "uniform", "shape": [30, 30], "min": 1.0, "max": 1.0, "mean": 1.0, "std": 0.0, "dtype": "float64", "parameters": {}}, "target_dist": {"generator_name": "uniform", "shape": [30, 30], "min": 1.0, "max": 1.0, "mean": 1.0, "std": 0.0, "dtype": "float64", "parameters": {}}}, "density": 0.2, "start_dist": {"generator_name": "uniform", "shape": [30, 30], "min": 1.0, "max": 1.0, "mean": 1.0, "std": 0.0, "dtype": "float64", "parameters": {}}, "target_dist": {"generator_name": "uniform", "shape": [30, 30], "min": 1.0, "max": 1.0, "mean": 1.0, "std": 0.0, "dtype": "float64", "parameters": {}}}, "stats": {"date": "2020-11-17", "free_area": 900.0, "number_of_clustered_robots": 142, "number_of_robots": 180}}}, "name": "medium_free_002_30x30_20_180", "obstacles": [], "starts": [[5, 16], [10, 14], [23, 2], [5, 5], [20, 25], [27, 12], [21, 4], [22, 13], [0, 21], [1, 5], [21, 26], [27, 10], [11, 9], [28, 13], [6, 20], [1, 2], [21, 0], [16, 29], [26, 10], [26, 4], [14, 14], [4, 26], [3, 4], [26, 13], [22, 26], [23, 18], [6, 23], [4, 2], [18, 2], [18, 24], [22, 11], [13, 10], [21, 8], [8, 26], [3, 5], [23, 8], [24, 24], [27, 4], [14, 13], [2, 25], [6, 4], [29, 6], [18, 0], [20, 27], [28, 8], [2, 21], [1, 1], [9, 16], [28, 6], [22, 24], [25, 3], [29, 4], [9, 18], [0, 5], [20, 2], [17, 28], [21, 12], [16, 9], [1, 16], [2, 1], [24, 5], [21, 28], [21, 7], [6, 25], [5, 2], [9, 14], [24, 2], [27, 9], [22, 2], [17, 29], [21, 10], [5, 22], [5, 4], [13, 14], [22, 28], [24, 11], [7, 18], [2, 5], [19, 17], [20, 3], [20, 26], [21, 13], [26, 5], [9, 13], [4, 18], [6, 3], [29, 12], [14, 29], [22, 9], [7, 24], [6, 5], [9, 12], [28, 4], [19, 3], [16, 24], [0, 25], [2, 4], [21, 6], [24, 7], [16, 28], [25, 11], [16, 12], [6, 19], [4, 3], [23, 9], [25, 5], [18, 29], [26, 14], [5, 19], [3, 0], [11, 12], [23, 6], [14, 28], [26, 6], [3, 21], [3, 3], [20, 14], [12, 12], [22, 5], [23, 4], [18, 26], [2, 26], [0, 4], [29, 10], [24, 27], [28, 11], [5, 25], [3, 1], [15, 9], [22, 8], [25, 7], [21, 1], [21, 27], [0, 24], [4, 0], [21, 16], [17, 10], [21, 17], [17, 27], [7, 20], [5, 0], [27, 16], [6, 27], [7, 14], [24, 26], [3, 11], [1, 14], [5, 18], [26, 7], [0, 1], [5, 21], [28, 10], [28, 22], [10, 19], [15, 26], [24, 20], [5, 7], [14, 17], [25, 2], [2, 16], [12, 4], [27, 21], [10, 28], [21, 24], [22, 14], [6, 13], [8, 29], [17, 11], [19, 16], [3, 17], [6, 16], [9, 6], [27, 27], [4, 29], [2, 22], [26, 11], [29, 21], [26, 12], [23, 15], [27, 1]], "targets": [[8, 10], [28, 7], [22, 29], [26, 21], [9, 29], [26, 4], [19, 18], [22, 8], [3, 12], [28, 16], [9, 24], [25, 16], [27, 8], [23, 6], [3, 15], [25, 13], [20, 28], [16, 25], [20, 6], [14, 15], [29, 11], [5, 15], [28, 17], [20, 16], [15, 28], [19, 13], [10, 11], [24, 14], [15, 25], [16, 28], [29, 18], [28, 12], [26, 16], [10, 12], [28, 14], [16, 15], [8, 27], [29, 4], [25, 9], [1, 16], [23, 18], [22, 9], [19, 28], [7, 28], [29, 17], [7, 10], [23, 14], [27, 11], [21, 7], [9, 25], [19, 15], [24, 10], [10, 17], [29, 15], [15, 27], [14, 28], [28, 13], [25, 8], [5, 16], [25, 18], [19, 6], [6, 28], [24, 16], [7, 12], [24, 15], [27, 9], [14, 13], [21, 15], [23, 29], [10, 29], [18, 18], [5, 17], [28, 19], [26, 7], [14, 24], [23, 5], [4, 7], [26, 17], [25, 11], [22, 28], [13, 24], [29, 10], [13, 15], [28, 10], [10, 16], [26, 15], [27, 6], [6, 29], [26, 5], [3, 17], [27, 13], [26, 10], [19, 11], [20, 29], [10, 28], [4, 16], [26, 23], [29, 5], [15, 18], [11, 29], [23, 10], [25, 7], [2, 12], [29, 22], [20, 8], [17, 28], [9, 23], [24, 13], [0, 13], [28, 21], [25, 5], [19, 7], [16, 24], [14, 16], [0, 7], [24, 17], [25, 15], [26, 6], [23, 13], [21, 27], [10, 25], [5, 12], [29, 13], [21, 11], [16, 27], [21, 13], [6, 17], [23, 16], [27, 12], [16, 12], [19, 5], [18, 24], [6, 23], [5, 9], [27, 15], [19, 4], [29, 7], [28, 15], [9, 27], [8, 11], [25, 14], [23, 12], [13, 18], [11, 9], [14, 20], [10, 23], [27, 29], [20, 3], [13, 7], [0, 9], [29, 2], [23, 28], [1, 0], [23, 19], [7, 17], [13, 22], [21, 17], [0, 18], [25, 10], [22, 6], [27, 27], [13, 11], [11, 0], [6, 21], [25, 17], [27, 26], [11, 18], [19, 2], [29, 20], [11, 5], [23, 22], [28, 18], [29, 8], [8, 24], [9, 8], [12, 26], [18, 2], [28, 1], [24, 18], [18, 4]]}