{"meta": {"number_of_robots": 1250, "description": {"parameters": {"seed": 3006, "shape": [50, 50], "obstacles": {"n": 0, "mean": 0, "std": 0.0}, "clusters": {"n": 15, "mean": 20, "std": 10.0, "relative_radius": 2, "increase_factor": 1.3, "start_dist": {"generator_name": "uniform", "shape": [50, 50], "min": 1.0, "max": 1.0, "mean": 1.0, "std": 0.0, "dtype": "float64", "parameters": {}}, "target_dist": {"generator_name": "uniform", "shape": [50, 50], "min": 1.0, "max": 1.0, "mean": 1.0, "std": 0.0, "dtype": "float64", "parameters": {}}}, "density": 0.5, "start_dist": {"generator_name": "uniform", "shape": [50, 50], "min": 1.0, "max": 1.0, "mean": 1.0, "std": 0.0, "dtype": "float64", "parameters": {}}, "target_dist": {"generator_name": "uniform", "shape": [50, 50], "min": 1.0, "max": 1.0, "mean": 1.0, "std": 0.0, "dtype": "float64", "parameters": {}}}, "stats": {"date": "2020-11-17", "free_area": 2500.0, "number_of_clustered_robots": 318, "number_of_robots": 1250}}}, "name": "medium_free_013_50x50_50_1250", "obstacles": [], "starts": [[41, 32], [30, 11], [4, 12], [4, 29], [26, 44], [5, 25], [29, 1], [38, 3], [20, 19], [4, 31], [36, 30], [21, 43], [12, 8], [45, 11], [31, 26], [14, 12], [36, 33], [3, 15], [44, 33], [39, 37], [5, 26], [36, 15], [25, 3], [29, 11], [30, 46], [9, 23], [20, 40], [15, 3], [28, 28], [0, 11], [7, 22], [34, 31], [42, 41], [3, 28], [43, 8], [28, 3], [36, 16], [23, 47], [7, 15], [34, 28], [6, 15], [40, 23], [37, 33], [10, 24], [0, 22], [40, 6], [33, 4], [19, 42], [7, 7], [36, 22], [32, 9], [29, 48], [5, 9], [6, 20], [37, 4], [38, 24], [33, 34], [4, 20], [45, 13], [15, 4], [34, 26], [28, 5], [29, 8], [26, 43], [6, 28], [7, 18], [45, 27], [16, 40], [38, 29], [15, 15], [32, 27], [3, 24], [38, 9], [27, 3], [2, 15], [6, 16], [33, 18], [23, 45], [40, 32], [10, 11], [26, 32], [35, 39], [3, 22], [5, 22], [43, 10], [1, 18], [25, 2], [20, 41], [7, 4], [27, 23], [41, 35], [28, 8], [33, 46], [40, 39], [5, 21], [44, 7], [4, 15], [1, 17], [36, 3], [13, 9], [38, 30], [32, 3], [11, 30], [39, 29], [29, 15], [27, 45], [40, 37], [23, 43], [1, 19], [43, 11], [2, 21], [17, 8], [35, 22], [42, 27], [26, 3], [44, 31], [32, 8], [26, 46], [5, 31], [6, 12], [30, 27], [3, 10], [4, 21], [2, 29], [45, 12], [45, 30], [32, 1], [21, 45], [44, 41], [16, 11], [31, 28], [26, 17], [30, 49], [3, 16], [3, 29], [45, 8], [42, 25], [4, 25], [26, 7], [17, 9], [26, 26], [40, 35], [6, 17], [1, 20], [37, 2], [26, 16], [30, 45], [17, 37], [4, 23], [41, 10], [45, 24], [10, 6], [35, 27], [33, 6], [34, 29], [6, 27], [8, 30], [31, 11], [27, 49], [0, 20], [46, 10], [44, 35], [13, 11], [32, 29], [2, 13], [2, 19], [34, 3], [38, 41], [21, 39], [6, 9], [37, 23], [40, 26], [4, 22], [37, 7], [32, 12], [28, 46], [12, 24], [1, 22], [37, 32], [26, 4], [10, 15], [30, 24], [34, 32], [0, 24], [44, 14], [17, 38], [36, 12], [30, 43], [2, 11], [2, 18], [38, 4], [39, 41], [5, 6], [34, 24], [30, 1], [11, 24], [36, 28], [1, 24], [37, 10], [7, 16], [35, 10], [27, 44], [13, 7], [33, 27], [36, 31], [31, 2], [20, 38], [41, 28], [0, 27], [43, 14], [1, 10], [3, 19], [15, 9], [29, 24], [7, 27], [27, 8], [24, 44], [34, 41], [37, 29], [27, 2], [14, 3], [31, 30], [4, 27], [3, 21], [37, 9], [23, 39], [32, 41], [29, 9], [31, 46], [33, 35], [5, 27], [30, 6], [11, 5], [34, 27], [3, 12], [3, 18], [33, 2], [1, 21], [37, 12], [39, 35], [28, 10], [29, 44], [41, 29], [17, 7], [26, 27], [0, 26], [33, 1], [17, 41], [2, 24], [42, 12], [7, 30], [32, 30], [12, 5], [28, 27], [36, 32], [30, 14], [32, 47], [5, 13], [2, 23], [31, 0], [0, 21], [46, 7], [6, 13], [28, 30], [40, 41], [20, 37], [42, 33], [0, 17], [8, 24], [34, 18], [24, 48], [29, 2], [9, 3], [27, 26], [0, 29], [39, 11], [44, 36], [35, 25], [0, 13], [3, 20], [35, 3], [33, 13], [27, 47], [16, 10], [38, 26], [27, 4], [20, 43], [5, 20], [42, 15], [8, 25], [38, 39], [39, 34], [5, 18], [11, 8], [31, 29], [29, 18], [29, 45], [32, 4], [0, 19], [38, 10], [39, 38], [35, 30], [0, 12], [6, 25], [16, 3], [32, 24], [16, 45], [10, 23], [33, 14], [33, 43], [30, 2], [1, 27], [40, 5], [40, 33], [34, 25], [2, 22], [10, 14], [33, 29], [40, 24], [21, 20], [42, 39], [25, 12], [47, 41], [1, 42], [19, 4], [35, 19], [15, 16], [19, 18], [12, 15], [40, 15], [22, 31], [40, 30], [0, 39], [34, 14], [28, 32], [14, 15], [18, 37], [4, 35], [46, 33], [3, 4], [8, 18], [33, 47], [45, 41], [38, 36], [34, 13], [46, 29], [18, 34], [49, 43], [28, 7], [11, 23], [34, 8], [22, 1], [36, 8], [46, 12], [24, 35], [7, 6], [20, 15], [5, 24], [15, 34], [22, 16], [10, 9], [48, 25], [18, 13], [31, 40], [37, 15], [15, 22], [19, 17], [14, 31], [39, 45], [34, 9], [34, 6], [27, 34], [0, 8], [26, 30], [32, 16], [14, 7], [36, 36], [24, 36], [28, 17], [6, 24], [3, 26], [5, 45], [43, 34], [1, 25], [3, 46], [12, 39], [6, 36], [7, 36], [5, 8], [0, 15], [7, 25], [9, 37], [47, 13], [44, 4], [0, 44], [21, 23], [5, 11], [30, 40], [20, 29], [30, 3], [4, 8], [49, 16], [48, 2], [29, 3], [19, 14], [32, 2], [35, 46], [49, 41], [23, 6], [15, 27], [30, 42], [42, 43], [43, 49], [31, 43], [38, 35], [8, 37], [8, 14], [20, 14], [5, 46], [12, 49], [41, 30], [18, 24], [49, 29], [7, 19], [26, 41], [19, 38], [42, 40], [19, 0], [7, 42], [38, 44], [45, 40], [23, 22], [15, 8], [7, 13], [26, 47], [7, 43], [15, 10], [26, 35], [43, 29], [39, 28], [7, 10], [42, 6], [25, 24], [42, 45], [0, 1], [23, 25], [34, 34], [11, 9], [28, 1], [36, 40], [48, 19], [28, 2], [6, 5], [48, 37], [44, 38], [29, 20], [12, 18], [24, 37], [42, 1], [34, 15], [47, 37], [48, 28], [1, 6], [26, 18], [41, 15], [38, 49], [43, 37], [2, 44], [25, 29], [30, 21], [34, 2], [4, 42], [46, 30], [23, 17], [7, 35], [9, 22], [41, 31], [45, 14], [28, 41], [6, 48], [6, 22], [44, 16], [17, 24], [35, 36], [27, 7], [44, 9], [20, 8], [29, 31], [37, 37], [9, 13], [30, 20], [26, 14], [42, 5], [2, 38], [8, 15], [7, 9], [40, 16], [14, 46], [3, 14], [8, 41], [22, 36], [31, 33], [19, 33], [34, 43], [5, 42], [48, 4], [0, 0], [11, 40], [47, 5], [4, 47], [48, 5], [10, 34], [19, 43], [15, 39], [2, 48], [22, 44], [41, 27], [18, 40], [20, 6], [16, 24], [41, 7], [0, 49], [32, 20], [39, 48], [2, 20], [48, 48], [14, 39], [45, 29], [26, 20], [24, 21], [8, 44], [13, 43], [1, 43], [44, 13], [7, 37], [46, 17], [7, 29], [48, 39], [27, 15], [3, 5], [44, 21], [44, 8], [6, 23], [48, 24], [3, 6], [12, 48], [41, 19], [29, 25], [21, 27], [8, 11], [24, 10], [27, 36], [30, 32], [44, 47], [0, 5], [21, 0], [35, 20], [8, 49], [49, 12], [40, 47], [4, 18], [31, 1], [14, 40], [18, 25], [2, 36], [5, 10], [12, 22], [8, 34], [35, 6], [36, 11], [41, 6], [18, 17], [24, 6], [34, 46], [44, 12], [12, 38], [10, 46], [15, 49], [9, 14], [41, 21], [46, 43], [23, 21], [22, 27], [33, 24], [28, 49], [26, 36], [15, 46], [13, 19], [24, 17], [45, 44], [24, 3], [41, 2], [22, 23], [9, 5], [17, 10], [31, 31], [19, 34], [25, 19], [40, 9], [18, 31], [0, 16], [33, 5], [7, 45], [26, 38], [3, 38], [22, 10], [29, 35], [24, 46], [37, 49], [0, 42], [23, 16], [25, 0], [22, 39], [10, 13], [24, 42], [14, 14], [12, 19], [0, 28], [10, 38], [41, 49], [17, 2], [4, 17], [13, 26], [45, 15], [15, 7], [35, 32], [8, 29], [25, 4], [45, 31], [25, 15], [19, 16], [2, 25], [20, 47], [40, 14], [28, 18], [1, 31], [9, 46], [8, 47], [43, 25], [10, 17], [27, 20], [28, 40], [31, 5], [25, 6], [45, 42], [27, 31], [1, 8], [44, 46], [41, 26], [16, 47], [23, 49], [31, 38], [11, 46], [38, 28], [48, 26], [17, 11], [44, 28], [42, 34], [2, 7], [34, 21], [35, 23], [23, 1], [29, 7], [21, 36], [44, 40], [30, 48], [32, 14], [28, 19], [31, 9], [5, 40], [39, 7], [10, 8], [36, 37], [34, 42], [18, 48], [37, 13], [28, 26], [16, 14], [24, 16], [35, 37], [24, 1], [23, 37], [3, 8], [30, 39], [1, 47], [20, 22], [24, 29], [25, 42], [25, 34], [29, 30], [39, 1], [12, 42], [31, 16], [28, 37], [39, 36], [31, 14], [25, 45], [35, 14], [13, 25], [37, 25], [17, 28], [14, 49], [49, 2], [14, 16], [38, 33], [36, 5], [11, 35], [49, 30], [23, 38], [34, 17], [10, 0], [22, 48], [19, 48], [25, 20], [21, 37], [42, 35], [36, 39], [48, 29], [2, 43], [18, 26], [26, 48], [14, 41], [42, 48], [25, 22], [49, 22], [0, 7], [13, 39], [49, 1], [25, 36], [33, 21], [35, 2], [23, 26], [40, 45], [23, 42], [10, 41], [16, 6], [45, 6], [13, 18], [6, 47], [2, 17], [48, 44], [21, 17], [21, 48], [48, 33], [11, 28], [37, 39], [11, 12], [7, 44], [4, 14], [14, 26], [11, 36], [33, 22], [19, 2], [27, 18], [48, 38], [25, 26], [8, 5], [11, 32], [39, 25], [31, 25], [19, 32], [11, 15], [36, 44], [35, 40], [32, 26], [21, 21], [46, 14], [43, 24], [38, 32], [8, 4], [0, 30], [12, 45], [5, 2], [36, 7], [1, 49], [33, 36], [20, 4], [7, 41], [30, 28], [18, 7], [18, 36], [42, 46], [31, 37], [6, 41], [13, 2], [45, 33], [3, 27], [14, 5], [2, 1], [22, 24], [9, 16], [22, 42], [40, 43], [41, 23], [23, 2], [41, 11], [28, 33], [18, 45], [36, 23], [12, 14], [42, 10], [47, 23], [36, 1], [43, 33], [27, 32], [49, 37], [8, 33], [40, 7], [48, 11], [4, 0], [17, 42], [47, 4], [26, 6], [32, 39], [29, 26], [1, 14], [31, 48], [41, 48], [7, 12], [34, 22], [7, 5], [48, 22], [29, 22], [18, 14], [6, 46], [9, 29], [23, 23], [1, 0], [22, 25], [40, 19], [23, 35], [20, 49], [46, 37], [16, 29], [31, 8], [27, 38], [6, 33], [13, 20], [24, 38], [36, 41], [11, 14], [33, 17], [30, 0], [6, 18], [1, 29], [31, 49], [28, 24], [23, 44], [45, 19], [11, 2], [46, 21], [7, 20], [33, 12], [26, 2], [12, 21], [10, 31], [0, 31], [26, 34], [11, 42], [34, 4], [43, 28], [43, 12], [43, 47], [9, 18], [45, 10], [12, 12], [21, 46], [35, 1], [11, 13], [47, 38], [39, 8], [36, 27], [48, 7], [41, 13], [39, 9], [32, 42], [47, 46], [9, 31], [29, 33], [38, 38], [45, 22], [41, 24], [12, 11], [16, 8], [26, 11], [21, 5], [19, 7], [3, 0], [32, 11], [0, 40], [19, 28], [4, 10], [49, 14], [13, 3], [9, 20], [14, 30], [28, 12], [22, 12], [18, 0], [40, 40], [2, 5], [39, 32], [1, 48], [4, 2], [18, 19], [27, 10], [29, 34], [31, 18], [34, 16], [30, 18], [0, 33], [3, 3], [2, 39], [38, 46], [38, 13], [39, 42], [6, 45], [4, 37], [18, 16], [18, 21], [43, 26], [27, 1], [26, 33], [2, 10], [28, 23], [3, 11], [20, 32], [2, 41], [39, 13], [45, 1], [20, 31], [45, 23], [38, 20], [17, 13], [20, 9], [30, 41], [46, 45], [46, 13], [35, 18], [38, 45], [35, 13], [40, 28], [20, 11], [41, 22], [41, 3], [24, 13], [16, 2], [13, 4], [6, 40], [22, 18], [1, 40], [41, 18], [40, 18], [25, 18], [32, 19], [17, 22], [38, 37], [8, 10], [25, 39], [9, 38], [23, 41], [7, 33], [7, 24], [8, 22], [42, 0], [38, 8], [29, 47], [2, 37], [44, 42], [36, 43], [6, 8], [16, 25], [39, 15], [3, 9], [10, 48], [14, 8], [37, 31], [26, 49], [10, 28], [24, 33], [0, 36], [38, 21], [49, 20], [11, 18], [5, 14], [34, 33], [0, 34], [27, 21], [15, 11], [13, 48], [28, 13], [0, 18], [13, 17], [21, 42], [16, 31], [16, 49], [12, 46], [25, 10], [47, 20], [47, 12], [35, 12], [19, 11], [26, 31], [30, 30], [16, 44], [0, 37], [18, 35], [38, 18], [46, 6], [38, 34], [9, 21], [47, 1], [28, 25], [40, 38], [29, 17], [24, 19], [34, 36], [46, 2], [13, 24], [20, 26], [43, 9], [21, 18], [10, 40], [8, 0], [46, 32], [22, 0], [12, 29], [20, 28], [15, 6], [31, 24], [38, 7], [35, 5], [21, 49], [19, 12], [5, 5], [23, 4], [24, 23], [25, 1], [48, 34], [39, 17], [42, 17], [3, 48], [2, 49], [17, 36], [5, 19], [43, 23], [11, 11], [14, 22], [43, 39], [49, 10], [0, 14], [39, 14], [26, 22], [47, 35], [31, 32], [25, 32], [43, 0], [23, 0], [6, 38], [19, 27], [7, 23], [17, 48], [15, 32], [34, 30], [29, 6], [24, 14], [44, 10], [30, 15], [49, 15], [33, 31], [10, 3], [22, 9], [7, 49], [16, 48], [35, 15], [18, 20], [38, 14], [10, 21], [30, 19], [40, 4], [8, 32], [2, 0], [4, 13], [36, 2], [14, 32], [47, 11], [22, 3], [49, 19], [35, 45], [18, 1], [11, 41], [2, 27], [43, 13], [5, 32], [5, 38], [30, 7], [7, 39], [19, 26], [19, 24], [3, 33], [47, 27], [39, 47], [9, 30], [5, 17], [24, 0], [21, 14], [9, 49], [3, 43], [47, 21], [16, 12], [45, 9], [12, 33], [2, 30], [22, 8], [36, 19], [49, 27], [23, 31], [20, 30], [33, 23], [31, 6], [48, 49], [22, 47], [41, 39], [37, 1], [31, 23], [2, 8], [1, 4], [26, 19], [15, 19], [14, 43], [7, 46], [18, 9], [4, 11], [18, 46], [2, 3], [47, 44], [24, 27], [15, 45], [17, 43], [22, 49], [11, 19], [35, 35], [41, 41], [43, 2], [30, 29], [23, 36], [42, 22], [31, 36], [30, 16], [24, 26], [39, 46], [49, 28], [23, 30], [6, 4], [11, 27], [20, 21], [15, 44], [9, 33], [20, 18], [38, 23], [24, 45], [31, 7], [24, 31], [25, 9], [29, 14], [27, 24], [40, 42], [10, 37], [14, 20], [21, 13], [43, 31], [0, 43], [6, 26], [20, 0], [26, 42], [37, 14], [45, 18], [14, 25], [7, 47], [10, 49], [39, 21], [15, 37], [5, 34], [45, 2], [14, 4], [28, 11], [32, 32], [32, 17], [4, 44], [11, 3], [18, 23], [31, 15], [39, 6], [45, 35], [17, 47], [19, 3], [9, 25], [40, 27], [47, 25], [24, 47], [12, 43], [26, 0], [17, 23], [44, 30], [0, 47], [49, 18], [49, 31], [22, 45], [37, 19], [25, 23], [42, 19], [0, 45], [6, 19], [25, 13], [34, 35], [10, 18], [48, 3], [16, 41], [32, 15], [5, 37], [22, 11], [15, 30], [3, 7], [32, 22], [16, 4], [23, 32], [22, 46], [22, 30], [17, 29], [49, 38], [33, 16], [10, 4], [42, 11], [7, 40], [23, 15], [46, 23], [22, 6], [36, 10], [42, 29], [1, 39], [45, 28], [16, 21], [8, 6], [49, 3], [3, 35], [24, 15], [20, 34], [20, 35], [37, 46], [18, 30]], "targets": [[20, 45], [47, 15], [44, 8], [47, 34], [15, 33], [41, 47], [30, 28], [12, 2], [4, 33], [8, 34], [19, 44], [34, 26], [4, 16], [36, 32], [38, 17], [9, 5], [39, 12], [35, 46], [23, 38], [10, 47], [42, 36], [42, 31], [39, 19], [47, 12], [6, 31], [13, 40], [34, 32], [11, 8], [35, 15], [48, 8], [37, 47], [11, 39], [11, 41], [47, 42], [37, 36], [35, 24], [45, 11], [7, 30], [14, 11], [39, 16], [30, 48], [16, 38], [12, 48], [9, 38], [46, 43], [44, 32], [30, 25], [30, 30], [15, 17], [40, 12], [48, 10], [7, 32], [47, 5], [38, 46], [13, 3], [18, 46], [13, 45], [37, 40], [37, 33], [7, 9], [28, 11], [34, 19], [47, 8], [6, 35], [13, 36], [38, 47], [20, 36], [32, 29], [19, 42], [15, 11], [39, 23], [41, 38], [36, 40], [34, 22], [47, 4], [34, 49], [44, 9], [7, 37], [17, 44], [4, 12], [36, 23], [16, 48], [4, 38], [40, 36], [38, 38], [32, 45], [30, 19], [32, 26], [5, 8], [40, 16], [22, 34], [46, 5], [12, 36], [17, 42], [46, 34], [41, 31], [45, 5], [42, 47], [14, 4], [15, 9], [37, 14], [34, 23], [11, 36], [21, 43], [45, 13], [9, 34], [18, 47], [33, 33], [41, 35], [37, 35], [32, 49], [6, 9], [39, 20], [13, 39], [39, 24], [20, 46], [49, 11], [5, 30], [3, 32], [7, 8], [31, 21], [48, 7], [40, 49], [37, 42], [43, 33], [23, 37], [37, 24], [34, 33], [11, 46], [6, 5], [34, 14], [44, 5], [6, 37], [40, 45], [46, 41], [39, 39], [16, 40], [7, 40], [37, 20], [12, 11], [28, 14], [9, 43], [46, 8], [31, 45], [10, 2], [44, 10], [6, 36], [37, 25], [46, 39], [44, 33], [19, 40], [4, 10], [39, 15], [35, 21], [11, 42], [30, 46], [7, 35], [47, 6], [10, 38], [42, 39], [44, 31], [13, 38], [3, 10], [40, 14], [45, 8], [40, 43], [30, 21], [19, 45], [33, 28], [15, 10], [37, 11], [21, 34], [39, 41], [38, 32], [47, 13], [9, 28], [12, 35], [38, 49], [18, 41], [32, 28], [12, 5], [33, 21], [15, 35], [39, 40], [39, 36], [36, 31], [49, 9], [8, 33], [45, 12], [42, 44], [11, 0], [15, 42], [11, 17], [28, 17], [29, 19], [7, 39], [16, 39], [38, 37], [42, 37], [34, 48], [46, 12], [9, 36], [13, 9], [31, 22], [18, 42], [38, 27], [36, 26], [19, 39], [45, 40], [44, 35], [46, 7], [34, 45], [14, 9], [35, 19], [8, 38], [44, 11], [11, 33], [10, 49], [18, 45], [34, 25], [12, 14], [39, 18], [41, 44], [46, 36], [41, 37], [35, 32], [10, 44], [48, 9], [11, 37], [22, 38], [7, 34], [35, 20], [12, 13], [31, 12], [43, 5], [33, 47], [12, 1], [41, 42], [43, 35], [9, 42], [44, 14], [8, 30], [14, 39], [5, 16], [36, 12], [42, 49], [35, 27], [35, 31], [44, 41], [42, 34], [10, 37], [15, 49], [12, 17], [39, 21], [17, 41], [48, 5], [11, 32], [49, 10], [41, 46], [35, 26], [37, 43], [36, 36], [15, 5], [29, 14], [16, 42], [36, 25], [23, 40], [32, 47], [7, 38], [49, 13], [12, 28], [29, 24], [13, 8], [40, 21], [44, 36], [43, 31], [16, 46], [23, 43], [45, 7], [37, 44], [15, 2], [46, 14], [12, 33], [9, 9], [38, 14], [33, 19], [32, 30], [39, 38], [38, 33], [9, 37], [12, 44], [15, 37], [40, 48], [6, 15], [31, 14], [45, 6], [12, 38], [36, 27], [44, 43], [45, 36], [12, 49], [22, 46], [46, 9], [30, 45], [15, 6], [32, 20], [32, 32], [9, 35], [46, 11], [8, 28], [38, 20], [46, 40], [45, 38], [9, 41], [19, 46], [31, 46], [5, 10], [29, 20], [8, 16], [11, 24], [2, 2], [22, 15], [27, 21], [45, 27], [25, 39], [2, 1], [45, 3], [38, 22], [32, 8], [46, 1], [46, 33], [38, 42], [48, 46], [33, 30], [21, 44], [45, 29], [15, 8], [31, 48], [1, 26], [32, 9], [30, 38], [16, 24], [0, 31], [1, 37], [41, 11], [8, 22], [32, 25], [0, 26], [11, 1], [37, 48], [44, 3], [23, 30], [16, 41], [42, 0], [25, 36], [24, 14], [6, 39], [4, 39], [25, 34], [17, 40], [0, 3], [0, 18], [41, 10], [15, 48], [0, 32], [17, 12], [19, 16], [19, 11], [13, 13], [17, 1], [49, 45], [11, 27], [3, 35], [33, 10], [17, 36], [43, 0], [34, 18], [24, 22], [6, 3], [23, 36], [34, 12], [15, 19], [46, 3], [41, 49], [34, 1], [45, 1], [38, 5], [33, 22], [24, 26], [27, 9], [41, 36], [7, 27], [34, 37], [27, 16], [4, 11], [49, 2], [0, 30], [25, 45], [3, 27], [47, 7], [18, 20], [10, 14], [0, 21], [9, 21], [47, 1], [24, 4], [17, 23], [13, 28], [37, 28], [25, 32], [44, 1], [48, 25], [14, 19], [31, 16], [2, 19], [32, 18], [40, 47], [42, 9], [45, 0], [19, 0], [49, 35], [28, 27], [12, 9], [27, 37], [5, 34], [26, 13], [40, 20], [18, 40], [43, 38], [22, 13], [49, 18], [21, 4], [28, 42], [14, 32], [4, 18], [0, 35], [30, 7], [20, 40], [4, 26], [9, 46], [47, 18], [14, 2], [42, 19], [20, 21], [4, 8], [10, 34], [19, 2], [44, 15], [42, 4], [23, 12], [11, 29], [19, 20], [44, 18], [39, 31], [33, 18], [5, 31], [47, 40], [0, 8], [22, 35], [1, 22], [21, 3], [16, 33], [44, 37], [3, 46], [47, 31], [10, 16], [2, 17], [34, 3], [23, 2], [0, 46], [16, 8], [28, 19], [34, 5], [14, 34], [19, 38], [30, 3], [18, 22], [17, 48], [27, 49], [5, 24], [43, 43], [10, 25], [20, 17], [20, 19], [26, 23], [19, 13], [13, 7], [18, 3], [24, 42], [14, 25], [3, 16], [2, 20], [32, 10], [25, 6], [46, 19], [48, 33], [17, 4], [22, 48], [43, 20], [2, 48], [25, 29], [21, 33], [8, 40], [25, 40], [44, 42], [12, 16], [5, 18], [6, 30], [8, 0], [49, 12], [16, 25], [40, 25], [5, 33], [34, 43], [14, 37], [19, 29], [5, 37], [27, 20], [10, 46], [8, 1], [49, 43], [24, 37], [49, 1], [20, 23], [7, 6], [17, 46], [0, 25], [8, 31], [3, 17], [1, 0], [0, 45], [1, 10], [41, 8], [46, 16], [20, 39], [32, 46], [1, 2], [47, 16], [8, 49], [2, 10], [33, 8], [30, 14], [0, 13], [13, 6], [27, 28], [2, 36], [44, 24], [48, 16], [30, 0], [1, 7], [16, 5], [28, 40], [17, 33], [36, 11], [22, 22], [43, 23], [49, 38], [2, 43], [44, 13], [39, 25], [14, 48], [36, 37], [21, 10], [40, 10], [36, 14], [16, 0], [48, 11], [45, 32], [36, 38], [16, 10], [27, 38], [0, 29], [0, 11], [6, 11], [45, 22], [20, 32], [35, 0], [37, 26], [29, 9], [9, 31], [13, 44], [17, 15], [1, 30], [23, 29], [28, 24], [32, 11], [41, 18], [2, 42], [7, 15], [5, 49], [24, 27], [3, 47], [4, 45], [28, 33], [6, 44], [12, 21], [44, 48], [12, 40], [0, 17], [22, 42], [22, 29], [49, 32], [3, 9], [49, 46], [35, 39], [37, 1], [16, 32], [32, 3], [33, 48], [7, 25], [38, 44], [36, 1], [32, 13], [16, 37], [22, 37], [8, 19], [39, 5], [3, 5], [20, 1], [16, 3], [8, 47], [19, 21], [33, 34], [28, 6], [14, 5], [49, 23], [45, 39], [19, 26], [44, 19], [40, 29], [47, 30], [23, 28], [37, 39], [14, 43], [15, 20], [27, 22], [23, 41], [4, 42], [38, 11], [2, 8], [9, 29], [24, 16], [25, 20], [37, 37], [42, 22], [36, 15], [37, 4], [2, 47], [5, 41], [31, 27], [25, 48], [36, 28], [2, 40], [43, 49], [31, 28], [5, 39], [30, 41], [17, 10], [44, 47], [26, 39], [2, 26], [1, 28], [48, 35], [10, 10], [31, 30], [19, 32], [33, 36], [14, 46], [27, 35], [26, 3], [16, 31], [23, 14], [29, 18], [31, 43], [34, 7], [29, 42], [7, 17], [17, 6], [25, 9], [25, 17], [11, 47], [6, 6], [9, 17], [29, 3], [22, 40], [31, 38], [3, 12], [0, 23], [3, 30], [35, 45], [25, 44], [31, 37], [6, 29], [35, 47], [45, 45], [30, 39], [5, 7], [4, 49], [13, 29], [46, 49], [39, 13], [26, 48], [27, 10], [35, 13], [4, 41], [14, 10], [41, 40], [17, 29], [41, 0], [18, 49], [7, 48], [48, 41], [2, 14], [5, 1], [34, 13], [14, 17], [49, 29], [49, 24], [11, 43], [15, 22], [48, 2], [45, 31], [32, 31], [37, 41], [4, 0], [32, 40], [14, 31], [13, 15], [3, 20], [17, 39], [30, 2], [0, 20], [40, 34], [25, 14], [0, 33], [5, 3], [43, 9], [32, 22], [31, 11], [43, 24], [48, 6], [17, 37], [36, 6], [39, 49], [21, 17], [33, 44], [29, 45], [29, 30], [12, 19], [34, 28], [17, 26], [39, 7], [31, 36], [35, 22], [3, 25], [46, 0], [8, 24], [26, 26], [15, 27], [36, 7], [6, 17], [41, 7], [6, 49], [47, 0], [43, 21], [45, 43], [25, 8], [9, 27], [15, 4], [20, 8], [12, 46], [38, 0], [31, 47], [16, 4], [23, 5], [29, 13], [26, 7], [42, 32], [27, 12], [2, 30], [5, 40], [12, 37], [23, 13], [48, 37], [49, 6], [39, 32], [32, 4], [7, 7], [44, 45], [4, 21], [48, 48], [20, 4], [21, 40], [48, 4], [4, 1], [31, 4], [21, 15], [32, 34], [14, 13], [29, 2], [46, 13], [9, 8], [25, 18], [48, 45], [43, 14], [4, 7], [20, 29], [39, 33], [27, 44], [22, 6], [23, 35], [22, 31], [44, 49], [3, 8], [0, 42], [42, 14], [3, 19], [47, 28], [40, 37], [1, 24], [0, 12], [46, 32], [35, 3], [20, 37], [25, 28], [48, 26], [21, 30], [3, 2], [16, 16], [31, 13], [38, 26], [23, 16], [14, 8], [7, 29], [5, 11], [49, 4], [44, 0], [11, 45], [47, 38], [24, 41], [31, 10], [9, 49], [26, 44], [27, 46], [27, 41], [32, 6], [29, 7], [47, 14], [16, 36], [28, 35], [40, 23], [17, 28], [34, 34], [44, 28], [48, 3], [47, 32], [8, 9], [1, 19], [45, 23], [46, 18], [16, 13], [26, 46], [21, 41], [48, 39], [20, 2], [24, 25], [3, 34], [1, 23], [5, 0], [27, 30], [10, 19], [12, 18], [42, 41], [38, 25], [24, 24], [26, 33], [27, 5], [38, 2], [18, 28], [26, 18], [17, 27], [37, 21], [4, 20], [25, 3], [17, 35], [31, 7], [29, 47], [42, 42], [19, 10], [49, 31], [37, 13], [27, 1], [7, 16], [7, 2], [41, 14], [34, 39], [34, 4], [32, 5], [10, 36], [39, 0], [36, 43], [38, 15], [44, 25], [13, 41], [2, 41], [20, 38], [22, 26], [40, 2], [28, 13], [13, 12], [20, 47], [5, 22], [27, 13], [7, 45], [9, 32], [14, 40], [41, 16], [10, 45], [33, 37], [11, 20], [34, 47], [36, 19], [4, 31], [29, 44], [8, 2], [37, 34], [11, 13], [5, 38], [35, 7], [25, 23], [47, 2], [38, 1], [14, 28], [2, 15], [40, 39], [38, 7], [45, 25], [21, 19], [48, 47], [4, 27], [29, 0], [7, 4], [32, 14], [13, 30], [47, 44], [35, 5], [12, 39], [34, 16], [18, 1], [40, 27], [23, 10], [39, 44], [41, 1], [37, 9], [30, 49], [11, 9], [30, 37], [48, 19], [25, 26], [5, 15], [18, 13], [32, 38], [36, 5], [22, 33], [4, 25], [3, 3], [36, 9], [14, 35], [21, 6], [21, 20], [49, 47], [42, 5], [38, 39], [11, 12], [37, 12], [42, 10], [11, 21], [9, 39], [19, 27], [36, 17], [6, 38], [29, 41], [20, 27], [8, 7], [35, 12], [39, 46], [48, 43], [7, 10], [23, 8], [27, 26], [33, 0], [10, 15], [6, 12], [3, 26], [4, 4], [20, 5], [34, 30], [5, 4], [0, 27], [30, 16], [13, 27], [31, 8], [41, 25], [40, 19], [25, 21], [13, 5], [2, 11], [4, 43], [29, 17], [43, 11], [14, 41], [10, 29], [29, 46], [28, 38], [33, 1], [28, 29], [41, 33], [21, 7], [25, 41], [14, 26], [13, 34], [22, 44], [2, 49], [24, 49], [5, 5], [27, 15], [45, 2], [45, 26], [8, 23], [13, 18], [34, 8], [40, 41], [35, 23], [35, 6], [38, 45], [0, 41], [41, 12], [22, 8], [11, 18], [24, 2], [0, 40], [42, 18], [0, 39], [34, 21], [39, 30], [30, 29], [46, 26], [23, 9], [2, 24], [37, 29], [20, 28], [39, 9], [21, 26], [38, 8], [35, 49], [40, 46], [39, 3], [30, 26], [5, 20], [5, 21], [43, 42], [27, 34], [41, 17], [3, 0], [45, 14], [10, 27], [21, 28], [9, 2], [17, 47], [15, 29], [36, 33], [44, 2], [27, 42], [45, 44], [21, 8], [5, 23], [35, 37], [6, 20], [21, 45], [40, 26], [48, 13], [29, 22], [40, 30], [24, 0], [42, 17], [43, 25], [12, 8], [26, 17], [45, 47], [11, 49], [46, 20], [18, 0], [44, 29], [43, 19], [24, 6], [46, 15], [5, 48], [24, 15], [30, 8], [47, 49], [3, 18], [7, 20], [28, 34], [41, 30], [36, 3], [1, 20], [17, 38], [42, 24], [26, 10], [20, 34], [28, 5], [18, 29], [10, 24], [8, 45], [9, 13], [46, 27], [2, 35], [36, 49], [33, 35], [18, 9], [16, 18], [40, 31], [10, 33], [49, 19], [7, 1], [35, 34], [13, 0], [16, 28], [25, 16], [2, 31], [45, 46], [16, 26], [13, 10], [45, 33], [13, 22], [25, 25], [19, 15], [22, 3], [41, 41], [47, 41], [38, 43], [22, 12], [41, 32], [8, 44], [30, 9], [0, 38], [40, 28], [44, 6], [23, 19], [13, 1], [19, 49], [12, 30], [25, 12], [8, 32], [27, 36], [20, 41], [34, 10], [45, 17], [42, 16], [33, 39], [21, 38], [21, 25], [43, 18], [31, 9], [34, 6], [43, 32], [21, 46], [44, 22], [6, 41], [32, 21], [35, 9], [38, 24], [2, 32], [29, 25], [6, 43], [18, 48], [39, 37], [49, 25], [20, 6], [28, 9], [27, 33], [5, 32], [43, 41], [49, 20], [22, 21], [12, 0], [14, 29], [37, 46], [20, 25], [31, 6], [47, 26], [46, 17], [10, 28], [37, 8], [44, 12], [11, 6], [6, 46], [37, 17], [8, 39], [4, 28], [35, 42], [38, 30], [30, 43], [15, 30], [42, 8], [40, 3], [47, 36], [20, 42], [30, 31], [12, 3], [17, 32], [21, 31], [47, 19], [3, 48], [0, 22], [33, 9], [24, 28], [49, 15], [2, 5], [21, 48], [1, 27], [8, 5], [28, 31], [38, 3], [17, 19], [4, 48], [26, 32], [15, 34], [45, 9], [6, 23], [22, 41], [17, 22], [35, 8], [1, 13], [1, 42], [24, 12], [8, 14], [1, 34], [7, 47], [31, 29], [21, 21], [32, 2], [13, 33], [47, 29], [39, 14], [49, 28], [44, 21], [4, 44], [36, 44], [25, 24]]}