{"meta": {"number_of_robots": 306, "description": {"parameters": {"seed": 4948, "shape": [50, 50], "obstacles": {"n": 40, "mean": 5, "std": 2.5}, "clusters": {"n": 0, "mean": 10, "std": 5.0, "relative_radius": 2, "increase_factor": 1.3, "start_dist": {"generator_name": "uniform", "shape": [50, 50], "min": 1.0, "max": 1.0, "mean": 1.0, "std": 0.0, "dtype": "float64", "parameters": {}}, "target_dist": {"generator_name": "uniform", "shape": [50, 50], "min": 1.0, "max": 1.0, "mean": 1.0, "std": 0.0, "dtype": "float64", "parameters": {}}}, "density": 0.2, "start_dist": {"generator_name": "uniform", "shape": [50, 50], "min": 1.0, "max": 1.0, "mean": 1.0, "std": 0.0, "dtype": "float64", "parameters": {}}, "target_dist": {"generator_name": "uniform", "shape": [50, 50], "min": 1.0, "max": 1.0, "mean": 1.0, "std": 0.0, "dtype": "float64", "parameters": {}}}, "stats": {"date": "2020-11-17", "free_area": 1530.0, "number_of_clustered_robots": 0, "number_of_robots": 306}}}, "name": "medium_004_50x50_20_306", "obstacles": [[1, 19], [1, 20], [1, 21], [1, 22], [2, 19], [2, 22], [3, 4], [3, 5], [3, 6], [3, 7], [3, 8], [3, 9], [3, 10], [3, 11], [3, 12], [3, 13], [3, 14], [3, 15], [3, 16], [3, 17], [3, 19], [3, 22], [4, 4], [4, 17], [4, 19], [4, 22], [4, 24], [4, 25], [4, 26], [4, 27], [5, 4], [5, 5], [5, 6], [5, 7], [5, 8], [5, 9], [5, 10], [5, 11], [5, 12], [5, 13], [5, 14], [5, 15], [5, 16], [5, 17], [5, 19], [5, 22], [5, 24], [5, 27], [6, 19], [6, 20], [6, 21], [6, 22], [6, 24], [6, 27], [6, 44], [6, 45], [6, 46], [6, 47], [6, 48], [7, 7], [7, 8], [7, 9], [7, 10], [7, 11], [7, 12], [7, 13], [7, 14], [7, 15], [7, 16], [7, 17], [7, 18], [7, 24], [7, 27], [8, 2], [8, 3], [8, 4], [8, 5], [8, 6], [8, 18], [8, 24], [8, 27], [9, 2], [9, 10], [9, 11], [9, 12], [9, 13], [9, 14], [9, 15], [9, 16], [9, 17], [9, 18], [9, 24], [9, 27], [9, 34], [9, 35], [9, 36], [9, 37], [9, 38], [9, 39], [9, 40], [9, 41], [9, 42], [10, 2], [10, 9], [10, 24], [10, 27], [10, 34], [10, 42], [11, 2], [11, 9], [11, 24], [11, 25], [11, 26], [11, 27], [11, 32], [11, 33], [11, 42], [12, 2], [12, 3], [12, 4], [12, 9], [12, 32], [12, 42], [13, 5], [13, 10], [13, 11], [13, 12], [13, 13], [13, 14], [13, 15], [13, 32], [13, 42], [14, 5], [14, 15], [14, 32], [14, 42], [15, 5], [15, 15], [15, 23], [15, 24], [15, 25], [15, 26], [15, 27], [15, 28], [15, 29], [15, 30], [15, 32], [15, 38], [15, 39], [15, 40], [15, 41], [15, 42], [16, 1], [16, 2], [16, 3], [16, 4], [16, 15], [16, 17], [16, 18], [16, 19], [16, 20], [16, 21], [16, 22], [16, 27], [16, 32], [16, 33], [16, 34], [16, 35], [16, 36], [16, 37], [17, 1], [17, 15], [17, 17], [17, 27], [18, 1], [18, 15], [18, 17], [18, 27], [19, 1], [19, 16], [19, 26], [19, 27], [20, 1], [20, 25], [20, 29], [20, 30], [20, 31], [20, 32], [20, 33], [20, 34], [20, 45], [20, 46], [20, 47], [20, 48], [21, 1], [21, 25], [21, 29], [21, 34], [21, 45], [21, 48], [22, 1], [22, 2], [22, 3], [22, 4], [22, 5], [22, 6], [22, 7], [22, 8], [22, 9], [22, 10], [22, 11], [22, 12], [22, 14], [22, 25], [22, 29], [22, 34], [22, 45], [22, 48], [23, 13], [23, 15], [23, 25], [23, 29], [23, 34], [23, 45], [23, 48], [24, 8], [24, 9], [24, 10], [24, 11], [24, 13], [24, 15], [24, 25], [24, 29], [24, 34], [24, 45], [24, 48], [25, 8], [25, 11], [25, 13], [25, 16], [25, 25], [25, 29], [25, 34], [25, 45], [25, 48], [26, 8], [26, 11], [26, 13], [26, 16], [26, 17], [26, 18], [26, 19], [26, 20], [26, 21], [26, 22], [26, 23], [26, 24], [26, 25], [26, 29], [26, 34], [26, 39], [26, 40], [26, 41], [26, 42], [26, 43], [26, 44], [26, 48], [27, 5], [27, 6], [27, 7], [27, 11], [27, 13], [27, 29], [27, 34], [27, 39], [27, 47], [27, 48], [28, 5], [28, 11], [28, 13], [28, 14], [28, 15], [28, 16], [28, 17], [28, 29], [28, 34], [28, 39], [28, 46], [29, 5], [29, 9], [29, 10], [29, 11], [29, 13], [29, 17], [29, 21], [29, 22], [29, 23], [29, 29], [29, 35], [29, 36], [29, 37], [29, 38], [29, 46], [30, 5], [30, 8], [30, 13], [30, 17], [30, 21], [30, 24], [30, 25], [30, 26], [30, 27], [30, 29], [30, 30], [30, 31], [30, 32], [30, 33], [30, 42], [30, 43], [30, 44], [30, 45], [30, 46], [31, 5], [31, 8], [31, 13], [31, 17], [31, 21], [31, 23], [31, 34], [31, 41], [32, 5], [32, 8], [32, 13], [32, 17], [32, 21], [32, 23], [32, 34], [32, 41], [33, 5], [33, 6], [33, 7], [33, 8], [33, 13], [33, 17], [33, 21], [33, 23], [33, 34], [33, 41], [34, 13], [34, 14], [34, 15], [34, 16], [34, 17], [34, 21], [34, 22], [34, 23], [34, 34], [34, 41], [35, 34], [35, 35], [35, 36], [35, 37], [35, 38], [35, 39], [35, 40], [35, 41], [37, 10], [37, 11], [37, 12], [37, 13], [37, 14], [37, 15], [37, 16], [37, 34], [37, 35], [37, 36], [37, 37], [37, 38], [37, 39], [38, 1], [38, 2], [38, 3], [38, 4], [38, 5], [38, 6], [38, 7], [38, 8], [38, 9], [38, 34], [38, 35], [38, 36], [38, 37], [38, 38], [38, 39], [39, 1], [39, 9], [39, 44], [39, 45], [39, 46], [39, 47], [40, 1], [40, 9], [40, 38], [40, 39], [40, 44], [40, 47], [41, 1], [41, 9], [41, 22], [41, 23], [41, 24], [41, 25], [41, 38], [41, 39], [41, 44], [41, 45], [41, 46], [41, 47], [42, 1], [42, 9], [42, 22], [42, 25], [42, 38], [42, 39], [43, 1], [43, 9], [43, 22], [43, 25], [43, 38], [43, 39], [43, 41], [43, 42], [43, 43], [43, 44], [43, 45], [43, 46], [44, 1], [44, 2], [44, 3], [44, 4], [44, 5], [44, 6], [44, 7], [44, 8], [44, 9], [44, 20], [44, 21], [44, 26], [44, 27], [44, 38], [44, 39], [44, 41], [44, 42], [44, 43], [44, 44], [44, 45], [44, 46], [45, 20], [45, 27], [45, 38], [45, 39], [46, 20], [46, 27], [47, 20], [47, 21], [47, 22], [47, 23], [47, 24], [47, 25], [47, 26], [47, 27]], "starts": [[47, 2], [33, 26], [0, 48], [17, 42], [2, 7], [34, 10], [34, 0], [18, 44], [26, 4], [37, 27], [41, 30], [0, 46], [43, 28], [38, 49], [26, 26], [1, 7], [36, 34], [33, 3], [4, 18], [41, 18], [1, 4], [15, 1], [46, 16], [7, 1], [0, 11], [21, 41], [34, 48], [35, 24], [36, 27], [19, 47], [27, 16], [40, 13], [12, 26], [39, 40], [6, 15], [42, 10], [5, 49], [25, 40], [41, 27], [24, 2], [36, 16], [28, 47], [2, 33], [14, 27], [38, 11], [34, 29], [2, 3], [27, 28], [25, 42], [19, 30], [7, 45], [24, 26], [13, 0], [18, 38], [36, 15], [1, 9], [7, 2], [48, 37], [15, 44], [18, 45], [31, 25], [1, 44], [31, 12], [49, 26], [32, 12], [38, 0], [0, 26], [18, 49], [2, 27], [5, 42], [47, 18], [48, 14], [3, 33], [31, 18], [37, 9], [11, 21], [8, 42], [28, 37], [27, 18], [49, 38], [0, 9], [7, 6], [16, 40], [15, 2], [37, 26], [48, 2], [19, 33], [10, 21], [45, 9], [37, 33], [47, 9], [2, 31], [35, 4], [20, 41], [19, 48], [12, 45], [34, 25], [8, 41], [43, 14], [8, 30], [1, 27], [27, 21], [20, 28], [43, 17], [2, 40], [49, 45], [30, 49], [7, 23], [12, 30], [32, 26], [10, 47], [13, 21], [49, 40], [1, 30], [13, 25], [42, 21], [9, 0], [35, 42], [39, 37], [40, 28], [25, 2], [4, 31], [33, 49], [34, 5], [4, 42], [22, 40], [6, 37], [28, 1], [0, 6], [9, 23], [36, 7], [41, 14], [2, 16], [34, 49], [14, 24], [2, 32], [37, 5], [33, 0], [28, 27], [23, 5], [46, 43], [13, 19], [41, 12], [21, 35], [25, 35], [37, 2], [33, 29], [25, 15], [48, 17], [22, 0], [48, 20], [11, 1], [23, 36], [46, 15], [0, 35], [14, 25], [0, 16], [12, 16], [27, 35], [14, 30], [23, 7], [1, 46], [35, 13], [9, 1], [12, 18], [1, 24], [15, 22], [14, 3], [36, 43], [13, 44], [46, 8], [47, 17], [42, 28], [48, 19], [21, 39], [17, 40], [12, 13], [1, 25], [36, 3], [8, 43], [41, 20], [12, 27], [13, 18], [49, 30], [6, 33], [49, 25], [3, 44], [38, 24], [34, 9], [7, 20], [40, 30], [45, 1], [41, 26], [10, 45], [1, 43], [37, 49], [48, 22], [40, 10], [22, 41], [5, 23], [42, 43], [39, 23], [43, 33], [17, 43], [40, 35], [49, 8], [14, 18], [7, 34], [10, 1], [37, 23], [47, 31], [47, 45], [49, 21], [35, 32], [28, 35], [29, 24], [1, 15], [3, 18], [39, 25], [43, 20], [38, 12], [23, 14], [3, 34], [4, 29], [24, 35], [27, 37], [22, 36], [0, 14], [9, 20], [2, 37], [47, 34], [23, 10], [33, 28], [41, 16], [47, 47], [23, 8], [27, 20], [13, 47], [45, 4], [13, 29], [38, 28], [35, 30], [33, 27], [48, 8], [32, 44], [30, 20], [28, 23], [38, 21], [10, 28], [38, 18], [45, 40], [40, 20], [33, 4], [27, 4], [31, 31], [43, 34], [25, 49], [46, 34], [24, 3], [17, 48], [8, 47], [48, 15], [19, 36], [29, 0], [11, 23], [23, 3], [26, 14], [25, 44], [1, 31], [23, 28], [33, 33], [6, 35], [46, 30], [8, 31], [48, 44], [36, 37], [36, 21], [41, 34], [11, 12], [7, 22], [30, 10], [18, 39], [27, 14], [28, 3], [32, 27], [19, 42], [9, 31], [28, 26], [38, 43], [37, 28], [36, 13], [32, 47], [43, 27], [20, 39], [9, 21], [1, 0], [17, 35], [31, 24], [33, 18], [26, 5], [0, 33], [10, 32], [42, 29], [10, 14], [22, 38], [40, 15]], "targets": [[46, 38], [11, 0], [22, 37], [24, 36], [7, 49], [21, 39], [3, 45], [7, 32], [34, 29], [0, 46], [32, 2], [39, 20], [11, 48], [19, 28], [32, 48], [26, 4], [23, 10], [2, 23], [38, 41], [33, 19], [4, 40], [48, 36], [27, 4], [43, 20], [18, 39], [4, 48], [45, 46], [33, 18], [36, 47], [33, 20], [8, 22], [13, 31], [3, 36], [27, 1], [37, 47], [18, 32], [12, 17], [47, 3], [23, 2], [6, 4], [41, 28], [37, 25], [33, 9], [47, 30], [41, 17], [28, 4], [21, 44], [17, 46], [27, 14], [37, 1], [5, 38], [4, 41], [49, 1], [1, 12], [11, 49], [41, 16], [28, 19], [37, 8], [19, 49], [36, 17], [35, 13], [23, 11], [18, 31], [31, 30], [0, 10], [11, 23], [0, 0], [48, 13], [44, 35], [13, 46], [49, 10], [31, 46], [48, 19], [28, 37], [35, 43], [35, 27], [2, 3], [15, 20], [38, 11], [38, 19], [48, 16], [41, 36], [19, 48], [28, 12], [34, 24], [31, 26], [48, 0], [1, 49], [7, 4], [6, 0], [24, 26], [38, 48], [2, 49], [43, 32], [2, 15], [39, 41], [16, 48], [35, 0], [4, 18], [10, 17], [1, 38], [4, 0], [34, 27], [17, 37], [31, 27], [32, 31], [45, 45], [13, 28], [26, 35], [37, 41], [27, 0], [5, 31], [35, 15], [2, 42], [40, 37], [7, 23], [42, 17], [5, 42], [13, 22], [48, 39], [32, 11], [6, 38], [11, 12], [45, 16], [20, 44], [3, 47], [34, 20], [25, 0], [46, 39], [25, 41], [36, 37], [41, 26], [49, 39], [34, 47], [3, 34], [30, 10], [12, 28], [12, 26], [32, 32], [41, 40], [48, 17], [46, 30], [21, 35], [3, 1], [0, 38], [46, 33], [42, 33], [27, 27], [25, 3], [43, 13], [38, 27], [43, 19], [19, 42], [1, 6], [20, 41], [10, 16], [49, 11], [5, 34], [42, 21], [48, 10], [16, 39], [19, 38], [39, 23], [41, 30], [44, 29], [40, 18], [28, 20], [2, 48], [2, 31], [46, 6], [27, 36], [45, 42], [46, 18], [26, 26], [2, 11], [2, 2], [6, 35], [19, 45], [8, 48], [2, 13], [42, 13], [19, 43], [30, 20], [0, 6], [2, 33], [36, 18], [48, 37], [23, 41], [38, 33], [38, 26], [3, 27], [1, 8], [13, 45], [34, 42], [13, 4], [27, 2], [25, 44], [2, 24], [9, 49], [5, 48], [16, 16], [14, 28], [38, 23], [6, 29], [2, 34], [47, 29], [4, 29], [7, 29], [0, 8], [3, 25], [13, 44], [24, 40], [3, 29], [14, 48], [21, 41], [22, 39], [41, 0], [44, 15], [30, 12], [46, 37], [25, 14], [36, 33], [8, 49], [13, 18], [14, 44], [22, 42], [2, 5], [34, 3], [9, 21], [25, 26], [48, 28], [6, 40], [12, 21], [11, 13], [15, 1], [33, 24], [12, 27], [38, 30], [40, 11], [37, 2], [10, 28], [8, 37], [46, 19], [30, 4], [30, 2], [43, 30], [45, 2], [34, 19], [22, 44], [38, 22], [9, 47], [34, 4], [32, 0], [8, 30], [24, 28], [44, 34], [1, 16], [5, 40], [45, 29], [35, 16], [42, 27], [38, 44], [42, 26], [3, 32], [23, 5], [12, 19], [47, 36], [36, 20], [39, 33], [28, 26], [29, 28], [0, 49], [26, 3], [48, 4], [17, 38], [45, 3], [4, 44], [40, 36], [14, 20], [23, 6], [22, 40], [32, 20], [17, 28], [18, 30], [14, 47], [0, 17], [40, 30], [36, 29], [11, 14], [2, 28], [2, 6], [21, 26], [35, 31], [26, 1], [27, 18], [16, 29], [16, 0], [1, 28], [15, 45], [10, 23], [49, 48], [7, 2], [33, 43], [31, 19], [40, 32], [0, 31]]}