{"meta": {"number_of_robots": 1202, "description": {"parameters": {"seed": 8489, "shape": [50, 50], "obstacles": {"n": 20, "mean": 10, "std": 5.0}, "clusters": {"n": 3, "mean": 320, "std": 160.0, "relative_radius": 2, "increase_factor": 1.3, "start_dist": {"generator_name": "uniform", "shape": [50, 50], "min": 1.0, "max": 1.0, "mean": 1.0, "std": 0.0, "dtype": "float64", "parameters": {}}, "target_dist": {"generator_name": "uniform", "shape": [50, 50], "min": 1.0, "max": 1.0, "mean": 1.0, "std": 0.0, "dtype": "float64", "parameters": {}}}, "density": 0.9, "start_dist": {"generator_name": "uniform", "shape": [50, 50], "min": 1.0, "max": 1.0, "mean": 1.0, "std": 0.0, "dtype": "float64", "parameters": {}}, "target_dist": {"generator_name": "uniform", "shape": [50, 50], "min": 1.0, "max": 1.0, "mean": 1.0, "std": 0.0, "dtype": "float64", "parameters": {}}}, "stats": {"date": "2020-11-17", "free_area": 1335.0, "number_of_clustered_robots": 1202, "number_of_robots": 1202}}}, "name": "medium_017_50x50_90_1202", "obstacles": [[0, 25], [0, 26], [0, 27], [0, 28], [0, 29], [0, 30], [0, 31], [0, 32], [0, 33], [0, 34], [0, 35], [1, 25], [1, 35], [2, 25], [2, 35], [3, 0], [3, 1], [3, 2], [3, 3], [3, 4], [3, 5], [3, 6], [3, 7], [3, 25], [3, 35], [4, 0], [4, 7], [4, 25], [4, 35], [4, 44], [4, 45], [5, 0], [5, 7], [5, 25], [5, 35], [5, 44], [5, 45], [6, 0], [6, 7], [6, 25], [6, 35], [6, 44], [6, 45], [7, 0], [7, 7], [7, 25], [7, 36], [7, 37], [7, 38], [7, 39], [7, 40], [7, 41], [7, 42], [7, 43], [7, 46], [7, 47], [7, 48], [8, 0], [8, 7], [8, 25], [8, 45], [9, 0], [9, 7], [9, 13], [9, 14], [9, 15], [9, 16], [9, 17], [9, 18], [9, 19], [9, 20], [9, 21], [9, 22], [9, 23], [9, 24], [9, 45], [10, 0], [10, 7], [10, 13], [10, 29], [10, 30], [10, 31], [10, 32], [10, 33], [10, 45], [11, 0], [11, 7], [11, 13], [11, 28], [11, 34], [11, 45], [12, 0], [12, 1], [12, 7], [12, 13], [12, 28], [12, 34], [12, 45], [13, 2], [13, 8], [13, 9], [13, 10], [13, 11], [13, 12], [13, 28], [13, 34], [13, 45], [14, 2], [14, 28], [14, 34], [14, 45], [15, 2], [15, 29], [15, 34], [15, 45], [16, 2], [16, 29], [16, 34], [16, 45], [17, 2], [17, 29], [17, 34], [17, 43], [17, 44], [17, 45], [18, 2], [18, 29], [18, 35], [18, 42], [19, 2], [19, 29], [19, 35], [19, 42], [20, 2], [20, 29], [20, 35], [20, 36], [20, 37], [20, 38], [20, 39], [20, 40], [20, 41], [20, 42], [21, 2], [21, 29], [21, 35], [22, 2], [22, 29], [22, 35], [23, 2], [23, 29], [23, 35], [24, 2], [24, 13], [24, 26], [24, 27], [24, 28], [24, 29], [24, 35], [25, 2], [25, 12], [25, 14], [25, 25], [25, 35], [25, 36], [25, 37], [25, 38], [25, 39], [25, 40], [25, 41], [25, 42], [26, 2], [26, 12], [26, 14], [26, 25], [26, 35], [26, 42], [27, 2], [27, 12], [27, 14], [27, 17], [27, 18], [27, 19], [27, 20], [27, 21], [27, 25], [27, 35], [27, 42], [28, 2], [28, 12], [28, 15], [28, 16], [28, 22], [28, 25], [28, 35], [28, 42], [29, 2], [29, 12], [29, 15], [29, 16], [29, 22], [29, 25], [29, 35], [29, 42], [30, 2], [30, 3], [30, 4], [30, 5], [30, 6], [30, 7], [30, 8], [30, 9], [30, 10], [30, 11], [30, 12], [30, 15], [30, 16], [30, 22], [30, 25], [30, 35], [30, 42], [31, 15], [31, 16], [31, 22], [31, 25], [31, 30], [31, 31], [31, 32], [31, 33], [31, 34], [31, 42], [32, 15], [32, 16], [32, 22], [32, 25], [32, 30], [32, 42], [33, 15], [33, 16], [33, 22], [33, 25], [33, 30], [33, 42], [34, 15], [34, 16], [34, 22], [34, 25], [34, 30], [34, 42], [35, 15], [35, 16], [35, 22], [35, 23], [35, 24], [35, 25], [35, 30], [35, 42], [36, 15], [36, 16], [36, 30], [36, 40], [36, 41], [36, 42], [37, 30], [37, 39], [38, 30], [38, 39], [39, 30], [39, 39], [40, 30], [40, 39], [41, 8], [41, 9], [41, 10], [41, 11], [41, 12], [41, 13], [41, 14], [41, 15], [41, 16], [41, 30], [41, 39], [42, 8], [42, 16], [42, 30], [42, 31], [42, 32], [42, 33], [42, 34], [42, 35], [42, 36], [42, 37], [42, 38], [42, 39], [43, 8], [43, 16], [44, 8], [44, 16], [45, 8], [45, 16], [45, 22], [45, 23], [45, 24], [45, 25], [45, 26], [45, 27], [45, 28], [45, 29], [45, 30], [45, 31], [45, 32], [45, 33], [46, 8], [46, 16], [47, 8], [47, 9], [47, 10], [47, 11], [47, 12], [47, 13], [47, 14], [47, 15], [47, 16]], "starts": [[31, 28], [39, 29], [14, 29], [33, 49], [28, 28], [16, 48], [43, 5], [45, 20], [17, 31], [47, 2], [44, 27], [37, 23], [15, 46], [47, 36], [46, 33], [6, 36], [45, 41], [33, 19], [21, 30], [42, 47], [38, 22], [40, 29], [37, 47], [24, 33], [28, 27], [48, 20], [31, 44], [22, 48], [24, 36], [34, 46], [23, 33], [42, 21], [45, 4], [34, 44], [33, 29], [21, 49], [18, 45], [48, 25], [21, 47], [44, 30], [42, 3], [41, 47], [37, 46], [23, 30], [36, 24], [48, 19], [31, 27], [38, 26], [33, 27], [40, 22], [24, 46], [20, 31], [41, 20], [37, 25], [42, 29], [44, 26], [34, 10], [45, 40], [39, 16], [34, 49], [22, 36], [49, 8], [4, 23], [40, 13], [45, 36], [4, 40], [38, 20], [41, 43], [47, 20], [19, 46], [46, 49], [44, 4], [37, 22], [35, 27], [35, 18], [23, 44], [15, 48], [46, 24], [38, 49], [22, 0], [30, 33], [43, 31], [27, 30], [29, 34], [46, 7], [43, 35], [24, 30], [29, 43], [26, 30], [49, 37], [2, 23], [44, 25], [30, 14], [49, 46], [24, 42], [46, 43], [38, 40], [31, 12], [1, 22], [49, 36], [42, 23], [24, 32], [48, 26], [36, 20], [24, 39], [37, 18], [23, 31], [34, 47], [5, 38], [40, 41], [28, 14], [48, 31], [1, 36], [28, 30], [41, 23], [43, 42], [37, 44], [29, 49], [49, 25], [29, 28], [36, 46], [38, 19], [4, 22], [48, 2], [30, 44], [32, 20], [36, 29], [40, 42], [33, 45], [46, 35], [23, 37], [47, 34], [21, 48], [23, 34], [26, 46], [30, 49], [35, 45], [28, 45], [46, 46], [31, 26], [43, 46], [46, 39], [48, 36], [44, 44], [39, 46], [24, 48], [48, 22], [25, 33], [12, 47], [31, 43], [29, 31], [29, 30], [28, 26], [38, 44], [21, 31], [35, 43], [28, 29], [44, 2], [43, 36], [21, 37], [48, 34], [12, 29], [23, 46], [42, 49], [33, 14], [38, 48], [32, 29], [33, 0], [38, 23], [7, 24], [22, 32], [40, 28], [37, 43], [25, 30], [28, 31], [31, 18], [42, 26], [24, 44], [39, 24], [43, 25], [30, 29], [19, 31], [48, 35], [42, 24], [39, 25], [42, 27], [25, 31], [23, 41], [26, 26], [22, 43], [25, 48], [49, 39], [43, 49], [32, 2], [41, 29], [47, 29], [29, 17], [35, 44], [27, 34], [39, 15], [25, 28], [22, 34], [24, 31], [38, 25], [48, 42], [5, 49], [39, 3], [39, 41], [32, 27], [41, 44], [42, 46], [36, 5], [31, 48], [37, 42], [31, 45], [28, 47], [48, 33], [33, 2], [25, 49], [21, 32], [21, 45], [38, 13], [37, 29], [28, 49], [47, 44], [36, 44], [13, 29], [33, 20], [48, 38], [37, 4], [2, 24], [22, 40], [46, 31], [33, 46], [47, 49], [30, 26], [42, 40], [16, 47], [48, 37], [46, 41], [29, 20], [40, 43], [34, 19], [47, 24], [27, 26], [33, 7], [30, 46], [25, 47], [40, 14], [27, 43], [47, 0], [5, 48], [42, 41], [48, 6], [34, 28], [43, 28], [38, 15], [39, 28], [38, 0], [6, 48], [46, 47], [25, 46], [30, 30], [43, 20], [22, 31], [7, 49], [33, 44], [43, 45], [37, 28], [12, 46], [32, 45], [36, 11], [1, 45], [36, 49], [38, 2], [47, 32], [1, 37], [22, 37], [45, 45], [38, 4], [4, 36], [43, 38], [44, 38], [6, 42], [21, 39], [30, 21], [47, 26], [16, 31], [32, 44], [34, 18], [26, 44], [34, 21], [47, 23], [25, 32], [3, 38], [26, 32], [27, 44], [48, 10], [24, 41], [27, 32], [46, 25], [37, 41], [20, 46], [46, 45], [35, 47], [49, 5], [39, 48], [32, 18], [30, 28], [24, 45], [27, 29], [46, 40], [28, 43], [40, 9], [42, 20], [47, 48], [2, 37], [24, 34], [36, 23], [42, 43], [43, 21], [43, 17], [28, 34], [21, 0], [27, 49], [20, 43], [3, 39], [48, 47], [38, 16], [21, 44], [23, 32], [19, 32], [49, 32], [26, 45], [37, 13], [44, 34], [37, 15], [32, 47], [31, 46], [49, 12], [14, 48], [48, 48], [37, 49], [42, 17], [10, 47], [43, 47], [46, 3], [38, 45], [25, 34], [40, 26], [35, 46], [39, 23], [41, 19], [48, 43], [37, 1], [12, 31], [42, 44], [31, 4], [17, 32], [41, 45], [29, 33], [1, 43], [30, 1], [49, 43], [22, 38], [47, 25], [3, 42], [49, 45], [25, 29], [25, 27], [33, 26], [41, 42], [27, 33], [33, 43], [49, 48], [41, 17], [23, 42], [31, 29], [36, 47], [40, 47], [38, 47], [48, 23], [31, 7], [36, 45], [21, 34], [35, 21], [41, 25], [30, 27], [49, 20], [29, 26], [5, 37], [26, 28], [43, 30], [46, 38], [39, 45], [45, 42], [21, 38], [2, 40], [40, 21], [39, 43], [21, 33], [26, 49], [32, 28], [42, 0], [44, 40], [30, 34], [41, 22], [30, 32], [41, 48], [40, 23], [44, 49], [31, 17], [2, 42], [48, 39], [49, 26], [29, 32], [23, 47], [38, 12], [38, 43], [30, 48], [46, 2], [41, 2], [27, 27], [40, 25], [39, 17], [42, 45], [11, 47], [40, 40], [32, 49], [47, 30], [13, 46], [36, 21], [26, 31], [43, 39], [48, 28], [47, 31], [24, 47], [3, 22], [34, 29], [43, 41], [36, 2], [2, 41], [43, 40], [29, 46], [5, 39], [36, 25], [43, 26], [26, 43], [23, 45], [38, 29], [28, 33], [26, 34], [44, 23], [47, 39], [46, 36], [13, 47], [31, 0], [47, 21], [48, 29], [27, 28], [28, 48], [40, 20], [20, 30], [26, 48], [35, 26], [5, 46], [46, 19], [49, 38], [41, 0], [1, 41], [24, 40], [40, 17], [22, 47], [17, 46], [28, 0], [39, 21], [39, 40], [48, 3], [47, 42], [37, 0], [37, 45], [28, 44], [22, 44], [9, 49], [44, 36], [36, 26], [43, 18], [28, 32], [34, 20], [36, 7], [45, 46], [6, 41], [47, 7], [40, 49], [13, 30], [30, 31], [45, 47], [32, 17], [12, 30], [22, 46], [34, 2], [38, 42], [44, 22], [25, 43], [11, 46], [40, 10], [46, 26], [39, 42], [43, 48], [30, 47], [45, 6], [29, 48], [11, 49], [46, 6], [23, 43], [20, 48], [38, 46], [41, 40], [35, 12], [13, 32], [21, 46], [20, 49], [21, 42], [39, 18], [48, 49], [38, 18], [13, 33], [47, 47], [46, 42], [49, 44], [40, 27], [22, 30], [48, 44], [27, 46], [43, 43], [39, 27], [49, 11], [15, 30], [29, 27], [39, 1], [9, 48], [42, 28], [40, 1], [47, 37], [2, 38], [36, 22], [21, 41], [39, 26], [43, 44], [31, 1], [25, 44], [40, 44], [44, 21], [35, 20], [34, 1], [43, 32], [43, 27], [37, 12], [19, 45], [45, 43], [28, 13], [37, 26], [41, 46], [35, 29], [32, 21], [49, 21], [16, 46], [46, 23], [47, 22], [2, 49], [32, 0], [46, 30], [38, 8], [3, 36], [45, 39], [36, 27], [39, 47], [49, 34], [36, 17], [43, 29], [24, 37], [34, 9], [24, 43], [32, 48], [3, 49], [32, 9], [38, 21], [14, 30], [49, 3], [34, 45], [11, 48], [49, 15], [44, 24], [23, 49], [29, 45], [47, 38], [34, 43], [3, 46], [46, 29], [39, 22], [44, 28], [40, 15], [4, 38], [35, 10], [41, 26], [38, 24], [23, 1], [49, 49], [5, 22], [34, 7], [21, 40], [49, 41], [43, 23], [37, 20], [34, 48], [27, 47], [45, 34], [36, 8], [49, 24], [31, 47], [35, 3], [49, 42], [47, 33], [31, 49], [48, 7], [21, 43], [14, 32], [44, 45], [48, 27], [44, 5], [20, 33], [36, 48], [47, 35], [17, 47], [38, 28], [48, 45], [42, 42], [21, 36], [28, 21], [37, 48], [47, 45], [4, 48], [38, 41], [49, 22], [18, 44], [49, 47], [22, 39], [1, 44], [38, 1], [46, 37], [48, 21], [12, 33], [24, 38], [39, 2], [45, 44], [2, 46], [23, 39], [36, 28], [45, 19], [5, 36], [46, 44], [44, 18], [1, 23], [35, 8], [46, 21], [15, 47], [34, 13], [29, 44], [40, 46], [19, 48], [44, 37], [32, 5], [26, 33], [20, 44], [35, 49], [24, 49], [7, 22], [44, 32], [47, 41], [48, 0], [7, 23], [48, 41], [22, 41], [3, 43], [48, 12], [32, 26], [45, 2], [29, 29], [47, 46], [31, 20], [22, 42], [10, 48], [35, 5], [45, 48], [1, 49], [40, 45], [22, 45], [44, 35], [1, 24], [27, 48], [22, 49], [8, 22], [25, 45], [41, 49], [18, 46], [48, 11], [46, 20], [28, 20], [37, 24], [40, 24], [41, 21], [41, 28], [39, 44], [39, 4], [49, 31], [22, 33], [19, 30], [42, 48], [33, 1], [12, 49], [45, 35], [47, 19], [37, 27], [49, 35], [43, 24], [47, 40], [26, 29], [28, 46], [33, 3], [34, 27], [1, 39], [39, 7], [49, 27], [40, 48], [36, 13], [29, 47], [48, 9], [3, 37], [26, 27], [41, 5], [5, 43], [49, 40], [32, 3], [49, 7], [33, 48], [41, 24], [29, 21], [36, 43], [4, 49], [46, 0], [46, 28], [33, 28], [21, 1], [42, 25], [40, 8], [2, 43], [44, 20], [31, 14], [41, 41], [39, 20], [34, 4], [19, 49], [23, 48], [11, 31], [19, 0], [49, 23], [19, 44], [42, 19], [34, 26], [16, 30], [46, 18], [44, 48], [37, 3], [4, 39], [44, 42], [34, 5], [2, 47], [49, 30], [47, 1], [5, 47], [43, 34], [27, 31], [47, 28], [25, 26], [6, 22], [35, 4], [48, 32], [35, 48], [36, 10], [47, 43], [39, 14], [12, 48], [35, 28], [30, 19], [38, 27], [43, 37], [19, 47], [20, 47], [46, 27], [30, 18], [45, 21], [44, 39], [10, 49], [49, 29], [37, 21], [10, 46], [47, 3], [44, 31], [41, 27], [31, 10], [47, 27], [34, 11], [1, 48], [46, 32], [37, 16], [20, 34], [37, 40], [31, 3], [42, 22], [43, 1], [18, 34], [44, 43], [44, 0], [43, 33], [48, 24], [48, 46], [16, 49], [25, 0], [48, 40], [35, 13], [4, 46], [45, 49], [28, 18], [8, 47], [48, 30], [40, 6], [44, 41], [2, 48], [49, 14], [46, 48], [30, 13], [16, 32], [40, 11], [49, 28], [8, 24], [33, 6], [46, 22], [30, 43], [5, 41], [31, 21], [38, 5], [23, 40], [32, 46], [46, 4], [23, 36], [3, 24], [49, 4], [44, 46], [29, 13], [14, 33], [26, 47], [33, 8], [4, 37], [42, 5], [45, 38], [6, 24], [42, 6], [46, 34], [31, 13], [3, 45], [49, 33], [40, 5], [33, 21], [33, 47], [33, 11], [23, 38], [48, 15], [17, 49], [39, 49], [45, 17], [9, 46], [44, 47], [44, 3], [13, 31], [48, 16], [32, 43], [37, 2], [18, 47], [43, 22], [29, 19], [30, 45], [6, 40], [35, 6], [30, 20], [17, 48], [42, 2], [44, 33], [43, 6], [20, 45], [45, 37], [47, 4], [1, 42], [37, 6], [44, 29], [27, 1], [18, 33], [27, 45], [33, 18], [32, 13], [4, 41], [45, 1], [35, 19], [2, 44], [19, 43], [26, 13], [41, 4], [8, 23], [15, 32], [37, 10], [19, 33], [36, 14], [48, 1], [11, 33], [37, 11], [14, 49], [31, 2], [40, 18], [9, 47], [38, 3], [19, 34], [12, 32], [45, 7], [15, 49], [39, 6], [18, 32], [14, 31], [32, 11], [6, 23], [18, 31], [44, 6], [6, 37], [44, 17], [24, 1], [40, 7], [34, 14], [18, 48], [20, 0], [28, 19], [11, 29], [46, 5], [40, 19], [18, 49], [49, 13], [48, 14], [42, 1], [5, 40], [18, 30], [34, 12], [20, 32], [37, 19], [49, 18], [49, 19], [20, 1], [8, 46], [32, 1], [38, 14], [11, 32], [40, 12], [33, 17], [18, 43], [40, 2], [44, 19], [39, 10], [13, 48], [48, 13], [33, 5], [4, 42], [32, 14], [31, 11], [16, 33], [3, 44], [36, 1], [29, 14], [36, 18], [1, 38], [49, 17], [17, 33], [3, 23], [37, 14], [29, 18], [34, 3], [6, 38], [15, 31], [39, 0], [1, 47], [35, 17], [45, 18], [39, 13], [5, 24], [49, 2], [48, 18], [46, 17], [11, 30], [32, 19], [43, 19], [1, 40], [49, 0], [27, 13], [14, 47], [32, 6], [48, 17], [40, 16], [4, 47], [39, 19], [45, 3], [30, 17], [2, 45], [36, 0], [35, 14], [36, 6], [8, 48], [36, 19], [42, 7], [15, 33], [36, 9], [49, 16], [17, 30], [31, 5], [47, 18], [23, 0], [6, 47], [38, 17], [38, 11], [6, 39], [42, 18], [26, 0], [34, 17], [3, 40], [36, 12], [28, 17], [34, 0], [1, 46], [37, 7], [37, 17], [4, 43], [27, 0], [25, 13], [39, 11], [13, 49], [14, 46], [43, 4], [6, 46], [41, 18], [48, 8], [47, 17], [2, 22], [43, 7], [33, 13], [33, 4], [6, 49], [31, 19], [38, 9], [5, 23], [32, 10], [8, 20], [8, 49], [34, 8], [7, 15], [42, 4], [2, 39], [7, 11], [40, 4], [35, 9], [3, 48], [39, 8], [9, 10], [41, 1], [5, 42], [49, 9], [29, 0], [3, 47], [5, 15], [24, 0], [6, 43], [33, 10], [11, 11], [31, 9], [3, 41], [48, 4], [19, 1], [5, 8], [4, 24], [46, 1], [7, 17], [2, 36], [35, 7], [7, 10], [44, 1], [2, 18], [6, 13], [40, 0], [3, 19], [32, 4], [37, 8], [31, 8], [8, 21], [6, 10], [32, 7], [5, 12], [0, 47], [43, 2], [9, 11], [1, 21], [36, 3], [10, 8], [39, 12], [4, 16], [8, 10], [37, 5], [0, 48], [6, 8], [41, 3], [6, 15], [35, 11], [6, 12], [40, 3], [37, 9], [0, 42], [41, 6], [7, 21], [3, 20], [38, 10], [10, 12], [26, 1], [5, 21], [8, 13], [47, 5], [4, 21], [7, 12], [25, 1], [0, 38], [49, 10], [45, 0], [45, 5], [6, 17], [0, 41], [31, 6], [11, 9], [4, 15], [30, 0], [5, 13], [4, 20], [33, 12], [48, 5], [39, 5], [0, 24], [5, 11], [49, 6], [1, 18], [10, 10], [43, 0], [12, 10], [39, 9], [7, 16], [41, 7], [8, 18], [5, 18], [38, 7], [7, 13], [0, 36], [32, 12], [6, 9], [34, 6], [8, 19], [10, 9], [28, 1], [0, 17], [6, 18], [35, 2], [7, 18], [0, 20], [35, 1], [49, 1], [12, 8], [0, 15], [29, 1], [7, 9], [0, 19], [35, 0], [44, 7], [32, 8], [1, 19], [7, 19], [33, 9], [0, 16], [12, 12], [36, 4], [47, 6], [6, 21], [38, 6], [8, 9], [43, 3]], "targets": [[31, 9], [14, 48], [39, 29], [41, 18], [28, 29], [24, 41], [33, 26], [34, 27], [30, 49], [17, 46], [40, 48], [35, 13], [44, 47], [27, 27], [34, 45], [21, 45], [29, 29], [42, 7], [32, 45], [35, 47], [49, 40], [31, 21], [29, 31], [49, 29], [36, 43], [5, 47], [48, 28], [31, 18], [6, 39], [23, 32], [49, 34], [22, 49], [33, 11], [46, 40], [4, 47], [36, 20], [26, 31], [5, 41], [42, 40], [35, 48], [49, 22], [48, 42], [40, 44], [4, 24], [42, 41], [49, 42], [30, 48], [43, 31], [44, 19], [21, 42], [38, 15], [19, 33], [13, 32], [46, 27], [24, 39], [33, 28], [42, 3], [26, 30], [41, 28], [33, 49], [34, 44], [28, 28], [21, 37], [28, 32], [29, 48], [48, 38], [43, 4], [1, 41], [44, 3], [45, 46], [16, 31], [44, 34], [31, 46], [34, 48], [39, 11], [12, 29], [47, 44], [32, 8], [11, 31], [43, 22], [22, 37], [38, 10], [23, 49], [22, 32], [14, 30], [27, 44], [49, 14], [35, 46], [38, 26], [33, 46], [22, 48], [0, 44], [36, 23], [21, 48], [28, 26], [33, 27], [38, 40], [39, 26], [33, 44], [2, 39], [13, 1], [26, 47], [25, 45], [27, 46], [24, 38], [27, 31], [15, 46], [48, 4], [21, 38], [2, 44], [46, 46], [20, 32], [49, 48], [48, 13], [4, 42], [41, 24], [46, 41], [14, 32], [38, 14], [28, 47], [34, 49], [33, 7], [32, 44], [46, 21], [24, 42], [32, 21], [43, 43], [31, 44], [42, 21], [37, 47], [27, 29], [35, 9], [1, 37], [35, 26], [36, 11], [6, 48], [14, 33], [46, 35], [13, 29], [16, 32], [48, 32], [40, 24], [36, 28], [19, 45], [44, 33], [36, 47], [37, 18], [40, 40], [36, 46], [23, 37], [14, 49], [43, 44], [49, 45], [38, 49], [40, 14], [39, 47], [6, 49], [48, 29], [23, 41], [32, 48], [37, 3], [23, 40], [33, 14], [18, 48], [49, 37], [33, 45], [33, 48], [38, 20], [28, 31], [47, 34], [46, 28], [24, 36], [18, 34], [24, 47], [32, 27], [21, 0], [21, 41], [12, 31], [39, 19], [40, 26], [3, 36], [24, 1], [46, 2], [25, 30], [43, 32], [18, 44], [4, 49], [43, 42], [34, 0], [14, 29], [25, 27], [39, 9], [38, 24], [39, 45], [44, 38], [28, 45], [20, 45], [36, 44], [40, 43], [45, 37], [21, 33], [48, 34], [30, 26], [48, 22], [0, 43], [20, 48], [37, 13], [17, 32], [26, 45], [31, 12], [27, 49], [32, 46], [26, 44], [23, 46], [47, 4], [40, 45], [3, 41], [42, 18], [1, 39], [18, 30], [21, 36], [27, 32], [22, 38], [49, 33], [10, 9], [38, 47], [43, 30], [44, 26], [24, 31], [45, 41], [47, 31], [27, 43], [35, 21], [23, 44], [22, 46], [45, 21], [38, 46], [39, 44], [41, 45], [23, 39], [40, 1], [22, 39], [31, 8], [31, 43], [41, 43], [37, 21], [1, 40], [26, 26], [27, 26], [24, 49], [37, 42], [48, 47], [2, 45], [40, 20], [31, 45], [28, 44], [38, 25], [30, 47], [24, 34], [25, 34], [37, 28], [44, 23], [35, 44], [45, 36], [22, 36], [20, 30], [47, 7], [29, 34], [19, 30], [44, 41], [26, 46], [38, 7], [46, 43], [21, 31], [17, 1], [39, 43], [34, 29], [15, 32], [33, 47], [40, 3], [30, 31], [36, 26], [23, 45], [45, 38], [36, 24], [26, 32], [37, 12], [20, 44], [4, 43], [12, 10], [48, 40], [0, 41], [20, 0], [0, 37], [38, 45], [10, 11], [2, 48], [35, 17], [29, 43], [16, 33], [11, 10], [24, 32], [41, 17], [34, 47], [35, 45], [45, 35], [25, 43], [22, 44], [34, 43], [24, 45], [29, 44], [28, 27], [36, 49], [19, 34], [24, 40], [48, 33], [23, 42], [26, 28], [11, 30], [37, 29], [37, 44], [46, 29], [47, 30], [37, 9], [12, 48], [48, 11], [29, 46], [5, 43], [21, 39], [39, 49], [44, 35], [46, 17], [19, 46], [19, 43], [40, 28], [21, 46], [13, 30], [45, 42], [3, 37], [25, 46], [46, 42], [38, 48], [45, 2], [37, 2], [44, 49], [29, 49], [49, 41], [2, 43], [49, 31], [39, 27], [18, 32], [25, 31], [39, 12], [33, 29], [42, 29], [46, 47], [2, 49], [48, 41], [19, 49], [29, 32], [43, 20], [18, 45], [48, 9], [36, 27], [14, 31], [2, 41], [20, 33], [31, 1], [2, 47], [30, 32], [37, 0], [29, 33], [40, 25], [44, 32], [2, 42], [43, 46], [18, 33], [25, 29], [37, 43], [30, 46], [15, 30], [38, 29], [26, 43], [37, 45], [44, 39], [33, 1], [20, 34], [42, 49], [48, 17], [28, 33], [41, 47], [33, 3], [3, 43], [19, 0], [48, 44], [3, 40], [44, 4], [25, 26], [16, 30], [39, 22], [13, 31], [47, 22], [24, 43], [39, 42], [37, 49], [23, 48], [47, 3], [18, 43], [43, 34], [46, 32], [25, 49], [40, 42], [43, 27], [39, 41], [32, 5], [45, 44], [19, 47], [44, 27], [21, 47], [48, 49], [46, 23], [41, 2], [22, 42], [47, 46], [37, 20], [4, 48], [23, 31], [37, 23], [1, 49], [49, 35], [46, 37], [19, 31], [34, 4], [19, 32], [31, 29], [20, 31], [26, 48], [25, 44], [38, 18], [8, 49], [39, 0], [31, 48], [28, 30], [11, 47], [48, 43], [46, 39], [16, 46], [48, 36], [46, 26], [9, 49], [47, 6], [42, 43], [13, 33], [41, 5], [28, 43], [41, 29], [34, 46], [22, 30], [43, 26], [37, 48], [32, 49], [34, 18], [27, 47], [37, 8], [35, 43], [17, 33], [38, 44], [17, 30], [31, 6], [34, 28], [31, 26], [35, 28], [30, 28], [29, 27], [40, 9], [26, 27], [43, 29], [26, 34], [3, 47], [30, 43], [47, 39], [7, 24], [43, 35], [29, 28], [47, 20], [30, 27], [46, 1], [39, 48], [24, 48], [36, 21], [6, 36], [44, 43], [33, 43], [29, 45], [48, 37], [47, 21], [30, 44], [46, 22], [49, 46], [4, 37], [28, 46], [48, 46], [23, 36], [9, 48], [44, 30], [42, 42], [6, 24], [16, 0], [12, 46], [42, 27], [23, 30], [32, 29], [23, 38], [33, 12], [25, 47], [33, 0], [30, 34], [3, 44], [10, 46], [46, 30], [39, 24], [48, 20], [37, 40], [22, 45], [1, 24], [32, 12], [44, 46], [17, 31], [44, 36], [38, 41], [44, 48], [23, 43], [15, 49], [36, 29], [36, 5], [3, 48], [47, 24], [43, 37], [17, 48], [42, 22], [49, 38], [30, 29], [49, 12], [35, 7], [41, 48], [21, 34], [38, 13], [19, 48], [37, 41], [48, 21], [27, 34], [22, 33], [48, 10], [17, 49], [42, 25], [46, 33], [22, 41], [35, 27], [49, 28], [12, 49], [42, 28], [29, 26], [47, 38], [40, 41], [49, 18], [11, 32], [36, 45], [39, 4], [37, 24], [41, 26], [35, 20], [6, 41], [35, 18], [29, 30], [37, 26], [11, 9], [28, 48], [12, 33], [43, 3], [18, 46], [38, 27], [32, 7], [38, 3], [24, 37], [49, 47], [41, 27], [38, 43], [44, 40], [22, 1], [11, 49], [42, 45], [16, 1], [0, 42], [12, 8], [18, 47], [36, 48], [35, 1], [44, 31], [5, 48], [35, 8], [1, 45], [41, 23], [22, 31], [38, 17], [11, 46], [43, 33], [34, 3], [8, 46], [46, 34], [49, 24], [0, 49], [37, 7], [47, 40], [19, 44], [32, 28], [47, 45], [1, 46], [27, 30], [40, 47], [42, 48], [28, 21], [2, 36], [34, 11], [17, 47], [35, 6], [26, 33], [46, 44], [36, 12], [0, 24], [40, 29], [39, 40], [5, 37], [34, 10], [28, 49], [32, 43], [36, 19], [1, 47], [43, 48], [45, 6], [4, 38], [47, 25], [25, 33], [36, 10], [27, 48], [29, 47], [37, 22], [5, 49], [49, 39], [47, 28], [1, 43], [39, 16], [39, 28], [15, 31], [48, 7], [7, 49], [47, 32], [45, 40], [31, 47], [21, 32], [23, 33], [1, 42], [21, 1], [31, 49], [27, 13], [3, 49], [44, 45], [28, 34], [25, 48], [37, 1], [37, 46], [30, 30], [48, 45], [32, 26], [43, 49], [41, 6], [15, 47], [45, 39], [41, 44], [13, 49], [24, 46], [47, 33], [22, 47], [47, 19], [45, 49], [48, 26], [10, 48], [40, 4], [46, 48], [15, 33], [38, 9], [0, 46], [41, 41], [20, 1], [16, 47], [44, 42], [49, 17], [0, 39], [48, 8], [45, 45], [32, 47], [42, 1], [42, 46], [29, 19], [30, 33], [46, 49], [47, 37], [1, 38], [30, 45], [5, 38], [43, 28], [46, 19], [21, 44], [47, 27], [45, 7], [20, 49], [30, 0], [41, 42], [6, 40], [42, 17], [21, 43], [18, 49], [37, 27], [20, 43], [49, 19], [13, 48], [15, 0], [11, 29], [48, 48], [38, 28], [13, 46], [47, 42], [48, 3], [6, 42], [40, 27], [26, 1], [14, 46], [48, 30], [45, 48], [22, 43], [23, 0], [26, 49], [0, 45], [18, 0], [49, 44], [18, 31], [43, 47], [36, 6], [6, 43], [42, 26], [32, 18], [2, 24], [27, 45], [25, 1], [39, 25], [11, 33], [35, 29], [37, 25], [29, 20], [43, 38], [8, 48], [45, 1], [32, 9], [40, 46], [47, 26], [37, 5], [5, 42], [22, 34], [44, 20], [0, 48], [44, 28], [47, 0], [10, 49], [49, 26], [22, 40], [25, 28], [39, 5], [47, 49], [12, 47], [32, 17], [49, 43], [14, 47], [44, 37], [49, 1], [12, 30], [47, 29], [37, 19], [21, 30], [38, 42], [48, 2], [0, 36], [39, 1], [44, 44], [5, 46], [34, 13], [45, 34], [27, 28], [40, 21], [47, 35], [2, 38], [32, 20], [20, 46], [34, 14], [46, 38], [30, 13], [8, 24], [41, 49], [49, 27], [5, 24], [43, 36], [48, 23], [13, 47], [44, 6], [49, 49], [16, 48], [39, 23], [40, 49], [5, 39], [38, 6], [2, 40], [40, 7], [27, 33], [9, 47], [26, 0], [48, 35], [48, 24], [10, 47], [42, 44], [42, 2], [3, 24], [35, 4], [46, 45], [2, 46], [28, 19], [44, 29], [31, 28], [38, 0], [15, 48], [34, 26], [31, 4], [23, 47], [38, 1], [41, 40], [49, 10], [5, 40], [24, 30], [34, 7], [0, 40], [29, 17], [24, 44], [31, 27], [31, 20], [47, 36], [26, 29], [30, 14], [16, 49], [47, 48], [41, 22], [39, 46], [33, 5], [25, 32], [5, 36], [35, 10], [47, 47], [49, 4], [9, 46], [49, 32], [31, 14], [6, 46], [34, 17], [43, 45], [0, 47], [35, 11], [21, 49], [47, 41], [29, 1], [1, 36], [40, 23], [21, 40], [12, 32], [46, 36], [43, 41], [6, 38], [28, 20], [45, 43], [34, 8], [3, 38], [39, 3], [43, 39], [3, 46], [37, 15], [4, 46], [23, 34], [39, 18], [1, 44], [41, 46], [45, 20], [2, 37], [38, 21], [43, 40], [36, 25], [30, 20], [47, 43], [28, 13], [8, 47], [40, 22], [24, 33], [1, 48], [26, 13], [6, 47], [48, 31], [37, 16], [11, 48], [42, 47], [45, 17], [0, 38], [45, 4], [49, 36], [20, 47], [35, 12], [49, 30], [35, 49], [41, 4], [48, 27], [36, 13], [4, 41], [45, 19], [4, 36], [48, 39], [41, 1], [3, 42], [46, 31], [28, 0], [3, 45], [44, 24], [45, 47], [3, 39], [33, 13], [38, 19], [4, 40], [41, 25], [49, 21], [6, 37], [36, 18], [31, 13], [4, 39], [43, 25], [32, 6], [7, 20], [34, 19], [48, 15], [6, 18], [43, 21], [42, 20], [2, 19], [47, 1], [42, 19], [6, 19], [46, 3], [48, 19], [4, 20], [31, 5], [8, 23], [37, 14], [31, 19], [34, 1], [47, 17], [43, 19], [34, 9], [37, 17], [43, 24], [49, 16], [4, 21], [48, 0], [30, 19], [5, 23], [48, 14], [38, 23], [8, 20], [49, 8], [31, 17], [41, 21], [24, 0], [28, 17], [30, 21], [32, 19], [36, 7], [29, 18], [34, 20], [48, 12], [5, 20], [33, 9], [46, 25], [3, 23], [14, 0], [44, 25], [44, 21], [48, 16], [6, 23], [38, 22], [32, 3], [2, 18], [40, 0], [42, 23], [46, 5], [46, 24], [44, 22], [36, 9], [0, 23], [47, 23], [45, 3], [2, 21], [34, 5], [42, 24], [45, 18], [43, 7], [2, 23], [35, 19], [33, 19], [5, 17], [49, 0], [34, 21], [1, 17], [39, 20], [40, 19], [43, 2], [3, 19], [49, 20], [32, 0], [7, 23], [46, 6], [43, 23], [2, 20], [49, 13], [41, 20], [36, 17], [40, 15], [8, 21], [49, 25], [38, 11], [39, 17], [39, 13], [39, 21], [39, 6], [8, 18], [46, 20], [32, 13], [43, 17], [47, 18], [29, 21], [43, 18], [30, 18], [33, 20], [40, 18], [22, 0], [46, 18], [33, 21], [13, 0], [3, 20], [28, 1], [41, 19], [5, 21], [41, 3], [49, 23], [39, 2], [33, 17], [48, 25], [40, 10], [0, 21], [10, 8], [36, 22], [44, 17], [40, 6], [3, 17], [49, 11], [29, 0], [2, 17], [42, 6], [3, 11], [6, 22], [37, 6], [5, 14], [5, 18], [27, 0], [3, 16], [49, 6], [7, 18], [31, 2], [7, 12], [7, 22], [49, 15], [8, 19], [7, 15], [36, 1], [4, 18], [38, 16], [29, 14], [28, 18], [45, 5], [5, 19], [30, 17], [38, 4], [7, 17], [0, 19], [47, 5], [31, 11], [37, 10], [6, 20], [46, 7], [2, 22], [1, 20], [34, 6], [4, 23], [40, 12], [38, 8], [7, 21], [33, 10], [32, 11], [1, 18], [40, 17], [5, 12], [3, 22], [39, 15], [7, 10], [45, 0], [3, 21], [36, 2], [1, 23], [1, 11], [39, 10], [4, 17], [4, 13], [14, 1], [0, 18], [34, 12], [12, 11], [1, 21], [38, 2], [40, 13], [7, 19], [32, 2], [10, 12], [8, 17], [44, 5], [31, 0], [0, 17], [8, 22], [12, 9], [4, 19], [3, 10], [35, 5], [5, 22], [5, 13], [32, 14], [1, 19], [39, 7], [6, 14], [0, 22], [39, 8], [4, 10], [4, 22], [48, 5], [6, 21], [34, 2], [9, 10], [40, 16], [3, 18], [5, 16], [47, 2], [44, 18], [1, 12], [36, 8], [0, 20], [33, 4], [10, 10], [33, 18], [40, 8], [48, 18], [6, 17], [32, 4], [1, 22], [4, 12], [43, 6], [46, 4], [8, 14], [25, 13], [43, 0], [1, 9], [8, 11], [42, 5], [8, 10], [41, 0], [2, 15], [9, 9], [49, 5], [12, 12], [1, 15], [19, 1], [8, 15], [7, 13], [31, 10], [6, 16], [11, 8]]}