{"meta": {"number_of_robots": 1440, "description": {"parameters": {"seed": 8733, "shape": [40, 40], "obstacles": {"n": 0, "mean": 0, "std": 0.0}, "clusters": {"n": 3, "mean": 160, "std": 80.0, "relative_radius": 2, "increase_factor": 1.3, "start_dist": {"generator_name": "uniform", "shape": [40, 40], "min": 1.0, "max": 1.0, "mean": 1.0, "std": 0.0, "dtype": "float64", "parameters": {}}, "target_dist": {"generator_name": "uniform", "shape": [40, 40], "min": 1.0, "max": 1.0, "mean": 1.0, "std": 0.0, "dtype": "float64", "parameters": {}}}, "density": 0.9, "start_dist": {"generator_name": "uniform", "shape": [40, 40], "min": 1.0, "max": 1.0, "mean": 1.0, "std": 0.0, "dtype": "float64", "parameters": {}}, "target_dist": {"generator_name": "uniform", "shape": [40, 40], "min": 1.0, "max": 1.0, "mean": 1.0, "std": 0.0, "dtype": "float64", "parameters": {}}}, "stats": {"date": "2020-11-17", "free_area": 1600.0, "number_of_clustered_robots": 613, "number_of_robots": 1440}}}, "name": "medium_free_015_40x40_90_1440", "obstacles": [], "starts": [[29, 32], [20, 25], [23, 39], [6, 26], [10, 29], [21, 29], [7, 37], [27, 22], [28, 24], [2, 18], [23, 32], [7, 35], [23, 14], [24, 24], [6, 11], [21, 24], [19, 16], [7, 12], [24, 27], [17, 35], [32, 33], [14, 12], [32, 29], [10, 18], [10, 34], [3, 18], [29, 21], [30, 24], [23, 25], [24, 18], [13, 31], [1, 34], [12, 21], [29, 19], [29, 36], [2, 17], [20, 19], [34, 26], [11, 9], [10, 20], [1, 9], [35, 36], [22, 25], [1, 18], [16, 35], [19, 34], [17, 22], [14, 19], [15, 31], [7, 29], [2, 14], [17, 18], [33, 17], [21, 35], [23, 29], [16, 23], [33, 20], [15, 30], [26, 9], [18, 34], [19, 13], [31, 23], [0, 30], [39, 22], [24, 22], [34, 25], [31, 19], [18, 28], [14, 32], [15, 15], [24, 25], [19, 28], [7, 34], [33, 31], [4, 12], [26, 20], [21, 9], [20, 31], [30, 20], [20, 9], [23, 37], [15, 35], [1, 25], [18, 19], [31, 37], [1, 19], [10, 12], [20, 21], [14, 25], [15, 12], [30, 30], [23, 17], [24, 19], [15, 36], [6, 14], [25, 30], [17, 37], [26, 12], [23, 28], [13, 21], [22, 11], [11, 16], [14, 29], [9, 19], [22, 38], [28, 23], [22, 37], [30, 34], [12, 20], [30, 15], [9, 9], [3, 15], [14, 30], [22, 33], [4, 31], [22, 24], [25, 25], [29, 14], [22, 27], [18, 17], [22, 32], [13, 14], [22, 29], [2, 28], [25, 29], [27, 18], [0, 20], [32, 38], [4, 25], [19, 22], [10, 37], [13, 18], [24, 21], [18, 11], [16, 19], [19, 12], [16, 13], [17, 16], [36, 17], [25, 22], [12, 35], [7, 13], [24, 31], [17, 17], [13, 35], [4, 36], [33, 16], [12, 15], [15, 32], [29, 22], [12, 22], [34, 20], [2, 30], [17, 31], [28, 13], [5, 22], [20, 28], [24, 34], [34, 37], [31, 21], [19, 18], [24, 26], [11, 23], [36, 15], [26, 27], [8, 11], [17, 23], [10, 24], [22, 21], [24, 15], [23, 21], [37, 22], [3, 14], [34, 24], [31, 24], [8, 9], [29, 12], [16, 24], [35, 28], [11, 21], [11, 25], [15, 21], [0, 17], [25, 13], [6, 20], [14, 36], [21, 16], [12, 25], [35, 22], [10, 25], [12, 23], [11, 20], [14, 27], [21, 19], [1, 36], [32, 39], [11, 14], [21, 17], [10, 16], [24, 9], [32, 16], [20, 26], [30, 25], [36, 31], [13, 23], [21, 32], [7, 23], [35, 26], [29, 35], [1, 26], [22, 18], [19, 9], [8, 15], [9, 32], [23, 23], [9, 26], [2, 27], [26, 22], [8, 29], [18, 25], [2, 19], [32, 14], [32, 25], [14, 33], [31, 12], [29, 27], [17, 19], [32, 19], [2, 25], [14, 17], [11, 33], [25, 14], [28, 29], [13, 34], [34, 21], [21, 30], [15, 18], [15, 10], [24, 39], [24, 16], [4, 28], [22, 26], [20, 39], [1, 17], [16, 17], [23, 24], [26, 15], [25, 24], [6, 36], [18, 37], [27, 27], [17, 9], [1, 32], [15, 13], [26, 33], [4, 30], [10, 35], [25, 15], [13, 33], [21, 36], [3, 23], [36, 20], [8, 28], [27, 31], [33, 30], [5, 10], [8, 36], [9, 20], [19, 26], [20, 35], [8, 27], [31, 25], [16, 22], [17, 28], [20, 38], [31, 38], [9, 10], [4, 26], [17, 15], [22, 31], [22, 28], [17, 21], [25, 28], [38, 32], [6, 22], [14, 10], [34, 32], [9, 34], [20, 36], [6, 31], [23, 20], [22, 17], [12, 38], [32, 20], [1, 28], [19, 10], [23, 27], [14, 18], [17, 12], [9, 36], [15, 20], [25, 21], [11, 29], [19, 21], [13, 16], [9, 13], [0, 19], [30, 31], [38, 37], [3, 24], [30, 23], [28, 30], [1, 21], [21, 27], [31, 30], [14, 20], [4, 18], [26, 11], [20, 23], [9, 14], [33, 28], [18, 12], [31, 20], [3, 32], [24, 13], [37, 17], [10, 14], [22, 34], [10, 27], [30, 19], [6, 24], [19, 14], [28, 21], [28, 12], [2, 38], [3, 35], [12, 31], [16, 32], [16, 33], [31, 9], [29, 28], [8, 39], [33, 13], [2, 11], [39, 27], [1, 31], [12, 26], [13, 17], [12, 34], [26, 34], [0, 33], [31, 33], [33, 35], [0, 12], [38, 22], [23, 22], [25, 20], [21, 25], [35, 16], [28, 19], [4, 34], [13, 39], [14, 15], [3, 39], [12, 33], [22, 23], [13, 15], [4, 8], [6, 17], [38, 26], [7, 26], [32, 26], [21, 38], [17, 32], [7, 16], [10, 31], [30, 33], [12, 24], [25, 36], [13, 11], [23, 34], [17, 27], [19, 19], [36, 39], [22, 10], [16, 11], [20, 37], [24, 12], [6, 32], [10, 33], [19, 39], [9, 27], [1, 39], [8, 26], [23, 33], [9, 24], [3, 21], [11, 19], [35, 32], [11, 13], [32, 17], [31, 27], [0, 13], [10, 28], [18, 18], [28, 37], [22, 13], [7, 10], [16, 18], [2, 35], [6, 10], [10, 17], [39, 20], [31, 15], [3, 12], [34, 36], [10, 32], [18, 22], [11, 17], [24, 30], [18, 16], [3, 36], [28, 20], [29, 24], [5, 35], [15, 16], [5, 11], [15, 14], [15, 37], [18, 10], [19, 29], [16, 38], [28, 10], [4, 20], [36, 21], [32, 18], [24, 14], [16, 26], [6, 35], [9, 33], [3, 19], [37, 19], [34, 34], [12, 9], [35, 35], [16, 31], [3, 33], [21, 12], [34, 16], [36, 36], [3, 34], [6, 27], [35, 31], [19, 25], [13, 10], [5, 34], [37, 18], [28, 11], [3, 20], [32, 28], [19, 32], [23, 35], [35, 15], [8, 38], [16, 28], [17, 14], [17, 26], [33, 34], [4, 32], [39, 37], [10, 9], [25, 33], [15, 39], [27, 14], [30, 35], [24, 38], [14, 16], [31, 17], [8, 24], [7, 22], [16, 29], [15, 26], [5, 36], [8, 10], [31, 35], [0, 38], [18, 29], [6, 34], [24, 37], [5, 19], [33, 29], [16, 15], [11, 28], [9, 22], [4, 33], [31, 32], [20, 13], [9, 35], [19, 17], [9, 18], [13, 28], [21, 34], [34, 39], [6, 33], [17, 20], [12, 19], [37, 26], [13, 27], [34, 29], [21, 11], [29, 17], [17, 11], [30, 18], [37, 31], [24, 8], [27, 35], [10, 22], [36, 38], [17, 29], [19, 20], [28, 31], [12, 36], [20, 17], [13, 12], [29, 38], [7, 15], [23, 9], [34, 35], [30, 16], [2, 36], [4, 27], [27, 33], [39, 17], [1, 27], [30, 27], [37, 21], [7, 8], [34, 15], [38, 27], [23, 10], [19, 33], [7, 24], [13, 20], [2, 13], [33, 24], [32, 32], [6, 9], [33, 25], [7, 20], [15, 22], [13, 29], [18, 33], [32, 27], [6, 29], [12, 10], [14, 13], [37, 28], [9, 23], [18, 23], [33, 23], [31, 28], [19, 23], [5, 27], [18, 15], [15, 27], [2, 23], [21, 33], [35, 23], [5, 17], [6, 16], [18, 31], [26, 29], [11, 32], [32, 13], [29, 29], [12, 39], [24, 11], [14, 26], [14, 28], [21, 21], [23, 12], [28, 34], [32, 9], [8, 12], [3, 28], [18, 14], [21, 22], [18, 21], [16, 25], [27, 23], [1, 22], [17, 34], [10, 21], [18, 38], [7, 36], [8, 18], [29, 31], [16, 21], [9, 29], [9, 11], [35, 21], [10, 10], [2, 33], [20, 22], [11, 22], [11, 27], [19, 11], [36, 29], [25, 9], [18, 30], [13, 19], [32, 10], [14, 21], [38, 0], [3, 2], [37, 20], [27, 28], [32, 36], [25, 11], [34, 10], [25, 39], [2, 8], [13, 4], [21, 28], [13, 30], [28, 28], [3, 26], [10, 13], [38, 12], [36, 27], [23, 38], [35, 37], [9, 12], [8, 17], [20, 15], [6, 15], [34, 4], [37, 24], [6, 5], [0, 16], [20, 29], [28, 17], [3, 6], [36, 24], [8, 3], [24, 17], [12, 18], [14, 34], [39, 18], [35, 11], [32, 3], [39, 23], [27, 10], [7, 30], [8, 0], [6, 39], [14, 9], [28, 7], [21, 0], [24, 32], [20, 14], [3, 11], [0, 8], [27, 19], [11, 12], [32, 0], [7, 11], [25, 19], [37, 15], [39, 10], [37, 13], [0, 6], [0, 5], [32, 11], [28, 38], [23, 15], [39, 11], [11, 38], [19, 24], [37, 4], [0, 3], [13, 6], [15, 8], [15, 38], [20, 11], [25, 38], [23, 4], [9, 37], [27, 2], [4, 4], [29, 10], [2, 20], [35, 19], [11, 36], [7, 17], [33, 12], [30, 2], [25, 18], [34, 30], [3, 3], [1, 5], [34, 5], [16, 0], [35, 0], [36, 18], [16, 27], [16, 39], [6, 13], [30, 29], [25, 23], [0, 11], [9, 31], [25, 1], [35, 29], [26, 24], [29, 30], [36, 9], [8, 22], [12, 30], [30, 36], [36, 1], [2, 24], [27, 11], [2, 31], [31, 29], [6, 7], [28, 22], [16, 10], [29, 34], [37, 33], [37, 38], [38, 2], [38, 21], [8, 23], [20, 8], [31, 39], [28, 9], [35, 30], [35, 3], [36, 12], [15, 1], [38, 34], [17, 33], [34, 27], [1, 10], [23, 1], [36, 11], [23, 0], [11, 11], [19, 37], [38, 18], [9, 6], [7, 39], [9, 30], [18, 3], [28, 2], [37, 7], [23, 19], [32, 23], [29, 26], [37, 2], [34, 33], [27, 24], [26, 7], [6, 19], [33, 4], [38, 38], [29, 16], [21, 31], [7, 32], [5, 30], [2, 21], [0, 37], [31, 0], [8, 16], [3, 25], [4, 19], [6, 3], [7, 4], [4, 0], [27, 3], [16, 14], [3, 9], [8, 7], [33, 8], [4, 13], [22, 36], [9, 21], [10, 4], [3, 7], [1, 13], [34, 8], [15, 3], [1, 3], [38, 23], [36, 23], [31, 6], [27, 25], [27, 38], [22, 4], [29, 20], [27, 26], [24, 2], [27, 34], [0, 31], [2, 29], [15, 6], [36, 14], [27, 39], [37, 37], [19, 3], [19, 30], [0, 14], [18, 32], [26, 17], [4, 7], [7, 27], [31, 5], [0, 24], [15, 2], [38, 10], [5, 26], [22, 15], [13, 3], [17, 36], [21, 20], [29, 13], [11, 8], [39, 34], [1, 8], [5, 18], [37, 14], [30, 8], [27, 1], [11, 5], [26, 3], [1, 23], [0, 39], [7, 1], [23, 2], [4, 24], [34, 11], [21, 14], [7, 7], [37, 27], [33, 21], [30, 39], [21, 8], [38, 5], [34, 28], [5, 15], [10, 36], [33, 22], [0, 7], [6, 8], [3, 13], [20, 1], [3, 16], [20, 30], [24, 36], [35, 1], [30, 7], [17, 25], [12, 32], [34, 31], [16, 4], [6, 30], [31, 36], [18, 5], [13, 25], [9, 0], [15, 23], [2, 7], [33, 15], [9, 8], [16, 34], [28, 1], [2, 6], [33, 32], [16, 30], [39, 3], [3, 38], [16, 20], [1, 2], [1, 14], [11, 10], [0, 25], [19, 8], [8, 37], [8, 21], [26, 31], [14, 22], [29, 37], [37, 10], [34, 1], [10, 23], [10, 1], [15, 17], [0, 2], [6, 0], [4, 5], [4, 10], [21, 13], [31, 3], [25, 37], [4, 14], [26, 18], [33, 19], [31, 14], [0, 36], [36, 35], [12, 37], [18, 7], [35, 33], [5, 0], [21, 7], [39, 32], [31, 16], [33, 26], [5, 37], [36, 30], [10, 0], [17, 38], [23, 8], [19, 38], [14, 5], [33, 18], [34, 12], [11, 0], [6, 21], [16, 5], [22, 9], [15, 11], [27, 29], [7, 0], [7, 33], [5, 16], [32, 6], [3, 22], [25, 8], [36, 13], [16, 16], [13, 32], [27, 5], [26, 5], [38, 19], [7, 28], [18, 8], [0, 27], [26, 8], [12, 7], [16, 2], [35, 34], [29, 1], [27, 37], [29, 25], [31, 11], [5, 28], [25, 27], [20, 3], [0, 23], [1, 11], [20, 34], [34, 17], [25, 5], [26, 21], [28, 8], [2, 32], [27, 16], [7, 18], [22, 30], [4, 15], [4, 23], [5, 3], [5, 5], [30, 14], [18, 26], [37, 1], [30, 32], [31, 13], [5, 31], [36, 26], [19, 31], [13, 24], [4, 2], [29, 39], [5, 20], [16, 36], [22, 2], [8, 25], [21, 39], [3, 30], [18, 9], [36, 6], [38, 36], [21, 18], [21, 3], [33, 3], [38, 4], [39, 9], [26, 37], [35, 25], [36, 33], [12, 13], [29, 9], [20, 24], [19, 1], [31, 1], [20, 0], [2, 2], [15, 9], [32, 7], [5, 13], [8, 5], [21, 1], [22, 6], [28, 4], [25, 3], [34, 18], [18, 0], [7, 9], [30, 22], [17, 13], [9, 3], [0, 0], [30, 1], [35, 17], [26, 4], [11, 6], [38, 39], [37, 34], [3, 1], [36, 22], [12, 27], [18, 1], [38, 30], [35, 27], [22, 8], [2, 5], [8, 19], [36, 19], [36, 7], [29, 0], [17, 24], [35, 9], [26, 2], [38, 33], [24, 6], [20, 12], [32, 1], [29, 3], [0, 21], [14, 37], [24, 23], [26, 19], [19, 6], [7, 3], [16, 8], [7, 6], [29, 23], [28, 6], [10, 6], [26, 1], [14, 6], [10, 19], [8, 4], [35, 14], [1, 6], [9, 28], [5, 4], [35, 2], [39, 16], [10, 3], [34, 2], [27, 4], [8, 32], [34, 0], [32, 2], [1, 20], [28, 5], [11, 15], [29, 33], [32, 12], [6, 18], [20, 7], [39, 35], [32, 22], [29, 18], [18, 6], [38, 24], [23, 30], [39, 28], [0, 4], [8, 30], [3, 10], [26, 36], [37, 9], [1, 30], [30, 28], [31, 18], [12, 5], [38, 20], [15, 0], [5, 24], [16, 12], [10, 11], [9, 4], [21, 23], [22, 22], [26, 14], [12, 28], [18, 36], [27, 7], [39, 19], [38, 1], [4, 9], [36, 28], [15, 19], [23, 7], [13, 2], [27, 30], [1, 7], [12, 29], [23, 16], [6, 23], [36, 32], [26, 10], [19, 2], [9, 15], [19, 27], [39, 0], [24, 5], [0, 29], [34, 19], [39, 38], [14, 7], [3, 31], [10, 2], [7, 38], [30, 13], [2, 26], [2, 1], [36, 10], [6, 28], [31, 31], [14, 0], [0, 15], [20, 5], [4, 21], [21, 2], [27, 32], [10, 38], [18, 2], [1, 15], [18, 27], [9, 25], [39, 2], [18, 35], [33, 37], [39, 39], [39, 13], [25, 0], [14, 8], [28, 16], [25, 2], [22, 7], [12, 3], [33, 1], [35, 24], [14, 2], [23, 6], [34, 23], [33, 6], [23, 31], [19, 15], [24, 1], [4, 11], [5, 12], [24, 35], [26, 32], [4, 6], [33, 39], [0, 28], [17, 7], [3, 5], [0, 9], [4, 1], [18, 39], [5, 32], [19, 5], [1, 29], [10, 30], [14, 39], [33, 27], [18, 4], [35, 8], [28, 25], [27, 8], [11, 35], [16, 3], [35, 20], [37, 3], [10, 26], [5, 1], [1, 12], [38, 3], [25, 34], [39, 33], [23, 18], [17, 8], [2, 39], [28, 32], [21, 6], [11, 37], [24, 0], [33, 2], [39, 7], [13, 0], [31, 4], [37, 29], [30, 12], [2, 9], [5, 29], [36, 4], [26, 13], [34, 9], [14, 11], [36, 16], [1, 38], [36, 2], [10, 39], [28, 27], [12, 11], [21, 4], [5, 7], [36, 8], [13, 9], [18, 24], [3, 4], [3, 27], [34, 14], [7, 19], [16, 7], [38, 13], [25, 12], [2, 0], [37, 12], [37, 0], [26, 16], [13, 22], [39, 29], [38, 31], [1, 33], [10, 15], [0, 35], [19, 35], [9, 39], [3, 37], [37, 16], [38, 35], [1, 4], [6, 6], [17, 39], [33, 14], [29, 6], [34, 7], [15, 33], [13, 36], [1, 37], [11, 2], [26, 0], [30, 26], [14, 4], [30, 6], [26, 23], [24, 10], [39, 5], [28, 14], [25, 32], [35, 39], [11, 1], [19, 36], [39, 31], [0, 34], [35, 7], [14, 35], [10, 5], [36, 0], [17, 30], [12, 1], [35, 6], [0, 1], [2, 10], [35, 18], [6, 25], [37, 11], [17, 5], [30, 38], [4, 16], [10, 8], [20, 4], [21, 10], [32, 37], [32, 31], [14, 38], [13, 7], [23, 5], [22, 35], [5, 6], [2, 15], [32, 30], [28, 15], [9, 16], [30, 4], [7, 2], [25, 16], [12, 16], [34, 38], [12, 0], [30, 37], [17, 6], [38, 28], [13, 38], [1, 0], [2, 12], [8, 6], [39, 8], [12, 12], [37, 6], [9, 5], [15, 25], [15, 7], [27, 17], [35, 38], [38, 25], [32, 34], [30, 21], [21, 5], [28, 33], [37, 5], [7, 25], [22, 19], [37, 39], [12, 17], [26, 25], [34, 22], [28, 39], [0, 18], [38, 8], [31, 2], [26, 28], [4, 29], [13, 13], [0, 10], [11, 3], [15, 4], [35, 10], [0, 22], [21, 26], [11, 24], [15, 28], [2, 37], [5, 25], [38, 29], [38, 9], [15, 5], [4, 37], [25, 26], [33, 5], [28, 35], [27, 13], [25, 31], [36, 25], [8, 1], [14, 24], [1, 24], [29, 15], [38, 14], [2, 34], [16, 9], [23, 13], [20, 16], [8, 13], [32, 4], [28, 36], [22, 14], [17, 1], [27, 15], [18, 13], [32, 35], [39, 12], [8, 20], [1, 16], [7, 31], [27, 6], [39, 21], [31, 10], [22, 20], [8, 34], [32, 15], [39, 30], [31, 34], [39, 26], [30, 10], [17, 10], [27, 21], [37, 36], [15, 29], [20, 32], [36, 34], [16, 1], [27, 12], [30, 9], [12, 14], [39, 4], [5, 14], [3, 8], [25, 6], [26, 35], [27, 0], [25, 4], [11, 30], [27, 20], [14, 31], [6, 4], [35, 5], [27, 36], [4, 22], [15, 34], [30, 0], [13, 37], [14, 3], [6, 1], [9, 17], [8, 8], [3, 17], [11, 7], [20, 27], [14, 23], [12, 4]], "targets": [[27, 10], [10, 3], [22, 3], [2, 12], [22, 26], [11, 29], [8, 24], [21, 24], [22, 17], [4, 1], [22, 14], [19, 2], [16, 18], [18, 18], [29, 21], [26, 28], [27, 16], [32, 27], [2, 27], [24, 10], [29, 11], [15, 19], [32, 26], [23, 24], [18, 9], [12, 21], [29, 24], [37, 5], [7, 8], [33, 7], [33, 3], [12, 22], [9, 5], [30, 32], [10, 8], [28, 17], [29, 25], [23, 31], [18, 5], [35, 33], [19, 12], [36, 6], [35, 10], [10, 0], [17, 26], [24, 25], [30, 26], [26, 23], [19, 24], [28, 7], [20, 10], [33, 18], [25, 5], [5, 7], [20, 18], [21, 3], [31, 25], [12, 11], [28, 31], [20, 28], [21, 12], [33, 24], [6, 4], [17, 4], [21, 20], [35, 28], [31, 30], [16, 7], [29, 8], [1, 4], [10, 18], [25, 18], [8, 15], [16, 4], [17, 16], [31, 15], [15, 18], [12, 18], [26, 26], [4, 7], [10, 9], [27, 9], [18, 20], [8, 10], [19, 13], [22, 20], [4, 27], [28, 18], [19, 9], [17, 0], [36, 15], [13, 9], [7, 18], [34, 16], [2, 8], [14, 17], [25, 14], [37, 28], [21, 10], [4, 2], [28, 8], [14, 13], [17, 31], [23, 21], [24, 1], [26, 18], [15, 26], [36, 33], [15, 23], [30, 12], [22, 10], [1, 0], [29, 28], [23, 18], [0, 0], [16, 16], [37, 15], [20, 17], [9, 15], [24, 14], [33, 5], [25, 10], [37, 30], [17, 17], [14, 8], [32, 7], [12, 19], [35, 20], [24, 0], [21, 32], [7, 11], [20, 5], [25, 20], [16, 10], [30, 11], [21, 6], [2, 7], [26, 24], [26, 19], [26, 15], [14, 9], [32, 13], [19, 30], [17, 19], [38, 33], [4, 3], [11, 26], [18, 1], [33, 21], [8, 25], [23, 11], [28, 27], [3, 13], [8, 29], [31, 9], [23, 26], [17, 13], [6, 23], [32, 14], [14, 6], [9, 16], [31, 24], [13, 3], [22, 5], [38, 22], [14, 5], [23, 20], [18, 28], [27, 5], [3, 1], [25, 6], [13, 22], [10, 21], [18, 13], [20, 24], [27, 13], [30, 20], [15, 13], [23, 16], [5, 4], [31, 10], [13, 23], [3, 23], [19, 31], [11, 4], [21, 29], [31, 20], [3, 9], [17, 8], [20, 19], [30, 22], [28, 10], [27, 3], [32, 23], [1, 19], [18, 12], [28, 29], [8, 6], [17, 24], [37, 17], [15, 14], [15, 10], [36, 11], [25, 3], [15, 9], [38, 19], [27, 1], [32, 28], [31, 22], [13, 21], [33, 15], [5, 1], [27, 30], [24, 22], [22, 8], [32, 24], [15, 24], [23, 30], [36, 32], [19, 1], [25, 13], [31, 6], [19, 25], [25, 8], [33, 33], [11, 17], [10, 25], [19, 17], [16, 17], [20, 3], [4, 25], [25, 30], [11, 7], [20, 16], [20, 22], [33, 9], [24, 11], [30, 8], [17, 20], [16, 5], [1, 6], [27, 6], [28, 15], [7, 27], [22, 23], [19, 15], [26, 25], [27, 8], [20, 4], [8, 5], [19, 8], [11, 19], [22, 7], [25, 33], [18, 22], [6, 17], [18, 26], [12, 31], [4, 11], [23, 12], [23, 27], [25, 27], [22, 2], [31, 14], [28, 28], [3, 4], [28, 11], [20, 23], [21, 15], [18, 16], [3, 0], [8, 30], [5, 2], [27, 21], [26, 9], [15, 28], [35, 16], [24, 9], [15, 17], [28, 33], [1, 26], [13, 11], [22, 29], [14, 31], [28, 26], [39, 10], [19, 7], [13, 26], [21, 31], [11, 21], [9, 27], [18, 33], [12, 27], [30, 3], [27, 2], [34, 10], [17, 18], [21, 19], [35, 5], [13, 0], [8, 7], [38, 7], [12, 5], [25, 25], [27, 18], [35, 6], [4, 12], [33, 27], [34, 30], [10, 27], [36, 18], [12, 10], [7, 25], [19, 23], [30, 25], [18, 6], [28, 1], [22, 25], [21, 23], [3, 26], [22, 30], [21, 5], [34, 28], [25, 2], [38, 29], [27, 12], [15, 11], [38, 12], [7, 5], [13, 4], [30, 24], [0, 2], [11, 14], [23, 10], [3, 22], [23, 14], [29, 33], [15, 20], [10, 17], [31, 17], [23, 22], [25, 12], [24, 13], [9, 8], [28, 3], [2, 18], [22, 6], [29, 15], [4, 5], [18, 10], [15, 1], [32, 11], [28, 32], [7, 13], [31, 7], [28, 19], [39, 12], [26, 8], [13, 30], [21, 17], [25, 0], [16, 27], [31, 23], [11, 6], [23, 3], [19, 5], [10, 4], [0, 10], [35, 11], [24, 27], [6, 21], [27, 14], [21, 4], [9, 13], [29, 20], [12, 0], [35, 3], [22, 27], [18, 8], [6, 22], [36, 7], [24, 21], [24, 26], [36, 17], [36, 12], [17, 12], [18, 23], [25, 19], [23, 5], [27, 24], [26, 14], [39, 33], [8, 22], [38, 14], [9, 10], [13, 5], [19, 16], [22, 12], [10, 31], [17, 2], [29, 27], [30, 15], [0, 27], [24, 32], [16, 15], [16, 8], [12, 3], [34, 20], [34, 5], [0, 17], [37, 22], [10, 10], [34, 8], [38, 24], [10, 5], [8, 20], [23, 25], [9, 2], [9, 3], [25, 16], [33, 14], [9, 1], [38, 5], [29, 7], [24, 8], [21, 26], [28, 0], [17, 28], [24, 2], [29, 26], [31, 8], [9, 24], [22, 24], [13, 12], [31, 26], [35, 30], [4, 0], [29, 30], [4, 15], [23, 32], [9, 14], [11, 27], [39, 28], [10, 19], [24, 16], [35, 17], [10, 1], [11, 25], [34, 15], [23, 8], [28, 16], [22, 13], [28, 22], [1, 25], [30, 19], [28, 20], [29, 22], [21, 9], [6, 20], [26, 5], [22, 19], [26, 12], [30, 27], [11, 15], [19, 32], [22, 4], [35, 21], [32, 5], [18, 24], [25, 26], [6, 24], [38, 28], [8, 0], [14, 4], [24, 23], [9, 18], [21, 13], [17, 23], [3, 5], [25, 7], [18, 31], [16, 24], [7, 9], [34, 14], [28, 6], [6, 5], [34, 11], [11, 5], [27, 15], [16, 21], [23, 33], [19, 10], [16, 23], [29, 6], [14, 1], [11, 24], [39, 24], [3, 19], [24, 6], [33, 13], [15, 21], [24, 5], [33, 20], [34, 23], [26, 11], [36, 31], [19, 6], [0, 9], [23, 7], [5, 3], [28, 4], [1, 20], [34, 7], [28, 9], [25, 21], [35, 32], [25, 17], [20, 21], [35, 27], [27, 4], [10, 15], [25, 23], [19, 26], [7, 1], [36, 30], [36, 5], [16, 6], [20, 15], [28, 24], [2, 21], [10, 7], [27, 23], [15, 12], [12, 24], [30, 31], [18, 29], [1, 1], [37, 29], [32, 20], [15, 8], [32, 15], [2, 5], [14, 14], [26, 7], [28, 13], [26, 4], [26, 13], [24, 28], [7, 12], [23, 13], [28, 21], [12, 9], [17, 25], [26, 20], [19, 33], [21, 27], [25, 9], [39, 31], [20, 9], [33, 19], [33, 25], [10, 20], [15, 15], [34, 27], [36, 24], [9, 7], [26, 16], [8, 16], [4, 19], [38, 15], [12, 6], [31, 11], [7, 15], [38, 20], [10, 6], [15, 3], [35, 12], [3, 7], [8, 9], [36, 29], [1, 10], [11, 20], [34, 22], [4, 17], [1, 8], [8, 21], [18, 19], [25, 24], [39, 6], [24, 4], [19, 21], [24, 20], [4, 24], [11, 13], [9, 23], [31, 33], [17, 22], [13, 17], [30, 18], [9, 25], [9, 6], [35, 9], [18, 7], [20, 20], [9, 4], [31, 27], [12, 16], [16, 28], [37, 10], [5, 8], [8, 19], [34, 12], [20, 13], [34, 29], [33, 10], [10, 36], [23, 9], [5, 18], [36, 3], [7, 23], [30, 0], [31, 12], [30, 36], [16, 0], [36, 26], [8, 35], [38, 10], [8, 36], [6, 35], [17, 1], [22, 37], [26, 35], [26, 33], [7, 6], [22, 0], [17, 7], [16, 30], [32, 4], [37, 32], [24, 12], [32, 2], [3, 27], [29, 3], [39, 26], [30, 33], [27, 19], [24, 38], [16, 9], [15, 38], [26, 30], [6, 27], [13, 19], [13, 13], [8, 31], [14, 27], [36, 1], [29, 38], [0, 39], [0, 16], [31, 34], [39, 9], [31, 5], [0, 29], [14, 36], [34, 39], [2, 14], [11, 28], [14, 10], [2, 9], [38, 26], [2, 33], [6, 15], [15, 16], [2, 2], [32, 8], [27, 29], [19, 36], [26, 29], [26, 27], [37, 23], [33, 0], [20, 34], [32, 21], [37, 20], [21, 35], [14, 35], [11, 31], [37, 8], [5, 0], [13, 37], [13, 31], [9, 9], [26, 2], [6, 0], [31, 39], [19, 39], [34, 19], [34, 6], [34, 13], [37, 1], [38, 21], [15, 37], [10, 11], [39, 39], [33, 23], [33, 6], [2, 28], [33, 35], [17, 14], [32, 25], [9, 19], [21, 18], [21, 25], [4, 14], [8, 14], [37, 16], [37, 11], [13, 25], [14, 21], [37, 13], [22, 35], [15, 39], [36, 13], [12, 8], [0, 25], [7, 2], [5, 38], [22, 28], [1, 38], [3, 36], [11, 38], [33, 1], [33, 34], [32, 3], [26, 0], [39, 36], [6, 6], [12, 34], [33, 4], [0, 19], [30, 1], [20, 33], [33, 16], [30, 21], [31, 35], [16, 34], [12, 4], [1, 2], [8, 38], [36, 22], [0, 37], [9, 31], [26, 21], [35, 7], [36, 34], [35, 35], [4, 26], [11, 12], [3, 28], [37, 6], [16, 14], [7, 17], [39, 0], [37, 24], [6, 18], [27, 28], [30, 14], [9, 34], [19, 19], [3, 2], [23, 15], [19, 38], [15, 6], [0, 33], [13, 32], [2, 13], [2, 16], [4, 28], [1, 28], [35, 37], [32, 0], [9, 29], [17, 32], [4, 30], [35, 25], [2, 38], [4, 9], [16, 25], [30, 13], [3, 38], [6, 25], [6, 19], [15, 35], [30, 10], [15, 5], [8, 39], [39, 1], [11, 32], [0, 23], [8, 4], [3, 30], [19, 35], [21, 39], [39, 34], [37, 37], [25, 36], [23, 38], [9, 26], [1, 23], [4, 38], [11, 37], [7, 34], [36, 9], [2, 32], [36, 38], [13, 35], [2, 11], [10, 35], [1, 21], [25, 29], [3, 14], [28, 37], [24, 31], [26, 3], [2, 10], [32, 22], [12, 1], [19, 20], [21, 38], [11, 35], [28, 35], [0, 3], [37, 0], [36, 20], [3, 29], [17, 15], [34, 3], [17, 3], [19, 37], [18, 36], [22, 15], [2, 6], [28, 38], [8, 28], [35, 0], [16, 22], [12, 38], [1, 13], [29, 2], [1, 27], [4, 21], [29, 31], [12, 7], [1, 37], [3, 6], [20, 25], [24, 39], [29, 29], [16, 35], [12, 2], [4, 10], [32, 12], [1, 9], [9, 36], [8, 37], [9, 11], [10, 33], [29, 37], [34, 35], [35, 2], [38, 25], [15, 25], [29, 23], [31, 4], [3, 31], [37, 31], [31, 38], [32, 16], [26, 10], [3, 32], [12, 14], [7, 28], [0, 15], [11, 16], [20, 32], [5, 10], [29, 1], [32, 30], [34, 32], [0, 12], [16, 38], [20, 2], [20, 7], [15, 29], [17, 6], [5, 16], [3, 8], [25, 38], [7, 21], [38, 11], [35, 14], [23, 1], [37, 12], [18, 25], [33, 32], [0, 24], [34, 0], [4, 22], [38, 36], [35, 4], [21, 7], [19, 4], [2, 23], [22, 18], [2, 3], [34, 4], [22, 32], [25, 32], [6, 29], [5, 6], [26, 39], [5, 12], [6, 37], [2, 15], [11, 3], [1, 30], [20, 36], [28, 34], [19, 34], [27, 38], [37, 25], [35, 13], [32, 1], [15, 27], [19, 3], [29, 16], [5, 36], [15, 30], [27, 32], [9, 37], [11, 1], [6, 28], [19, 0], [17, 29], [3, 17], [12, 26], [9, 0], [38, 18], [31, 29], [34, 38], [12, 13], [27, 20], [11, 8], [30, 4], [9, 20], [18, 4], [10, 30], [31, 32], [12, 12], [29, 12], [39, 37], [25, 15], [39, 7], [18, 37], [12, 17], [5, 9], [32, 36], [21, 37], [31, 13], [27, 36], [39, 23], [24, 37], [36, 8], [22, 31], [16, 37], [33, 38], [23, 36], [34, 1], [37, 34], [32, 9], [8, 32], [2, 36], [16, 26], [0, 34], [25, 37], [35, 29], [22, 11], [29, 4], [28, 5], [23, 37], [5, 24], [31, 28], [0, 38], [32, 31], [4, 20], [24, 17], [37, 21], [0, 20], [25, 39], [29, 34], [5, 27], [28, 12], [21, 16], [11, 39], [14, 29], [21, 30], [22, 21], [31, 18], [29, 5], [3, 12], [27, 31], [28, 2], [22, 38], [4, 39], [14, 25], [36, 0], [39, 21], [26, 17], [18, 35], [3, 35], [35, 31], [18, 38], [3, 15], [15, 4], [31, 16], [1, 24], [9, 33], [12, 23], [2, 1], [5, 30], [17, 10], [0, 1], [11, 36], [13, 24], [24, 7], [11, 9], [10, 34], [37, 38], [39, 13], [11, 30], [8, 18], [8, 1], [12, 37], [4, 35], [33, 39], [4, 8], [32, 33], [34, 31], [29, 19], [13, 27], [26, 36], [12, 25], [34, 34], [11, 23], [7, 4], [0, 4], [1, 31], [37, 18], [27, 0], [4, 16], [2, 35], [3, 33], [7, 35], [13, 39], [30, 28], [16, 11], [27, 35], [7, 39], [1, 33], [18, 17], [10, 37], [27, 27], [9, 21], [13, 1], [0, 7], [13, 14], [24, 30], [29, 18], [20, 38], [16, 3], [13, 20], [6, 32], [23, 39], [19, 18], [4, 6], [1, 12], [35, 22], [37, 3], [1, 34], [22, 22], [39, 38], [33, 26], [20, 29], [20, 14], [31, 1], [12, 36], [18, 15], [8, 17], [36, 14], [15, 36], [20, 37], [38, 13], [7, 7], [7, 0], [14, 3], [5, 25], [3, 21], [21, 22], [8, 12], [23, 19], [38, 1], [15, 33], [36, 10], [10, 13], [5, 31], [35, 24], [4, 32], [7, 31], [25, 35], [34, 25], [13, 28], [13, 36], [37, 33], [18, 27], [35, 38], [37, 26], [2, 24], [25, 34], [14, 0], [0, 18], [17, 35], [39, 11], [14, 22], [35, 34], [37, 35], [4, 23], [24, 36], [14, 34], [38, 0], [10, 26], [16, 32], [22, 34], [35, 1], [32, 39], [7, 24], [26, 1], [8, 3], [38, 39], [24, 18], [0, 11], [14, 11], [5, 23], [6, 1], [23, 17], [36, 2], [23, 4], [39, 19], [21, 1], [7, 32], [5, 19], [4, 37], [13, 15], [2, 22], [36, 21], [6, 16], [18, 2], [9, 22], [20, 8], [0, 35], [2, 26], [30, 16], [39, 27], [9, 30], [15, 0], [6, 11], [29, 9], [39, 17], [14, 32], [32, 6], [8, 27], [17, 11], [20, 26], [15, 7], [38, 9], [14, 12], [3, 34], [6, 33], [18, 30], [34, 18], [38, 6], [7, 33], [0, 22], [0, 6], [30, 37], [20, 30], [33, 17], [12, 29], [5, 28], [15, 22], [35, 36], [8, 8], [2, 29], [8, 33], [7, 29], [30, 9], [9, 38], [32, 17], [38, 30], [16, 39], [30, 2], [7, 10], [35, 19], [4, 33], [19, 11], [30, 35], [27, 7], [14, 24], [12, 20], [8, 13], [27, 39], [37, 2], [23, 29], [33, 37], [3, 25], [14, 38], [20, 35], [23, 28], [39, 15], [24, 24], [37, 36], [29, 10], [4, 31], [10, 32], [32, 32], [38, 2], [25, 1], [39, 14], [13, 38], [4, 18], [30, 39], [9, 12], [38, 38], [30, 38], [12, 39], [24, 35], [16, 20], [2, 17], [0, 8], [10, 14], [5, 22], [1, 32], [7, 36], [2, 4], [16, 13], [3, 3], [14, 18], [38, 4], [24, 29], [17, 37], [32, 38], [25, 11], [31, 0], [20, 6], [1, 36], [24, 33], [2, 30], [23, 0], [34, 37], [5, 37], [20, 1], [28, 14], [21, 2], [16, 29], [14, 2], [18, 3], [11, 2], [38, 32], [16, 33], [15, 2], [5, 14], [19, 14], [33, 30], [29, 0], [34, 33], [33, 11], [37, 19], [7, 14], [39, 4], [27, 33], [24, 3], [29, 17], [22, 9], [16, 2], [23, 2], [23, 23], [34, 26], [1, 18], [14, 16], [17, 36], [17, 27], [29, 32], [26, 22], [37, 9], [0, 26], [14, 7], [35, 39], [7, 30], [32, 10], [10, 38], [17, 39], [24, 19], [7, 19], [3, 39], [10, 39], [6, 10], [0, 13], [14, 30], [31, 36], [6, 34], [32, 19], [6, 9], [1, 14], [13, 33], [19, 29], [27, 25], [39, 25], [33, 8], [27, 22], [14, 26], [0, 32], [23, 6], [6, 7], [33, 22], [24, 34], [31, 2], [34, 21], [26, 37], [10, 16], [8, 2], [37, 4], [36, 4], [7, 3], [29, 35], [0, 30], [7, 16], [36, 28], [6, 14], [16, 12], [28, 25], [32, 37], [3, 20], [36, 39], [22, 1], [12, 15], [21, 8], [16, 19], [6, 2], [14, 37], [3, 16], [20, 12], [30, 29], [39, 16], [27, 17], [35, 26], [16, 31], [13, 29], [36, 27], [17, 21], [38, 37], [14, 15], [9, 39], [25, 28], [39, 22], [37, 39], [38, 16], [33, 31], [22, 16], [23, 34], [25, 4], [14, 39], [3, 37], [18, 0], [18, 21], [5, 15], [28, 23], [14, 20], [20, 27], [39, 5], [21, 36], [13, 2], [38, 8], [31, 21], [4, 36], [27, 34], [1, 11], [20, 0], [34, 36], [33, 29], [8, 11], [33, 36], [12, 30], [5, 17], [21, 0], [1, 3], [36, 25], [10, 23], [6, 8], [25, 22], [5, 20], [10, 28], [34, 9], [6, 13], [25, 31], [5, 29], [11, 11], [13, 7], [13, 18], [4, 29], [6, 3], [26, 31], [12, 35], [9, 32], [39, 2], [5, 5], [29, 14], [13, 16], [1, 39], [27, 26], [10, 12], [21, 14], [2, 20], [10, 22], [32, 35], [34, 24], [39, 30], [39, 18], [30, 30], [28, 30], [31, 3], [1, 22]]}