{"meta": {"number_of_robots": 630, "description": {"parameters": {"seed": 5214, "shape": [30, 30], "obstacles": {"n": 0, "mean": 0, "std": 0.0}, "clusters": {"n": 0, "mean": 10, "std": 5.0, "relative_radius": 2, "increase_factor": 1.3, "start_dist": {"generator_name": "uniform", "shape": [30, 30], "min": 1.0, "max": 1.0, "mean": 1.0, "std": 0.0, "dtype": "float64", "parameters": {}}, "target_dist": {"generator_name": "uniform", "shape": [30, 30], "min": 1.0, "max": 1.0, "mean": 1.0, "std": 0.0, "dtype": "float64", "parameters": {}}}, "density": 0.7, "start_dist": {"generator_name": "uniform", "shape": [30, 30], "min": 1.0, "max": 1.0, "mean": 1.0, "std": 0.0, "dtype": "float64", "parameters": {}}, "target_dist": {"generator_name": "uniform", "shape": [30, 30], "min": 1.0, "max": 1.0, "mean": 1.0, "std": 0.0, "dtype": "float64", "parameters": {}}}, "stats": {"date": "2020-11-17", "free_area": 900.0, "number_of_clustered_robots": 0, "number_of_robots": 630}}}, "name": "medium_free_007_30x30_70_630", "obstacles": [], "starts": [[10, 13], [0, 23], [12, 27], [25, 2], [15, 22], [12, 19], [7, 11], [10, 26], [10, 12], [7, 28], [6, 16], [7, 26], [4, 24], [2, 0], [9, 1], [0, 25], [16, 27], [4, 3], [11, 0], [9, 22], [8, 23], [24, 0], [22, 22], [14, 22], [21, 12], [29, 23], [20, 20], [17, 25], [19, 13], [0, 8], [24, 21], [17, 24], [8, 11], [0, 14], [9, 23], [22, 14], [19, 18], [8, 6], [21, 0], [4, 4], [19, 15], [12, 20], [14, 8], [11, 11], [8, 15], [28, 23], [5, 28], [29, 24], [25, 19], [20, 0], [22, 11], [25, 26], [29, 5], [15, 10], [20, 22], [16, 7], [26, 6], [13, 26], [25, 4], [26, 7], [24, 7], [28, 5], [27, 20], [22, 21], [2, 19], [15, 14], [27, 22], [2, 8], [8, 22], [5, 12], [11, 14], [22, 8], [18, 29], [25, 6], [13, 24], [28, 29], [0, 2], [25, 17], [2, 28], [18, 10], [20, 10], [18, 3], [26, 15], [0, 21], [1, 2], [15, 24], [15, 28], [9, 2], [10, 14], [5, 1], [19, 1], [18, 14], [10, 7], [2, 26], [23, 24], [14, 27], [21, 22], [5, 24], [9, 14], [19, 24], [29, 16], [9, 7], [8, 12], [23, 5], [21, 17], [0, 15], [2, 5], [27, 15], [24, 3], [1, 6], [3, 19], [22, 23], [7, 17], [17, 3], [22, 0], [24, 25], [28, 13], [16, 4], [1, 21], [16, 14], [20, 29], [11, 3], [16, 2], [0, 18], [14, 20], [25, 22], [2, 21], [23, 0], [0, 5], [26, 12], [19, 22], [21, 10], [0, 4], [13, 25], [11, 1], [23, 10], [5, 11], [8, 26], [10, 19], [13, 21], [14, 1], [19, 11], [11, 28], [6, 1], [8, 29], [7, 22], [9, 19], [25, 25], [4, 2], [22, 24], [10, 21], [8, 20], [28, 7], [20, 7], [23, 20], [6, 10], [21, 28], [7, 6], [7, 29], [26, 22], [25, 12], [12, 6], [3, 15], [19, 21], [29, 1], [5, 9], [25, 14], [18, 23], [17, 28], [24, 13], [5, 4], [4, 0], [25, 9], [8, 27], [22, 27], [19, 28], [5, 22], [11, 22], [22, 4], [3, 8], [15, 13], [16, 24], [18, 1], [17, 5], [10, 18], [28, 12], [18, 24], [12, 26], [21, 6], [28, 14], [16, 1], [2, 2], [19, 8], [0, 17], [12, 24], [26, 23], [21, 14], [20, 26], [15, 3], [25, 18], [23, 2], [20, 18], [24, 5], [26, 18], [0, 20], [20, 2], [9, 17], [8, 24], [19, 9], [8, 5], [29, 6], [14, 28], [27, 17], [22, 28], [23, 9], [12, 28], [22, 7], [23, 14], [29, 17], [11, 25], [5, 27], [29, 19], [4, 10], [4, 18], [11, 29], [17, 21], [3, 24], [18, 0], [24, 27], [23, 23], [28, 11], [3, 7], [6, 29], [12, 12], [26, 9], [29, 3], [12, 21], [15, 19], [7, 9], [13, 20], [13, 29], [25, 27], [1, 17], [9, 24], [6, 12], [20, 27], [10, 2], [21, 7], [0, 16], [2, 16], [26, 14], [9, 25], [24, 16], [2, 9], [3, 20], [26, 17], [28, 25], [29, 10], [14, 12], [19, 7], [7, 15], [20, 1], [1, 8], [27, 13], [22, 20], [3, 0], [26, 1], [6, 8], [11, 13], [4, 28], [16, 11], [10, 6], [27, 11], [1, 15], [20, 6], [8, 4], [9, 21], [1, 27], [11, 9], [9, 26], [28, 4], [16, 13], [22, 16], [0, 3], [4, 11], [7, 19], [24, 9], [4, 9], [16, 8], [3, 28], [4, 13], [22, 5], [18, 28], [13, 7], [7, 3], [27, 3], [8, 14], [27, 29], [20, 28], [13, 23], [13, 5], [25, 3], [25, 1], [27, 1], [29, 13], [13, 17], [26, 8], [17, 18], [3, 6], [17, 7], [23, 26], [16, 17], [3, 14], [22, 26], [5, 20], [25, 24], [14, 16], [11, 2], [18, 20], [24, 14], [16, 0], [1, 19], [24, 8], [27, 19], [1, 4], [12, 22], [17, 11], [29, 2], [11, 23], [18, 2], [6, 19], [10, 17], [2, 17], [5, 17], [15, 25], [20, 14], [22, 18], [6, 25], [13, 12], [26, 0], [11, 27], [9, 16], [24, 15], [26, 20], [6, 17], [4, 12], [23, 21], [7, 8], [5, 0], [14, 13], [6, 15], [5, 6], [0, 27], [18, 9], [16, 19], [1, 12], [20, 9], [21, 8], [6, 5], [18, 16], [9, 27], [24, 17], [15, 17], [23, 16], [5, 16], [5, 19], [1, 25], [4, 29], [10, 23], [24, 29], [21, 19], [9, 12], [17, 2], [0, 7], [19, 4], [10, 9], [12, 1], [23, 27], [12, 10], [28, 18], [17, 26], [16, 28], [8, 2], [23, 15], [6, 22], [22, 2], [6, 24], [7, 0], [18, 7], [12, 25], [11, 6], [6, 26], [20, 8], [11, 12], [6, 23], [14, 19], [25, 0], [20, 15], [7, 25], [14, 25], [28, 3], [10, 29], [15, 5], [8, 8], [21, 3], [26, 16], [14, 24], [11, 20], [12, 9], [11, 16], [12, 7], [28, 6], [14, 4], [19, 17], [19, 2], [23, 28], [27, 0], [26, 19], [27, 18], [16, 29], [3, 2], [19, 23], [5, 26], [15, 7], [18, 25], [11, 15], [6, 21], [27, 5], [3, 27], [1, 18], [4, 26], [10, 15], [2, 11], [24, 28], [26, 2], [3, 23], [13, 0], [22, 10], [10, 0], [18, 15], [11, 4], [2, 10], [13, 27], [4, 19], [16, 10], [11, 21], [14, 14], [9, 11], [22, 1], [8, 3], [12, 16], [7, 24], [4, 6], [27, 27], [4, 20], [12, 17], [21, 29], [4, 5], [13, 4], [23, 13], [18, 8], [21, 13], [19, 6], [14, 5], [29, 27], [26, 28], [5, 14], [21, 5], [0, 1], [10, 8], [8, 13], [11, 18], [28, 19], [0, 11], [15, 16], [13, 22], [4, 17], [22, 12], [10, 20], [12, 5], [1, 11], [26, 11], [17, 20], [14, 7], [1, 22], [3, 1], [21, 9], [8, 0], [10, 24], [1, 29], [13, 11], [28, 24], [6, 0], [20, 24], [17, 12], [12, 29], [20, 12], [0, 9], [10, 10], [9, 13], [24, 26], [11, 5], [25, 8], [4, 16], [8, 18], [0, 26], [9, 9], [18, 26], [0, 12], [11, 19], [18, 11], [12, 11], [15, 9], [5, 10], [27, 24], [1, 26], [23, 3], [5, 25], [12, 15], [13, 14], [9, 29], [1, 3], [26, 21], [4, 15], [6, 9], [8, 1], [21, 21], [7, 5], [27, 9], [29, 18], [23, 8], [2, 12], [7, 4], [23, 25], [3, 16], [1, 28], [3, 29], [17, 14], [24, 23], [3, 3], [14, 2], [16, 21], [9, 0], [22, 19], [18, 22], [29, 8], [9, 5], [27, 2], [20, 5], [6, 11], [10, 11], [3, 22], [9, 20], [1, 10], [1, 9], [12, 14], [2, 6], [14, 3], [28, 2], [8, 25], [23, 29], [8, 16], [6, 28], [17, 6], [4, 7], [15, 15], [8, 28], [25, 29], [23, 6], [19, 20], [0, 0], [16, 12], [26, 5], [18, 4], [3, 9], [28, 15], [18, 5], [14, 17], [2, 4], [13, 10], [5, 3], [4, 22], [27, 14], [25, 16], [21, 16], [28, 21], [18, 18], [8, 21], [19, 16], [16, 22], [26, 24], [24, 4], [21, 25], [0, 6], [5, 15], [28, 8], [21, 15], [23, 11], [9, 6], [14, 23], [15, 26], [2, 14], [15, 23], [17, 8], [10, 27], [15, 21], [7, 10], [6, 18], [9, 10], [13, 16], [2, 7], [17, 23], [7, 27], [27, 16], [16, 15], [17, 9], [21, 20], [24, 19], [27, 8], [10, 16], [24, 2], [20, 21], [16, 25], [15, 11], [12, 0], [18, 6], [26, 25], [20, 3], [27, 7], [5, 7]], "targets": [[24, 24], [25, 14], [6, 20], [26, 16], [8, 14], [17, 26], [19, 4], [22, 9], [14, 23], [23, 12], [12, 11], [14, 21], [8, 27], [0, 20], [16, 13], [17, 24], [16, 7], [20, 20], [17, 25], [23, 17], [11, 3], [24, 6], [29, 23], [27, 18], [8, 28], [17, 16], [5, 17], [5, 27], [11, 16], [14, 27], [19, 13], [28, 16], [16, 24], [10, 0], [15, 14], [15, 4], [26, 7], [21, 7], [27, 21], [28, 19], [27, 1], [21, 1], [17, 21], [7, 1], [26, 0], [19, 1], [18, 19], [18, 18], [8, 12], [5, 5], [3, 1], [0, 17], [14, 1], [13, 28], [11, 21], [14, 28], [3, 27], [0, 27], [6, 14], [4, 11], [19, 12], [10, 3], [8, 18], [8, 0], [12, 27], [25, 3], [9, 4], [22, 13], [4, 26], [2, 17], [14, 15], [26, 22], [8, 10], [29, 2], [15, 22], [21, 24], [14, 17], [23, 6], [23, 18], [4, 24], [17, 19], [15, 16], [15, 11], [22, 17], [28, 27], [11, 9], [21, 3], [25, 5], [22, 4], [12, 21], [22, 1], [17, 9], [16, 21], [20, 8], [26, 23], [19, 28], [21, 4], [14, 2], [23, 9], [20, 7], [10, 20], [18, 16], [9, 2], [21, 5], [21, 23], [8, 24], [2, 11], [28, 10], [19, 25], [14, 26], [8, 8], [2, 4], [9, 8], [18, 9], [17, 28], [7, 23], [3, 10], [21, 2], [18, 26], [9, 15], [28, 2], [9, 16], [14, 18], [17, 13], [5, 22], [2, 14], [26, 18], [5, 6], [17, 6], [22, 5], [26, 15], [27, 9], [9, 23], [15, 19], [6, 19], [7, 10], [26, 12], [20, 28], [5, 13], [20, 10], [9, 18], [16, 22], [7, 17], [20, 9], [18, 28], [24, 11], [4, 1], [15, 20], [9, 21], [24, 1], [29, 25], [0, 2], [16, 8], [29, 14], [20, 11], [3, 18], [21, 28], [3, 5], [0, 23], [7, 14], [14, 0], [10, 16], [9, 19], [25, 11], [16, 19], [25, 7], [24, 25], [18, 13], [23, 15], [7, 9], [22, 26], [5, 29], [25, 21], [6, 18], [17, 11], [11, 12], [24, 21], [8, 13], [12, 24], [0, 7], [7, 18], [27, 27], [5, 14], [15, 15], [14, 11], [13, 5], [24, 18], [10, 13], [24, 17], [26, 2], [3, 22], [3, 6], [22, 15], [21, 25], [27, 12], [11, 11], [16, 10], [12, 20], [5, 0], [9, 5], [19, 26], [8, 21], [26, 11], [22, 28], [4, 21], [11, 20], [13, 19], [4, 19], [5, 18], [12, 2], [17, 15], [23, 4], [23, 21], [8, 16], [18, 0], [3, 3], [22, 22], [1, 1], [1, 26], [22, 8], [20, 18], [13, 15], [2, 24], [10, 14], [11, 29], [10, 29], [27, 17], [29, 24], [0, 1], [3, 14], [13, 1], [19, 0], [20, 23], [0, 6], [17, 7], [22, 2], [24, 29], [2, 5], [5, 3], [3, 24], [6, 6], [4, 22], [23, 28], [22, 14], [14, 8], [15, 26], [20, 24], [9, 29], [9, 3], [24, 19], [19, 17], [8, 2], [5, 12], [18, 12], [0, 9], [20, 19], [0, 12], [19, 20], [9, 0], [13, 2], [11, 19], [12, 19], [18, 29], [22, 20], [10, 4], [2, 22], [4, 28], [3, 29], [12, 25], [5, 16], [27, 13], [6, 11], [7, 15], [25, 4], [3, 20], [4, 23], [18, 8], [8, 7], [1, 15], [2, 6], [21, 16], [18, 5], [0, 14], [17, 23], [21, 14], [23, 11], [28, 20], [13, 17], [6, 27], [23, 0], [25, 12], [26, 14], [21, 13], [12, 5], [2, 10], [5, 8], [29, 28], [0, 28], [19, 29], [28, 23], [23, 2], [13, 23], [11, 18], [9, 27], [19, 16], [4, 8], [28, 9], [26, 9], [14, 4], [10, 23], [19, 10], [26, 3], [27, 26], [16, 25], [4, 16], [25, 8], [1, 3], [16, 20], [4, 12], [1, 16], [19, 18], [11, 1], [13, 22], [23, 14], [11, 17], [14, 22], [7, 13], [10, 28], [17, 3], [20, 25], [3, 19], [1, 17], [4, 18], [2, 15], [7, 8], [15, 12], [7, 29], [13, 11], [23, 19], [16, 12], [2, 1], [24, 13], [16, 29], [11, 22], [10, 7], [13, 13], [19, 21], [15, 2], [29, 4], [5, 10], [9, 14], [7, 3], [10, 26], [25, 20], [8, 17], [10, 15], [6, 28], [15, 1], [18, 14], [14, 13], [18, 7], [1, 24], [3, 8], [8, 23], [3, 4], [22, 19], [4, 20], [15, 5], [7, 19], [2, 7], [15, 13], [13, 8], [6, 10], [24, 12], [29, 12], [16, 14], [6, 8], [28, 24], [0, 15], [1, 8], [18, 17], [14, 10], [24, 15], [1, 6], [16, 28], [4, 29], [22, 18], [21, 11], [24, 10], [6, 22], [1, 13], [25, 6], [10, 6], [29, 7], [1, 2], [17, 22], [19, 24], [29, 15], [21, 26], [16, 4], [3, 16], [21, 0], [8, 20], [6, 12], [20, 2], [20, 14], [27, 22], [0, 11], [6, 0], [14, 6], [28, 28], [2, 12], [2, 13], [20, 4], [19, 6], [2, 3], [5, 21], [26, 5], [21, 6], [23, 25], [15, 21], [6, 1], [25, 15], [22, 7], [6, 4], [0, 10], [27, 4], [20, 27], [27, 7], [10, 27], [6, 7], [26, 17], [27, 3], [16, 16], [8, 4], [15, 28], [19, 14], [0, 8], [18, 3], [23, 27], [12, 26], [25, 29], [17, 2], [6, 15], [19, 5], [27, 10], [29, 21], [9, 25], [13, 29], [17, 14], [24, 8], [7, 26], [25, 1], [1, 5], [7, 22], [14, 3], [28, 26], [23, 23], [7, 20], [13, 9], [23, 29], [25, 19], [20, 12], [6, 24], [7, 11], [24, 20], [27, 24], [29, 6], [12, 7], [12, 28], [2, 25], [24, 16], [14, 20], [5, 24], [6, 26], [20, 16], [10, 21], [5, 28], [11, 15], [24, 28], [7, 0], [5, 9], [4, 7], [1, 23], [19, 7], [22, 27], [28, 11], [16, 15], [26, 8], [3, 21], [26, 19], [12, 14], [20, 15], [20, 22], [28, 13], [17, 29], [28, 6], [14, 14], [25, 18], [25, 9], [15, 6], [17, 20], [11, 4], [5, 25], [23, 5], [16, 1], [20, 26], [13, 10], [17, 4], [12, 6], [12, 18], [28, 5], [6, 3], [7, 25], [7, 4], [25, 10], [24, 23], [18, 24], [23, 20], [12, 16], [25, 23], [11, 0], [12, 1], [13, 25], [25, 13], [0, 13], [21, 8], [18, 11], [26, 20], [10, 8], [1, 28], [27, 15], [13, 27], [24, 7], [27, 20], [24, 4], [9, 7], [19, 19], [3, 28], [7, 16], [1, 19], [13, 3], [25, 22], [12, 0], [28, 18], [29, 29], [10, 10], [16, 27], [27, 29], [19, 15], [22, 10], [5, 7], [9, 1], [0, 18], [12, 29], [0, 26], [6, 25], [26, 27], [22, 0], [9, 6], [18, 1], [26, 28], [14, 19], [11, 7], [15, 29], [3, 25], [13, 16], [18, 10], [0, 19], [29, 10], [14, 5], [11, 2], [28, 4], [20, 13], [6, 29], [28, 8], [27, 8], [6, 17], [3, 17], [10, 2], [0, 21], [5, 20], [14, 29], [28, 1], [20, 1], [4, 25], [1, 0], [25, 26], [15, 3], [13, 12], [10, 1], [16, 2], [16, 0], [1, 4], [18, 27], [19, 27], [4, 27], [15, 27], [2, 18], [14, 24], [17, 1], [14, 16], [25, 16], [1, 11], [21, 27], [3, 26], [10, 25], [0, 16], [18, 6], [8, 26], [26, 21], [4, 2], [4, 0], [27, 2], [3, 0], [3, 13], [13, 18], [27, 6], [26, 25], [7, 24], [25, 2], [8, 3], [23, 8], [21, 21], [24, 22], [21, 15], [2, 0], [29, 20], [6, 21], [22, 29]]}