{"meta": {"number_of_robots": 923, "description": {"parameters": {"seed": 2874, "shape": [50, 50], "obstacles": {"n": 10, "mean": 5, "std": 2.5}, "clusters": {"n": 3, "mean": 10, "std": 5.0, "relative_radius": 2, "increase_factor": 1.3, "start_dist": {"generator_name": "uniform", "shape": [50, 50], "min": 1.0, "max": 1.0, "mean": 1.0, "std": 0.0, "dtype": "float64", "parameters": {}}, "target_dist": {"generator_name": "uniform", "shape": [50, 50], "min": 1.0, "max": 1.0, "mean": 1.0, "std": 0.0, "dtype": "float64", "parameters": {}}}, "density": 0.4, "start_dist": {"generator_name": "uniform", "shape": [50, 50], "min": 1.0, "max": 1.0, "mean": 1.0, "std": 0.0, "dtype": "float64", "parameters": {}}, "target_dist": {"generator_name": "uniform", "shape": [50, 50], "min": 1.0, "max": 1.0, "mean": 1.0, "std": 0.0, "dtype": "float64", "parameters": {}}}, "stats": {"date": "2020-11-17", "free_area": 2307.0, "number_of_clustered_robots": 41, "number_of_robots": 923}}}, "name": "medium_012_50x50_40_923", "obstacles": [[4, 9], [4, 10], [4, 11], [4, 12], [4, 13], [5, 9], [5, 13], [6, 9], [6, 10], [6, 11], [6, 12], [6, 13], [6, 40], [6, 41], [6, 42], [6, 43], [6, 44], [6, 45], [7, 40], [7, 45], [8, 26], [8, 27], [8, 28], [8, 29], [8, 40], [8, 45], [9, 26], [9, 29], [9, 40], [9, 45], [10, 26], [10, 29], [10, 40], [10, 45], [11, 26], [11, 29], [11, 40], [11, 41], [11, 42], [11, 43], [11, 44], [11, 45], [12, 26], [12, 29], [12, 31], [12, 32], [12, 33], [12, 34], [12, 35], [12, 36], [13, 26], [13, 29], [13, 31], [13, 32], [13, 33], [13, 34], [13, 35], [13, 36], [14, 26], [14, 29], [15, 26], [15, 29], [16, 26], [16, 27], [16, 28], [16, 29], [25, 2], [25, 3], [25, 4], [25, 5], [25, 6], [25, 7], [25, 8], [26, 2], [26, 3], [26, 4], [26, 5], [26, 6], [26, 7], [26, 8], [27, 27], [27, 28], [27, 29], [27, 30], [27, 31], [27, 32], [28, 27], [28, 28], [28, 29], [28, 30], [28, 31], [28, 32], [33, 29], [33, 30], [33, 31], [33, 32], [33, 33], [34, 29], [34, 33], [35, 11], [35, 12], [35, 13], [35, 14], [35, 29], [35, 33], [36, 11], [36, 14], [36, 29], [36, 33], [37, 11], [37, 14], [37, 29], [37, 33], [38, 11], [38, 14], [38, 29], [38, 30], [38, 31], [38, 32], [38, 33], [39, 11], [39, 14], [40, 11], [40, 12], [40, 13], [40, 14], [41, 35], [41, 36], [42, 35], [42, 36], [43, 35], [43, 36], [44, 35], [44, 36], [45, 35], [45, 36], [46, 35], [46, 36], [47, 35], [47, 36]], "starts": [[31, 42], [18, 9], [46, 6], [27, 19], [33, 42], [22, 17], [26, 9], [46, 5], [35, 35], [20, 18], [26, 17], [34, 36], [25, 13], [43, 6], [19, 16], [36, 42], [19, 17], [23, 14], [36, 38], [43, 8], [27, 14], [35, 37], [23, 13], [23, 16], [47, 9], [37, 39], [23, 12], [18, 18], [39, 38], [25, 9], [43, 5], [20, 19], [33, 41], [27, 16], [20, 12], [33, 43], [42, 11], [27, 10], [21, 13], [33, 40], [17, 17], [48, 28], [16, 49], [47, 39], [32, 8], [24, 42], [37, 7], [27, 9], [27, 36], [43, 24], [26, 33], [39, 1], [47, 6], [15, 24], [33, 22], [11, 3], [24, 23], [48, 13], [20, 17], [17, 46], [43, 39], [41, 23], [48, 47], [31, 44], [24, 39], [47, 40], [16, 33], [32, 36], [17, 12], [37, 26], [12, 3], [19, 4], [43, 32], [29, 13], [3, 23], [47, 46], [12, 44], [37, 21], [22, 6], [4, 1], [12, 37], [4, 28], [26, 23], [29, 25], [32, 42], [40, 24], [17, 33], [4, 5], [41, 48], [4, 14], [47, 23], [15, 21], [11, 23], [39, 41], [32, 13], [2, 4], [38, 3], [13, 5], [5, 8], [28, 12], [23, 34], [40, 49], [9, 12], [49, 7], [49, 35], [48, 48], [14, 24], [21, 45], [20, 2], [20, 0], [20, 10], [32, 41], [0, 23], [21, 49], [19, 28], [20, 27], [41, 42], [19, 30], [0, 7], [5, 7], [14, 30], [44, 11], [10, 34], [8, 7], [26, 48], [26, 12], [20, 30], [20, 3], [20, 11], [9, 37], [18, 38], [29, 11], [37, 3], [0, 49], [10, 4], [7, 47], [11, 12], [37, 5], [33, 13], [25, 38], [3, 2], [43, 15], [5, 48], [36, 7], [32, 46], [28, 16], [17, 20], [25, 0], [49, 25], [49, 8], [20, 43], [13, 42], [42, 7], [40, 36], [26, 11], [32, 10], [26, 0], [5, 6], [22, 23], [39, 17], [0, 25], [15, 17], [48, 4], [10, 13], [5, 41], [43, 13], [14, 38], [3, 6], [10, 36], [21, 6], [37, 20], [1, 4], [23, 38], [44, 9], [0, 1], [47, 19], [2, 27], [18, 19], [8, 49], [45, 28], [49, 33], [4, 49], [30, 6], [34, 13], [18, 1], [6, 18], [24, 18], [37, 49], [30, 7], [7, 27], [6, 4], [2, 7], [45, 8], [23, 7], [49, 46], [24, 38], [31, 3], [38, 24], [19, 46], [10, 33], [49, 32], [28, 15], [35, 43], [34, 4], [1, 0], [43, 47], [45, 25], [45, 27], [8, 23], [15, 11], [47, 20], [8, 34], [15, 40], [35, 9], [26, 40], [9, 32], [0, 4], [26, 41], [31, 37], [14, 39], [33, 0], [24, 10], [38, 9], [10, 37], [32, 30], [0, 21], [10, 20], [15, 16], [4, 36], [38, 27], [39, 48], [42, 15], [12, 18], [5, 4], [29, 46], [4, 30], [3, 37], [35, 39], [39, 42], [6, 49], [37, 46], [11, 16], [22, 12], [7, 19], [22, 24], [9, 11], [45, 32], [1, 12], [45, 11], [4, 43], [39, 45], [15, 2], [2, 37], [0, 24], [31, 21], [42, 49], [46, 0], [34, 6], [14, 18], [33, 3], [6, 32], [18, 28], [19, 43], [2, 35], [30, 23], [6, 26], [24, 20], [40, 27], [17, 10], [34, 11], [37, 44], [44, 34], [17, 15], [24, 8], [25, 45], [3, 3], [41, 31], [23, 35], [33, 46], [43, 42], [2, 41], [4, 46], [41, 40], [3, 43], [29, 4], [21, 15], [39, 34], [18, 32], [42, 5], [48, 0], [42, 3], [5, 0], [25, 24], [23, 30], [5, 47], [22, 20], [12, 49], [24, 46], [15, 35], [1, 2], [7, 38], [27, 49], [47, 49], [40, 22], [36, 3], [24, 43], [19, 34], [20, 7], [48, 29], [30, 17], [38, 39], [13, 38], [3, 24], [47, 2], [16, 10], [17, 32], [10, 49], [14, 13], [17, 23], [31, 6], [7, 49], [4, 33], [33, 45], [10, 47], [47, 30], [7, 3], [32, 17], [7, 6], [41, 10], [23, 1], [14, 48], [19, 37], [9, 10], [44, 6], [0, 9], [2, 36], [20, 26], [26, 14], [49, 4], [6, 36], [33, 14], [11, 32], [12, 14], [11, 8], [41, 7], [16, 1], [3, 39], [10, 14], [8, 36], [28, 25], [47, 44], [39, 29], [30, 43], [40, 37], [42, 30], [28, 34], [4, 2], [31, 10], [15, 8], [16, 11], [16, 45], [29, 28], [9, 22], [22, 30], [33, 20], [1, 13], [20, 46], [2, 24], [21, 22], [1, 16], [13, 18], [15, 12], [37, 17], [7, 0], [10, 9], [39, 49], [6, 37], [0, 3], [35, 25], [45, 24], [29, 12], [34, 17], [42, 2], [36, 43], [32, 23], [41, 18], [45, 40], [29, 35], [5, 46], [18, 40], [31, 38], [43, 20], [43, 18], [7, 9], [16, 31], [45, 33], [1, 47], [5, 23], [38, 0], [29, 1], [4, 22], [16, 34], [25, 17], [16, 16], [19, 12], [4, 8], [6, 25], [19, 38], [24, 22], [34, 47], [40, 30], [34, 44], [6, 24], [0, 33], [13, 48], [6, 17], [28, 0], [4, 17], [22, 22], [14, 7], [35, 38], [8, 15], [43, 7], [7, 8], [1, 3], [10, 30], [31, 29], [5, 19], [45, 14], [19, 27], [19, 49], [24, 2], [6, 33], [30, 27], [25, 11], [7, 46], [45, 39], [30, 1], [25, 44], [10, 32], [31, 20], [4, 44], [11, 46], [48, 33], [2, 25], [49, 41], [16, 25], [4, 42], [45, 37], [26, 16], [44, 42], [6, 39], [42, 8], [35, 16], [28, 33], [31, 1], [28, 23], [7, 22], [42, 44], [6, 47], [35, 22], [1, 18], [4, 26], [36, 39], [12, 19], [46, 4], [17, 28], [16, 43], [42, 39], [36, 9], [38, 36], [22, 43], [24, 35], [23, 33], [9, 19], [1, 41], [21, 19], [14, 43], [48, 17], [31, 5], [5, 45], [44, 24], [32, 28], [2, 10], [39, 23], [16, 24], [6, 15], [35, 28], [42, 25], [46, 11], [9, 4], [32, 39], [17, 48], [13, 8], [6, 22], [21, 23], [18, 47], [15, 30], [29, 10], [8, 6], [44, 43], [14, 46], [0, 15], [43, 40], [18, 0], [8, 19], [39, 27], [17, 22], [28, 7], [46, 42], [14, 40], [38, 45], [9, 30], [28, 8], [10, 35], [46, 39], [16, 40], [38, 44], [44, 48], [27, 11], [7, 26], [35, 3], [44, 41], [45, 48], [49, 10], [48, 44], [29, 41], [49, 27], [44, 40], [2, 39], [42, 6], [32, 21], [18, 39], [8, 4], [11, 49], [42, 33], [31, 8], [24, 14], [43, 19], [0, 39], [40, 28], [26, 34], [29, 43], [22, 7], [46, 22], [42, 37], [14, 17], [31, 45], [11, 21], [25, 41], [42, 16], [23, 31], [42, 31], [45, 43], [37, 19], [31, 41], [27, 25], [2, 28], [9, 36], [46, 38], [5, 1], [2, 29], [9, 17], [18, 24], [49, 9], [13, 3], [21, 35], [27, 12], [17, 19], [47, 29], [26, 25], [31, 34], [26, 36], [30, 4], [18, 48], [48, 9], [1, 46], [34, 8], [20, 38], [44, 15], [8, 33], [9, 20], [8, 30], [39, 10], [19, 40], [47, 22], [44, 4], [8, 22], [2, 47], [29, 16], [12, 48], [45, 4], [4, 21], [40, 19], [25, 35], [49, 43], [26, 44], [13, 11], [23, 19], [19, 14], [48, 8], [0, 20], [20, 34], [13, 37], [30, 28], [35, 42], [26, 42], [38, 17], [16, 30], [8, 1], [13, 2], [10, 11], [33, 24], [44, 38], [49, 45], [12, 38], [20, 39], [17, 14], [29, 8], [1, 29], [36, 0], [14, 2], [49, 15], [11, 36], [31, 4], [48, 41], [5, 31], [7, 1], [12, 22], [30, 36], [46, 28], [44, 21], [10, 8], [3, 46], [19, 36], [43, 23], [35, 4], [5, 39], [12, 6], [26, 45], [28, 45], [3, 18], [16, 8], [31, 19], [36, 26], [36, 49], [22, 42], [38, 6], [31, 31], [26, 35], [4, 48], [25, 42], [30, 39], [32, 18], [10, 16], [41, 12], [4, 6], [46, 1], [19, 18], [4, 0], [8, 18], [0, 45], [40, 42], [48, 43], [24, 31], [41, 47], [25, 22], [24, 17], [41, 25], [3, 31], [41, 3], [31, 46], [40, 16], [42, 47], [19, 41], [22, 25], [24, 32], [47, 7], [21, 14], [27, 13], [11, 14], [36, 48], [3, 25], [2, 19], [49, 0], [49, 19], [2, 23], [43, 3], [23, 49], [6, 23], [48, 25], [32, 15], [29, 32], [5, 15], [3, 9], [49, 30], [30, 8], [6, 20], [5, 32], [25, 36], [21, 30], [30, 31], [25, 26], [34, 27], [11, 37], [40, 46], [13, 1], [20, 16], [39, 7], [39, 28], [5, 20], [6, 46], [4, 7], [6, 1], [12, 13], [14, 5], [18, 44], [33, 9], [45, 15], [12, 15], [29, 5], [27, 40], [15, 19], [28, 9], [19, 21], [31, 15], [34, 37], [35, 49], [1, 35], [12, 11], [4, 3], [14, 3], [22, 29], [9, 7], [0, 31], [3, 38], [17, 34], [48, 40], [6, 27], [44, 23], [5, 24], [47, 47], [8, 11], [15, 0], [45, 17], [38, 28], [20, 40], [30, 22], [10, 46], [48, 38], [0, 19], [5, 30], [4, 25], [47, 24], [33, 6], [21, 10], [18, 7], [27, 47], [22, 36], [18, 11], [40, 9], [31, 43], [22, 10], [7, 31], [11, 24], [22, 2], [46, 47], [31, 32], [7, 12], [34, 5], [33, 5], [29, 18], [47, 18], [14, 36], [23, 46], [24, 3], [22, 11], [16, 13], [32, 32], [16, 18], [39, 5], [43, 43], [28, 37], [47, 0], [34, 34], [36, 2], [21, 46], [31, 14], [5, 49], [32, 11], [48, 21], [12, 43], [47, 4], [16, 37], [33, 16], [42, 19], [33, 36], [5, 14], [12, 46], [45, 44], [2, 34], [17, 5], [49, 12], [45, 3], [39, 46], [7, 2], [40, 33], [29, 37], [26, 20], [31, 27], [35, 1], [38, 20], [45, 20], [49, 5], [45, 7], [32, 22], [18, 8], [34, 35], [49, 6], [0, 37], [9, 9], [14, 49], [13, 25], [34, 9], [47, 45], [38, 16], [14, 25], [45, 19], [47, 31], [20, 21], [14, 19], [17, 44], [49, 2], [37, 8], [24, 45], [47, 1], [40, 0], [11, 0], [2, 9], [14, 33], [18, 23], [4, 32], [24, 26], [31, 48], [7, 17], [30, 0], [20, 15], [30, 49], [2, 44], [21, 31], [19, 11], [2, 13], [24, 37], [35, 5], [34, 7], [18, 20], [19, 24], [45, 10], [23, 15], [24, 16], [25, 49], [14, 12], [33, 7], [18, 2], [0, 28], [37, 2], [28, 20], [5, 21], [12, 0], [39, 37], [19, 2], [29, 14], [27, 7], [14, 1], [32, 48], [23, 4], [49, 28], [41, 13], [41, 22], [19, 25], [23, 24], [43, 38], [10, 0], [5, 44], [9, 0], [25, 28], [22, 49], [22, 27], [35, 2], [6, 38], [40, 3], [40, 31], [33, 15], [39, 32], [10, 39], [2, 21], [23, 47], [3, 4], [16, 46], [28, 1], [38, 26], [24, 9], [17, 27], [38, 7], [3, 49], [23, 9], [28, 24], [30, 20], [41, 44], [18, 34], [12, 41], [21, 41], [16, 47], [4, 47], [1, 17], [45, 9], [33, 11], [19, 26], [3, 19], [24, 11], [44, 8], [24, 36], [3, 26]], "targets": [[30, 18], [12, 24], [26, 46], [9, 23], [37, 20], [8, 18], [11, 22], [26, 49], [38, 20], [8, 16], [7, 15], [36, 18], [8, 14], [24, 46], [13, 16], [32, 15], [7, 16], [12, 21], [33, 20], [22, 46], [15, 17], [31, 19], [11, 23], [16, 14], [23, 49], [37, 15], [15, 21], [6, 21], [33, 12], [12, 15], [26, 48], [12, 16], [30, 16], [8, 22], [13, 20], [31, 15], [27, 46], [6, 24], [9, 15], [30, 17], [14, 21], [31, 3], [26, 32], [23, 10], [9, 38], [39, 37], [43, 15], [36, 49], [23, 3], [45, 31], [8, 23], [4, 14], [31, 18], [21, 26], [14, 17], [49, 24], [37, 26], [3, 23], [4, 3], [14, 22], [27, 8], [48, 3], [31, 23], [22, 31], [36, 8], [46, 2], [3, 34], [26, 42], [43, 0], [13, 41], [8, 9], [9, 37], [24, 14], [34, 43], [42, 37], [30, 37], [32, 16], [1, 16], [23, 6], [25, 48], [7, 26], [28, 41], [48, 47], [14, 42], [16, 36], [27, 48], [39, 36], [26, 33], [17, 4], [29, 10], [19, 15], [21, 3], [36, 44], [34, 1], [1, 24], [7, 2], [20, 18], [41, 5], [48, 31], [29, 20], [3, 3], [38, 5], [4, 21], [33, 37], [36, 9], [22, 21], [35, 42], [44, 4], [23, 8], [22, 3], [22, 22], [48, 13], [32, 13], [39, 28], [17, 18], [30, 33], [9, 30], [34, 10], [38, 3], [9, 34], [5, 37], [0, 24], [11, 3], [45, 32], [29, 33], [42, 49], [14, 41], [12, 4], [17, 2], [24, 25], [32, 40], [1, 45], [36, 7], [8, 5], [9, 11], [49, 33], [45, 21], [6, 8], [39, 38], [39, 0], [5, 35], [34, 41], [17, 6], [20, 46], [19, 17], [49, 23], [24, 27], [9, 1], [14, 7], [9, 46], [32, 11], [19, 41], [32, 12], [3, 14], [23, 26], [28, 24], [44, 46], [48, 48], [46, 25], [21, 14], [36, 17], [31, 42], [19, 13], [38, 22], [22, 2], [2, 29], [28, 48], [47, 42], [11, 17], [40, 28], [34, 27], [25, 27], [40, 40], [42, 12], [22, 14], [7, 19], [4, 30], [14, 49], [48, 23], [21, 49], [48, 30], [8, 19], [8, 49], [18, 15], [38, 42], [31, 4], [38, 48], [12, 14], [29, 31], [12, 38], [19, 23], [2, 43], [42, 4], [23, 28], [22, 39], [4, 31], [4, 35], [5, 34], [28, 45], [0, 28], [37, 48], [10, 32], [30, 34], [49, 41], [15, 38], [27, 45], [49, 1], [24, 38], [42, 40], [30, 9], [30, 6], [12, 48], [41, 14], [30, 40], [25, 17], [12, 6], [37, 42], [11, 48], [15, 32], [35, 27], [44, 3], [48, 35], [43, 49], [34, 24], [33, 15], [15, 46], [31, 36], [29, 21], [43, 12], [36, 16], [26, 11], [20, 21], [29, 35], [43, 25], [3, 22], [21, 44], [26, 26], [16, 40], [0, 26], [32, 32], [49, 28], [2, 36], [40, 26], [24, 32], [4, 48], [30, 20], [48, 9], [38, 18], [41, 34], [37, 27], [8, 6], [7, 34], [42, 34], [45, 42], [37, 35], [47, 45], [49, 11], [19, 16], [45, 13], [28, 22], [40, 43], [4, 29], [31, 46], [44, 28], [26, 40], [18, 35], [22, 15], [46, 13], [24, 35], [40, 30], [23, 39], [19, 39], [35, 43], [1, 2], [21, 45], [27, 3], [48, 25], [23, 48], [25, 47], [42, 18], [33, 7], [33, 27], [10, 6], [35, 8], [12, 19], [43, 6], [18, 6], [41, 0], [6, 31], [21, 38], [40, 9], [19, 11], [8, 38], [20, 16], [40, 16], [12, 39], [45, 29], [33, 11], [33, 23], [13, 46], [13, 17], [20, 38], [27, 35], [17, 26], [32, 24], [34, 44], [26, 17], [18, 27], [5, 2], [9, 48], [24, 40], [37, 28], [2, 39], [40, 33], [43, 7], [9, 0], [1, 26], [39, 32], [39, 26], [18, 22], [36, 34], [33, 0], [42, 48], [3, 21], [10, 1], [0, 14], [0, 45], [17, 14], [45, 8], [4, 20], [32, 39], [29, 24], [6, 36], [5, 19], [26, 29], [47, 5], [47, 10], [20, 8], [24, 28], [47, 44], [32, 31], [41, 12], [27, 9], [8, 37], [34, 18], [2, 27], [47, 49], [22, 23], [47, 24], [36, 47], [20, 32], [46, 10], [15, 41], [37, 40], [15, 40], [48, 39], [4, 28], [14, 0], [45, 30], [33, 13], [36, 21], [22, 35], [48, 21], [27, 15], [22, 40], [47, 34], [17, 13], [40, 4], [44, 44], [43, 8], [35, 28], [26, 34], [28, 18], [23, 40], [36, 25], [46, 12], [46, 0], [38, 49], [48, 42], [2, 5], [1, 5], [40, 42], [5, 17], [29, 8], [43, 18], [4, 18], [2, 7], [42, 7], [36, 4], [21, 30], [20, 42], [2, 9], [39, 33], [49, 12], [38, 25], [18, 30], [18, 13], [28, 14], [45, 25], [19, 32], [37, 37], [32, 4], [35, 19], [14, 36], [49, 46], [33, 46], [21, 34], [15, 34], [10, 46], [28, 1], [6, 37], [46, 48], [49, 13], [24, 16], [12, 0], [6, 14], [7, 49], [48, 19], [37, 34], [14, 33], [10, 31], [0, 49], [24, 44], [29, 18], [36, 27], [23, 43], [28, 26], [26, 39], [25, 33], [8, 36], [29, 48], [0, 39], [2, 38], [40, 46], [11, 18], [46, 46], [14, 10], [40, 2], [21, 7], [4, 46], [30, 24], [28, 0], [40, 18], [20, 14], [5, 20], [2, 2], [3, 49], [20, 15], [1, 41], [27, 7], [7, 33], [9, 22], [30, 14], [48, 17], [35, 34], [22, 44], [15, 31], [34, 47], [20, 2], [44, 32], [4, 24], [25, 13], [8, 39], [20, 37], [37, 19], [29, 7], [49, 47], [3, 1], [23, 47], [14, 3], [25, 22], [20, 24], [35, 45], [1, 40], [44, 43], [23, 33], [33, 3], [11, 47], [39, 41], [24, 19], [25, 32], [2, 41], [28, 7], [40, 48], [42, 5], [44, 17], [40, 1], [6, 3], [32, 21], [20, 4], [24, 3], [34, 37], [26, 28], [41, 16], [29, 49], [10, 24], [47, 39], [25, 45], [5, 26], [20, 6], [32, 26], [6, 30], [15, 15], [41, 7], [17, 7], [9, 49], [42, 2], [29, 43], [0, 4], [25, 0], [0, 0], [13, 18], [10, 15], [32, 28], [21, 23], [46, 45], [35, 9], [32, 23], [10, 2], [0, 43], [20, 9], [0, 44], [0, 3], [0, 34], [27, 16], [26, 18], [32, 36], [30, 7], [49, 48], [5, 23], [21, 25], [23, 24], [28, 46], [44, 41], [46, 11], [19, 18], [5, 33], [33, 49], [15, 45], [39, 23], [1, 1], [16, 0], [5, 41], [39, 22], [46, 17], [42, 24], [16, 18], [17, 42], [46, 28], [17, 31], [1, 17], [1, 35], [30, 12], [15, 8], [23, 38], [16, 2], [40, 22], [15, 48], [25, 42], [14, 45], [1, 30], [31, 40], [46, 33], [11, 1], [13, 15], [6, 7], [37, 38], [14, 11], [4, 22], [0, 30], [45, 19], [21, 13], [28, 16], [34, 28], [24, 5], [38, 6], [7, 21], [12, 44], [9, 21], [34, 20], [18, 21], [24, 7], [21, 47], [15, 16], [25, 29], [30, 23], [45, 9], [49, 17], [32, 37], [42, 26], [16, 15], [28, 34], [1, 11], [16, 19], [42, 47], [0, 46], [45, 2], [3, 4], [39, 27], [44, 16], [40, 29], [39, 21], [10, 37], [23, 37], [19, 40], [44, 14], [44, 33], [27, 39], [31, 32], [5, 47], [42, 29], [41, 38], [45, 22], [44, 31], [14, 16], [16, 1], [11, 37], [2, 26], [2, 23], [0, 35], [24, 30], [43, 37], [41, 29], [30, 11], [39, 24], [37, 6], [44, 42], [16, 23], [7, 6], [20, 17], [38, 40], [27, 14], [49, 40], [39, 6], [48, 38], [48, 2], [10, 10], [39, 9], [6, 0], [8, 0], [46, 21], [6, 48], [25, 25], [29, 28], [42, 20], [35, 18], [2, 40], [41, 4], [33, 14], [30, 36], [22, 18], [43, 26], [9, 33], [45, 34], [16, 6], [43, 39], [9, 4], [32, 33], [0, 23], [26, 9], [18, 43], [45, 33], [22, 1], [16, 9], [32, 48], [33, 44], [47, 14], [37, 3], [13, 48], [1, 4], [17, 16], [28, 11], [49, 18], [24, 10], [42, 27], [36, 37], [7, 32], [23, 25], [45, 37], [43, 11], [24, 13], [10, 23], [1, 21], [46, 1], [15, 33], [2, 30], [1, 33], [33, 28], [32, 43], [41, 43], [26, 23], [10, 7], [35, 15], [36, 1], [27, 0], [15, 37], [44, 12], [40, 49], [23, 41], [42, 16], [23, 11], [38, 10], [20, 36], [17, 3], [9, 6], [43, 41], [3, 24], [17, 34], [17, 19], [27, 5], [48, 41], [27, 2], [49, 44], [43, 30], [40, 0], [45, 44], [28, 25], [44, 37], [31, 47], [47, 6], [3, 2], [48, 36], [33, 41], [12, 25], [34, 19], [46, 19], [41, 45], [42, 42], [42, 25], [33, 21], [28, 37], [20, 3], [30, 22], [12, 45], [18, 39], [2, 18], [3, 19], [11, 19], [40, 45], [29, 42], [47, 22], [1, 9], [21, 43], [5, 24], [2, 21], [31, 7], [3, 0], [33, 26], [48, 8], [10, 36], [30, 35], [30, 8], [32, 27], [13, 22], [36, 41], [15, 30], [47, 4], [16, 46], [8, 20], [9, 10], [19, 42], [44, 5], [23, 15], [6, 2], [3, 32], [38, 19], [15, 7], [6, 33], [18, 9], [6, 23], [4, 25], [34, 46], [37, 2], [32, 5], [41, 42], [1, 12], [16, 21], [23, 31], [5, 42], [1, 6], [13, 14], [10, 0], [23, 14], [0, 29], [35, 6], [11, 34], [38, 15], [45, 27], [29, 36], [2, 47], [33, 40], [21, 32], [17, 17], [38, 47], [0, 9], [24, 1], [18, 48], [3, 41], [6, 1], [42, 9], [27, 43], [47, 0], [32, 1], [21, 33], [31, 26], [18, 7], [47, 16], [41, 15], [3, 9], [42, 33], [28, 19], [13, 1], [1, 38], [4, 8], [35, 22], [49, 32], [13, 42], [13, 9], [14, 18], [32, 34], [46, 32], [13, 7], [17, 9], [34, 22], [6, 5], [18, 19], [28, 17], [7, 17], [17, 45], [48, 5], [18, 23], [31, 2], [32, 18], [17, 49], [28, 3], [20, 20], [28, 42], [26, 41], [21, 24], [30, 4], [43, 3], [18, 5], [42, 8], [18, 28], [26, 35], [14, 44], [7, 20], [17, 33], [10, 11], [46, 27], [21, 21], [17, 36], [21, 5], [10, 22], [42, 46], [0, 22], [3, 16], [15, 10], [37, 36], [30, 19], [5, 30], [25, 21], [11, 13], [34, 0], [0, 48], [17, 11], [29, 12], [39, 7], [6, 49], [47, 8], [14, 25], [14, 30], [38, 2], [7, 13], [49, 39], [27, 4], [35, 40], [21, 17], [8, 12], [21, 6], [41, 33], [39, 45], [43, 13], [20, 47], [34, 38], [4, 40], [32, 41], [8, 32], [46, 42], [40, 27], [19, 29], [5, 39], [24, 48], [18, 32], [23, 42], [0, 16], [46, 44], [32, 6], [32, 19], [34, 12], [29, 11], [11, 2], [29, 19], [11, 9], [42, 23], [40, 36], [19, 35], [49, 3], [17, 37], [48, 11], [18, 31], [9, 19], [4, 2], [1, 47], [14, 20], [4, 7], [48, 1], [46, 4], [12, 43], [23, 9], [30, 42], [49, 36], [13, 43]]}