{"meta": {"number_of_robots": 480, "description": {"parameters": {"seed": 8551, "shape": [40, 40], "obstacles": {"n": 0, "mean": 0, "std": 0.0}, "clusters": {"n": 3, "mean": 160, "std": 80.0, "relative_radius": 2, "increase_factor": 1.3, "start_dist": {"generator_name": "uniform", "shape": [40, 40], "min": 1.0, "max": 1.0, "mean": 1.0, "std": 0.0, "dtype": "float64", "parameters": {}}, "target_dist": {"generator_name": "uniform", "shape": [40, 40], "min": 1.0, "max": 1.0, "mean": 1.0, "std": 0.0, "dtype": "float64", "parameters": {}}}, "density": 0.3, "start_dist": {"generator_name": "uniform", "shape": [40, 40], "min": 1.0, "max": 1.0, "mean": 1.0, "std": 0.0, "dtype": "float64", "parameters": {}}, "target_dist": {"generator_name": "uniform", "shape": [40, 40], "min": 1.0, "max": 1.0, "mean": 1.0, "std": 0.0, "dtype": "float64", "parameters": {}}}, "stats": {"date": "2020-11-17", "free_area": 1600.0, "number_of_clustered_robots": 438, "number_of_robots": 480}}}, "name": "medium_free_004_40x40_30_480", "obstacles": [], "starts": [[25, 2], [12, 15], [33, 38], [1, 4], [16, 29], [12, 24], [9, 29], [16, 31], [7, 12], [11, 30], [7, 6], [1, 12], [20, 24], [2, 9], [13, 30], [15, 11], [1, 24], [22, 4], [24, 34], [9, 18], [8, 20], [2, 25], [20, 21], [17, 11], [31, 27], [3, 4], [5, 28], [0, 11], [12, 11], [2, 15], [26, 26], [4, 8], [20, 7], [0, 18], [11, 18], [28, 36], [17, 21], [19, 22], [6, 16], [24, 11], [4, 7], [19, 25], [15, 37], [16, 14], [17, 5], [13, 13], [23, 4], [28, 34], [4, 30], [13, 2], [13, 4], [5, 10], [16, 35], [16, 13], [4, 26], [7, 7], [22, 25], [19, 21], [9, 15], [31, 25], [9, 7], [11, 10], [4, 20], [10, 23], [22, 31], [15, 3], [11, 8], [18, 18], [6, 8], [5, 19], [31, 32], [14, 26], [1, 17], [13, 29], [15, 7], [17, 15], [33, 29], [22, 11], [17, 19], [11, 24], [10, 11], [0, 3], [27, 37], [16, 18], [5, 20], [13, 12], [20, 8], [30, 31], [16, 6], [16, 25], [13, 8], [10, 15], [13, 24], [28, 26], [8, 0], [0, 8], [24, 15], [14, 20], [23, 13], [29, 24], [6, 17], [13, 18], [3, 12], [23, 20], [22, 30], [15, 24], [20, 10], [10, 29], [23, 23], [15, 8], [7, 8], [29, 22], [20, 3], [3, 10], [4, 19], [1, 18], [23, 24], [21, 3], [13, 28], [2, 1], [1, 21], [19, 13], [15, 34], [17, 6], [11, 9], [6, 2], [6, 3], [8, 17], [25, 29], [13, 20], [12, 18], [12, 14], [2, 12], [24, 38], [21, 9], [13, 26], [13, 17], [1, 19], [16, 20], [21, 22], [3, 8], [4, 15], [13, 10], [0, 17], [0, 5], [15, 23], [4, 5], [7, 16], [2, 21], [4, 14], [11, 14], [20, 25], [5, 29], [17, 16], [5, 12], [11, 0], [18, 29], [8, 7], [22, 20], [9, 20], [10, 12], [15, 12], [1, 6], [25, 31], [13, 7], [23, 18], [25, 4], [10, 30], [23, 25], [6, 19], [9, 14], [19, 4], [3, 5], [12, 17], [26, 27], [8, 13], [17, 3], [2, 13], [11, 16], [12, 26], [22, 22], [0, 2], [16, 30], [0, 0], [9, 3], [26, 37], [5, 17], [14, 13], [1, 14], [17, 30], [7, 24], [33, 27], [17, 27], [1, 23], [17, 29], [12, 9], [8, 18], [27, 35], [13, 19], [11, 7], [3, 23], [4, 29], [21, 19], [22, 27], [14, 30], [25, 16], [14, 16], [1, 8], [24, 36], [17, 24], [24, 12], [3, 25], [20, 20], [1, 2], [4, 9], [27, 28], [12, 25], [3, 6], [14, 8], [12, 2], [27, 39], [13, 6], [11, 28], [1, 25], [0, 30], [18, 24], [25, 23], [16, 8], [7, 1], [4, 10], [24, 4], [17, 28], [18, 33], [12, 0], [8, 29], [9, 6], [14, 25], [24, 31], [10, 6], [7, 25], [21, 10], [2, 24], [20, 14], [19, 26], [16, 2], [2, 26], [5, 23], [22, 16], [1, 11], [25, 26], [1, 10], [10, 22], [20, 11], [17, 14], [5, 15], [24, 26], [3, 19], [8, 1], [6, 20], [4, 6], [21, 34], [5, 7], [5, 21], [9, 11], [7, 5], [3, 22], [19, 28], [10, 26], [4, 27], [8, 4], [5, 30], [0, 15], [26, 38], [14, 2], [22, 9], [15, 21], [5, 25], [32, 32], [5, 0], [16, 4], [17, 2], [15, 4], [22, 14], [10, 3], [32, 36], [1, 16], [5, 5], [3, 14], [11, 5], [30, 39], [22, 18], [8, 14], [19, 12], [14, 10], [25, 17], [33, 33], [8, 30], [9, 26], [16, 21], [6, 1], [4, 17], [19, 27], [19, 17], [0, 29], [20, 15], [1, 13], [21, 24], [23, 38], [7, 30], [18, 8], [17, 25], [14, 21], [28, 29], [17, 4], [19, 10], [6, 24], [24, 19], [10, 27], [17, 38], [10, 14], [0, 16], [22, 21], [13, 16], [12, 1], [22, 32], [1, 9], [23, 14], [16, 19], [19, 20], [21, 28], [8, 23], [8, 15], [1, 1], [6, 26], [18, 25], [16, 23], [26, 30], [4, 22], [10, 7], [4, 23], [8, 21], [19, 24], [16, 16], [10, 4], [18, 15], [12, 7], [12, 3], [32, 38], [7, 18], [14, 9], [1, 22], [24, 3], [1, 28], [19, 37], [8, 24], [14, 3], [13, 0], [7, 4], [26, 28], [9, 19], [0, 26], [19, 2], [12, 13], [22, 17], [20, 30], [0, 25], [22, 8], [15, 14], [24, 9], [10, 9], [20, 37], [23, 3], [15, 10], [18, 6], [10, 5], [6, 10], [30, 26], [11, 6], [0, 23], [17, 20], [2, 11], [31, 38], [11, 15], [2, 23], [7, 13], [11, 27], [15, 20], [0, 24], [28, 39], [24, 5], [7, 23], [5, 9], [13, 11], [15, 31], [14, 12], [6, 4], [25, 14], [2, 10], [20, 36], [0, 20], [7, 28], [9, 23], [12, 8], [11, 23], [0, 19], [19, 29], [23, 22], [0, 21], [20, 26], [8, 10], [20, 23], [21, 25], [5, 8], [17, 12], [2, 4], [21, 7], [25, 25], [11, 26], [24, 18], [10, 13], [0, 10], [9, 8], [33, 36], [18, 3], [4, 3], [2, 3], [9, 24], [18, 2], [32, 24], [11, 2], [9, 21], [0, 27], [13, 9], [28, 28], [0, 22], [21, 15], [6, 14], [18, 7], [33, 28], [20, 31], [26, 24], [23, 0], [31, 0], [1, 15], [14, 33], [35, 6], [20, 39], [36, 26], [3, 29], [20, 9], [10, 21], [3, 7], [26, 39], [13, 27], [25, 32], [37, 25], [9, 9], [1, 36], [3, 37], [38, 7], [23, 19], [18, 4], [9, 22], [7, 0], [24, 8], [35, 17], [32, 14], [24, 33], [5, 6], [27, 11], [39, 29], [15, 29], [30, 29], [27, 16], [27, 12], [11, 12], [10, 38], [13, 1], [14, 1], [16, 34]], "targets": [[7, 16], [24, 21], [17, 21], [34, 6], [32, 8], [21, 6], [20, 8], [24, 29], [30, 1], [34, 16], [7, 3], [11, 0], [26, 26], [32, 9], [18, 4], [30, 5], [25, 18], [12, 19], [25, 23], [34, 13], [15, 16], [16, 20], [26, 9], [36, 18], [11, 27], [21, 17], [14, 14], [24, 14], [32, 21], [21, 2], [26, 35], [11, 6], [25, 10], [28, 15], [14, 17], [26, 38], [16, 3], [27, 18], [33, 11], [11, 7], [13, 2], [10, 8], [8, 25], [18, 7], [21, 0], [33, 6], [28, 0], [25, 37], [19, 21], [27, 16], [10, 19], [32, 12], [14, 22], [23, 18], [15, 20], [34, 0], [20, 13], [15, 4], [24, 13], [19, 37], [25, 4], [19, 2], [27, 3], [23, 5], [14, 29], [8, 5], [37, 11], [13, 12], [36, 7], [7, 1], [10, 37], [11, 9], [30, 20], [30, 12], [19, 7], [29, 19], [13, 36], [29, 20], [27, 4], [18, 10], [27, 0], [15, 17], [11, 29], [27, 17], [35, 1], [18, 15], [8, 16], [14, 34], [12, 4], [25, 6], [18, 8], [8, 20], [35, 5], [17, 34], [31, 10], [11, 1], [26, 13], [20, 19], [24, 9], [10, 24], [31, 17], [24, 19], [21, 7], [33, 19], [15, 38], [25, 15], [23, 14], [34, 10], [30, 8], [31, 14], [35, 16], [14, 31], [7, 6], [10, 18], [31, 7], [35, 9], [12, 33], [27, 8], [13, 5], [21, 13], [27, 20], [33, 1], [25, 35], [20, 2], [23, 16], [30, 15], [7, 8], [34, 1], [8, 35], [10, 20], [18, 18], [24, 11], [29, 21], [23, 34], [9, 1], [35, 7], [20, 20], [15, 18], [11, 15], [17, 36], [32, 16], [17, 20], [13, 15], [29, 6], [37, 5], [26, 30], [16, 11], [9, 2], [17, 16], [30, 10], [28, 3], [14, 23], [35, 18], [24, 2], [14, 8], [8, 15], [17, 24], [20, 15], [14, 6], [36, 19], [18, 12], [23, 20], [25, 8], [23, 29], [25, 2], [33, 12], [22, 19], [21, 8], [26, 31], [27, 9], [20, 7], [30, 18], [9, 11], [19, 3], [11, 37], [22, 9], [10, 4], [34, 9], [27, 11], [28, 7], [11, 21], [12, 16], [28, 13], [28, 14], [25, 20], [9, 21], [24, 1], [17, 10], [13, 16], [16, 2], [9, 13], [21, 31], [27, 2], [21, 16], [12, 6], [18, 19], [17, 12], [22, 30], [17, 11], [9, 12], [7, 5], [29, 5], [18, 0], [8, 27], [20, 0], [22, 1], [13, 21], [33, 17], [18, 32], [24, 5], [24, 17], [15, 9], [10, 15], [17, 18], [33, 15], [26, 33], [21, 12], [19, 17], [11, 17], [28, 12], [9, 37], [26, 0], [36, 4], [34, 17], [29, 13], [18, 39], [17, 8], [15, 11], [32, 2], [37, 2], [35, 20], [29, 16], [15, 31], [31, 20], [23, 11], [17, 5], [16, 21], [18, 33], [25, 12], [18, 9], [31, 18], [29, 11], [26, 20], [10, 38], [10, 11], [23, 7], [25, 7], [35, 0], [11, 5], [18, 25], [34, 7], [12, 8], [26, 17], [36, 15], [17, 7], [17, 23], [32, 7], [25, 0], [9, 5], [12, 13], [8, 37], [35, 17], [17, 17], [10, 0], [31, 1], [16, 19], [11, 23], [22, 15], [33, 21], [29, 17], [32, 18], [22, 5], [20, 23], [20, 6], [15, 2], [18, 5], [36, 2], [12, 38], [27, 13], [34, 20], [32, 14], [32, 4], [22, 7], [28, 19], [24, 36], [30, 16], [32, 11], [34, 14], [22, 18], [15, 27], [19, 1], [15, 13], [7, 7], [33, 10], [19, 5], [10, 39], [21, 21], [11, 2], [33, 14], [14, 20], [35, 12], [8, 38], [29, 9], [14, 1], [10, 9], [36, 13], [23, 9], [14, 37], [12, 7], [28, 1], [30, 17], [19, 20], [19, 31], [14, 18], [20, 3], [36, 5], [14, 19], [29, 0], [13, 28], [23, 2], [26, 19], [22, 6], [26, 5], [20, 5], [11, 25], [37, 1], [13, 0], [26, 2], [13, 10], [12, 35], [22, 0], [12, 10], [16, 5], [22, 8], [17, 6], [31, 0], [17, 32], [35, 14], [16, 7], [22, 12], [35, 13], [25, 36], [13, 4], [31, 6], [34, 8], [25, 21], [10, 12], [26, 37], [20, 21], [12, 17], [24, 15], [27, 14], [15, 8], [20, 26], [33, 4], [24, 18], [9, 15], [11, 8], [19, 27], [14, 15], [33, 5], [28, 20], [18, 21], [20, 10], [20, 30], [22, 13], [11, 11], [19, 9], [26, 10], [14, 13], [13, 30], [12, 3], [35, 21], [20, 17], [29, 10], [26, 8], [24, 32], [23, 1], [22, 10], [15, 12], [7, 12], [26, 28], [9, 18], [15, 7], [9, 20], [11, 16], [26, 12], [11, 3], [8, 21], [29, 1], [34, 15], [7, 18], [26, 21], [16, 32], [20, 1], [11, 19], [24, 4], [10, 17], [15, 33], [33, 20], [26, 4], [13, 6], [9, 10], [14, 10], [10, 5], [10, 29], [30, 13], [14, 16], [10, 10], [34, 2], [22, 29], [7, 19], [15, 10], [21, 3], [29, 12], [16, 9], [9, 25], [37, 9], [34, 19], [37, 6], [22, 17], [25, 11], [25, 33], [28, 6], [26, 15], [22, 3], [31, 15], [14, 0], [14, 21], [22, 21], [10, 6], [21, 15], [19, 8], [17, 37], [15, 5], [32, 20], [12, 18], [21, 18], [16, 31], [3, 36], [4, 17], [39, 6], [8, 2], [3, 10], [30, 21], [35, 33], [27, 27], [8, 28], [20, 35], [30, 35], [8, 18], [37, 19], [21, 4], [3, 27], [0, 15], [31, 19], [20, 36], [34, 24], [1, 7], [16, 22], [34, 27], [0, 8], [30, 6], [28, 31], [3, 30], [8, 12], [2, 21], [32, 35], [23, 23], [31, 33], [36, 29], [32, 27], [2, 3], [3, 16], [11, 39], [6, 12], [0, 34], [36, 37], [32, 31], [22, 38]]}