{"meta": {"number_of_robots": 584, "description": {"parameters": {"seed": 9389, "shape": [30, 30], "obstacles": {"n": 10, "mean": 5, "std": 2.5}, "clusters": {"n": 20, "mean": 10, "std": 5.0, "relative_radius": 2, "increase_factor": 1.3, "start_dist": {"generator_name": "uniform", "shape": [30, 30], "min": 1.0, "max": 1.0, "mean": 1.0, "std": 0.0, "dtype": "float64", "parameters": {}}, "target_dist": {"generator_name": "uniform", "shape": [30, 30], "min": 1.0, "max": 1.0, "mean": 1.0, "std": 0.0, "dtype": "float64", "parameters": {}}}, "density": 0.9, "start_dist": {"generator_name": "uniform", "shape": [30, 30], "min": 1.0, "max": 1.0, "mean": 1.0, "std": 0.0, "dtype": "float64", "parameters": {}}, "target_dist": {"generator_name": "uniform", "shape": [30, 30], "min": 1.0, "max": 1.0, "mean": 1.0, "std": 0.0, "dtype": "float64", "parameters": {}}}, "stats": {"date": "2020-11-17", "free_area": 648.0, "number_of_clustered_robots": 187, "number_of_robots": 584}}}, "name": "medium_007_30x30_90_584", "obstacles": [[4, 22], [4, 23], [4, 24], [4, 25], [4, 26], [4, 27], [5, 14], [5, 22], [5, 27], [6, 14], [6, 17], [6, 18], [6, 19], [6, 22], [6, 27], [7, 14], [7, 17], [7, 19], [7, 22], [7, 27], [8, 6], [8, 7], [8, 8], [8, 9], [8, 10], [8, 11], [8, 12], [8, 13], [8, 14], [8, 17], [8, 19], [8, 22], [8, 27], [9, 6], [9, 15], [9, 16], [9, 20], [9, 22], [9, 27], [10, 6], [10, 20], [10, 22], [10, 23], [10, 24], [10, 25], [10, 26], [10, 27], [11, 6], [11, 20], [12, 6], [12, 20], [13, 6], [13, 20], [14, 6], [14, 7], [14, 8], [14, 9], [14, 10], [14, 11], [14, 12], [14, 13], [14, 20], [15, 14], [15, 20], [16, 8], [16, 9], [16, 10], [16, 11], [16, 12], [16, 13], [16, 20], [17, 8], [17, 14], [17, 15], [17, 20], [18, 8], [18, 13], [18, 16], [18, 20], [19, 8], [19, 9], [19, 10], [19, 11], [19, 12], [19, 13], [19, 16], [19, 17], [19, 18], [19, 19], [19, 20], [21, 12], [21, 13], [21, 14], [21, 15], [21, 16], [22, 12], [22, 16], [22, 18], [22, 19], [23, 12], [23, 16], [23, 18], [23, 19], [24, 12], [24, 16], [25, 12], [25, 16], [26, 12], [26, 16], [27, 12], [27, 16], [28, 12], [28, 13], [28, 14], [28, 15], [28, 16]], "starts": [[28, 24], [14, 23], [4, 28], [23, 24], [27, 19], [15, 2], [24, 22], [4, 6], [22, 11], [15, 11], [24, 7], [14, 26], [3, 16], [19, 4], [16, 4], [0, 6], [16, 22], [1, 2], [19, 22], [1, 20], [22, 3], [1, 18], [27, 17], [15, 10], [21, 22], [14, 22], [2, 4], [29, 20], [23, 5], [4, 11], [13, 3], [10, 4], [11, 22], [29, 13], [15, 26], [15, 12], [18, 24], [12, 26], [16, 1], [15, 25], [1, 0], [21, 11], [9, 28], [3, 18], [24, 24], [29, 16], [18, 4], [15, 8], [24, 4], [6, 7], [17, 6], [21, 25], [16, 25], [6, 4], [1, 3], [11, 26], [25, 11], [17, 26], [17, 3], [18, 15], [27, 20], [19, 25], [12, 25], [13, 2], [16, 23], [5, 19], [21, 8], [2, 5], [3, 3], [29, 19], [21, 5], [3, 29], [9, 3], [19, 15], [22, 5], [2, 24], [20, 23], [15, 21], [28, 23], [20, 7], [28, 11], [19, 24], [0, 0], [16, 5], [15, 13], [24, 11], [3, 5], [1, 22], [15, 6], [21, 18], [12, 28], [13, 0], [13, 25], [28, 19], [4, 3], [22, 24], [0, 4], [19, 14], [4, 16], [20, 8], [7, 28], [21, 20], [29, 17], [21, 7], [5, 7], [14, 24], [21, 26], [20, 6], [3, 24], [15, 9], [3, 6], [25, 24], [5, 6], [28, 18], [16, 21], [13, 28], [12, 1], [16, 24], [12, 2], [10, 21], [16, 6], [18, 14], [23, 4], [0, 11], [1, 4], [26, 11], [18, 22], [22, 2], [29, 18], [17, 25], [18, 23], [1, 16], [3, 28], [4, 5], [20, 16], [20, 4], [12, 4], [26, 19], [4, 1], [24, 10], [6, 11], [8, 21], [21, 21], [10, 29], [18, 1], [11, 21], [23, 23], [19, 6], [22, 8], [27, 18], [20, 27], [2, 20], [2, 6], [4, 4], [19, 21], [17, 23], [19, 5], [14, 1], [20, 14], [23, 8], [6, 13], [28, 17], [26, 20], [7, 16], [3, 26], [15, 3], [4, 0], [20, 26], [8, 28], [14, 4], [15, 24], [18, 6], [25, 17], [16, 26], [11, 23], [8, 4], [14, 5], [25, 8], [5, 10], [26, 24], [3, 0], [22, 22], [11, 24], [21, 10], [25, 18], [3, 21], [17, 7], [1, 24], [22, 1], [16, 2], [29, 3], [12, 0], [7, 7], [7, 9], [26, 9], [5, 18], [5, 0], [2, 25], [0, 5], [8, 20], [6, 29], [2, 12], [24, 0], [9, 21], [22, 0], [29, 0], [7, 4], [3, 12], [27, 1], [2, 23], [26, 25], [3, 22], [4, 14], [21, 29], [21, 28], [22, 4], [29, 27], [29, 26], [25, 10], [22, 23], [25, 29], [1, 5], [24, 28], [14, 27], [2, 3], [28, 8], [2, 16], [8, 15], [4, 8], [28, 4], [13, 26], [25, 1], [26, 28], [25, 19], [2, 17], [27, 8], [26, 8], [13, 5], [6, 21], [28, 1], [22, 10], [4, 10], [19, 23], [0, 2], [24, 3], [10, 3], [12, 22], [21, 19], [1, 21], [17, 27], [28, 27], [3, 27], [6, 15], [29, 29], [9, 2], [1, 9], [20, 21], [0, 26], [1, 11], [26, 10], [29, 4], [15, 0], [17, 24], [18, 2], [27, 7], [11, 25], [7, 29], [23, 7], [29, 28], [5, 1], [23, 0], [29, 9], [14, 0], [7, 0], [4, 12], [23, 1], [0, 7], [21, 0], [6, 16], [20, 0], [18, 26], [18, 0], [13, 21], [17, 22], [24, 26], [3, 8], [1, 23], [7, 13], [20, 24], [3, 1], [19, 1], [2, 27], [11, 28], [26, 4], [20, 1], [5, 16], [0, 8], [16, 28], [7, 8], [1, 13], [12, 27], [28, 7], [19, 26], [2, 2], [25, 28], [5, 20], [12, 21], [26, 21], [20, 3], [15, 29], [7, 10], [29, 14], [12, 5], [25, 20], [1, 27], [18, 3], [13, 23], [24, 8], [23, 28], [29, 1], [18, 25], [0, 17], [0, 21], [0, 9], [25, 22], [1, 17], [12, 24], [25, 7], [26, 29], [0, 15], [6, 2], [26, 27], [29, 21], [12, 3], [23, 21], [23, 22], [9, 0], [23, 25], [21, 1], [23, 9], [16, 27], [5, 2], [24, 23], [21, 2], [3, 15], [26, 3], [28, 6], [4, 20], [22, 7], [20, 25], [11, 2], [25, 6], [21, 23], [16, 7], [18, 7], [6, 0], [9, 29], [6, 28], [2, 10], [2, 0], [17, 2], [5, 17], [25, 21], [20, 18], [2, 18], [21, 6], [20, 29], [1, 26], [27, 22], [4, 15], [18, 29], [15, 27], [4, 29], [25, 9], [1, 28], [16, 3], [9, 5], [25, 26], [26, 5], [11, 4], [14, 25], [4, 18], [9, 1], [0, 14], [26, 1], [8, 1], [0, 25], [0, 10], [29, 25], [4, 7], [22, 29], [26, 2], [11, 29], [25, 0], [19, 3], [7, 6], [2, 8], [27, 27], [17, 21], [29, 7], [19, 2], [24, 20], [27, 4], [24, 25], [0, 19], [1, 6], [1, 1], [15, 4], [5, 8], [10, 2], [5, 29], [25, 27], [22, 21], [21, 24], [9, 4], [28, 21], [1, 7], [7, 2], [18, 21], [14, 3], [12, 29], [8, 5], [11, 27], [2, 22], [22, 27], [20, 20], [25, 3], [24, 19], [29, 24], [5, 5], [24, 5], [20, 28], [15, 22], [17, 1], [1, 12], [6, 3], [6, 9], [14, 21], [14, 28], [19, 28], [1, 19], [17, 4], [24, 1], [23, 2], [3, 23], [21, 4], [5, 9], [7, 12], [22, 25], [1, 15], [11, 0], [20, 10], [27, 21], [4, 21], [21, 3], [19, 29], [23, 17], [24, 29], [20, 19], [18, 28], [4, 13], [18, 27], [13, 29], [5, 21], [27, 0], [24, 18], [4, 2], [29, 8], [6, 1], [6, 6], [11, 1], [26, 23], [13, 1], [3, 25], [24, 27], [6, 8], [1, 10], [28, 3], [23, 20], [26, 17], [22, 20], [7, 3], [7, 5], [15, 1], [7, 11], [27, 6], [27, 28], [2, 29], [2, 1], [23, 27], [26, 18], [25, 4], [5, 13], [24, 17], [4, 19], [19, 0], [2, 9], [3, 17], [27, 3], [23, 10], [29, 2], [3, 13], [28, 29], [2, 14], [20, 13], [11, 3], [11, 5], [13, 27], [8, 29], [3, 10], [28, 26], [23, 3], [3, 2], [28, 22], [3, 20], [8, 2], [27, 24], [5, 12], [2, 26], [7, 1], [0, 3], [8, 3], [3, 7], [28, 5], [23, 6], [28, 25], [6, 20], [10, 28], [29, 22], [6, 5], [29, 10], [0, 16], [21, 9], [5, 15], [20, 22], [13, 24], [6, 12], [0, 13], [15, 7], [2, 15], [27, 29], [2, 21], [7, 15], [19, 27], [26, 7], [0, 27], [25, 23], [29, 5], [23, 26], [28, 28], [28, 0], [15, 28], [22, 28], [7, 20], [24, 2], [8, 16], [1, 14], [0, 28], [13, 22], [10, 0], [17, 5], [24, 21], [3, 19], [24, 9], [25, 2], [20, 15], [8, 0], [24, 6], [16, 0], [27, 9], [14, 2], [6, 10], [23, 29], [2, 28], [3, 4], [3, 11], [26, 22], [17, 28], [20, 11], [26, 0], [27, 5], [5, 3], [5, 4], [17, 0]], "targets": [[4, 9], [21, 19], [4, 21], [11, 5], [5, 4], [6, 11], [14, 24], [11, 29], [1, 26], [4, 3], [1, 6], [14, 26], [22, 26], [7, 4], [26, 6], [20, 21], [22, 4], [29, 28], [22, 10], [2, 9], [0, 24], [26, 27], [5, 0], [2, 4], [14, 3], [25, 4], [27, 26], [0, 9], [11, 2], [18, 27], [2, 27], [15, 29], [26, 20], [6, 2], [18, 5], [2, 8], [13, 1], [11, 26], [29, 5], [21, 7], [24, 29], [3, 25], [10, 21], [20, 25], [1, 4], [3, 6], [8, 16], [3, 4], [11, 3], [21, 24], [0, 29], [7, 6], [27, 10], [13, 23], [22, 27], [22, 23], [6, 1], [22, 9], [2, 23], [2, 6], [0, 4], [15, 4], [11, 27], [27, 7], [22, 8], [19, 24], [5, 9], [21, 22], [29, 26], [1, 5], [7, 29], [4, 17], [16, 23], [4, 2], [1, 8], [29, 29], [12, 2], [22, 5], [1, 11], [1, 23], [0, 5], [20, 4], [25, 28], [5, 16], [0, 3], [8, 5], [15, 22], [21, 21], [3, 26], [13, 5], [14, 29], [27, 4], [26, 5], [4, 5], [15, 23], [4, 7], [28, 29], [3, 3], [28, 21], [8, 28], [7, 20], [15, 7], [3, 1], [5, 3], [14, 25], [23, 5], [21, 9], [9, 28], [24, 23], [3, 9], [22, 25], [3, 11], [11, 23], [2, 2], [15, 9], [15, 26], [26, 4], [21, 10], [3, 28], [19, 23], [2, 16], [3, 5], [7, 9], [22, 24], [29, 25], [1, 2], [19, 5], [0, 26], [4, 10], [7, 8], [28, 8], [26, 26], [4, 18], [12, 28], [1, 3], [1, 7], [3, 27], [0, 0], [28, 26], [10, 3], [20, 29], [25, 20], [11, 4], [16, 28], [27, 3], [24, 9], [0, 7], [1, 10], [7, 28], [4, 4], [18, 4], [26, 25], [27, 25], [13, 28], [15, 5], [20, 10], [0, 28], [5, 13], [0, 10], [5, 7], [16, 27], [6, 0], [2, 11], [24, 27], [4, 20], [5, 28], [26, 28], [7, 7], [12, 27], [28, 7], [23, 11], [3, 10], [3, 0], [17, 5], [26, 21], [13, 24], [3, 29], [10, 4], [20, 27], [4, 11], [25, 29], [14, 5], [20, 9], [0, 2], [6, 6], [23, 28], [1, 24], [21, 3], [11, 0], [6, 15], [17, 24], [7, 10], [21, 17], [8, 1], [26, 29], [21, 2], [8, 3], [24, 8], [26, 24], [15, 10], [7, 16], [23, 21], [4, 8], [29, 24], [21, 29], [3, 13], [16, 29], [21, 28], [16, 24], [22, 22], [14, 4], [2, 12], [26, 7], [28, 9], [27, 29], [24, 17], [24, 3], [20, 15], [29, 8], [5, 17], [6, 8], [3, 14], [20, 8], [17, 6], [20, 28], [20, 17], [17, 22], [25, 18], [16, 21], [1, 18], [29, 0], [1, 20], [6, 20], [13, 4], [25, 3], [27, 1], [12, 22], [0, 27], [9, 1], [26, 10], [6, 10], [25, 23], [11, 25], [4, 0], [17, 25], [20, 2], [20, 13], [17, 3], [26, 11], [4, 15], [16, 1], [0, 23], [6, 12], [22, 6], [10, 0], [25, 17], [19, 28], [12, 5], [6, 29], [0, 18], [28, 25], [12, 21], [2, 3], [1, 12], [29, 22], [24, 1], [20, 6], [5, 6], [18, 3], [1, 1], [24, 21], [10, 29], [18, 2], [26, 2], [18, 28], [26, 3], [28, 4], [1, 21], [17, 0], [5, 2], [3, 19], [4, 6], [29, 14], [2, 7], [1, 29], [29, 4], [25, 27], [6, 13], [21, 1], [0, 12], [22, 20], [6, 5], [6, 3], [27, 18], [28, 22], [9, 0], [24, 19], [0, 11], [29, 7], [29, 6], [15, 21], [9, 5], [2, 5], [15, 3], [23, 27], [26, 22], [23, 23], [22, 2], [23, 8], [28, 17], [2, 21], [0, 16], [24, 7], [3, 8], [5, 1], [18, 1], [1, 15], [2, 0], [2, 22], [13, 3], [14, 2], [23, 7], [28, 0], [21, 6], [29, 2], [19, 4], [28, 2], [28, 20], [21, 23], [24, 0], [19, 6], [10, 5], [25, 8], [0, 1], [23, 26], [29, 18], [13, 2], [23, 4], [3, 17], [24, 28], [24, 4], [28, 11], [2, 29], [0, 6], [4, 28], [17, 7], [27, 5], [28, 28], [5, 21], [23, 1], [5, 29], [22, 1], [5, 18], [0, 14], [20, 3], [10, 2], [23, 25], [25, 21], [25, 19], [19, 2], [3, 2], [25, 6], [1, 14], [15, 27], [23, 29], [15, 25], [13, 25], [1, 22], [29, 19], [23, 9], [13, 0], [13, 22], [11, 28], [27, 8], [11, 1], [1, 28], [22, 0], [6, 4], [25, 1], [18, 24], [25, 0], [25, 9], [29, 21], [24, 24], [12, 0], [16, 26], [24, 18], [17, 29], [6, 21], [28, 1], [29, 9], [16, 3], [18, 15], [16, 25], [21, 11], [2, 24], [4, 12], [6, 7], [5, 19], [20, 7], [19, 21], [3, 24], [5, 20], [26, 17], [3, 12], [16, 0], [23, 3], [14, 22], [24, 10], [28, 3], [5, 5], [5, 8], [7, 2], [1, 17], [20, 1], [16, 2], [12, 29], [28, 24], [5, 12], [15, 2], [0, 8], [27, 20], [29, 27], [14, 21], [12, 26], [28, 18], [17, 27], [23, 24], [29, 13], [22, 17], [17, 26], [0, 22], [1, 19], [19, 1], [29, 12], [12, 4], [27, 28], [26, 0], [24, 20], [7, 12], [25, 22], [19, 25], [19, 27], [15, 28], [16, 6], [15, 8], [8, 29], [21, 5], [18, 6], [18, 7], [21, 4], [7, 11], [8, 4], [18, 22], [28, 10], [27, 11], [7, 5], [0, 17], [18, 0], [20, 22], [4, 1], [29, 11], [17, 28], [12, 23], [15, 12], [21, 20], [2, 20], [0, 20], [1, 25], [7, 1], [25, 7], [24, 5], [27, 22], [9, 4], [16, 4], [17, 4], [28, 6], [14, 0], [24, 2], [6, 9], [25, 5], [2, 15], [1, 0], [14, 28], [29, 23], [4, 19], [9, 21], [2, 19], [22, 29], [26, 1], [28, 27], [7, 21], [27, 0], [21, 0], [28, 19], [27, 2], [15, 24], [22, 3], [6, 16], [17, 1], [26, 23], [19, 22], [11, 21], [5, 10], [24, 25], [23, 20], [27, 6], [5, 15], [0, 19], [20, 24], [26, 18], [21, 25], [18, 21], [26, 8], [13, 29], [29, 10], [3, 20], [20, 11], [4, 16], [4, 13], [29, 20], [23, 6], [16, 7], [14, 1], [3, 22], [25, 10], [29, 16], [20, 20], [2, 28], [20, 0], [29, 3], [28, 23], [19, 15], [25, 25], [12, 3], [7, 3], [11, 24], [27, 21], [3, 16], [3, 21], [3, 15], [3, 7], [19, 0], [19, 7], [15, 1], [25, 2], [24, 11], [4, 14], [18, 23], [27, 9], [20, 5], [21, 18], [29, 15], [9, 3], [23, 10], [7, 15], [21, 8], [20, 26], [21, 27], [27, 27], [0, 25], [18, 14], [3, 18], [23, 22], [20, 18], [1, 13], [6, 28], [1, 9], [27, 24], [20, 19], [2, 10], [18, 29], [12, 25], [2, 26], [12, 1], [9, 29], [0, 21], [2, 14], [20, 12], [27, 17], [2, 1], [22, 28], [19, 29], [13, 26]]}