{"meta": {"number_of_robots": 40, "description": {"parameters": {"seed": 5871, "shape": [10, 10], "obstacles": {"n": 0, "mean": 3, "std": 1.5}, "clusters": {"n": 5, "mean": 10, "std": 5.0, "relative_radius": 2, "increase_factor": 1.3, "start_dist": {"generator_name": "uniform", "shape": [10, 10], "min": 1.0, "max": 1.0, "mean": 1.0, "std": 0.0, "dtype": "float64", "parameters": {}}, "target_dist": {"generator_name": "uniform", "shape": [10, 10], "min": 1.0, "max": 1.0, "mean": 1.0, "std": 0.0, "dtype": "float64", "parameters": {}}}, "density": 0.4, "start_dist": {"generator_name": "uniform", "shape": [10, 10], "min": 1.0, "max": 1.0, "mean": 1.0, "std": 0.0, "dtype": "float64", "parameters": {}}, "target_dist": {"generator_name": "uniform", "shape": [10, 10], "min": 1.0, "max": 1.0, "mean": 1.0, "std": 0.0, "dtype": "float64", "parameters": {}}}, "stats": {"date": "2020-11-17", "free_area": 100.0, "number_of_clustered_robots": 40, "number_of_robots": 40}}}, "name": "small_free_001_10x10_40_40", "obstacles": [], "starts": [[3, 8], [8, 9], [4, 8], [7, 2], [5, 5], [2, 6], [7, 9], [1, 8], [1, 6], [2, 5], [3, 2], [5, 6], [0, 8], [9, 2], [0, 9], [8, 1], [6, 8], [0, 7], [7, 1], [3, 7], [0, 6], [5, 1], [6, 5], [1, 7], [2, 3], [5, 8], [0, 5], [3, 6], [9, 5], [8, 4], [1, 4], [6, 6], [4, 7], [7, 0], [7, 5], [8, 6], [1, 2], [1, 5], [3, 9], [7, 4]], "targets": [[6, 5], [6, 7], [7, 7], [5, 6], [2, 6], [4, 9], [3, 9], [9, 9], [1, 8], [7, 1], [6, 9], [8, 9], [5, 7], [4, 5], [8, 4], [5, 5], [6, 4], [4, 4], [3, 6], [2, 5], [9, 5], [6, 6], [3, 7], [8, 2], [6, 8], [8, 6], [8, 3], [7, 2], [2, 7], [4, 7], [0, 5], [9, 3], [5, 1], [2, 8], [5, 4], [7, 6], [1, 7], [7, 3], [4, 1], [2, 4]]}