{"meta": {"number_of_robots": 175, "description": {"parameters": {"seed": 3183, "shape": [20, 20], "obstacles": {"n": 5, "mean": 3, "std": 1.5}, "clusters": {"n": 20, "mean": 10, "std": 5.0, "relative_radius": 2, "increase_factor": 1.3, "start_dist": {"generator_name": "uniform", "shape": [20, 20], "min": 1.0, "max": 1.0, "mean": 1.0, "std": 0.0, "dtype": "float64", "parameters": {}}, "target_dist": {"generator_name": "uniform", "shape": [20, 20], "min": 1.0, "max": 1.0, "mean": 1.0, "std": 0.0, "dtype": "float64", "parameters": {}}}, "density": 0.5, "start_dist": {"generator_name": "uniform", "shape": [20, 20], "min": 1.0, "max": 1.0, "mean": 1.0, "std": 0.0, "dtype": "float64", "parameters": {}}, "target_dist": {"generator_name": "uniform", "shape": [20, 20], "min": 1.0, "max": 1.0, "mean": 1.0, "std": 0.0, "dtype": "float64", "parameters": {}}}, "stats": {"date": "2020-11-18", "free_area": 350.0, "number_of_clustered_robots": 165, "number_of_robots": 175}}}, "name": "small_010_20x20_50_175", "obstacles": [[1, 8], [1, 9], [1, 10], [2, 8], [2, 10], [3, 8], [3, 10], [4, 8], [4, 9], [4, 10], [4, 11], [4, 12], [5, 11], [5, 12], [6, 11], [6, 12], [7, 11], [7, 12], [8, 2], [11, 16], [11, 17], [11, 18], [12, 2], [12, 3], [12, 4], [12, 5], [12, 16], [12, 18], [13, 2], [13, 5], [13, 16], [13, 17], [13, 18], [14, 2], [14, 5], [15, 2], [15, 5], [16, 2], [16, 3], [16, 4], [16, 5]], "starts": [[0, 7], [14, 10], [10, 8], [3, 7], [17, 18], [9, 10], [7, 10], [3, 1], [2, 4], [6, 9], [3, 13], [0, 3], [13, 8], [7, 16], [9, 16], [13, 12], [3, 14], [9, 2], [8, 8], [8, 14], [0, 1], [3, 6], [4, 3], [16, 12], [0, 5], [10, 10], [5, 9], [12, 8], [2, 15], [5, 1], [4, 7], [10, 19], [1, 2], [4, 5], [17, 16], [0, 0], [6, 8], [16, 10], [15, 17], [8, 7], [1, 3], [0, 11], [2, 2], [14, 8], [5, 19], [0, 19], [4, 4], [0, 8], [7, 19], [15, 14], [8, 4], [8, 12], [18, 10], [0, 10], [6, 3], [3, 2], [1, 5], [2, 3], [16, 9], [3, 17], [15, 16], [1, 6], [1, 4], [0, 2], [16, 6], [3, 4], [16, 16], [9, 11], [11, 14], [0, 12], [5, 4], [5, 3], [13, 13], [5, 6], [2, 6], [17, 8], [8, 19], [1, 15], [8, 3], [12, 10], [0, 4], [6, 2], [10, 17], [5, 10], [19, 16], [8, 1], [4, 2], [5, 5], [5, 2], [12, 9], [17, 2], [12, 19], [6, 13], [8, 6], [0, 14], [1, 18], [4, 6], [7, 3], [3, 3], [18, 17], [5, 7], [6, 5], [0, 6], [11, 19], [3, 11], [17, 5], [6, 10], [1, 7], [16, 8], [5, 16], [0, 17], [17, 13], [6, 7], [2, 11], [0, 9], [2, 5], [2, 1], [16, 7], [6, 4], [17, 17], [7, 6], [12, 14], [3, 5], [18, 14], [7, 8], [13, 7], [1, 19], [8, 5], [5, 8], [4, 1], [6, 6], [18, 9], [4, 13], [7, 9], [13, 19], [4, 0], [2, 7], [8, 16], [1, 11], [1, 1], [10, 2], [3, 15], [0, 18], [8, 9], [8, 10], [17, 10], [15, 19], [9, 9], [6, 1], [16, 13], [7, 2], [6, 0], [8, 11], [7, 4], [8, 15], [8, 13], [10, 4], [3, 16], [7, 13], [11, 7], [16, 15], [7, 5], [2, 0], [3, 12], [2, 12], [14, 19], [7, 17], [19, 5], [17, 19], [3, 18], [11, 11], [4, 18], [5, 14], [9, 1], [0, 13]], "targets": [[18, 7], [7, 6], [18, 2], [5, 19], [19, 10], [0, 5], [10, 18], [16, 16], [10, 0], [14, 19], [7, 17], [19, 15], [0, 16], [10, 8], [3, 7], [15, 16], [6, 16], [8, 8], [2, 3], [2, 16], [11, 4], [18, 14], [18, 8], [16, 14], [1, 1], [16, 1], [14, 18], [2, 7], [6, 18], [5, 3], [7, 15], [5, 10], [14, 13], [19, 5], [16, 15], [2, 2], [11, 3], [19, 2], [18, 13], [15, 17], [19, 12], [16, 19], [19, 3], [9, 5], [3, 6], [4, 17], [7, 2], [1, 18], [1, 15], [15, 18], [3, 4], [10, 16], [18, 4], [11, 15], [9, 0], [14, 7], [14, 17], [15, 15], [6, 5], [9, 11], [17, 16], [4, 3], [11, 1], [19, 4], [17, 5], [3, 18], [19, 16], [11, 14], [4, 16], [10, 15], [13, 15], [6, 2], [18, 16], [0, 0], [17, 10], [1, 11], [7, 7], [7, 16], [18, 12], [17, 4], [9, 1], [5, 16], [4, 15], [14, 16], [14, 11], [3, 3], [17, 7], [16, 18], [4, 1], [4, 4], [16, 0], [16, 12], [2, 6], [15, 14], [9, 18], [10, 14], [6, 3], [19, 18], [17, 8], [17, 17], [3, 2], [18, 15], [3, 14], [2, 14], [2, 1], [18, 3], [17, 18], [15, 9], [8, 9], [9, 10], [12, 15], [15, 11], [1, 2], [11, 6], [17, 15], [9, 17], [19, 7], [17, 3], [4, 14], [18, 11], [13, 13], [3, 15], [3, 1], [18, 19], [1, 3], [1, 6], [8, 11], [17, 19], [14, 15], [14, 8], [7, 1], [17, 2], [11, 19], [12, 14], [17, 11], [3, 0], [3, 16], [1, 12], [9, 3], [19, 8], [3, 11], [5, 8], [6, 14], [15, 19], [19, 14], [19, 0], [17, 13], [15, 13], [7, 5], [19, 11], [0, 3], [18, 9], [19, 13], [3, 19], [0, 13], [9, 4], [2, 5], [8, 17], [19, 19], [19, 1], [19, 17], [2, 4], [14, 9], [10, 12], [10, 6], [11, 8], [10, 4], [17, 1], [11, 7], [1, 4], [0, 15], [16, 6], [9, 8], [5, 0], [10, 17]]}