{"meta": {"number_of_robots": 240, "description": {"parameters": {"seed": 2312, "shape": [20, 20], "obstacles": {"n": 0, "mean": 3, "std": 1.5}, "clusters": {"n": 20, "mean": 10, "std": 5.0, "relative_radius": 2, "increase_factor": 1.3, "start_dist": {"generator_name": "uniform", "shape": [20, 20], "min": 1.0, "max": 1.0, "mean": 1.0, "std": 0.0, "dtype": "float64", "parameters": {}}, "target_dist": {"generator_name": "uniform", "shape": [20, 20], "min": 1.0, "max": 1.0, "mean": 1.0, "std": 0.0, "dtype": "float64", "parameters": {}}}, "density": 0.6, "start_dist": {"generator_name": "uniform", "shape": [20, 20], "min": 1.0, "max": 1.0, "mean": 1.0, "std": 0.0, "dtype": "float64", "parameters": {}}, "target_dist": {"generator_name": "uniform", "shape": [20, 20], "min": 1.0, "max": 1.0, "mean": 1.0, "std": 0.0, "dtype": "float64", "parameters": {}}}, "stats": {"date": "2020-11-17", "free_area": 400.0, "number_of_clustered_robots": 223, "number_of_robots": 240}}}, "name": "small_free_012_20x20_60_240", "obstacles": [], "starts": [[3, 18], [13, 1], [3, 6], [13, 0], [4, 2], [8, 0], [19, 3], [3, 14], [18, 5], [0, 6], [9, 3], [5, 19], [1, 5], [0, 19], [14, 8], [4, 7], [7, 17], [12, 17], [3, 17], [16, 10], [2, 19], [17, 12], [11, 1], [15, 8], [18, 4], [1, 16], [1, 3], [11, 0], [2, 17], [16, 4], [15, 6], [17, 17], [6, 17], [2, 5], [9, 17], [13, 15], [2, 16], [9, 0], [14, 9], [16, 9], [2, 3], [1, 14], [13, 16], [3, 15], [4, 8], [6, 4], [9, 16], [15, 10], [10, 7], [13, 9], [13, 7], [19, 11], [18, 10], [0, 14], [18, 1], [0, 7], [9, 19], [12, 18], [3, 16], [0, 13], [9, 5], [17, 9], [6, 15], [5, 2], [13, 4], [4, 0], [7, 18], [1, 7], [15, 11], [0, 2], [16, 11], [15, 5], [19, 13], [9, 2], [15, 7], [0, 16], [1, 8], [12, 16], [11, 16], [0, 18], [18, 8], [2, 8], [5, 5], [7, 3], [4, 15], [17, 8], [4, 19], [3, 19], [17, 18], [19, 2], [13, 5], [11, 4], [15, 13], [14, 11], [5, 7], [0, 15], [1, 19], [18, 3], [2, 9], [10, 15], [6, 18], [16, 0], [18, 0], [1, 10], [5, 3], [2, 18], [18, 7], [13, 8], [0, 17], [6, 19], [15, 14], [15, 2], [15, 18], [1, 18], [12, 2], [17, 3], [6, 14], [3, 4], [15, 9], [2, 10], [5, 4], [2, 15], [4, 4], [19, 8], [3, 1], [7, 19], [11, 17], [19, 6], [19, 0], [1, 15], [10, 2], [16, 16], [5, 14], [12, 10], [4, 16], [16, 3], [6, 9], [12, 4], [4, 17], [16, 7], [9, 1], [19, 5], [4, 18], [17, 0], [3, 5], [12, 15], [12, 19], [3, 13], [14, 4], [2, 7], [14, 0], [19, 10], [18, 2], [17, 6], [7, 16], [11, 18], [6, 7], [4, 6], [12, 0], [9, 18], [13, 12], [1, 17], [13, 11], [4, 14], [5, 15], [5, 8], [15, 17], [6, 16], [9, 4], [13, 2], [11, 5], [17, 15], [5, 16], [3, 9], [13, 6], [6, 1], [8, 19], [4, 3], [14, 6], [2, 6], [11, 11], [17, 4], [15, 0], [2, 14], [4, 13], [7, 15], [16, 2], [5, 9], [12, 13], [8, 14], [18, 11], [7, 2], [19, 15], [11, 2], [14, 2], [4, 9], [5, 0], [5, 17], [18, 9], [1, 13], [7, 14], [16, 12], [15, 3], [0, 1], [12, 3], [14, 5], [2, 13], [5, 18], [4, 5], [11, 15], [13, 19], [7, 0], [16, 14], [0, 9], [10, 3], [8, 15], [16, 6], [0, 11], [17, 5], [14, 7], [16, 1], [0, 12], [14, 12], [10, 17], [16, 15], [10, 8], [3, 8], [6, 6], [7, 12], [14, 15], [3, 12], [14, 18], [19, 17], [15, 19], [8, 1], [6, 8], [6, 11], [19, 18], [10, 5], [19, 16]], "targets": [[12, 14], [10, 6], [5, 17], [19, 8], [18, 15], [18, 9], [19, 2], [11, 0], [7, 13], [3, 5], [3, 3], [2, 13], [17, 12], [15, 3], [9, 11], [4, 0], [11, 16], [13, 16], [8, 14], [5, 15], [12, 12], [4, 9], [13, 5], [16, 9], [1, 16], [5, 8], [7, 19], [3, 1], [4, 13], [7, 7], [14, 10], [6, 17], [16, 11], [5, 5], [3, 10], [14, 14], [9, 16], [18, 6], [19, 5], [3, 19], [4, 2], [13, 19], [8, 7], [6, 4], [1, 19], [7, 6], [5, 12], [13, 4], [17, 8], [18, 5], [13, 8], [11, 18], [5, 18], [9, 10], [19, 1], [1, 11], [9, 15], [11, 17], [7, 15], [8, 6], [17, 7], [15, 5], [7, 10], [2, 17], [1, 17], [5, 7], [6, 12], [19, 12], [9, 4], [3, 0], [8, 12], [16, 4], [6, 14], [14, 3], [15, 7], [15, 11], [3, 6], [8, 9], [12, 15], [8, 3], [2, 16], [4, 16], [17, 15], [8, 0], [6, 6], [6, 3], [8, 15], [16, 15], [5, 14], [16, 7], [18, 7], [13, 11], [12, 18], [8, 18], [0, 2], [9, 7], [13, 14], [17, 1], [4, 3], [6, 15], [13, 17], [17, 5], [14, 13], [1, 18], [5, 4], [4, 10], [9, 6], [6, 19], [10, 18], [9, 14], [6, 13], [15, 12], [9, 19], [10, 3], [18, 0], [15, 8], [13, 12], [7, 16], [2, 19], [2, 7], [5, 1], [9, 12], [16, 14], [11, 5], [2, 2], [11, 11], [11, 15], [12, 3], [17, 10], [5, 2], [17, 9], [7, 14], [11, 12], [10, 17], [13, 13], [5, 16], [8, 19], [4, 7], [2, 6], [8, 5], [17, 3], [18, 8], [10, 16], [16, 0], [0, 3], [12, 9], [15, 19], [7, 3], [1, 14], [1, 2], [19, 4], [9, 17], [18, 4], [15, 14], [10, 15], [11, 9], [4, 15], [18, 16], [7, 2], [7, 11], [8, 8], [9, 18], [4, 18], [13, 6], [10, 10], [4, 6], [2, 9], [15, 18], [10, 2], [16, 12], [14, 8], [5, 19], [12, 11], [4, 17], [8, 16], [2, 5], [10, 5], [19, 13], [11, 4], [4, 1], [7, 17], [9, 5], [19, 7], [10, 7], [8, 13], [17, 19], [15, 4], [1, 3], [11, 8], [13, 15], [8, 17], [16, 5], [6, 16], [12, 7], [18, 14], [0, 17], [4, 4], [9, 9], [6, 7], [13, 0], [11, 10], [11, 14], [3, 16], [1, 1], [13, 3], [14, 9], [10, 12], [17, 14], [4, 8], [4, 11], [16, 19], [15, 10], [7, 18], [3, 17], [3, 7], [5, 6], [14, 11], [5, 3], [2, 15], [16, 8], [14, 6], [16, 18], [10, 14], [15, 6], [6, 0], [10, 19], [3, 11], [3, 4], [12, 0], [2, 0], [1, 13], [11, 6], [0, 6], [0, 5], [18, 2], [12, 6], [19, 18], [19, 14], [0, 9], [16, 6]]}