{"meta": {"number_of_robots": 63, "description": {"parameters": {"seed": 892, "shape": [10, 10], "obstacles": {"n": 5, "mean": 3, "std": 1.5}, "clusters": {"n": 0, "mean": 10, "std": 5.0, "relative_radius": 2, "increase_factor": 1.3, "start_dist": {"generator_name": "uniform", "shape": [10, 10], "min": 1.0, "max": 1.0, "mean": 1.0, "std": 0.0, "dtype": "float64", "parameters": {}}, "target_dist": {"generator_name": "uniform", "shape": [10, 10], "min": 1.0, "max": 1.0, "mean": 1.0, "std": 0.0, "dtype": "float64", "parameters": {}}}, "density": 0.9, "start_dist": {"generator_name": "uniform", "shape": [10, 10], "min": 1.0, "max": 1.0, "mean": 1.0, "std": 0.0, "dtype": "float64", "parameters": {}}, "target_dist": {"generator_name": "uniform", "shape": [10, 10], "min": 1.0, "max": 1.0, "mean": 1.0, "std": 0.0, "dtype": "float64", "parameters": {}}}, "stats": {"date": "2020-11-18", "free_area": 70.0, "number_of_clustered_robots": 0, "number_of_robots": 63}}}, "name": "small_005_10x10_90_63", "obstacles": [[1, 3], [1, 4], [1, 5], [1, 6], [1, 7], [2, 3], [2, 7], [3, 3], [3, 8], [4, 3], [4, 8], [5, 1], [5, 2], [5, 3], [5, 4], [5, 5], [5, 6], [5, 7], [5, 8]], "starts": [[3, 0], [9, 4], [9, 2], [6, 7], [9, 0], [2, 1], [0, 0], [6, 6], [6, 8], [0, 5], [1, 9], [2, 8], [7, 5], [7, 1], [7, 6], [1, 1], [9, 8], [1, 0], [0, 1], [0, 6], [9, 1], [0, 7], [7, 8], [4, 0], [4, 1], [9, 6], [9, 9], [6, 2], [8, 4], [1, 2], [6, 3], [0, 8], [3, 2], [1, 8], [4, 9], [2, 9], [6, 5], [7, 2], [0, 2], [8, 2], [5, 9], [8, 6], [6, 1], [8, 0], [8, 9], [7, 4], [8, 3], [6, 4], [7, 9], [8, 5], [9, 7], [7, 7], [7, 3], [0, 4], [2, 0], [9, 5], [6, 0], [8, 7], [0, 3], [6, 9], [3, 1], [9, 3], [2, 2]], "targets": [[2, 1], [7, 3], [1, 9], [0, 7], [8, 2], [7, 6], [7, 7], [8, 8], [6, 8], [9, 5], [8, 5], [4, 0], [0, 4], [0, 0], [6, 5], [7, 9], [9, 2], [7, 0], [7, 8], [7, 1], [7, 2], [6, 2], [0, 2], [9, 4], [0, 6], [6, 9], [6, 3], [1, 0], [8, 7], [6, 6], [0, 8], [5, 9], [0, 3], [4, 1], [6, 4], [8, 1], [8, 9], [2, 9], [9, 7], [7, 5], [8, 0], [0, 9], [8, 4], [3, 1], [6, 0], [9, 1], [1, 1], [3, 2], [8, 6], [1, 2], [2, 0], [9, 0], [4, 2], [6, 1], [5, 0], [8, 3], [9, 6], [1, 8], [3, 9], [9, 8], [7, 4], [0, 1], [6, 7]]}