{"meta": {"number_of_robots": 70, "description": {"parameters": {"seed": 6733, "shape": [10, 10], "obstacles": {"n": 0, "mean": 3, "std": 1.5}, "clusters": {"n": 5, "mean": 10, "std": 5.0, "relative_radius": 2, "increase_factor": 1.3, "start_dist": {"generator_name": "uniform", "shape": [10, 10], "min": 1.0, "max": 1.0, "mean": 1.0, "std": 0.0, "dtype": "float64", "parameters": {}}, "target_dist": {"generator_name": "uniform", "shape": [10, 10], "min": 1.0, "max": 1.0, "mean": 1.0, "std": 0.0, "dtype": "float64", "parameters": {}}}, "density": 0.7, "start_dist": {"generator_name": "uniform", "shape": [10, 10], "min": 1.0, "max": 1.0, "mean": 1.0, "std": 0.0, "dtype": "float64", "parameters": {}}, "target_dist": {"generator_name": "uniform", "shape": [10, 10], "min": 1.0, "max": 1.0, "mean": 1.0, "std": 0.0, "dtype": "float64", "parameters": {}}}, "stats": {"date": "2020-11-17", "free_area": 100.0, "number_of_clustered_robots": 46, "number_of_robots": 70}}}, "name": "small_free_003_10x10_70_70", "obstacles": [], "starts": [[7, 6], [8, 4], [5, 0], [4, 8], [2, 3], [4, 0], [9, 2], [0, 5], [2, 7], [8, 7], [7, 4], [3, 0], [0, 0], [9, 3], [2, 6], [9, 8], [2, 2], [6, 0], [4, 2], [1, 9], [4, 5], [8, 1], [6, 8], [0, 1], [9, 5], [2, 9], [3, 3], [3, 5], [9, 7], [9, 0], [4, 1], [5, 7], [5, 4], [9, 6], [0, 2], [6, 2], [9, 4], [5, 9], [1, 5], [3, 1], [7, 1], [7, 8], [1, 8], [0, 4], [7, 3], [1, 3], [7, 0], [2, 0], [6, 7], [3, 6], [8, 6], [4, 9], [6, 5], [1, 1], [7, 5], [0, 7], [1, 0], [4, 4], [4, 6], [2, 1], [6, 3], [4, 7], [1, 4], [5, 2], [3, 7], [3, 8], [5, 5], [5, 1], [9, 9], [2, 8]], "targets": [[3, 4], [3, 5], [1, 0], [3, 2], [0, 2], [6, 0], [4, 7], [9, 4], [3, 0], [9, 0], [2, 0], [9, 3], [1, 1], [1, 3], [0, 4], [8, 5], [7, 5], [5, 7], [4, 2], [2, 3], [2, 4], [8, 0], [9, 2], [2, 5], [1, 6], [2, 1], [1, 5], [1, 2], [7, 0], [2, 2], [0, 3], [3, 1], [8, 3], [0, 5], [0, 0], [6, 5], [4, 1], [3, 3], [6, 2], [7, 1], [0, 7], [5, 5], [0, 1], [9, 5], [5, 3], [6, 4], [9, 7], [8, 8], [8, 9], [5, 2], [4, 3], [8, 1], [5, 4], [9, 6], [6, 1], [0, 9], [8, 6], [9, 1], [6, 6], [8, 7], [2, 9], [7, 8], [3, 8], [5, 8], [8, 4], [5, 6], [5, 9], [1, 4], [2, 6], [5, 1]]}