{"meta": {"number_of_robots": 207, "description": {"parameters": {"seed": 7979, "shape": [20, 20], "obstacles": {"n": 10, "mean": 5, "std": 2.5}, "clusters": {"n": 10, "mean": 20, "std": 10.0, "relative_radius": 2, "increase_factor": 1.3, "start_dist": {"generator_name": "uniform", "shape": [20, 20], "min": 1.0, "max": 1.0, "mean": 1.0, "std": 0.0, "dtype": "float64", "parameters": {}}, "target_dist": {"generator_name": "uniform", "shape": [20, 20], "min": 1.0, "max": 1.0, "mean": 1.0, "std": 0.0, "dtype": "float64", "parameters": {}}}, "density": 0.9, "start_dist": {"generator_name": "uniform", "shape": [20, 20], "min": 1.0, "max": 1.0, "mean": 1.0, "std": 0.0, "dtype": "float64", "parameters": {}}, "target_dist": {"generator_name": "uniform", "shape": [20, 20], "min": 1.0, "max": 1.0, "mean": 1.0, "std": 0.0, "dtype": "float64", "parameters": {}}}, "stats": {"date": "2020-11-18", "free_area": 230.0, "number_of_clustered_robots": 207, "number_of_robots": 207}}}, "name": "small_015_20x20_90_207", "obstacles": [[0, 6], [0, 7], [0, 8], [0, 9], [1, 2], [1, 3], [1, 4], [1, 5], [2, 2], [2, 3], [2, 4], [2, 5], [3, 9], [3, 10], [3, 11], [3, 12], [3, 13], [3, 14], [4, 6], [4, 7], [4, 8], [4, 14], [5, 6], [5, 14], [6, 6], [6, 14], [7, 6], [7, 7], [7, 8], [7, 14], [7, 16], [7, 17], [8, 9], [8, 15], [8, 18], [8, 19], [9, 9], [9, 19], [10, 6], [10, 7], [10, 8], [10, 9], [10, 10], [10, 11], [10, 13], [10, 14], [10, 19], [11, 4], [11, 5], [11, 8], [11, 12], [11, 15], [11, 19], [12, 3], [12, 9], [12, 12], [12, 15], [12, 16], [12, 17], [12, 18], [12, 19], [13, 3], [13, 9], [13, 12], [14, 3], [14, 9], [14, 12], [15, 3], [15, 9], [15, 12], [16, 3], [16, 9], [16, 12], [17, 3], [17, 9], [17, 12], [18, 3], [18, 9], [19, 3], [19, 4], [19, 5], [19, 6], [19, 7], [19, 8], [19, 9]], "starts": [[10, 2], [12, 1], [3, 19], [9, 7], [15, 16], [7, 5], [0, 17], [4, 17], [2, 11], [5, 2], [16, 2], [4, 2], [5, 0], [4, 18], [1, 16], [17, 19], [1, 14], [9, 6], [14, 2], [10, 5], [8, 0], [2, 14], [2, 19], [0, 15], [14, 1], [13, 19], [8, 8], [1, 12], [8, 7], [10, 1], [7, 3], [5, 19], [14, 0], [4, 16], [12, 0], [17, 13], [4, 15], [19, 1], [3, 8], [2, 15], [3, 17], [8, 1], [3, 18], [8, 6], [11, 3], [19, 10], [5, 4], [6, 18], [10, 3], [2, 12], [15, 1], [6, 19], [9, 5], [13, 0], [2, 7], [0, 10], [5, 18], [3, 6], [14, 19], [17, 2], [1, 13], [0, 14], [10, 0], [15, 2], [6, 3], [0, 11], [12, 2], [19, 16], [6, 17], [2, 1], [1, 8], [4, 4], [18, 2], [9, 4], [0, 12], [1, 18], [9, 3], [11, 0], [1, 11], [13, 14], [4, 3], [1, 7], [1, 19], [2, 13], [16, 0], [9, 2], [6, 1], [6, 15], [16, 13], [6, 4], [2, 17], [2, 16], [19, 0], [2, 6], [2, 9], [7, 2], [0, 18], [11, 1], [9, 0], [4, 19], [18, 0], [16, 18], [8, 2], [3, 15], [16, 1], [0, 19], [1, 10], [5, 17], [0, 16], [9, 8], [6, 0], [13, 17], [19, 2], [5, 16], [0, 5], [3, 5], [1, 9], [2, 8], [3, 4], [17, 0], [12, 10], [8, 4], [4, 1], [5, 1], [5, 15], [2, 10], [7, 18], [11, 2], [1, 15], [7, 0], [18, 15], [17, 1], [6, 2], [7, 15], [8, 5], [7, 19], [2, 0], [3, 7], [7, 4], [18, 1], [3, 3], [3, 16], [0, 13], [18, 10], [1, 17], [13, 1], [4, 0], [15, 0], [1, 6], [5, 5], [2, 18], [13, 2], [6, 16], [19, 15], [5, 3], [7, 1], [0, 2], [4, 5], [10, 4], [11, 9], [3, 0], [6, 5], [8, 3], [12, 11], [16, 15], [9, 1], [3, 2], [11, 14], [3, 1], [13, 11], [11, 13], [0, 4], [18, 12], [19, 12], [17, 10], [0, 3], [11, 10], [12, 14], [13, 10], [18, 11], [12, 13], [0, 1], [11, 11], [15, 10], [0, 0], [16, 11], [18, 14], [17, 11], [15, 14], [1, 1], [19, 11], [1, 0], [15, 13], [16, 10], [14, 10], [14, 13], [13, 16], [14, 11], [13, 18], [15, 11], [14, 14], [16, 19], [16, 14], [13, 15], [14, 16], [19, 14], [15, 15]], "targets": [[12, 1], [17, 19], [3, 17], [12, 11], [3, 3], [17, 16], [4, 2], [8, 1], [3, 2], [19, 13], [18, 16], [15, 15], [14, 19], [5, 5], [4, 15], [3, 6], [7, 1], [13, 1], [13, 13], [16, 15], [13, 11], [8, 6], [5, 4], [1, 19], [14, 17], [4, 1], [16, 14], [3, 4], [13, 19], [18, 2], [16, 17], [9, 5], [17, 13], [2, 14], [13, 15], [10, 4], [0, 1], [18, 19], [18, 10], [6, 5], [3, 1], [15, 1], [0, 15], [16, 11], [19, 15], [5, 2], [12, 13], [11, 1], [16, 19], [7, 4], [11, 10], [6, 15], [14, 1], [15, 17], [16, 16], [2, 8], [13, 0], [13, 18], [2, 6], [15, 11], [4, 19], [6, 1], [12, 2], [19, 18], [19, 12], [8, 8], [19, 19], [10, 5], [4, 16], [17, 14], [2, 0], [18, 11], [13, 17], [15, 13], [9, 1], [8, 2], [11, 0], [14, 16], [4, 17], [9, 6], [19, 16], [14, 11], [10, 1], [8, 4], [14, 15], [16, 10], [11, 2], [1, 16], [4, 5], [14, 14], [2, 1], [9, 4], [18, 18], [13, 14], [8, 0], [15, 16], [5, 18], [14, 2], [14, 18], [8, 3], [18, 17], [1, 10], [13, 10], [4, 4], [13, 16], [2, 15], [19, 14], [3, 8], [10, 3], [18, 15], [19, 1], [10, 2], [17, 18], [2, 16], [16, 13], [12, 14], [6, 0], [6, 4], [11, 9], [19, 17], [1, 6], [18, 0], [14, 10], [12, 10], [7, 5], [14, 0], [7, 18], [17, 15], [1, 1], [18, 14], [2, 10], [15, 18], [14, 13], [7, 2], [19, 0], [7, 19], [16, 18], [5, 1], [11, 14], [18, 12], [15, 19], [1, 7], [3, 5], [2, 9], [2, 18], [16, 0], [17, 11], [15, 14], [0, 4], [17, 17], [9, 0], [19, 11], [2, 19], [8, 5], [17, 10], [11, 3], [15, 10], [7, 0], [7, 3], [18, 13], [11, 13], [4, 3], [19, 10], [5, 19], [5, 3], [11, 11], [9, 7], [3, 0], [6, 16], [15, 0], [1, 18], [0, 3], [9, 8], [1, 0], [7, 15], [8, 7], [6, 2], [3, 7], [19, 2], [12, 0], [0, 19], [6, 18], [9, 3], [6, 19], [17, 2], [15, 2], [0, 5], [5, 16], [3, 18], [6, 17], [17, 1], [13, 2], [1, 8], [9, 2], [5, 17], [4, 0], [0, 10], [3, 15], [1, 15], [4, 18], [16, 2], [10, 0], [17, 0], [5, 15], [0, 0], [3, 16], [0, 2]]}