{"meta": {"number_of_robots": 71, "description": {"parameters": {"seed": 3812, "shape": [20, 20], "obstacles": {"n": 5, "mean": 3, "std": 1.5}, "clusters": {"n": 0, "mean": 10, "std": 5.0, "relative_radius": 2, "increase_factor": 1.3, "start_dist": {"generator_name": "uniform", "shape": [20, 20], "min": 1.0, "max": 1.0, "mean": 1.0, "std": 0.0, "dtype": "float64", "parameters": {}}, "target_dist": {"generator_name": "uniform", "shape": [20, 20], "min": 1.0, "max": 1.0, "mean": 1.0, "std": 0.0, "dtype": "float64", "parameters": {}}}, "density": 0.2, "start_dist": {"generator_name": "uniform", "shape": [20, 20], "min": 1.0, "max": 1.0, "mean": 1.0, "std": 0.0, "dtype": "float64", "parameters": {}}, "target_dist": {"generator_name": "uniform", "shape": [20, 20], "min": 1.0, "max": 1.0, "mean": 1.0, "std": 0.0, "dtype": "float64", "parameters": {}}}, "stats": {"date": "2020-11-18", "free_area": 352.0, "number_of_clustered_robots": 0, "number_of_robots": 71}}}, "name": "small_006_20x20_20_71", "obstacles": [[1, 9], [1, 10], [2, 9], [2, 10], [3, 9], [3, 10], [3, 15], [3, 16], [3, 17], [3, 18], [3, 19], [7, 7], [7, 8], [7, 9], [7, 10], [7, 11], [8, 7], [8, 12], [9, 7], [9, 8], [9, 9], [9, 10], [9, 11], [9, 12], [10, 12], [11, 12], [12, 12], [13, 12], [15, 1], [15, 2], [15, 3], [15, 4], [16, 1], [16, 4], [17, 1], [17, 4], [18, 1], [18, 2], [18, 3], [18, 4]], "starts": [[4, 6], [13, 11], [0, 11], [8, 17], [5, 4], [18, 15], [4, 2], [11, 18], [19, 11], [7, 14], [15, 14], [11, 14], [17, 19], [9, 4], [17, 13], [0, 6], [16, 6], [11, 5], [10, 0], [6, 19], [3, 1], [5, 5], [0, 0], [5, 8], [13, 13], [14, 17], [5, 17], [19, 0], [18, 14], [10, 14], [10, 16], [3, 4], [14, 9], [2, 1], [0, 9], [5, 15], [1, 16], [14, 1], [13, 5], [8, 0], [4, 12], [13, 10], [5, 13], [18, 10], [10, 2], [11, 2], [13, 19], [16, 14], [7, 0], [9, 1], [2, 0], [14, 10], [6, 7], [6, 11], [9, 2], [18, 19], [10, 19], [12, 13], [2, 4], [6, 1], [15, 11], [12, 19], [5, 16], [15, 7], [7, 1], [12, 2], [19, 1], [16, 18], [1, 0], [19, 4], [18, 12]], "targets": [[7, 2], [1, 12], [10, 19], [16, 5], [12, 14], [10, 2], [13, 9], [9, 5], [4, 19], [2, 2], [10, 0], [10, 13], [1, 16], [0, 6], [13, 15], [11, 18], [18, 8], [9, 1], [19, 18], [18, 15], [8, 16], [9, 16], [19, 15], [17, 19], [11, 5], [16, 7], [19, 16], [11, 13], [16, 6], [3, 2], [6, 8], [1, 14], [17, 10], [6, 1], [0, 9], [12, 15], [14, 3], [8, 5], [14, 1], [10, 10], [13, 13], [11, 10], [2, 6], [8, 6], [4, 5], [10, 8], [11, 11], [17, 12], [5, 12], [4, 10], [3, 6], [5, 4], [19, 13], [14, 0], [19, 8], [15, 7], [11, 19], [0, 1], [5, 8], [2, 15], [1, 18], [14, 2], [6, 3], [8, 17], [4, 17], [15, 11], [3, 1], [10, 3], [12, 9], [18, 6], [1, 3]]}