{"meta": {"number_of_robots": 80, "description": {"parameters": {"seed": 5270, "shape": [20, 20], "obstacles": {"n": 0, "mean": 3, "std": 1.5}, "clusters": {"n": 10, "mean": 10, "std": 5.0, "relative_radius": 2, "increase_factor": 1.3, "start_dist": {"generator_name": "uniform", "shape": [20, 20], "min": 1.0, "max": 1.0, "mean": 1.0, "std": 0.0, "dtype": "float64", "parameters": {}}, "target_dist": {"generator_name": "uniform", "shape": [20, 20], "min": 1.0, "max": 1.0, "mean": 1.0, "std": 0.0, "dtype": "float64", "parameters": {}}}, "density": 0.2, "start_dist": {"generator_name": "uniform", "shape": [20, 20], "min": 1.0, "max": 1.0, "mean": 1.0, "std": 0.0, "dtype": "float64", "parameters": {}}, "target_dist": {"generator_name": "uniform", "shape": [20, 20], "min": 1.0, "max": 1.0, "mean": 1.0, "std": 0.0, "dtype": "float64", "parameters": {}}}, "stats": {"date": "2020-11-17", "free_area": 400.0, "number_of_clustered_robots": 80, "number_of_robots": 80}}}, "name": "small_free_005_20x20_20_80", "obstacles": [], "starts": [[1, 16], [5, 9], [9, 13], [11, 10], [12, 19], [6, 19], [7, 11], [4, 13], [6, 8], [9, 3], [8, 9], [8, 6], [0, 17], [14, 19], [12, 12], [7, 4], [5, 11], [10, 9], [5, 17], [4, 14], [13, 2], [3, 14], [10, 16], [11, 12], [11, 17], [9, 9], [6, 10], [8, 11], [0, 12], [10, 7], [2, 15], [15, 17], [13, 11], [5, 12], [11, 3], [13, 4], [7, 5], [2, 12], [10, 10], [9, 14], [8, 16], [8, 8], [5, 13], [10, 19], [3, 17], [3, 12], [5, 5], [14, 3], [7, 13], [10, 14], [13, 3], [7, 14], [9, 15], [1, 10], [13, 8], [1, 15], [5, 8], [7, 18], [3, 11], [14, 10], [0, 13], [13, 17], [11, 11], [11, 8], [8, 2], [15, 14], [8, 5], [6, 9], [0, 14], [5, 18], [8, 17], [7, 12], [15, 8], [5, 14], [6, 12], [8, 14], [4, 11], [6, 11], [8, 10], [4, 9]], "targets": [[2, 1], [3, 13], [11, 0], [13, 9], [16, 14], [8, 12], [6, 16], [8, 14], [8, 15], [14, 4], [15, 18], [15, 8], [9, 15], [19, 18], [8, 5], [9, 17], [1, 13], [13, 19], [1, 4], [16, 16], [14, 6], [3, 15], [17, 14], [14, 14], [8, 6], [5, 16], [15, 15], [7, 12], [9, 11], [13, 17], [3, 7], [15, 16], [10, 11], [13, 14], [16, 8], [16, 15], [6, 19], [2, 12], [1, 15], [10, 1], [17, 13], [7, 17], [13, 8], [8, 10], [2, 6], [6, 11], [7, 18], [6, 15], [19, 19], [9, 10], [18, 8], [4, 11], [9, 9], [1, 12], [10, 17], [6, 7], [11, 11], [19, 13], [10, 14], [8, 19], [8, 11], [12, 9], [5, 17], [12, 10], [16, 4], [16, 13], [10, 15], [3, 16], [7, 14], [3, 2], [12, 12], [11, 10], [14, 15], [2, 17], [14, 2], [18, 13], [4, 13], [7, 15], [9, 19], [12, 11]]}