{"meta": {"number_of_robots": 186, "description": {"parameters": {"seed": 9944, "shape": [20, 20], "obstacles": {"n": 20, "mean": 3, "std": 1.5}, "clusters": {"n": 5, "mean": 20, "std": 10.0, "relative_radius": 2, "increase_factor": 1.3, "start_dist": {"generator_name": "uniform", "shape": [20, 20], "min": 1.0, "max": 1.0, "mean": 1.0, "std": 0.0, "dtype": "float64", "parameters": {}}, "target_dist": {"generator_name": "uniform", "shape": [20, 20], "min": 1.0, "max": 1.0, "mean": 1.0, "std": 0.0, "dtype": "float64", "parameters": {}}}, "density": 0.7, "start_dist": {"generator_name": "uniform", "shape": [20, 20], "min": 1.0, "max": 1.0, "mean": 1.0, "std": 0.0, "dtype": "float64", "parameters": {}}, "target_dist": {"generator_name": "uniform", "shape": [20, 20], "min": 1.0, "max": 1.0, "mean": 1.0, "std": 0.0, "dtype": "float64", "parameters": {}}}, "stats": {"date": "2020-11-18", "free_area": 265.0, "number_of_clustered_robots": 120, "number_of_robots": 186}}}, "name": "small_012_20x20_70_186", "obstacles": [[0, 2], [0, 3], [1, 2], [1, 3], [1, 8], [1, 9], [1, 10], [1, 11], [1, 12], [1, 13], [1, 14], [1, 17], [1, 18], [2, 1], [2, 4], [2, 8], [2, 14], [2, 17], [2, 19], [3, 1], [3, 4], [3, 9], [3, 15], [3, 16], [3, 19], [4, 1], [4, 4], [4, 7], [4, 8], [4, 16], [4, 17], [4, 18], [4, 19], [5, 2], [5, 3], [5, 7], [5, 15], [6, 8], [6, 9], [6, 10], [6, 11], [6, 12], [6, 13], [6, 14], [6, 15], [8, 11], [8, 12], [8, 13], [9, 6], [9, 7], [9, 8], [9, 11], [9, 14], [9, 15], [9, 16], [9, 17], [9, 18], [10, 6], [10, 8], [10, 11], [10, 18], [11, 6], [11, 8], [11, 11], [11, 12], [11, 17], [11, 18], [12, 6], [12, 7], [12, 8], [12, 13], [12, 16], [13, 13], [13, 14], [13, 15], [13, 16], [14, 9], [14, 10], [15, 9], [15, 10], [16, 9], [16, 10], [16, 18], [16, 19], [17, 18], [17, 19]], "starts": [[11, 19], [19, 2], [12, 17], [4, 0], [5, 0], [19, 0], [13, 8], [7, 17], [18, 8], [14, 7], [13, 3], [14, 18], [10, 2], [9, 1], [10, 19], [17, 1], [15, 1], [11, 10], [7, 8], [13, 18], [13, 9], [17, 16], [9, 3], [8, 1], [18, 7], [10, 5], [12, 19], [18, 4], [6, 3], [17, 2], [15, 16], [14, 19], [5, 1], [7, 0], [16, 6], [8, 6], [11, 3], [15, 18], [13, 11], [19, 8], [17, 13], [19, 10], [11, 4], [7, 4], [14, 15], [14, 3], [11, 1], [16, 7], [18, 18], [14, 8], [7, 18], [13, 6], [12, 2], [8, 4], [17, 9], [15, 4], [7, 19], [17, 5], [18, 14], [11, 0], [12, 10], [5, 17], [15, 0], [1, 1], [15, 2], [13, 7], [11, 5], [18, 17], [6, 18], [10, 4], [15, 7], [8, 8], [2, 0], [14, 0], [15, 14], [9, 4], [16, 1], [16, 13], [16, 3], [19, 4], [14, 17], [19, 3], [13, 5], [8, 3], [17, 3], [13, 19], [7, 9], [8, 17], [13, 10], [12, 1], [18, 6], [15, 19], [8, 9], [5, 4], [19, 9], [15, 13], [8, 5], [18, 9], [7, 16], [8, 2], [16, 8], [15, 6], [7, 2], [14, 2], [19, 13], [5, 19], [6, 4], [19, 1], [16, 11], [16, 5], [14, 16], [6, 0], [6, 1], [17, 10], [15, 17], [10, 1], [18, 0], [7, 14], [9, 5], [16, 4], [19, 14], [17, 11], [6, 6], [0, 13], [18, 1], [6, 17], [0, 15], [9, 10], [11, 9], [19, 11], [3, 6], [3, 5], [13, 17], [5, 6], [0, 17], [15, 12], [8, 7], [0, 6], [5, 16], [7, 15], [18, 10], [19, 17], [1, 7], [14, 11], [18, 3], [12, 4], [17, 6], [8, 14], [19, 6], [8, 0], [0, 10], [18, 2], [7, 13], [2, 15], [0, 7], [12, 9], [14, 4], [12, 3], [7, 1], [15, 15], [1, 16], [13, 0], [10, 0], [6, 7], [19, 18], [0, 8], [1, 0], [17, 17], [14, 12], [6, 5], [0, 12], [12, 0], [12, 11], [17, 8], [5, 18], [15, 8], [14, 6], [12, 5], [16, 14], [2, 5], [0, 18], [14, 1], [13, 1], [11, 2], [18, 19], [0, 5]], "targets": [[11, 0], [9, 1], [11, 2], [6, 16], [12, 1], [0, 1], [12, 12], [12, 3], [13, 9], [7, 16], [13, 4], [15, 2], [7, 12], [10, 4], [8, 3], [6, 7], [8, 15], [13, 6], [0, 18], [13, 2], [3, 0], [16, 1], [5, 18], [8, 1], [6, 4], [5, 16], [8, 2], [0, 9], [7, 18], [9, 0], [15, 1], [9, 2], [6, 19], [10, 1], [10, 9], [0, 15], [10, 2], [12, 0], [7, 11], [2, 0], [13, 0], [3, 5], [0, 16], [10, 5], [13, 3], [7, 0], [5, 17], [13, 1], [14, 4], [6, 17], [14, 2], [4, 0], [8, 17], [9, 4], [9, 3], [7, 15], [6, 3], [2, 6], [14, 3], [2, 16], [7, 6], [7, 1], [0, 14], [5, 1], [12, 5], [0, 17], [11, 1], [14, 0], [11, 5], [12, 19], [8, 8], [8, 19], [7, 5], [6, 6], [5, 0], [0, 11], [11, 3], [16, 3], [7, 13], [3, 6], [9, 5], [1, 6], [1, 15], [12, 2], [6, 2], [16, 4], [7, 17], [7, 3], [1, 7], [11, 19], [10, 0], [5, 5], [12, 18], [12, 4], [0, 4], [15, 0], [0, 19], [13, 7], [7, 2], [7, 19], [6, 5], [8, 16], [8, 5], [1, 0], [17, 1], [7, 4], [8, 14], [1, 4], [8, 18], [8, 7], [14, 5], [12, 17], [5, 4], [0, 5], [15, 4], [1, 19], [13, 8], [6, 0], [10, 19], [0, 0], [4, 6], [2, 15], [3, 7], [14, 13], [19, 13], [14, 12], [13, 5], [15, 19], [8, 10], [16, 8], [18, 6], [19, 18], [0, 12], [9, 9], [17, 5], [19, 5], [19, 7], [14, 17], [15, 13], [5, 6], [13, 18], [15, 11], [0, 6], [14, 15], [15, 8], [16, 7], [0, 10], [15, 15], [16, 13], [14, 19], [16, 17], [18, 10], [18, 17], [15, 3], [6, 1], [8, 4], [19, 4], [18, 4], [16, 14], [17, 6], [2, 5], [19, 19], [18, 16], [17, 10], [3, 8], [14, 7], [18, 18], [19, 15], [12, 9], [13, 12], [7, 10], [2, 7], [18, 1], [15, 7], [11, 10], [15, 17], [8, 0], [15, 12], [19, 12], [7, 8], [12, 11], [15, 14], [11, 4], [19, 1], [18, 7], [16, 11]]}