{"meta": {"number_of_robots": 46, "description": {"parameters": {"seed": 9603, "shape": [10, 10], "obstacles": {"n": 5, "mean": 3, "std": 1.5}, "clusters": {"n": 5, "mean": 10, "std": 5.0, "relative_radius": 2, "increase_factor": 1.3, "start_dist": {"generator_name": "uniform", "shape": [10, 10], "min": 1.0, "max": 1.0, "mean": 1.0, "std": 0.0, "dtype": "float64", "parameters": {}}, "target_dist": {"generator_name": "uniform", "shape": [10, 10], "min": 1.0, "max": 1.0, "mean": 1.0, "std": 0.0, "dtype": "float64", "parameters": {}}}, "density": 0.9, "start_dist": {"generator_name": "uniform", "shape": [10, 10], "min": 1.0, "max": 1.0, "mean": 1.0, "std": 0.0, "dtype": "float64", "parameters": {}}, "target_dist": {"generator_name": "uniform", "shape": [10, 10], "min": 1.0, "max": 1.0, "mean": 1.0, "std": 0.0, "dtype": "float64", "parameters": {}}}, "stats": {"date": "2020-11-18", "free_area": 51.0, "number_of_clustered_robots": 46, "number_of_robots": 46}}}, "name": "small_003_10x10_90_46", "obstacles": [[0, 3], [0, 4], [1, 3], [1, 4], [2, 3], [2, 5], [2, 6], [2, 7], [2, 8], [3, 3], [3, 8], [4, 3], [4, 8], [5, 4], [5, 8], [6, 4], [6, 8], [7, 3], [7, 8], [8, 2], [8, 7], [9, 3], [9, 4], [9, 5], [9, 6], [9, 7]], "starts": [[3, 0], [5, 3], [8, 1], [0, 8], [1, 1], [5, 1], [0, 7], [9, 2], [1, 9], [1, 0], [4, 2], [1, 5], [6, 2], [8, 0], [0, 5], [1, 2], [7, 0], [6, 3], [5, 2], [2, 1], [2, 9], [1, 7], [7, 1], [3, 1], [5, 0], [1, 8], [0, 2], [0, 9], [1, 6], [6, 0], [7, 2], [2, 2], [0, 1], [4, 9], [5, 9], [9, 0], [4, 0], [9, 1], [3, 2], [4, 1], [6, 1], [3, 9], [0, 6], [2, 0], [8, 8], [9, 8]], "targets": [[5, 0], [0, 0], [5, 1], [6, 9], [0, 8], [1, 8], [9, 9], [5, 2], [1, 5], [0, 5], [6, 1], [2, 9], [4, 9], [6, 2], [0, 1], [1, 6], [1, 7], [4, 0], [5, 3], [7, 9], [9, 8], [3, 2], [3, 9], [4, 1], [8, 1], [8, 8], [0, 9], [0, 2], [5, 9], [0, 7], [7, 1], [2, 1], [1, 9], [8, 9], [1, 2], [9, 2], [0, 6], [6, 0], [6, 3], [2, 2], [8, 0], [3, 1], [9, 1], [7, 2], [4, 2], [7, 0]]}