{"meta": {"number_of_robots": 160, "description": {"parameters": {"seed": 5496, "shape": [20, 20], "obstacles": {"n": 0, "mean": 3, "std": 1.5}, "clusters": {"n": 5, "mean": 20, "std": 10.0, "relative_radius": 2, "increase_factor": 1.3, "start_dist": {"generator_name": "uniform", "shape": [20, 20], "min": 1.0, "max": 1.0, "mean": 1.0, "std": 0.0, "dtype": "float64", "parameters": {}}, "target_dist": {"generator_name": "uniform", "shape": [20, 20], "min": 1.0, "max": 1.0, "mean": 1.0, "std": 0.0, "dtype": "float64", "parameters": {}}}, "density": 0.4, "start_dist": {"generator_name": "uniform", "shape": [20, 20], "min": 1.0, "max": 1.0, "mean": 1.0, "std": 0.0, "dtype": "float64", "parameters": {}}, "target_dist": {"generator_name": "uniform", "shape": [20, 20], "min": 1.0, "max": 1.0, "mean": 1.0, "std": 0.0, "dtype": "float64", "parameters": {}}}, "stats": {"date": "2020-11-17", "free_area": 400.0, "number_of_clustered_robots": 80, "number_of_robots": 160}}}, "name": "small_free_009_20x20_40_160", "obstacles": [], "starts": [[4, 15], [14, 1], [4, 11], [0, 3], [11, 7], [11, 2], [17, 7], [7, 5], [3, 1], [1, 14], [17, 10], [10, 0], [18, 6], [4, 2], [2, 6], [0, 12], [5, 6], [11, 8], [14, 3], [4, 4], [13, 1], [8, 0], [1, 13], [14, 10], [8, 4], [2, 7], [2, 2], [11, 9], [3, 17], [5, 11], [13, 6], [2, 3], [12, 7], [11, 1], [19, 1], [4, 5], [5, 16], [0, 1], [6, 1], [16, 3], [7, 4], [0, 19], [6, 0], [12, 10], [13, 5], [15, 9], [10, 1], [6, 7], [0, 17], [14, 6], [12, 9], [8, 6], [11, 3], [5, 0], [13, 0], [4, 13], [7, 11], [15, 2], [10, 5], [5, 2], [7, 1], [15, 4], [2, 17], [4, 3], [17, 2], [0, 0], [4, 0], [18, 9], [11, 0], [3, 14], [1, 4], [12, 5], [16, 0], [9, 2], [18, 7], [5, 15], [3, 7], [9, 3], [11, 4], [7, 0], [4, 7], [10, 19], [0, 4], [18, 19], [1, 0], [16, 19], [2, 1], [4, 14], [2, 12], [15, 18], [12, 12], [15, 0], [4, 8], [3, 4], [7, 7], [5, 5], [13, 16], [6, 4], [19, 2], [19, 12], [9, 19], [16, 11], [17, 16], [18, 3], [0, 15], [19, 13], [4, 1], [17, 0], [2, 8], [8, 2], [15, 6], [1, 12], [9, 16], [17, 17], [16, 18], [17, 1], [14, 18], [5, 8], [6, 6], [15, 7], [15, 5], [4, 17], [19, 15], [11, 14], [1, 8], [13, 19], [18, 11], [5, 4], [19, 18], [13, 13], [5, 7], [19, 4], [2, 4], [11, 6], [16, 5], [2, 11], [18, 12], [18, 14], [0, 6], [14, 9], [7, 6], [13, 8], [13, 2], [1, 19], [8, 5], [17, 19], [14, 13], [6, 13], [10, 7], [2, 13], [8, 18], [5, 13], [14, 14], [15, 11], [19, 9], [8, 15], [3, 18], [9, 8], [11, 13], [3, 15]], "targets": [[3, 13], [2, 6], [15, 0], [1, 19], [1, 2], [7, 16], [5, 5], [7, 6], [4, 11], [1, 8], [8, 2], [4, 8], [7, 2], [8, 10], [0, 17], [0, 9], [5, 10], [4, 6], [5, 6], [4, 15], [9, 5], [9, 9], [2, 5], [6, 4], [12, 14], [0, 11], [13, 11], [9, 6], [1, 12], [12, 0], [1, 17], [1, 13], [7, 8], [11, 10], [2, 4], [4, 17], [3, 9], [3, 18], [3, 15], [2, 1], [10, 11], [4, 5], [3, 16], [3, 10], [11, 16], [3, 8], [2, 17], [1, 15], [4, 9], [2, 11], [7, 5], [6, 11], [2, 10], [2, 16], [8, 14], [0, 12], [12, 1], [6, 0], [8, 11], [1, 14], [7, 9], [7, 10], [4, 13], [11, 11], [4, 4], [1, 11], [9, 7], [0, 1], [8, 8], [1, 7], [0, 18], [7, 15], [3, 1], [5, 11], [5, 2], [0, 13], [2, 18], [5, 8], [6, 2], [7, 14], [12, 3], [9, 1], [19, 19], [4, 2], [9, 8], [14, 6], [10, 2], [13, 19], [19, 10], [9, 15], [11, 17], [9, 12], [2, 13], [5, 1], [1, 6], [17, 16], [1, 10], [12, 15], [13, 10], [14, 0], [18, 3], [14, 10], [10, 5], [10, 16], [0, 19], [13, 7], [4, 19], [17, 14], [3, 17], [8, 13], [14, 11], [18, 6], [17, 10], [12, 4], [16, 10], [17, 17], [5, 14], [19, 14], [3, 14], [19, 11], [13, 3], [16, 14], [8, 1], [10, 15], [19, 6], [9, 14], [3, 3], [6, 10], [4, 18], [9, 10], [0, 7], [1, 1], [16, 13], [7, 19], [14, 19], [11, 19], [7, 1], [19, 16], [12, 2], [6, 9], [15, 6], [18, 15], [12, 10], [5, 16], [10, 10], [4, 7], [5, 4], [0, 3], [16, 18], [17, 15], [14, 15], [18, 2], [7, 7], [2, 7], [19, 8], [16, 8], [1, 16], [0, 14], [17, 9], [19, 5]]}