{"meta": {"number_of_robots": 173, "description": {"parameters": {"seed": 6636, "shape": [20, 20], "obstacles": {"n": 5, "mean": 3, "std": 1.5}, "clusters": {"n": 5, "mean": 10, "std": 5.0, "relative_radius": 2, "increase_factor": 1.3, "start_dist": {"generator_name": "uniform", "shape": [20, 20], "min": 1.0, "max": 1.0, "mean": 1.0, "std": 0.0, "dtype": "float64", "parameters": {}}, "target_dist": {"generator_name": "uniform", "shape": [20, 20], "min": 1.0, "max": 1.0, "mean": 1.0, "std": 0.0, "dtype": "float64", "parameters": {}}}, "density": 0.5, "start_dist": {"generator_name": "uniform", "shape": [20, 20], "min": 1.0, "max": 1.0, "mean": 1.0, "std": 0.0, "dtype": "float64", "parameters": {}}, "target_dist": {"generator_name": "uniform", "shape": [20, 20], "min": 1.0, "max": 1.0, "mean": 1.0, "std": 0.0, "dtype": "float64", "parameters": {}}}, "stats": {"date": "2020-11-18", "free_area": 345.0, "number_of_clustered_robots": 58, "number_of_robots": 173}}}, "name": "small_009_20x20_50_173", "obstacles": [[5, 5], [5, 6], [5, 7], [5, 8], [6, 5], [6, 8], [6, 11], [6, 12], [6, 13], [6, 14], [6, 15], [6, 16], [6, 17], [7, 5], [7, 7], [7, 8], [8, 6], [9, 6], [10, 6], [11, 6], [12, 11], [12, 12], [12, 13], [12, 14], [12, 15], [13, 11], [13, 15], [14, 11], [14, 15], [15, 11], [15, 12], [15, 13], [15, 14], [15, 15], [16, 8], [16, 9], [16, 10], [16, 11], [17, 8], [17, 11], [18, 8], [18, 9], [18, 10], [18, 11]], "starts": [[4, 16], [15, 2], [19, 18], [14, 18], [3, 17], [14, 2], [4, 15], [7, 11], [17, 4], [16, 15], [9, 19], [2, 15], [3, 10], [14, 4], [3, 19], [5, 17], [16, 2], [15, 17], [11, 16], [2, 12], [13, 8], [4, 11], [1, 16], [15, 10], [17, 19], [14, 19], [1, 18], [3, 15], [16, 4], [5, 15], [19, 4], [16, 16], [10, 18], [6, 19], [15, 6], [0, 16], [5, 18], [14, 10], [19, 16], [9, 18], [2, 11], [1, 12], [19, 5], [8, 14], [5, 16], [17, 5], [18, 16], [8, 16], [8, 15], [17, 3], [7, 10], [0, 12], [14, 6], [18, 19], [8, 19], [1, 11], [2, 18], [17, 7], [0, 17], [18, 18], [5, 12], [14, 0], [9, 13], [16, 6], [11, 15], [7, 16], [19, 9], [2, 17], [11, 14], [2, 9], [11, 9], [19, 15], [1, 7], [11, 8], [7, 17], [0, 7], [11, 0], [4, 12], [1, 5], [6, 10], [3, 1], [2, 1], [16, 19], [1, 17], [14, 17], [5, 2], [4, 0], [3, 14], [10, 11], [2, 10], [9, 10], [1, 3], [7, 15], [4, 13], [1, 2], [1, 10], [0, 8], [18, 15], [11, 12], [2, 8], [16, 17], [0, 6], [12, 0], [19, 7], [11, 13], [16, 14], [3, 12], [14, 8], [4, 4], [16, 5], [7, 4], [2, 6], [19, 12], [17, 18], [2, 16], [11, 4], [15, 3], [16, 13], [10, 16], [13, 17], [1, 15], [4, 9], [16, 0], [9, 14], [2, 2], [0, 15], [3, 13], [8, 12], [7, 9], [1, 9], [19, 1], [4, 18], [11, 2], [2, 3], [3, 18], [2, 5], [3, 5], [11, 10], [8, 9], [2, 0], [0, 3], [9, 8], [11, 19], [10, 12], [3, 3], [18, 7], [18, 12], [6, 9], [16, 12], [18, 17], [1, 8], [10, 15], [15, 8], [3, 7], [15, 5], [15, 16], [0, 9], [10, 10], [14, 3], [9, 1], [8, 1], [1, 6], [19, 3], [19, 11], [0, 14], [8, 17], [4, 10], [0, 4], [10, 7], [10, 4], [0, 13], [14, 9], [6, 2]], "targets": [[12, 7], [0, 16], [19, 11], [4, 12], [9, 8], [6, 19], [8, 8], [11, 13], [4, 15], [19, 7], [4, 13], [8, 10], [15, 6], [3, 17], [8, 13], [15, 9], [7, 16], [16, 7], [3, 12], [9, 14], [2, 18], [11, 14], [8, 11], [7, 19], [17, 12], [2, 16], [10, 11], [13, 7], [4, 16], [9, 13], [5, 15], [19, 9], [5, 17], [16, 14], [4, 19], [10, 14], [7, 10], [5, 19], [18, 7], [7, 14], [10, 9], [7, 13], [3, 16], [8, 14], [10, 8], [7, 18], [19, 6], [3, 13], [9, 7], [3, 19], [8, 12], [15, 8], [5, 18], [19, 12], [5, 14], [9, 9], [11, 10], [7, 15], [14, 8], [11, 15], [2, 13], [11, 16], [4, 9], [11, 1], [18, 15], [0, 1], [11, 7], [1, 1], [13, 2], [9, 0], [8, 18], [1, 7], [15, 0], [14, 2], [8, 4], [12, 1], [9, 19], [15, 17], [11, 18], [15, 19], [19, 14], [8, 5], [6, 18], [14, 4], [5, 13], [3, 3], [1, 15], [18, 14], [0, 2], [3, 5], [13, 18], [7, 3], [16, 16], [14, 19], [0, 5], [18, 18], [19, 3], [14, 5], [7, 4], [15, 16], [0, 8], [10, 10], [18, 16], [17, 4], [0, 6], [17, 6], [3, 8], [6, 4], [9, 12], [1, 11], [4, 6], [16, 2], [0, 19], [10, 5], [4, 2], [10, 4], [11, 5], [4, 1], [0, 14], [11, 9], [11, 0], [2, 0], [1, 8], [4, 7], [17, 18], [19, 4], [10, 18], [18, 0], [4, 3], [14, 18], [18, 5], [17, 0], [7, 9], [12, 9], [1, 14], [16, 5], [17, 3], [19, 2], [11, 3], [11, 12], [19, 10], [12, 8], [4, 10], [13, 16], [18, 19], [19, 17], [9, 15], [18, 1], [2, 2], [13, 19], [3, 2], [12, 3], [18, 6], [0, 0], [16, 0], [10, 16], [16, 4], [2, 7], [6, 2], [0, 11], [10, 2], [9, 4], [3, 14], [15, 3], [3, 18], [4, 17], [0, 7], [16, 3], [12, 0], [16, 18], [5, 2], [1, 12], [16, 6]]}