{"meta": {"number_of_robots": 360, "description": {"parameters": {"seed": 4116, "shape": [20, 20], "obstacles": {"n": 0, "mean": 3, "std": 1.5}, "clusters": {"n": 5, "mean": 80, "std": 40.0, "relative_radius": 2, "increase_factor": 1.3, "start_dist": {"generator_name": "uniform", "shape": [20, 20], "min": 1.0, "max": 1.0, "mean": 1.0, "std": 0.0, "dtype": "float64", "parameters": {}}, "target_dist": {"generator_name": "uniform", "shape": [20, 20], "min": 1.0, "max": 1.0, "mean": 1.0, "std": 0.0, "dtype": "float64", "parameters": {}}}, "density": 0.9, "start_dist": {"generator_name": "uniform", "shape": [20, 20], "min": 1.0, "max": 1.0, "mean": 1.0, "std": 0.0, "dtype": "float64", "parameters": {}}, "target_dist": {"generator_name": "uniform", "shape": [20, 20], "min": 1.0, "max": 1.0, "mean": 1.0, "std": 0.0, "dtype": "float64", "parameters": {}}}, "stats": {"date": "2020-11-17", "free_area": 400.0, "number_of_clustered_robots": 360, "number_of_robots": 360}}}, "name": "small_free_018_20x20_90_360", "obstacles": [], "starts": [[16, 1], [17, 10], [17, 5], [16, 0], [12, 2], [16, 8], [16, 10], [18, 19], [13, 8], [7, 10], [11, 4], [15, 11], [18, 2], [0, 11], [4, 10], [17, 7], [13, 12], [0, 4], [16, 15], [8, 0], [19, 9], [17, 18], [10, 1], [10, 7], [12, 10], [18, 8], [15, 3], [10, 8], [16, 17], [11, 6], [15, 12], [8, 5], [14, 5], [19, 8], [6, 10], [7, 1], [15, 9], [4, 5], [6, 12], [3, 9], [16, 16], [1, 7], [2, 1], [9, 11], [17, 3], [14, 12], [6, 13], [18, 5], [18, 11], [14, 2], [9, 10], [12, 5], [11, 3], [12, 6], [8, 13], [11, 1], [19, 12], [17, 8], [4, 14], [11, 12], [5, 17], [7, 11], [13, 6], [11, 7], [14, 1], [12, 9], [1, 19], [12, 3], [15, 0], [1, 0], [8, 1], [7, 9], [13, 0], [10, 3], [6, 4], [15, 5], [0, 12], [8, 7], [13, 5], [18, 12], [1, 9], [8, 8], [3, 8], [8, 2], [7, 6], [15, 6], [14, 6], [11, 11], [11, 10], [19, 11], [9, 6], [2, 12], [18, 1], [2, 6], [15, 13], [13, 9], [12, 0], [14, 7], [19, 7], [11, 9], [11, 0], [12, 4], [10, 11], [6, 2], [5, 14], [11, 5], [13, 10], [8, 11], [10, 5], [13, 13], [19, 3], [8, 17], [16, 4], [6, 6], [13, 3], [14, 3], [11, 13], [13, 4], [5, 12], [19, 10], [6, 7], [9, 5], [15, 2], [11, 18], [16, 11], [12, 12], [18, 3], [15, 10], [16, 2], [2, 14], [11, 8], [15, 1], [13, 2], [19, 0], [6, 9], [17, 2], [17, 12], [18, 10], [3, 10], [17, 1], [9, 14], [18, 7], [12, 1], [8, 10], [2, 10], [9, 2], [18, 9], [10, 12], [19, 5], [15, 17], [7, 7], [2, 0], [3, 12], [16, 5], [12, 8], [11, 16], [3, 11], [1, 4], [7, 4], [12, 7], [12, 13], [9, 7], [0, 5], [18, 4], [3, 14], [8, 4], [16, 7], [9, 13], [7, 3], [9, 8], [7, 13], [19, 15], [1, 1], [13, 11], [17, 11], [15, 8], [7, 8], [18, 0], [15, 7], [13, 14], [19, 6], [4, 2], [14, 14], [2, 7], [19, 13], [3, 7], [17, 16], [9, 1], [4, 1], [5, 11], [17, 6], [6, 11], [1, 12], [16, 12], [0, 15], [14, 8], [4, 12], [4, 0], [10, 13], [4, 4], [17, 19], [15, 16], [12, 11], [9, 4], [2, 2], [5, 3], [7, 15], [1, 3], [14, 9], [8, 3], [17, 9], [0, 9], [3, 13], [6, 16], [16, 6], [13, 1], [18, 14], [17, 15], [0, 10], [5, 6], [17, 4], [10, 0], [10, 9], [15, 4], [16, 3], [9, 9], [4, 7], [1, 18], [1, 8], [14, 4], [6, 3], [12, 16], [5, 8], [3, 6], [11, 2], [10, 10], [3, 0], [15, 14], [5, 19], [10, 4], [1, 11], [14, 16], [14, 10], [17, 13], [9, 0], [13, 16], [6, 8], [7, 5], [11, 15], [19, 1], [5, 5], [1, 2], [12, 19], [3, 3], [5, 4], [16, 13], [10, 2], [4, 8], [13, 7], [0, 1], [9, 3], [18, 6], [19, 14], [10, 6], [17, 0], [3, 4], [0, 18], [6, 0], [4, 6], [14, 11], [2, 13], [18, 15], [1, 14], [0, 6], [4, 9], [7, 0], [14, 0], [5, 2], [0, 7], [19, 16], [16, 9], [5, 7], [0, 3], [5, 16], [19, 2], [8, 12], [12, 14], [2, 11], [6, 14], [2, 9], [2, 15], [8, 6], [11, 14], [18, 16], [6, 5], [8, 14], [5, 13], [5, 0], [8, 9], [2, 5], [1, 5], [14, 13], [16, 14], [0, 17], [1, 6], [19, 4], [6, 1], [0, 0], [3, 5], [13, 15], [5, 18], [2, 8], [10, 14], [2, 4], [3, 1], [5, 10], [4, 16], [18, 13], [9, 12], [5, 1], [3, 2], [7, 12], [0, 2], [4, 13], [12, 15], [5, 9], [7, 14], [0, 8], [17, 14], [15, 18], [4, 3], [15, 15], [7, 2], [2, 3], [1, 10], [13, 18], [4, 11], [1, 13], [8, 16], [8, 18], [14, 15], [8, 15], [3, 18], [0, 16], [0, 13], [9, 17], [18, 18], [10, 18], [9, 15], [7, 18], [9, 18], [5, 15], [2, 16], [7, 16], [6, 19], [9, 16], [19, 19], [0, 14], [10, 15], [4, 17]], "targets": [[16, 16], [6, 12], [3, 5], [3, 12], [1, 2], [1, 0], [9, 8], [7, 3], [12, 17], [18, 12], [2, 9], [10, 12], [13, 2], [11, 10], [12, 10], [9, 17], [1, 8], [5, 18], [5, 16], [16, 7], [2, 13], [5, 2], [17, 11], [12, 7], [5, 19], [6, 17], [10, 0], [4, 16], [5, 6], [13, 19], [0, 14], [5, 14], [0, 7], [11, 1], [5, 1], [11, 18], [16, 9], [1, 11], [5, 15], [10, 13], [8, 12], [9, 6], [4, 13], [11, 14], [13, 6], [2, 17], [10, 9], [9, 2], [3, 9], [16, 4], [14, 8], [10, 15], [2, 14], [12, 1], [0, 1], [7, 16], [7, 1], [17, 19], [13, 5], [11, 17], [0, 8], [14, 6], [4, 17], [14, 19], [17, 8], [16, 12], [6, 9], [11, 19], [6, 2], [1, 12], [15, 18], [14, 15], [6, 11], [4, 12], [16, 14], [7, 6], [2, 16], [16, 15], [18, 7], [8, 15], [2, 12], [4, 4], [5, 0], [13, 14], [8, 14], [12, 11], [2, 7], [15, 17], [15, 7], [0, 5], [17, 12], [15, 16], [10, 4], [10, 8], [1, 18], [5, 4], [15, 15], [8, 1], [16, 8], [4, 11], [6, 1], [0, 6], [18, 9], [13, 18], [2, 8], [14, 9], [5, 11], [8, 19], [18, 8], [7, 8], [6, 5], [7, 9], [15, 8], [8, 11], [11, 16], [19, 7], [6, 10], [7, 0], [3, 4], [13, 13], [2, 6], [12, 9], [1, 16], [8, 3], [6, 6], [4, 14], [18, 19], [1, 9], [16, 6], [9, 10], [10, 7], [0, 10], [6, 14], [19, 19], [5, 9], [3, 14], [18, 5], [10, 6], [12, 14], [8, 13], [2, 10], [6, 7], [10, 14], [1, 5], [8, 10], [10, 19], [14, 16], [8, 9], [3, 13], [0, 0], [2, 11], [18, 10], [12, 5], [14, 10], [8, 16], [5, 7], [2, 5], [8, 17], [3, 6], [11, 13], [0, 16], [16, 13], [9, 1], [5, 17], [12, 3], [7, 19], [8, 6], [10, 11], [3, 17], [11, 0], [3, 15], [14, 12], [10, 16], [10, 18], [9, 12], [12, 15], [0, 2], [4, 9], [2, 0], [4, 6], [12, 12], [16, 2], [7, 11], [11, 4], [18, 6], [3, 18], [3, 19], [12, 16], [7, 13], [3, 7], [15, 1], [7, 10], [15, 4], [15, 12], [2, 2], [18, 11], [19, 9], [13, 0], [1, 13], [9, 3], [10, 10], [6, 13], [19, 10], [14, 4], [8, 5], [19, 0], [3, 8], [0, 15], [11, 12], [8, 0], [11, 8], [1, 1], [6, 8], [10, 3], [16, 19], [9, 16], [12, 6], [4, 7], [7, 15], [3, 2], [7, 5], [14, 1], [14, 14], [2, 3], [15, 6], [13, 8], [15, 0], [11, 2], [6, 0], [17, 7], [10, 2], [8, 18], [16, 1], [17, 15], [9, 4], [19, 14], [2, 4], [0, 3], [8, 2], [5, 13], [1, 15], [13, 9], [17, 9], [11, 7], [9, 15], [8, 4], [4, 2], [16, 18], [6, 18], [17, 13], [14, 0], [13, 7], [4, 5], [5, 12], [0, 19], [11, 6], [18, 18], [5, 10], [0, 13], [1, 7], [11, 11], [15, 2], [11, 15], [10, 17], [17, 2], [9, 9], [1, 4], [9, 5], [9, 18], [16, 17], [18, 1], [6, 19], [3, 1], [14, 2], [7, 12], [15, 9], [13, 17], [13, 10], [4, 1], [6, 15], [12, 19], [16, 10], [1, 6], [8, 8], [14, 18], [2, 15], [8, 7], [16, 0], [5, 8], [9, 0], [11, 9], [14, 17], [15, 11], [9, 19], [12, 4], [6, 4], [7, 7], [13, 3], [19, 12], [9, 11], [14, 7], [0, 9], [17, 4], [9, 7], [15, 5], [19, 11], [13, 16], [3, 16], [0, 4], [1, 17], [5, 3], [16, 3], [19, 13], [18, 4], [17, 10], [1, 14], [4, 8], [15, 19], [17, 6], [18, 16], [10, 5], [18, 13], [13, 1], [3, 11], [9, 14], [17, 16], [4, 3], [13, 12], [17, 3], [4, 0], [13, 11], [0, 18], [13, 15], [19, 4], [14, 13], [3, 3], [9, 13], [7, 2], [12, 13], [7, 14], [4, 19], [14, 3], [2, 1], [6, 16], [4, 15], [17, 14], [0, 12], [1, 19], [15, 3], [3, 10], [19, 2], [10, 1], [15, 10], [12, 8], [1, 3], [1, 10], [4, 18], [16, 11], [7, 4], [19, 6]]}