{"meta": {"number_of_robots": 200, "description": {"parameters": {"seed": 7687, "shape": [20, 20], "obstacles": {"n": 0, "mean": 3, "std": 1.5}, "clusters": {"n": 5, "mean": 40, "std": 20.0, "relative_radius": 2, "increase_factor": 1.3, "start_dist": {"generator_name": "uniform", "shape": [20, 20], "min": 1.0, "max": 1.0, "mean": 1.0, "std": 0.0, "dtype": "float64", "parameters": {}}, "target_dist": {"generator_name": "uniform", "shape": [20, 20], "min": 1.0, "max": 1.0, "mean": 1.0, "std": 0.0, "dtype": "float64", "parameters": {}}}, "density": 0.5, "start_dist": {"generator_name": "uniform", "shape": [20, 20], "min": 1.0, "max": 1.0, "mean": 1.0, "std": 0.0, "dtype": "float64", "parameters": {}}, "target_dist": {"generator_name": "uniform", "shape": [20, 20], "min": 1.0, "max": 1.0, "mean": 1.0, "std": 0.0, "dtype": "float64", "parameters": {}}}, "stats": {"date": "2020-11-17", "free_area": 400.0, "number_of_clustered_robots": 200, "number_of_robots": 200}}}, "name": "small_free_011_20x20_50_200", "obstacles": [], "starts": [[18, 9], [15, 6], [3, 13], [16, 15], [16, 8], [13, 17], [14, 14], [8, 15], [13, 9], [12, 19], [15, 14], [7, 12], [19, 11], [5, 11], [12, 5], [8, 19], [10, 12], [13, 15], [17, 17], [17, 7], [4, 19], [1, 19], [17, 8], [1, 12], [13, 18], [15, 2], [15, 11], [14, 6], [19, 3], [12, 10], [10, 18], [12, 1], [8, 13], [17, 11], [12, 18], [10, 15], [16, 4], [11, 6], [13, 19], [11, 8], [2, 5], [18, 14], [14, 7], [1, 15], [14, 10], [14, 8], [2, 19], [10, 16], [15, 16], [17, 9], [6, 6], [19, 2], [7, 13], [19, 7], [3, 12], [19, 8], [9, 10], [13, 11], [11, 17], [13, 16], [10, 13], [4, 10], [16, 14], [15, 18], [14, 12], [16, 9], [12, 14], [8, 17], [16, 1], [15, 5], [7, 9], [7, 8], [16, 7], [15, 17], [1, 14], [4, 7], [12, 4], [7, 19], [13, 8], [10, 19], [18, 15], [2, 10], [10, 14], [8, 14], [18, 6], [7, 10], [18, 1], [18, 8], [7, 18], [15, 10], [5, 6], [19, 15], [6, 7], [4, 17], [16, 6], [7, 11], [13, 13], [2, 11], [15, 3], [9, 9], [16, 13], [10, 17], [15, 4], [6, 15], [14, 15], [11, 13], [14, 17], [2, 12], [19, 14], [7, 7], [0, 10], [16, 17], [13, 4], [8, 8], [19, 16], [12, 12], [12, 6], [10, 4], [18, 2], [18, 5], [10, 11], [6, 14], [12, 9], [15, 12], [12, 15], [16, 11], [5, 5], [14, 11], [14, 1], [8, 12], [0, 18], [14, 0], [6, 12], [0, 19], [16, 16], [15, 0], [19, 9], [0, 12], [7, 15], [11, 12], [7, 16], [12, 13], [15, 7], [10, 10], [10, 8], [19, 10], [5, 17], [4, 16], [17, 2], [19, 12], [3, 17], [15, 9], [5, 19], [17, 5], [0, 14], [19, 17], [5, 9], [9, 5], [17, 6], [16, 10], [11, 19], [14, 19], [15, 13], [15, 8], [10, 5], [11, 14], [18, 13], [18, 12], [13, 14], [18, 7], [8, 16], [12, 0], [1, 18], [13, 12], [11, 10], [18, 4], [2, 16], [18, 0], [0, 13], [6, 13], [13, 10], [17, 3], [9, 6], [6, 16], [12, 2], [17, 4], [15, 19], [3, 16], [14, 3], [4, 15], [16, 5], [12, 17], [1, 13], [1, 16], [13, 7], [9, 12], [19, 13], [11, 15], [14, 16], [2, 17]], "targets": [[0, 0], [2, 13], [15, 16], [17, 4], [3, 13], [7, 0], [7, 2], [1, 7], [13, 0], [4, 10], [19, 5], [11, 15], [6, 4], [5, 12], [5, 13], [8, 10], [11, 4], [11, 6], [14, 4], [3, 16], [8, 8], [12, 14], [13, 4], [9, 15], [7, 7], [5, 3], [15, 4], [15, 2], [4, 8], [13, 15], [11, 7], [1, 3], [12, 15], [19, 1], [12, 7], [12, 1], [1, 13], [0, 10], [6, 16], [13, 5], [16, 15], [9, 2], [10, 4], [3, 15], [13, 6], [11, 1], [8, 4], [11, 12], [11, 11], [13, 2], [7, 15], [3, 7], [8, 15], [1, 11], [7, 10], [2, 5], [2, 7], [10, 3], [13, 3], [9, 13], [5, 14], [17, 8], [11, 5], [7, 3], [16, 5], [10, 14], [16, 14], [16, 7], [3, 5], [4, 16], [6, 9], [9, 3], [11, 2], [19, 8], [11, 10], [8, 14], [10, 11], [8, 7], [11, 13], [4, 12], [15, 7], [5, 4], [14, 8], [13, 7], [13, 12], [9, 6], [3, 10], [18, 4], [7, 19], [14, 9], [0, 3], [1, 8], [3, 3], [4, 19], [7, 6], [16, 6], [13, 8], [12, 18], [11, 3], [14, 5], [6, 14], [2, 10], [4, 17], [7, 8], [18, 1], [14, 11], [2, 12], [7, 14], [0, 2], [12, 4], [12, 9], [18, 7], [9, 1], [12, 0], [10, 5], [6, 12], [4, 13], [4, 4], [0, 11], [18, 3], [2, 9], [10, 9], [1, 0], [12, 11], [14, 19], [0, 9], [6, 0], [19, 4], [1, 5], [4, 11], [15, 15], [3, 1], [5, 9], [12, 12], [18, 0], [1, 6], [2, 14], [14, 14], [10, 7], [8, 11], [15, 0], [13, 11], [10, 2], [5, 18], [16, 1], [4, 0], [16, 16], [15, 5], [4, 7], [16, 8], [14, 3], [0, 5], [15, 17], [2, 11], [3, 0], [13, 1], [9, 16], [7, 12], [16, 2], [6, 13], [14, 17], [10, 15], [0, 8], [2, 3], [10, 6], [10, 13], [17, 1], [5, 8], [16, 9], [1, 12], [8, 12], [6, 3], [0, 1], [12, 8], [3, 14], [3, 2], [12, 5], [6, 6], [9, 8], [12, 13], [11, 0], [3, 6], [6, 10], [3, 11], [0, 12], [5, 17], [7, 13], [10, 16], [0, 4], [16, 13], [14, 0], [11, 9], [9, 17], [6, 15], [10, 10], [10, 8], [9, 4], [11, 8], [13, 13], [1, 9]]}