{"meta": {"number_of_robots": 50, "description": {"parameters": {"seed": 7307, "shape": [10, 10], "obstacles": {"n": 0, "mean": 3, "std": 1.5}, "clusters": {"n": 0, "mean": 10, "std": 5.0, "relative_radius": 2, "increase_factor": 1.3, "start_dist": {"generator_name": "uniform", "shape": [10, 10], "min": 1.0, "max": 1.0, "mean": 1.0, "std": 0.0, "dtype": "float64", "parameters": {}}, "target_dist": {"generator_name": "uniform", "shape": [10, 10], "min": 1.0, "max": 1.0, "mean": 1.0, "std": 0.0, "dtype": "float64", "parameters": {}}}, "density": 0.5, "start_dist": {"generator_name": "uniform", "shape": [10, 10], "min": 1.0, "max": 1.0, "mean": 1.0, "std": 0.0, "dtype": "float64", "parameters": {}}, "target_dist": {"generator_name": "uniform", "shape": [10, 10], "min": 1.0, "max": 1.0, "mean": 1.0, "std": 0.0, "dtype": "float64", "parameters": {}}}, "stats": {"date": "2020-11-17", "free_area": 100.0, "number_of_clustered_robots": 0, "number_of_robots": 50}}}, "name": "small_free_002_10x10_50_50", "obstacles": [], "starts": [[0, 6], [2, 0], [8, 0], [9, 4], [9, 8], [4, 0], [2, 2], [9, 2], [0, 5], [2, 8], [3, 7], [7, 8], [3, 9], [7, 0], [1, 7], [6, 6], [6, 0], [6, 3], [8, 6], [5, 2], [5, 9], [9, 7], [9, 6], [9, 3], [4, 9], [3, 4], [5, 5], [5, 4], [8, 2], [7, 7], [4, 5], [2, 7], [0, 1], [1, 2], [0, 3], [8, 4], [1, 5], [5, 7], [9, 9], [7, 1], [8, 8], [8, 1], [4, 4], [2, 3], [6, 8], [2, 6], [2, 9], [6, 5], [7, 4], [6, 1]], "targets": [[4, 6], [8, 0], [5, 4], [7, 6], [2, 4], [9, 2], [0, 4], [2, 9], [5, 9], [5, 5], [9, 6], [5, 2], [0, 2], [9, 0], [6, 5], [3, 4], [0, 8], [6, 4], [6, 1], [6, 8], [8, 1], [4, 8], [0, 9], [8, 9], [6, 7], [1, 0], [9, 5], [8, 7], [4, 9], [4, 0], [9, 7], [3, 6], [8, 2], [7, 8], [9, 9], [5, 8], [1, 1], [4, 1], [1, 3], [3, 5], [2, 8], [7, 2], [7, 7], [9, 3], [8, 5], [0, 7], [8, 4], [7, 5], [5, 7], [0, 3]]}