{"meta": {"number_of_robots": 90, "description": {"parameters": {"seed": 5191, "shape": [10, 10], "obstacles": {"n": 0, "mean": 3, "std": 1.5}, "clusters": {"n": 10, "mean": 10, "std": 5.0, "relative_radius": 2, "increase_factor": 1.3, "start_dist": {"generator_name": "uniform", "shape": [10, 10], "min": 1.0, "max": 1.0, "mean": 1.0, "std": 0.0, "dtype": "float64", "parameters": {}}, "target_dist": {"generator_name": "uniform", "shape": [10, 10], "min": 1.0, "max": 1.0, "mean": 1.0, "std": 0.0, "dtype": "float64", "parameters": {}}}, "density": 0.9, "start_dist": {"generator_name": "uniform", "shape": [10, 10], "min": 1.0, "max": 1.0, "mean": 1.0, "std": 0.0, "dtype": "float64", "parameters": {}}, "target_dist": {"generator_name": "uniform", "shape": [10, 10], "min": 1.0, "max": 1.0, "mean": 1.0, "std": 0.0, "dtype": "float64", "parameters": {}}}, "stats": {"date": "2020-11-17", "free_area": 100.0, "number_of_clustered_robots": 90, "number_of_robots": 90}}}, "name": "small_free_007_10x10_90_90", "obstacles": [], "starts": [[7, 7], [1, 7], [5, 5], [7, 3], [0, 7], [4, 0], [2, 0], [6, 6], [2, 6], [3, 1], [6, 8], [1, 4], [9, 7], [2, 2], [2, 1], [5, 4], [4, 8], [6, 7], [0, 3], [6, 0], [2, 4], [3, 7], [1, 5], [7, 9], [5, 3], [3, 2], [3, 5], [3, 6], [3, 4], [8, 9], [0, 5], [4, 2], [8, 3], [7, 1], [1, 3], [8, 6], [5, 6], [8, 4], [2, 8], [4, 6], [5, 0], [9, 8], [1, 0], [3, 3], [2, 5], [2, 3], [6, 3], [7, 8], [7, 6], [4, 3], [7, 4], [1, 8], [6, 9], [9, 9], [4, 1], [3, 0], [4, 5], [0, 4], [3, 9], [1, 6], [0, 9], [5, 7], [4, 7], [1, 2], [0, 1], [9, 0], [8, 7], [0, 2], [0, 0], [1, 9], [3, 8], [6, 5], [2, 9], [5, 8], [4, 4], [9, 6], [6, 1], [7, 2], [8, 8], [8, 5], [1, 1], [6, 2], [0, 6], [5, 1], [5, 2], [2, 7], [7, 5], [9, 2], [0, 8], [4, 9]], "targets": [[1, 4], [6, 1], [3, 2], [2, 2], [4, 7], [8, 1], [3, 7], [8, 3], [3, 6], [6, 5], [7, 3], [5, 1], [3, 4], [7, 9], [6, 4], [2, 1], [5, 4], [5, 3], [6, 6], [7, 4], [1, 3], [0, 1], [3, 9], [4, 4], [4, 2], [5, 2], [8, 0], [5, 6], [1, 1], [4, 8], [2, 7], [4, 9], [5, 0], [8, 5], [4, 1], [5, 5], [5, 7], [0, 5], [2, 5], [7, 0], [9, 6], [4, 5], [6, 9], [3, 8], [3, 1], [6, 2], [8, 2], [6, 3], [3, 3], [1, 2], [7, 5], [9, 4], [4, 6], [7, 6], [6, 0], [6, 8], [6, 7], [5, 9], [0, 2], [7, 7], [2, 4], [2, 3], [0, 0], [1, 0], [4, 0], [9, 0], [1, 6], [2, 9], [3, 5], [3, 0], [9, 9], [0, 7], [1, 5], [7, 8], [8, 4], [9, 8], [2, 6], [8, 8], [0, 4], [1, 9], [1, 8], [2, 8], [0, 6], [2, 0], [7, 2], [8, 7], [5, 8], [8, 6], [8, 9], [1, 7]]}