{"meta": {"number_of_robots": 200, "description": {"parameters": {"seed": 1817, "shape": [20, 20], "obstacles": {"n": 10, "mean": 5, "std": 2.5}, "clusters": {"n": 0, "mean": 10, "std": 5.0, "relative_radius": 2, "increase_factor": 1.3, "start_dist": {"generator_name": "uniform", "shape": [20, 20], "min": 1.0, "max": 1.0, "mean": 1.0, "std": 0.0, "dtype": "float64", "parameters": {}}, "target_dist": {"generator_name": "uniform", "shape": [20, 20], "min": 1.0, "max": 1.0, "mean": 1.0, "std": 0.0, "dtype": "float64", "parameters": {}}}, "density": 0.9, "start_dist": {"generator_name": "uniform", "shape": [20, 20], "min": 1.0, "max": 1.0, "mean": 1.0, "std": 0.0, "dtype": "float64", "parameters": {}}, "target_dist": {"generator_name": "uniform", "shape": [20, 20], "min": 1.0, "max": 1.0, "mean": 1.0, "std": 0.0, "dtype": "float64", "parameters": {}}}, "stats": {"date": "2020-11-18", "free_area": 222.0, "number_of_clustered_robots": 0, "number_of_robots": 200}}}, "name": "small_014_20x20_90_200", "obstacles": [[2, 6], [2, 7], [2, 8], [2, 9], [2, 10], [2, 11], [2, 12], [2, 13], [3, 6], [3, 13], [4, 6], [4, 13], [5, 6], [5, 12], [6, 1], [6, 2], [6, 3], [6, 4], [6, 6], [6, 11], [6, 12], [7, 1], [7, 4], [7, 7], [7, 10], [8, 1], [8, 4], [8, 7], [8, 10], [8, 12], [8, 13], [8, 14], [8, 15], [8, 16], [8, 17], [8, 18], [9, 1], [9, 4], [9, 7], [9, 8], [9, 9], [9, 10], [9, 12], [9, 17], [10, 1], [10, 4], [10, 12], [10, 17], [11, 1], [11, 5], [11, 6], [11, 12], [11, 17], [12, 1], [12, 7], [12, 8], [12, 9], [12, 10], [12, 12], [12, 17], [13, 1], [13, 10], [13, 12], [13, 17], [14, 1], [14, 10], [14, 12], [14, 17], [15, 1], [15, 2], [15, 5], [15, 6], [15, 7], [15, 8], [15, 9], [15, 10], [15, 12], [15, 17], [16, 3], [16, 4], [16, 13], [16, 14], [16, 15], [16, 16], [16, 17], [17, 3], [17, 4], [18, 3], [18, 4], [19, 3], [19, 4]], "starts": [[17, 12], [2, 14], [1, 3], [18, 15], [3, 3], [4, 18], [10, 19], [18, 14], [0, 13], [10, 9], [11, 19], [6, 5], [2, 15], [16, 18], [19, 1], [14, 0], [9, 5], [7, 13], [1, 4], [6, 17], [11, 11], [5, 16], [19, 16], [18, 2], [11, 8], [17, 5], [0, 16], [2, 19], [16, 1], [12, 11], [0, 19], [18, 5], [18, 7], [18, 11], [7, 5], [18, 12], [3, 14], [19, 17], [17, 19], [16, 2], [19, 6], [13, 18], [18, 6], [3, 2], [18, 16], [2, 2], [11, 0], [19, 10], [17, 7], [2, 0], [12, 0], [19, 15], [17, 9], [1, 18], [8, 6], [2, 18], [0, 6], [7, 15], [6, 16], [3, 17], [19, 11], [5, 3], [7, 16], [7, 6], [15, 19], [16, 6], [17, 14], [19, 12], [18, 10], [9, 0], [1, 16], [11, 18], [1, 7], [0, 18], [7, 19], [1, 12], [1, 1], [1, 8], [6, 19], [1, 15], [9, 11], [19, 2], [16, 11], [4, 2], [0, 11], [9, 19], [3, 19], [5, 17], [16, 0], [7, 14], [5, 1], [10, 18], [11, 10], [2, 3], [5, 2], [10, 5], [0, 5], [13, 0], [17, 16], [0, 9], [14, 18], [1, 14], [0, 8], [19, 5], [16, 12], [7, 17], [0, 15], [8, 11], [5, 15], [2, 16], [16, 10], [4, 19], [11, 7], [4, 3], [17, 17], [0, 3], [10, 10], [4, 4], [7, 0], [18, 13], [3, 1], [3, 5], [10, 11], [3, 16], [17, 15], [2, 4], [2, 5], [18, 1], [6, 0], [11, 9], [1, 5], [18, 19], [5, 18], [17, 1], [1, 0], [10, 7], [5, 13], [17, 2], [17, 13], [0, 12], [0, 0], [17, 8], [4, 15], [6, 18], [4, 17], [12, 18], [5, 19], [4, 16], [5, 4], [7, 12], [15, 11], [3, 0], [19, 7], [13, 19], [5, 5], [0, 4], [17, 11], [1, 10], [0, 1], [6, 14], [19, 13], [17, 18], [19, 9], [15, 18], [18, 0], [10, 6], [18, 8], [5, 0], [8, 5], [17, 10], [5, 14], [6, 15], [3, 15], [1, 13], [3, 4], [17, 6], [19, 19], [15, 0], [1, 6], [4, 14], [18, 9], [8, 19], [0, 10], [9, 6], [1, 2], [3, 18], [19, 14], [4, 5], [14, 19], [7, 11], [1, 9], [12, 19], [13, 11], [10, 0], [19, 0], [19, 18], [4, 1], [16, 5], [6, 13], [0, 14]], "targets": [[1, 12], [0, 19], [13, 0], [0, 4], [8, 11], [0, 14], [7, 12], [15, 11], [17, 2], [7, 16], [6, 19], [18, 9], [0, 12], [1, 6], [10, 18], [19, 9], [5, 19], [8, 19], [13, 11], [3, 2], [17, 0], [2, 5], [5, 13], [17, 7], [17, 10], [5, 1], [3, 5], [11, 8], [1, 1], [19, 18], [19, 1], [1, 7], [11, 9], [19, 19], [18, 11], [19, 10], [16, 7], [3, 19], [11, 18], [18, 10], [18, 5], [0, 7], [17, 9], [10, 6], [17, 17], [0, 3], [13, 18], [6, 13], [16, 10], [3, 4], [17, 6], [10, 5], [5, 14], [14, 0], [19, 11], [1, 13], [5, 18], [7, 18], [3, 17], [14, 18], [2, 17], [17, 16], [1, 14], [6, 15], [11, 10], [16, 9], [17, 12], [7, 15], [10, 10], [4, 1], [4, 2], [1, 17], [17, 13], [17, 19], [0, 15], [1, 3], [19, 13], [1, 4], [16, 18], [14, 19], [4, 3], [1, 5], [7, 19], [17, 11], [12, 11], [10, 19], [15, 19], [0, 11], [3, 3], [0, 13], [1, 2], [6, 18], [1, 19], [19, 12], [4, 15], [18, 1], [17, 1], [7, 13], [1, 10], [18, 8], [12, 18], [0, 1], [4, 16], [2, 0], [4, 4], [19, 16], [3, 15], [16, 6], [7, 5], [18, 6], [13, 19], [16, 12], [1, 18], [4, 0], [4, 14], [2, 19], [9, 5], [18, 15], [0, 10], [12, 19], [3, 1], [7, 14], [2, 15], [10, 7], [1, 9], [17, 8], [7, 0], [3, 0], [15, 0], [5, 0], [19, 15], [0, 6], [16, 0], [9, 18], [0, 18], [7, 17], [1, 8], [11, 0], [6, 5], [3, 14], [17, 14], [5, 5], [16, 2], [19, 14], [8, 0], [10, 8], [2, 18], [4, 17], [2, 16], [2, 2], [14, 11], [19, 2], [6, 17], [19, 7], [16, 5], [6, 0], [18, 18], [19, 6], [17, 15], [16, 11], [10, 0], [6, 14], [5, 16], [16, 19], [18, 13], [16, 8], [5, 4], [10, 9], [1, 15], [18, 2], [4, 18], [2, 14], [11, 11], [9, 6], [3, 18], [18, 14], [19, 0], [2, 4], [5, 3], [5, 17], [6, 16], [10, 11], [9, 0], [7, 11], [16, 1], [1, 11], [19, 17], [18, 12], [1, 0], [12, 0], [17, 18], [18, 16], [15, 18], [8, 6], [4, 19], [5, 15], [9, 19], [0, 0], [19, 8], [5, 2]]}