{"meta": {"number_of_robots": 33, "description": {"parameters": {"seed": 7448, "shape": [10, 10], "obstacles": {"n": 5, "mean": 5, "std": 2.5}, "clusters": {"n": 0, "mean": 10, "std": 5.0, "relative_radius": 2, "increase_factor": 1.3, "start_dist": {"generator_name": "uniform", "shape": [10, 10], "min": 1.0, "max": 1.0, "mean": 1.0, "std": 0.0, "dtype": "float64", "parameters": {}}, "target_dist": {"generator_name": "uniform", "shape": [10, 10], "min": 1.0, "max": 1.0, "mean": 1.0, "std": 0.0, "dtype": "float64", "parameters": {}}}, "density": 0.6, "start_dist": {"generator_name": "uniform", "shape": [10, 10], "min": 1.0, "max": 1.0, "mean": 1.0, "std": 0.0, "dtype": "float64", "parameters": {}}, "target_dist": {"generator_name": "uniform", "shape": [10, 10], "min": 1.0, "max": 1.0, "mean": 1.0, "std": 0.0, "dtype": "float64", "parameters": {}}}, "stats": {"date": "2020-11-18", "free_area": 54.0, "number_of_clustered_robots": 0, "number_of_robots": 33}}}, "name": "small_002_10x10_60_33", "obstacles": [[0, 2], [0, 3], [0, 4], [0, 5], [0, 6], [0, 7], [0, 8], [1, 2], [1, 8], [2, 2], [2, 8], [3, 2], [3, 8], [4, 2], [4, 8], [5, 2], [5, 3], [5, 8], [6, 4], [6, 5], [6, 6], [6, 7]], "starts": [[9, 1], [9, 7], [8, 3], [7, 0], [9, 0], [2, 1], [0, 9], [7, 2], [9, 4], [9, 9], [9, 8], [4, 0], [8, 7], [8, 4], [0, 1], [8, 1], [5, 9], [4, 1], [3, 0], [8, 5], [7, 1], [8, 6], [7, 6], [8, 0], [9, 6], [5, 1], [9, 2], [7, 9], [7, 5], [6, 0], [9, 5], [1, 1], [1, 9]], "targets": [[8, 5], [8, 8], [0, 1], [9, 1], [8, 6], [9, 8], [7, 9], [8, 0], [7, 5], [5, 0], [8, 7], [0, 9], [7, 1], [4, 0], [7, 8], [1, 0], [9, 6], [7, 2], [7, 3], [1, 9], [6, 2], [6, 3], [5, 9], [9, 5], [8, 3], [8, 9], [9, 0], [9, 7], [3, 1], [4, 1], [3, 0], [7, 0], [7, 4]]}