{"meta": {"number_of_robots": 200, "description": {"parameters": {"seed": 4375, "shape": [20, 20], "obstacles": {"n": 0, "mean": 3, "std": 1.5}, "clusters": {"n": 0, "mean": 10, "std": 5.0, "relative_radius": 2, "increase_factor": 1.3, "start_dist": {"generator_name": "uniform", "shape": [20, 20], "min": 1.0, "max": 1.0, "mean": 1.0, "std": 0.0, "dtype": "float64", "parameters": {}}, "target_dist": {"generator_name": "uniform", "shape": [20, 20], "min": 1.0, "max": 1.0, "mean": 1.0, "std": 0.0, "dtype": "float64", "parameters": {}}}, "density": 0.5, "start_dist": {"generator_name": "uniform", "shape": [20, 20], "min": 1.0, "max": 1.0, "mean": 1.0, "std": 0.0, "dtype": "float64", "parameters": {}}, "target_dist": {"generator_name": "uniform", "shape": [20, 20], "min": 1.0, "max": 1.0, "mean": 1.0, "std": 0.0, "dtype": "float64", "parameters": {}}}, "stats": {"date": "2020-11-17", "free_area": 400.0, "number_of_clustered_robots": 0, "number_of_robots": 200}}}, "name": "small_free_010_20x20_50_200", "obstacles": [], "starts": [[15, 2], [1, 16], [0, 4], [1, 10], [5, 4], [7, 8], [10, 13], [1, 4], [8, 10], [17, 5], [1, 0], [19, 13], [2, 11], [6, 15], [11, 19], [9, 4], [6, 5], [13, 2], [19, 10], [7, 2], [16, 13], [15, 7], [17, 14], [13, 7], [13, 3], [0, 14], [9, 18], [4, 6], [4, 8], [12, 3], [8, 18], [12, 0], [5, 6], [19, 12], [10, 11], [2, 7], [3, 8], [2, 0], [8, 14], [3, 1], [9, 14], [4, 9], [17, 2], [3, 9], [2, 19], [17, 6], [18, 7], [4, 5], [7, 11], [0, 9], [18, 16], [10, 16], [11, 13], [16, 5], [8, 0], [0, 1], [4, 1], [4, 11], [16, 16], [8, 7], [0, 11], [19, 9], [17, 19], [0, 12], [8, 13], [4, 15], [14, 7], [17, 13], [4, 13], [15, 1], [18, 3], [2, 6], [12, 7], [11, 11], [3, 14], [5, 8], [1, 8], [6, 2], [19, 3], [4, 16], [14, 13], [1, 5], [11, 7], [4, 7], [8, 6], [17, 10], [14, 4], [7, 1], [19, 0], [2, 13], [10, 14], [1, 6], [6, 9], [7, 16], [3, 2], [9, 13], [3, 3], [18, 18], [19, 15], [9, 10], [11, 16], [14, 10], [5, 17], [13, 16], [2, 5], [15, 13], [18, 19], [16, 3], [3, 10], [15, 12], [0, 8], [0, 16], [18, 13], [7, 4], [17, 15], [16, 6], [8, 12], [1, 9], [16, 18], [5, 5], [15, 15], [6, 1], [1, 13], [3, 6], [6, 7], [18, 2], [11, 4], [12, 8], [3, 18], [12, 4], [4, 2], [11, 15], [9, 1], [10, 1], [13, 6], [11, 1], [1, 14], [7, 14], [19, 2], [7, 19], [0, 10], [7, 7], [14, 3], [7, 15], [5, 13], [2, 10], [13, 9], [14, 12], [13, 5], [19, 4], [0, 19], [2, 12], [18, 12], [16, 8], [8, 17], [1, 18], [6, 4], [6, 6], [3, 13], [12, 13], [5, 7], [0, 5], [1, 3], [1, 19], [17, 17], [13, 17], [15, 10], [6, 10], [17, 4], [7, 18], [8, 2], [9, 19], [11, 12], [10, 10], [9, 5], [16, 17], [17, 8], [8, 3], [9, 7], [11, 17], [16, 15], [2, 9], [1, 15], [2, 15], [9, 8], [12, 16], [12, 9], [2, 1], [5, 1], [10, 9], [19, 16], [9, 6], [3, 19], [9, 3], [15, 19], [10, 15], [10, 0], [16, 2], [14, 9], [10, 4]], "targets": [[13, 15], [2, 3], [6, 18], [4, 3], [15, 2], [14, 15], [12, 14], [1, 9], [8, 17], [16, 15], [14, 19], [6, 17], [0, 15], [13, 9], [11, 10], [14, 17], [3, 4], [16, 2], [13, 7], [8, 10], [18, 17], [8, 15], [10, 15], [12, 16], [6, 4], [14, 18], [19, 11], [9, 7], [1, 15], [15, 7], [4, 7], [5, 7], [3, 12], [12, 2], [1, 16], [14, 13], [12, 13], [0, 13], [12, 4], [6, 7], [15, 16], [12, 17], [1, 0], [0, 18], [4, 12], [17, 15], [16, 1], [5, 13], [4, 5], [16, 11], [9, 8], [14, 3], [3, 17], [13, 6], [13, 12], [16, 6], [14, 6], [18, 3], [10, 6], [8, 3], [16, 3], [16, 10], [18, 15], [11, 12], [7, 1], [19, 12], [0, 2], [5, 19], [5, 1], [7, 6], [13, 4], [3, 11], [9, 16], [12, 0], [3, 9], [18, 19], [8, 16], [8, 13], [13, 0], [15, 10], [12, 9], [17, 5], [12, 10], [7, 12], [4, 16], [3, 6], [10, 17], [19, 9], [7, 10], [11, 4], [0, 6], [10, 5], [0, 19], [2, 15], [7, 8], [16, 12], [6, 16], [10, 7], [4, 13], [7, 7], [19, 4], [9, 10], [9, 15], [16, 7], [1, 13], [4, 11], [4, 2], [5, 16], [10, 2], [10, 13], [18, 13], [11, 17], [17, 7], [5, 0], [18, 0], [15, 0], [5, 12], [12, 15], [10, 0], [5, 15], [14, 0], [9, 13], [0, 4], [9, 4], [9, 17], [15, 3], [1, 6], [8, 2], [16, 19], [7, 17], [2, 19], [3, 10], [18, 18], [13, 10], [10, 8], [8, 18], [7, 15], [10, 9], [16, 8], [3, 19], [0, 1], [5, 8], [18, 2], [9, 1], [13, 5], [5, 6], [0, 10], [17, 2], [8, 4], [18, 11], [6, 8], [14, 4], [6, 13], [11, 16], [8, 9], [3, 0], [11, 7], [16, 4], [17, 3], [17, 14], [18, 10], [2, 1], [1, 12], [13, 11], [5, 4], [5, 18], [5, 2], [8, 12], [19, 18], [4, 6], [1, 2], [2, 9], [15, 6], [6, 11], [13, 2], [11, 9], [3, 16], [6, 0], [17, 19], [18, 9], [17, 1], [15, 12], [6, 5], [5, 17], [12, 3], [7, 9], [11, 3], [19, 6], [14, 9], [18, 5], [9, 0], [9, 19], [3, 15], [7, 16], [15, 8], [0, 17], [17, 16], [8, 1], [13, 19], [3, 7]]}