{"meta": {"number_of_robots": 160, "description": {"parameters": {"seed": 2980, "shape": [20, 20], "obstacles": {"n": 0, "mean": 3, "std": 1.5}, "clusters": {"n": 20, "mean": 10, "std": 5.0, "relative_radius": 2, "increase_factor": 1.3, "start_dist": {"generator_name": "uniform", "shape": [20, 20], "min": 1.0, "max": 1.0, "mean": 1.0, "std": 0.0, "dtype": "float64", "parameters": {}}, "target_dist": {"generator_name": "uniform", "shape": [20, 20], "min": 1.0, "max": 1.0, "mean": 1.0, "std": 0.0, "dtype": "float64", "parameters": {}}}, "density": 0.4, "start_dist": {"generator_name": "uniform", "shape": [20, 20], "min": 1.0, "max": 1.0, "mean": 1.0, "std": 0.0, "dtype": "float64", "parameters": {}}, "target_dist": {"generator_name": "uniform", "shape": [20, 20], "min": 1.0, "max": 1.0, "mean": 1.0, "std": 0.0, "dtype": "float64", "parameters": {}}}, "stats": {"date": "2020-11-17", "free_area": 400.0, "number_of_clustered_robots": 160, "number_of_robots": 160}}}, "name": "small_free_008_20x20_40_160", "obstacles": [], "starts": [[16, 3], [6, 1], [17, 10], [14, 16], [1, 2], [6, 3], [4, 15], [10, 5], [13, 15], [17, 19], [2, 16], [11, 3], [17, 16], [4, 3], [5, 18], [12, 2], [14, 3], [7, 3], [9, 3], [2, 8], [8, 3], [6, 2], [6, 4], [16, 9], [6, 18], [15, 0], [14, 5], [3, 18], [0, 8], [5, 0], [5, 9], [17, 13], [13, 8], [6, 5], [2, 3], [4, 10], [5, 5], [1, 4], [13, 14], [15, 13], [5, 15], [19, 1], [15, 18], [9, 2], [3, 11], [3, 7], [18, 6], [2, 18], [1, 5], [7, 4], [10, 3], [16, 13], [9, 8], [17, 14], [10, 2], [7, 5], [2, 4], [0, 9], [8, 16], [18, 4], [3, 4], [17, 4], [7, 0], [13, 16], [15, 3], [4, 17], [0, 6], [7, 2], [19, 13], [2, 0], [11, 5], [8, 9], [14, 19], [12, 7], [4, 18], [19, 2], [4, 1], [18, 18], [2, 1], [7, 1], [1, 13], [12, 15], [3, 9], [6, 0], [16, 6], [0, 19], [2, 2], [10, 18], [16, 2], [9, 4], [8, 2], [10, 1], [14, 10], [8, 5], [14, 17], [8, 6], [4, 7], [16, 11], [4, 2], [4, 5], [2, 13], [15, 2], [2, 19], [2, 9], [7, 18], [15, 1], [1, 3], [19, 9], [9, 6], [16, 19], [5, 4], [9, 0], [8, 1], [17, 17], [13, 5], [13, 9], [4, 6], [1, 1], [5, 1], [19, 16], [9, 17], [19, 0], [18, 0], [0, 17], [2, 6], [8, 4], [10, 0], [0, 13], [19, 8], [8, 8], [3, 3], [4, 0], [14, 8], [7, 9], [14, 15], [10, 10], [8, 0], [8, 19], [17, 0], [16, 1], [1, 18], [4, 8], [9, 5], [9, 1], [15, 16], [3, 0], [4, 4], [0, 11], [12, 16], [3, 5], [10, 19], [13, 4], [5, 2], [9, 9], [13, 19], [10, 7], [5, 6], [18, 12], [1, 0], [13, 3]], "targets": [[13, 18], [9, 8], [4, 5], [2, 11], [17, 12], [9, 11], [2, 14], [12, 14], [18, 19], [3, 8], [15, 15], [6, 1], [6, 8], [5, 9], [12, 3], [11, 19], [10, 6], [9, 0], [13, 1], [8, 2], [14, 17], [10, 2], [11, 12], [17, 14], [9, 2], [10, 14], [11, 18], [13, 16], [12, 7], [7, 10], [7, 5], [5, 15], [4, 7], [6, 9], [17, 13], [3, 10], [5, 5], [16, 7], [15, 14], [4, 0], [9, 6], [6, 15], [1, 13], [15, 18], [4, 2], [7, 6], [9, 14], [15, 11], [6, 7], [17, 7], [10, 11], [19, 15], [4, 4], [4, 14], [9, 1], [9, 7], [18, 11], [6, 11], [11, 2], [5, 16], [8, 1], [11, 9], [16, 6], [18, 18], [7, 15], [17, 16], [7, 8], [18, 15], [3, 3], [9, 3], [12, 9], [1, 2], [4, 10], [5, 0], [11, 7], [6, 14], [7, 9], [4, 15], [16, 18], [16, 8], [3, 13], [19, 17], [7, 0], [8, 5], [13, 14], [18, 8], [12, 6], [7, 3], [12, 13], [16, 12], [14, 11], [11, 15], [15, 17], [1, 3], [3, 11], [10, 0], [9, 4], [3, 5], [9, 10], [17, 18], [7, 11], [6, 19], [19, 14], [13, 9], [7, 2], [5, 18], [17, 10], [17, 19], [13, 3], [2, 12], [19, 11], [12, 10], [6, 6], [2, 8], [9, 9], [6, 0], [8, 0], [13, 6], [14, 10], [15, 16], [11, 10], [12, 16], [10, 19], [14, 13], [11, 6], [10, 10], [19, 19], [8, 15], [3, 4], [12, 2], [11, 11], [10, 15], [14, 15], [2, 4], [7, 7], [5, 2], [19, 13], [4, 9], [7, 13], [6, 16], [17, 9], [12, 8], [3, 2], [6, 10], [3, 15], [16, 14], [15, 13], [2, 15], [15, 19], [6, 3], [10, 5], [9, 18], [10, 8], [5, 3], [1, 8], [11, 5], [8, 4], [1, 5], [16, 16], [6, 17]]}