{"meta": {"number_of_robots": 83, "description": {"parameters": {"seed": 318, "shape": [20, 20], "obstacles": {"n": 10, "mean": 5, "std": 2.5}, "clusters": {"n": 5, "mean": 20, "std": 10.0, "relative_radius": 2, "increase_factor": 1.3, "start_dist": {"generator_name": "uniform", "shape": [20, 20], "min": 1.0, "max": 1.0, "mean": 1.0, "std": 0.0, "dtype": "float64", "parameters": {}}, "target_dist": {"generator_name": "uniform", "shape": [20, 20], "min": 1.0, "max": 1.0, "mean": 1.0, "std": 0.0, "dtype": "float64", "parameters": {}}}, "density": 0.4, "start_dist": {"generator_name": "uniform", "shape": [20, 20], "min": 1.0, "max": 1.0, "mean": 1.0, "std": 0.0, "dtype": "float64", "parameters": {}}, "target_dist": {"generator_name": "uniform", "shape": [20, 20], "min": 1.0, "max": 1.0, "mean": 1.0, "std": 0.0, "dtype": "float64", "parameters": {}}}, "stats": {"date": "2020-11-18", "free_area": 207.0, "number_of_clustered_robots": 83, "number_of_robots": 83}}}, "name": "small_008_20x20_40_83", "obstacles": [[3, 8], [3, 9], [3, 10], [4, 8], [4, 10], [4, 14], [4, 15], [4, 16], [4, 17], [4, 18], [5, 4], [5, 5], [5, 6], [5, 7], [5, 10], [5, 14], [5, 18], [6, 4], [6, 8], [6, 9], [6, 10], [6, 14], [6, 19], [7, 4], [7, 7], [7, 14], [7, 19], [8, 4], [8, 5], [8, 6], [8, 7], [8, 14], [8, 19], [9, 7], [9, 14], [9, 19], [10, 7], [10, 8], [10, 9], [10, 10], [10, 11], [10, 12], [10, 13], [10, 19], [11, 7], [11, 19], [12, 7], [12, 18], [13, 0], [13, 1], [13, 2], [13, 7], [13, 18], [14, 0], [14, 2], [14, 4], [14, 5], [14, 6], [14, 18], [15, 0], [15, 2], [15, 4], [15, 5], [15, 6], [15, 7], [15, 8], [15, 9], [15, 18], [16, 0], [16, 3], [16, 4], [16, 10], [16, 18], [17, 0], [17, 4], [17, 10], [17, 18], [18, 1], [18, 2], [18, 3], [18, 4], [18, 10], [18, 11], [18, 12], [18, 13], [18, 14], [18, 15], [18, 16], [18, 17], [18, 18]], "starts": [[7, 11], [8, 13], [1, 15], [0, 4], [9, 8], [5, 11], [9, 4], [8, 8], [0, 13], [2, 14], [6, 3], [0, 12], [11, 6], [4, 12], [9, 3], [1, 11], [3, 18], [9, 6], [3, 14], [3, 19], [1, 3], [2, 11], [5, 12], [13, 6], [1, 10], [1, 8], [1, 16], [3, 7], [5, 13], [0, 19], [2, 9], [3, 15], [9, 5], [3, 12], [0, 7], [1, 12], [2, 16], [0, 0], [3, 6], [2, 19], [7, 8], [4, 4], [3, 17], [3, 16], [4, 3], [0, 14], [4, 11], [1, 7], [6, 1], [6, 11], [6, 12], [0, 2], [2, 17], [7, 13], [0, 11], [1, 18], [2, 10], [0, 10], [2, 12], [4, 6], [0, 5], [0, 9], [3, 13], [3, 0], [9, 12], [4, 19], [6, 13], [1, 13], [8, 3], [1, 17], [4, 13], [4, 5], [3, 11], [0, 8], [7, 2], [8, 10], [5, 19], [2, 8], [5, 2], [0, 15], [7, 12], [0, 6], [0, 17]], "targets": [[0, 6], [2, 6], [4, 4], [4, 2], [9, 3], [1, 16], [4, 1], [7, 1], [3, 6], [2, 14], [10, 4], [0, 7], [2, 1], [3, 7], [7, 9], [2, 2], [7, 3], [11, 6], [0, 1], [5, 11], [4, 5], [5, 0], [0, 15], [1, 8], [1, 5], [6, 0], [9, 5], [2, 5], [0, 2], [8, 10], [8, 9], [2, 3], [12, 1], [2, 7], [2, 9], [1, 6], [0, 9], [7, 2], [4, 7], [3, 14], [4, 6], [5, 3], [2, 16], [0, 5], [13, 4], [3, 4], [6, 1], [0, 3], [12, 4], [3, 2], [1, 0], [9, 8], [5, 13], [0, 4], [3, 0], [2, 11], [10, 6], [2, 8], [6, 2], [0, 8], [13, 6], [1, 4], [1, 2], [13, 5], [6, 3], [7, 8], [5, 1], [4, 3], [7, 0], [7, 11], [8, 8], [9, 4], [3, 13], [0, 0], [12, 0], [8, 0], [9, 12], [3, 5], [11, 3], [0, 10], [8, 1], [1, 1], [9, 11]]}