{"meta": {"number_of_robots": 183, "description": {"parameters": {"seed": 1582, "shape": [20, 20], "obstacles": {"n": 5, "mean": 7, "std": 3.5}, "clusters": {"n": 20, "mean": 10, "std": 5.0, "relative_radius": 2, "increase_factor": 1.3, "start_dist": {"generator_name": "uniform", "shape": [20, 20], "min": 1.0, "max": 1.0, "mean": 1.0, "std": 0.0, "dtype": "float64", "parameters": {}}, "target_dist": {"generator_name": "uniform", "shape": [20, 20], "min": 1.0, "max": 1.0, "mean": 1.0, "std": 0.0, "dtype": "float64", "parameters": {}}}, "density": 0.9, "start_dist": {"generator_name": "uniform", "shape": [20, 20], "min": 1.0, "max": 1.0, "mean": 1.0, "std": 0.0, "dtype": "float64", "parameters": {}}, "target_dist": {"generator_name": "uniform", "shape": [20, 20], "min": 1.0, "max": 1.0, "mean": 1.0, "std": 0.0, "dtype": "float64", "parameters": {}}}, "stats": {"date": "2020-11-18", "free_area": 203.0, "number_of_clustered_robots": 183, "number_of_robots": 183}}}, "name": "small_011_20x20_90_183", "obstacles": [[4, 1], [4, 2], [4, 3], [4, 4], [4, 5], [4, 6], [4, 7], [4, 8], [5, 1], [5, 8], [5, 12], [5, 13], [5, 14], [5, 15], [5, 16], [5, 17], [6, 1], [6, 8], [6, 12], [6, 17], [7, 1], [7, 9], [7, 10], [7, 11], [7, 17], [8, 1], [8, 17], [9, 1], [9, 17], [10, 1], [10, 17], [11, 1], [11, 16], [11, 17], [11, 18], [12, 1], [12, 2], [12, 3], [12, 4], [12, 5], [12, 15], [13, 6], [13, 15], [14, 6], [14, 15], [15, 6], [15, 15], [16, 6], [16, 15], [17, 6], [17, 15], [18, 6], [18, 7], [18, 8], [18, 9], [18, 10], [18, 11], [18, 12], [18, 13], [18, 14], [18, 15]], "starts": [[7, 19], [10, 19], [1, 19], [19, 12], [8, 0], [1, 16], [17, 19], [4, 13], [17, 18], [19, 4], [18, 5], [13, 17], [3, 12], [2, 3], [1, 17], [15, 16], [8, 19], [4, 15], [1, 1], [2, 4], [3, 19], [13, 1], [16, 16], [19, 18], [1, 15], [12, 19], [4, 16], [0, 1], [16, 19], [4, 14], [9, 0], [14, 18], [19, 19], [18, 2], [18, 17], [0, 16], [11, 19], [15, 0], [1, 3], [5, 19], [5, 18], [16, 3], [18, 18], [0, 11], [19, 14], [9, 19], [6, 18], [1, 4], [19, 16], [2, 14], [15, 18], [6, 19], [15, 5], [19, 15], [10, 18], [19, 2], [15, 19], [2, 18], [9, 18], [17, 0], [3, 3], [2, 19], [16, 4], [17, 16], [8, 18], [0, 3], [14, 16], [14, 19], [3, 16], [18, 16], [4, 19], [4, 17], [15, 2], [13, 16], [19, 17], [5, 9], [15, 17], [16, 5], [16, 18], [0, 18], [0, 2], [19, 13], [0, 19], [2, 16], [15, 4], [7, 18], [17, 1], [0, 5], [16, 17], [2, 7], [14, 17], [3, 18], [14, 1], [17, 17], [18, 19], [4, 12], [1, 18], [13, 19], [3, 15], [0, 4], [12, 17], [17, 4], [1, 14], [6, 0], [12, 18], [12, 16], [0, 15], [19, 11], [3, 7], [4, 18], [19, 3], [2, 1], [13, 18], [3, 14], [16, 1], [19, 10], [19, 9], [3, 17], [1, 5], [19, 8], [3, 13], [2, 15], [14, 3], [4, 9], [17, 2], [6, 10], [2, 17], [13, 5], [0, 13], [5, 10], [0, 17], [1, 2], [2, 13], [10, 0], [19, 7], [5, 11], [2, 12], [19, 1], [2, 2], [19, 6], [1, 11], [6, 9], [1, 13], [6, 11], [0, 14], [13, 0], [4, 11], [15, 3], [2, 11], [3, 11], [2, 5], [0, 12], [14, 5], [1, 12], [1, 9], [14, 4], [2, 10], [4, 10], [3, 10], [15, 1], [1, 7], [2, 6], [3, 6], [2, 9], [7, 0], [19, 5], [1, 10], [3, 9], [1, 8], [3, 0], [2, 8], [17, 3], [18, 4], [3, 8], [0, 10], [16, 0], [13, 3], [17, 5], [0, 7], [1, 6], [3, 5], [0, 9], [16, 2]], "targets": [[18, 19], [12, 17], [5, 18], [0, 19], [16, 19], [9, 19], [4, 10], [2, 3], [0, 2], [3, 4], [14, 5], [3, 17], [17, 19], [18, 4], [0, 9], [19, 2], [16, 5], [1, 5], [19, 7], [16, 1], [19, 18], [14, 19], [2, 5], [0, 16], [15, 18], [3, 12], [1, 12], [13, 3], [17, 1], [19, 15], [16, 17], [19, 6], [3, 2], [18, 0], [7, 18], [19, 12], [13, 19], [3, 10], [19, 8], [3, 0], [18, 16], [19, 14], [3, 19], [3, 3], [2, 1], [3, 13], [2, 6], [15, 0], [5, 9], [15, 19], [17, 0], [17, 18], [11, 19], [16, 0], [2, 4], [14, 4], [2, 12], [16, 18], [15, 16], [5, 10], [19, 9], [19, 19], [19, 11], [1, 13], [2, 8], [16, 4], [3, 1], [13, 0], [1, 6], [8, 18], [14, 16], [17, 16], [16, 16], [19, 1], [1, 14], [0, 1], [0, 0], [13, 4], [2, 13], [3, 11], [16, 2], [3, 18], [18, 18], [13, 17], [14, 17], [17, 17], [3, 6], [17, 5], [15, 4], [19, 10], [3, 5], [12, 19], [19, 16], [18, 5], [2, 9], [19, 17], [1, 3], [2, 18], [3, 8], [15, 1], [8, 0], [19, 0], [12, 18], [10, 19], [13, 1], [0, 13], [14, 18], [2, 16], [1, 0], [13, 16], [1, 4], [19, 13], [6, 0], [15, 17], [10, 18], [19, 5], [1, 10], [1, 8], [15, 5], [0, 8], [13, 18], [18, 17], [9, 18], [4, 0], [15, 3], [12, 0], [2, 0], [6, 9], [12, 16], [4, 18], [3, 14], [13, 5], [8, 19], [7, 19], [15, 2], [7, 0], [6, 18], [2, 7], [17, 4], [1, 16], [5, 0], [3, 9], [16, 3], [10, 0], [4, 17], [5, 11], [9, 0], [19, 4], [2, 14], [0, 14], [11, 0], [1, 1], [1, 17], [14, 3], [4, 19], [4, 9], [17, 2], [1, 2], [6, 10], [0, 4], [17, 3], [14, 2], [19, 3], [4, 15], [4, 14], [1, 11], [5, 19], [0, 12], [2, 10], [14, 0], [0, 5], [18, 3], [3, 15], [0, 3], [4, 13], [4, 12], [18, 1], [4, 11], [6, 11], [2, 2], [13, 2], [0, 6], [1, 18]]}