{"meta": {"number_of_robots": 186, "description": {"parameters": {"seed": 5240, "shape": [20, 20], "obstacles": {"n": 5, "mean": 3, "std": 1.5}, "clusters": {"n": 5, "mean": 40, "std": 20.0, "relative_radius": 2, "increase_factor": 1.3, "start_dist": {"generator_name": "uniform", "shape": [20, 20], "min": 1.0, "max": 1.0, "mean": 1.0, "std": 0.0, "dtype": "float64", "parameters": {}}, "target_dist": {"generator_name": "uniform", "shape": [20, 20], "min": 1.0, "max": 1.0, "mean": 1.0, "std": 0.0, "dtype": "float64", "parameters": {}}}, "density": 0.5, "start_dist": {"generator_name": "uniform", "shape": [20, 20], "min": 1.0, "max": 1.0, "mean": 1.0, "std": 0.0, "dtype": "float64", "parameters": {}}, "target_dist": {"generator_name": "uniform", "shape": [20, 20], "min": 1.0, "max": 1.0, "mean": 1.0, "std": 0.0, "dtype": "float64", "parameters": {}}}, "stats": {"date": "2020-11-18", "free_area": 372.0, "number_of_clustered_robots": 186, "number_of_robots": 186}}}, "name": "small_013_20x20_50_186", "obstacles": [[4, 9], [5, 9], [6, 9], [6, 17], [7, 0], [7, 1], [7, 2], [7, 3], [7, 4], [7, 5], [7, 17], [8, 14], [8, 15], [8, 17], [9, 7], [9, 8], [9, 14], [9, 15], [9, 17], [10, 7], [10, 8], [10, 14], [10, 15], [10, 17], [11, 14], [11, 15], [12, 14], [12, 15]], "starts": [[0, 7], [10, 6], [0, 15], [2, 16], [4, 13], [5, 7], [15, 6], [6, 18], [13, 10], [1, 0], [6, 7], [18, 3], [11, 19], [8, 9], [7, 6], [9, 10], [1, 18], [9, 16], [7, 8], [8, 10], [13, 6], [16, 9], [15, 3], [13, 14], [10, 10], [2, 11], [5, 3], [7, 9], [19, 9], [14, 8], [5, 13], [11, 3], [10, 0], [11, 13], [2, 3], [8, 0], [1, 9], [18, 8], [1, 12], [7, 15], [9, 19], [8, 2], [6, 8], [3, 1], [0, 12], [8, 12], [11, 5], [15, 8], [10, 11], [10, 9], [5, 16], [0, 13], [1, 1], [2, 6], [11, 2], [4, 5], [7, 16], [6, 16], [12, 4], [15, 10], [2, 17], [0, 9], [8, 8], [11, 1], [6, 11], [10, 12], [1, 8], [18, 5], [11, 17], [0, 2], [5, 12], [18, 7], [3, 14], [12, 17], [16, 6], [14, 5], [13, 17], [8, 16], [1, 4], [10, 16], [10, 5], [14, 16], [1, 13], [13, 8], [9, 11], [3, 7], [7, 7], [0, 18], [1, 10], [11, 7], [0, 19], [2, 18], [8, 6], [8, 13], [2, 5], [1, 3], [11, 8], [7, 11], [6, 14], [8, 5], [18, 2], [11, 10], [3, 11], [2, 0], [7, 14], [14, 19], [13, 7], [14, 7], [12, 11], [13, 5], [4, 16], [4, 6], [2, 12], [3, 12], [14, 10], [5, 18], [10, 3], [19, 3], [3, 3], [9, 13], [6, 4], [4, 11], [2, 10], [9, 6], [5, 5], [2, 9], [15, 0], [5, 10], [4, 1], [0, 16], [2, 14], [2, 13], [14, 4], [7, 13], [8, 7], [8, 11], [7, 18], [2, 2], [11, 11], [16, 5], [13, 0], [1, 19], [14, 6], [7, 10], [3, 5], [6, 2], [1, 14], [5, 11], [15, 14], [10, 4], [15, 16], [4, 18], [14, 11], [9, 4], [5, 4], [9, 9], [5, 8], [3, 16], [12, 6], [12, 5], [12, 8], [6, 15], [4, 10], [5, 2], [0, 14], [9, 12], [15, 5], [2, 15], [10, 13], [18, 11], [0, 10], [0, 8], [3, 10], [13, 13], [16, 17], [19, 8], [5, 15], [11, 16], [8, 3], [5, 14], [8, 1], [6, 13], [6, 10], [17, 1], [12, 10], [15, 18]], "targets": [[12, 8], [13, 19], [1, 10], [10, 1], [13, 6], [18, 11], [7, 9], [6, 3], [18, 10], [13, 14], [6, 10], [14, 15], [9, 6], [19, 7], [9, 5], [8, 10], [19, 12], [4, 2], [17, 16], [5, 12], [13, 12], [10, 11], [17, 3], [14, 5], [11, 18], [17, 5], [16, 8], [8, 7], [3, 16], [17, 6], [4, 7], [12, 6], [6, 1], [9, 1], [12, 2], [17, 17], [2, 6], [5, 17], [14, 3], [5, 4], [16, 7], [9, 4], [15, 8], [11, 13], [7, 15], [18, 2], [10, 4], [19, 1], [9, 10], [14, 4], [18, 1], [13, 3], [16, 10], [3, 11], [5, 2], [15, 4], [13, 1], [18, 6], [3, 13], [9, 3], [4, 4], [12, 17], [5, 6], [9, 12], [15, 6], [19, 6], [16, 12], [14, 17], [16, 1], [12, 13], [6, 11], [2, 7], [11, 3], [10, 2], [19, 3], [11, 6], [13, 5], [13, 10], [15, 16], [4, 11], [1, 7], [18, 3], [4, 8], [19, 2], [0, 6], [15, 2], [18, 15], [4, 13], [8, 6], [12, 16], [11, 9], [17, 2], [4, 5], [19, 4], [15, 12], [19, 17], [5, 18], [12, 12], [16, 9], [12, 10], [0, 7], [10, 6], [17, 4], [19, 9], [0, 8], [9, 2], [1, 18], [16, 2], [15, 3], [0, 11], [19, 11], [14, 16], [9, 9], [17, 11], [0, 13], [7, 7], [11, 2], [8, 8], [16, 4], [16, 0], [13, 16], [7, 16], [14, 8], [2, 3], [13, 2], [5, 5], [13, 7], [17, 1], [18, 9], [0, 17], [12, 5], [15, 11], [3, 15], [14, 11], [4, 19], [18, 5], [14, 2], [17, 18], [0, 16], [10, 0], [8, 5], [5, 0], [14, 9], [10, 16], [10, 3], [10, 13], [2, 8], [15, 1], [18, 7], [5, 10], [12, 11], [19, 0], [11, 10], [19, 10], [10, 10], [8, 16], [16, 6], [6, 7], [3, 3], [17, 0], [6, 2], [5, 8], [11, 11], [15, 14], [4, 12], [10, 12], [12, 1], [4, 0], [11, 12], [7, 13], [14, 12], [16, 18], [3, 6], [19, 8], [17, 9], [6, 13], [15, 10], [18, 8], [4, 14], [13, 11], [19, 16], [4, 16], [14, 10], [12, 3], [10, 9], [13, 4]]}